anchor_player_id,anchor_player_name,partner_player_id,partner_player_name,CB_pair_fit_z_score,coverage_gain_raw,coverage_gain_z_within_anchor,companion_fit_score,companion_rank_for_anchor,pair_key
370,V. van Dijk,349142,N. Mazraoui,1.845817074358479,0.11804562555618267,1.5938608085393975,1.7576323813218004,1,370__349142
370,V. van Dijk,412968,M. Senesi,1.5595834849772428,0.11804562555618267,1.5938608085393975,1.5715805482239968,2,370__412968
370,V. van Dijk,645877,Y. Mosquera,1.286303137733281,0.11804562555618267,1.5938608085393975,1.3939483225154217,3,370__645877
370,V. van Dijk,534563,C. Richards,1.19104657520608,0.11804562555618267,1.5938608085393975,1.332031556872741,4,370__534563
370,V. van Dijk,583655,C. Okoli,1.1471822139073486,0.11804562555618267,1.5938608085393975,1.3035197220285657,5,370__583655
370,V. van Dijk,590703,I. Zabarnyi,1.0883055761176355,0.11804562555618267,1.5938608085393975,1.2652499074652521,6,370__590703
370,V. van Dijk,240032,J. Bednarek,1.069739925180695,0.11804562555618267,1.5938608085393975,1.2531822343562409,7,370__240032
370,V. van Dijk,501419,J. Todibo,0.9937622090622609,0.11804562555618267,1.5938608085393975,1.2037967188792587,8,370__501419
370,V. van Dijk,488453,L. Martínez,0.9543836276513848,0.11804562555618267,1.5938608085393975,1.1782006409621892,9,370__488453
370,V. van Dijk,447424,C. Bassey,1.0099845656674822,0.11035289172150083,1.4401955471701495,1.1605584091934158,10,370__447424
370,V. van Dijk,364003,S. Bueno,0.903815769397861,0.11804562555618267,1.5938608085393975,1.1453315330973988,11,370__364003
370,V. van Dijk,504375,M. Lacroix,0.8882078106279895,0.11804562555618267,1.5938608085393975,1.1351863598969822,12,370__504375
370,V. van Dijk,568412,J. Gvardiol,1.4915260689615786,0.052756392430604405,0.28968373853491486,1.0708812533122463,13,370__568412
370,V. van Dijk,8136,J. Stephens,0.7826823448029862,0.11804562555618267,1.5938608085393975,1.06659480711073,14,370__8136
370,V. van Dijk,346131,T. Chalobah,0.951220804095279,0.09967977337409786,1.2269959804459727,1.0477421158180218,15,370__346131
370,V. van Dijk,327391,J. Bree,0.7213701967186842,0.11804562555618267,1.5938608085393975,1.0267419108559337,16,370__327391
370,V. van Dijk,402884,K. Walker-Peters,0.6743163243454446,0.11804562555618267,1.5938608085393975,0.9961568938133281,17,370__402884
370,V. van Dijk,520300,N. Wood,0.6474670379037601,0.11804562555618267,1.5938608085393975,0.9787048576262332,18,370__520300
370,V. van Dijk,415847,C. Romero,0.6115932062912445,0.11804562555618267,1.5938608085393975,0.9553868670780981,19,370__415847
370,V. van Dijk,777938,Dean Huijsen,0.8770841991263978,0.08633470272967242,0.9604231582690931,0.9062528348263412,20,370__777938
370,V. van Dijk,563725,Morato,0.8163100555592822,0.08220203569139876,0.8778715746272214,0.837856587233061,21,370__563725
370,V. van Dijk,479155,N. Collins,0.7296752016915093,0.0863890799275445,0.9615093633170135,0.8108171582604358,22,370__479155
370,V. van Dijk,623641,E. Agbadou,1.429712127477611,0.007169146492839075,-0.6209387024169362,0.7119843370145196,23,370__623641
370,V. van Dijk,578325,W. Saliba,0.8741811036423282,0.05618622354621494,0.35819590939107293,0.6935862856543888,24,370__578325
370,V. van Dijk,424806,E. Pinnock,1.0021641422431617,0.04418883089604617,0.11854346372525727,0.6928969047618952,25,370__424806
370,V. van Dijk,619747,L. Colwill,0.7775651698479535,0.051529468190675234,0.2651754638356149,0.5982287727436351,26,370__619747
370,V. van Dijk,15806,J. Vestergaard,0.6356774041001917,0.04693684520260831,0.17343608652217826,0.47389294294788703,27,370__15806
370,V. van Dijk,557788,W. Fofana,0.24932570001004734,0.06528923312557826,0.5400319609587507,0.3510728913420935,28,370__557788
370,V. van Dijk,397074,M. Guéhi,0.8314001077128077,0.008698861903836168,-0.5903820598106793,0.33377634907958725,29,370__397074
370,V. van Dijk,399581,D. O'Shea,0.860313562264579,0.00503918885509537,-0.6634854100169981,0.3269839219660271,30,370__399581
370,V. van Dijk,400549,Pau Torres,0.8979376373667416,0.0,-0.7641451090457315,0.31620867612237596,31,370__400549
370,V. van Dijk,365443,M. de Ligt,0.7467425223967189,0.011221971969379454,-0.5399819841006473,0.29638894512264075,32,370__365443
370,V. van Dijk,283145,T. Adarabioyo,0.8622599114942844,0.0,-0.7641451090457315,0.29301815430527883,33,370__283145
370,V. van Dijk,393247,I. Konaté,0.7052079902383867,0.009666429331136603,-0.571054535317608,0.2585161062937886,34,370__393247
370,V. van Dijk,50102,F. Schär,0.41388475300267186,0.03666553185567316,-0.03173727368774341,0.2579170436610265,35,370__50102
370,V. van Dijk,8582,A. Cresswell,0.8078509213284848,0.0,-0.7641451090457315,0.2576523106975091,36,370__8582
370,V. van Dijk,413002,K. Mavropanos,0.7758393341341356,0.0,-0.7641451090457315,0.23684477902118212,37,370__413002
370,V. van Dijk,653730,A. Khusanov,0.2765038008331917,0.04238519152253696,0.08251508659661826,0.20860775085039102,38,370__653730
370,V. van Dijk,270866,Diego Carlos,0.7251991033022516,0.0,-0.7641451090457315,0.2039286289804575,39,370__270866
370,V. van Dijk,424241,N. Milenković,0.7186457866552682,0.0,-0.7641451090457315,0.19966897315991833,40,370__424241
370,V. van Dijk,8653,H. Maguire,0.6920900308889457,0.0,-0.7641451090457315,0.1824077319118087,41,370__8653
370,V. van Dijk,288080,C. Burgess,0.67984017160925,0.0,-0.7641451090457315,0.1744453233800065,42,370__288080
370,V. van Dijk,620468,J. Greaves,0.6755221685324272,0.0,-0.7641451090457315,0.17163862138007163,43,370__620468
370,V. van Dijk,627012,Murillo,0.6346912905486723,0.0,-0.7641451090457315,0.145098550690631,44,370__627012
370,V. van Dijk,9433,J. Tarkowski,0.6320512617682341,0.0,-0.7641451090457315,0.14338253198334616,45,370__9433
370,V. van Dijk,590874,Toti,0.6143980136525824,0.0011458581073985833,-0.7412561609358095,0.13991905254664527,46,370__590874
370,V. van Dijk,412027,E. Konsa,0.5858178073490792,0.0,-0.7641451090457315,0.11333078661089546,47,370__412027
370,V. van Dijk,62126,M. Doherty,0.58183122448712,0.0,-0.7641451090457315,0.11073950775062197,48,370__62126
370,V. van Dijk,192792,D. Burn,0.5778424283700437,0.0,-0.7641451090457315,0.1081467902745224,49,370__192792
370,V. van Dijk,286380,I. Diop,0.5579443984192282,0.0,-0.7641451090457315,0.09521307080649227,50,370__286380
370,V. van Dijk,590781,J. van Hecke,0.5451247582373907,0.0,-0.7641451090457315,0.08688030468829794,51,370__590781
370,V. van Dijk,7919,M. Keane,0.5406722580414919,0.0,-0.7641451090457315,0.08398617956096371,52,370__7919
370,V. van Dijk,769441,L. Yoro,0.5265738577580158,0.0,-0.7641451090457315,0.07482221937670425,53,370__769441
370,V. van Dijk,482177,J. Kiwior,0.5090180387815734,0.0,-0.7641451090457315,0.06341093704201667,54,370__482177
370,V. van Dijk,496001,M. Kilman,0.5013042635901437,0.0,-0.7641451090457315,0.058396983167587346,55,370__496001
370,V. van Dijk,604320,J. Branthwaite,0.478225021352531,0.0,-0.7641451090457315,0.04339547571313912,56,370__604320
370,V. van Dijk,285382,W. Faes,0.4532487669733237,0.0,-0.7641451090457315,0.02716091036665441,57,370__285382
370,V. van Dijk,545267,R. Drăgușin,0.44812209767283495,0.0,-0.7641451090457315,0.023828575321336698,58,370__545267
370,V. van Dijk,258154,Rúben Dias,0.4392257134398234,0.0,-0.7641451090457315,0.018045925569879218,59,370__258154
370,V. van Dijk,558243,S. van den Berg,0.42834397126119794,0.0,-0.7641451090457315,0.010972793153772642,60,370__558243
370,V. van Dijk,7953,C. Coady,0.4197817763901199,0.0,-0.7641451090457315,0.005407366487571896,61,370__7953
370,V. van Dijk,549884,T. Harwood-Bellis,0.4119667854757305,0.0,-0.7641451090457315,0.00032762239321881825,62,370__549884
370,V. van Dijk,415917,Gabriel Magalhaes,0.4112550914409999,0.0,-0.7641451090457315,-0.00013497872935608335,63,370__415917
370,V. van Dijk,145787,J. Andersen,0.39255631781767547,0.0,-0.7641451090457315,-0.012289181584516973,64,370__145787
370,V. van Dijk,8360,C. Dawson,0.3073572711506267,0.0,-0.7641451090457315,-0.06766856191809867,65,370__8360
370,V. van Dijk,625787,M. van de Ven,0.29683263271735744,0.0,-0.7641451090457315,-0.0745095768997237,66,370__625787
370,V. van Dijk,9097,L. Dunk,0.29151351585096164,0.0,-0.7641451090457315,-0.07796700286288097,67,370__9097
370,V. van Dijk,767087,A. Gray,0.2719932374810669,0.0,-0.7641451090457315,-0.09065518380331253,68,370__767087
370,V. van Dijk,518805,L. Woolfenden,0.22019364514912287,0.0,-0.7641451090457315,-0.12432491881907617,69,370__518805
370,V. van Dijk,366217,K. Danso,0.20325191286689637,0.0,-0.7641451090457315,-0.1353370448025234,70,370__366217
370,V. van Dijk,234399,A. Webster,0.18510199168632835,0.0,-0.7641451090457315,-0.1471344935698926,71,370__234399
370,V. van Dijk,297957,M. Akanji,0.03794189123526903,0.0,-0.7641451090457315,-0.24278855886308118,72,370__297957
370,V. van Dijk,136441,B. Davies,-0.014885256304921435,0.0,-0.7641451090457315,-0.27712620476420496,73,370__136441
7919,M. Keane,349142,N. Mazraoui,1.1062600646324314,0.332483916458557,1.837191136975534,1.3620859399525174,1,7919__349142
7919,M. Keane,645877,Y. Mosquera,0.5710775316943049,0.35230216838424755,2.0207543700024755,1.0784644251021647,2,7919__645877
7919,M. Keane,568412,J. Gvardiol,1.10449192064459,0.2446250081192363,1.023412740906352,1.0761142077362067,3,7919__568412
7919,M. Keane,583655,C. Okoli,0.4632319699683469,0.35230216838424755,2.0207543700024755,1.008364809980292,4,7919__583655
7919,M. Keane,412968,M. Senesi,0.712334930983723,0.2952698102688491,1.492501722792871,0.9853933081169248,5,7919__412968
7919,M. Keane,447424,C. Bassey,0.4226800741019751,0.34350952506734556,1.939313986655092,0.953501943495566,6,7919__447424
7919,M. Keane,623641,E. Agbadou,1.0972273956569571,0.18088672230789304,0.4330475636447491,0.8647644544526844,7,7919__623641
7919,M. Keane,590703,I. Zabarnyi,0.30781959840245166,0.3313791942067066,1.826958832486378,0.8395183303318258,8,7919__590703
7919,M. Keane,534563,C. Richards,0.35716647507421506,0.30062991022287805,1.5421487492106583,0.7719102710219702,9,7919__534563
7919,M. Keane,240032,J. Bednarek,0.22196451062804295,0.32158589579346375,1.7362500492156339,0.7519644491336996,10,7919__240032
7919,M. Keane,578325,W. Saliba,0.23144979361712167,0.24699980441414573,1.0454088931052696,0.5163354784379734,11,7919__578325
7919,M. Keane,501419,J. Todibo,0.12147517440294738,0.26628703625839667,1.2240536417312269,0.5073776379678452,12,7919__501419
7919,M. Keane,424806,E. Pinnock,0.3327324605948888,0.21790640671110012,0.7759361786532575,0.4878537619153178,13,7919__424806
7919,M. Keane,370,V. van Dijk,0.5406722580414919,0.17371757581505395,0.3666445472130439,0.4797625592515351,14,370__7919
7919,M. Keane,488453,L. Martínez,0.028073224792192666,0.26628703625839667,1.2240536417312269,0.4466663707208546,15,7919__488453
7919,M. Keane,346131,T. Chalobah,0.2471759723937274,0.20273049395234718,0.63537183319147,0.3830445236729373,16,7919__346131
7919,M. Keane,15806,J. Vestergaard,0.09562118129860381,0.22065442101766228,0.8013892000604047,0.34263998786523414,17,7919__15806
7919,M. Keane,777938,Dean Huijsen,0.03805267022843031,0.22582179554136783,0.849251139518488,0.3219721344799505,18,7919__777938
7919,M. Keane,504375,M. Lacroix,-0.10295466314620444,0.24357843972152926,1.0137190767331818,0.28788114581158075,19,7919__504375
7919,M. Keane,283145,T. Adarabioyo,0.2418185733704791,0.17371757581505395,0.3666445472130439,0.28550766421537677,20,7919__283145
7919,M. Keane,400549,Pau Torres,0.2407826678051071,0.17371757581505395,0.3666445472130439,0.28483432559788496,21,7919__400549
7919,M. Keane,399581,D. O'Shea,0.1648078756482787,0.17875676467014934,0.41331918842474147,0.2517868351200407,22,7919__399581
7919,M. Keane,397074,M. Guéhi,0.12772349370053399,0.18241643771889013,0.44721629595810514,0.23954597449068388,23,7919__397074
7919,M. Keane,563725,Morato,-0.012916689018878505,0.2105464198118631,0.7077655349796576,0.23932208938060912,24,7919__563725
7919,M. Keane,8653,H. Maguire,0.1193040287753559,0.17371757581505395,0.3666445472130439,0.20587321022854668,25,7919__8653
7919,M. Keane,424241,N. Milenković,0.02804818380015628,0.17371757581505395,0.3666445472130439,0.14655691099466694,26,7919__424241
7919,M. Keane,619747,L. Colwill,-0.08196775384318274,0.19479987374996774,0.5619157942978266,0.14339148800617052,27,7919__619747
7919,M. Keane,8582,A. Cresswell,0.015407085936621406,0.17371757581505395,0.3666445472130439,0.13834019738336928,28,7919__8582
7919,M. Keane,365443,M. de Ligt,-0.062078341341434404,0.1849395477844334,0.47058617957097587,0.12435424097790918,29,7919__365443
7919,M. Keane,364003,S. Bueno,-0.1312652009195365,0.18693631323682325,0.4890808845233358,0.08585592898546879,30,7919__364003
7919,M. Keane,270866,Diego Carlos,0.14870015815596904,0.13057373579916376,-0.03296803154561404,0.08511629176041498,31,7919__270866
7919,M. Keane,415847,C. Romero,-0.3466689077758571,0.2075519478561494,0.6800297409519932,0.012675619278890465,32,7919__415847
7919,M. Keane,393247,I. Konaté,-0.1476588652078868,0.15853616629139874,0.22602928888868745,-0.016868011274085812,33,7919__393247
7919,M. Keane,413002,K. Mavropanos,0.21283085597810633,0.08601513212585091,-0.4456846212886552,-0.017649561065260194,34,7919__413002
7919,M. Keane,286380,I. Diop,-0.29198791131207796,0.17371757581505395,0.3666445472130439,-0.06146655082828534,35,7919__286380
7919,M. Keane,8136,J. Stephens,-0.2635111163889294,0.1666893900644491,0.3015471560035538,-0.06574072105156027,36,7919__8136
7919,M. Keane,288080,C. Burgess,-0.20899021633674586,0.1333768500763767,-0.007004655905900181,-0.1382952701859499,37,7919__288080
7919,M. Keane,402884,K. Walker-Peters,-0.4352419784288285,0.1785845925691936,0.41172447322952754,-0.1388037203484039,38,7919__402884
7919,M. Keane,327391,J. Bree,-0.44273752255192333,0.1785845925691936,0.41172447322952754,-0.14367582402841553,39,7919__327391
7919,M. Keane,479155,N. Collins,-0.2545196512276691,0.12548390260088715,-0.08011175748808043,-0.19347688841881308,40,7919__479155
7919,M. Keane,520300,N. Wood,-0.4620912648705128,0.15089725573073096,0.15527516160351987,-0.24601301560460137,41,7919__520300
7919,M. Keane,620468,J. Greaves,-0.1667977660391154,0.08601513212585091,-0.4456846212886552,-0.26440816537645434,42,7919__620468
7919,M. Keane,627012,Murillo,-0.20050749185990085,0.08601513212585091,-0.4456846212886552,-0.2863194871599649,43,7919__627012
7919,M. Keane,590781,J. van Hecke,-0.24090326244775984,0.08601513212585091,-0.4456846212886552,-0.3125767380420732,44,7919__590781
7919,M. Keane,590874,Toti,-0.2563450743316016,0.0871609902332495,-0.43507130283994,-0.31889925430952004,45,7919__590874
7919,M. Keane,9433,J. Tarkowski,-0.31807292347623595,0.08770244368920305,-0.4300561810582049,-0.3572670636299251,46,7919__9433
7919,M. Keane,7953,C. Coady,-0.4083130801508437,0.08601513212585091,-0.4456846212886552,-0.42139311954907777,47,7919__7953
7919,M. Keane,604320,J. Branthwaite,-0.454318105269834,0.08770244368920305,-0.4300561810582049,-0.4458264317957638,48,7919__604320
7919,M. Keane,412027,E. Konsa,-0.44611774790645514,0.0759912559168136,-0.5385290927027816,-0.4784617185851694,49,7919__412027
7919,M. Keane,496001,M. Kilman,-0.4531526400010346,0.07320248421443018,-0.5643596226497719,-0.4920750839280927,50,7919__496001
7919,M. Keane,62126,M. Doherty,-0.4101599336337955,0.00573003325487054,-1.1893118780166123,-0.6828631141677814,51,7919__62126
7919,M. Keane,285382,W. Faes,-0.5877692974581346,0.03462189154768779,-0.9217058885342178,-0.7046471043347637,52,7919__285382
7919,M. Keane,258154,Rúben Dias,-0.6078559417402206,0.03415279747036026,-0.9260507937130852,-0.7192241399307232,53,7919__258154
7919,M. Keane,192792,D. Burn,-0.49053345585927766,0.0,-1.242385349559904,-0.7536816186544968,54,7919__192792
7919,M. Keane,50102,F. Schär,-0.6956735497716009,0.03666553185567316,-0.9027770130973446,-0.7681597619356111,55,7919__50102
7919,M. Keane,557788,W. Fofana,-0.8602326027642255,0.06638914260779843,-0.6274670560258223,-0.7787646614057845,56,7919__557788
7919,M. Keane,653730,A. Khusanov,-0.7696896603587241,0.04238519152253696,-0.8497996251723127,-0.7977281480434801,57,7919__653730
7919,M. Keane,482177,J. Kiwior,-0.5982030362294157,0.0,-1.242385349559904,-0.8236668458950867,58,7919__482177
7919,M. Keane,769441,L. Yoro,-0.6578632341621891,0.0,-1.242385349559904,-0.8624459745513893,59,7919__769441
7919,M. Keane,558243,S. van den Berg,-0.6612211864391186,0.0,-1.242385349559904,-0.8646286435313935,60,7919__558243
7919,M. Keane,415917,Gabriel Magalhaes,-0.6642509297731046,0.0,-1.242385349559904,-0.8665979766984844,61,7919__415917
7919,M. Keane,145787,J. Andersen,-0.6744633500481618,0.0,-1.242385349559904,-0.8732360498772715,62,7919__145787
7919,M. Keane,549884,T. Harwood-Bellis,-0.7006987625420046,0.0,-1.242385349559904,-0.8902890679982693,63,7919__549884
7919,M. Keane,545267,R. Drăgușin,-0.7474288910372154,0.0,-1.242385349559904,-0.9206636515201564,64,7919__545267
7919,M. Keane,8360,C. Dawson,-0.8430482406745097,0.0,-1.242385349559904,-0.9828162287843976,65,7919__8360
7919,M. Keane,625787,M. van de Ven,-0.8588128176395924,0.0,-1.242385349559904,-0.9930632038117013,66,7919__625787
7919,M. Keane,9097,L. Dunk,-0.8649847692032477,0.0,-1.242385349559904,-0.9970749723280774,67,7919__9097
7919,M. Keane,767087,A. Gray,-0.939054464069477,0.0,-1.242385349559904,-1.0452202739911265,68,7919__767087
7919,M. Keane,366217,K. Danso,-0.953246372187313,0.0,-1.242385349559904,-1.0544450142677197,69,7919__366217
7919,M. Keane,234399,A. Webster,-0.971396293367881,0.0,-1.242385349559904,-1.066242463035089,70,7919__234399
7919,M. Keane,518805,L. Woolfenden,-0.9908540564014211,0.0,-1.242385349559904,-1.07889000900689,71,7919__518805
7919,M. Keane,297957,M. Akanji,-1.1185563938189405,0.0,-1.242385349559904,-1.1618965283282776,72,7919__297957
7919,M. Keane,136441,B. Davies,-1.170530706661871,0.0,-1.242385349559904,-1.1956798316761825,73,7919__136441
7953,C. Coady,349142,N. Mazraoui,0.9640380950041367,0.4187540648616347,2.029597191100447,1.3369837786378453,1,7953__349142
7953,C. Coady,568412,J. Gvardiol,1.0381508554895529,0.29997137055886447,1.062840805705146,1.0467923380650106,2,7953__568412
7953,C. Coady,645877,Y. Mosquera,0.5198447016609106,0.4064105935327489,1.9291353368279103,1.0130964239693605,3,7953__645877
7953,C. Coady,534563,C. Richards,0.3255990943111701,0.4470340295465712,2.2597640230484433,1.0025568193692156,4,7953__534563
7953,C. Coady,501419,J. Todibo,0.28651891441603416,0.4373176279167301,2.1806835359972663,0.9494765319694654,5,7953__501419
7953,C. Coady,590703,I. Zabarnyi,0.3244992126648321,0.38730542255784245,1.773640917859936,0.8316988094831184,6,7953__590703
7953,C. Coady,412968,M. Senesi,0.43113613948370566,0.34997602277352413,1.4698219498166925,0.794676173100251,7,7953__412968
7953,C. Coady,240032,J. Bednarek,0.197507471867647,0.3794578576092907,1.7097706413996399,0.7267995812038445,8,7953__240032
7953,C. Coady,327391,J. Bree,-0.18067515919371496,0.45569065409720333,2.3302191268783132,0.6981378409314948,9,7953__327391
7953,C. Coady,583655,C. Okoli,0.308917038474487,0.3435471033394301,1.4174978385428723,0.6969203184984218,10,7953__583655
7953,C. Coady,488453,L. Martínez,0.14912413927200205,0.3450495373298227,1.4297259468744163,0.597334771932847,11,7953__488453
7953,C. Coady,364003,S. Bueno,-0.08886107671717082,0.3638883950853833,1.5830528783407052,0.4963088075530857,12,7953__364003
7953,C. Coady,424806,E. Pinnock,0.26639139543985146,0.2732527691507283,0.8453816996310966,0.46903800190678724,13,7953__424806
7953,C. Coady,623641,E. Agbadou,0.8591709137845849,0.1066172741547542,-0.5108421995359025,0.37966632412241436,14,7953__623641
7953,C. Coady,504375,M. Lacroix,-0.0735858712907795,0.31511161569761814,1.1860652261500266,0.36729201281350266,15,7953__504375
7953,C. Coady,283145,T. Adarabioyo,0.1754775082154418,0.22906393825468213,0.4857347436274263,0.28406754060963635,16,7953__283145
7953,C. Coady,400549,Pau Torres,0.1415015699326566,0.22906393825468213,0.4857347436274263,0.261983180725826,17,7953__400549
7953,C. Coady,370,V. van Dijk,0.4197817763901199,0.15871100743855537,-0.08685830535999826,0.24245774777757856,18,370__7953
7953,C. Coady,447424,C. Bassey,0.12420712974767775,0.2250884618749561,0.45337887564810647,0.2394172408128278,19,7953__447424
7953,C. Coady,346131,T. Chalobah,0.11366248527212945,0.2200545710148053,0.41240871445586,0.21822366548643515,20,7953__346131
7953,C. Coady,777938,Dean Huijsen,0.07865716955494996,0.22476385537931595,0.4507369470048564,0.2088850916624172,21,7953__777938
7953,C. Coady,8582,A. Cresswell,0.027780567375361293,0.22906393825468213,0.4857347436274263,0.18806452906358403,22,7953__8582
7953,C. Coady,399581,D. O'Shea,0.1588331076069603,0.19315552284570364,0.19348097644505177,0.17095986170029231,23,7953__399581
7953,C. Coady,402884,K. Walker-Peters,-0.5124023497236924,0.31930593719971956,1.220202245169158,0.09400925848880526,24,7953__402884
7953,C. Coady,288080,C. Burgess,-0.13226390121350515,0.22906393825468213,0.4857347436274263,0.08403562448082084,25,7953__288080
7953,C. Coady,397074,M. Guéhi,0.037754758568694854,0.17305547490170997,0.029889387529945077,0.03500187870513243,26,7953__397074
7953,C. Coady,563725,Morato,-0.1037497379128366,0.1819477503843861,0.10226242262594001,-0.0316454817242648,27,7953__563725
7953,C. Coady,424241,N. Milenković,-0.05339587357709609,0.16229587015530061,-0.05768158948802818,-0.05489587414592232,28,7953__424241
7953,C. Coady,412027,E. Konsa,-0.3632939172837334,0.22906393825468213,0.4857347436274263,-0.06613388596482753,29,7953__412027
7953,C. Coady,8136,J. Stephens,-0.20898187806269458,0.19178550071673742,0.18233055045846028,-0.07202252808029037,30,7953__8136
7953,C. Coady,619747,L. Colwill,-0.07780847919817413,0.15097759585259035,-0.14979950294358704,-0.10300533750906865,31,7953__619747
7953,C. Coady,520300,N. Wood,-0.41490073793947474,0.19686906083811578,0.22370496309264845,-0.19138874257823163,32,7953__520300
7953,C. Coady,769441,L. Yoro,-0.39580087080398074,0.18997215705279558,0.16757199007790996,-0.19862036949531897,33,7953__769441
7953,C. Coady,7919,M. Keane,-0.4083130801508437,0.18997215705279558,0.16757199007790996,-0.20675330557077992,34,7919__7953
7953,C. Coady,578325,W. Saliba,-0.07748468820949841,0.11237400980097836,-0.4639889017749157,-0.21276116295739445,35,7953__578325
7953,C. Coady,270866,Diego Carlos,-0.024586473551092627,0.09944812766191513,-0.5691909193596862,-0.2151980295841004,36,7953__270866
7953,C. Coady,365443,M. de Ligt,-0.08382965648819934,0.11067009963129458,-0.4778567976527698,-0.221739155895799,37,7953__365443
7953,C. Coady,620468,J. Greaves,-0.23433994644818318,0.13361416408718857,-0.29111814056255453,-0.2542123143882131,38,7953__620468
7953,C. Coady,545267,R. Drăgușin,-0.48536652767900695,0.18997215705279558,0.16757199007790996,-0.25683804646408603,39,7953__545267
7953,C. Coady,479155,N. Collins,-0.23286422388363773,0.13206465812789234,-0.30372936132287337,-0.2576670219873702,40,7953__479155
7953,C. Coady,8653,H. Maguire,-0.12235178940098353,0.09882368051730103,-0.5742732107485208,-0.28052428687262154,41,7953__8653
7953,C. Coady,393247,I. Konaté,-0.18151925851303108,0.10911455699305173,-0.49051715013174924,-0.2896685205795824,42,7953__393247
7953,C. Coady,62126,M. Doherty,-0.2875381442793482,0.13178397877350195,-0.30601377286698167,-0.2940046142850199,43,7953__62126
7953,C. Coady,9433,J. Tarkowski,-0.224796281337712,0.09944812766191513,-0.5691909193596862,-0.345334404645403,44,7953__9433
7953,C. Coady,413002,K. Mavropanos,0.014151962421890638,0.0288217077888927,-1.1440098590262335,-0.39120467508495277,45,7953__413002
7953,C. Coady,767087,A. Gray,-0.759657417960222,0.18997215705279558,0.16757199007790996,-0.43512712514687585,46,7953__767087
7953,C. Coady,558243,S. van den Berg,-0.4760959643458441,0.12445599023027762,-0.36565528679162845,-0.4374417272018686,47,7953__558243
7953,C. Coady,286380,I. Diop,-0.3745633768470917,0.09944812766191513,-0.5691909193596862,-0.4426830167264998,48,7953__286380
7953,C. Coady,15806,J. Vestergaard,-0.3219054110674697,0.0860286264044949,-0.6784104366099252,-0.4466821700073291,49,7953__15806
7953,C. Coady,518805,L. Woolfenden,-0.7974381444346486,0.18997215705279558,0.16757199007790996,-0.4596845973552531,50,7953__518805
7953,C. Coady,415847,C. Romero,-0.587088260335856,0.13045981311842048,-0.3167909791754036,-0.4924842119296977,51,7953__415847
7953,C. Coady,604320,J. Branthwaite,-0.37637132730033807,0.07511306776248455,-0.7672507014251194,-0.5131791082440116,52,7953__604320
7953,C. Coady,627012,Murillo,-0.3176081751911459,0.060356346460028534,-0.8873536729092029,-0.5170190993924658,53,7953__627012
7953,C. Coady,496001,M. Kilman,-0.5032318192934335,0.08472191991286057,-0.6890455451334361,-0.5682666233374345,54,7953__496001
7953,C. Coady,192792,D. Burn,-0.38035329679732555,0.04720153055406991,-0.9944189516556925,-0.5952762759977539,55,7953__192792
7953,C. Coady,482177,J. Kiwior,-0.4717215573222594,0.060356346460028534,-0.8873536729092029,-0.6171927977776897,56,7953__482177
7953,C. Coady,549884,T. Harwood-Bellis,-0.5418315197487528,0.06327032520287544,-0.8636371915388378,-0.6544635048752825,57,7953__549884
7953,C. Coady,625787,M. van de Ven,-0.6911911389402042,0.08077854568193175,-0.7211401380379919,-0.7016732886244299,58,7953__625787
7953,C. Coady,258154,Rúben Dias,-0.6578632059029114,0.060356346460028534,-0.8873536729092029,-0.7381848693551134,59,7953__258154
7953,C. Coady,415917,Gabriel Magalhaes,-0.7130179672254514,0.060356346460028534,-0.8873536729092029,-0.7740354642147644,60,7953__415917
7953,C. Coady,590874,Toti,-0.4607941157297118,0.0011458581073985833,-1.3692598801498994,-0.7787571332767774,61,7953__590874
7953,C. Coady,50102,F. Schär,-0.6318468060215179,0.03666553185567316,-1.0801700290999265,-0.7887599340989608,62,7953__50102
7953,C. Coady,8360,C. Dawson,-0.7466703734400344,0.060356346460028534,-0.8873536729092029,-0.7959095282542433,63,7953__8360
7953,C. Coady,9097,L. Dunk,-0.8217400367402704,0.060356346460028534,-0.8873536729092029,-0.8447048093993967,64,7953__9097
7953,C. Coady,590781,J. van Hecke,-0.5575066025905868,0.0,-1.378585865290975,-0.8448843445357227,65,7953__590781
7953,C. Coady,285382,W. Faes,-0.622792342535904,0.0,-1.378585865290975,-0.8873200755001789,66,7953__285382
7953,C. Coady,557788,W. Fofana,-0.9446563608749213,0.071342336683293,-0.7979401749196765,-0.8933056957905856,67,7953__557788
7953,C. Coady,653730,A. Khusanov,-0.8217650093325161,0.04238519152253696,-1.0336184877522108,-0.8959137267794092,68,7953__653730
7953,C. Coady,366217,K. Danso,-0.9716853254027902,0.060356346460028534,-0.8873536729092029,-0.9421692470300347,69,7953__366217
7953,C. Coady,234399,A. Webster,-0.9830407978312469,0.060356346460028534,-0.8873536729092029,-0.9495503041085314,70,7953__234399
7953,C. Coady,145787,J. Andersen,-0.7331698227289094,0.0,-1.378585865290975,-0.9590654376256325,71,7953__145787
7953,C. Coady,136441,B. Davies,-1.1540863183249526,0.060356346460028534,-0.8873536729092029,-1.0607298924294402,72,7953__136441
7953,C. Coady,297957,M. Akanji,-1.2258482639997537,0.0,-1.378585865290975,-1.2793064244516812,73,7953__297957
8136,J. Stephens,568412,J. Gvardiol,1.2750970947184994,0.16908894468279134,1.3388559546485554,1.297412695694019,1,8136__568412
8136,J. Stephens,623641,E. Agbadou,1.238276292071259,0.16908894468279134,1.3388559546485554,1.273479173973313,2,8136__623641
8136,J. Stephens,349142,N. Mazraoui,1.0937558852172544,0.16908894468279134,1.3388559546485554,1.1795409095182097,3,8136__349142
8136,J. Stephens,370,V. van Dijk,0.7826823448029862,0.16908894468279134,1.3388559546485554,0.9773431082489354,4,370__8136
8136,J. Stephens,400549,Pau Torres,0.5824770012387203,0.16908894468279134,1.3388559546485554,0.8472096349321625,5,8136__400549
8136,J. Stephens,645877,Y. Mosquera,0.5585733522791279,0.16908894468279134,1.3388559546485554,0.8316722631084275,6,8136__645877
8136,J. Stephens,283145,T. Adarabioyo,0.5220656137965489,0.16908894468279134,1.3388559546485554,0.8079422330947512,7,8136__283145
8136,J. Stephens,424806,E. Pinnock,0.503500545749629,0.16908894468279134,1.3388559546485554,0.7958749388642532,8,8136__424806
8136,J. Stephens,270866,Diego Carlos,0.3843121280014563,0.16908894468279134,1.3388559546485554,0.718402467327941,9,8136__270866
8136,J. Stephens,399581,D. O'Shea,0.3583476251415788,0.16908894468279134,1.3388559546485554,0.7015255404690206,10,8136__399581
8136,J. Stephens,8582,A. Cresswell,0.35829863452342225,0.16908894468279134,1.3388559546485554,0.7014936965672188,11,8136__8582
8136,J. Stephens,534563,C. Richards,0.3531288196777398,0.16908894468279134,1.3388559546485554,0.6981333169175252,12,8136__534563
8136,J. Stephens,397074,M. Guéhi,0.2835126692072667,0.16908894468279134,1.3388559546485554,0.6528828191117177,13,8136__397074
8136,J. Stephens,346131,T. Chalobah,0.2960532430743597,0.1650644442146933,1.272259310240418,0.6377253665824801,14,8136__346131
8136,J. Stephens,424241,N. Milenković,0.2595039036863317,0.16908894468279134,1.3388559546485554,0.63727712152311,15,8136__424241
8136,J. Stephens,412968,M. Senesi,0.6146540224924077,0.11959200740989163,0.5197903446467749,0.5814517352464362,16,8136__412968
8136,J. Stephens,620468,J. Greaves,0.11727028846639163,0.1631087741606711,1.2398972657581846,0.5101897305185191,17,8136__620468
8136,J. Stephens,563725,Morato,0.043481191061082725,0.16908894468279134,1.3388559546485554,0.4968623583166981,18,8136__563725
8136,J. Stephens,627012,Murillo,0.022482223692197822,0.1631087741606711,1.2398972657581846,0.44857748841529316,19,8136__627012
8136,J. Stephens,583655,C. Okoli,0.3655510614770317,0.11959200740989163,0.5197903446467749,0.4195348105864418,20,8136__583655
8136,J. Stephens,365443,M. de Ligt,0.05789643684052376,0.15249653032942886,1.0642879362515867,0.4101334616343958,21,8136__365443
8136,J. Stephens,447424,C. Bassey,0.335882032436531,0.11959200740989163,0.5197903446467749,0.4002499417101163,22,8136__447424
8136,J. Stephens,413002,K. Mavropanos,0.3816253682549075,0.11361183688777139,0.420831655756404,0.3953475688804313,23,8136__413002
8136,J. Stephens,8653,H. Maguire,0.31317919741630507,0.11959200740989163,0.5197903446467749,0.3854930989469695,24,8136__8653
8136,J. Stephens,286380,I. Diop,-0.038426137336062,0.1541090184398377,1.0909710732402615,0.3568628863656512,25,8136__286380
8136,J. Stephens,240032,J. Bednarek,0.22723542101580763,0.12232040174772803,0.5649392790207188,0.34543177131752656,26,8136__240032
8136,J. Stephens,578325,W. Saliba,0.20981781775351124,0.11959200740989163,0.5197903446467749,0.3183082021661535,27,8136__578325
8136,J. Stephens,15806,J. Vestergaard,0.09949478036314767,0.11959200740989163,0.5197903446467749,0.2465982278624172,28,8136__15806
8136,J. Stephens,590703,I. Zabarnyi,0.2894528343821158,0.08455794053774215,-0.059946522611703454,0.16716305943427906,29,8136__590703
8136,J. Stephens,288080,C. Burgess,0.13450926920101955,0.1011515141821936,0.21464067950683025,0.1625552628080533,30,8136__288080
8136,J. Stephens,393247,I. Konaté,-0.028145482263849747,0.11664440106607904,0.4710139329926777,0.14656031307593487,31,8136__393247
8136,J. Stephens,619747,L. Colwill,-0.0015566046795757182,0.11104506966510942,0.37835729518393135,0.13141326027265174,32,8136__619747
8136,J. Stephens,590781,J. van Hecke,-0.07260039011855918,0.11361183688777139,0.420831655756404,0.10010082593767794,33,8136__590781
8136,J. Stephens,590874,Toti,-0.11085717895810565,0.11361183688777139,0.420831655756404,0.07523391319197273,34,8136__590874
8136,J. Stephens,7953,C. Coady,-0.20898187806269458,0.11361183688777139,0.420831655756404,0.011452858773989938,35,7953__8136
8136,J. Stephens,415847,C. Romero,-0.3459751100684756,0.10911308336247653,0.34638716477451936,-0.10364831387342738,36,8136__415847
8136,J. Stephens,501419,J. Todibo,0.11291116376704152,0.05547710779501996,-0.5411704391229745,-0.11601739724446405,37,8136__501419
8136,J. Stephens,488453,L. Martínez,-0.0058285584544272295,0.05547710779501996,-0.5411704391229745,-0.19319821668841874,38,8136__488453
8136,J. Stephens,258154,Rúben Dias,-0.30189910850386087,0.08364973474325998,-0.07497533396953217,-0.22247578741684584,39,8136__258154
8136,J. Stephens,412027,E. Konsa,-0.10261826236868966,0.05547710779501996,-0.5411704391229745,-0.25611152423268935,40,8136__412027
8136,J. Stephens,364003,S. Bueno,-0.16516698416615624,0.05547710779501996,-0.5411704391229745,-0.2967681934010426,41,8136__364003
8136,J. Stephens,62126,M. Doherty,-0.1813042565800504,0.05522697052777026,-0.5453096615612126,-0.30870614832345716,42,8136__62126
8136,J. Stephens,9433,J. Tarkowski,-0.1979763933176518,0.05547710779501996,-0.5411704391229745,-0.3180943093495147,43,8136__9433
8136,J. Stephens,777938,Dean Huijsen,0.03992832886476655,0.019529620282414402,-1.1360224119876536,-0.3716544304335805,44,8136__777938
8136,J. Stephens,496001,M. Kilman,-0.26108762844049455,0.05227800643287503,-0.5941085410139253,-0.3776449478411953,45,8136__496001
8136,J. Stephens,7919,M. Keane,-0.2635111163889294,0.04949693727289972,-0.6401291280133452,-0.39532742045747493,46,7919__8136
8136,J. Stephens,327391,J. Bree,-0.32860922402916626,0.04949693727289972,-0.6401291280133452,-0.43764119042362887,47,8136__327391
8136,J. Stephens,769441,L. Yoro,-0.34728945890103574,0.04949693727289972,-0.6401291280133452,-0.44978334309034407,48,8136__769441
8136,J. Stephens,415917,Gabriel Magalhaes,-0.3616203968580821,0.04949693727289972,-0.6401291280133452,-0.4590984527624242,49,8136__415917
8136,J. Stephens,545267,R. Drăgușin,-0.3888801265369753,0.04949693727289972,-0.6401291280133452,-0.4768172770537048,50,8136__545267
8136,J. Stephens,482177,J. Kiwior,-0.4026904555977398,0.04949693727289972,-0.6401291280133452,-0.48579399094320164,51,8136__482177
8136,J. Stephens,558243,S. van den Berg,-0.42411843078890216,0.04949693727289972,-0.6401291280133452,-0.4997221748174572,52,8136__558243
8136,J. Stephens,285382,W. Faes,-0.36612919442575054,0.03462189154768779,-0.8862784671845955,-0.5481814398913463,53,8136__285382
8136,J. Stephens,8360,C. Dawson,-0.5483395308019219,0.04949693727289972,-0.6401291280133452,-0.5804658898259201,54,8136__8360
8136,J. Stephens,767087,A. Gray,-0.5535877407807969,0.04949693727289972,-0.6401291280133452,-0.5838772263121887,55,8136__767087
8136,J. Stephens,9097,L. Dunk,-0.5641832861015871,0.04949693727289972,-0.6401291280133452,-0.5907643307707025,56,8136__9097
8136,J. Stephens,625787,M. van de Ven,-0.5685829665834767,0.04949693727289972,-0.6401291280133452,-0.5936241230839306,57,8136__625787
8136,J. Stephens,518805,L. Woolfenden,-0.6053873331127411,0.04949693727289972,-0.6401291280133452,-0.6175469613279525,58,8136__518805
8136,J. Stephens,504375,M. Lacroix,-0.2220331754689625,0.005980170522120238,-1.3602360491247552,-0.62040418124849,59,8136__504375
8136,J. Stephens,366217,K. Danso,-0.6524448890856525,0.04949693727289972,-0.6401291280133452,-0.6481343727103449,60,8136__366217
8136,J. Stephens,479155,N. Collins,-0.2814069610103196,0.005980170522120238,-1.3602360491247552,-0.6589971418503721,61,8136__479155
8136,J. Stephens,234399,A. Webster,-0.6705948102662204,0.04949693727289972,-0.6401291280133452,-0.659931821477714,62,8136__234399
8136,J. Stephens,604320,J. Branthwaite,-0.3120800061808713,0.005980170522120238,-1.3602360491247552,-0.6789346212112306,63,8136__604320
8136,J. Stephens,192792,D. Burn,-0.3287438125782135,0.0030415897298046394,-1.40886310772289,-0.7067855658788502,64,8136__192792
8136,J. Stephens,136441,B. Davies,-0.888708219363167,0.04949693727289972,-0.6401291280133452,-0.8017055373907294,65,8136__136441
8136,J. Stephens,402884,K. Walker-Peters,-0.4909556491692294,0.0,-1.459194738015126,-0.8298393302652932,66,8136__402884
8136,J. Stephens,520300,N. Wood,-0.4947846427978766,0.0,-1.459194738015126,-0.8323281761239139,67,8136__520300
8136,J. Stephens,549884,T. Harwood-Bellis,-0.5144928971394764,0.0,-1.459194738015126,-0.8451385414459538,68,8136__549884
8136,J. Stephens,145787,J. Andersen,-0.6038541988079513,0.0,-1.459194738015126,-0.9032233875304625,69,8136__145787
8136,J. Stephens,50102,F. Schär,-0.6342680166213435,0.0,-1.459194738015126,-0.9229923691091674,70,8136__50102
8136,J. Stephens,653730,A. Khusanov,-0.7887626639106078,0.0,-1.459194738015126,-1.0234138898471892,71,8136__653730
8136,J. Stephens,557788,W. Fofana,-0.8297217248069446,0.0,-1.459194738015126,-1.050037279429808,72,8136__557788
8136,J. Stephens,297957,M. Akanji,-0.9029316397934182,0.0,-1.459194738015126,-1.097623724171016,73,8136__297957
8360,C. Dawson,349142,N. Mazraoui,0.823291121700031,0.5534963161047735,1.9040515313908237,1.2015572650918085,1,8360__349142
8360,C. Dawson,568412,J. Gvardiol,0.9257263502500598,0.5019430994190761,1.6136001655115375,1.166482185591577,2,8360__568412
8360,C. Dawson,623641,E. Agbadou,0.8142584527245567,0.4334284871286676,1.2275881181205184,0.9589238356131433,3,8360__623641
8360,C. Dawson,447424,C. Bassey,0.1397111311695746,0.6024989273458379,2.1801327593264515,0.8538587010244815,4,8360__447424
8360,C. Dawson,412968,M. Senesi,0.42936598805132253,0.41460544888824774,1.1215389223882806,0.6716265150692579,5,8360__412968
8360,C. Dawson,583655,C. Okoli,0.18995636401621335,0.49250308801512005,1.560415041818649,0.6696169012470659,6,8360__583655
8360,C. Dawson,645877,Y. Mosquera,0.2881085887619046,0.44514251670507493,1.2935850841519667,0.6400253621484263,7,8360__645877
8360,C. Dawson,370,V. van Dijk,0.3073572711506267,0.4310356671148938,1.2141069449564639,0.6247196569826696,8,370__8360
8360,C. Dawson,424806,E. Pinnock,0.15396689020035847,0.4316802325002246,1.2177384331274006,0.5262869302248232,9,8360__424806
8360,C. Dawson,534563,C. Richards,0.10220218851136706,0.4366232046997566,1.2455871905698381,0.5023869392318319,10,8360__534563
8360,C. Dawson,346131,T. Chalobah,0.0012379800326364106,0.46790649613363733,1.4218375840528754,0.49844784143972004,11,8360__346131
8360,C. Dawson,240032,J. Bednarek,0.02099166411888463,0.44705757548225883,1.3043745454762392,0.4701756725939587,12,8360__240032
8360,C. Dawson,283145,T. Adarabioyo,0.06305300297594872,0.4310356671148938,1.2141069449564639,0.465921882669129,13,8360__283145
8360,C. Dawson,590703,I. Zabarnyi,0.07486827428822895,0.3923319011184758,0.9960495196193042,0.3972817101541053,14,8360__590703
8360,C. Dawson,400549,Pau Torres,0.03825615832723812,0.403357397002469,1.0581672795745372,0.3952250507637927,15,8360__400549
8360,C. Dawson,15806,J. Vestergaard,-0.1873477616337969,0.46797757154956654,1.4222380236949435,0.3760072632312622,16,8360__15806
8360,C. Dawson,8653,H. Maguire,-0.1257500814230195,0.4310356671148938,1.2141069449564639,0.34319987780979966,17,8360__8653
8360,C. Dawson,270866,Diego Carlos,-0.1342687847764313,0.39097341150138865,0.9883957748060292,0.25866381107742986,18,8360__270866
8360,C. Dawson,578325,W. Saliba,-0.05151914931527862,0.3619018628071743,0.8246063632172203,0.25512478007109596,19,8360__578325
8360,C. Dawson,413002,K. Mavropanos,-0.04408724381982673,0.35119113430714105,0.764262006019041,0.23883499362377697,20,8360__413002
8360,C. Dawson,397074,M. Guéhi,-0.10121407087889708,0.34800464785394625,0.7463093077746453,0.1954191116498427,21,8360__397074
8360,C. Dawson,424241,N. Milenković,-0.20248721498898453,0.3262506805126866,0.6237472266132729,0.08669483957180554,22,8360__424241
8360,C. Dawson,399581,D. O'Shea,-0.045707159816383916,0.2597768320876379,0.2492328643375127,0.0575218486374799,23,8360__399581
8360,C. Dawson,501419,J. Todibo,-0.2921719271192877,0.33164460568508053,0.654136657855245,0.039036077621798726,24,8360__501419
8360,C. Dawson,488453,L. Martínez,-0.2924557913582416,0.3154015865465885,0.5626233169217145,0.006821896539742994,25,8360__488453
8360,C. Dawson,504375,M. Lacroix,-0.41769949791718397,0.3197896784499767,0.5873458729304559,-0.06593361812051002,26,8360__504375
8360,C. Dawson,563725,Morato,-0.29588563195127887,0.2703284755602942,0.3086809348156162,-0.08428733358286561,27,8360__563725
8360,C. Dawson,8582,A. Cresswell,-0.1871194235412473,0.23041804716109995,0.08382516078998767,-0.09228881902531506,28,8360__8582
8360,C. Dawson,777938,Dean Huijsen,-0.1938361881265826,0.22274021113898268,0.040568151761493094,-0.11179466916575612,29,8360__777938
8360,C. Dawson,590781,J. van Hecke,-0.5238722053801603,0.318736537715651,0.5814124669392665,-0.13702257006836094,30,8360__590781
8360,C. Dawson,620468,J. Greaves,-0.3892615249172685,0.2677259771491134,0.294018431351776,-0.15011354022310291,31,8360__620468
8360,C. Dawson,364003,S. Bueno,-0.480662525895819,0.2583712254862054,0.24131366193809614,-0.2279708601539487,32,8360__364003
8360,C. Dawson,627012,Murillo,-0.48024030521037997,0.23280394152118197,0.0972673147481861,-0.27811263822488186,33,8360__627012
8360,C. Dawson,365443,M. de Ligt,-0.3450472842738347,0.18808592731154106,-0.1546744483775854,-0.27841679171014744,34,8360__365443
8360,C. Dawson,619747,L. Colwill,-0.36493669677558316,0.18694196286851741,-0.16111955610033465,-0.29360069753924617,35,8360__619747
8360,C. Dawson,590874,Toti,-0.5332212440349291,0.2231331091985076,0.04278174356772452,-0.33162019837400036,36,8360__590874
8360,C. Dawson,7953,C. Coady,-0.7466703734400344,0.28891940843265634,0.4134224464591716,-0.34063788647531235,37,7953__8360
8360,C. Dawson,415847,C. Romero,-0.6235450774791848,0.23957289648089702,0.13540367829676864,-0.3579130129576011,38,8360__415847
8360,C. Dawson,393247,I. Konaté,-0.4306278081402871,0.1506782554099484,-0.3654296659311807,-0.40780845836709984,39,8360__393247
8360,C. Dawson,8136,J. Stephens,-0.5483395308019219,0.1761396279738994,-0.22198002469060488,-0.4341137036629609,40,8136__8360
8360,C. Dawson,288080,C. Burgess,-0.4234601880893059,0.13029526567399155,-0.4802676448221201,-0.4433427979457909,41,8360__288080
8360,C. Dawson,286380,I. Diop,-0.5909547770429788,0.17847644345257047,-0.20881438166728267,-0.4572056386614852,42,8360__286380
8360,C. Dawson,327391,J. Bree,-0.817315914844841,0.2389535657316831,0.13191436233154138,-0.4850853178331072,43,8360__327391
8360,C. Dawson,479155,N. Collins,-0.5286826753540522,0.13026022907995236,-0.4804650413620195,-0.5118065034568408,44,8360__479155
8360,C. Dawson,402884,K. Walker-Peters,-0.9140237432596162,0.25001950481857577,0.1942599797179471,-0.5261244402174691,45,8360__402884
8360,C. Dawson,520300,N. Wood,-0.8580479056768969,0.1673258193753495,-0.271637115181287,-0.6528041290034334,46,8360__520300
8360,C. Dawson,9433,J. Tarkowski,-0.6159511645621579,0.07984453280775271,-0.7645076052487884,-0.6679459188024786,47,8360__9433
8360,C. Dawson,412027,E. Konsa,-0.6802716686577757,0.08076758239587882,-0.7593071341456938,-0.7079340815785471,48,8360__412027
8360,C. Dawson,496001,M. Kilman,-0.691764113273051,0.0779788106934954,-0.77501910329441,-0.7209033597805267,49,8360__496001
8360,C. Dawson,604320,J. Branthwaite,-0.7997318970560002,0.08462085928681792,-0.7375977315509405,-0.7779849391292293,50,8360__604320
8360,C. Dawson,62126,M. Doherty,-0.6384856446256055,0.010506359733935752,-1.1551596027690874,-0.8193215299758241,51,8360__62126
8360,C. Dawson,192792,D. Burn,-0.7355587794436492,0.004776326479065211,-1.1874426704883634,-0.8937181413092992,52,8360__192792
8360,C. Dawson,285382,W. Faes,-0.864645467161462,0.03462189154768779,-1.0192924424924925,-0.9187719085273226,53,8360__285382
8360,C. Dawson,7919,M. Keane,-0.8430482406745097,0.004776326479065211,-1.1874426704883634,-0.9635862911093585,54,7919__8360
8360,C. Dawson,769441,L. Yoro,-0.8519336351590892,0.004776326479065211,-1.1874426704883634,-0.9693617975243352,55,8360__769441
8360,C. Dawson,258154,Rúben Dias,-0.9448942049972866,0.03415279747036026,-1.0219353234656883,-0.9718585964612272,56,8360__258154
8360,C. Dawson,482177,J. Kiwior,-0.9153007158894011,0.0,-1.214352544186211,-1.0199688557932847,57,8360__482177
8360,C. Dawson,415917,Gabriel Magalhaes,-1.002608223062295,0.0,-1.214352544186211,-1.0767187354556655,58,8360__415917
8360,C. Dawson,145787,J. Andersen,-1.0280593489836463,0.0,-1.214352544186211,-1.0932619673045438,59,8360__145787
8360,C. Dawson,50102,F. Schär,-1.1515956153185687,0.03666553185567316,-1.0077785514691806,-1.1012596429712829,60,8360__50102
8360,C. Dawson,549884,T. Harwood-Bellis,-1.0862437548026118,0.004776326479065211,-1.1874426704883634,-1.1216633752926248,61,8360__549884
8360,C. Dawson,558243,S. van den Berg,-1.0926914960733205,0.004776326479065211,-1.1874426704883634,-1.1258544071185854,62,8360__558243
8360,C. Dawson,545267,R. Drăgușin,-1.1220072833301333,0.004776326479065211,-1.1874426704883634,-1.1449096688355138,63,8360__545267
8360,C. Dawson,557788,W. Fofana,-1.3390143675950132,0.071342336683293,-0.812409067777857,-1.1547025126590085,64,8360__557788
8360,C. Dawson,653730,A. Khusanov,-1.254564198418585,0.04238519152253696,-0.9755539286540118,-1.1569106040009842,65,8360__653730
8360,C. Dawson,625787,M. van de Ven,-1.3149384666416146,0.004776326479065211,-1.1874426704883634,-1.2703149379879766,66,8360__625787
8360,C. Dawson,767087,A. Gray,-1.3224274789860497,0.004776326479065211,-1.1874426704883634,-1.2751827960118596,67,8360__767087
8360,C. Dawson,9097,L. Dunk,-1.3303899353256765,0.0,-1.214352544186211,-1.2897768484268637,68,8360__9097
8360,C. Dawson,518805,L. Woolfenden,-1.4208207990511292,0.004776326479065211,-1.1874426704883634,-1.339138454054161,69,8360__518805
8360,C. Dawson,234399,A. Webster,-1.4524411463690725,0.0,-1.214352544186211,-1.369110135605071,70,8360__234399
8360,C. Dawson,366217,K. Danso,-1.4592853718482388,0.0,-1.214352544186211,-1.373558882166529,71,8360__366217
8360,C. Dawson,297957,M. Akanji,-1.6376984170934106,0.0,-1.214352544186211,-1.4895273615758908,72,8360__297957
8360,C. Dawson,136441,B. Davies,-1.6809398827661106,0.0,-1.214352544186211,-1.5176343142631459,73,8360__136441
8582,A. Cresswell,349142,N. Mazraoui,1.4910578750073786,0.21940380870658444,1.9125300364544882,1.638573131513867,1,8582__349142
8582,A. Cresswell,412968,M. Senesi,1.1351997746976792,0.21940380870658444,1.9125300364544882,1.4072653663125623,2,8582__412968
8582,A. Cresswell,645877,Y. Mosquera,0.8178292050735733,0.21940380870658444,1.9125300364544882,1.2009744960568933,3,8582__645877
8582,A. Cresswell,534563,C. Richards,0.7666628649265161,0.21940380870658444,1.9125300364544882,1.1677163749613062,4,8582__534563
8582,A. Cresswell,583655,C. Okoli,0.7321537350703691,0.21741062722851837,1.888796555196838,1.1369787221146332,5,8582__583655
8582,A. Cresswell,590703,I. Zabarnyi,0.6635582030614293,0.20104463123082839,1.6939211444285078,1.0241852325399068,6,8582__590703
8582,A. Cresswell,240032,J. Bednarek,0.6152122983010156,0.20142214764560057,1.6984163591658756,0.9943337196037166,7,8582__240032
8582,A. Cresswell,501419,J. Todibo,0.569378498782697,0.205449493745743,1.7463713217408552,0.9813259868180524,8,8582__501419
8582,A. Cresswell,364003,S. Bueno,0.4794320591182969,0.21940380870658444,1.9125300364544882,0.9810163511859638,9,8582__364003
8582,A. Cresswell,447424,C. Bassey,0.73358801390714,0.16900788685531506,1.312448869796438,0.9361893134683943,10,8582__447424
8582,A. Cresswell,504375,M. Lacroix,0.4638241003484255,0.2099628605874525,1.8001134965128913,0.9315253890059885,11,8582__504375
8582,A. Cresswell,568412,J. Gvardiol,1.3232007327950115,0.07090743230418232,0.14433381099340184,0.9105973101644482,12,8582__568412
8582,A. Cresswell,488453,L. Martínez,0.529999917371821,0.19398280108631621,1.6098335612235364,0.9079416927199213,13,8582__488453
8582,A. Cresswell,402884,K. Walker-Peters,0.2499326140658803,0.21940380870658444,1.9125300364544882,0.8318417119018929,14,8582__402884
8582,A. Cresswell,327391,J. Bree,0.2424370699427856,0.21940380870658444,1.9125300364544882,0.8269696082218814,15,8582__327391
8582,A. Cresswell,8136,J. Stephens,0.35829863452342225,0.1713633014948342,1.340495582961394,0.7020675664767123,16,8136__8582
8582,A. Cresswell,346131,T. Chalobah,0.6830926536955733,0.11475969177247408,0.6664973920066781,0.6772843121044599,17,8582__346131
8582,A. Cresswell,623641,E. Agbadou,1.3295685733731606,0.007169146492839075,-0.6146193642919848,0.6491027951903597,18,8582__623641
8582,A. Cresswell,520300,N. Wood,0.22308332762419608,0.1625494928962843,1.2355466039124998,0.5774454743251024,19,8582__520300
8582,A. Cresswell,777938,Dean Huijsen,0.45127436031098184,0.12456990209187062,0.7833108609813714,0.5674871355456181,20,8582__777938
8582,A. Cresswell,415847,C. Romero,0.1872094960116804,0.13045981311842048,0.8534440096665982,0.42039157579090164,21,8582__415847
8582,A. Cresswell,424806,E. Pinnock,0.645020679843659,0.04418883089604617,-0.17381354925896175,0.3584286996577417,22,8582__424806
8582,A. Cresswell,578325,W. Saliba,0.458335600497752,0.07328222859909178,0.17261130803830582,0.35833209813694583,23,8582__578325
8582,A. Cresswell,563725,Morato,0.3919263452797182,0.082499622722471,0.28236591547317574,0.3535801948474283,24,8582__563725
8582,A. Cresswell,479155,N. Collins,0.3052914914119454,0.09089069102244829,0.3822811838121143,0.3322378837520045,25,8582__479155
8582,A. Cresswell,370,V. van Dijk,0.8078509213284848,0.0,-0.6999847992980514,0.28010841910919715,26,370__8582
8582,A. Cresswell,413002,K. Mavropanos,0.7050137945154621,0.0,-0.6999847992980514,0.2132642866807324,27,8582__413002
8582,A. Cresswell,619747,L. Colwill,0.35318145956838964,0.051529468190675234,-0.08640611568180126,0.19932580823082283,28,8582__619747
8582,A. Cresswell,15806,J. Vestergaard,0.34430485519756215,0.04693684520260831,-0.14109202000622753,0.17441594887623577,29,8582__15806
8582,A. Cresswell,283145,T. Adarabioyo,0.5962958769701578,0.0,-0.6999847992980514,0.14259764027628466,30,8582__283145
8582,A. Cresswell,270866,Diego Carlos,0.551583884853006,0.0,-0.6999847992980514,0.11353484540013595,31,8582__270866
8582,A. Cresswell,397074,M. Guéhi,0.4870670514740211,0.008698861903836168,-0.5964045291472873,0.10785199825656319,32,8582__397074
8582,A. Cresswell,8653,H. Maguire,0.45992669478831094,0.0,-0.6999847992980514,0.05395767185808417,33,8582__8653
8582,A. Cresswell,399581,D. O'Shea,0.42074353222833505,0.00503918885509537,-0.6399814852183883,0.04948977612198194,34,8582__399581
8582,A. Cresswell,400549,Pau Torres,0.42723362598899534,0.0,-0.6999847992980514,0.032707177138529026,35,8582__400549
8582,A. Cresswell,365443,M. de Ligt,0.32235881211715495,0.011221971969379454,-0.5663610102251356,0.011306874297353275,36,8582__365443
8582,A. Cresswell,424241,N. Milenković,0.36578805266189507,0.0,-0.6999847992980514,-0.007232445524086167,37,8582__424241
8582,A. Cresswell,393247,I. Konaté,0.28082427995882253,0.009666429331136603,-0.5848833788385714,-0.02217340062026535,38,8582__393247
8582,A. Cresswell,620468,J. Greaves,0.3233067506628392,0.0,-0.6999847992980514,-0.034845291823472485,39,8582__620468
8582,A. Cresswell,557788,W. Fofana,-0.1750580102695165,0.071342336683293,0.1495123634955594,-0.06145837945173994,40,8582__557788
8582,A. Cresswell,627012,Murillo,0.27393355593757884,0.0,-0.6999847992980514,-0.06693786839489171,41,8582__627012
8582,A. Cresswell,590874,Toti,0.24908964597898778,0.0011458581073985833,-0.6863406819835268,-0.07831096880789232,42,8582__590874
8582,A. Cresswell,590781,J. van Hecke,0.23284903707165067,0.0,-0.6999847992980514,-0.09364280565774502,43,8582__590781
8582,A. Cresswell,50102,F. Schär,-0.010498957276891874,0.03666553185567316,-0.26339599758857224,-0.09901292138598,44,8582__50102
8582,A. Cresswell,9433,J. Tarkowski,0.20766755148867008,0.0,-0.6999847992980514,-0.11001077128668241,45,8582__9433
8582,A. Cresswell,192792,D. Burn,0.15345871809047962,0.0,-0.6999847992980514,-0.14524651299550623,46,8582__192792
8582,A. Cresswell,62126,M. Doherty,0.15038082148732085,0.0,-0.6999847992980514,-0.1472471457875594,47,8582__62126
8582,A. Cresswell,653730,A. Khusanov,-0.14787990944637253,0.04238519152253696,-0.1952900890210485,-0.16447347229750914,48,8582__653730
8582,A. Cresswell,288080,C. Burgess,0.12231714553784678,0.0,-0.6999847992980514,-0.16548853515471756,49,8582__288080
8582,A. Cresswell,482177,J. Kiwior,0.08463432850200944,0.0,-0.6999847992980514,-0.18998236622801182,50,8582__482177
8582,A. Cresswell,286380,I. Diop,0.07589525443595738,0.0,-0.6999847992980514,-0.19566276437094565,51,8582__286380
8582,A. Cresswell,604320,J. Branthwaite,0.040340681790494326,0.0,-0.6999847992980514,-0.21877323659049666,52,8582__604320
8582,A. Cresswell,496001,M. Kilman,0.036392413054244566,0.0,-0.6999847992980514,-0.221339611269059,53,8582__496001
8582,A. Cresswell,412027,E. Konsa,0.02829478127767593,0.0,-0.6999847992980514,-0.22660307192382861,54,8582__412027
8582,A. Cresswell,7953,C. Coady,0.027780567375361293,0.0,-0.6999847992980514,-0.22693731096033312,55,7953__8582
8582,A. Cresswell,769441,L. Yoro,0.02731135833251988,0.0,-0.6999847992980514,-0.22724229683818004,56,8582__769441
8582,A. Cresswell,7919,M. Keane,0.015407085936621406,0.0,-0.6999847992980514,-0.23498007389551404,57,7919__8582
8582,A. Cresswell,285382,W. Faes,0.0038671982876957584,0.0,-0.6999847992980514,-0.24248100086731572,58,8582__285382
8582,A. Cresswell,558243,S. van den Berg,-0.0021845910971321093,0.0,-0.6999847992980514,-0.24641466396745385,59,8582__558243
8582,A. Cresswell,549884,T. Harwood-Bellis,-0.015524170047295803,0.0,-0.6999847992980514,-0.2550853902850602,60,8582__549884
8582,A. Cresswell,145787,J. Andersen,-0.03182739246188866,0.0,-0.6999847992980514,-0.2656824848545456,61,8582__145787
8582,A. Cresswell,545267,R. Drăgușin,-0.06225429854250638,0.0,-0.6999847992980514,-0.2854599738069471,62,8582__545267
8582,A. Cresswell,258154,Rúben Dias,-0.06374789613524541,0.0,-0.6999847992980514,-0.2864308122422275,63,8582__258154
8582,A. Cresswell,415917,Gabriel Magalhaes,-0.09171851813406899,0.0,-0.6999847992980514,-0.3046117165414628,64,8582__415917
8582,A. Cresswell,625787,M. van de Ven,-0.17303028819391877,0.0,-0.6999847992980514,-0.35746436708036516,65,8582__625787
8582,A. Cresswell,8360,C. Dawson,-0.1871194235412473,0.0,-0.6999847992980514,-0.3666223050561287,66,8360__8582
8582,A. Cresswell,9097,L. Dunk,-0.21146009372410712,0.0,-0.6999847992980514,-0.3824437406749876,67,8582__9097
8582,A. Cresswell,767087,A. Gray,-0.2750434372595089,0.0,-0.6999847992980514,-0.42377291397299877,68,8582__767087
8582,A. Cresswell,366217,K. Danso,-0.292109441196723,0.0,-0.6999847992980514,-0.4348658165321879,69,8582__366217
8582,A. Cresswell,234399,A. Webster,-0.30085373210466193,0.0,-0.6999847992980514,-0.44054960562234824,70,8582__234399
8582,A. Cresswell,518805,L. Woolfenden,-0.3294198889812206,0.0,-0.6999847992980514,-0.4591176075921114,71,8582__518805
8582,A. Cresswell,297957,M. Akanji,-0.44150671154349747,0.0,-0.6999847992980514,-0.5319740422575914,72,8582__297957
8582,A. Cresswell,136441,B. Davies,-0.4847481772161976,0.0,-0.6999847992980514,-0.5600809949448464,73,8582__136441
8653,H. Maguire,349142,N. Mazraoui,1.4614906560479357,0.24131523330817634,2.112901828289773,1.6894845663325788,1,8653__349142
8653,H. Maguire,645877,Y. Mosquera,0.9875235082328526,0.24131523330817634,2.112901828289773,1.3814059202527749,2,8653__645877
8653,H. Maguire,534563,C. Richards,0.8067201568955369,0.24131523330817634,2.112901828289773,1.2638837418835196,3,8653__534563
8653,H. Maguire,501419,J. Todibo,0.6939977906531954,0.24131523330817634,2.112901828289773,1.1906142038259975,4,8653__501419
8653,H. Maguire,412968,M. Senesi,1.0662308534492428,0.18095888684814782,1.2677973101865108,1.1367791133072866,5,8653__412968
8653,H. Maguire,488453,L. Martínez,0.6005958410424408,0.24131523330817634,2.112901828289773,1.1299029365790072,6,8653__488453
8653,H. Maguire,364003,S. Bueno,0.5194893510873181,0.24131523330817634,2.112901828289773,1.0771837181081774,7,8653__364003
8653,H. Maguire,568412,J. Gvardiol,1.3100954472117365,0.13126377876421086,0.5719705606800887,1.0517517369256597,8,8653__568412
8653,H. Maguire,590703,I. Zabarnyi,0.7268363750453802,0.19444449891545984,1.4566217231257674,0.9822612468735157,9,8653__590703
8653,H. Maguire,327391,J. Bree,0.3366801156314987,0.24131523330817634,2.112901828289773,0.9583577150618947,10,8653__327391
8653,H. Maguire,583655,C. Okoli,0.7515784826929459,0.18095888684814782,1.2677973101865108,0.9322550723156936,11,8653__583655
8653,H. Maguire,240032,J. Bednarek,0.6403669698240602,0.1836872811859842,1.306000059645508,0.8733385512615668,12,8653__240032
8653,H. Maguire,346131,T. Chalobah,0.5668943857847358,0.1751160382325026,1.185986232258769,0.7835765320506475,13,8653__346131
8653,H. Maguire,447424,C. Bassey,0.58274026077521,0.15655715865463685,0.9261263516979784,0.7029253925981789,14,8653__447424
8653,H. Maguire,504375,M. Lacroix,0.3972253141699338,0.18095888684814782,1.2677973101865108,0.7019255127757357,15,8653__504375
8653,H. Maguire,623641,E. Agbadou,1.2486451685044109,0.06752549295286761,-0.32048758953276624,0.699448703191399,16,8653__623641
8653,H. Maguire,8136,J. Stephens,0.31317919741630507,0.17002371340192396,1.1146839256351981,0.5937058522929176,17,8136__8653
8653,H. Maguire,402884,K. Walker-Peters,0.1809636928174444,0.18095888684814782,1.2677973101865108,0.5613554588966176,18,8653__402884
8653,H. Maguire,563725,Morato,0.4319836372487391,0.14285596918249954,0.7342834419559128,0.5377885688962498,19,8653__563725
8653,H. Maguire,424806,E. Pinnock,0.6579112940043141,0.10454517735607471,0.19785893710178212,0.49689296908842795,20,8653__424806
8653,H. Maguire,777938,Dean Huijsen,0.4809943319354981,0.12456990209187062,0.4782434590377257,0.4800315264212778,21,8653__777938
8653,H. Maguire,520300,N. Wood,0.15411440637576002,0.1625494928962843,1.0100305148658884,0.45368504434730494,22,8653__520300
8653,H. Maguire,619747,L. Colwill,0.3932387515374105,0.11188581465070377,0.30064192691639446,0.3608298629200549,23,8653__619747
8653,H. Maguire,370,V. van Dijk,0.6920900308889457,0.060356346460028534,-0.4208693794751855,0.3025542372614998,24,370__8653
8653,H. Maguire,415847,C. Romero,0.11824057476324433,0.13045981311842048,0.5607135009091295,0.27310609891430415,25,8653__415847
8653,H. Maguire,399581,D. O'Shea,0.5611702699875081,0.0653955353151239,-0.3503110783388332,0.24215179807328863,26,8653__399581
8653,H. Maguire,578325,W. Saliba,0.48087007539843996,0.07328222859909178,-0.23988225820489892,0.22860675863727137,27,8653__578325
8653,H. Maguire,400549,Pau Torres,0.5500134108265673,0.060356346460028534,-0.4208693794751855,0.21020443422095386,28,8653__400549
8653,H. Maguire,397074,M. Guéhi,0.44671002662562226,0.0690552083638647,-0.29906864221291857,0.185687492532133,29,8653__397074
8653,H. Maguire,479155,N. Collins,0.2685697599883906,0.09089069102244829,0.006669960801351973,0.1769048302729271,30,8653__479155
8653,H. Maguire,283145,T. Adarabioyo,0.47756983040709894,0.060356346460028534,-0.4208693794751855,0.16311610694829942,31,8653__283145
8653,H. Maguire,8582,A. Cresswell,0.45992669478831094,0.060356346460028534,-0.4208693794751855,0.15164806879608722,32,8582__8653
8653,H. Maguire,365443,M. de Ligt,0.3685251247105263,0.07157831842940798,-0.263740265975391,0.14723223797045523,33,8653__365443
8653,H. Maguire,393247,I. Konaté,0.32088157192784333,0.07002277579116514,-0.285520843972303,0.10864072636279212,34,8653__393247
8653,H. Maguire,270866,Diego Carlos,0.3502762056033521,0.060356346460028534,-0.4208693794751855,0.08037525082586397,35,8653__270866
8653,H. Maguire,424241,N. Milenković,0.3489412888034519,0.060356346460028534,-0.4208693794751855,0.07950755490592881,36,8653__424241
8653,H. Maguire,288080,C. Burgess,0.3137693377526166,0.060356346460028534,-0.4208693794751855,0.056645786722885894,37,8653__288080
8653,H. Maguire,620468,J. Greaves,0.2830153283770305,0.060356346460028534,-0.4208693794751855,0.036655680628754905,38,8653__620468
8653,H. Maguire,9433,J. Tarkowski,0.25444969277401225,0.060356346460028534,-0.4208693794751855,0.018088017486793062,39,8653__9433
8653,H. Maguire,627012,Murillo,0.24652858887032414,0.060356346460028534,-0.4208693794751855,0.012939299949395772,40,8653__627012
8653,H. Maguire,62126,M. Doherty,0.19506372657875443,0.060356346460028534,-0.4208693794751855,-0.020512860540124522,41,8653__62126
8653,H. Maguire,412027,E. Konsa,0.15234679199879073,0.060356346460028534,-0.4208693794751855,-0.048278868017100934,42,8653__412027
8653,H. Maguire,286380,I. Diop,0.13025185958080165,0.060356346460028534,-0.4208693794751855,-0.06264057408879384,43,8653__286380
8653,H. Maguire,15806,J. Vestergaard,0.22787156138230635,0.04693684520260831,-0.6087681143803679,-0.06495232513462962,44,8653__15806
8653,H. Maguire,482177,J. Kiwior,0.12469162047103056,0.060356346460028534,-0.4208693794751855,-0.06625472951014505,45,8653__482177
8653,H. Maguire,769441,L. Yoro,0.12155440402123317,0.060356346460028534,-0.4208693794751855,-0.06829392020251335,46,8653__769441
8653,H. Maguire,7919,M. Keane,0.1193040287753559,0.060356346460028534,-0.4208693794751855,-0.06975666411233358,47,7919__8653
8653,H. Maguire,558243,S. van den Berg,0.04125931047936971,0.060356346460028534,-0.4208693794751855,-0.1204857310047246,48,8653__558243
8653,H. Maguire,545267,R. Drăgușin,0.03198874714620687,0.060356346460028534,-0.4208693794751855,-0.12651159717128044,49,8653__545267
8653,H. Maguire,258154,Rúben Dias,0.006118360866177126,0.060356346460028534,-0.4208693794751855,-0.1433273482532998,50,8653__258154
8653,H. Maguire,415917,Gabriel Magalhaes,-0.021852261132646354,0.060356346460028534,-0.4208693794751855,-0.16150825255253504,51,8653__415917
8653,H. Maguire,413002,K. Mavropanos,0.42508144227245015,0.0,-1.2659738975784482,-0.16678792667536424,52,8653__413002
8653,H. Maguire,625787,M. van de Ven,-0.12331909907487645,0.060356346460028534,-0.4208693794751855,-0.2274616972149846,53,8653__625787
8653,H. Maguire,8360,C. Dawson,-0.1257500814230195,0.060356346460028534,-0.4208693794751855,-0.2290418357412776,54,8360__8653
8653,H. Maguire,9097,L. Dunk,-0.14159383672268472,0.060356346460028534,-0.4208693794751855,-0.23934027668605998,55,8653__9097
8653,H. Maguire,557788,W. Fofana,-0.24402693151795263,0.071342336683293,-0.2670444626593925,-0.2520830674174566,56,8653__557788
8653,H. Maguire,767087,A. Gray,-0.1614777778692215,0.060356346460028534,-0.4208693794751855,-0.25226483843130887,57,8653__767087
8653,H. Maguire,518805,L. Woolfenden,-0.2132773702011655,0.060356346460028534,-0.4208693794751855,-0.2859345734470725,58,8653__518805
8653,H. Maguire,366217,K. Danso,-0.22985543970674996,0.060356346460028534,-0.4208693794751855,-0.2967103186257024,59,8653__366217
8653,H. Maguire,50102,F. Schär,-0.05884129764634981,0.03666553185567316,-0.7525861853117796,-0.3016520083292502,60,8653__50102
8653,H. Maguire,234399,A. Webster,-0.2480053608873179,0.060356346460028534,-0.4208693794751855,-0.3085077673930715,61,8653__234399
8653,H. Maguire,590874,Toti,0.17289001498323336,0.0011458581073985833,-1.2499296881379527,-0.3250968811091817,62,8653__590874
8653,H. Maguire,192792,D. Burn,0.14907597749803686,0.0030415897298046394,-1.2233858124203,-0.3312856489733811,63,8653__192792
8653,H. Maguire,653730,A. Khusanov,-0.2168488306948086,0.04238519152253696,-0.6724999887478315,-0.3763267360133666,64,8653__653730
8653,H. Maguire,604320,J. Branthwaite,0.04435028723510588,0.0,-1.2659738975784482,-0.41426317744963803,65,8653__604320
8653,H. Maguire,590781,J. van Hecke,0.029788465146173143,0.0,-1.2659738975784482,-0.42372836180744433,66,8653__590781
8653,H. Maguire,136441,B. Davies,-0.4350369880971551,0.060356346460028534,-0.4208693794751855,-0.4300783250794657,67,8653__136441
8653,H. Maguire,285382,W. Faes,-0.014482409681206551,0.0,-1.2659738975784482,-0.45250443044524113,68,8653__285382
8653,H. Maguire,549884,T. Harwood-Bellis,-0.024476244923539357,0.0,-1.2659738975784482,-0.4590004233527574,69,8653__549884
8653,H. Maguire,496001,M. Kilman,-0.03257650819419139,0.0,-1.2659738975784482,-0.46426559447868126,70,8653__496001
8653,H. Maguire,145787,J. Andersen,-0.10079631371032466,0.0,-1.2659738975784482,-0.5086084680641679,71,8653__145787
8653,H. Maguire,7953,C. Coady,-0.12235178940098353,0.0,-1.2659738975784482,-0.5226195272630961,72,7953__8653
8653,H. Maguire,297957,M. Akanji,-0.48914035565432734,0.0,-1.2659738975784482,-0.7610320953277696,73,8653__297957
9097,L. Dunk,349142,N. Mazraoui,0.7987637520222102,0.6254432107796485,2.1688945675849025,1.2783095374691524,1,9097__349142
9097,L. Dunk,568412,J. Gvardiol,0.9098825949503946,0.4706208245310858,1.3212837247458005,1.0538729903787867,2,9097__568412
9097,L. Dunk,623641,E. Agbadou,0.7897310830467358,0.3909068674846914,0.8848712914064868,0.8230301559726487,3,9097__623641
9097,L. Dunk,583655,C. Okoli,0.17411260871654816,0.5950897957945935,2.002717800245701,0.8141244257517516,4,9097__583655
9097,L. Dunk,645877,Y. Mosquera,0.26358121908408366,0.5550126946969037,1.7833064717998046,0.795485057534586,5,9097__645877
9097,L. Dunk,412968,M. Senesi,0.4048386183735018,0.48655234356312277,1.4085044981859685,0.7561216763078651,6,9097__412968
9097,L. Dunk,447424,C. Bassey,0.1151837614917535,0.5697344016649218,1.8639038502122431,0.7272357925439248,7,9097__447424
9097,L. Dunk,534563,C. Richards,0.08635843321170188,0.5197694441306175,1.5903591723768389,0.6127586919194998,8,9097__534563
9097,L. Dunk,590703,I. Zabarnyi,0.05902451898856376,0.4820737183928637,1.3839852322884056,0.5227607686435084,9,9097__590703
9097,L. Dunk,370,V. van Dijk,0.29151351585096164,0.3997133922269035,0.9330846411687478,0.5160634097121868,10,370__9097
9097,L. Dunk,424806,E. Pinnock,0.1381231349006931,0.44390222312294964,1.1750065822227982,0.5010323414634299,11,9097__424806
9097,L. Dunk,240032,J. Bednarek,0.005147908819219324,0.45825692023824477,1.253594680594188,0.44210427894045834,12,9097__240032
9097,L. Dunk,400549,Pau Torres,0.013233309393498503,0.3997133922269035,0.9330846411687478,0.33518127551483573,13,9097__400549
9097,L. Dunk,283145,T. Adarabioyo,0.047209247676283664,0.38069248714065435,0.8289503116162094,0.32081862005525763,14,9097__283145
9097,L. Dunk,346131,T. Chalobah,-0.014605775267028762,0.39041899481712644,0.8822003200245513,0.29927635808502423,15,9097__346131
9097,L. Dunk,578325,W. Saliba,-0.07604651899309961,0.4080670892356949,0.9788188811195282,0.2931563710463201,16,9097__578325
9097,L. Dunk,15806,J. Vestergaard,-0.21187513131161773,0.4306745661944606,1.1025887251569428,0.24818721845237846,17,9097__15806
9097,L. Dunk,501419,J. Todibo,-0.2656022649298643,0.43351634196999134,1.1181466817200862,0.21870986639761836,18,9097__501419
9097,L. Dunk,397074,M. Guéhi,-0.11705782617856202,0.3800722570259733,0.8255547188792846,0.21285656459168423,19,9097__397074
9097,L. Dunk,8653,H. Maguire,-0.14159383672268472,0.38295186763409705,0.8413198109550621,0.20242593996452665,20,8653__9097
9097,L. Dunk,424241,N. Milenković,-0.21833097028864973,0.3836152516971931,0.8449516599303398,0.15381795028799658,21,9097__424241
9097,L. Dunk,399581,D. O'Shea,-0.06155091511604914,0.31714140327214446,0.4810252533197629,0.12835074383648507,22,9097__399581
9097,L. Dunk,488453,L. Martínez,-0.3082995466579068,0.3716111689041809,0.7792325415248132,0.0723366842060452,23,9097__488453
9097,L. Dunk,413002,K. Mavropanos,-0.05993099911949171,0.27370363299063016,0.24321516673283408,0.04617015892882232,24,9097__413002
9097,L. Dunk,270866,Diego Carlos,-0.15285473409025072,0.3022865654288918,0.39969901924181184,0.040539079575971165,25,9097__270866
9097,L. Dunk,8582,A. Cresswell,-0.21146009372410712,0.2877826183456065,0.3202938175158802,-0.025346224790111574,26,8582__9097
9097,L. Dunk,777938,Dean Huijsen,-0.20967994342624774,0.28010478232348923,0.27825973433465917,-0.038901056209930326,27,9097__777938
9097,L. Dunk,504375,M. Lacroix,-0.4335432532168491,0.3410136816480672,0.6117195442746888,-0.06770127409481086,28,9097__504375
9097,L. Dunk,563725,Morato,-0.32041300162909997,0.2703284755602942,0.22473708934647502,-0.12961046978764873,29,9097__563725
9097,L. Dunk,620468,J. Greaves,-0.4051052802169337,0.27370363299063016,0.24321516673283408,-0.178193123784515,30,9097__620468
9097,L. Dunk,364003,S. Bueno,-0.5051898955736399,0.30353204862535477,0.4065177041069387,-0.18609223568543742,31,9097__364003
9097,L. Dunk,365443,M. de Ligt,-0.3608910395734999,0.22536849445772286,-0.021406691277074126,-0.24207151766975088,32,9097__365443
9097,L. Dunk,590781,J. van Hecke,-0.5483995750579811,0.257727961755579,0.15575267187939468,-0.3019462886298996,33,9097__590781
9097,L. Dunk,619747,L. Colwill,-0.3870100015204469,0.20027213717207548,-0.158802484395308,-0.3071373705266483,34,9097__619747
9097,L. Dunk,627012,Murillo,-0.4960840605100452,0.23280394152118197,0.019300377674994894,-0.31569950714528117,35,9097__627012
9097,L. Dunk,288080,C. Burgess,-0.4491365705996818,0.18765983685849813,-0.22785142982215462,-0.3716867713275473,36,9097__288080
9097,L. Dunk,590874,Toti,-0.5837813720551522,0.2231331091985076,-0.03364482317481929,-0.3912335799470357,37,9097__590874
9097,L. Dunk,402884,K. Walker-Peters,-0.9055812065930912,0.3219663994934508,0.5074408073809891,-0.4110235017021632,38,9097__402884
9097,L. Dunk,393247,I. Konaté,-0.4551551778181081,0.16700639353892938,-0.34092346626218084,-0.4151740787735335,39,9097__393247
9097,L. Dunk,415847,C. Romero,-0.6838674898778088,0.23957289648089702,0.056358581966800006,-0.4247883647321957,40,9097__415847
9097,L. Dunk,327391,J. Bree,-0.8001897638001598,0.2775926400621399,0.26450643243130606,-0.4275460951191468,41,9097__327391
9097,L. Dunk,286380,I. Diop,-0.6154821467207996,0.21486368499529,-0.0789176922251012,-0.42768458764730516,42,9097__286380
9097,L. Dunk,8136,J. Stephens,-0.5641832861015871,0.18733897272988537,-0.22960807445914955,-0.44708196202673395,43,8136__9097
9097,L. Dunk,7953,C. Coady,-0.8217400367402704,0.257727961755579,0.15575267187939468,-0.4796175887233877,44,7953__9097
9097,L. Dunk,479155,N. Collins,-0.5445264306537173,0.13206465812789234,-0.5322200514631144,-0.5402191979370063,45,9097__479155
9097,L. Dunk,9433,J. Tarkowski,-0.6404785342399788,0.11792134040861874,-0.6096509046042633,-0.6296888638674784,46,9097__9433
9097,L. Dunk,520300,N. Wood,-0.8680512308981241,0.17852516413133546,-0.2778613013719906,-0.6614847555639773,47,9097__520300
9097,L. Dunk,604320,J. Branthwaite,-0.8155756523556654,0.14198543047132448,-0.4779064963540292,-0.6973914477550927,48,9097__604320
9097,L. Dunk,496001,M. Kilman,-0.7076078685727161,0.08917815544948136,-0.7670120964798394,-0.7283993483402091,49,9097__496001
9097,L. Dunk,412027,E. Konsa,-0.7297694476135158,0.09196692715186479,-0.7517443229335252,-0.7374606539755191,50,9097__412027
9097,L. Dunk,62126,M. Doherty,-0.6543293999252706,0.02170570448992172,-1.1364055828612913,-0.8230560639528779,51,9097__62126
9097,L. Dunk,192792,D. Burn,-0.7514025347433142,0.01597567123505118,-1.1677759707899427,-0.8971332373596341,52,9097__192792
9097,L. Dunk,7919,M. Keane,-0.8649847692032477,0.01597567123505118,-1.1677759707899427,-0.9709616897585909,53,7919__9097
9097,L. Dunk,285382,W. Faes,-0.924967879560086,0.03462189154768779,-1.065692939402069,-0.97422165050478,54,9097__285382
9097,L. Dunk,769441,L. Yoro,-0.9035724331795574,0.01597567123505118,-1.1677759707899427,-0.9960436713431922,55,9097__769441
9097,L. Dunk,258154,Rúben Dias,-1.0051182650811499,0.03415279747036026,-1.06826110306295,-1.02721825837478,56,9097__258154
9097,L. Dunk,482177,J. Kiwior,-0.9435836310330112,0.0,-1.2552384656433822,-1.052662823146641,57,9097__482177
9097,L. Dunk,558243,S. van den Berg,-1.0397703023078362,0.01597567123505118,-1.1677759707899427,-1.0845722862765734,58,9097__558243
9097,L. Dunk,545267,R. Drăgușin,-1.0862677100706344,0.01597567123505118,-1.1677759707899427,-1.1147956013223923,59,9097__545267
9097,L. Dunk,145787,J. Andersen,-1.052586718661467,0.0,-1.2552384656433822,-1.1235148301051372,60,9097__145787
9097,L. Dunk,50102,F. Schär,-1.1629617782894839,0.03666553185567316,-1.0545045594404632,-1.1250017516923267,61,9097__50102
9097,L. Dunk,415917,Gabriel Magalhaes,-1.058151501860473,0.0,-1.2552384656433822,-1.1271319391844912,62,9097__415917
9097,L. Dunk,549884,T. Harwood-Bellis,-1.1095931750431134,0.01597567123505118,-1.1677759707899427,-1.1299571535545037,63,9097__549884
9097,L. Dunk,653730,A. Khusanov,-1.2103266190312563,0.04238519152253696,-1.0231909641106518,-1.1448291398090449,64,9097__653730
9097,L. Dunk,557788,W. Fofana,-1.3305718309284877,0.071342336683293,-0.8646583977896718,-1.1675021293299022,65,9097__557788
9097,L. Dunk,625787,M. van de Ven,-1.3107057435466491,0.01597567123505118,-1.1677759707899427,-1.260680323081802,66,9097__625787
9097,L. Dunk,8360,C. Dawson,-1.3303899353256765,0.0,-1.2552384656433822,-1.3040869209368735,67,8360__9097
9097,L. Dunk,767087,A. Gray,-1.3844150541284308,0.01597567123505118,-1.1677759707899427,-1.30859137495996,68,9097__767087
9097,L. Dunk,518805,L. Woolfenden,-1.4169527490410934,0.01597567123505118,-1.1677759707899427,-1.3297408766531906,69,9097__518805
9097,L. Dunk,366217,K. Danso,-1.4938835619781785,0.0,-1.2552384656433822,-1.4103577782609997,70,9097__366217
9097,L. Dunk,234399,A. Webster,-1.5052390344066353,0.0,-1.2552384656433822,-1.4177388353394966,71,9097__234399
9097,L. Dunk,297957,M. Akanji,-1.6507016673452697,0.0,-1.2552384656433822,-1.5122895467496091,72,9097__297957
9097,L. Dunk,136441,B. Davies,-1.7063169881317128,0.0,-1.2552384656433822,-1.548439505260797,73,9097__136441
9433,J. Tarkowski,568412,J. Gvardiol,1.1797709805712786,0.14512191416108508,1.2989132133602055,1.221470762047403,1,9433__568412
9433,J. Tarkowski,349142,N. Mazraoui,1.0968684635858614,0.12412564215388372,0.9057910140456166,1.0299913562467757,2,9433__349142
9433,J. Tarkowski,623641,E. Agbadou,1.0471002207241513,0.1056637458570312,0.5601210173315697,0.8766574995367478,3,9433__623641
9433,J. Tarkowski,370,V. van Dijk,0.6320512617682341,0.14470197213498495,1.2910504588279492,0.8627009807391344,4,370__9433
9433,J. Tarkowski,346131,T. Chalobah,0.3389596144125993,0.1635838104579376,1.6445832100742523,0.7959278728941779,5,9433__346131
9433,J. Tarkowski,534563,C. Richards,0.41350353144178503,0.15546720251287327,1.4926124809255938,0.791191663761118,6,9433__534563
9433,J. Tarkowski,412968,M. Senesi,0.7179321884487683,0.12412564215388372,0.9057910140456166,0.7836827774076651,7,9433__412968
9433,J. Tarkowski,240032,J. Bednarek,0.31604440486997415,0.1635838104579376,1.6445832100742523,0.7810329866914716,8,9433__240032
9433,J. Tarkowski,400549,Pau Torres,0.4318459182039681,0.14470197213498495,1.2910504588279492,0.7325675074223614,9,9433__400549
9433,J. Tarkowski,424806,E. Pinnock,0.40177244605926193,0.14750622547266315,1.3435556959083805,0.7313965835064534,10,9433__424806
9433,J. Tarkowski,283145,T. Adarabioyo,0.37991123158068896,0.14470197213498495,1.2910504588279492,0.69880996111723,11,9433__283145
9433,J. Tarkowski,645877,Y. Mosquera,0.5205901192475917,0.12412564215388372,0.9057910140456166,0.6554104324269003,12,9433__645877
9433,J. Tarkowski,583655,C. Okoli,0.43776191987511676,0.13185090982103534,1.0504345114513893,0.6521973269268122,13,9433__583655
9433,J. Tarkowski,413002,K. Mavropanos,0.40568823416095895,0.13406551161982377,1.0918994500579737,0.6458621597249141,14,9433__413002
9433,J. Tarkowski,8653,H. Maguire,0.25444969277401225,0.14470197213498495,1.2910504588279492,0.6172599608928901,15,8653__9433
9433,J. Tarkowski,399581,D. O'Shea,0.21194937790615723,0.14512191416108508,1.2989132133602055,0.5923867203150741,16,9433__399581
9433,J. Tarkowski,8582,A. Cresswell,0.20766755148867008,0.14470197213498495,1.2910504588279492,0.5868515690574178,17,8582__9433
9433,J. Tarkowski,397074,M. Guéhi,0.15993443997270715,0.14512191416108508,1.2989132133602055,0.5585770106583315,18,9433__397074
9433,J. Tarkowski,447424,C. Bassey,0.3606254941154794,0.12412564215388372,0.9057910140456166,0.5514334260910274,19,9433__447424
9433,J. Tarkowski,424241,N. Milenković,0.10887282065157966,0.14470197213498495,1.2910504588279492,0.5226349940133089,20,9433__424241
9433,J. Tarkowski,590703,I. Zabarnyi,0.3226738301471323,0.12343216457531644,0.892806736133413,0.5222203472423306,21,9433__590703
9433,J. Tarkowski,620468,J. Greaves,0.06270848137908491,0.14470197213498495,1.2910504588279492,0.49262817348618737,22,9433__620468
9433,J. Tarkowski,270866,Diego Carlos,0.2682838425179501,0.10524380383093107,0.5522582627993134,0.36767488961642725,23,9433__270866
9433,J. Tarkowski,578325,W. Saliba,0.16939521363062615,0.10909357697264174,0.6243392152566094,0.3286256141997203,24,9433__578325
9433,J. Tarkowski,563725,Morato,-0.01612883748756372,0.12412564215388372,0.9057910140456166,0.30654311054904937,25,9433__563725
9433,J. Tarkowski,15806,J. Vestergaard,0.033566601312108216,0.1056637458570312,0.5601210173315697,0.21786064691891974,26,9433__15806
9433,J. Tarkowski,627012,Murillo,-0.048381586164037885,0.10524380383093107,0.5522582627993134,0.16184236097313506,27,9433__627012
9433,J. Tarkowski,415847,C. Romero,-0.24928937023254966,0.12412564215388372,0.9057910140456166,0.15498876426480848,28,9433__415847
9433,J. Tarkowski,590781,J. van Hecke,-0.07260906564418163,0.10524380383093107,0.5522582627993134,0.14609449931104163,29,9433__590781
9433,J. Tarkowski,590874,Toti,-0.13946350417443362,0.10638966193832966,0.5737126552328125,0.11014815161810249,30,9433__590874
9433,J. Tarkowski,365443,M. de Ligt,-0.09662589972296065,0.09743936456050903,0.40613240153436353,0.07933950571710281,31,9433__365443
9433,J. Tarkowski,288080,C. Burgess,-0.016121813833732512,0.08513257469122754,0.17570710040209264,0.051018306148806286,32,9433__288080
9433,J. Tarkowski,7953,C. Coady,-0.224796281337712,0.10524380383093107,0.5522582627993134,0.04717280911024688,33,7953__9433
9433,J. Tarkowski,777938,Dean Huijsen,0.05396936773232089,0.07188945638730071,-0.07224947930107456,0.009792771270632484,34,9433__777938
9433,J. Tarkowski,286380,I. Diop,-0.23417651005356163,0.09863191064481776,0.42846095296895403,-0.0022533979956811667,35,9433__286380
9433,J. Tarkowski,501419,J. Todibo,0.11627839413749344,0.058340006627006544,-0.32594163414848953,-0.038498615762600594,36,9433__501419
9433,J. Tarkowski,496001,M. Kilman,-0.25597054510209827,0.08575600421480868,0.18737983855979068,-0.10079791082043714,37,9433__496001
9433,J. Tarkowski,619747,L. Colwill,-0.10417294095389662,0.06780083446034962,-0.14880249992957365,-0.11979328659538357,38,9433__619747
9433,J. Tarkowski,393247,I. Konaté,-0.19285022122488382,0.06158723529715921,-0.26514238006900503,-0.21815247682032626,39,9433__393247
9433,J. Tarkowski,327391,J. Bree,-0.22917271771126865,0.058340006627006544,-0.32594163414848953,-0.26304183846429596,40,9433__327391
9433,J. Tarkowski,504375,M. Lacroix,-0.09613202489208375,0.03455648922438381,-0.7712506235514186,-0.33242353442285094,41,9433__504375
9433,J. Tarkowski,520300,N. Wood,-0.3224161241930752,0.05320140626478414,-0.42215385101740593,-0.35732432858159097,42,9433__520300
9433,J. Tarkowski,8136,J. Stephens,-0.1979763933176518,0.03930403754485588,-0.6823602416561884,-0.3675107402361396,43,8136__9433
9433,J. Tarkowski,412027,E. Konsa,-0.22073809653098286,0.03945816830405389,-0.6794743853947928,-0.38129579763331634,44,9433__412027
9433,J. Tarkowski,488453,L. Martínez,-0.021116381006538898,0.018881838322952656,-1.0647338301771254,-0.38638248821624416,45,9433__488453
9433,J. Tarkowski,62126,M. Doherty,-0.24494578182092677,0.03945816830405389,-0.6794743853947928,-0.39703079307177985,46,9433__62126
9433,J. Tarkowski,7919,M. Keane,-0.31807292347623595,0.03945816830405389,-0.6794743853947928,-0.44456343514773083,47,7919__9433
9433,J. Tarkowski,192792,D. Burn,-0.3292018613590765,0.03945816830405389,-0.6794743853947928,-0.4517972447715772,48,9433__192792
9433,J. Tarkowski,364003,S. Bueno,-0.12327229398662608,0.018881838322952656,-1.0647338301771254,-0.45278383165330083,49,9433__364003
9433,J. Tarkowski,479155,N. Collins,-0.2162671486995079,0.02546259384995784,-0.9415195240831387,-0.47010548008377867,50,9433__479155
9433,J. Tarkowski,769441,L. Yoro,-0.3833890439000933,0.03945816830405389,-0.6794743853947928,-0.4870189134232381,51,9433__769441
9433,J. Tarkowski,604320,J. Branthwaite,-0.38321415861529806,0.03602128656059796,-0.74382459524672,-0.5094278114362958,52,9433__604320
9433,J. Tarkowski,258154,Rúben Dias,-0.374680017909893,0.03415279747036026,-0.7788091172750887,-0.5161252026877114,53,9433__258154
9433,J. Tarkowski,545267,R. Drăgușin,-0.43695362794636056,0.03945816830405389,-0.6794743853947928,-0.5218358930533118,54,9433__545267
9433,J. Tarkowski,285382,W. Faes,-0.40871342683898293,0.03462189154768779,-0.7700260678222527,-0.5351728511831273,55,9433__285382
9433,J. Tarkowski,558243,S. van den Berg,-0.4721919321982874,0.03945816830405389,-0.6794743853947928,-0.5447407908170643,56,9433__558243
9433,J. Tarkowski,549884,T. Harwood-Bellis,-0.499322500706684,0.03945816830405389,-0.6794743853947928,-0.5623756603475221,57,9433__549884
9433,J. Tarkowski,402884,K. Walker-Peters,-0.3527717390390427,0.018881838322952656,-1.0647338301771254,-0.6019584709373716,58,9433__402884
9433,J. Tarkowski,767087,A. Gray,-0.6016612421901821,0.03945816830405389,-0.6794743853947928,-0.6288958423117958,59,9433__767087
9433,J. Tarkowski,518805,L. Woolfenden,-0.6534608345221262,0.03945816830405389,-0.6794743853947928,-0.6625655773275595,60,9433__518805
9433,J. Tarkowski,50102,F. Schär,-0.5795914882231563,0.018461896296852524,-1.072596584709382,-0.7521432719933352,61,9433__50102
9433,J. Tarkowski,625787,M. van de Ven,-0.6166564679928622,0.020422199221903223,-1.0358929929024916,-0.7633892517112325,62,9433__625787
9433,J. Tarkowski,415917,Gabriel Magalhaes,-0.46261152920923776,0.0,-1.4182665814234285,-0.7970907974842045,63,9433__415917
9433,J. Tarkowski,482177,J. Kiwior,-0.4912017041235879,0.0,-1.4182665814234285,-0.8156744111785321,64,9433__482177
9433,J. Tarkowski,653730,A. Khusanov,-0.7505842625512956,0.018500750931641875,-1.0718690927300096,-0.8630339531138456,65,9433__653730
9433,J. Tarkowski,557788,W. Fofana,-0.7696330340506876,0.018461896296852524,-1.072596584709382,-0.8756702767812305,66,9433__557788
9433,J. Tarkowski,145787,J. Andersen,-0.6112029191697297,0.0,-1.4182665814234285,-0.8936752009585243,67,9433__145787
9433,J. Tarkowski,8360,C. Dawson,-0.6159511645621579,0.0,-1.4182665814234285,-0.8967615604636026,68,8360__9433
9433,J. Tarkowski,9097,L. Dunk,-0.6404785342399788,0.0,-1.4182665814234285,-0.9127043507541861,69,9097__9433
9433,J. Tarkowski,366217,K. Danso,-0.7469477157588866,0.0,-1.4182665814234285,-0.9819093187414762,70,9433__366217
9433,J. Tarkowski,234399,A. Webster,-0.7650976369394549,0.0,-1.4182665814234285,-0.9937067675088456,71,9433__234399
9433,J. Tarkowski,297957,M. Akanji,-0.9122577373905142,0.0,-1.4182665814234285,-1.089360832802034,72,9433__297957
9433,J. Tarkowski,136441,B. Davies,-0.9832110460364014,0.0,-1.4182665814234285,-1.1354804834218608,73,9433__136441
15806,J. Vestergaard,568412,J. Gvardiol,1.128183192591209,0.18997215705279558,1.731613550883789,1.339383817993612,1,15806__568412
15806,J. Vestergaard,283145,T. Adarabioyo,0.46235931340643993,0.18997215705279558,1.731613550883789,0.906598296523512,2,15806__283145
15806,J. Vestergaard,424806,E. Pinnock,0.43824857200195333,0.19235646836437365,1.7690352448257047,0.9040239074902663,3,15806__424806
15806,J. Vestergaard,400549,Pau Torres,0.43439157123581884,0.18997215705279558,1.731613550883789,0.8884192641126083,4,15806__400549
15806,J. Vestergaard,8582,A. Cresswell,0.34430485519756215,0.18997215705279558,1.731613550883789,0.8298628986877414,5,8582__15806
15806,J. Vestergaard,288080,C. Burgess,0.23478909486636212,0.18997215705279558,1.731613550883789,0.7586776544724615,6,15806__288080
15806,J. Vestergaard,327391,J. Bree,0.15347518504566882,0.19652157003725157,1.8344063896432992,0.7418011066548394,7,15806__327391
15806,J. Vestergaard,349142,N. Mazraoui,1.2152426850766944,0.06690575944448457,-0.19990983847774527,0.7199393018326405,8,15806__349142
15806,J. Vestergaard,412027,E. Konsa,0.140766730606191,0.18997215705279558,1.731613550883789,0.6975631177033502,9,15806__412027
15806,J. Vestergaard,7919,M. Keane,0.09562118129860381,0.18997215705279558,1.731613550883789,0.6682185106534185,10,7919__15806
15806,J. Vestergaard,370,V. van Dijk,0.6356774041001917,0.11961922623666876,0.6274264289532298,0.632789562798755,11,370__15806
15806,J. Vestergaard,769441,L. Yoro,0.03597779978083698,0.18997215705279558,1.731613550883789,0.6294503126668701,12,15806__769441
15806,J. Vestergaard,545267,R. Drăgușin,-0.008350225017999702,0.18997215705279558,1.731613550883789,0.6006370965476263,13,15806__545267
15806,J. Vestergaard,399581,D. O'Shea,0.33274919012035786,0.1490245527887217,1.0889421400726422,0.5974167226036573,14,15806__399581
15806,J. Vestergaard,623641,E. Agbadou,0.9857261854501153,0.060356346460028534,-0.30270267723725613,0.5347760835095353,15,15806__623641
15806,J. Vestergaard,501419,J. Todibo,0.42108914630927463,0.12000633871168304,0.6335021475436405,0.49543369674130266,16,15806__501419
15806,J. Vestergaard,767087,A. Gray,-0.17305783926182106,0.18997215705279558,1.731613550883789,0.4935771472891424,17,15806__767087
15806,J. Vestergaard,534563,C. Richards,0.6015022638610814,0.09824731980347412,0.2919950036965444,0.4931747228034935,18,15806__534563
15806,J. Vestergaard,240032,J. Bednarek,0.4571620392382302,0.11025267067024273,0.480418622550318,0.46530184339746095,19,15806__240032
15806,J. Vestergaard,518805,L. Woolfenden,-0.22485743159376548,0.18997215705279558,1.731613550883789,0.4599074122733785,20,15806__518805
15806,J. Vestergaard,397074,M. Guéhi,0.29575069740372406,0.12526483179598719,0.7160340375032067,0.44284986643854296,21,15806__397074
15806,J. Vestergaard,620468,J. Greaves,0.20582643447890608,0.13361416408718857,0.8470765553587705,0.43026397678685857,22,15806__620468
15806,J. Vestergaard,346131,T. Chalobah,0.3754521960669267,0.10988862217276504,0.4747048923899692,0.4101906397799916,23,15806__346131
15806,J. Vestergaard,424241,N. Milenković,0.26026075493533746,0.123204088953414,0.6836907408987348,0.40846125002252653,24,15806__424241
15806,J. Vestergaard,645877,Y. Mosquera,0.6349351552574793,0.06690575944448457,-0.19990983847774527,0.34273940745015075,25,15806__645877
15806,J. Vestergaard,62126,M. Doherty,0.11655904531624736,0.12605394551863142,0.7284191535200466,0.33071008318757705,26,15806__62126
15806,J. Vestergaard,590703,I. Zabarnyi,0.4840684933721342,0.07976692436718248,0.0019457561069906996,0.315325535329334,27,15806__590703
15806,J. Vestergaard,558243,S. van den Berg,-0.04358852926992668,0.12445599023027762,0.7033392935859578,0.21783620872963286,28,15806__558243
15806,J. Vestergaard,488453,L. Martínez,0.337717739365121,0.06690575944448457,-0.19990983847774527,0.14954808712011783,29,15806__488453
15806,J. Vestergaard,270866,Diego Carlos,0.3507319243437011,0.060356346460028534,-0.30270267723725613,0.12202981379036607,30,15806__270866
15806,J. Vestergaard,777938,Dean Huijsen,0.2557449652879625,0.06765158507001476,-0.18820412783622836,0.1003627826944957,31,15806__777938
15806,J. Vestergaard,364003,S. Bueno,0.20850309083415314,0.06690575944448457,-0.19990983847774527,0.06555856557498871,32,15806__364003
15806,J. Vestergaard,563725,Morato,0.16750007608337045,0.06690575944448457,-0.19990983847774527,0.03890660598697995,33,15806__563725
15806,J. Vestergaard,8653,H. Maguire,0.22787156138230635,0.05973189931541444,-0.312503356290859,0.03874034019669849,34,8653__15806
15806,J. Vestergaard,412968,M. Senesi,0.6732196896903787,0.006549412984456035,-1.1472008712013717,0.036072493378266124,35,15806__412968
15806,J. Vestergaard,619747,L. Colwill,0.15938504867016157,0.06690575944448457,-0.19990983847774527,0.03363183816839417,36,15806__619747
15806,J. Vestergaard,365443,M. de Ligt,0.16011800472344404,0.060356346460028534,-0.30270267723725613,-0.0018692339628010174,37,15806__365443
15806,J. Vestergaard,413002,K. Mavropanos,0.4095116429933518,0.0288217077888927,-0.7976378776826634,-0.012990689243253473,38,15806__413002
15806,J. Vestergaard,627012,Murillo,0.1181103873904065,0.060356346460028534,-0.30270267723725613,-0.029174185229275423,39,15806__627012
15806,J. Vestergaard,393247,I. Konaté,0.078214402738219,0.060356346460028534,-0.30270267723725613,-0.055106575253197294,40,15806__393247
15806,J. Vestergaard,583655,C. Okoli,0.4442455832741194,0.014274680651607655,-1.02595302875072,-0.07032393093457434,41,15806__583655
15806,J. Vestergaard,9433,J. Tarkowski,0.033566601312108216,0.060356346460028534,-0.30270267723725613,-0.0841276461801693,42,9433__15806
15806,J. Vestergaard,286380,I. Diop,0.019663409846240862,0.060356346460028534,-0.30270267723725613,-0.09316472063298309,43,15806__286380
15806,J. Vestergaard,625787,M. van de Ven,-0.18805306506450126,0.08077854568193175,0.017823122054061613,-0.11599639957300426,44,15806__625787
15806,J. Vestergaard,258154,Rúben Dias,-0.054160289312475296,0.060356346460028534,-0.30270267723725613,-0.1411501250861486,45,15806__258154
15806,J. Vestergaard,482177,J. Kiwior,-0.07073897057951295,0.060356346460028534,-0.30270267723725613,-0.15192626790972308,46,15806__482177
15806,J. Vestergaard,496001,M. Kilman,-0.05688092433156414,0.057817271609185185,-0.34255338024842785,-0.15686628390246643,47,15806__496001
15806,J. Vestergaard,192792,D. Burn,0.008487717174058718,0.04720153055406991,-0.5091671151252819,-0.1726914741307105,48,15806__192792
15806,J. Vestergaard,549884,T. Harwood-Bellis,-0.13170860633783815,0.06327032520287544,-0.25696786897688156,-0.17554934826150334,49,15806__549884
15806,J. Vestergaard,415917,Gabriel Magalhaes,-0.12267944629885705,0.060356346460028534,-0.30270267723725613,-0.18568757712729672,50,15806__415917
15806,J. Vestergaard,504375,M. Lacroix,0.17985979971734095,0.022224063885887196,-0.9011876992504725,-0.1985068249213937,51,15806__504375
15806,J. Vestergaard,8136,J. Stephens,0.09949478036314767,0.02697161220635926,-0.826675071910054,-0.22466466793247286,52,8136__15806
15806,J. Vestergaard,8360,C. Dawson,-0.1873477616337969,0.060356346460028534,-0.30270267723725613,-0.22772198209500763,53,8360__15806
15806,J. Vestergaard,447424,C. Bassey,0.2645070912915414,0.006549412984456035,-1.1472008712013717,-0.22959069558097817,54,15806__447424
15806,J. Vestergaard,9097,L. Dunk,-0.21187513131161773,0.060356346460028534,-0.30270267723725613,-0.24366477238559117,55,9097__15806
15806,J. Vestergaard,520300,N. Wood,-0.08844033036903384,0.04086898092628752,-0.6085562900589956,-0.27048091626052045,56,15806__520300
15806,J. Vestergaard,604320,J. Branthwaite,-0.057855469691014544,0.03602128656059796,-0.6846407065510337,-0.27723030259202125,57,15806__604320
15806,J. Vestergaard,479155,N. Collins,0.044153129390399906,0.013130168511461218,-1.0439161121842417,-0.3366711051607247,58,15806__479155
15806,J. Vestergaard,234399,A. Webster,-0.4250716430995185,0.060356346460028534,-0.30270267723725613,-0.3822425050477267,59,15806__234399
15806,J. Vestergaard,366217,K. Danso,-0.4335486279237131,0.060356346460028534,-0.30270267723725613,-0.38775254518345315,60,15806__366217
15806,J. Vestergaard,578325,W. Saliba,0.03639071709257849,0.0034298311156105393,-1.1961626143075688,-0.39500294889747306,61,15806__578325
15806,J. Vestergaard,590874,Toti,-0.07042279795247505,0.0011458581073985833,-1.2320095016120354,-0.47697814423332113,62,15806__590874
15806,J. Vestergaard,136441,B. Davies,-0.6082372380652143,0.060356346460028534,-0.30270267723725613,-0.501300141775429,63,15806__136441
15806,J. Vestergaard,590781,J. van Hecke,-0.1467244835455943,0.0,-1.2499937099608824,-0.5328687127909452,64,15806__590781
15806,J. Vestergaard,285382,W. Faes,-0.16101016504925278,0.0,-1.2499937099608824,-0.5421544057683232,65,15806__285382
15806,J. Vestergaard,402884,K. Walker-Peters,-0.23670802813033787,0.006549412984456035,-1.1472008712013717,-0.5553805232051997,66,15806__402884
15806,J. Vestergaard,50102,F. Schär,-0.24862427688070476,0.006549412984456035,-1.1472008712013717,-0.5631260848929381,67,15806__50102
15806,J. Vestergaard,415847,C. Romero,-0.35429231500116465,0.006549412984456035,-1.1472008712013717,-0.6318103096712371,68,15806__415847
15806,J. Vestergaard,7953,C. Coady,-0.3219054110674697,0.0,-1.2499937099608824,-0.6467363156801642,69,7953__15806
15806,J. Vestergaard,145787,J. Andersen,-0.4243041574672296,0.0,-1.2499937099608824,-0.7132955008400081,70,15806__145787
15806,J. Vestergaard,557788,W. Fofana,-0.6263831600391725,0.006549412984456035,-1.1472008712013717,-0.8086693589459422,71,15806__557788
15806,J. Vestergaard,653730,A. Khusanov,-0.6273232227520925,0.006549412984456035,-1.1472008712013717,-0.8092803997093403,72,15806__653730
15806,J. Vestergaard,297957,M. Akanji,-0.6918052884897837,0.0,-1.2499937099608824,-0.8871712360046682,73,15806__297957
50102,F. Schär,568412,J. Gvardiol,0.9739577157831533,0.6592919200369755,2.2731625610587876,1.4286794116296253,1,50102__568412
50102,F. Schär,623641,E. Agbadou,0.8625455341172479,0.6380682552436108,2.161473329233855,1.3171702624080601,2,50102__623641
50102,F. Schär,370,V. van Dijk,0.41388475300267186,0.60220552632831,1.9727462322553908,0.9594862707411234,3,370__50102
50102,F. Schär,400549,Pau Torres,0.21367940943840602,0.6429398750715571,2.1871101587646598,0.9043801717025948,4,50102__400549
50102,F. Schär,349142,N. Mazraoui,0.8169067502249711,0.37348240426035667,0.7690940801371259,0.8001723156942252,5,50102__349142
50102,F. Schär,424806,E. Pinnock,0.17979569741893764,0.5463174419576277,1.6786359891705083,0.7043897995319873,6,50102__424806
50102,F. Schär,645877,Y. Mosquera,0.28172421728684466,0.44559720893150156,1.1485972062627974,0.585129763428428,7,50102__645877
50102,F. Schär,283145,T. Adarabioyo,0.15326802199623488,0.48961559234298524,1.3802433181511184,0.5827093756504441,8,50102__283145
50102,F. Schär,447424,C. Bassey,0.04859136082084313,0.4964651694479231,1.416289119506563,0.527285576360845,9,50102__447424
50102,F. Schär,15806,J. Vestergaard,-0.24862427688070476,0.5767164306997787,1.8386102317870385,0.48190780115300536,10,15806__50102
50102,F. Schär,399581,D. O'Shea,0.0061361131180319856,0.47492929403653233,1.3029568837784669,0.46002338284918415,11,50102__399581
50102,F. Schär,8582,A. Cresswell,-0.010498957276891874,0.47180463908240433,1.2865134318608868,0.4434553789213307,12,8582__50102
50102,F. Schär,578325,W. Saliba,-0.12053325184417005,0.4854402832443443,1.358270813854657,0.3970481711504194,13,50102__578325
50102,F. Schär,583655,C. Okoli,0.10080497493445109,0.39927072874418196,0.9048047681683012,0.38220490256629863,14,50102__583655
50102,F. Schär,8653,H. Maguire,-0.05884129764634981,0.4382214248276873,1.109782248116685,0.35017694337071237,15,8653__50102
50102,F. Schär,270866,Diego Carlos,-0.006765790163862542,0.4151445755454884,0.9883406594767086,0.3415214672103373,16,50102__270866
50102,F. Schär,397074,M. Guéhi,-0.06586124917149017,0.4297909001204483,1.0654167326602302,0.33008604446961193,17,50102__397074
50102,F. Schär,346131,T. Chalobah,0.00048622328935291753,0.40093445321240156,0.9135600943399569,0.32006207815706433,18,50102__346131
50102,F. Schär,424241,N. Milenković,-0.10929368811398242,0.43589942754086025,1.0975627706706237,0.3131060724606297,19,50102__424241
50102,F. Schär,413002,K. Mavropanos,-0.037285283354530796,0.3289731901842204,0.5348649789100215,0.16296730843806248,20,50102__413002
50102,F. Schär,590703,I. Zabarnyi,0.03777444647245956,0.29303775272235055,0.3457552542472027,0.14556772919361965,21,50102__590703
50102,F. Schär,534563,C. Richards,0.10145043176808367,0.26387373269706005,0.19228001680517473,0.13324078653106552,22,50102__534563
50102,F. Schär,412968,M. Senesi,0.33458198423778396,0.18093798903509029,-0.24416814568799264,0.13201943876376215,23,50102__412968
50102,F. Schär,240032,J. Bednarek,-0.02444296689384866,0.2367396359056164,0.04948722129102807,0.0014325989708581927,24,50102__240032
50102,F. Schär,288080,C. Burgess,-0.23428832259929452,0.3075436469763112,0.42209231487893173,-0.004555099481915348,25,50102__288080
50102,F. Schär,620468,J. Greaves,-0.2995619413076453,0.3286439649995743,0.5331324360938516,-0.008118909217121384,26,50102__620468
50102,F. Schär,501419,J. Todibo,-0.29292368386257117,0.3003550552751835,0.38426245406935794,-0.055908535586395997,27,50102__501419
50102,F. Schär,365443,M. de Ligt,-0.3090592748960269,0.2790220424664635,0.27199777988065216,-0.10568930572418925,28,50102__365443
50102,F. Schär,563725,Morato,-0.2966719323090386,0.2578344458119822,0.16049835611971125,-0.13666233135897618,29,50102__563725
50102,F. Schär,627012,Murillo,-0.39498853994629335,0.2864574895299226,0.3111267134968829,-0.14784820124118167,30,50102__627012
50102,F. Schär,590781,J. van Hecke,-0.5014740530550196,0.3169324238634349,0.4715006186995975,-0.1609329179409036,31,50102__590781
50102,F. Schär,777938,Dean Huijsen,-0.2456384340016492,0.20541562753259401,-0.115354923876776,-0.2000392054579436,32,50102__777938
50102,F. Schär,286380,I. Diop,-0.4323944762190033,0.26851723300403063,0.2167163706259591,-0.20520567982326648,33,50102__286380
50102,F. Schär,488453,L. Martínez,-0.29320754810152505,0.21863980791433776,-0.045762864129720825,-0.20660190871139356,34,50102__488453
50102,F. Schär,619747,L. Colwill,-0.3520511546430448,0.21874826195555924,-0.04519212629201602,-0.24465049472018474,35,50102__619747
50102,F. Schär,393247,I. Konaté,-0.4019399268322614,0.22065994154767005,-0.03513193983425547,-0.27355713138295934,36,50102__393247
50102,F. Schär,7953,C. Coady,-0.6318468060215179,0.28891940843265634,0.32408252644147756,-0.2972715396594695,37,7953__50102
50102,F. Schär,590874,Toti,-0.5881303445367336,0.221987251091109,-0.028146992383193816,-0.3921361712829947,38,50102__590874
50102,F. Schär,412027,E. Konsa,-0.4714158541690039,0.14168557024633974,-0.4507334370488294,-0.4641770081769428,39,50102__412027
50102,F. Schär,9433,J. Tarkowski,-0.5795914882231563,0.1715748884173594,-0.29344132850893784,-0.47943893232317986,40,9433__50102
50102,F. Schär,504375,M. Lacroix,-0.5068508869989462,0.09338665843853948,-0.7049057682797629,-0.5761700954472321,41,50102__504375
50102,F. Schär,364003,S. Bueno,-0.4870468973708788,0.07835731364178863,-0.7839974798915083,-0.5909796012530991,42,50102__364003
50102,F. Schär,604320,J. Branthwaite,-0.7527124108438865,0.1689578947678732,-0.3072132200859864,-0.5967876940786214,43,50102__604320
50102,F. Schär,62126,M. Doherty,-0.5501018483803647,0.07142434758439668,-0.8204821144142194,-0.6447349414922139,44,50102__62126
50102,F. Schär,496001,M. Kilman,-0.6331081235031494,0.08524325053521566,-0.7477603356702013,-0.6732363977616176,45,50102__496001
50102,F. Schär,479155,N. Collins,-0.603861884799481,0.05752601207086236,-0.8936219058812018,-0.7052778921780833,46,50102__479155
50102,F. Schär,415847,C. Romero,-0.7964273563199298,0.12546512832789486,-0.5360932801942242,-0.7053104296759329,47,50102__415847
50102,F. Schär,258154,Rúben Dias,-0.7360383905085146,0.08780634547910093,-0.734272085258971,-0.7354201836711743,48,50102__258154
50102,F. Schär,7919,M. Keane,-0.6956735497716009,0.06569431432952615,-0.8506363323025405,-0.7499105236574297,49,7919__50102
50102,F. Schär,8136,J. Stephens,-0.6342680166213435,0.0283928112862038,-1.0469349575110658,-0.7787014459327463,50,8136__50102
50102,F. Schär,415917,Gabriel Magalhaes,-0.7993850233052999,0.05365354800874066,-0.9140006925129643,-0.8395005075279824,51,50102__415917
50102,F. Schär,327391,J. Bree,-0.8868432816695598,0.08204635929494447,-0.7645839300084127,-0.8440525085881583,52,50102__327391
50102,F. Schär,192792,D. Burn,-0.7420517618487434,0.015082356050590119,-1.1169810374402318,-0.8732770083057644,53,50102__192792
50102,F. Schär,482177,J. Kiwior,-0.8741730866616861,0.05365354800874066,-0.9140006925129643,-0.8881127487096335,54,50102__482177
50102,F. Schär,769441,L. Yoro,-0.9132887130853626,0.06569431432952615,-0.8506363323025405,-0.891360379811375,55,50102__769441
50102,F. Schär,285382,W. Faes,-0.8611418253319868,0.03462189154768779,-1.0141545119021382,-0.9146962656315398,56,50102__285382
50102,F. Schär,558243,S. van den Berg,-0.9877911590310486,0.06569431432952615,-0.8506363323025405,-0.9397869696760708,57,50102__558243
50102,F. Schär,545267,R. Drăgușin,-0.9897796992087572,0.06569431432952615,-0.8506363323025405,-0.9410795207915814,58,50102__545267
50102,F. Schär,520300,N. Wood,-0.9576123980956199,0.0283928112862038,-1.0469349575110658,-0.9888752938910259,59,50102__520300
50102,F. Schär,8360,C. Dawson,-1.1515956153185687,0.05365354800874066,-0.9140006925129643,-1.068437392336607,60,8360__50102
50102,F. Schär,9097,L. Dunk,-1.1629617782894839,0.05365354800874066,-0.9140006925129643,-1.075825398267702,61,9097__50102
50102,F. Schär,767087,A. Gray,-1.2554906949756388,0.06569431432952615,-0.8506363323025405,-1.1137916680400544,62,50102__767087
50102,F. Schär,145787,J. Andersen,-1.071101099798796,0.0,-1.1963517200156173,-1.1149388168746834,63,50102__145787
50102,F. Schär,518805,L. Woolfenden,-1.261317893202244,0.06569431432952615,-0.8506363323025405,-1.1175793468873478,64,50102__518805
50102,F. Schär,402884,K. Walker-Peters,-1.1258776418200633,0.01635204496541832,-1.1102993177214897,-1.1204252283855625,65,50102__402884
50102,F. Schär,625787,M. van de Ven,-1.2811630725441638,0.06569431432952615,-0.8506363323025405,-1.1304787134595957,66,50102__625787
50102,F. Schär,549884,T. Harwood-Bellis,-1.1694029313960286,0.01204076632078548,-1.1329873598051934,-1.1566574813392363,67,50102__549884
50102,F. Schär,366217,K. Danso,-1.33416044711845,0.05365354800874066,-0.9140006925129643,-1.1871045330065302,68,50102__366217
50102,F. Schär,234399,A. Webster,-1.397668511543689,0.05365354800874066,-0.9140006925129643,-1.2283847748829353,69,50102__234399
50102,F. Schär,653730,A. Khusanov,-1.312078502100928,0.01635204496541832,-1.1102993177214897,-1.2414557875681247,70,50102__653730
50102,F. Schär,136441,B. Davies,-1.6375265126423186,0.05365354800874066,-0.9140006925129643,-1.3842924755970447,71,50102__136441
50102,F. Schär,557788,W. Fofana,-1.5508682661554603,0.0,-1.1963517200156173,-1.4267874750065153,72,50102__557788
50102,F. Schär,297957,M. Akanji,-1.6549728363349103,0.0,-1.1963517200156173,-1.4944554456231578,73,50102__297957
62126,M. Doherty,349142,N. Mazraoui,1.127197928650075,0.11335162795992439,1.632670480349054,1.3041133217447176,1,62126__349142
62126,M. Doherty,412968,M. Senesi,0.7332727950013669,0.11335162795992439,1.632670480349054,1.0480619848730572,2,62126__412968
62126,M. Doherty,568412,J. Gvardiol,1.1749899252595135,0.07414175390938599,0.7251614375955451,1.0175499545771247,3,62126__568412
62126,M. Doherty,645877,Y. Mosquera,0.5920153957119485,0.11335162795992439,1.632670480349054,0.9562446753349354,4,62126__645877
62126,M. Doherty,583655,C. Okoli,0.4841698339859904,0.11335162795992439,1.632670480349054,0.8861450602130625,5,62126__583655
62126,M. Doherty,447424,C. Bassey,0.4436179381196187,0.11335162795992439,1.632670480349054,0.8597863278999209,6,62126__447424
62126,M. Doherty,534563,C. Richards,0.3781043390918586,0.11335162795992439,1.632670480349054,0.8172024885318769,7,62126__534563
62126,M. Doherty,590703,I. Zabarnyi,0.3287574624200954,0.11335162795992439,1.632670480349054,0.7851270186952308,8,62126__590703
62126,M. Doherty,346131,T. Chalobah,0.2710403571385547,0.11335162795992439,1.632670480349054,0.7476109002622293,9,62126__346131
62126,M. Doherty,240032,J. Bednarek,0.27025523912833826,0.11335162795992439,1.632670480349054,0.7471005735555887,10,62126__240032
62126,M. Doherty,623641,E. Agbadou,1.1181652596746008,0.02587524261400545,-0.39196266757920106,0.5896204851357701,11,62126__623641
62126,M. Doherty,501419,J. Todibo,0.19460231605825662,0.09464553183875801,1.1997195516443562,0.5463933485133914,12,62126__501419
62126,M. Doherty,777938,Dean Huijsen,0.05899053424607406,0.10256341784758179,1.3829783181284683,0.522386258604912,13,62126__777938
62126,M. Doherty,488453,L. Martínez,0.10120036644750174,0.09464553183875801,1.1997195516443562,0.4856820812664008,14,62126__488453
62126,M. Doherty,563725,Morato,0.008021174998765035,0.10120571884363737,1.3515544956028238,0.4782578372101856,15,62126__563725
62126,M. Doherty,578325,W. Saliba,0.2523876576347654,0.07757158502499652,0.804544573295548,0.44564257811603925,16,62126__578325
62126,M. Doherty,424806,E. Pinnock,0.40323046520981215,0.06289492701721255,0.4648546308515284,0.4247989231844128,17,62126__424806
62126,M. Doherty,415847,C. Romero,-0.25328648402228626,0.11306364329420483,1.6260051009097325,0.4044655707039203,18,62126__415847
62126,M. Doherty,504375,M. Lacroix,-0.029827521490895306,0.09464553183875801,1.1997195516443562,0.4005139541064427,19,62126__504375
62126,M. Doherty,364003,S. Bueno,-0.05813805926422734,0.09464553183875801,1.1997195516443562,0.38211210455377687,20,62126__364003
62126,M. Doherty,8136,J. Stephens,-0.1813042565800504,0.09464553183875801,1.1997195516443562,0.3020540762984919,21,8136__62126
62126,M. Doherty,15806,J. Vestergaard,0.11655904531624736,0.06564294132377468,0.5284571772307076,0.26072339148630846,22,15806__62126
62126,M. Doherty,327391,J. Bree,-0.24760568056340723,0.09464553183875801,1.1997195516443562,0.25895815070930994,23,62126__327391
62126,M. Doherty,479155,N. Collins,-0.2119318126932926,0.0890683452851597,1.0706360655818896,0.23696694470302113,24,62126__479155
62126,M. Doherty,402884,K. Walker-Peters,-0.2896702770375923,0.09464553183875801,1.1997195516443562,0.23161616300108964,25,62126__402884
62126,M. Doherty,520300,N. Wood,-0.31651956347927646,0.09464553183875801,1.1997195516443562,0.21416412681399494,26,62126__520300
62126,M. Doherty,370,V. van Dijk,0.58183122448712,0.018706096121166374,-0.5578919246507812,0.1829281222888546,27,370__62126
62126,M. Doherty,619747,L. Colwill,-0.06102988982553906,0.07023556431184161,0.6347530272570646,0.1824941311533722,28,62126__619747
62126,M. Doherty,400549,Pau Torres,0.3745591882026188,0.018706096121166374,-0.5578919246507812,0.048201298703928835,29,62126__400549
62126,M. Doherty,283145,T. Adarabioyo,0.31952721695003017,0.018706096121166374,-0.5578919246507812,0.01243051738974621,30,62126__283145
62126,M. Doherty,413002,K. Mavropanos,0.29640355222227605,0.018706096121166374,-0.5578919246507812,-0.0025998646832939565,31,62126__413002
62126,M. Doherty,399581,D. O'Shea,0.20355641519306966,0.023745284976261744,-0.4412603474045147,-0.022129451716084853,32,62126__399581
62126,M. Doherty,397074,M. Guéhi,0.1486613577181775,0.027404958025002542,-0.35655754063260736,-0.028165256704597186,33,62126__397074
62126,M. Doherty,270866,Diego Carlos,0.211499414555095,0.018706096121166374,-0.5578919246507812,-0.05778755416696166,34,62126__270866
62126,M. Doherty,8653,H. Maguire,0.19506372657875443,0.018706096121166374,-0.5578919246507812,-0.06847075135158301,35,8653__62126
62126,M. Doherty,8582,A. Cresswell,0.15038082148732085,0.018706096121166374,-0.5578919246507812,-0.09751463966101484,36,8582__62126
62126,M. Doherty,365443,M. de Ligt,-0.041140477323790614,0.02992806809054583,-0.2981603828811789,-0.1310974442688765,37,62126__365443
62126,M. Doherty,424241,N. Milenković,0.05869923076422101,0.018706096121166374,-0.5578919246507812,-0.15710767363102973,38,62126__424241
62126,M. Doherty,393247,I. Konaté,-0.12672100119024304,0.028372525452302975,-0.33416327870212725,-0.1993257983194025,39,62126__393247
62126,M. Doherty,288080,C. Burgess,-0.07340854383508175,0.018706096121166374,-0.5578919246507812,-0.24297772712057653,40,62126__288080
62126,M. Doherty,620468,J. Greaves,-0.07714425153349136,0.018706096121166374,-0.5578919246507812,-0.24540593712454278,41,62126__620468
62126,M. Doherty,627012,Murillo,-0.13635987407281489,0.018706096121166374,-0.5578919246507812,-0.2838960917751031,42,62126__627012
62126,M. Doherty,590874,Toti,-0.16296265057803072,0.019851954228564957,-0.5313711408085194,-0.29190562215870175,43,62126__590874
62126,M. Doherty,590781,J. van Hecke,-0.15115665633521294,0.018706096121166374,-0.5578919246507812,-0.2935140002456618,44,62126__590781
62126,M. Doherty,286380,I. Diop,-0.2112388507824235,0.018706096121166374,-0.5578919246507812,-0.33256742663634864,45,62126__286380
62126,M. Doherty,7953,C. Coady,-0.2875381442793482,0.018706096121166374,-0.5578919246507812,-0.3821619674093497,46,7953__62126
62126,M. Doherty,50102,F. Schär,-0.5501018483803647,0.03666553185567316,-0.14222238409555937,-0.40734403588068285,47,50102__62126
62126,M. Doherty,496001,M. Kilman,-0.3777185580802451,0.018706096121166374,-0.5578919246507812,-0.44077923637993277,48,62126__496001
62126,M. Doherty,653730,A. Khusanov,-0.687482800549845,0.04238519152253696,-0.009841370515635673,-0.45030830003787176,49,62126__653730
62126,M. Doherty,557788,W. Fofana,-0.7146609013729892,0.03920987405053841,-0.08333381060196962,-0.4936964196031323,50,62126__557788
62126,M. Doherty,258154,Rúben Dias,-0.4656321037966526,0.018706096121166374,-0.5578919246507812,-0.4979230410955976,51,62126__258154
62126,M. Doherty,285382,W. Faes,-0.47145528978061896,0.018706096121166374,-0.5578919246507812,-0.5017081119851757,52,62126__285382
62126,M. Doherty,9433,J. Tarkowski,-0.24494578182092677,0.0,-0.9908428533554786,-0.5060097568580199,53,9433__62126
62126,M. Doherty,412027,E. Konsa,-0.3105360754047909,0.0,-0.9908428533554786,-0.5486434476875316,54,62126__412027
62126,M. Doherty,604320,J. Branthwaite,-0.3503922475481518,0.0,-0.9908428533554786,-0.5745499595807162,55,62126__604320
62126,M. Doherty,192792,D. Burn,-0.38614417301299286,0.0,-0.9908428533554786,-0.5977887111328628,56,62126__192792
62126,M. Doherty,7919,M. Keane,-0.4101599336337955,0.0,-0.9908428533554786,-0.6133989555363846,57,7919__62126
62126,M. Doherty,769441,L. Yoro,-0.44447943634525583,0.0,-0.9908428533554786,-0.6357066322988338,58,62126__769441
62126,M. Doherty,482177,J. Kiwior,-0.45496856260146323,0.0,-0.9908428533554786,-0.6425245643653685,59,62126__482177
62126,M. Doherty,545267,R. Drăgușin,-0.5141313399503987,0.0,-0.9908428533554786,-0.6809803696421767,60,62126__545267
62126,M. Doherty,415917,Gabriel Magalhaes,-0.5253533921508738,0.0,-0.9908428533554786,-0.6882747035724854,61,62126__415917
62126,M. Doherty,558243,S. van den Berg,-0.5414703193271421,0.0,-0.9908428533554786,-0.6987507062370599,62,62126__558243
62126,M. Doherty,549884,T. Harwood-Bellis,-0.5551270611507682,0.0,-0.9908428533554786,-0.7076275884224168,63,62126__549884
62126,M. Doherty,145787,J. Andersen,-0.5714302835653613,0.0,-0.9908428533554786,-0.7182246829919023,64,62126__145787
62126,M. Doherty,8360,C. Dawson,-0.6384856446256055,0.0,-0.9908428533554786,-0.7618106676810611,65,8360__62126
62126,M. Doherty,9097,L. Dunk,-0.6543293999252706,0.0,-0.9908428533554786,-0.7721091086258434,66,9097__62126
62126,M. Doherty,625787,M. van de Ven,-0.6587290804071604,0.0,-0.9908428533554786,-0.7749689009390717,67,62126__625787
62126,M. Doherty,767087,A. Gray,-0.6788389541942204,0.0,-0.9908428533554786,-0.7880403189006607,68,62126__767087
62126,M. Doherty,518805,L. Woolfenden,-0.7306385465261642,0.0,-0.9908428533554786,-0.8217100539164243,69,62126__518805
62126,M. Doherty,366217,K. Danso,-0.7425910029093359,0.0,-0.9908428533554786,-0.8294791505654858,70,62126__366217
62126,M. Doherty,234399,A. Webster,-0.7607409240899039,0.0,-0.9908428533554786,-0.841276599332855,71,62126__234399
62126,M. Doherty,297957,M. Akanji,-0.9079010245409634,0.0,-0.9908428533554786,-0.9369306646260438,72,62126__297957
62126,M. Doherty,136441,B. Davies,-0.9788543331868506,0.0,-0.9908428533554786,-0.9830503152458703,73,62126__136441
136441,B. Davies,568412,J. Gvardiol,0.5853576616888145,1.2278728803324763,3.6093831489560064,1.6437665822323315,1,136441__568412
136441,B. Davies,623641,E. Agbadou,0.40637771998384686,0.8176384014656383,2.0133881283432853,0.9688313629096503,2,136441__623641
136441,B. Davies,370,V. van Dijk,-0.014885256304921435,0.8248018794031832,2.0412572512657925,0.7047646213448284,3,370__136441
136441,B. Davies,349142,N. Mazraoui,0.46989701157155195,0.5419917247390525,0.9409996623146248,0.6347829393316274,4,136441__349142
136441,B. Davies,400549,Pau Torres,-0.25937259534771184,0.7286569103363346,1.6672104565850774,0.41493147282876436,5,136441__400549
136441,B. Davies,645877,Y. Mosquera,-0.06758412517255669,0.6302357836898415,1.2843083941236597,0.405578256581119,6,136441__645877
136441,B. Davies,447424,C. Bassey,-0.24385066517938897,0.6701503367996563,1.43959380111629,0.3453548980240987,7,136441__447424
136441,B. Davies,583655,C. Okoli,-0.15041232454503184,0.6214335972316186,1.2500639644583795,0.33975437660616215,8,136441__583655
136441,B. Davies,424806,E. Pinnock,-0.18640179836088666,0.617084709593301,1.233144852649125,0.31043952949261744,9,136441__424806
136441,B. Davies,283145,T. Adarabioyo,-0.2721999879429562,0.6360792172186992,1.307041955771377,0.2805346923570604,10,136441__283145
136441,B. Davies,8653,H. Maguire,-0.4350369880971551,0.6260681515476276,1.2680944470047053,0.16105901418849605,11,8653__136441
136441,B. Davies,590703,I. Zabarnyi,-0.2655004142730162,0.5381658559244664,0.9261153269109714,0.15156509514137945,12,136441__590703
136441,B. Davies,412968,M. Senesi,0.008476511619905647,0.40310085752252683,0.40065226611706767,0.14573802569391237,13,136441__412968
136441,B. Davies,413002,K. Mavropanos,-0.3844559323810721,0.5747819192800866,1.0685681381701124,0.12410249231184245,14,136441__413002
136441,B. Davies,240032,J. Bednarek,-0.3193770244423608,0.49515709320335966,0.7587920650164452,0.05798215686822125,15,136441__240032
136441,B. Davies,15806,J. Vestergaard,-0.6082372380652143,0.6315650006127393,1.2894796405681788,0.055963669456473186,16,15806__136441
136441,B. Davies,346131,T. Chalobah,-0.3391307085286087,0.5020081387630376,0.7854456866950515,0.05447102979967233,17,136441__346131
136441,B. Davies,534563,C. Richards,-0.23816650004987822,0.45168384721396,0.5896617561243066,0.051573389611086456,18,136441__534563
136441,B. Davies,578325,W. Saliba,-0.47240862574669606,0.5536022200880601,0.9861696656138312,0.03809377622948845,19,136441__578325
136441,B. Davies,270866,Diego Carlos,-0.46000806429401203,0.5453365622746155,0.9540125715812049,0.03489915826231388,20,136441__270866
136441,B. Davies,399581,D. O'Shea,-0.3860758483776291,0.49790318603569933,0.7694755904447821,0.018367155210214814,21,136441__399581
136441,B. Davies,8582,A. Cresswell,-0.4847481772161976,0.5365128263007013,0.919684304692308,0.006803191451779267,22,8582__136441
136441,B. Davies,397074,M. Guéhi,-0.44158275944014225,0.4290050711268808,0.5014312061019176,-0.11152787150042132,23,136441__397074
136441,B. Davies,501419,J. Todibo,-0.632540615680533,0.5099241887002923,0.8162426502210772,-0.12546647261496946,24,136441__501419
136441,B. Davies,424241,N. Milenković,-0.5352376619260961,0.4330528557047196,0.5171788927629422,-0.16689186778493273,25,136441__424241
136441,B. Davies,777938,Dean Huijsen,-0.5342048766878276,0.3626948904238196,0.24345503961697404,-0.262023905981147,26,136441__777938
136441,B. Davies,488453,L. Martínez,-0.6328244799194866,0.35357595201958647,0.20797830366189035,-0.3385435056660047,27,136441__488453
136441,B. Davies,288080,C. Burgess,-0.7210889417642559,0.35047412868135663,0.1959108279677226,-0.4001390223580634,28,136441__288080
136441,B. Davies,620468,J. Greaves,-0.7296302134785138,0.3362074682972082,0.14040715846444657,-0.42511713329847767,29,136441__620468
136441,B. Davies,563725,Morato,-0.6675153322738849,0.2703284755602942,-0.11589149459251799,-0.4744469890854065,30,136441__563725
136441,B. Davies,504375,M. Lacroix,-0.758068186478429,0.2843739495584311,-0.061248338743961676,-0.5141812397713654,31,136441__504375
136441,B. Davies,590781,J. van Hecke,-0.8692809420191787,0.318736537715651,0.07243744931016856,-0.5396795050539072,32,136441__590781
136441,B. Davies,365443,M. de Ligt,-0.6854159728350799,0.22536849445772286,-0.2908058659168207,-0.5473024354136892,33,136441__365443
136441,B. Davies,619747,L. Colwill,-0.711534934782027,0.20027213717207548,-0.3884418846494451,-0.5984523672356233,34,136441__619747
136441,B. Davies,627012,Murillo,-0.8206089937716252,0.23280394152118197,-0.2618786618405338,-0.6250533775957432,35,136441__627012
136441,B. Davies,364003,S. Bueno,-0.8987949253062208,0.22544320358669442,-0.29051521409700715,-0.6858970263829961,36,136441__364003
136441,B. Davies,393247,I. Konaté,-0.8109041712905039,0.16700639353892938,-0.5178604584907583,-0.7083388718105929,37,136441__393247
136441,B. Davies,286380,I. Diop,-0.9399225027913309,0.21486368499529,-0.33167425816127266,-0.7270356171708106,38,136441__286380
136441,B. Davies,590874,Toti,-0.9659339280081303,0.2231331091985076,-0.29950251119323273,-0.7326829321229162,39,136441__590874
136441,B. Davies,8136,J. Stephens,-0.888708219363167,0.16263418761195161,-0.5348702888390626,-0.7648649436797305,40,8136__136441
136441,B. Davies,7953,C. Coady,-1.1540863183249526,0.28891940843265634,-0.04356447718824338,-0.7654036739271043,41,7953__136441
136441,B. Davies,479155,N. Collins,-0.8690513639152977,0.13206465812789234,-0.6537993875676685,-0.7937131721936275,42,136441__479155
136441,B. Davies,412027,E. Konsa,-0.9902785557061815,0.18461605195138514,-0.44935103622424727,-0.8009539238875045,43,136441__412027
136441,B. Davies,415847,C. Romero,-1.1225328289378085,0.2061724974183743,-0.36548685269082987,-0.857566737251366,44,136441__415847
136441,B. Davies,604320,J. Branthwaite,-1.1202759909913849,0.1929384150076857,-0.4169733335156009,-0.8741200608748605,45,136441__604320
136441,B. Davies,496001,M. Kilman,-1.0089781980713461,0.13101975582361536,-0.6578645233876983,-0.8860884119320694,46,136441__496001
136441,B. Davies,9433,J. Tarkowski,-0.9832110460364014,0.11792134040861874,-0.7088231991138244,-0.8871752996134994,47,9433__136441
136441,B. Davies,327391,J. Bree,-1.4040410481679282,0.2876799116189496,-0.04838667240743994,-0.9295620166517573,48,136441__327391
136441,B. Davies,62126,M. Doherty,-0.9788543331868506,0.07142763231347343,-0.8897044522318973,-0.9476518748526168,49,62126__136441
136441,B. Davies,520300,N. Wood,-1.2088296975751032,0.1607394219981617,-0.5422417718338367,-0.9755239235656599,50,136441__520300
136441,B. Davies,7919,M. Keane,-1.170530706661871,0.10862479603457154,-0.7449909014748458,-1.0215917748464123,51,7919__136441
136441,B. Davies,192792,D. Burn,-1.0759274680048942,0.044159940824265276,-0.9957879290780899,-1.0478786293805127,52,136441__192792
136441,B. Davies,769441,L. Yoro,-1.3759098369705707,0.10862479603457154,-0.7449909014748458,-1.155088209547067,53,136441__769441
136441,B. Davies,258154,Rúben Dias,-1.2676259284798481,0.03415279747036026,-1.0347201782822686,-1.1861089159106952,54,136441__258154
136441,B. Davies,285382,W. Faes,-1.2897234186040238,0.03462189154768779,-1.0328951931818409,-1.1998335397062598,55,136441__285382
136441,B. Davies,402884,K. Walker-Peters,-1.7229132676485601,0.23851491345285486,-0.23966043486218283,-1.2037747761733282,56,136441__402884
136441,B. Davies,545267,R. Drăgușin,-1.4934821619591578,0.10862479603457154,-0.7449909014748458,-1.2315102207896487,57,136441__545267
136441,B. Davies,482177,J. Kiwior,-1.2884652340663336,0.0,-1.1675897870320073,-1.2461588276043194,58,136441__482177
136441,B. Davies,558243,S. van den Berg,-1.4536896693541106,0.06409964377024908,-0.9182135947554576,-1.2662730432445821,59,136441__558243
136441,B. Davies,415917,Gabriel Magalhaes,-1.3565884163243838,0.0,-1.1675897870320073,-1.290438896072052,60,136441__415917
136441,B. Davies,549884,T. Harwood-Bellis,-1.5154203974559757,0.06327032520287544,-0.9214400137236682,-1.3075272631496682,61,136441__549884
136441,B. Davies,145787,J. Andersen,-1.406320173013208,0.0,-1.1675897870320073,-1.3227645379197879,62,136441__145787
136441,B. Davies,50102,F. Schär,-1.6375265126423186,0.03666553185567316,-1.024944521252759,-1.4231228156559728,63,50102__136441
136441,B. Davies,8360,C. Dawson,-1.6809398827661106,0.0,-1.1675897870320073,-1.5012673492591746,64,8360__136441
136441,B. Davies,653730,A. Khusanov,-1.7809150341377773,0.04238519152253696,-1.0026924951111993,-1.508537145478475,65,136441__653730
136441,B. Davies,9097,L. Dunk,-1.7063169881317128,0.0,-1.1675897870320073,-1.517762467746816,66,9097__136441
136441,B. Davies,767087,A. Gray,-1.9406777591679056,0.10862479603457154,-0.7449909014748458,-1.5221873589753347,67,136441__767087
136441,B. Davies,518805,L. Woolfenden,-1.9580539741388834,0.10862479603457154,-0.7449909014748458,-1.5334818987064702,68,136441__518805
136441,B. Davies,625787,M. van de Ven,-1.7757619452403393,0.020422199221903223,-1.088138327081225,-1.5350936788846494,69,136441__625787
136441,B. Davies,366217,K. Danso,-1.9295581403186353,0.0,-1.1675897870320073,-1.6628692166683157,70,136441__366217
136441,B. Davies,557788,W. Fofana,-2.088121841168292,0.04191174093339771,-1.0045344289848697,-1.708866246904094,71,136441__557788
136441,B. Davies,234399,A. Webster,-2.0198245285971286,0.0,-1.1675897870320073,-1.7215423690493363,72,136441__234399
136441,B. Davies,297957,M. Akanji,-2.3464877888340014,0.0,-1.1675897870320073,-1.9338734882033035,73,136441__297957
145787,J. Andersen,568412,J. Gvardiol,0.9636048630178017,0.35445339977096774,1.8072796142095802,1.2588910259349242,1,145787__568412
145787,J. Andersen,349142,N. Mazraoui,0.839927761202906,0.3167188582645588,1.435126670393212,1.048247379419513,2,145787__349142
145787,J. Andersen,623641,E. Agbadou,0.8199331606153565,0.2774689878139815,1.0480289543625945,0.8997666884268898,3,145787__623641
145787,J. Andersen,370,V. van Dijk,0.39255631781767547,0.3239460358263285,1.5064039483916578,0.7824029885185693,4,370__145787
145787,J. Andersen,424806,E. Pinnock,0.18362895127046716,0.35683771108254575,1.8307946335567138,0.7601369400706535,5,145787__424806
145787,J. Andersen,400549,Pau Torres,0.1923509742534096,0.3239460358263285,1.5064039483916578,0.6522695152017964,6,145787__400549
145787,J. Andersen,283145,T. Adarabioyo,0.13193958681123819,0.3239460358263285,1.5064039483916578,0.6130021133643849,7,145787__283145
145787,J. Andersen,534563,C. Richards,0.13186424958147577,0.3167540502627032,1.4354737477707387,0.5881275739477178,8,145787__534563
145787,J. Andersen,346131,T. Chalobah,0.030900041102745242,0.3288174524208748,1.554447781809069,0.5641417503499585,9,145787__346131
145787,J. Andersen,399581,D. O'Shea,-0.004216739647319593,0.3219984523920213,1.4871961117658352,0.5177777583472846,10,145787__399581
145787,J. Andersen,397074,M. Guéhi,-0.07155200980878829,0.33264489773016465,1.5921955583099825,0.5107596390327814,11,145787__397074
145787,J. Andersen,645877,Y. Mosquera,0.30244662445879733,0.25489378110817806,0.8253833544047722,0.48547447993988846,12,145787__645877
145787,J. Andersen,424241,N. Milenković,-0.13062212329897893,0.3239460358263285,1.5064039483916578,0.4423370017927438,13,145787__424241
145787,J. Andersen,8582,A. Cresswell,-0.03182739246188866,0.29263966746548337,1.1976481856189911,0.39848905986641925,14,8582__145787
145787,J. Andersen,240032,J. Bednarek,0.0059708509195436545,0.28426580359558257,1.1150618346023287,0.39415269520851837,15,145787__240032
145787,J. Andersen,583655,C. Okoli,0.12453742518737662,0.24484694714628108,0.7262975119461008,0.3351534555529301,16,145787__583655
145787,J. Andersen,412968,M. Senesi,0.2962967382132782,0.21100496101308835,0.39253448578288846,0.3299799498626418,17,145787__412968
145787,J. Andersen,447424,C. Bassey,0.04674565789769524,0.2563625118045303,0.8398685563046843,0.32433867234014135,18,145787__447424
145787,J. Andersen,270866,Diego Carlos,-0.028094225348859143,0.27029984132114243,0.9773240016733533,0.3238021541089152,19,145787__270866
145787,J. Andersen,8653,H. Maguire,-0.10079631371032466,0.2635896893663,0.9111458343031301,0.2533834380943845,20,8653__145787
145787,J. Andersen,620468,J. Greaves,-0.29368194519284097,0.29110609720034175,1.1825235102966538,0.2229899642284822,21,145787__620468
145787,J. Andersen,563725,Morato,-0.2974845826425311,0.2854124899037137,1.126370907620546,0.20086483894954585,22,145787__563725
145787,J. Andersen,590703,I. Zabarnyi,0.06818826428585184,0.21148292009021108,0.397248306872904,0.18335927919132008,23,145787__590703
145787,J. Andersen,578325,W. Saliba,-0.15428062245694618,0.24388068992136364,0.7167679017698175,0.15058636102242107,24,145787__578325
145787,J. Andersen,413002,K. Mavropanos,-0.029326865404325178,0.20592526402401987,0.3424365088972834,0.10079031560123781,25,145787__413002
145787,J. Andersen,501419,J. Todibo,-0.15758285850086357,0.19271588129663014,0.21216036211648198,-0.028172731284792626,26,145787__501419
145787,J. Andersen,627012,Murillo,-0.40477201273596397,0.2374599026951557,0.6534435635783499,-0.03439656102595415,27,145787__627012
145787,J. Andersen,15806,J. Vestergaard,-0.4243041574672296,0.24045085880575312,0.682941553402748,-0.0367681586627375,28,15806__145787
145787,J. Andersen,288080,C. Burgess,-0.25561675778429116,0.19251688597837496,0.21019779173566094,-0.09258166545230793,29,145787__288080
145787,J. Andersen,365443,M. de Ligt,-0.31538522320372586,0.20143767958980363,0.2981781797604517,-0.10063803216626374,30,145787__365443
145787,J. Andersen,619747,L. Colwill,-0.34150418515067293,0.19108454146490395,0.19607144473454718,-0.1533527146908459,31,145787__619747
145787,J. Andersen,777938,Dean Huijsen,-0.21761834922189374,0.14645459983488338,-0.2440866570180314,-0.22688225695054193,32,145787__777938
145787,J. Andersen,286380,I. Diop,-0.4859824321405397,0.19182819573083304,0.20340565665812677,-0.24469660106100644,33,145787__286380
145787,J. Andersen,488453,L. Martínez,-0.2627937302881328,0.13961530202943168,-0.3115385117465003,-0.2798544037985614,34,145787__488453
145787,J. Andersen,393247,I. Konaté,-0.4388578825384948,0.16403000768821097,-0.07075104698343525,-0.31002049009422394,35,145787__393247
145787,J. Andersen,590874,Toti,-0.56218703711258,0.17824941434252575,0.06948635446548743,-0.3411013500602564,36,145787__590874
145787,J. Andersen,590781,J. van Hecke,-0.6029774920311989,0.17710355623512716,0.05818544948982181,-0.3715704624988416,37,145787__590781
145787,J. Andersen,412027,E. Konsa,-0.4927442893540004,0.14684247959120134,-0.24026123374805505,-0.40437521989191955,38,145787__412027
145787,J. Andersen,327391,J. Bree,-0.6199294529709929,0.160421557908631,-0.10633900312319992,-0.44017279552426536,39,145787__327391
145787,J. Andersen,7953,C. Coady,-0.7331698227289094,0.17710355623512716,0.05818544948982181,-0.4561954774523535,40,7953__145787
145787,J. Andersen,364003,S. Bueno,-0.4888926002940266,0.11512708407107458,-0.5530509838265337,-0.5113480345304041,41,145787__364003
145787,J. Andersen,415847,C. Romero,-0.7605205223456921,0.15553210030589293,-0.15456076408497668,-0.5484346069544418,42,145787__415847
145787,J. Andersen,62126,M. Doherty,-0.5714302835653613,0.11973257422008515,-0.5076298219878383,-0.5491001220132283,43,62126__145787
145787,J. Andersen,504375,M. Lacroix,-0.4946935149945879,0.09493360647083429,-0.7522070311722512,-0.58482324565677,44,145787__504375
145787,J. Andersen,496001,M. Kilman,-0.6780501591073291,0.12684867871961625,-0.4374479903746038,-0.5938394000508753,45,145787__496001
145787,J. Andersen,7919,M. Keane,-0.6744633500481618,0.11400254096521462,-0.5641416718430586,-0.6358507626763757,46,7919__145787
145787,J. Andersen,9433,J. Tarkowski,-0.6112029191697297,0.09319628508601527,-0.7693411804663592,-0.6665513106235501,47,9433__145787
145787,J. Andersen,479155,N. Collins,-0.5757996376765191,0.08583971109640831,-0.8418946171145868,-0.6689328804798428,48,145787__479155
145787,J. Andersen,769441,L. Yoro,-0.7482451533852584,0.11400254096521462,-0.5641416718430586,-0.6838089348454885,49,145787__769441
145787,J. Andersen,258154,Rúben Dias,-0.731070444481819,0.0945091439303888,-0.7563932483001242,-0.7399334258182259,50,145787__258154
145787,J. Andersen,545267,R. Drăgușin,-0.849061812367849,0.11400254096521462,-0.5641416718430586,-0.7493397631841723,51,145787__545267
145787,J. Andersen,8136,J. Stephens,-0.6038541988079513,0.06684121616531961,-1.0292652736650094,-0.7527480750079216,52,8136__145787
145787,J. Andersen,558243,S. van den Berg,-0.8843001166197758,0.11400254096521462,-0.5641416718430586,-0.7722446609479248,53,145787__558243
145787,J. Andersen,604320,J. Branthwaite,-0.7514354853378233,0.06886122518658469,-1.0093431473110495,-0.8417031670284525,54,145787__604320
145787,J. Andersen,767087,A. Gray,-1.0137694266116708,0.11400254096521462,-0.5641416718430586,-0.8563997124426566,55,145787__767087
145787,J. Andersen,520300,N. Wood,-0.8618449683856956,0.08073858488524788,-0.8922039374475175,-0.8724706075573332,56,145787__520300
145787,J. Andersen,518805,L. Woolfenden,-1.0655690189436147,0.11400254096521462,-0.5641416718430586,-0.8900694474584201,57,145787__518805
145787,J. Andersen,192792,D. Burn,-0.72665260013871,0.04720153055406991,-1.2229596058092906,-0.9003600521234132,58,145787__192792
145787,J. Andersen,415917,Gabriel Magalhaes,-0.8300028983364817,0.060356346460028534,-1.093221618561363,-0.9221294504151902,59,145787__415917
145787,J. Andersen,482177,J. Kiwior,-0.8746935832075841,0.060356346460028534,-1.093221618561363,-0.9511783955814068,60,145787__482177
145787,J. Andersen,625787,M. van de Ven,-1.0287646524143506,0.08077854568193175,-0.8918098282963403,-0.980830463973047,61,145787__625787
145787,J. Andersen,285382,W. Faes,-0.8345116959041501,0.03462189154768779,-1.3470249714260214,-1.013891342336805,62,145787__285382
145787,J. Andersen,549884,T. Harwood-Bellis,-0.9651610116755747,0.053646194505186075,-1.1593997859315865,-1.0331445826651788,63,145787__549884
145787,J. Andersen,402884,K. Walker-Peters,-0.9539676117640674,0.046419016943416394,-1.230677063930032,-1.050815920022155,64,145787__402884
145787,J. Andersen,8360,C. Dawson,-1.0280593489836463,0.060356346460028534,-1.093221618561363,-1.050866143335847,65,8360__145787
145787,J. Andersen,9097,L. Dunk,-1.052586718661467,0.060356346460028534,-1.093221618561363,-1.0668089336264306,66,9097__145787
145787,J. Andersen,366217,K. Danso,-1.170056842735693,0.060356346460028534,-1.093221618561363,-1.1431645142746776,67,145787__366217
145787,J. Andersen,234399,A. Webster,-1.188206763916261,0.060356346460028534,-1.093221618561363,-1.1549619630420467,68,145787__234399
145787,J. Andersen,50102,F. Schär,-1.071101099798796,0.01591165299877718,-1.5315527297479545,-1.2322591702810013,69,50102__145787
145787,J. Andersen,136441,B. Davies,-1.406320173013208,0.060356346460028534,-1.093221618561363,-1.2967356789550624,70,136441__145787
145787,J. Andersen,653730,A. Khusanov,-1.3536109314206854,0.0402160356157724,-1.2918533143723117,-1.3319957654537546,71,145787__653730
145787,J. Andersen,557788,W. Fofana,-1.3158028077113038,0.01591165299877718,-1.5315527297479545,-1.3913152804241316,72,145787__557788
145787,J. Andersen,297957,M. Akanji,-1.4327116975971927,0.0,-1.6884797326498908,-1.5222305098656372,73,145787__297957
192792,D. Burn,568412,J. Gvardiol,1.143533875981096,0.14420245796077022,1.3052496934779687,1.2001344121050015,1,192792__568412
192792,D. Burn,349142,N. Mazraoui,1.0631394665718013,0.15020095001922396,1.4125592678586518,1.1854363970221988,2,192792__349142
192792,D. Burn,623641,E. Agbadou,1.0756979283949963,0.12777334312209665,1.0113422741450029,1.0531734494074987,3,192792__623641
192792,D. Burn,645877,Y. Mosquera,0.5279569336336745,0.15020095001922396,1.4125592678586518,0.8375677506124165,4,192792__645877
192792,D. Burn,583655,C. Okoli,0.37567133934625274,0.15020095001922396,1.4125592678586518,0.7385821143255924,5,192792__583655
192792,D. Burn,447424,C. Bassey,0.3351194434798808,0.15020095001922396,1.4125592678586518,0.7122233820124506,6,192792__447424
192792,D. Burn,424806,E. Pinnock,0.3558716157240994,0.1465867692723483,1.3479036520967695,0.703082828454534,7,192792__424806
192792,D. Burn,412968,M. Senesi,0.6247743003616291,0.11748540959892204,0.8272970579689207,0.6956572655241811,8,192792__412968
192792,D. Burn,370,V. van Dijk,0.5778424283700437,0.12060419662925759,0.8830903649447366,0.6846792061711862,9,370__192792
192792,D. Burn,590703,I. Zabarnyi,0.2404309287394842,0.15020095001922396,1.4125592678586518,0.6506758474311929,10,192792__590703
192792,D. Burn,578325,W. Saliba,0.1438891629950276,0.14763228907638076,1.3666074003194888,0.571840546058589,11,192792__578325
192792,D. Burn,240032,J. Bednarek,0.17845635708116186,0.14380149512353668,1.2980766988341959,0.5703234766947237,12,192792__240032
192792,D. Burn,400549,Pau Torres,0.37763708480577773,0.12060419662925759,0.8830903649447366,0.5545457328544133,13,192792__400549
192792,D. Burn,534563,C. Richards,0.3140458770135846,0.12284550955295101,0.9231861646143397,0.5272449776738488,14,192792__534563
192792,D. Burn,283145,T. Adarabioyo,0.3172256973636064,0.12060419662925759,0.8830903649447366,0.5152783310170019,15,192792__283145
192792,D. Burn,15806,J. Vestergaard,0.008487717174058718,0.14420245796077022,1.3052496934779687,0.46235440888042717,16,15806__192792
192792,D. Burn,399581,D. O'Shea,0.17571227331597494,0.12564338548435294,0.9732385565226642,0.4548464724383162,17,192792__399581
192792,D. Burn,397074,M. Guéhi,0.1037149110264527,0.12930305853309373,1.0387080034112985,0.4309624933611487,18,192792__397074
192792,D. Burn,8582,A. Cresswell,0.15345871809047962,0.12060419662925759,0.8830903649447366,0.40882979448946954,19,8582__192792
192792,D. Burn,8653,H. Maguire,0.14907597749803686,0.12060419662925759,0.8830903649447366,0.4059810131043817,20,8653__192792
192792,D. Burn,619747,L. Colwill,-0.12508835190381304,0.1485503412541623,1.3830308259899717,0.4027533603590116,21,192792__619747
192792,D. Burn,424241,N. Milenković,0.05466398725338936,0.12060419662925759,0.8830903649447366,0.3446132194453609,22,192792__424241
192792,D. Burn,563725,Morato,-0.05603728707950886,0.12884698898865865,1.030549181456646,0.32426797690814535,23,192792__563725
192792,D. Burn,270866,Diego Carlos,0.19787769856569243,0.10177717430846395,0.5462857593184391,0.31982051982915377,24,192792__270866
192792,D. Burn,365443,M. de Ligt,-0.10153949535005505,0.13182616859863702,1.0838449919428566,0.31334507520246396,25,192792__365443
192792,D. Burn,393247,I. Konaté,-0.18878753255451303,0.13027062596039418,1.0560172284292588,0.24689413378980707,26,192792__393247
192792,D. Burn,346131,T. Chalobah,0.20405537433309706,0.08877099407913967,0.31361267229479506,0.24240042861969135,27,192792__346131
192792,D. Burn,501419,J. Todibo,0.10761479638866252,0.09298237938407285,0.3889519342662341,0.20608279464581256,28,192792__501419
192792,D. Burn,777938,Dean Huijsen,-0.036371495164305157,0.10653182914436701,0.6313438008721921,0.19732885844846887,29,192792__777938
192792,D. Burn,288080,C. Burgess,-0.07033064723192299,0.10906003238128012,0.6765719033114818,0.19108524545826866,30,192792__288080
192792,D. Burn,286380,I. Diop,-0.22486056677182603,0.12060419662925759,0.8830903649447366,0.16292225932897086,31,192792__286380
192792,D. Burn,488453,L. Martínez,0.007280561164372201,0.09298237938407285,0.3889519342662341,0.14086554175002386,32,192792__488453
192792,D. Burn,413002,K. Mavropanos,0.17835251099720517,0.0572185706351511,-0.25084204356696094,0.028134416899747036,33,192792__413002
192792,D. Burn,504375,M. Lacroix,-0.16818735933548867,0.09298237938407285,0.3889519342662341,0.02681139342511428,34,192792__504375
192792,D. Burn,415847,C. Romero,-0.41537505428580956,0.08681532402511746,0.27862685934695425,-0.17247438451434224,35,192792__415847
192792,D. Burn,620468,J. Greaves,-0.13207998543676674,0.0572185706351511,-0.25084204356696094,-0.1736467057823347,36,192792__620468
192792,D. Burn,627012,Murillo,-0.196323374812814,0.0572185706351511,-0.25084204356696094,-0.21540490887676544,37,192792__627012
192792,D. Burn,412027,E. Konsa,-0.3074581788016321,0.06338562599410648,-0.14051696864768123,-0.2490287552477493,38,192792__412027
192792,D. Burn,590781,J. van Hecke,-0.24998054383082743,0.0572185706351511,-0.25084204356696094,-0.25028206873847414,39,192792__590781
192792,D. Burn,9433,J. Tarkowski,-0.3292018613590765,0.06338562599410648,-0.14051696864768123,-0.26316214891008816,40,9433__192792
192792,D. Burn,496001,M. Kilman,-0.4251908483587627,0.07320248421443018,0.03510098118252978,-0.26408870801931034,41,192792__496001
192792,D. Burn,479155,N. Collins,-0.34208028184976325,0.06418996496840522,-0.1261278068135581,-0.26649691558709143,42,192792__479155
192792,D. Burn,590874,Toti,-0.3235209170357015,0.058364428742549684,-0.23034330078171275,-0.29090875134680544,43,192792__590874
192792,D. Burn,364003,S. Bueno,-0.15205786454735692,0.03794847405759602,-0.5955729929224461,-0.30728815947863813,44,192792__364003
192792,D. Burn,604320,J. Branthwaite,-0.4383153393038737,0.06338562599410648,-0.14051696864768123,-0.3340859095742063,45,192792__604320
192792,D. Burn,7953,C. Coady,-0.38035329679732555,0.0572185706351511,-0.25084204356696094,-0.33502435816669796,46,7953__192792
192792,D. Burn,8136,J. Stephens,-0.3287438125782135,0.029596753389966368,-0.7449804742454633,-0.4744266441617509,47,8136__192792
192792,D. Burn,327391,J. Bree,-0.37841594887776103,0.029596753389966368,-0.7449804742454633,-0.5067135327564568,48,192792__327391
192792,D. Burn,402884,K. Walker-Peters,-0.4816201905059709,0.029596753389966368,-0.7449804742454633,-0.5737962898147932,49,192792__402884
192792,D. Burn,258154,Rúben Dias,-0.5328438954098407,0.03415279747036026,-0.6634754649260498,-0.5785649447405139,50,192792__258154
192792,D. Burn,520300,N. Wood,-0.5084694769476554,0.029596753389966368,-0.7449804742454633,-0.5912483260018881,51,192792__520300
192792,D. Burn,285382,W. Faes,-0.5831071139552709,0.03462189154768779,-0.6550836415657814,-0.6082988986189496,52,192792__285382
192792,D. Burn,62126,M. Doherty,-0.38614417301299286,0.00573003325487054,-1.171942376437297,-0.6611735442114992,53,62126__192792
192792,D. Burn,7919,M. Keane,-0.49053345585927766,0.0,-1.2744493771593786,-0.7649040283143129,54,7919__192792
192792,D. Burn,653730,A. Khusanov,-0.8349223565480082,0.029596753389966368,-0.7449804742454633,-0.8034426977421174,55,192792__653730
192792,D. Burn,769441,L. Yoro,-0.5506040038745935,0.0,-1.2744493771593786,-0.8039498845242683,56,192792__769441
192792,D. Burn,482177,J. Kiwior,-0.589909704239467,0.0,-1.2744493771593786,-0.829498589761436,57,192792__482177
192792,D. Burn,415917,Gabriel Magalhaes,-0.5918511138581225,0.0,-1.2744493771593786,-0.8307605060135621,58,192792__415917
192792,D. Burn,545267,R. Drăgușin,-0.594504862175881,0.0,-1.2744493771593786,-0.8324854424201051,59,192792__545267
192792,D. Burn,558243,S. van den Berg,-0.622459653387227,0.0,-1.2744493771593786,-0.85065605670748,60,192792__558243
192792,D. Burn,50102,F. Schär,-0.7420517618487434,0.005998492058453727,-1.1671398027786957,-0.8908325761742267,61,50102__192792
192792,D. Burn,549884,T. Harwood-Bellis,-0.7109774932426483,0.0,-1.2744493771593786,-0.9081926526135038,62,192792__549884
192792,D. Burn,145787,J. Andersen,-0.72665260013871,0.0,-1.2744493771593786,-0.918381472095944,63,145787__192792
192792,D. Burn,8360,C. Dawson,-0.7355587794436492,0.0,-1.2744493771593786,-0.9241704886441545,64,8360__192792
192792,D. Burn,9097,L. Dunk,-0.7514025347433142,0.0,-1.2744493771593786,-0.9344689295889368,65,9097__192792
192792,D. Burn,625787,M. van de Ven,-0.7558022152252041,0.0,-1.2744493771593786,-0.9373287219021651,66,192792__625787
192792,D. Burn,767087,A. Gray,-0.7592124764197027,0.0,-1.2744493771593786,-0.9395453916785892,67,192792__767087
192792,D. Burn,518805,L. Woolfenden,-0.8110120687516466,0.0,-1.2744493771593786,-0.9732151266943527,68,192792__518805
192792,D. Burn,366217,K. Danso,-0.8396641377273794,0.0,-1.2744493771593786,-0.9918389715285791,69,192792__366217
192792,D. Burn,557788,W. Fofana,-0.9066108148413681,0.005998492058453727,-1.1671398027786957,-0.9977959606194327,70,192792__557788
192792,D. Burn,234399,A. Webster,-0.8578140589079476,0.0,-1.2744493771593786,-1.0036364202959485,71,192792__234399
192792,D. Burn,297957,M. Akanji,-1.0494141919204707,0.0,-1.2744493771593786,-1.1281765067540885,72,192792__297957
192792,D. Burn,136441,B. Davies,-1.0759274680048942,0.0,-1.2744493771593786,-1.1454101362089637,73,136441__192792
234399,A. Webster,568412,J. Gvardiol,0.8034710707857615,0.7808673969527008,2.2930984964059222,1.3248406697528177,1,234399__568412
234399,A. Webster,349142,N. Mazraoui,0.6880104206684989,0.5639625227819403,1.2918162859124935,0.8993424735038971,2,234399__349142
234399,A. Webster,623641,E. Agbadou,0.6244911290807937,0.5605663949446842,1.2761389877374005,0.8525678796106061,3,234399__623641
234399,A. Webster,645877,Y. Mosquera,0.15052928392439008,0.6522065817327292,1.6991709235016805,0.6925538577764417,4,234399__645877
234399,A. Webster,400549,Pau Torres,-0.07547815023617618,0.7099599646485185,1.9657736687395295,0.6389599864053207,5,234399__400549
234399,A. Webster,583655,C. Okoli,0.06770108455191504,0.6434043952745063,1.6585380297146732,0.6244940153588804,6,234399__583655
234399,A. Webster,370,V. van Dijk,0.18510199168632835,0.5677298728822292,1.3092072304477014,0.5785388252528089,7,370__234399
234399,A. Webster,424806,E. Pinnock,0.03171161073606013,0.6240933868043759,1.5693940244370082,0.5699004555313919,8,234399__424806
234399,A. Webster,447424,C. Bassey,-0.0257372560824419,0.6380655862623793,1.633892873585741,0.555133289301422,9,234399__447424
234399,A. Webster,590703,I. Zabarnyi,-0.0473870051760695,0.5713769401799917,1.3260429222212624,0.43331346941299664,10,234399__590703
234399,A. Webster,412968,M. Senesi,0.19164210658560096,0.4250716555654146,0.650664467284256,0.35229993283013017,11,234399__412968
234399,A. Webster,283145,T. Adarabioyo,-0.05920227648834964,0.5254928697130311,1.114231621625843,0.3514995878516178,12,234399__283145
234399,A. Webster,240032,J. Bednarek,-0.10126361534541412,0.5392896350432329,1.1779206269573137,0.3464508694605406,13,234399__240032
234399,A. Webster,534563,C. Richards,-0.02005309095293148,0.47365464525684775,0.8749345925942164,0.29319259828857025,14,234399__534563
234399,A. Webster,578325,W. Saliba,-0.2809894594832814,0.5536022200880601,1.2439907733583468,0.2527536220112885,15,234399__578325
234399,A. Webster,8582,A. Cresswell,-0.30085373210466193,0.5575038408588967,1.2620015418340003,0.2461456137738698,16,8582__234399
234399,A. Webster,399581,D. O'Shea,-0.16796243928068247,0.49790318603569933,0.9868713695113371,0.23622939379652436,17,234399__399581
234399,A. Webster,15806,J. Vestergaard,-0.4250716430995185,0.5792570120437737,1.3624191254060882,0.2005501258774438,18,15806__234399
234399,A. Webster,346131,T. Chalobah,-0.12101729943166203,0.44858642952501665,0.7592140097486069,0.18706365878143205,19,234399__346131
234399,A. Webster,501419,J. Todibo,-0.3961744468741447,0.5318949867431801,1.1437852492992289,0.142811446786536,20,234399__501419
234399,A. Webster,8653,H. Maguire,-0.2480053608873179,0.45786833892912127,0.8020614137143885,0.11951801022327938,21,8653__234399
234399,A. Webster,397074,M. Guéhi,-0.22346935034319537,0.4290050711268808,0.6688220077417081,0.08883262498652081,22,234399__397074
234399,A. Webster,424241,N. Milenković,-0.324742494453283,0.4330528557047196,0.6875075015794762,0.029545004158182675,23,234399__424241
234399,A. Webster,413002,K. Mavropanos,-0.16634252328412513,0.3177099127591326,0.1550582547891367,-0.0538522509584835,24,234399__413002
234399,A. Webster,777938,Dean Huijsen,-0.3160914675908809,0.3626948904238196,0.36271913860881083,-0.07850775542098884,25,234399__777938
234399,A. Webster,270866,Diego Carlos,-0.25926625825488414,0.3334468086435527,0.2277033438296541,-0.08882689752529577,26,234399__270866
234399,A. Webster,488453,L. Martínez,-0.4147110708225403,0.39423562460808637,0.5083183380981948,-0.09165077770028301,27,234399__488453
234399,A. Webster,288080,C. Burgess,-0.5371944966527201,0.3714651432395521,0.4032046194422639,-0.20805480601947574,28,234399__288080
234399,A. Webster,620468,J. Greaves,-0.511516804381567,0.3362074682972082,0.24044717640142046,-0.24832941110752138,29,234399__620468
234399,A. Webster,504375,M. Lacroix,-0.5399547773814826,0.3285064913983043,0.2048977162900589,-0.2792564045964431,30,234399__504375
234399,A. Webster,563725,Morato,-0.4494019231769383,0.2703284755602942,-0.06366523105313679,-0.31439408093360777,31,234399__563725
234399,A. Webster,365443,M. de Ligt,-0.46730256373813317,0.22536849445772286,-0.27121072505934735,-0.39867042020055815,32,234399__365443
234399,A. Webster,590781,J. van Hecke,-0.6572129500080619,0.28888820497023987,0.0220106992863549,-0.419484672755016,33,234399__590781
234399,A. Webster,619747,L. Colwill,-0.4934215256850803,0.20027213717207548,-0.3870612157150953,-0.45619541719558554,34,234399__619747
234399,A. Webster,364003,S. Bueno,-0.6806815162092741,0.26883743216337225,-0.07054822634828314,-0.46713486475792726,35,234399__364003
234399,A. Webster,627012,Murillo,-0.6024955846746785,0.23280394152118197,-0.23688701103415638,-0.47453258390049574,36,234399__627012
234399,A. Webster,327391,J. Bree,-0.9866022123888926,0.35280346801701834,0.3170580840554259,-0.5303211086333811,37,234399__327391
234399,A. Webster,393247,I. Konaté,-0.5927907621935573,0.16700639353892938,-0.5406234509854834,-0.5745322032707314,38,234399__393247
234399,A. Webster,590874,Toti,-0.7478205189111834,0.2231331091985076,-0.281529771610092,-0.5846187573558014,39,234399__590874
234399,A. Webster,8136,J. Stephens,-0.6705948102662204,0.19178550071673742,-0.4262374589514057,-0.5850697373060352,40,8136__234399
234399,A. Webster,286380,I. Diop,-0.7560280576797951,0.21486368499529,-0.31970331370941363,-0.6033143972901616,41,234399__286380
234399,A. Webster,7953,C. Coady,-0.9830407978312469,0.28888820497023987,0.0220106992863549,-0.6312727738400863,42,7953__234399
234399,A. Webster,412027,E. Konsa,-0.8063841105946461,0.20560706650958063,-0.3624339690462259,-0.651001561052699,43,234399__412027
234399,A. Webster,479155,N. Collins,-0.6509379548183507,0.13206465812789234,-0.7019224453238779,-0.6687825264952852,44,234399__479155
234399,A. Webster,415847,C. Romero,-0.9393672339721131,0.23957289648089702,-0.20563997608067633,-0.6825626937101102,45,234399__415847
234399,A. Webster,604320,J. Branthwaite,-0.9219871765202987,0.1929384150076857,-0.42091534447996537,-0.746612035306182,46,234399__604320
234399,A. Webster,9433,J. Tarkowski,-0.7650976369394549,0.11792134040861874,-0.7672112152687912,-0.7658373893547226,47,9433__234399
234399,A. Webster,496001,M. Kilman,-0.8140193927373494,0.13101975582361536,-0.7067459519093152,-0.7764736884475374,48,234399__496001
234399,A. Webster,520300,N. Wood,-0.9907162884781564,0.19686906083811578,-0.4027705897306488,-0.7849352939165287,49,234399__520300
234399,A. Webster,62126,M. Doherty,-0.7607409240899039,0.07142763231347343,-0.9818367417513992,-0.8381244602714273,50,62126__234399
234399,A. Webster,402884,K. Walker-Peters,-1.2497886576531254,0.2604857114957426,-0.10910166763667227,-0.8505482111473669,51,234399__402884
234399,A. Webster,7919,M. Keane,-0.971396293367881,0.12961581059276703,-0.7132268822689015,-0.8810369994832382,52,7919__234399
234399,A. Webster,192792,D. Burn,-0.8578140589079476,0.044159940824265276,-1.1077106047235743,-0.9452778499434169,53,192792__234399
234399,A. Webster,769441,L. Yoro,-1.138265650986852,0.12961581059276703,-0.7132268822689015,-0.9895020819355694,54,234399__769441
234399,A. Webster,545267,R. Drăgușin,-1.2168398920149144,0.12961581059276703,-0.7132268822689015,-1.04057533860381,55,234399__545267
234399,A. Webster,285382,W. Faes,-1.071610009507077,0.03462189154768779,-1.1517404085717267,-1.0996556491797045,56,234399__285382
234399,A. Webster,258154,Rúben Dias,-1.0752646469792868,0.03415279747036026,-1.1539058534768796,-1.1027890692534443,57,234399__258154
234399,A. Webster,558243,S. van den Berg,-1.1703424842521164,0.06409964377024908,-1.0156644028174837,-1.116205155749995,58,234399__558243
234399,A. Webster,482177,J. Kiwior,-1.0703518249693869,0.0,-1.3115629309233507,-1.1547757120532742,59,234399__482177
234399,A. Webster,549884,T. Harwood-Bellis,-1.2931782683587094,0.06327032520287544,-1.0194927258624025,-1.197388328485002,60,234399__549884
234399,A. Webster,415917,Gabriel Magalhaes,-1.1722081699997287,0.0,-1.3115629309233507,-1.2209823363229964,61,234399__415917
234399,A. Webster,145787,J. Andersen,-1.188206763916261,0.0,-1.3115629309233507,-1.2313814223687425,62,145787__234399
234399,A. Webster,518805,L. Woolfenden,-1.5748341023452588,0.12961581059276703,-0.7132268822689015,-1.2732715753185337,63,234399__518805
234399,A. Webster,653730,A. Khusanov,-1.3634761983587416,0.04238519152253696,-1.1159032509732258,-1.2768256667738112,64,234399__653730
234399,A. Webster,767087,A. Gray,-1.618864093779147,0.12961581059276703,-0.7132268822689015,-1.301891069750561,65,234399__767087
234399,A. Webster,50102,F. Schär,-1.397668511543689,0.03666553185567316,-1.142306500307304,-1.3082918076109542,66,50102__234399
234399,A. Webster,8360,C. Dawson,-1.4524411463690725,0.0,-1.3115629309233507,-1.40313377096307,67,8360__234399
234399,A. Webster,625787,M. van de Ven,-1.5343450365650169,0.020422199221903223,-1.2172894165165409,-1.4233755695480501,68,234399__625787
234399,A. Webster,9097,L. Dunk,-1.5052390344066353,0.0,-1.3115629309233507,-1.4374523981874858,69,9097__234399
234399,A. Webster,557788,W. Fofana,-1.6962106941386972,0.071342336683293,-0.9822304857714864,-1.4463176212101736,70,234399__557788
234399,A. Webster,366217,K. Danso,-1.7641383335795005,0.0,-1.3115629309233507,-1.605736942649848,71,234399__366217
234399,A. Webster,297957,M. Akanji,-2.0115308770556806,0.0,-1.3115629309233507,-1.7665420959093652,72,234399__297957
234399,A. Webster,136441,B. Davies,-2.0198245285971286,0.0,-1.3115629309233507,-1.7719329694113064,73,136441__234399
240032,J. Bednarek,623641,E. Agbadou,1.5554496961396533,0.0,0.0,1.0110423024907746,1,240032__623641
240032,J. Bednarek,568412,J. Gvardiol,1.529812534714502,0.0,0.0,0.9943781475644263,2,240032__568412
240032,J. Bednarek,349142,N. Mazraoui,1.3602981283533044,0.0,0.0,0.8841937834296479,3,240032__349142
240032,J. Bednarek,370,V. van Dijk,1.069739925180695,0.0,0.0,0.6953309513674517,4,370__240032
240032,J. Bednarek,412968,M. Senesi,0.9535054002577207,0.0,0.0,0.6197785101675185,5,240032__412968
240032,J. Bednarek,645877,Y. Mosquera,0.8509770516691881,0.0,0.0,0.5531350835849723,6,240032__645877
240032,J. Bednarek,400549,Pau Torres,0.8371924412347229,0.0,0.0,0.5441750868025699,7,240032__400549
240032,J. Bednarek,283145,T. Adarabioyo,0.7767810537925516,0.0,0.0,0.5049076849651586,8,240032__283145
240032,J. Bednarek,413002,K. Mavropanos,0.7750499513188525,0.0,0.0,0.5037824683572542,9,240032__413002
240032,J. Bednarek,424806,E. Pinnock,0.7582159857456316,0.0,0.0,0.49284039073466057,10,240032__424806
240032,J. Bednarek,270866,Diego Carlos,0.711121471093915,0.0,0.0,0.46222895621104476,11,240032__270866
240032,J. Bednarek,583655,C. Okoli,0.6725871594197701,0.0,0.0,0.43718165362285055,12,240032__583655
240032,J. Bednarek,447424,C. Bassey,0.671320169450133,0.0,0.0,0.4363581101425864,13,240032__447424
240032,J. Bednarek,8653,H. Maguire,0.6403669698240602,0.0,0.0,0.4162385303856391,14,8653__240032
240032,J. Bednarek,346131,T. Chalobah,0.6384027225511681,0.0,0.0,0.4149617696582593,15,240032__346131
240032,J. Bednarek,534563,C. Richards,0.6296513647560072,0.0,0.0,0.4092733870914047,16,240032__534563
240032,J. Bednarek,399581,D. O'Shea,0.6226052540930855,0.0,0.0,0.4046934151605056,17,240032__399581
240032,J. Bednarek,8582,A. Cresswell,0.6152122983010156,0.0,0.0,0.3998879938956602,18,8582__240032
240032,J. Bednarek,590703,I. Zabarnyi,0.5905826326572975,0.0,0.0,0.3838787112272434,19,240032__590703
240032,J. Bednarek,578325,W. Saliba,0.5674850766285937,0.0,0.0,0.3688652998085859,20,240032__578325
240032,J. Bednarek,397074,M. Guéhi,0.5661928272735418,0.0,0.0,0.3680253377278022,21,240032__397074
240032,J. Bednarek,501419,J. Todibo,0.5574513340895307,0.0,0.0,0.362343367158195,22,240032__501419
240032,J. Bednarek,424241,N. Milenković,0.5437818959623169,0.0,0.0,0.35345823237550594,23,240032__424241
240032,J. Bednarek,488453,L. Martínez,0.4698176162953525,0.0,0.0,0.30538145059197913,24,240032__488453
240032,J. Bednarek,288080,C. Burgess,0.4690549412653214,0.0,0.0,0.3048857118224589,25,240032__288080
240032,J. Bednarek,15806,J. Vestergaard,0.4571620392382302,0.0,0.0,0.29715532550484963,26,15806__240032
240032,J. Bednarek,620468,J. Greaves,0.44229873188664814,0.0,0.0,0.2874941757263213,27,240032__620468
240032,J. Bednarek,777938,Dean Huijsen,0.43906002643133407,0.0,0.0,0.28538901718036713,28,240032__777938
240032,J. Bednarek,365443,M. de Ligt,0.4150887866763409,0.0,0.0,0.2698077113396216,29,240032__365443
240032,J. Bednarek,627012,Murillo,0.38847771881585114,0.0,0.0,0.25251051723030327,30,240032__627012
240032,J. Bednarek,619747,L. Colwill,0.38777588439321364,0.0,0.0,0.2520543248555889,31,240032__619747
240032,J. Bednarek,563725,Morato,0.37444806553669174,0.0,0.0,0.24339124259884964,32,240032__563725
240032,J. Bednarek,393247,I. Konaté,0.3568454640025598,0.0,0.0,0.23194955160166386,33,240032__393247
240032,J. Bednarek,364003,S. Bueno,0.3424205589477881,0.0,0.0,0.22257336331606228,34,240032__364003
240032,J. Bednarek,590781,J. van Hecke,0.3338889598117824,0.0,0.0,0.21702782387765857,35,240032__590781
240032,J. Bednarek,286380,I. Diop,0.3175159406985707,0.0,0.0,0.20638536145407096,36,240032__286380
240032,J. Bednarek,9433,J. Tarkowski,0.31604440486997415,0.0,0.0,0.2054288631654832,37,9433__240032
240032,J. Bednarek,504375,M. Lacroix,0.2883386222709294,0.0,0.0,0.1874201044761041,38,240032__504375
240032,J. Bednarek,412027,E. Konsa,0.28184599595535803,0.0,0.0,0.18319989737098272,39,240032__412027
240032,J. Bednarek,62126,M. Doherty,0.27025523912833826,0.0,0.0,0.17566590543341987,40,62126__240032
240032,J. Bednarek,590874,Toti,0.267637022254904,0.0,0.0,0.1739640644656876,41,240032__590874
240032,J. Bednarek,479155,N. Collins,0.236624170929433,0.0,0.0,0.15380571110413147,42,240032__479155
240032,J. Bednarek,8136,J. Stephens,0.22723542101580763,0.0,0.0,0.14770302366027496,43,8136__240032
240032,J. Bednarek,604320,J. Branthwaite,0.22465981402519905,0.0,0.0,0.14602887911637938,44,240032__604320
240032,J. Bednarek,7919,M. Keane,0.22196451062804295,0.0,0.0,0.14427693190822793,45,7919__240032
240032,J. Bednarek,7953,C. Coady,0.197507471867647,0.0,0.0,0.12837985671397056,46,7953__240032
240032,J. Bednarek,192792,D. Burn,0.17845635708116186,0.0,0.0,0.11599663210275521,47,192792__240032
240032,J. Bednarek,496001,M. Kilman,0.17025578228895155,0.0,0.0,0.11066625848781851,48,240032__496001
240032,J. Bednarek,482177,J. Kiwior,0.1666407393230667,0.0,0.0,0.10831648055999335,49,240032__482177
240032,J. Bednarek,769441,L. Yoro,0.15958377194737933,0.0,0.0,0.10372945176579657,50,240032__769441
240032,J. Bednarek,258154,Rúben Dias,0.15286010640808112,0.0,0.0,0.09935906916525274,51,240032__258154
240032,J. Bednarek,327391,J. Bree,0.1350055758820271,0.0,0.0,0.08775362432331762,52,240032__327391
240032,J. Bednarek,415917,Gabriel Magalhaes,0.1248894844092576,0.0,0.0,0.08117816486601744,53,240032__415917
240032,J. Bednarek,545267,R. Drăgușin,0.11799310431143971,0.0,0.0,0.07669551780243582,54,240032__545267
240032,J. Bednarek,558243,S. van den Berg,0.11134666805709616,0.0,0.0,0.07237533423711251,55,240032__558243
240032,J. Bednarek,285382,W. Faes,0.101990325583208,0.0,0.0,0.0662937116290852,56,240032__285382
240032,J. Bednarek,520300,N. Wood,0.09885405991789933,0.0,0.0,0.06425513894663457,57,240032__520300
240032,J. Bednarek,415847,C. Romero,0.08786154152333193,0.0,0.0,0.05711000199016576,58,240032__415847
240032,J. Bednarek,402884,K. Walker-Peters,0.06823823962592168,0.0,0.0,0.044354855756849096,59,240032__402884
240032,J. Bednarek,549884,T. Harwood-Bellis,0.028685303889817514,0.0,0.0,0.018645447528381383,60,240032__549884
240032,J. Bednarek,8360,C. Dawson,0.02099166411888463,0.0,0.0,0.013644581677275011,61,8360__240032
240032,J. Bednarek,145787,J. Andersen,0.0059708509195436545,0.0,0.0,0.0038810530977033755,62,145787__240032
240032,J. Bednarek,9097,L. Dunk,0.005147908819219324,0.0,0.0,0.0033461407324925606,63,9097__240032
240032,J. Bednarek,625787,M. van de Ven,0.0007482283373294873,0.0,0.0,0.0004863484192641668,64,240032__625787
240032,J. Bednarek,50102,F. Schär,-0.02444296689384866,0.0,0.0,-0.01588792848100163,65,50102__240032
240032,J. Bednarek,767087,A. Gray,-0.046714509932381965,0.0,0.0,-0.030364431456048276,66,240032__767087
240032,J. Bednarek,366217,K. Danso,-0.08311369416484574,0.0,0.0,-0.05402390120714973,67,240032__366217
240032,J. Bednarek,518805,L. Woolfenden,-0.09851410226432578,0.0,0.0,-0.06403416647181176,68,240032__518805
240032,J. Bednarek,234399,A. Webster,-0.10126361534541412,0.0,0.0,-0.06582134997451917,69,234399__240032
240032,J. Bednarek,653730,A. Khusanov,-0.17893761418311277,0.0,0.0,-0.11630944921902331,70,240032__653730
240032,J. Bednarek,557788,W. Fofana,-0.22011322192620558,0.0,0.0,-0.14307359425203364,71,240032__557788
240032,J. Bednarek,297957,M. Akanji,-0.2931065900659234,0.0,0.0,-0.1905192835428502,72,240032__297957
240032,J. Bednarek,136441,B. Davies,-0.3193770244423608,0.0,0.0,-0.20759506588753454,73,136441__240032
258154,Rúben Dias,349142,N. Mazraoui,0.9564785940213526,0.37401187585446954,2.254663942859241,1.4108434661146136,1,258154__349142
258154,Rúben Dias,412968,M. Senesi,0.5625534603726441,0.33792731560784856,1.9528895959810597,1.0491711078355896,2,258154__412968
258154,Rúben Dias,645877,Y. Mosquera,0.42129606108322587,0.3683474896116717,2.207292811073143,1.046394923579697,3,258154__645877
258154,Rúben Dias,583655,C. Okoli,0.3218248063054099,0.3611902383982466,2.147436883895073,0.960789033461792,4,258154__583655
258154,Rúben Dias,534563,C. Richards,0.23407063080056362,0.34636257574889423,2.023433482408219,0.860347628863243,5,258154__534563
258154,Rúben Dias,590703,I. Zabarnyi,0.20673671657742548,0.34482424240055665,2.0105684360198826,0.8380778183822853,6,258154__590703
258154,Rúben Dias,568412,J. Gvardiol,1.0575947925392564,0.1407372383116246,0.30379351776299696,0.7937643463675657,7,258154__568412
258154,Rúben Dias,501419,J. Todibo,0.10842495489872997,0.3492291049154712,2.047406199856869,0.7870683906340785,8,258154__501419
258154,Rúben Dias,240032,J. Bednarek,0.15286010640808112,0.2967241500070533,1.6083084703275228,0.6622670337798856,9,240032__258154
258154,Rúben Dias,447424,C. Bassey,0.27289860349089606,0.2527513264934951,1.240564759291549,0.6115817580211246,10,258154__447424
258154,Rúben Dias,488453,L. Martínez,-0.028533869641464517,0.3123560554883331,1.739037736108624,0.5901161923710665,11,258154__488453
258154,Rúben Dias,504375,M. Lacroix,-0.14502375266057138,0.32841419093365276,1.8733315532695658,0.5614006044149766,12,258154__504375
258154,Rúben Dias,623641,E. Agbadou,0.9474459250458781,0.07392379231326462,-0.2549657934502739,0.526601823572225,13,258154__623641
258154,Rúben Dias,364003,S. Bueno,-0.1878722953531936,0.30353204862535477,1.6652427697927124,0.46071797744787346,14,258154__364003
258154,Rúben Dias,402884,K. Walker-Peters,-0.4756068191657422,0.307257230034044,1.6963963761807852,0.2845942992055423,15,258154__402884
258154,Rúben Dias,777938,Dean Huijsen,-0.0459925677969344,0.1943997080993129,0.7525715175881771,0.23350486208785462,16,258154__777938
258154,Rúben Dias,327391,J. Bree,-0.3802180207830919,0.2621145721453365,1.3188693671884684,0.21446256500695415,17,258154__327391
258154,Rúben Dias,424806,E. Pinnock,0.285835332489555,0.11401863690348846,0.08034646909919148,0.21391423030292778,18,258154__424806
258154,Rúben Dias,370,V. van Dijk,0.4392257134398234,0.06982980600744228,-0.28920370670524975,0.18427541638904785,19,370__258154
258154,Rúben Dias,578325,W. Saliba,0.08166832300604286,0.14003687441951734,0.297936390651755,0.1573621466820421,20,258154__578325
258154,Rúben Dias,346131,T. Chalobah,0.133106422321833,0.119790522013513,0.12861661143788503,0.1315349885124512,21,258154__346131
258154,Rúben Dias,283145,T. Adarabioyo,0.19492144526514538,0.06982980600744228,-0.28920370670524975,0.025477642075507095,22,258154__283145
258154,Rúben Dias,8136,J. Stephens,-0.30189910850386087,0.17443846168185093,0.5856360731949452,0.008738205090721207,23,8136__258154
258154,Rúben Dias,400549,Pau Torres,0.1609455069823602,0.06982980600744228,-0.28920370670524975,0.0033932821916967254,24,258154__400549
258154,Rúben Dias,15806,J. Vestergaard,-0.054160289312475296,0.11369149102303386,0.07761055563001407,-0.008040493582604023,25,15806__258154
258154,Rúben Dias,399581,D. O'Shea,0.08616128247281253,0.07486899486253765,-0.24706108628396814,-0.03046654659206069,26,258154__399581
258154,Rúben Dias,563725,Morato,-0.16269815962995754,0.12453128768601218,0.16826352565114355,-0.04686156978157217,27,258154__563725
258154,Rúben Dias,397074,M. Guéhi,0.03065437141029949,0.07852866791127844,-0.2164553248025087,-0.05583402226418338,28,258154__397074
258154,Rúben Dias,8653,H. Maguire,0.006118360866177126,0.06982980600744228,-0.28920370670524975,-0.09724436278382227,29,8653__258154
258154,Rúben Dias,619747,L. Colwill,-0.23174922445426172,0.11828411401110078,0.11601855598277987,-0.11003050130129718,30,258154__619747
258154,Rúben Dias,520300,N. Wood,-0.4734614272648982,0.16562465308330102,0.5119263947297417,-0.1285756895667743,31,258154__520300
258154,Rúben Dias,8582,A. Cresswell,-0.06374789613524541,0.06982980600744228,-0.28920370670524975,-0.14265742983474694,32,8582__258154
258154,Rúben Dias,479155,N. Collins,-0.33417916000836656,0.12855906278790388,0.20194771613145812,-0.14653475335942792,33,258154__479155
258154,Rúben Dias,424241,N. Milenković,-0.07061877269978807,0.06982980600744228,-0.28920370670524975,-0.14712349960169965,34,258154__424241
258154,Rúben Dias,270866,Diego Carlos,-0.0010813124551099368,0.04455860367331284,-0.5005461902241507,-0.1758940196742742,35,258154__270866
258154,Rúben Dias,365443,M. de Ligt,-0.21185981195251327,0.077976617789805,-0.22107210726329174,-0.21508411531128574,36,258154__365443
258154,Rúben Dias,415847,C. Romero,-0.4802081246901927,0.13045981311842048,0.21784364740095016,-0.23589000445829272,37,258154__415847
258154,Rúben Dias,413002,K. Mavropanos,0.09077167039287987,0.0030751601870167237,-0.8474712733837055,-0.23761335992892502,38,258154__413002
258154,Rúben Dias,393247,I. Konaté,-0.2974403358189657,0.07642107515156216,-0.23408107454704447,-0.27526459437379325,39,258154__393247
258154,Rúben Dias,288080,C. Burgess,-0.30142437301082015,0.06982980600744228,-0.28920370670524975,-0.29714713980387053,40,258154__288080
258154,Rúben Dias,9433,J. Tarkowski,-0.374680017909893,0.06675464582042555,-0.3149212005763205,-0.35376443184314266,41,9433__258154
258154,Rúben Dias,286380,I. Diop,-0.4577673047216573,0.06675464582042555,-0.3149212005763205,-0.4077711682707894,42,258154__286380
258154,Rúben Dias,604320,J. Branthwaite,-0.48145666189523834,0.06982980600744228,-0.28920370670524975,-0.41416812757874233,43,258154__604320
258154,Rúben Dias,412027,E. Konsa,-0.5390735961788659,0.06982980600744228,-0.28920370670524975,-0.45161913486310024,44,258154__412027
258154,Rúben Dias,620468,J. Greaves,-0.25648103253996335,0.0030751601870167237,-0.8474712733837055,-0.4633276168352731,45,258154__620468
258154,Rúben Dias,627012,Murillo,-0.34837186292118344,0.0,-0.8731887672547763,-0.532057779437941,46,258154__627012
258154,Rúben Dias,590874,Toti,-0.3898842912459369,0.0011458581073985833,-0.8636059822738326,-0.5556868831057004,47,258154__590874
258154,Rúben Dias,590781,J. van Hecke,-0.3906847330588389,0.0,-0.8731887672547763,-0.5595611450274169,48,258154__590781
258154,Rúben Dias,496001,M. Kilman,-0.5598956709838543,0.029979808490692116,-0.6224683188142621,-0.581796097724497,49,258154__496001
258154,Rúben Dias,62126,M. Doherty,-0.4656321037966526,0.008805193441887264,-0.7995511371464699,-0.5825037654690887,50,62126__258154
258154,Rúben Dias,192792,D. Burn,-0.5328438954098407,0.0030751601870167237,-0.8474712733837055,-0.6429634777006934,51,192792__258154
258154,Rúben Dias,50102,F. Schär,-0.7360383905085146,0.03666553185567316,-0.5665557681808016,-0.676719472693815,52,50102__258154
258154,Rúben Dias,557788,W. Fofana,-0.9005974435011392,0.071342336683293,-0.27655444747308805,-0.6821823948913214,53,258154__557788
258154,Rúben Dias,769441,L. Yoro,-0.5953437323933576,0.0030751601870167237,-0.8474712733837055,-0.6835883717399793,54,258154__769441
258154,Rúben Dias,7919,M. Keane,-0.6078559417402206,0.0030751601870167237,-0.8474712733837055,-0.6917213078154403,55,7919__258154
258154,Rúben Dias,653730,A. Khusanov,-0.8262967547923812,0.04238519152253696,-0.5187223860213244,-0.7186457257225114,56,258154__653730
258154,Rúben Dias,482177,J. Kiwior,-0.6409051047296132,0.0,-0.8731887672547763,-0.7222043866134202,57,258154__482177
258154,Rúben Dias,558243,S. van den Berg,-0.665743082479242,0.0030751601870167237,-0.8474712733837055,-0.7293479492958042,58,258154__558243
258154,Rúben Dias,7953,C. Coady,-0.6578632059029114,0.0,-0.8731887672547763,-0.7332271523760641,59,7953__258154
258154,Rúben Dias,545267,R. Drăgușin,-0.6849093892683839,0.0030751601870167237,-0.8474712733837055,-0.7418060487087464,60,258154__545267
258154,Rúben Dias,549884,T. Harwood-Bellis,-0.6896214320260454,0.0030751601870167237,-0.8474712733837055,-0.7448688765012265,61,258154__549884
258154,Rúben Dias,285382,W. Faes,-0.7213085143724699,0.0,-0.8731887672547763,-0.7744666028812772,62,258154__285382
258154,Rúben Dias,145787,J. Andersen,-0.731070444481819,0.0,-0.8731887672547763,-0.7808118574523542,63,145787__258154
258154,Rúben Dias,415917,Gabriel Magalhaes,-0.8686859935059327,0.0,-0.8731887672547763,-0.870261964318028,64,258154__415917
258154,Rúben Dias,625787,M. van de Ven,-0.8907340005295811,0.0030751601870167237,-0.8474712733837055,-0.8755920460285246,65,258154__625787
258154,Rúben Dias,767087,A. Gray,-0.9550368460174141,0.0030751601870167237,-0.8474712733837055,-0.9173888955956161,66,258154__767087
258154,Rúben Dias,8360,C. Dawson,-0.9448942049972866,0.0,-0.8731887672547763,-0.9197973017874079,67,8360__258154
258154,Rúben Dias,518805,L. Woolfenden,-0.9969810060240256,0.0030751601870167237,-0.8474712733837055,-0.9446525995999135,68,258154__518805
258154,Rúben Dias,9097,L. Dunk,-1.0051182650811499,0.0,-0.8731887672547763,-0.9589429408419192,69,9097__258154
258154,Rúben Dias,366217,K. Danso,-1.06390917455083,0.0,-0.8731887672547763,-0.9971570319972112,70,258154__366217
258154,Rúben Dias,234399,A. Webster,-1.0752646469792868,0.0,-0.8731887672547763,-1.004538089075708,71,234399__258154
258154,Rúben Dias,297957,M. Akanji,-1.2207272799179214,0.0,-0.8731887672547763,-1.0990888004858206,72,258154__297957
258154,Rúben Dias,136441,B. Davies,-1.2676259284798481,0.0,-0.8731887672547763,-1.129572922051073,73,136441__258154
270866,Diego Carlos,349142,N. Mazraoui,1.443252447514034,0.14863459040694738,1.5777391025317915,1.4903227767702492,1,270866__349142
270866,Diego Carlos,412968,M. Senesi,1.1389329418107086,0.14863459040694738,1.5777391025317915,1.2925150980630877,2,270866__412968
270866,Diego Carlos,645877,Y. Mosquera,1.0013576579767907,0.14863459040694738,1.5777391025317915,1.2030911635710408,3,270866__645877
270866,Diego Carlos,583655,C. Okoli,0.8729291633302501,0.156359858074099,1.7018914942163448,1.1630659791403832,4,270866__583655
270866,Diego Carlos,590703,I. Zabarnyi,0.8297724086941362,0.15694755207211317,1.7113362951702797,1.1383197689607865,5,270866__590703
270866,Diego Carlos,534563,C. Richards,0.8011428824232524,0.15694755207211317,1.7113362951702797,1.119710576884712,6,270866__534563
270866,Diego Carlos,501419,J. Todibo,0.755450039372852,0.15694755207211317,1.7113362951702797,1.0900102289019518,7,270866__501419
270866,Diego Carlos,240032,J. Bednarek,0.711121471093915,0.15694755207211317,1.7113362951702797,1.0611966595206428,8,240032__270866
270866,Diego Carlos,568412,J. Gvardiol,1.342813624353806,0.07922039396934813,0.4621870108892675,1.0345943096412176,9,270866__568412
270866,Diego Carlos,447424,C. Bassey,0.6813098093928195,0.14191501767184753,1.4697491839807157,0.9572635904985831,10,270866__447424
270866,Diego Carlos,488453,L. Martínez,0.61805526422882,0.14863459040694738,1.5777391025317915,0.95394460763486,11,270866__488453
270866,Diego Carlos,504375,M. Lacroix,0.5020013318135511,0.15694755207211317,1.7113362951702797,0.9252685689884061,12,270866__504375
270866,Diego Carlos,364003,S. Bueno,0.4831652262313263,0.14863459040694738,1.5777391025317915,0.8662660829364892,13,270866__364003
270866,Diego Carlos,8136,J. Stephens,0.3843121280014563,0.15694755207211317,1.7113362951702797,0.8487705865105446,14,8136__270866
270866,Diego Carlos,327391,J. Bree,0.35311580360783945,0.15694755207211317,1.7113362951702797,0.8284929756546936,15,270866__327391
270866,Diego Carlos,777938,Dean Huijsen,0.6010325166771879,0.12620979034518492,1.2173512582951593,0.8167440762434779,16,270866__777938
270866,Diego Carlos,346131,T. Chalobah,0.5703434055142081,0.12307265343763987,1.1669344873954646,0.7791502841726479,17,270866__346131
270866,Diego Carlos,520300,N. Wood,0.25987239712603305,0.15694755207211317,1.7113362951702797,0.7678847614415194,18,270866__520300
270866,Diego Carlos,402884,K. Walker-Peters,0.2536657811789095,0.14863459040694738,1.5777391025317915,0.7170914436524182,19,270866__402884
270866,Diego Carlos,623641,E. Agbadou,1.228603532814149,0.007169146492839075,-0.6957449965802511,0.5550815475261089,20,270866__623641
270866,Diego Carlos,415847,C. Romero,0.19094266312470992,0.11946374514849631,1.1089359021331644,0.5122402967776689,21,270866__415847
270866,Diego Carlos,578325,W. Saliba,0.5892356238858377,0.07328222859909178,0.3667550511565967,0.5113674234306034,22,270866__578325
270866,Diego Carlos,424806,E. Pinnock,0.7245052565805838,0.05250179256121197,0.03279369919972505,0.4824062114972833,23,270866__424806
270866,Diego Carlos,479155,N. Collins,0.32057277134514633,0.09747144654945347,0.7554987673498796,0.4727968699468029,24,270866__479155
270866,Diego Carlos,563725,Morato,0.39565951239274766,0.082499622722471,0.5148873327579944,0.437389249520584,25,270866__563725
270866,Diego Carlos,619747,L. Colwill,0.39461000118968803,0.051529468190675234,0.017167522697309694,0.2625051337173556,26,270866__619747
270866,Diego Carlos,370,V. van Dijk,0.7251991033022516,0.008312961665165798,-0.6773627999486357,0.23430243716444105,27,370__270866
270866,Diego Carlos,15806,J. Vestergaard,0.3507319243437011,0.04693684520260831,-0.056640292467262,0.208151648459864,28,15806__270866
270866,Diego Carlos,399581,D. O'Shea,0.6277642325637781,0.013352150520261168,-0.5963782469899793,0.19931436471996303,29,270866__399581
270866,Diego Carlos,400549,Pau Torres,0.6416706008912625,0.008312961665165798,-0.6773627999486357,0.18000891059729812,30,270866__400549
270866,Diego Carlos,397074,M. Guéhi,0.5066858835255128,0.017011823569001966,-0.5375638238060902,0.14119848595945175,31,270866__397074
270866,Diego Carlos,8582,A. Cresswell,0.551583884853006,0.008312961665165798,-0.6773627999486357,0.12145254517243143,32,8582__270866
270866,Diego Carlos,283145,T. Adarabioyo,0.5424119414807979,0.008312961665165798,-0.6773627999486357,0.11549078198049612,33,270866__283145
270866,Diego Carlos,413002,K. Mavropanos,0.4622992421242385,0.008312961665165798,-0.6773627999486357,0.06341752739873258,34,270866__413002
270866,Diego Carlos,424241,N. Milenković,0.4155352513797218,0.008312961665165798,-0.6773627999486357,0.03302093341479667,35,270866__424241
270866,Diego Carlos,365443,M. de Ligt,0.38510146846861837,0.011221971969379454,-0.6306122403222274,0.02960167039182235,36,270866__365443
270866,Diego Carlos,288080,C. Burgess,0.40542652781731175,0.008312961665165798,-0.6773627999486357,0.026450263099230154,37,270866__288080
270866,Diego Carlos,8653,H. Maguire,0.3502762056033521,0.008312961665165798,-0.6773627999486357,-0.009397446339843601,38,8653__270866
270866,Diego Carlos,393247,I. Konaté,0.32457734701860413,0.009666429331136603,-0.6556112885398483,-0.0184886754268542,39,270866__393247
270866,Diego Carlos,557788,W. Fofana,-0.17132484315648705,0.06431607202599626,0.22266039570520518,-0.03343000955489478,40,270866__557788
270866,Diego Carlos,620468,J. Greaves,0.29945101635337096,0.008312961665165798,-0.6773627999486357,-0.04243381935233134,41,270866__620468
270866,Diego Carlos,50102,F. Schär,-0.006765790163862542,0.03666553185567316,-0.2217100573876088,-0.08199628369217372,42,50102__270866
270866,Diego Carlos,412027,E. Konsa,0.2182175825073483,0.008312961665165798,-0.6773627999486357,-0.0952355513522461,43,270866__412027
270866,Diego Carlos,62126,M. Doherty,0.211499414555095,0.008312961665165798,-0.6773627999486357,-0.09960236052121074,44,62126__270866
270866,Diego Carlos,192792,D. Burn,0.19787769856569243,0.008312961665165798,-0.6773627999486357,-0.10845647591432239,45,192792__270866
270866,Diego Carlos,9433,J. Tarkowski,0.2682838425179501,0.0,-0.8109599925871241,-0.10945149976882584,46,9433__270866
270866,Diego Carlos,604320,J. Branthwaite,0.1680214141469259,0.008312961665165798,-0.6773627999486357,-0.12786306078652065,47,270866__604320
270866,Diego Carlos,653730,A. Khusanov,-0.1441467423333429,0.04238519152253696,-0.12978969192477158,-0.13912177469034293,48,270866__653730
270866,Diego Carlos,7919,M. Keane,0.14870015815596904,0.008312961665165798,-0.6773627999486357,-0.14042187718064258,49,7919__270866
270866,Diego Carlos,627012,Murillo,0.21618278761040827,0.0,-0.8109599925871241,-0.14331718545872804,50,270866__627012
270866,Diego Carlos,769441,L. Yoro,0.13799009199757362,0.008312961665165798,-0.6773627999486357,-0.14738342018359962,51,270866__769441
270866,Diego Carlos,590874,Toti,0.193747470486048,0.0011458581073985833,-0.79254496404778,-0.15145488160079176,52,270866__590874
270866,Diego Carlos,496001,M. Kilman,0.10821128528346302,0.008312961665165798,-0.6773627999486357,-0.16673964454777152,53,270866__496001
270866,Diego Carlos,286380,I. Diop,0.16914923681316468,0.0,-0.8109599925871241,-0.17388899347693637,54,270866__286380
270866,Diego Carlos,558243,S. van den Berg,0.05769499845571022,0.008312961665165798,-0.6773627999486357,-0.19957523098581084,55,270866__558243
270866,Diego Carlos,545267,R. Drăgușin,0.055395439739433824,0.008312961665165798,-0.6773627999486357,-0.2010699441513905,56,270866__545267
270866,Diego Carlos,549884,T. Harwood-Bellis,0.04371239236488572,0.008312961665165798,-0.6773627999486357,-0.20866392494484676,57,270866__549884
270866,Diego Carlos,590781,J. van Hecke,0.10249055350763875,0.0,-0.8109599925871241,-0.21721713762552824,58,270866__590781
270866,Diego Carlos,482177,J. Kiwior,0.088367495615039,0.0,-0.8109599925871241,-0.2263971252557181,59,270866__482177
270866,Diego Carlos,285382,W. Faes,0.008125958984233086,0.0,-0.8109599925871241,-0.2785541240657419,60,270866__285382
270866,Diego Carlos,258154,Rúben Dias,-0.0010813124551099368,0.0,-0.8109599925871241,-0.2845388505013149,61,258154__270866
270866,Diego Carlos,7953,C. Coady,-0.024586473551092627,0.0,-0.8109599925871241,-0.29981720521370364,62,7953__270866
270866,Diego Carlos,145787,J. Andersen,-0.028094225348859143,0.0,-0.8109599925871241,-0.30209724388225184,63,145787__270866
270866,Diego Carlos,415917,Gabriel Magalhaes,-0.03311315850021268,0.0,-0.8109599925871241,-0.3053595504306317,64,270866__415917
270866,Diego Carlos,767087,A. Gray,-0.11997886240445577,0.008312961665165798,-0.6773627999486357,-0.31506324054491874,65,270866__767087
270866,Diego Carlos,625787,M. van de Ven,-0.12600984890672845,0.008312961665165798,-0.6773627999486357,-0.31898338177139596,66,270866__625787
270866,Diego Carlos,518805,L. Woolfenden,-0.1717784547363999,0.008312961665165798,-0.6773627999486357,-0.34873297556068245,67,270866__518805
270866,Diego Carlos,8360,C. Dawson,-0.1342687847764313,0.0,-0.8109599925871241,-0.3711107075101738,68,8360__270866
270866,Diego Carlos,9097,L. Dunk,-0.15285473409025072,0.0,-0.8109599925871241,-0.3831915745641564,69,9097__270866
270866,Diego Carlos,366217,K. Danso,-0.2411163370743161,0.0,-0.8109599925871241,-0.4405616165037989,70,270866__366217
270866,Diego Carlos,234399,A. Webster,-0.25926625825488414,0.0,-0.8109599925871241,-0.4523590652711681,71,234399__270866
270866,Diego Carlos,297957,M. Akanji,-0.40642635870594374,0.0,-0.8109599925871241,-0.5480131305643569,72,270866__297957
270866,Diego Carlos,136441,B. Davies,-0.46000806429401203,0.0,-0.8109599925871241,-0.5828412391966012,73,136441__270866
283145,T. Adarabioyo,349142,N. Mazraoui,1.5852003433520414,0.09700727826019451,1.524216042613581,1.5638558380935803,1,283145__349142
283145,T. Adarabioyo,412968,M. Senesi,1.2989667539708054,0.09700727826019451,1.524216042613581,1.377804004995777,2,283145__412968
283145,T. Adarabioyo,645877,Y. Mosquera,1.1129850470395295,0.09700727826019451,1.524216042613581,1.2569158954904474,3,283145__645877
283145,T. Adarabioyo,583655,C. Okoli,0.9721210213985678,0.09700727826019451,1.524216042613581,1.1653542788238225,4,283145__583655
283145,T. Adarabioyo,534563,C. Richards,0.9304298441996428,0.09700727826019451,1.524216042613581,1.138255013644521,5,283145__534563
283145,T. Adarabioyo,590703,I. Zabarnyi,0.888639984924543,0.09700727826019451,1.524216042613581,1.1110916051157063,6,283145__590703
283145,T. Adarabioyo,501419,J. Todibo,0.8194593294598723,0.09700727826019451,1.524216042613581,1.0661241790636704,7,283145__501419
283145,T. Adarabioyo,447424,C. Bassey,0.7929371984555584,0.09700727826019451,1.524216042613581,1.0488847939108663,8,283145__447424
283145,T. Adarabioyo,568412,J. Gvardiol,1.4097671112656238,0.0484977706516581,0.3712035220776513,1.0462698550498335,9,283145__568412
283145,T. Adarabioyo,240032,J. Bednarek,0.7767810537925516,0.09700727826019451,1.524216042613581,1.0383832998799118,10,240032__283145
283145,T. Adarabioyo,488453,L. Martínez,0.7260573798491176,0.09700727826019451,1.524216042613581,1.0054129118166797,11,283145__488453
283145,T. Adarabioyo,346131,T. Chalobah,0.6906040730888416,0.09542115159515156,1.48651572376663,0.9691731508260675,12,283145__346131
283145,T. Adarabioyo,364003,S. Bueno,0.6431990383914234,0.09700727826019451,1.524216042613581,0.9515549898691785,13,283145__364003
283145,T. Adarabioyo,504375,M. Lacroix,0.6275910796215523,0.09700727826019451,1.524216042613581,0.9414098166687622,14,283145__504375
283145,T. Adarabioyo,8136,J. Stephens,0.5220656137965489,0.09700727826019451,1.524216042613581,0.87281826388251,15,8136__283145
283145,T. Adarabioyo,777938,Dean Huijsen,0.6588376271483851,0.08207608095072612,1.1693194812355823,0.8375062760789042,16,283145__777938
283145,T. Adarabioyo,402884,K. Walker-Peters,0.41369959333900663,0.09700727826019451,1.524216042613581,0.8023803505851076,17,283145__402884
283145,T. Adarabioyo,327391,J. Bree,0.4062040492159124,0.09700727826019451,1.524216042613581,0.7975082469050964,18,283145__327391
283145,T. Adarabioyo,520300,N. Wood,0.38685030689732297,0.09700727826019451,1.524216042613581,0.7849283143980132,19,283145__520300
283145,T. Adarabioyo,415847,C. Romero,0.3509764752848072,0.09700727826019451,1.524216042613581,0.7616103238498779,20,283145__415847
283145,T. Adarabioyo,563725,Morato,0.555693324552845,0.07794341391245246,1.0710909674195166,0.7360824995561801,21,283145__563725
283145,T. Adarabioyo,479155,N. Collins,0.469058470685072,0.08213045814859818,1.1706119616805313,0.7146021925334827,22,283145__479155
283145,T. Adarabioyo,623641,E. Agbadou,1.4025025862779907,0.007169146492839075,-0.6111280549853253,0.6977318618358301,23,283145__623641
283145,T. Adarabioyo,578325,W. Saliba,0.7008630129485767,0.051927601767268634,0.45272647323881193,0.6140152240501591,24,283145__578325
283145,T. Adarabioyo,424806,E. Pinnock,0.7291870790912987,0.04418883089604617,0.2687852182567052,0.568046427799191,25,283145__424806
283145,T. Adarabioyo,619747,L. Colwill,0.5169484388415163,0.051529468190675234,0.44326331804947416,0.4911586465643016,26,283145__619747
283145,T. Adarabioyo,15806,J. Vestergaard,0.46235931340643993,0.04693684520260831,0.33410220575629446,0.417469325728889,27,15806__283145
283145,T. Adarabioyo,370,V. van Dijk,0.8622599114942844,0.0,-0.7815300251414825,0.286933433671766,28,370__283145
283145,T. Adarabioyo,399581,D. O'Shea,0.664195520144625,0.00503918885509537,-0.6617545804975624,0.20011298491985946,29,283145__399581
283145,T. Adarabioyo,400549,Pau Torres,0.6863825930084142,0.0,-0.7815300251414825,0.17261317665595038,30,283145__400549
283145,T. Adarabioyo,397074,M. Guéhi,0.5664059543949365,0.008698861903836168,-0.5747685636466412,0.16699487308038433,31,283145__397074
283145,T. Adarabioyo,413002,K. Mavropanos,0.664633151990232,0.0,-0.7815300251414825,0.1584760399941319,32,283145__413002
283145,T. Adarabioyo,365443,M. de Ligt,0.4939866635172031,0.011221971969379454,-0.5147972788474175,0.14091228368958586,33,283145__365443
283145,T. Adarabioyo,50102,F. Schär,0.15326802199623488,0.03666553185567316,0.08996546895544551,0.1311121284319586,34,50102__283145
283145,T. Adarabioyo,557788,W. Fofana,-0.011291030996389895,0.0485095076085364,0.3714824953944469,0.12267970324040296,35,283145__557788
283145,T. Adarabioyo,8582,A. Cresswell,0.5962958769701578,0.0,-0.7815300251414825,0.11405681123108374,36,8582__283145
283145,T. Adarabioyo,393247,I. Konaté,0.44459125923194925,0.009666429331136603,-0.551770652244551,0.09586459021517416,37,283145__393247
283145,T. Adarabioyo,653730,A. Khusanov,0.01588706982675414,0.04238519152253696,0.22591488452811168,0.08939680497222928,38,283145__653730
283145,T. Adarabioyo,270866,Diego Carlos,0.5424119414807979,0.0,-0.7815300251414825,0.07903225316299972,39,270866__283145
283145,T. Adarabioyo,8653,H. Maguire,0.47756983040709894,0.0,-0.7815300251414825,0.03688488096509546,40,8653__283145
283145,T. Adarabioyo,424241,N. Milenković,0.47496541013976323,0.0,-0.7815300251414825,0.03519200779132725,41,283145__424241
283145,T. Adarabioyo,288080,C. Burgess,0.4501385199344634,0.0,-0.7815300251414825,0.01905452915788236,42,283145__288080
283145,T. Adarabioyo,620468,J. Greaves,0.4073562088816805,0.0,-0.7815300251414825,-0.008753973026426554,43,283145__620468
283145,T. Adarabioyo,9433,J. Tarkowski,0.37991123158068896,0.0,-0.7815300251414825,-0.02659320827207104,44,9433__283145
283145,T. Adarabioyo,627012,Murillo,0.3773765589106375,0.0,-0.7815300251414825,-0.028240745507604498,45,283145__627012
283145,T. Adarabioyo,590874,Toti,0.35378128264614517,0.0011458581073985833,-0.7542943591922434,-0.03404519199729081,46,283145__590874
283145,T. Adarabioyo,286380,I. Diop,0.3208067954823408,0.0,-0.7815300251414825,-0.06501109173599734,47,283145__286380
283145,T. Adarabioyo,62126,M. Doherty,0.31952721695003017,0.0,-0.7815300251414825,-0.06584281778199927,48,62126__283145
283145,T. Adarabioyo,192792,D. Burn,0.3172256973636064,0.0,-0.7815300251414825,-0.06733880551317473,49,192792__283145
283145,T. Adarabioyo,590781,J. van Hecke,0.2887397460428457,0.0,-0.7815300251414825,-0.08585467387166917,50,283145__590781
283145,T. Adarabioyo,412027,E. Konsa,0.2869641226780666,0.0,-0.7815300251414825,-0.08700882905877558,51,283145__412027
283145,T. Adarabioyo,604320,J. Branthwaite,0.2726335430784189,0.0,-0.7815300251414825,-0.09632370579854657,52,283145__604320
283145,T. Adarabioyo,496001,M. Kilman,0.2569999954154655,0.0,-0.7815300251414825,-0.1064855117794663,53,283145__496001
283145,T. Adarabioyo,482177,J. Kiwior,0.24840130777513625,0.0,-0.7815300251414825,-0.11207465874568032,54,283145__482177
283145,T. Adarabioyo,7919,M. Keane,0.2418185733704791,0.0,-0.7815300251414825,-0.11635343610870746,55,7919__283145
283145,T. Adarabioyo,769441,L. Yoro,0.21470970962364655,0.0,-0.7815300251414825,-0.1339741975441486,56,283145__769441
283145,T. Adarabioyo,285382,W. Faes,0.19593403533528897,0.0,-0.7815300251414825,-0.14617838583158105,57,283145__285382
283145,T. Adarabioyo,258154,Rúben Dias,0.19492144526514538,0.0,-0.7815300251414825,-0.14683656937717438,58,258154__283145
283145,T. Adarabioyo,7953,C. Coady,0.1754775082154418,0.0,-0.7815300251414825,-0.1594751284594817,59,7953__283145
283145,T. Adarabioyo,558243,S. van den Berg,0.16727896723903987,0.0,-0.7815300251414825,-0.16480418009414294,60,283145__558243
283145,T. Adarabioyo,415917,Gabriel Magalhaes,0.16695082326632188,0.0,-0.7815300251414825,-0.16501747367640965,61,283145__415917
283145,T. Adarabioyo,549884,T. Harwood-Bellis,0.15021842406992789,0.0,-0.7815300251414825,-0.17589353315406575,62,283145__549884
283145,T. Adarabioyo,545267,R. Drăgușin,0.13784716705387595,0.0,-0.7815300251414825,-0.1839348502144995,63,283145__545267
283145,T. Adarabioyo,145787,J. Andersen,0.13193958681123819,0.0,-0.7815300251414825,-0.18777477737221404,64,145787__283145
283145,T. Adarabioyo,8360,C. Dawson,0.06305300297594872,0.0,-0.7815300251414825,-0.2325510568651522,65,8360__283145
283145,T. Adarabioyo,9097,L. Dunk,0.047209247676283664,0.0,-0.7815300251414825,-0.2428494978099345,66,9097__283145
283145,T. Adarabioyo,625787,M. van de Ven,0.04280956719439394,0.0,-0.7815300251414825,-0.2457092901231628,67,283145__625787
283145,T. Adarabioyo,767087,A. Gray,-0.026860447189945597,0.0,-0.7815300251414825,-0.2909947994729835,68,283145__767087
283145,T. Adarabioyo,366217,K. Danso,-0.041052355307781646,0.0,-0.7815300251414825,-0.30021953974957694,69,283145__366217
283145,T. Adarabioyo,234399,A. Webster,-0.05920227648834964,0.0,-0.7815300251414825,-0.31201698851694615,70,234399__283145
283145,T. Adarabioyo,518805,L. Woolfenden,-0.0786600395218896,0.0,-0.7815300251414825,-0.3246645344887471,71,283145__518805
283145,T. Adarabioyo,297957,M. Akanji,-0.20636237693940923,0.0,-0.7815300251414825,-0.4076710538101349,72,283145__297957
283145,T. Adarabioyo,136441,B. Davies,-0.2721999879429562,0.0,-0.7815300251414825,-0.4504655009624404,73,136441__283145
285382,W. Faes,568412,J. Gvardiol,1.0514078859838332,0.2797502990015044,1.631519860168009,1.2544470769482947,1,285382__568412
285382,W. Faes,349142,N. Mazraoui,0.9359472358665708,0.20707643743816936,0.8464821407215251,0.9046344525658048,2,285382__349142
285382,W. Faes,590703,I. Zabarnyi,0.16420773894951618,0.3315774853827606,2.1913675870788913,0.8737136857947975,3,285382__590703
285382,W. Faes,501419,J. Todibo,0.10260176891476343,0.3285908346393417,2.159105182990822,0.8223779638413838,4,285382__501419
285382,W. Faes,645877,Y. Mosquera,0.39846609912246167,0.2754902553721432,1.5855020091333332,0.8139286676262667,5,285382__645877
285382,W. Faes,623641,E. Agbadou,0.8990029492470241,0.15843877571859058,0.32108830290719814,0.696732823028085,6,285382__623641
285382,W. Faes,583655,C. Okoli,0.2572309998120634,0.26824390351102967,1.5072254538907344,0.6947290587395982,7,285382__583655
285382,W. Faes,424806,E. Pinnock,0.27964842593413164,0.2530316975933682,1.3429001354824959,0.6517865242760591,8,285382__424806
285382,W. Faes,777938,Dean Huijsen,-0.1052599759463208,0.31244593917728253,1.9847047638911548,0.6262276829967957,9,285382__777938
285382,W. Faes,447424,C. Bassey,0.1660487277541186,0.2605186358438781,1.4237755534578387,0.6062531167504206,10,285382__447424
285382,W. Faes,370,V. van Dijk,0.4532487669733237,0.20884286669732202,0.8655634660747984,0.5975589116588398,11,370__285382
285382,W. Faes,488453,L. Martínez,-0.034793006229268925,0.2754902553721432,1.5855020091333332,0.5323102491476418,12,285382__488453
285382,W. Faes,240032,J. Bednarek,0.101990325583208,0.24150842905421777,1.2184234631281536,0.49274192372393893,13,240032__285382
285382,W. Faes,400549,Pau Torres,0.22804556500299386,0.20884286669732202,0.8655634660747984,0.4511768303781254,14,285382__400549
285382,W. Faes,534563,C. Richards,0.22788372424514025,0.2065639915614799,0.8409465969411045,0.44245572968872776,15,285382__534563
285382,W. Faes,412968,M. Senesi,0.4557035846358667,0.15489071172019625,0.28276139953600155,0.3951738198509139,16,285382__412968
285382,W. Faes,399581,D. O'Shea,0.07997437591738926,0.2138820555524174,0.919997801082807,0.37398257472528545,17,285382__399581
285382,W. Faes,283145,T. Adarabioyo,0.19593403533528897,0.1795337111498598,0.548960052757757,0.31949314143315277,18,283145__285382
285382,W. Faes,8582,A. Cresswell,0.0038671982876957584,0.20884286669732202,0.8655634660747984,0.30546089201318166,19,8582__285382
285382,W. Faes,578325,W. Saliba,-0.025181552730734615,0.20958023829657818,0.8735287029042764,0.2893670367415192,20,285382__578325
285382,W. Faes,424241,N. Milenković,-0.06710363864785102,0.2011201489853011,0.7821411107718491,0.230132023649044,21,285382__424241
285382,W. Faes,346131,T. Chalobah,0.12691951576640967,0.16697070757678248,0.41325195273046483,0.22713586870382896,22,285382__346131
285382,W. Faes,397074,M. Guéhi,0.024467464854876164,0.18195651612746563,0.5751316810897081,0.21719994053706734,23,285382__397074
285382,W. Faes,288080,C. Burgess,-0.21992216703470677,0.20884286669732202,0.8655634660747984,0.15999780455361998,24,285382__288080
285382,W. Faes,504375,M. Lacroix,-0.20925383858246113,0.20488912420015853,0.8228543416869759,0.15198402451184181,25,285382__504375
285382,W. Faes,8653,H. Maguire,-0.014482409681206551,0.16682147211503742,0.4116398811544033,0.13466039211125688,26,8653__285382
285382,W. Faes,15806,J. Vestergaard,-0.16101016504925278,0.18323485490009472,0.5889405545024712,0.1014725867938506,27,15806__285382
285382,W. Faes,327391,J. Bree,-0.43996291090473955,0.1967654831462273,0.7351011315314627,-0.028690496052068803,28,285382__327391
285382,W. Faes,619747,L. Colwill,-0.2454847104870086,0.15967579483025113,0.33445083300315837,-0.04250727026545016,29,285382__619747
285382,W. Faes,364003,S. Bueno,-0.23595155058059092,0.14754396634228645,0.20340037326382562,-0.08217837723504513,30,285382__364003
285382,W. Faes,365443,M. de Ligt,-0.21936574854006147,0.14332069145157908,0.15777970556465395,-0.08736483960341107,31,285382__365443
285382,W. Faes,563725,Morato,-0.2014651079788667,0.1395029072142773,0.11653922973858054,-0.09016358977776016,32,285382__563725
285382,W. Faes,604320,J. Branthwaite,-0.5237783542080408,0.17231929625808437,0.47102848710338013,-0.1755959597490435,33,285382__604320
285382,W. Faes,8136,J. Stephens,-0.36612919442575054,0.1446428253682949,0.17206166296245762,-0.17776239433987767,34,8136__285382
285382,W. Faes,412027,E. Konsa,-0.4157008794932027,0.14853611291664923,0.21411774079239174,-0.19526436239324468,35,285382__412027
285382,W. Faes,479155,N. Collins,-0.39840924593025634,0.13206465812789234,0.03618976194042853,-0.24629959317551664,36,285382__479155
285382,W. Faes,9433,J. Tarkowski,-0.40871342683898293,0.13289295993688385,0.04513724524675329,-0.24986569160897523,37,9433__285382
285382,W. Faes,520300,N. Wood,-0.5582540969914195,0.1580519255019981,0.3169094687945168,-0.2519468489663418,38,285382__520300
285382,W. Faes,393247,I. Konaté,-0.34485394699548555,0.12081071979613542,-0.08537755115816541,-0.2540372084524235,39,285382__393247
285382,W. Faes,270866,Diego Carlos,0.008125958984233086,0.05953022320157796,-0.7473418428342571,-0.2562877716522385,40,270866__285382
285382,W. Faes,286380,I. Diop,-0.45333274513394484,0.13120339387873736,0.026886211703068846,-0.28525611024099007,41,285382__286380
285382,W. Faes,413002,K. Mavropanos,0.023187391976023264,0.0288217077888927,-1.0790614238304062,-0.362599693556227,42,285382__413002
285382,W. Faes,620468,J. Greaves,-0.26357998918349534,0.07254485699983562,-0.6067551419677941,-0.38369129265799995,43,285382__620468
285382,W. Faes,402884,K. Walker-Peters,-0.6360146784687444,0.12422062614639168,-0.048543054584753755,-0.4303996101093477,44,285382__402884
285382,W. Faes,62126,M. Doherty,-0.47145528978061896,0.07827489025470617,-0.5448581663290929,-0.49714629657258486,45,62126__285382
285382,W. Faes,415847,C. Romero,-0.640979704564651,0.09437191755973412,-0.37097482872229715,-0.5464779980198272,46,285382__415847
285382,W. Faes,496001,M. Kilman,-0.5887492355380062,0.0844778857752459,-0.47785215684468657,-0.5499352579953444,47,285382__496001
285382,W. Faes,7919,M. Keane,-0.5877692974581346,0.07254485699983562,-0.6067551419677941,-0.5944143430365154,48,7919__285382
285382,W. Faes,769441,L. Yoro,-0.6550886225150052,0.07254485699983562,-0.6067551419677941,-0.6381719043234814,49,285382__769441
285382,W. Faes,558243,S. van den Berg,-0.6715662684632084,0.07254485699983562,-0.6067551419677941,-0.6488823741898134,50,285382__558243
285382,W. Faes,627012,Murillo,-0.35455876947660675,0.014971619528265126,-1.2286728724085163,-0.6604987055027751,51,285382__627012
285382,W. Faes,545267,R. Drăgușin,-0.7028295510516505,0.07254485699983562,-0.6067551419677941,-0.6692035078723008,52,285382__545267
285382,W. Faes,192792,D. Burn,-0.5831071139552709,0.04720153055406991,-0.8805188689555619,-0.6872012282053728,53,192792__285382
285382,W. Faes,590781,J. van Hecke,-0.4595538186788566,0.0,-1.3903993280840106,-0.7853497469706605,54,285382__590781
285382,W. Faes,549884,T. Harwood-Bellis,-0.8011192714597773,0.0575732374715705,-0.7684815976432882,-0.7896960856240062,55,285382__549884
285382,W. Faes,767087,A. Gray,-0.8941277684594972,0.07254485699983562,-0.6067551419677941,-0.7935473491874011,56,285382__767087
285382,W. Faes,518805,L. Woolfenden,-0.9459273607914411,0.07254485699983562,-0.6067551419677941,-0.8272170842031646,57,285382__518805
285382,W. Faes,590874,Toti,-0.5316910862136701,0.0011458581073985833,-1.3780215375539517,-0.8279067441827687,58,285382__590874
285382,W. Faes,482177,J. Kiwior,-0.6909926308290626,0.014971619528265126,-1.2286728724085163,-0.8791807153818714,59,285382__482177
285382,W. Faes,7953,C. Coady,-0.622792342535904,0.0,-1.3903993280840106,-0.8914547874777413,60,7953__285382
285382,W. Faes,258154,Rúben Dias,-0.7213085143724699,0.014971619528265126,-1.2286728724085163,-0.8988860396850862,61,258154__285382
285382,W. Faes,50102,F. Schär,-0.8611418253319868,0.03666553185567316,-0.9943308532419924,-0.9077579851004888,62,50102__285382
285382,W. Faes,653730,A. Khusanov,-0.9231068825077569,0.04238519152253696,-0.9325459351945091,-0.9264105509481201,63,285382__653730
285382,W. Faes,415917,Gabriel Magalhaes,-0.7865013710375142,0.014971619528265126,-1.2286728724085163,-0.9412613965173648,64,285382__415917
285382,W. Faes,625787,M. van de Ven,-0.9091229942621769,0.03539381875016835,-1.008068154861305,-0.9437538004718717,65,285382__625787
285382,W. Faes,8360,C. Dawson,-0.864645467161462,0.014971619528265126,-1.2286728724085163,-0.9920550589979309,66,8360__285382
285382,W. Faes,557788,W. Fofana,-1.061005302804141,0.039224244437234074,-0.9666911235436187,-1.0279953400629582,67,285382__557788
285382,W. Faes,145787,J. Andersen,-0.8345116959041501,0.0,-1.3903993280840106,-1.0290723671671012,68,145787__285382
285382,W. Faes,9097,L. Dunk,-0.924967879560086,0.014971619528265126,-1.2286728724085163,-1.0312646270570365,69,9097__285382
285382,W. Faes,366217,K. Danso,-1.0534600883265088,0.014971619528265126,-1.2286728724085163,-1.1147845627552115,70,285382__366217
285382,W. Faes,234399,A. Webster,-1.071610009507077,0.014971619528265126,-1.2286728724085163,-1.1265820115225809,71,234399__285382
285382,W. Faes,136441,B. Davies,-1.2897234186040238,0.014971619528265126,-1.2286728724085163,-1.268355727435596,72,136441__285382
285382,W. Faes,297957,M. Akanji,-1.27717700989606,0.0,-1.3903993280840106,-1.3168048212618426,73,285382__297957
286380,I. Diop,349142,N. Mazraoui,1.0983399994144578,0.19241731508858018,1.4128117733288734,1.2084051202845032,1,286380__349142
286380,I. Diop,568412,J. Gvardiol,1.1763134775186608,0.13188410701328637,0.6429721889713783,0.9896440265271119,2,286380__568412
286380,I. Diop,590703,I. Zabarnyi,0.35146105502146874,0.2521492144039946,2.1724606008726832,0.9888108960693938,3,286380__590703
286380,I. Diop,240032,J. Bednarek,0.3175159406985707,0.25339398979768424,2.1882912069509945,0.972287283886919,4,240032__286380
286380,I. Diop,412968,M. Senesi,0.7027189614017993,0.19241731508858018,1.4128117733288734,0.9512514455762753,5,286380__412968
286380,I. Diop,501419,J. Todibo,0.27713868570018474,0.24551789435577864,2.08812585582976,0.9109841952455361,6,286380__501419
286380,I. Diop,534563,C. Richards,0.41497506727038147,0.22375887544756973,1.8114024736576657,0.903724659505931,7,286380__534563
286380,I. Diop,645877,Y. Mosquera,0.5233716906572897,0.19241731508858018,1.4128117733288734,0.834675719592344,8,286380__645877
286380,I. Diop,583655,C. Okoli,0.44054349128481474,0.2001425827557318,1.5110589510190595,0.8152239021918004,9,286380__583655
286380,I. Diop,327391,J. Bree,-0.06962246172967887,0.25339398979768424,2.1882912069509945,0.7206473223085568,10,286380__327391
286380,I. Diop,504375,M. Lacroix,0.06341823108950595,0.20809196599001134,1.6121563499436995,0.6054765726884737,11,286380__504375
286380,I. Diop,447424,C. Bassey,0.3471051506504579,0.16299198991851363,1.038591063428092,0.5891252201226298,12,286380__447424
286380,I. Diop,488453,L. Martínez,0.13974391055615243,0.18796690414951478,1.356213046506257,0.565508108138689,13,286380__488453
286380,I. Diop,346131,T. Chalobah,0.3404311502411957,0.15774255450075456,0.971830630458927,0.5614209683174016,14,286380__346131
286380,I. Diop,777938,Dean Huijsen,0.12272116300452043,0.18554657680097467,1.3254321931655322,0.5436700235608745,15,286380__777938
286380,I. Diop,364003,S. Bueno,0.01959319911939838,0.19241731508858018,1.4128117733288734,0.5072197000927147,16,286380__364003
286380,I. Diop,8136,J. Stephens,-0.038426137336062,0.19178550071673742,1.4047765852250886,0.4666948155603407,17,8136__286380
286380,I. Diop,520300,N. Wood,-0.16286586821148547,0.19686906083811578,1.4694274757913122,0.40843680218949363,18,286380__520300
286380,I. Diop,424806,E. Pinnock,0.4045540174689598,0.10516550560515023,0.3031746190644859,0.36907122802739395,19,286380__424806
286380,I. Diop,402884,K. Walker-Peters,-0.2099062459330182,0.19241731508858018,1.4128117733288734,0.35804506080864384,20,286380__402884
286380,I. Diop,623641,E. Agbadou,1.0212696242045944,0.007169146492839075,-0.9431078557340097,0.33373750622608306,21,286380__623641
286380,I. Diop,370,V. van Dijk,0.5579443984192282,0.059262879776640236,-0.2805984785843823,0.2644543914679645,22,370__286380
286380,I. Diop,283145,T. Adarabioyo,0.3208067954823408,0.060976674709104055,-0.25880305057995756,0.1179433493605364,23,283145__286380
286380,I. Diop,400549,Pau Torres,0.30007362115125535,0.060976674709104055,-0.25880305057995756,0.10446678604533084,24,286380__400549
286380,I. Diop,578325,W. Saliba,0.155492022164759,0.07328222859909178,-0.10230543888599934,0.06526291079699359,25,286380__578325
286380,I. Diop,399581,D. O'Shea,0.20487996745221745,0.06601586356419943,-0.19471645783106142,0.06502121860306986,26,286380__399581
286380,I. Diop,397074,M. Guéhi,0.1614059758013035,0.06967553661294022,-0.14817405130235767,0.05305296631502209,27,286380__397074
286380,I. Diop,415847,C. Romero,-0.26450259727951847,0.13045981311842048,0.6248585311149727,0.04677379765855341,28,286380__415847
286380,I. Diop,479155,N. Collins,-0.10216549399237213,0.09747144654945347,0.20532434127824845,0.005455948352345058,29,286380__479155
286380,I. Diop,413002,K. Mavropanos,0.3513721836242426,0.0288217077888927,-0.667738363211897,-0.005316507768406226,30,286380__413002
286380,I. Diop,563725,Morato,-0.01902712050732966,0.082499622722471,0.01491806679662147,-0.007146304950946764,31,286380__563725
286380,I. Diop,8653,H. Maguire,0.13025185958080165,0.05973189931541444,-0.2746336566582692,-0.01145807110287314,32,8653__286380
286380,I. Diop,8582,A. Cresswell,0.07589525443595738,0.060976674709104055,-0.25880305057995756,-0.04124915231961285,33,8582__286380
286380,I. Diop,424241,N. Milenković,0.0480999122796168,0.060976674709104055,-0.25880305057995756,-0.05931612472123422,34,286380__424241
286380,I. Diop,620468,J. Greaves,0.004119480691399474,0.060976674709104055,-0.25880305057995756,-0.08790340525357548,35,286380__620468
286380,I. Diop,15806,J. Vestergaard,0.019663409846240862,0.04693684520260831,-0.43735655625715225,-0.14029357828994674,36,15806__286380
286380,I. Diop,288080,C. Burgess,-0.10683255278438458,0.060976674709104055,-0.25880305057995756,-0.16002222701283514,37,286380__288080
286380,I. Diop,619747,L. Colwill,-0.06931099408714378,0.051529468190675234,-0.37894922770707096,-0.17768437585411828,38,286380__619747
286380,I. Diop,62126,M. Doherty,-0.2112388507824235,0.060976674709104055,-0.25880305057995756,-0.2278863207115604,39,62126__286380
286380,I. Diop,270866,Diego Carlos,0.16914923681316468,0.0,-1.0342824842020786,-0.2520518655421704,40,270866__286380
286380,I. Diop,412027,E. Konsa,-0.26284028480299076,0.060976674709104055,-0.25880305057995756,-0.2614272528249291,41,286380__412027
286380,I. Diop,769441,L. Yoro,-0.28474817333994473,0.060976674709104055,-0.25880305057995756,-0.2756673803739492,42,286380__769441
286380,I. Diop,7919,M. Keane,-0.29198791131207796,0.060976674709104055,-0.25880305057995756,-0.2803732100558358,43,7919__286380
286380,I. Diop,192792,D. Burn,-0.22486056677182603,0.044159940824265276,-0.4726722281073053,-0.31159464823924377,44,192792__286380
286380,I. Diop,496001,M. Kilman,-0.33133741353571255,0.057817271609185185,-0.29898320369911835,-0.32001344009290456,45,286380__496001
286380,I. Diop,558243,S. van den Berg,-0.36504326688180827,0.060976674709104055,-0.25880305057995756,-0.3278591911761605,46,286380__558243
286380,I. Diop,545267,R. Drăgușin,-0.3743138302149711,0.060976674709104055,-0.25880305057995756,-0.3338850573427164,47,286380__545267
286380,I. Diop,549884,T. Harwood-Bellis,-0.3790258729726327,0.060976674709104055,-0.25880305057995756,-0.3369478851351964,48,286380__549884
286380,I. Diop,365443,M. de Ligt,-0.09320988520404894,0.011221971969379454,-0.891565477929541,-0.37263434265797113,49,286380__365443
286380,I. Diop,604320,J. Branthwaite,-0.3127429310937836,0.03602128656059796,-0.5761767079587242,-0.4049447529965128,50,286380__604320
286380,I. Diop,627012,Murillo,-0.1025227685061868,0.0,-1.0342824842020786,-0.4286386689997489,51,286380__627012
286380,I. Diop,393247,I. Konaté,-0.1753462988404838,0.009666429331136603,-0.911348310132746,-0.43294700279277554,52,286380__393247
286380,I. Diop,557788,W. Fofana,-0.6348968702684151,0.071342336683293,-0.12697628706406777,-0.45712466614689357,53,286380__557788
286380,I. Diop,590781,J. van Hecke,-0.15792888211763967,0.0,-1.0342824842020786,-0.46465264284719326,54,286380__590781
286380,I. Diop,767087,A. Gray,-0.5766648546710031,0.060976674709104055,-0.25880305057995756,-0.4654132232391372,55,286380__767087
286380,I. Diop,590874,Toti,-0.17417876383526287,0.0011458581073985833,-1.0197098726194385,-0.4701146519097243,56,286380__590874
286380,I. Diop,50102,F. Schär,-0.4323944762190033,0.03666553185567316,-0.5679834278410067,-0.47985060928670453,57,50102__286380
286380,I. Diop,518805,L. Woolfenden,-0.6284644470029472,0.060976674709104055,-0.25880305057995756,-0.49908295825490084,58,286380__518805
286380,I. Diop,9433,J. Tarkowski,-0.23417651005356163,0.0,-1.0342824842020786,-0.5142136010055425,59,9433__286380
286380,I. Diop,653730,A. Khusanov,-0.5954038254180682,0.04238519152253696,-0.4952428518727243,-0.5603474846771979,60,286380__653730
286380,I. Diop,482177,J. Kiwior,-0.3606688598582235,0.0,-1.0342824842020786,-0.5964336283785727,61,286380__482177
286380,I. Diop,7953,C. Coady,-0.3745633768470917,0.0,-1.0342824842020786,-0.6054650644213371,62,7953__286380
286380,I. Diop,625787,M. van de Ven,-0.5650905256296377,0.020422199221903223,-0.7745602943405986,-0.6384049446784741,63,286380__625787
286380,I. Diop,285382,W. Faes,-0.45333274513394484,0.0,-1.0342824842020786,-0.6566651538077917,64,285382__286380
286380,I. Diop,258154,Rúben Dias,-0.4577673047216573,0.0,-1.0342824842020786,-0.6595476175398047,65,258154__286380
286380,I. Diop,145787,J. Andersen,-0.4859824321405397,0.0,-1.0342824842020786,-0.6778874503620782,66,145787__286380
286380,I. Diop,415917,Gabriel Magalhaes,-0.5262864617080389,0.0,-1.0342824842020786,-0.7040850695809528,67,286380__415917
286380,I. Diop,8360,C. Dawson,-0.5909547770429788,0.0,-1.0342824842020786,-0.7461194745486637,68,8360__286380
286380,I. Diop,9097,L. Dunk,-0.6154821467207996,0.0,-1.0342824842020786,-0.7620622648392472,69,9097__286380
286380,I. Diop,366217,K. Danso,-0.7386360911152727,0.0,-1.0342824842020786,-0.8421123286956547,70,286380__366217
286380,I. Diop,234399,A. Webster,-0.7560280576797951,0.0,-1.0342824842020786,-0.8534171069625942,71,234399__286380
286380,I. Diop,297957,M. Akanji,-0.8966810371186305,0.0,-1.0342824842020786,-0.9448415435978372,72,286380__297957
286380,I. Diop,136441,B. Davies,-0.9399225027913309,0.0,-1.0342824842020786,-0.9729484962850926,73,136441__286380
288080,C. Burgess,349142,N. Mazraoui,1.3449005179716842,0.23731415607761083,1.9470942117500707,1.5556683107941194,1,288080__349142
288080,C. Burgess,412968,M. Senesi,0.979830014180356,0.23731415607761083,1.9470942117500707,1.318372483329756,2,288080__412968
288080,C. Burgess,645877,Y. Mosquera,0.7102454452620632,0.23731415607761083,1.9470942117500707,1.1431425135328657,3,288080__645877
288080,C. Burgess,534563,C. Richards,0.6205055078908217,0.23731415607761083,1.9470942117500707,1.0848115542415588,4,288080__534563
288080,C. Burgess,583655,C. Okoli,0.6023998835361052,0.23359829298343043,1.9058115536471814,1.0585939680749819,5,288080__583655
288080,C. Burgess,240032,J. Bednarek,0.4690549412653214,0.2176098134005126,1.7281820448419845,0.9097494275171534,6,240032__288080
288080,C. Burgess,590703,I. Zabarnyi,0.454824742376449,0.21723229698574045,1.723987896488221,0.8990318463155692,7,288080__590703
288080,C. Burgess,447424,C. Bassey,0.587430656871446,0.1851955526102271,1.3680646745440885,0.8606525630568709,8,288080__447424
288080,C. Burgess,501419,J. Todibo,0.3627509518681169,0.22163715950065505,1.7729252304492724,0.8563119493715212,9,288080__501419
288080,C. Burgess,364003,S. Bueno,0.2556426937958944,0.23731415607761083,1.9470942117500707,0.8476507250798561,10,288080__364003
288080,C. Burgess,568412,J. Gvardiol,1.2436598342123486,0.07090743230418232,0.09834152376234631,0.8427984255548479,11,288080__568412
288080,C. Burgess,504375,M. Lacroix,0.24003473502602293,0.22615052634236454,1.8230680305193347,0.794096388448682,12,288080__504375
288080,C. Burgess,488453,L. Martínez,0.3062105520494184,0.21017046684122825,1.6455320675064815,0.7749730824593904,13,288080__488453
288080,C. Burgess,402884,K. Walker-Peters,0.02614324874347773,0.23731415607761083,1.9470942117500707,0.6984760857957852,14,288080__402884
288080,C. Burgess,327391,J. Bree,0.018647704620382982,0.23731415607761083,1.9470942117500707,0.6936039821157736,15,288080__327391
288080,C. Burgess,623641,E. Agbadou,1.2363953092247153,0.007169146492839075,-0.6097808678658371,0.590233647243022,16,288080__623641
288080,C. Burgess,346131,T. Chalobah,0.5369352966598788,0.11475969177247408,0.5855332713549694,0.5539445878031605,17,288080__346131
288080,C. Burgess,8136,J. Stephens,0.13450926920101955,0.1713633014948342,1.21439052694581,0.5124677094116962,18,8136__288080
288080,C. Burgess,777938,Dean Huijsen,0.22748499498857921,0.12456990209187062,0.6945231744456839,0.39094835779856585,19,288080__777938
288080,C. Burgess,520300,N. Wood,-0.0007060376982064298,0.1625494928962843,1.116470491213574,0.39030574742091667,20,288080__520300
288080,C. Burgess,578325,W. Saliba,0.37061770718487996,0.07328222859909178,0.12472513936441129,0.2845553084477159,21,288080__578325
288080,C. Burgess,415847,C. Romero,0.012608455499037885,0.13045981311842048,0.7599591652243287,0.2741812039028897,22,288080__415847
288080,C. Burgess,424806,E. Pinnock,0.49886332280796475,0.04418883089604617,-0.19849796116026822,0.25478687341908324,23,288080__424806
288080,C. Burgess,563725,Morato,0.24576898824402396,0.082499622722471,0.2271289471879543,0.23924497387439958,24,288080__563725
288080,C. Burgess,370,V. van Dijk,0.67984017160925,0.0,-0.6894289647015154,0.20059597390048217,25,370__288080
288080,C. Burgess,479155,N. Collins,0.08150212608954276,0.09089069102244829,0.32035240428691975,0.1650997234586247,26,288080__479155
288080,C. Burgess,413002,K. Mavropanos,0.5588564374797679,0.0,-0.6894289647015154,0.12195654671631878,27,288080__413002
288080,C. Burgess,15806,J. Vestergaard,0.23478909486636212,0.04693684520260831,-0.16796795179115942,0.0938241285362296,28,15806__288080
288080,C. Burgess,283145,T. Adarabioyo,0.4501385199344634,0.0,-0.6894289647015154,0.05128990031187086,29,283145__288080
288080,C. Burgess,619747,L. Colwill,0.1370632413098911,0.051529468190675234,-0.11694462832459461,0.048160486937821094,30,288080__619747
288080,C. Burgess,270866,Diego Carlos,0.40542652781731175,0.0,-0.6894289647015154,0.02222710543572226,31,270866__288080
288080,C. Burgess,397074,M. Guéhi,0.3409096944383267,0.008698861903836168,-0.5927859687787804,0.014116212312339227,32,288080__397074
288080,C. Burgess,400549,Pau Torres,0.3470105486554524,0.0,-0.6894289647015154,-0.015743281019486327,33,288080__400549
288080,C. Burgess,399581,D. O'Shea,0.3039757892160369,0.00503918885509537,-0.6334443642606109,-0.024121264500789802,34,288080__399581
288080,C. Burgess,8653,H. Maguire,0.3137693377526166,0.0,-0.6894289647015154,-0.03735006810632957,35,8653__288080
288080,C. Burgess,424241,N. Milenković,0.21963069562620066,0.0,-0.6894289647015154,-0.09854018548849994,36,288080__424241
288080,C. Burgess,365443,M. de Ligt,0.13838073309562865,0.011221971969379454,-0.5647546103697708,-0.10771663711726115,37,288080__365443
288080,C. Burgess,620468,J. Greaves,0.17714939362714485,0.0,-0.6894289647015154,-0.12615303178788623,38,288080__620468
288080,C. Burgess,627012,Murillo,0.12777619890188452,0.0,-0.6894289647015154,-0.15824560835930546,39,288080__627012
288080,C. Burgess,393247,I. Konaté,0.06904760450670377,0.009666429331136603,-0.582036445914148,-0.15883181314059436,40,288080__393247
288080,C. Burgess,8582,A. Cresswell,0.12231714553784678,0.0,-0.6894289647015154,-0.16179399304592995,41,8582__288080
288080,C. Burgess,590874,Toti,0.10293228894329347,0.0011458581073985833,-0.6766986602518588,-0.1699385432750098,42,288080__590874
288080,C. Burgess,590781,J. van Hecke,0.08669168003595631,0.0,-0.6894289647015154,-0.18495054562215876,43,288080__590781
288080,C. Burgess,557788,W. Fofana,-0.39884737559191913,0.071342336683293,0.10317324342887384,-0.2231401589346416,44,288080__557788
288080,C. Burgess,50102,F. Schär,-0.23428832259929452,0.03666553185567316,-0.28208063743699446,-0.2510156327924895,45,50102__288080
288080,C. Burgess,9433,J. Tarkowski,-0.016121813833732512,0.0,-0.6894289647015154,-0.2517793166374565,46,9433__288080
288080,C. Burgess,192792,D. Burn,-0.07033064723192299,0.0,-0.6894289647015154,-0.2870150583462803,47,192792__288080
288080,C. Burgess,62126,M. Doherty,-0.07340854383508175,0.0,-0.6894289647015154,-0.28901569113833353,48,62126__288080
288080,C. Burgess,286380,I. Diop,-0.10683255278438458,0.0,-0.6894289647015154,-0.31074129695538033,49,286380__288080
288080,C. Burgess,653730,A. Khusanov,-0.37166927476877504,0.04238519152253696,-0.21853611265032294,-0.3180726680273168,50,288080__653730
288080,C. Burgess,7953,C. Coady,-0.13226390121350515,0.0,-0.6894289647015154,-0.32727167343430874,51,7953__288080
288080,C. Burgess,482177,J. Kiwior,-0.13915503682039312,0.0,-0.6894289647015154,-0.3317509115787859,52,288080__482177
288080,C. Burgess,604320,J. Branthwaite,-0.18344868353190827,0.0,-0.6894289647015154,-0.36054178194127073,53,288080__604320
288080,C. Burgess,496001,M. Kilman,-0.1869135649189257,0.0,-0.6894289647015154,-0.36279395484283206,54,288080__496001
288080,C. Burgess,769441,L. Yoro,-0.19647800698988277,0.0,-0.6894289647015154,-0.3690108421889542,55,288080__769441
288080,C. Burgess,7919,M. Keane,-0.20899021633674586,0.0,-0.6894289647015154,-0.3771437782644152,56,7919__288080
288080,C. Burgess,412027,E. Konsa,-0.2093816955978987,0.0,-0.6894289647015154,-0.37739823978416454,57,288080__412027
288080,C. Burgess,285382,W. Faes,-0.21992216703470677,0.0,-0.6894289647015154,-0.3842495462180898,58,285382__288080
288080,C. Burgess,558243,S. van den Berg,-0.22597395641953488,0.0,-0.6894289647015154,-0.38818320931822803,59,288080__558243
288080,C. Burgess,549884,T. Harwood-Bellis,-0.23931353536969827,0.0,-0.6894289647015154,-0.39685393563583427,60,288080__549884
288080,C. Burgess,145787,J. Andersen,-0.25561675778429116,0.0,-0.6894289647015154,-0.40745103020531964,61,145787__288080
288080,C. Burgess,545267,R. Drăgușin,-0.28604366386490904,0.0,-0.6894289647015154,-0.42722851915772125,62,288080__545267
288080,C. Burgess,258154,Rúben Dias,-0.30142437301082015,0.0,-0.6894289647015154,-0.43722598010256347,63,258154__288080
288080,C. Burgess,415917,Gabriel Magalhaes,-0.3293949950096436,0.0,-0.6894289647015154,-0.4554068844017987,64,288080__415917
288080,C. Burgess,625787,M. van de Ven,-0.4072030349390867,0.0,-0.6894289647015154,-0.5059821103559368,65,288080__625787
288080,C. Burgess,8360,C. Dawson,-0.4234601880893059,0.0,-0.6894289647015154,-0.5165492599035792,66,8360__288080
288080,C. Burgess,9097,L. Dunk,-0.4491365705996818,0.0,-0.6894289647015154,-0.5332389085353235,67,9097__288080
288080,C. Burgess,767087,A. Gray,-0.5113842018075674,0.0,-0.6894289647015154,-0.5736998688204492,68,288080__767087
288080,C. Burgess,366217,K. Danso,-0.5284502057447816,0.0,-0.6894289647015154,-0.5847927713796385,69,288080__366217
288080,C. Burgess,234399,A. Webster,-0.5371944966527201,0.0,-0.6894289647015154,-0.5904765604697985,70,234399__288080
288080,C. Burgess,518805,L. Woolfenden,-0.5657606535292788,0.0,-0.6894289647015154,-0.6090445624395616,71,288080__518805
288080,C. Burgess,297957,M. Akanji,-0.6778474760915558,0.0,-0.6894289647015154,-0.6819009971050416,72,288080__297957
288080,C. Burgess,136441,B. Davies,-0.7210889417642559,0.0,-0.6894289647015154,-0.7100079497922966,73,136441__288080
297957,M. Akanji,568412,J. Gvardiol,0.656310970334702,1.066527714585224,3.002363043168354,1.47742919582648,1,297957__568412
297957,M. Akanji,623641,E. Agbadou,0.477331028629734,0.7544666408961176,1.7160003532922739,0.9108652922616228,2,297957__623641
297957,M. Akanji,349142,N. Mazraoui,0.5408503202174394,0.6221296283273152,1.1704872796951304,0.7612232560346313,3,297957__349142
297957,M. Akanji,370,V. van Dijk,0.03794189123526903,0.7616301188336624,1.745529286970777,0.6355974797426968,4,370__297957
297957,M. Akanji,400549,Pau Torres,-0.21613112967501186,0.8100042713545587,1.9449348207069383,0.5402419529586707,5,297957__400549
297957,M. Akanji,645877,Y. Mosquera,0.0033691834733304837,0.7103736872781041,1.5342425654652785,0.5391748671705122,6,297957__645877
297957,M. Akanji,424806,E. Pinnock,-0.11544848971499949,0.698432070611525,1.4850174251583093,0.4447145804906585,7,297957__424806
297957,M. Akanji,283145,T. Adarabioyo,-0.20636237693940923,0.7174265782369232,1.5633156429815978,0.41302493003294316,8,283145__297957
297957,M. Akanji,447424,C. Bassey,-0.2576327554071732,0.685835095157155,1.4330907973408007,0.3341204880546177,9,297957__447424
297957,M. Akanji,583655,C. Okoli,-0.17454001579809025,0.6412151543598527,1.249160689084774,0.3237552309109122,10,297957__583655
297957,M. Akanji,590703,I. Zabarnyi,-0.23088917669961478,0.5826733113326501,1.007842405530447,0.2026668770809068,11,297957__590703
297957,M. Akanji,534563,C. Richards,-0.1672131914039911,0.5318217508022226,0.7982246232963007,0.17069004374111102,12,297957__534563
297957,M. Akanji,346131,T. Chalobah,-0.2681773998827216,0.5673761252331619,0.9447851032343052,0.15635947620823776,13,297957__346131
297957,M. Akanji,8582,A. Cresswell,-0.44150671154349747,0.6178601873189252,1.1528880015958334,0.11653143805526828,14,8582__297957
297957,M. Akanji,399581,D. O'Shea,-0.3151225397317421,0.5582595324957279,0.9072051365387034,0.1126921469629138,15,297957__399581
297957,M. Akanji,240032,J. Bednarek,-0.2931065900659234,0.5336257299984367,0.8056608969202079,0.09146203037922257,16,240032__297957
297957,M. Akanji,412968,M. Senesi,-0.07509153880466402,0.42288241465076093,0.34916029166255164,0.07339660185886145,17,297957__412968
297957,M. Akanji,8653,H. Maguire,-0.48914035565432734,0.591412238420526,1.04386557760538,0.047411720986570205,18,8653__297957
297957,M. Akanji,270866,Diego Carlos,-0.40642635870594374,0.527347054594986,0.7797792523903038,0.008745605177742866,19,270866__297957
297957,M. Akanji,501419,J. Todibo,-0.5615873070346458,0.590062092288555,1.0383000721435283,-0.0016267243222848893,20,297957__501419
297957,M. Akanji,397074,M. Guéhi,-0.370629450794255,0.4893614175869093,0.6231967423684152,-0.02279028318732046,21,297957__397074
297957,M. Akanji,15806,J. Vestergaard,-0.6918052884897837,0.6315650006127393,1.209381303642354,-0.026389981243535532,22,15806__297957
297957,M. Akanji,578325,W. Saliba,-0.5226809586778011,0.5536022200880601,0.8880069941831165,-0.028940175176479954,23,297957__578325
297957,M. Akanji,424241,N. Milenković,-0.47190259490434283,0.4934092021647481,0.6398823193166475,-0.08277787492699623,24,297957__424241
297957,M. Akanji,413002,K. Mavropanos,-0.3921272967285431,0.45125381225053735,0.46611146054929176,-0.0917437316813009,25,297957__413002
297957,M. Akanji,488453,L. Martínez,-0.5618711712735998,0.4496725409368556,0.459593222319688,-0.20435863351594905,26,297957__488453
297957,M. Akanji,777938,Dean Huijsen,-0.5166957902073606,0.3626948904238196,0.1010582626389532,-0.30048187171115076,27,297957__777938
297957,M. Akanji,288080,C. Burgess,-0.6778474760915558,0.4318214896995806,0.3860085037412543,-0.3054978831500723,28,288080__297957
297957,M. Akanji,620468,J. Greaves,-0.6586769048326265,0.39656381475723673,0.24067106372848807,-0.3439051158362364,29,297957__620468
297957,M. Akanji,563725,Morato,-0.596562023627998,0.33068482202032273,-0.030892054675092876,-0.39857753449448124,30,297957__563725
297957,M. Akanji,365443,M. de Ligt,-0.6144626641891928,0.2857248409177514,-0.21622386022255383,-0.4750790828008692,31,297957__365443
297957,M. Akanji,619747,L. Colwill,-0.6405816261361399,0.260628483632104,-0.3196748202619299,-0.5282642440801664,32,297957__619747
297957,M. Akanji,504375,M. Lacroix,-0.7844597110624144,0.32011419201567165,-0.07446578172063446,-0.5359618357927914,33,297957__504375
297957,M. Akanji,627012,Murillo,-0.7496556851257381,0.2931602879812105,-0.1855738288940346,-0.5522270354446419,34,297957__627012
297957,M. Akanji,364003,S. Bueno,-0.8278416166603337,0.32153979250396353,-0.06858924205124023,-0.562103285547151,35,297957__364003
297957,M. Akanji,590781,J. van Hecke,-0.9017178836889936,0.318736537715651,-0.08014467998930931,-0.6141672623941041,36,297957__590781
297957,M. Akanji,393247,I. Konaté,-0.7399508626446167,0.2273627399989579,-0.45680121976696275,-0.6408484876374378,37,297957__393247
297957,M. Akanji,286380,I. Diop,-0.8966810371186305,0.27522003145531854,-0.25952626509152277,-0.6736768669091427,38,286380__297957
297957,M. Akanji,327391,J. Bree,-1.2373079890384402,0.4047675150944142,0.27448795062154024,-0.708179410157447,39,297957__327391
297957,M. Akanji,412027,E. Konsa,-0.9470370900334817,0.2659634129696092,-0.29768343898593985,-0.7197633121668421,40,297957__412027
297957,M. Akanji,590874,Toti,-0.9521621997210489,0.2231331091985076,-0.47423639420038294,-0.7848881677888158,41,297957__590874
297957,M. Akanji,8136,J. Stephens,-0.9029316397934182,0.19178550071673742,-0.603455952061565,-0.7981151490872695,42,8136__297957
297957,M. Akanji,9433,J. Tarkowski,-0.9122577373905142,0.17827768686864726,-0.6591371927576909,-0.823665546769026,43,9433__297957
297957,M. Akanji,479155,N. Collins,-0.8748770786619862,0.13206465812789234,-0.849634249168842,-0.8660420883393858,44,297957__479155
297957,M. Akanji,7953,C. Coady,-1.2258482639997537,0.28891940843265634,-0.20305537235931634,-0.8678707519256006,45,7953__297957
297957,M. Akanji,62126,M. Doherty,-0.9079010245409634,0.13178397877350195,-0.850791251690938,-0.8879126040434546,46,62126__297957
297957,M. Akanji,415847,C. Romero,-1.206100879362378,0.23957289648089702,-0.4064691179439619,-0.9262297628659324,47,297957__415847
297957,M. Akanji,7919,M. Keane,-1.1185563938189405,0.18997215705279558,-0.6109308274301662,-0.9408874455828695,48,7919__297957
297957,M. Akanji,604320,J. Branthwaite,-1.1421559018937626,0.1929384150076857,-0.5987034659184893,-0.951947549302417,49,297957__604320
297957,M. Akanji,496001,M. Kilman,-1.0585243264182809,0.13101975582361536,-0.8539414936543447,-0.9869203349509033,50,297957__496001
297957,M. Akanji,520300,N. Wood,-1.2352212221590881,0.19647966445540233,-0.5841059029759699,-1.0073308604449969,51,297957__520300
297957,M. Akanji,769441,L. Yoro,-1.3049565283246836,0.18997215705279558,-0.6109308274301662,-1.0620475330116026,52,297957__769441
297957,M. Akanji,192792,D. Burn,-1.0494141919204707,0.04720153055406991,-1.199452827201152,-1.1019277142687092,53,192792__297957
297957,M. Akanji,545267,R. Drăgușin,-1.4292337684710215,0.18997215705279558,-0.6109308274301662,-1.142827739106722,54,297957__545267
297957,M. Akanji,258154,Rúben Dias,-1.2207272799179214,0.0945091439303888,-1.0044437282610956,-1.1450280368380323,55,258154__297957
297957,M. Akanji,482177,J. Kiwior,-1.2175119254204465,0.060356346460028534,-1.1452266971248577,-1.1922120955169904,56,297957__482177
297957,M. Akanji,402884,K. Walker-Peters,-1.6670414437300205,0.25829647058108895,-0.32928772886878305,-1.1988276435285874,57,297957__402884
297957,M. Akanji,558243,S. van den Berg,-1.3827363607082235,0.12445599023027762,-0.8809983228337949,-1.2071280474521735,58,297957__558243
297957,M. Akanji,415917,Gabriel Magalhaes,-1.3133469506516837,0.060356346460028534,-1.1452266971248577,-1.2545048619172947,59,297957__415917
297957,M. Akanji,285382,W. Faes,-1.27717700989606,0.03462189154768779,-1.251307991572089,-1.26812285348267,60,285382__297957
297957,M. Akanji,549884,T. Harwood-Bellis,-1.4962200381221729,0.06327032520287544,-1.1332148383897156,-1.3691682182158127,61,297957__549884
297957,M. Akanji,518805,L. Woolfenden,-1.8190327579825825,0.18997215705279558,-0.6109308274301662,-1.396197082289237,62,297957__518805
297957,M. Akanji,767087,A. Gray,-1.8354745568053081,0.18997215705279558,-0.6109308274301662,-1.4068842515240085,63,297957__767087
297957,M. Akanji,145787,J. Andersen,-1.4327116975971927,0.0,-1.3940246367895932,-1.4191712263145329,64,145787__297957
297957,M. Akanji,8360,C. Dawson,-1.6376984170934106,0.060356346460028534,-1.1452266971248577,-1.465333315104417,65,8360__297957
297957,M. Akanji,9097,L. Dunk,-1.6507016673452697,0.060356346460028534,-1.1452266971248577,-1.4737854277681257,66,9097__297957
297957,M. Akanji,625787,M. van de Ven,-1.7132160003518633,0.08077854568193175,-1.0610433197695497,-1.4849555621480535,67,297957__625787
297957,M. Akanji,50102,F. Schär,-1.6549728363349103,0.03666553185567316,-1.2428837987926389,-1.5107416731951153,68,50102__297957
297957,M. Akanji,653730,A. Khusanov,-1.7115268082381607,0.04238519152253696,-1.2193065012230848,-1.5392497007828843,69,297957__653730
297957,M. Akanji,366217,K. Danso,-1.9434932004865202,0.060356346460028534,-1.1452266971248577,-1.6640999243099381,70,297957__366217
297957,M. Akanji,234399,A. Webster,-2.0115308770556806,0.060356346460028534,-1.1452266971248577,-1.7083244140798928,71,234399__297957
297957,M. Akanji,557788,W. Fofana,-2.1376378458149765,0.071342336683293,-1.0999407927745128,-1.7744438772508142,72,297957__557788
297957,M. Akanji,136441,B. Davies,-2.3464877888340014,0.060356346460028534,-1.1452266971248577,-1.926046406735801,73,136441__297957
327391,J. Bree,623641,E. Agbadou,1.207079967677642,0.9601619112576704,3.3554230426282383,1.9590000439103505,1,327391__623641
327391,J. Bree,568412,J. Gvardiol,1.1592355301378627,0.8219511381357733,2.7455470905891857,1.7144445762958258,2,327391__568412
327391,J. Bree,370,V. van Dijk,0.7213701967186842,0.8069307445451294,2.679267330812313,1.4066341936514544,3,370__327391
327391,J. Bree,413002,K. Mavropanos,0.37242794626190784,0.6346834268489212,1.9191999750389819,0.9137981563338837,4,327391__413002
327391,J. Bree,349142,N. Mazraoui,0.978370971883086,0.3034768112861977,0.45770066188633834,0.7961363633842243,5,327391__349142
327391,J. Bree,400549,Pau Torres,0.4666154366580837,0.5167640501804163,1.3988628805772607,0.7929020420297956,6,327391__400549
327391,J. Bree,8653,H. Maguire,0.3366801156314987,0.5663362522322132,1.6176077239647406,0.7850047785481333,7,8653__327391
327391,J. Bree,283145,T. Adarabioyo,0.4062040492159124,0.5274544211841277,1.4460357604206353,0.7701451481375654,8,283145__327391
327391,J. Bree,270866,Diego Carlos,0.35311580360783945,0.5453365622746155,1.5249434141130092,0.7632554672846489,9,270866__327391
327391,J. Bree,447424,C. Bassey,0.36763331525757154,0.4998384144840855,1.3241759516859666,0.7024232380075097,10,327391__447424
327391,J. Bree,424806,E. Pinnock,0.38763898116899254,0.46427108266268324,1.1672297175676227,0.6604957389085131,11,327391__424806
327391,J. Bree,15806,J. Vestergaard,0.15347518504566882,0.5392237060039707,1.4979695107512987,0.6240481990426393,12,15806__327391
327391,J. Bree,578325,W. Saliba,0.26379822243603224,0.4068026138650951,0.9136414022107295,0.49124333535717624,13,327391__578325
327391,J. Bree,583655,C. Okoli,0.3638760785953046,0.3558902363744916,0.6889828318888038,0.47766344224802926,14,327391__583655
327391,J. Bree,645877,Y. Mosquera,0.46378775519708243,0.3133059915435117,0.5010734072359778,0.4768377334106958,15,327391__645877
327391,J. Bree,399581,D. O'Shea,0.27423552563107445,0.36814429641048985,0.7430557262224954,0.43832259583807176,16,327391__399581
327391,J. Bree,346131,T. Chalobah,0.2473641004602837,0.34927722427237884,0.6598019152314264,0.3917173356301836,17,327391__346131
327391,J. Bree,424241,N. Milenković,0.19541216750030574,0.3702051132113341,0.7521493922226448,0.3902701961531244,18,327391__424241
327391,J. Bree,397074,M. Guéhi,0.21782309881153095,0.35539772388708596,0.6868095460054906,0.3819683553294168,19,327391__397074
327391,J. Bree,8582,A. Cresswell,0.2424370699427856,0.34382470033904733,0.6357418282371701,0.38009373534582014,20,8582__327391
327391,J. Bree,412968,M. Senesi,0.5844458382343776,0.16458594406967197,-0.15517630826489812,0.3255780869596311,21,327391__412968
327391,J. Bree,590703,I. Zabarnyi,0.2211533778320178,0.2511593293688347,0.22684185564482612,0.22314434506650072,22,327391__590703
327391,J. Bree,590781,J. van Hecke,-0.05030240622721688,0.318736537715651,0.525036514033047,0.15106621586387545,23,327391__590781
327391,J. Bree,534563,C. Richards,0.2292773823248695,0.18182737340211558,-0.07909589216474286,0.12134673625350517,24,327391__534563
327391,J. Bree,240032,J. Bednarek,0.1350055758820271,0.20561843028157617,0.025885746651352338,0.09681363565129095,25,240032__327391
327391,J. Bree,620468,J. Greaves,-0.002927725604344761,0.26294965067004816,0.27886843263301775,0.09570092977873211,26,327391__620468
327391,J. Bree,288080,C. Burgess,0.018647704620382982,0.24184933264678507,0.18576008621334522,0.07713703817791975,27,288080__327391
327391,J. Bree,365443,M. de Ligt,0.026700112446906787,0.21414652248834343,0.06351724408239438,0.03958610851932745,28,327391__365443
327391,J. Bree,627012,Murillo,-0.041085269770666955,0.23280394152118197,0.14584592901933716,0.024340649805834485,29,327391__627012
327391,J. Bree,7953,C. Coady,-0.18067515919371496,0.28891940843265634,0.3934639188019966,0.02027351810478406,30,7953__327391
327391,J. Bree,563725,Morato,0.012284866667465727,0.18782885283782322,-0.052613455942011784,-0.0104295462458514,31,327391__563725
327391,J. Bree,777938,Dean Huijsen,0.030634274410032497,0.1770228162463902,-0.10029672769505081,-0.015191576326746656,32,327391__777938
327391,J. Bree,286380,I. Diop,-0.06962246172967887,0.21486368499529,0.06668183217354841,-0.02191595886354932,33,286380__327391
327391,J. Bree,590874,Toti,-0.16817674968860347,0.221987251091109,0.0981156455910383,-0.07497441134072885,34,327391__590874
327391,J. Bree,501419,J. Todibo,-0.1441604994851369,0.19802751246476527,-0.007610326960034518,-0.09636793910135107,35,327391__501419
327391,J. Bree,619747,L. Colwill,-0.03275292907319273,0.14874266898140023,-0.22508715717791594,-0.10006990890984585,36,327391__619747
327391,J. Bree,393247,I. Konaté,-0.05934180665746672,0.15733996420779275,-0.18715029095018312,-0.10407477615991746,37,327391__393247
327391,J. Bree,488453,L. Martínez,-0.09156063078356784,0.14863421494017878,-0.22556572704731445,-0.13846241447587915,38,327391__488453
327391,J. Bree,9433,J. Tarkowski,-0.22917271771126865,0.11792134040861874,-0.36109093374209955,-0.27534409332205945,39,9433__327391
327391,J. Bree,604320,J. Branthwaite,-0.35419755282721654,0.15691712844708772,-0.18901611773264895,-0.29638405054411787,40,327391__604320
327391,J. Bree,412027,E. Konsa,-0.21847982694932627,0.0759912559168136,-0.546113776903275,-0.3331517094332083,41,327391__412027
327391,J. Bree,496001,M. Kilman,-0.2361021690275008,0.07320248421443018,-0.5584196540689472,-0.348913288792007,42,327391__496001
327391,J. Bree,504375,M. Lacroix,-0.24416872083006735,0.06499384715233568,-0.5946415073305059,-0.36683419610522083,43,327391__504375
327391,J. Bree,479155,N. Collins,-0.235824262011361,0.03459321157843885,-0.7287889123730233,-0.40836188963794284,44,327391__479155
327391,J. Bree,415847,C. Romero,-0.43065965436351883,0.10911308336247653,-0.3999587009246389,-0.41991432065991086,45,327391__415847
327391,J. Bree,62126,M. Doherty,-0.24760568056340723,0.00573003325487054,-0.8561520546328092,-0.4605969114876979,46,62126__327391
327391,J. Bree,364003,S. Bueno,-0.3079056712624767,0.008351720667629651,-0.8445834621802144,-0.4957428980836849,47,327391__364003
327391,J. Bree,258154,Rúben Dias,-0.3802180207830919,0.03415279747036026,-0.730732306273432,-0.5028980207047109,48,258154__327391
327391,J. Bree,8136,J. Stephens,-0.32860922402916626,0.0,-0.8814366935042485,-0.522098838345445,49,8136__327391
327391,J. Bree,285382,W. Faes,-0.43996291090473955,0.03462189154768779,-0.7286623576685306,-0.5410077172720664,50,285382__327391
327391,J. Bree,192792,D. Burn,-0.37841594887776103,0.0,-0.8814366935042485,-0.5544732094970316,51,192792__327391
327391,J. Bree,415917,Gabriel Magalhaes,-0.4366130088159756,0.0,-0.8814366935042485,-0.5923012984568711,52,327391__415917
327391,J. Bree,7919,M. Keane,-0.44273752255192333,0.0,-0.8814366935042485,-0.596282232385237,53,7919__327391
327391,J. Bree,482177,J. Kiwior,-0.5114010721723619,0.0,-0.8814366935042485,-0.6409135396385222,54,327391__482177
327391,J. Bree,769441,L. Yoro,-0.6120584012002126,0.0,-0.8814366935042485,-0.7063408035066252,55,327391__769441
327391,J. Bree,145787,J. Andersen,-0.6199294529709929,0.0,-0.8814366935042485,-0.7114569871576324,56,145787__327391
327391,J. Bree,520300,N. Wood,-0.652672332463587,0.0,-0.8814366935042485,-0.7327398588278184,57,327391__520300
327391,J. Bree,558243,S. van den Berg,-0.7275451717025245,0.0,-0.8814366935042485,-0.7814072043331279,58,327391__558243
327391,J. Bree,545267,R. Drăgușin,-0.7803328559924443,0.0,-0.8814366935042485,-0.8157191991215758,59,327391__545267
327391,J. Bree,9097,L. Dunk,-0.8001897638001598,0.0,-0.8814366935042485,-0.8286261891965909,60,9097__327391
327391,J. Bree,549884,T. Harwood-Bellis,-0.8132717836113941,0.0,-0.8814366935042485,-0.8371295020738931,61,327391__549884
327391,J. Bree,8360,C. Dawson,-0.817315914844841,0.0,-0.8814366935042485,-0.8397581873756337,62,8360__327391
327391,J. Bree,50102,F. Schär,-0.8868432816695598,0.0,-0.8814366935042485,-0.8849509758117009,63,50102__327391
327391,J. Bree,625787,M. van de Ven,-0.916301232041936,0.0,-0.8814366935042485,-0.9040986435537455,64,327391__625787
327391,J. Bree,767087,A. Gray,-0.9542603830904888,0.0,-0.8814366935042485,-0.9287720917353046,65,327391__767087
327391,J. Bree,366217,K. Danso,-0.9713884326291258,0.0,-0.8814366935042485,-0.9399053239354187,66,327391__366217
327391,J. Bree,234399,A. Webster,-0.9866022123888926,0.0,-0.8814366935042485,-0.9497942807792672,67,234399__327391
327391,J. Bree,402884,K. Walker-Peters,-1.1729149011847055,0.0,-0.8814366935042485,-1.0708975284965456,68,327391__402884
327391,J. Bree,557788,W. Fofana,-1.1930485460438027,0.0,-0.8814366935042485,-1.0839843976549588,69,327391__557788
327391,J. Bree,653730,A. Khusanov,-1.2041030365977319,0.0,-0.8814366935042485,-1.0911698165150128,70,327391__653730
327391,J. Bree,297957,M. Akanji,-1.2373079890384402,0.0,-0.8814366935042485,-1.112753035601473,71,297957__327391
327391,J. Bree,518805,L. Woolfenden,-1.3317144948771484,0.0,-0.8814366935042485,-1.1741172643966333,72,327391__518805
327391,J. Bree,136441,B. Davies,-1.4040410481679282,0.0,-0.8814366935042485,-1.2211295240356403,73,136441__327391
346131,T. Chalobah,568412,J. Gvardiol,1.4460168035553131,0.0,0.0,0.9399109223109535,1,346131__568412
346131,T. Chalobah,623641,E. Agbadou,1.4243075695840113,0.0,0.0,0.9257999202296073,2,346131__623641
346131,T. Chalobah,349142,N. Mazraoui,1.410306843556751,0.0,0.0,0.9166994483118881,3,346131__349142
346131,T. Chalobah,412968,M. Senesi,1.0952186243181352,0.0,0.0,0.711892105806788,4,346131__412968
346131,T. Chalobah,645877,Y. Mosquera,0.9684120540195073,0.0,0.0,0.6294678351126798,5,346131__645877
346131,T. Chalobah,370,V. van Dijk,0.951220804095279,0.0,0.0,0.6182935226619314,6,370__346131
346131,T. Chalobah,583655,C. Okoli,0.8275480283785459,0.0,0.0,0.5379062184460549,7,346131__583655
346131,T. Chalobah,400549,Pau Torres,0.7731793697338298,0.0,0.0,0.5025665903269894,8,346131__400549
346131,T. Chalobah,590703,I. Zabarnyi,0.7570536601513893,0.0,0.0,0.4920848790984031,9,346131__590703
346131,T. Chalobah,534563,C. Richards,0.7308377649269984,0.0,0.0,0.47504454720254896,10,346131__534563
346131,T. Chalobah,424806,E. Pinnock,0.7065049005453845,0.0,0.0,0.45922818535449994,11,346131__424806
346131,T. Chalobah,283145,T. Adarabioyo,0.6906040730888416,0.0,0.0,0.4488926475077471,12,283145__346131
346131,T. Chalobah,8582,A. Cresswell,0.6830926536955733,0.0,0.0,0.4440102249021226,13,8582__346131
346131,T. Chalobah,501419,J. Todibo,0.6827312908301055,0.0,0.0,0.4437753390395686,14,346131__501419
346131,T. Chalobah,399581,D. O'Shea,0.6642850059372707,0.0,0.0,0.43178525385922595,15,346131__399581
346131,T. Chalobah,447424,C. Bassey,0.6483642054355365,0.0,0.0,0.42143673353309874,16,346131__447424
346131,T. Chalobah,413002,K. Mavropanos,0.6459218054037865,0.0,0.0,0.41984917351246126,17,346131__413002
346131,T. Chalobah,240032,J. Bednarek,0.6384027225511681,0.0,0.0,0.4149617696582593,18,240032__346131
346131,T. Chalobah,578325,W. Saliba,0.5900135299080623,0.0,0.0,0.38350879444024055,19,346131__578325
346131,T. Chalobah,488453,L. Martínez,0.5814843868290955,0.0,0.0,0.3779648514389121,20,346131__488453
346131,T. Chalobah,270866,Diego Carlos,0.5703434055142081,0.0,0.0,0.3707232135842353,21,270866__346131
346131,T. Chalobah,8653,H. Maguire,0.5668943857847358,0.0,0.0,0.3684813507600783,22,8653__346131
346131,T. Chalobah,777938,Dean Huijsen,0.5386611098629381,0.0,0.0,0.3501297214109098,23,346131__777938
346131,T. Chalobah,288080,C. Burgess,0.5369352966598788,0.0,0.0,0.3490079428289212,24,288080__346131
346131,T. Chalobah,397074,M. Guéhi,0.5238786120272065,0.0,0.0,0.34052109781768425,25,346131__397074
346131,T. Chalobah,424241,N. Milenković,0.5099923584705682,0.0,0.0,0.33149503300586936,26,346131__424241
346131,T. Chalobah,504375,M. Lacroix,0.4504564988906985,0.0,0.0,0.29279672427895403,27,346131__504375
346131,T. Chalobah,365443,M. de Ligt,0.43800399621896585,0.0,0.0,0.2847025975423278,28,346131__365443
346131,T. Chalobah,364003,S. Bueno,0.4221459611173665,0.0,0.0,0.27439487472628826,29,346131__364003
346131,T. Chalobah,619747,L. Colwill,0.4106910939358386,0.0,0.0,0.2669492110582951,30,346131__619747
346131,T. Chalobah,563725,Morato,0.38576802845369274,0.0,0.0,0.2507492184949003,31,346131__563725
346131,T. Chalobah,393247,I. Konaté,0.3797606735451847,0.0,0.0,0.24684443780437007,32,346131__393247
346131,T. Chalobah,15806,J. Vestergaard,0.3754521960669267,0.0,0.0,0.24404392744350237,33,15806__346131
346131,T. Chalobah,620468,J. Greaves,0.35738122557402957,0.0,0.0,0.23229779662311922,34,346131__620468
346131,T. Chalobah,412027,E. Konsa,0.3497263513499154,0.0,0.0,0.22732212837744503,35,346131__412027
346131,T. Chalobah,286380,I. Diop,0.3404311502411957,0.0,0.0,0.2212802476567772,36,286380__346131
346131,T. Chalobah,9433,J. Tarkowski,0.3389596144125993,0.0,0.0,0.22032374936818955,37,9433__346131
346131,T. Chalobah,627012,Murillo,0.3034599994749184,0.0,0.0,0.19724899965869697,38,346131__627012
346131,T. Chalobah,8136,J. Stephens,0.2960532430743597,0.0,0.0,0.1924346079983338,39,8136__346131
346131,T. Chalobah,604320,J. Branthwaite,0.2922578978372738,0.0,0.0,0.18996763359422797,40,346131__604320
346131,T. Chalobah,479155,N. Collins,0.2868594688380531,0.0,0.0,0.1864586547447345,41,346131__479155
346131,T. Chalobah,62126,M. Doherty,0.2710403571385547,0.0,0.0,0.17617623214006053,42,62126__346131
346131,T. Chalobah,327391,J. Bree,0.2473641004602837,0.0,0.0,0.16078666529918442,43,327391__346131
346131,T. Chalobah,7919,M. Keane,0.2471759723937274,0.0,0.0,0.16066438205592282,44,7919__346131
346131,T. Chalobah,590874,Toti,0.23568909361372703,0.0,0.0,0.15319791084892256,45,346131__590874
346131,T. Chalobah,590781,J. van Hecke,0.22692472309953343,0.0,0.0,0.14750107001469673,46,346131__590781
346131,T. Chalobah,496001,M. Kilman,0.2260317407452705,0.0,0.0,0.14692063148442583,47,346131__496001
346131,T. Chalobah,192792,D. Burn,0.20405537433309706,0.0,0.0,0.1326359933165131,48,192792__346131
346131,T. Chalobah,402884,K. Walker-Peters,0.18768722261681758,0.0,0.0,0.12199669470093144,49,346131__402884
346131,T. Chalobah,769441,L. Yoro,0.18479523371306367,0.0,0.0,0.12011690191349139,50,346131__769441
346131,T. Chalobah,520300,N. Wood,0.1608379361751337,0.0,0.0,0.1045446585138369,51,346131__520300
346131,T. Chalobah,482177,J. Kiwior,0.1468870552368186,0.0,0.0,0.0954765859039321,52,346131__482177
346131,T. Chalobah,545267,R. Drăgușin,0.14320456607712406,0.0,0.0,0.09308296795013064,53,346131__545267
346131,T. Chalobah,415847,C. Romero,0.13480246914803828,0.0,0.0,0.08762160494622488,54,346131__415847
346131,T. Chalobah,258154,Rúben Dias,0.133106422321833,0.0,0.0,0.08651917450919146,55,258154__346131
346131,T. Chalobah,285382,W. Faes,0.12691951576640967,0.0,0.0,0.0824976852481663,56,285382__346131
346131,T. Chalobah,7953,C. Coady,0.11366248527212945,0.0,0.0,0.07388061542688415,57,7953__346131
346131,T. Chalobah,558243,S. van den Berg,0.10796626182519714,0.0,0.0,0.07017807018637814,58,346131__558243
346131,T. Chalobah,415917,Gabriel Magalhaes,0.10513580032300944,0.0,0.0,0.06833827020995614,59,346131__415917
346131,T. Chalobah,549884,T. Harwood-Bellis,0.06934474478670741,0.0,0.0,0.04507408411135982,60,346131__549884
346131,T. Chalobah,145787,J. Andersen,0.030900041102745242,0.0,0.0,0.02008502671678441,61,145787__346131
346131,T. Chalobah,8360,C. Dawson,0.0012379800326364106,0.0,0.0,0.0008046870212136669,62,8360__346131
346131,T. Chalobah,50102,F. Schär,0.00048622328935291753,0.0,0.0,0.00031604513807939643,63,50102__346131
346131,T. Chalobah,9097,L. Dunk,-0.014605775267028762,0.0,0.0,-0.009493753923568696,64,9097__346131
346131,T. Chalobah,625787,M. van de Ven,-0.01900545574891857,0.0,0.0,-0.012353546236797072,65,346131__625787
346131,T. Chalobah,767087,A. Gray,-0.02150304816669757,0.0,0.0,-0.01397698130835342,66,346131__767087
346131,T. Chalobah,518805,L. Woolfenden,-0.07330264049864166,0.0,0.0,-0.04764671632411708,67,346131__518805
346131,T. Chalobah,366217,K. Danso,-0.10286737825109393,0.0,0.0,-0.06686379586321106,68,346131__366217
346131,T. Chalobah,234399,A. Webster,-0.12101729943166203,0.0,0.0,-0.07866124463058033,69,234399__346131
346131,T. Chalobah,653730,A. Khusanov,-0.1540084239999111,0.0,0.0,-0.10010547559994222,70,346131__653730
346131,T. Chalobah,557788,W. Fofana,-0.17625035305181683,0.0,0.0,-0.11456272948368094,71,346131__557788
346131,T. Chalobah,297957,M. Akanji,-0.2681773998827216,0.0,0.0,-0.17431530992376904,72,297957__346131
346131,T. Chalobah,136441,B. Davies,-0.3391307085286087,0.0,0.0,-0.22043496054359568,73,136441__346131
349142,N. Mazraoui,568412,J. Gvardiol,2.3382318242739917,0.021575343613044168,1.0200006235587311,1.8768509040236505,1,349142__568412
349142,N. Mazraoui,370,V. van Dijk,1.845817074358479,0.021575343613044168,1.0200006235587311,1.556781316578567,2,370__349142
349142,N. Mazraoui,400549,Pau Torres,1.6456117307942129,0.021575343613044168,1.0200006235587311,1.4266478432617942,3,349142__400549
349142,N. Mazraoui,283145,T. Adarabioyo,1.5852003433520414,0.021575343613044168,1.0200006235587311,1.3873804414243829,4,283145__349142
349142,N. Mazraoui,413002,K. Mavropanos,1.580656839157043,0.021575343613044168,1.0200006235587311,1.3844271636976337,5,349142__413002
349142,N. Mazraoui,424806,E. Pinnock,1.5666352753051216,0.021575343613044168,1.0200006235587311,1.3753131471938849,6,349142__424806
349142,N. Mazraoui,8582,A. Cresswell,1.4910578750073786,0.021575343613044168,1.0200006235587311,1.326187837000352,7,8582__349142
349142,N. Mazraoui,399581,D. O'Shea,1.4722502272490763,0.021575343613044168,1.0200006235587311,1.3139628659574556,8,349142__399581
349142,N. Mazraoui,8653,H. Maguire,1.4614906560479357,0.021575343613044168,1.0200006235587311,1.3069691446767142,9,8653__349142
349142,N. Mazraoui,590703,I. Zabarnyi,1.4407766629243965,0.021575343613044168,1.0200006235587311,1.2935050491464137,10,349142__590703
349142,N. Mazraoui,346131,T. Chalobah,1.410306843556751,0.021575343613044168,1.0200006235587311,1.273699666557444,11,346131__349142
349142,N. Mazraoui,240032,J. Bednarek,1.3602981283533044,0.021575343613044168,1.0200006235587311,1.2411940016752039,12,240032__349142
349142,N. Mazraoui,501419,J. Todibo,1.3499624379856368,0.021575343613044168,1.0200006235587311,1.2344758029362197,13,349142__501419
349142,N. Mazraoui,534563,C. Richards,1.348438220148422,0.021575343613044168,1.0200006235587311,1.2334850613420303,14,349142__534563
349142,N. Mazraoui,397074,M. Guéhi,1.3466473987627592,0.021575343613044168,1.0200006235587311,1.2323210274413494,15,349142__397074
349142,N. Mazraoui,288080,C. Burgess,1.3449005179716842,0.021575343613044168,1.0200006235587311,1.2311855549271506,16,288080__349142
349142,N. Mazraoui,777938,Dean Huijsen,1.3286724655612923,0.021575343613044168,1.0200006235587311,1.2206373208603958,17,349142__777938
349142,N. Mazraoui,424241,N. Milenković,1.3226386332418245,0.021575343613044168,1.0200006235587311,1.2167153298527418,18,349142__424241
349142,N. Mazraoui,620468,J. Greaves,1.237677086375169,0.021575343613044168,1.0200006235587311,1.1614903243894157,19,349142__620468
349142,N. Mazraoui,623641,E. Agbadou,2.2688474677086683,0.0,-1.0079267179320461,1.1219765027344182,20,349142__623641
349142,N. Mazraoui,412027,E. Konsa,1.1576915726617207,0.021575343613044168,1.0200006235587311,1.1094997404756743,21,349142__412027
349142,N. Mazraoui,62126,M. Doherty,1.127197928650075,0.021575343613044168,1.0200006235587311,1.0896788718681047,22,62126__349142
349142,N. Mazraoui,7919,M. Keane,1.1062600646324314,0.021575343613044168,1.0200006235587311,1.0760692602566364,23,7919__349142
349142,N. Mazraoui,604320,J. Branthwaite,1.0948253352410515,0.021575343613044168,1.0200006235587311,1.0686366861522394,24,349142__604320
349142,N. Mazraoui,496001,M. Kilman,1.0657711917599255,0.021575343613044168,1.0200006235587311,1.0497514928895075,25,349142__496001
349142,N. Mazraoui,192792,D. Burn,1.0631394665718013,0.021575343613044168,1.0200006235587311,1.0480408715172267,26,192792__349142
349142,N. Mazraoui,769441,L. Yoro,1.0438793259517678,0.021575343613044168,1.0200006235587311,1.035521780114205,27,349142__769441
349142,N. Mazraoui,8136,J. Stephens,1.0937558852172544,0.020422199221903223,0.9116133328892266,1.0300059919024447,28,8136__349142
349142,N. Mazraoui,545267,R. Drăgușin,1.0022886583158281,0.021575343613044168,1.0200006235587311,1.0084878461508442,29,349142__545267
349142,N. Mazraoui,327391,J. Bree,0.978370971883086,0.021575343613044168,1.0200006235587311,0.9929413499695618,30,327391__349142
349142,N. Mazraoui,520300,N. Wood,0.976150100143149,0.021575343613044168,1.0200006235587311,0.9914977833386027,31,349142__520300
349142,N. Mazraoui,558243,S. van den Berg,0.9670503540639013,0.021575343613044168,1.0200006235587311,0.9855829483870917,32,349142__558243
349142,N. Mazraoui,549884,T. Harwood-Bellis,0.9284288370254115,0.021575343613044168,1.0200006235587311,0.9604789623120733,33,349142__549884
349142,N. Mazraoui,767087,A. Gray,0.8375810440720066,0.021575343613044168,1.0200006235587311,0.9014278968923601,34,349142__767087
349142,N. Mazraoui,504375,M. Lacroix,1.1266065430615586,0.01567465090143116,0.46537788854093154,0.8951765139793392,35,349142__504375
349142,N. Mazraoui,518805,L. Woolfenden,0.7857814517400629,0.021575343613044168,1.0200006235587311,0.8677581618765968,36,349142__518805
349142,N. Mazraoui,625787,M. van de Ven,0.8225858182693266,0.020422199221903223,0.9116133328892266,0.8537454483862916,37,349142__625787
349142,N. Mazraoui,583655,C. Okoli,1.4435509482419346,0.007725267667151619,-0.28180704153070185,0.8396756518215118,38,349142__583655
349142,N. Mazraoui,645877,Y. Mosquera,1.526204673011269,0.0,-1.0079267179320461,0.6392586861811088,39,349142__645877
349142,N. Mazraoui,270866,Diego Carlos,1.443252447514034,0.0,-1.0079267179320461,0.585339739607906,40,270866__349142
349142,N. Mazraoui,447424,C. Bassey,1.4294008152885969,0.0,-1.0079267179320461,0.5763361786613719,41,349142__447424
349142,N. Mazraoui,479155,N. Collins,1.0924124215860465,0.006580755527005183,-0.3893829626051566,0.5737840371191254,42,349142__479155
349142,N. Mazraoui,578325,W. Saliba,1.346359169854171,0.0,-1.0079267179320461,0.5223591091289951,43,349142__578325
349142,N. Mazraoui,412968,M. Senesi,1.3269352309782307,0.0,-1.0079267179320461,0.5097335488596338,44,349142__412968
349142,N. Mazraoui,488453,L. Martínez,1.2518512461401776,0.0,-1.0079267179320461,0.46092895871489936,45,349142__488453
349142,N. Mazraoui,15806,J. Vestergaard,1.2152426850766944,0.0,-1.0079267179320461,0.43713339402363527,46,15806__349142
349142,N. Mazraoui,365443,M. de Ligt,1.208938266959462,0.0,-1.0079267179320461,0.43303552224743413,47,349142__365443
349142,N. Mazraoui,619747,L. Colwill,1.175395815231136,0.0,-1.0079267179320461,0.41123292862402216,48,349142__619747
349142,N. Mazraoui,563725,Morato,1.1637221015506045,0.0,-1.0079267179320461,0.4036450147316768,49,349142__563725
349142,N. Mazraoui,393247,I. Konaté,1.1376695227184468,0.0,-1.0079267179320461,0.38671083849077426,50,349142__393247
349142,N. Mazraoui,627012,Murillo,1.1287492707242344,0.0,-1.0079267179320461,0.38091267469453627,51,349142__627012
349142,N. Mazraoui,590781,J. van Hecke,1.1023595393519026,0.0,-1.0079267179320461,0.3637593493025205,52,349142__590781
349142,N. Mazraoui,286380,I. Diop,1.0983399994144578,0.0,-1.0079267179320461,0.36114664834318144,53,286380__349142
349142,N. Mazraoui,9433,J. Tarkowski,1.0968684635858614,0.0,-1.0079267179320461,0.36019015005459376,54,9433__349142
349142,N. Mazraoui,364003,S. Bueno,1.0863219865057527,0.0,-1.0079267179320461,0.3533349399525232,55,349142__364003
349142,N. Mazraoui,590874,Toti,1.044716813713888,0.0,-1.0079267179320461,0.32629157763781114,56,349142__590874
349142,N. Mazraoui,7953,C. Coady,0.9640380950041367,0.0,-1.0079267179320461,0.27385041047647274,57,7953__349142
349142,N. Mazraoui,258154,Rúben Dias,0.9564785940213526,0.0,-1.0079267179320461,0.2689367348376631,58,258154__349142
349142,N. Mazraoui,482177,J. Kiwior,0.9559147753369794,0.0,-1.0079267179320461,0.26857025269282053,59,349142__482177
349142,N. Mazraoui,285382,W. Faes,0.9359472358665708,0.0,-1.0079267179320461,0.25559135203705485,60,285382__349142
349142,N. Mazraoui,415847,C. Romero,0.9218184518066944,0.0,-1.0079267179320461,0.24640764239813528,61,349142__415847
349142,N. Mazraoui,415917,Gabriel Magalhaes,0.9141635204231701,0.0,-1.0079267179320461,0.24143193699884447,62,349142__415917
349142,N. Mazraoui,145787,J. Andersen,0.839927761202906,0.0,-1.0079267179320461,0.19317869350567274,63,145787__349142
349142,N. Mazraoui,8360,C. Dawson,0.823291121700031,0.0,-1.0079267179320461,0.18236487782880406,64,8360__349142
349142,N. Mazraoui,50102,F. Schär,0.8169067502249711,0.0,-1.0079267179320461,0.178215036370015,65,50102__349142
349142,N. Mazraoui,9097,L. Dunk,0.7987637520222102,0.0,-1.0079267179320461,0.16642208753822052,66,9097__349142
349142,N. Mazraoui,366217,K. Danso,0.706160341849067,0.0,-1.0079267179320461,0.10622987092567737,67,349142__366217
349142,N. Mazraoui,234399,A. Webster,0.6880104206684989,0.0,-1.0079267179320461,0.09443242215830816,68,234399__349142
349142,N. Mazraoui,653730,A. Khusanov,0.6550192961002497,0.0,-1.0079267179320461,0.07298819118894617,69,349142__653730
349142,N. Mazraoui,557788,W. Fofana,0.613843688357157,0.0,-1.0079267179320461,0.046224046155935894,70,349142__557788
349142,N. Mazraoui,402884,K. Walker-Peters,0.6133854124170169,0.0,-1.0079267179320461,0.0459261667948449,71,349142__402884
349142,N. Mazraoui,297957,M. Akanji,0.5408503202174394,0.0,-1.0079267179320461,-0.0012216431348805457,72,297957__349142
349142,N. Mazraoui,136441,B. Davies,0.46989701157155195,0.0,-1.0079267179320461,-0.04734129375470736,73,136441__349142
364003,S. Bueno,568412,J. Gvardiol,1.396230519313374,0.27675745030746957,1.8580035596585494,1.5578510834341852,1,364003__568412
364003,S. Bueno,400549,Pau Torres,0.7036104258335948,0.27675745030746957,1.8580035596585494,1.1076480226723289,2,364003__400549
364003,S. Bueno,283145,T. Adarabioyo,0.6431990383914234,0.27675745030746957,1.8580035596585494,1.0683806208349176,3,283145__364003
364003,S. Bueno,623641,E. Agbadou,1.272359540135819,0.1716884842225595,0.6884461656237255,1.0679898590565862,4,364003__623641
364003,S. Bueno,370,V. van Dijk,0.903815769397861,0.23095136399919974,1.3481208708887742,1.0593225549196807,5,370__364003
364003,S. Bueno,424806,E. Pinnock,0.6246339703445036,0.27675745030746957,1.8580035596585494,1.0563133266044196,6,364003__424806
364003,S. Bueno,349142,N. Mazraoui,1.0863219865057527,0.1716884842225595,0.6884461656237255,0.9470654491970433,7,349142__364003
364003,S. Bueno,399581,D. O'Shea,0.4794810497364534,0.25878499027441776,1.6579461658923995,0.8919438403910345,8,364003__399581
364003,S. Bueno,8582,A. Cresswell,0.4794320591182969,0.2508661539591921,1.5697989811457724,0.8610604818279133,9,8582__364003
364003,S. Bueno,8653,H. Maguire,0.5194893510873181,0.23142038353797395,1.3533416824181925,0.811337667053124,10,8653__364003
364003,S. Bueno,240032,J. Bednarek,0.3424205589477881,0.24960712253110728,1.5557842861229927,0.7670978634591097,11,240032__364003
364003,S. Bueno,397074,M. Guéhi,0.4046460938021415,0.23659696955851817,1.4109639726317658,0.7568573513925099,12,364003__397074
364003,S. Bueno,413002,K. Mavropanos,0.5924959567176585,0.2005101920114522,1.009270122585188,0.7383669147712938,13,364003__413002
364003,S. Bueno,424241,N. Milenković,0.38063732828120656,0.23453622671594498,1.3880251628333706,0.733223070374464,14,364003__424241
364003,S. Bueno,620468,J. Greaves,0.24951620393578433,0.24494630184971955,1.5039031503956055,0.6885516351967217,15,364003__620468
364003,S. Bueno,346131,T. Chalobah,0.4221459611173665,0.21467134695083998,1.1669026194544267,0.6828107915353376,16,346131__364003
364003,S. Bueno,270866,Diego Carlos,0.4831652262313263,0.1716884842225595,0.6884461656237255,0.555013555018666,17,270866__364003
364003,S. Bueno,447424,C. Bassey,0.45723182410749463,0.1716884842225595,0.6884461656237255,0.5381568436381754,18,364003__447424
364003,S. Bueno,583655,C. Okoli,0.47686884731518414,0.16558799157687795,0.6205395653508536,0.5271535986276684,19,364003__583655
364003,S. Bueno,534563,C. Richards,0.3782584748843222,0.17713874823327158,0.7491148560153187,0.508058208280171,20,364003__534563
364003,S. Bueno,412968,M. Senesi,0.627658563575121,0.1339158584958674,0.2679865822005717,0.5017733700940288,21,364003__412968
364003,S. Bueno,578325,W. Saliba,0.31882612822451684,0.1716884842225595,0.6884461656237255,0.4481931413142399,22,364003__578325
364003,S. Bueno,645877,Y. Mosquera,0.551763161563479,0.11527847907874643,0.06052775096860802,0.3798307678552742,23,364003__645877
364003,S. Bueno,15806,J. Vestergaard,0.20850309083415314,0.1716884842225595,0.6884461656237255,0.37648316701050344,24,15806__364003
364003,S. Bueno,627012,Murillo,0.1384261363926615,0.1716884842225595,0.6884461656237255,0.3309331466235339,25,364003__627012
364003,S. Bueno,288080,C. Burgess,0.2556426937958944,0.15074337247208372,0.4552992029244057,0.32552247199087336,26,288080__364003
364003,S. Bueno,590781,J. van Hecke,0.11419865691251783,0.1716884842225595,0.6884461656237255,0.3151852849614405,27,364003__590781
364003,S. Bueno,590703,I. Zabarnyi,0.37447042838980826,0.12482405726372434,0.1667827372178903,0.30177973647963696,28,364003__590703
364003,S. Bueno,590874,Toti,-0.007279052550310819,0.1716884842225595,0.6884461656237255,0.2362247738106019,29,364003__590874
364003,S. Bueno,563725,Morato,0.11381547154374594,0.14579718787428203,0.40024158711094865,0.2140646119922669,30,364003__563725
364003,S. Bueno,7953,C. Coady,-0.08886107671717082,0.1716884842225595,0.6884461656237255,0.18319645810214288,31,7953__364003
364003,S. Bueno,365443,M. de Ligt,0.15949172908454812,0.0970194225344089,-0.1427198433045871,0.0537176787483508,32,364003__365443
364003,S. Bueno,777938,Dean Huijsen,0.21450597562506135,0.07465162184585289,-0.3917032268705462,0.00233275475159872,33,364003__777938
364003,S. Bueno,412027,E. Konsa,0.018515162226185027,0.10506896608491006,-0.05311771311434763,-0.006556344143001401,34,364003__412027
364003,S. Bueno,286380,I. Diop,0.01959319911939838,0.09863191064481776,-0.12477070510903411,-0.03093416736055299,35,286380__364003
364003,S. Bueno,496001,M. Kilman,-0.0547774747694817,0.10411510751993998,-0.06373542811710745,-0.05791275844115071,36,364003__496001
364003,S. Bueno,7919,M. Keane,-0.1312652009195365,0.10506896608491006,-0.05311771311434763,-0.1039135801877204,37,7919__364003
364003,S. Bueno,501419,J. Todibo,0.11314051872355788,0.05310057926719846,-0.6315950059202742,-0.1475169149017833,38,364003__501419
364003,S. Bueno,619747,L. Colwill,0.09380913811924985,0.055567961870089465,-0.6041297545272797,-0.15046947430703547,39,364003__619747
364003,S. Bueno,415847,C. Romero,-0.22914891432002515,0.10911308336247653,-0.008101306837926283,-0.15178225170129056,40,364003__415847
364003,S. Bueno,769441,L. Yoro,-0.21504354343164284,0.10506896608491006,-0.05311771311434763,-0.1583695028205895,41,364003__769441
364003,S. Bueno,393247,I. Konaté,0.033542135391202835,0.06116729327105908,-0.5418017457376709,-0.167828223003903,42,364003__393247
364003,S. Bueno,62126,M. Doherty,-0.05813805926422734,0.0656975990586029,-0.4913734144378392,-0.20977043357499148,43,62126__364003
364003,S. Bueno,545267,R. Drăgușin,-0.3016649892800219,0.10506896608491006,-0.05311771311434763,-0.21467344262203591,44,364003__545267
364003,S. Bueno,327391,J. Bree,-0.3079056712624767,0.10506896608491006,-0.05311771311434763,-0.21872988591063153,45,327391__364003
364003,S. Bueno,767087,A. Gray,-0.46637260352384313,0.10506896608491006,-0.05311771311434763,-0.3217333918805197,46,364003__767087
364003,S. Bueno,192792,D. Burn,-0.15205786454735692,0.044159940824265276,-0.7311162079265274,-0.35472828473006657,47,192792__364003
364003,S. Bueno,518805,L. Woolfenden,-0.5181721958557874,0.10506896608491006,-0.05311771311434763,-0.3554031268962835,48,364003__518805
364003,S. Bueno,604320,J. Branthwaite,-0.1629687348760319,0.03602128656059796,-0.8217102589222592,-0.39352826829221144,49,364003__604320
364003,S. Bueno,558243,S. van den Berg,-0.33690329353194864,0.06409964377024908,-0.509160782986997,-0.3971934148412155,50,364003__558243
364003,S. Bueno,488453,L. Martínez,0.022042405420655803,0.0,-1.2226751071491717,-0.4136087239787838,51,364003__488453
364003,S. Bueno,258154,Rúben Dias,-0.1878722953531936,0.03415279747036026,-0.8425090286502764,-0.41699515200717263,52,258154__364003
364003,S. Bueno,549884,T. Harwood-Bellis,-0.3755248105704384,0.06327032520287544,-0.5183922021074475,-0.42552839760839156,53,364003__549884
364003,S. Bueno,504375,M. Lacroix,-0.11463315273720026,0.01567465090143116,-1.048195386411572,-0.4413799345232304,54,364003__504375
364003,S. Bueno,285382,W. Faes,-0.23595155058059092,0.03462189154768779,-0.8372873874075809,-0.4464190934700374,55,285382__364003
364003,S. Bueno,8136,J. Stephens,-0.16516698416615624,0.020422199221903223,-0.9953488566640678,-0.4557306395404253,56,8136__364003
364003,S. Bueno,479155,N. Collins,-0.09422672656770256,0.006580755527005183,-1.149422541984263,-0.4635452619634987,57,364003__479155
364003,S. Bueno,520300,N. Wood,-0.32780354745270135,0.03431956794183148,-0.8406526514031812,-0.5073007338353693,58,364003__520300
364003,S. Bueno,9433,J. Tarkowski,-0.12327229398662608,0.0,-1.2226751071491717,-0.5080632785935171,59,9433__364003
364003,S. Bueno,415917,Gabriel Magalhaes,-0.2881421186949731,0.0,-1.2226751071491717,-0.6152286646539425,60,364003__415917
364003,S. Bueno,482177,J. Kiwior,-0.33550963499102704,0.0,-1.2226751071491717,-0.6460175502463776,61,364003__482177
364003,S. Bueno,625787,M. van de Ven,-0.48136782932652333,0.020422199221903223,-0.9953488566640678,-0.6612611888946639,62,364003__625787
364003,S. Bueno,8360,C. Dawson,-0.480662525895819,0.0,-1.2226751071491717,-0.7403669293344924,63,8360__364003
364003,S. Bueno,50102,F. Schär,-0.4870468973708788,0.0,-1.2226751071491717,-0.7445167707932814,64,50102__364003
364003,S. Bueno,145787,J. Andersen,-0.4888926002940266,0.0,-1.2226751071491717,-0.7457164776933274,65,145787__364003
364003,S. Bueno,9097,L. Dunk,-0.5051898955736399,0.0,-1.2226751071491717,-0.7563097196250761,66,9097__364003
364003,S. Bueno,402884,K. Walker-Peters,-0.511869395424437,0.0,-1.2226751071491717,-0.7606513945280942,67,364003__402884
364003,S. Bueno,366217,K. Danso,-0.6625315950287061,0.0,-1.2226751071491717,-0.858581824270869,68,364003__366217
364003,S. Bueno,653730,A. Khusanov,-0.6671699416897274,0.0,-1.2226751071491717,-0.8615967496005329,69,364003__653730
364003,S. Bueno,234399,A. Webster,-0.6806815162092741,0.0,-1.2226751071491717,-0.8703792730382383,70,234399__364003
364003,S. Bueno,557788,W. Fofana,-0.7548482485206163,0.0,-1.2226751071491717,-0.9185876490406106,71,364003__557788
364003,S. Bueno,297957,M. Akanji,-0.8278416166603337,0.0,-1.2226751071491717,-0.966033338331427,72,297957__364003
364003,S. Bueno,136441,B. Davies,-0.8987949253062208,0.0,-1.2226751071491717,-1.0121529889512537,73,136441__364003
365443,M. de Ligt,349142,N. Mazraoui,1.208938266959462,0.01071811383907928,0.8162186135839425,1.07148638827803,1,349142__365443
365443,M. de Ligt,583655,C. Okoli,0.5374221303734541,0.015494440318144492,1.6891773045304657,0.9405364413284081,2,365443__583655
365443,M. de Ligt,534563,C. Richards,0.5125479132481516,0.015494440318144492,1.6891773045304657,0.9243682001969615,3,365443__534563
365443,M. de Ligt,590703,I. Zabarnyi,0.4470894223089237,0.015494440318144492,1.6891773045304657,0.8818201810864633,4,365443__590703
365443,M. de Ligt,346131,T. Chalobah,0.43800399621896585,0.015494440318144492,1.6891773045304657,0.8759146541279907,5,346131__365443
365443,M. de Ligt,240032,J. Bednarek,0.4150887866763409,0.015494440318144492,1.6891773045304657,0.8610197679252845,6,240032__365443
365443,M. de Ligt,412968,M. Senesi,0.8438677631681335,0.01071811383907928,0.8162186135839425,0.8341905608136666,7,365443__412968
365443,M. de Ligt,501419,J. Todibo,0.3727670529876398,0.015494440318144492,1.6891773045304657,0.8335106410276287,8,365443__501419
365443,M. de Ligt,568412,J. Gvardiol,1.285435472762586,0.004776326479065211,-0.26974880058152045,0.7411209770921487,9,365443__568412
365443,M. de Ligt,777938,Dean Huijsen,0.2183495302919755,0.015494440318144492,1.6891773045304657,0.733139251275447,10,365443__777938
365443,M. de Ligt,645877,Y. Mosquera,0.6355743551191453,0.01071811383907928,0.8162186135839425,0.6987998455818243,11,365443__645877
365443,M. de Ligt,504375,M. Lacroix,0.1597408052660917,0.015494440318144492,1.6891773045304657,0.6950435800086225,12,365443__504375
365443,M. de Ligt,8136,J. Stephens,0.05789643684052376,0.015494440318144492,1.6891773045304657,0.6288447405320033,13,8136__365443
365443,M. de Ligt,327391,J. Bree,0.026700112446906787,0.015494440318144492,1.6891773045304657,0.6085671296761523,14,327391__365443
365443,M. de Ligt,447424,C. Bassey,0.4871768975268153,0.01071811383907928,0.8162186135839425,0.6023414981468098,15,365443__447424
365443,M. de Ligt,479155,N. Collins,-0.00584291981578644,0.015494440318144492,1.6891773045304657,0.5874141587054017,16,365443__479155
365443,M. de Ligt,520300,N. Wood,-0.0665432940348997,0.015494440318144492,1.6891773045304657,0.547958915462978,17,365443__520300
365443,M. de Ligt,488453,L. Martínez,0.2353722778436074,0.01071811383907928,0.8162186135839425,0.4386684953527247,18,365443__488453
365443,M. de Ligt,370,V. van Dijk,0.7467425223967189,0.004776326479065211,-0.26974880058152045,0.39097055935433517,19,370__365443
365443,M. de Ligt,364003,S. Bueno,0.15949172908454812,0.01071811383907928,0.8162186135839425,0.38934613865933615,20,364003__365443
365443,M. de Ligt,424806,E. Pinnock,0.5014326565575993,0.007160637790643276,0.16602653648704868,0.38404051453290655,21,365443__424806
365443,M. de Ligt,623641,E. Agbadou,1.1827983373141417,0.0,-1.1427074915280433,0.36887129721937706,22,365443__623641
365443,M. de Ligt,563725,Morato,0.1098067372318014,0.01071811383907928,0.8162186135839425,0.3570508939550508,23,365443__563725
365443,M. de Ligt,619747,L. Colwill,0.033241129534640756,0.01071811383907928,0.8162186135839425,0.3072832489518964,24,365443__619747
365443,M. de Ligt,400549,Pau Torres,0.5465371788324529,0.004776326479065211,-0.26974880058152045,0.2608370860375622,25,365443__400549
365443,M. de Ligt,413002,K. Mavropanos,0.5197636660974732,0.004776326479065211,-0.26974880058152045,0.24343430275982542,26,365443__413002
365443,M. de Ligt,402884,K. Walker-Peters,-0.07000771596786848,0.01071811383907928,0.8162186135839425,0.24017149937526538,27,365443__402884
365443,M. de Ligt,283145,T. Adarabioyo,0.4939866635172031,0.004776326479065211,-0.26974880058152045,0.22667925108264986,28,283145__365443
365443,M. de Ligt,415847,C. Romero,-0.12335379551318457,0.01071811383907928,0.8162186135839425,0.2054965476708099,29,365443__415847
365443,M. de Ligt,8653,H. Maguire,0.3685251247105263,0.004776326479065211,-0.26974880058152045,0.1451292508583099,30,8653__365443
365443,M. de Ligt,399581,D. O'Shea,0.32240780273531155,0.004776326479065211,-0.26974880058152045,0.11515299157442037,31,365443__399581
365443,M. de Ligt,8582,A. Cresswell,0.32235881211715495,0.004776326479065211,-0.26974880058152045,0.11512114767261857,32,8582__365443
365443,M. de Ligt,50102,F. Schär,-0.3090592748960269,0.01071811383907928,0.8162186135839425,0.08478798607196239,33,50102__365443
365443,M. de Ligt,397074,M. Guéhi,0.2609351607721305,0.004776326479065211,-0.26974880058152045,0.07519577429835268,34,365443__397074
365443,M. de Ligt,424241,N. Milenković,0.22356408128006455,0.004776326479065211,-0.26974880058152045,0.050904572628509795,35,365443__424241
365443,M. de Ligt,620468,J. Greaves,0.17678391331559912,0.004776326479065211,-0.26974880058152045,0.020497463451607273,36,365443__620468
365443,M. de Ligt,578325,W. Saliba,0.2959466170419621,0.0034298311156105393,-0.5158447982062474,0.011819621705088823,37,365443__578325
365443,M. de Ligt,288080,C. Burgess,0.13838073309562865,0.004776326479065211,-0.26974880058152045,-0.004464603691373539,38,288080__365443
365443,M. de Ligt,653730,A. Khusanov,-0.4678202394801214,0.01071811383907928,0.8162186135839425,-0.018406640907699057,39,365443__653730
365443,M. de Ligt,557788,W. Fofana,-0.4778422425423364,0.01071811383907928,0.8162186135839425,-0.024920942898138787,40,365443__557788
365443,M. de Ligt,412027,E. Konsa,-0.01693279203384679,0.004776326479065211,-0.26974880058152045,-0.10541839502553257,41,365443__412027
365443,M. de Ligt,62126,M. Doherty,-0.041140477323790614,0.004776326479065211,-0.26974880058152045,-0.12115339046399606,42,62126__365443
365443,M. de Ligt,7919,M. Keane,-0.062078341341434404,0.004776326479065211,-0.26974880058152045,-0.13476300207546452,43,7919__365443
365443,M. de Ligt,270866,Diego Carlos,0.38510146846861837,0.0,-1.1427074915280433,-0.14963166753021323,44,270866__365443
365443,M. de Ligt,192792,D. Burn,-0.10153949535005505,0.004776326479065211,-0.26974880058152045,-0.16041275218106793,45,192792__365443
365443,M. de Ligt,496001,M. Kilman,-0.10256721421394036,0.004776326479065211,-0.26974880058152045,-0.1610807694425934,46,365443__496001
365443,M. de Ligt,604320,J. Branthwaite,-0.11169444963500423,0.004776326479065211,-0.26974880058152045,-0.1670134724662849,47,365443__604320
365443,M. de Ligt,769441,L. Yoro,-0.11848944530474063,0.004776326479065211,-0.26974880058152045,-0.1714302196516136,48,365443__769441
365443,M. de Ligt,545267,R. Drăgușin,-0.16604974765803757,0.004776326479065211,-0.26974880058152045,-0.2023444161812566,49,365443__545267
365443,M. de Ligt,558243,S. van den Berg,-0.20128805190996454,0.004776326479065211,-0.26974880058152045,-0.22524931394500913,50,365443__558243
365443,M. de Ligt,549884,T. Harwood-Bellis,-0.23442290211133146,0.004776326479065211,-0.26974880058152045,-0.2467869665758976,51,365443__549884
365443,M. de Ligt,15806,J. Vestergaard,0.16011800472344404,0.0,-1.1427074915280433,-0.2958709189645765,52,15806__365443
365443,M. de Ligt,767087,A. Gray,-0.33075736190185906,0.004776326479065211,-0.26974880058152045,-0.30940436543974054,53,365443__767087
365443,M. de Ligt,625787,M. van de Ven,-0.3457525877045391,0.004776326479065211,-0.26974880058152045,-0.3191512622114826,54,365443__625787
365443,M. de Ligt,590874,Toti,-0.004501161017891331,0.0011458581073985833,-0.9332815241387922,-0.3295742881102066,55,365443__590874
365443,M. de Ligt,518805,L. Woolfenden,-0.3825569542338032,0.004776326479065211,-0.26974880058152045,-0.34307410045550424,56,365443__518805
365443,M. de Ligt,627012,Murillo,0.06569384577247633,0.0,-1.1427074915280433,-0.35724662228270554,57,365443__627012
365443,M. de Ligt,590781,J. van Hecke,0.05255183145593596,0.0,-1.1427074915280433,-0.36578893158845677,58,365443__590781
365443,M. de Ligt,393247,I. Konaté,-0.03790993197484194,0.0,-1.1427074915280433,-0.4245890778184624,59,365443__393247
365443,M. de Ligt,7953,C. Coady,-0.08382965648819934,0.0,-1.1427074915280433,-0.4544368987521447,60,7953__365443
365443,M. de Ligt,286380,I. Diop,-0.09320988520404894,0.0,-1.1427074915280433,-0.46053404741744697,61,286380__365443
365443,M. de Ligt,9433,J. Tarkowski,-0.09662589972296065,0.0,-1.1427074915280433,-0.4627544568547396,62,9433__365443
365443,M. de Ligt,482177,J. Kiwior,-0.19939820906965255,0.0,-1.1427074915280433,-0.5295564579300893,63,365443__482177
365443,M. de Ligt,258154,Rúben Dias,-0.21185981195251327,0.0,-1.1427074915280433,-0.5376564998039488,64,258154__365443
365443,M. de Ligt,285382,W. Faes,-0.21936574854006147,0.0,-1.1427074915280433,-0.5425353585858551,65,285382__365443
365443,M. de Ligt,415917,Gabriel Magalhaes,-0.2411494639834617,0.0,-1.1427074915280433,-0.5566947736240653,66,365443__415917
365443,M. de Ligt,145787,J. Andersen,-0.31538522320372586,0.0,-1.1427074915280433,-0.604948017117237,67,145787__365443
365443,M. de Ligt,8360,C. Dawson,-0.3450472842738347,0.0,-1.1427074915280433,-0.6242283568128077,68,8360__365443
365443,M. de Ligt,9097,L. Dunk,-0.3608910395734999,0.0,-1.1427074915280433,-0.6345267977575901,69,9097__365443
365443,M. de Ligt,366217,K. Danso,-0.44915264255756515,0.0,-1.1427074915280433,-0.6918968396972325,70,365443__366217
365443,M. de Ligt,234399,A. Webster,-0.46730256373813317,0.0,-1.1427074915280433,-0.7036942884646018,71,234399__365443
365443,M. de Ligt,297957,M. Akanji,-0.6144626641891928,0.0,-1.1427074915280433,-0.7993483537577906,72,297957__365443
365443,M. de Ligt,136441,B. Davies,-0.6854159728350799,0.0,-1.1427074915280433,-0.845468004377617,73,136441__365443
366217,K. Danso,568412,J. Gvardiol,0.8216209919663295,0.6912257314380738,2.016002602521622,1.2396545556606817,1,366217__568412
366217,K. Danso,349142,N. Mazraoui,0.706160341849067,0.5727253916390825,1.438544264620669,0.9624947148191276,2,349142__366217
366217,K. Danso,623641,E. Agbadou,0.6426410502613615,0.4978716350339635,1.0737780036280358,0.7935389839396975,3,366217__623641
366217,K. Danso,424806,E. Pinnock,0.04986153191662801,0.6380757241514965,1.756999844224116,0.6473599412242487,4,366217__424806
366217,K. Danso,447424,C. Bassey,-0.007587334901873993,0.6593112066360118,1.8604814582079556,0.6462367426865664,5,366217__447424
366217,K. Danso,583655,C. Okoli,0.08585100573248297,0.6154052351270148,1.6465253685079677,0.6320870327039025,6,366217__583655
366217,K. Danso,645877,Y. Mosquera,0.1686792051049581,0.5650957226288833,1.4013644895007198,0.6001190546434747,7,366217__645877
366217,K. Danso,370,V. van Dijk,0.20325191286689637,0.5499653683177647,1.3276334836051107,0.5967854626252713,8,370__366217
366217,K. Danso,400549,Pau Torres,-0.06673385932823744,0.6203182991338915,1.670466985723787,0.5412864364399711,9,366217__400549
366217,K. Danso,590703,I. Zabarnyi,-0.029237083995501317,0.5660997257938097,1.4062570493013848,0.4731858626584088,10,366217__590703
366217,K. Danso,283145,T. Adarabioyo,-0.041052355307781646,0.5467384900866636,1.3119087376415028,0.4324840272244679,11,283145__366217
366217,K. Danso,240032,J. Bednarek,-0.08311369416484574,0.5432561123511439,1.2949389292636737,0.399204724035136,12,240032__366217
366217,K. Danso,412968,M. Senesi,0.18316512176140634,0.4338345244225568,0.7617218228578507,0.3856599671451619,13,366217__412968
366217,K. Danso,534563,C. Richards,-0.0019031697723634333,0.48241751411399,0.9984692661568525,0.34822718280286213,14,366217__534563
366217,K. Danso,346131,T. Chalobah,-0.10286737825109393,0.46983204989864924,0.9371396424626894,0.26113507899873023,15,346131__366217
366217,K. Danso,8653,H. Maguire,-0.22985543970674996,0.4791139593027538,0.9823708712180949,0.19442376911694573,16,8653__366217
366217,K. Danso,399581,D. O'Shea,-0.14981251810011428,0.4443928423267651,0.8131730568233917,0.18723243312311277,17,366217__399581
366217,K. Danso,15806,J. Vestergaard,-0.4335486279237131,0.5376393337437327,1.2675680740872661,0.16184221778012958,18,15806__366217
366217,K. Danso,578325,W. Saliba,-0.2628395383027135,0.46262599319667363,0.9020241522202026,0.14486275338030707,19,366217__578325
366217,K. Danso,397074,M. Guéhi,-0.2053194291626273,0.4290050711268808,0.7381876449996105,0.12490804679415593,20,366217__397074
366217,K. Danso,501419,J. Todibo,-0.3944977014524268,0.4987811103121984,1.078209924105415,0.12094996749281783,21,366217__501419
366217,K. Danso,8582,A. Cresswell,-0.292109441196723,0.4559816616643011,0.8696459780339089,0.11450495553399812,22,8582__366217
366217,K. Danso,424241,N. Milenković,-0.30659257327271483,0.4330528557047196,0.7579127104168473,0.06598427601863188,23,366217__424241
366217,K. Danso,413002,K. Mavropanos,-0.148192602103557,0.33895553313276516,0.2993715485475951,0.008454850624346227,24,366217__413002
366217,K. Danso,270866,Diego Carlos,-0.2411163370743161,0.3546924290171853,0.3760582631726527,-0.02510522698787704,25,270866__366217
366217,K. Danso,777938,Dean Huijsen,-0.2979415464103131,0.3626948904238196,0.41505467508868754,-0.04839286888566291,26,366217__777938
366217,K. Danso,488453,L. Martínez,-0.39656114964197203,0.39423562460808637,0.5687543182215042,-0.05870073588975536,27,366217__488453
366217,K. Danso,288080,C. Burgess,-0.5284502057447816,0.3558588801771927,0.38174244052811923,-0.20988277954926637,28,288080__366217
366217,K. Danso,620468,J. Greaves,-0.49336688320099875,0.3362074682972082,0.28598008523975504,-0.22059544424673494,29,366217__620468
366217,K. Danso,504375,M. Lacroix,-0.5218048562009144,0.34063702731149453,0.30756555740264363,-0.23152521143966912,30,366217__504375
366217,K. Danso,563725,Morato,-0.4312520019963702,0.2703284755602942,-0.03505168321742845,-0.2925818904237406,31,366217__563725
366217,K. Danso,590781,J. van Hecke,-0.6390630288274937,0.31013382534387246,0.15892186288869697,-0.35976831672682696,32,366217__590781
366217,K. Danso,365443,M. de Ligt,-0.44915264255756515,0.22536849445772286,-0.2541440166536751,-0.38089962349120365,33,365443__366217
366217,K. Danso,364003,S. Bueno,-0.6625315950287061,0.2776003010205145,0.000384301615083996,-0.4305110312033796,34,364003__366217
366217,K. Danso,619747,L. Colwill,-0.47527160450451233,0.20027213717207548,-0.3764398749619377,-0.4406804991646112,35,366217__619747
366217,K. Danso,627012,Murillo,-0.5843456634941104,0.23280394152118197,-0.21791069521258186,-0.45609342459557545,36,366217__627012
366217,K. Danso,327391,J. Bree,-0.9713884326291258,0.3649340039302086,0.42596599201794055,-0.48231438400265253,37,327391__366217
366217,K. Danso,393247,I. Konaté,-0.5746408410129892,0.16700639353892938,-0.5385455791313978,-0.5620074993544322,38,366217__393247
366217,K. Danso,590874,Toti,-0.7296705977306153,0.2231331091985076,-0.26503716563995106,-0.5670488964988828,39,366217__590874
366217,K. Danso,8136,J. Stephens,-0.6524448890856525,0.19178550071673742,-0.41779569714930054,-0.5703176719079293,40,8136__366217
366217,K. Danso,286380,I. Diop,-0.7386360911152727,0.21486368499529,-0.3053345011909551,-0.5869805346417616,41,286380__366217
366217,K. Danso,7953,C. Coady,-0.9716853254027902,0.28891940843265634,0.05554290254251733,-0.6121554456219326,42,7953__366217
366217,K. Danso,412027,E. Konsa,-0.7976398196867074,0.20560706650958063,-0.3504424859816153,-0.6411207528899252,43,366217__412027
366217,K. Danso,479155,N. Collins,-0.6327880336377827,0.13206465812789234,-0.708818478669565,-0.6593986893989064,44,366217__479155
366217,K. Danso,415847,C. Romero,-0.9478442187963075,0.23957289648089702,-0.18492522456335134,-0.6808225708147729,45,366217__415847
366217,K. Danso,604320,J. Branthwaite,-0.9038372553397308,0.1929384150076857,-0.41217748566296597,-0.7317563359528632,46,366217__604320
366217,K. Danso,9433,J. Tarkowski,-0.7469477157588866,0.11792134040861874,-0.777739603760266,-0.7577248765593694,47,9433__366217
366217,K. Danso,496001,M. Kilman,-0.7958694715567811,0.13101975582361536,-0.7139103421099583,-0.7671837762503931,48,366217__496001
366217,K. Danso,402884,K. Walker-Peters,-1.1621334508951497,0.26924858035288485,-0.04031406890033538,-0.7694966671969647,49,366217__402884
366217,K. Danso,520300,N. Wood,-0.9725663672975882,0.19686906083811578,-0.39302324347287904,-0.76972627395894,50,366217__520300
366217,K. Danso,62126,M. Doherty,-0.7425910029093359,0.07142763231347343,-1.004305868844539,-0.834191205986657,51,62126__366217
366217,K. Danso,7919,M. Keane,-0.953246372187313,0.12961581059276703,-0.7207518404624934,-0.8718732860836261,52,7919__366217
366217,K. Danso,769441,L. Yoro,-1.034137268470026,0.12961581059276703,-0.7207518404624934,-0.9244523686673897,53,366217__769441
366217,K. Danso,192792,D. Burn,-0.8396641377273794,0.044159940824265276,-1.137182752003385,-0.9437956527239814,54,192792__366217
366217,K. Danso,545267,R. Drăgușin,-1.2151631465931967,0.12961581059276703,-0.7207518404624934,-1.0421191894474506,55,366217__545267
366217,K. Danso,285382,W. Faes,-1.0534600883265088,0.03462189154768779,-1.1836621637199471,-1.0990308147142123,56,285382__366217
366217,K. Danso,258154,Rúben Dias,-1.06390917455083,0.03415279747036026,-1.1859480836309975,-1.1066227927288885,57,258154__366217
366217,K. Danso,558243,S. van den Berg,-1.168665738830399,0.06409964377024908,-1.0400155393105102,-1.1236381689984378,58,366217__558243
366217,K. Danso,482177,J. Kiwior,-1.0522019037888188,0.0,-1.3523764474260354,-1.1572629940618446,59,366217__482177
366217,K. Danso,549884,T. Harwood-Bellis,-1.2684473881135487,0.06327032520287544,-1.0440568519541558,-1.1899107004577612,60,366217__549884
366217,K. Danso,415917,Gabriel Magalhaes,-1.1608526975712719,0.0,-1.3523764474260354,-1.2278860100204392,61,366217__415917
366217,K. Danso,145787,J. Andersen,-1.170056842735693,0.0,-1.3523764474260354,-1.2338687043773129,62,145787__366217
366217,K. Danso,767087,A. Gray,-1.5186560641950544,0.12961581059276703,-0.7207518404624934,-1.239389585888658,63,366217__767087
366217,K. Danso,50102,F. Schär,-1.33416044711845,0.03666553185567316,-1.173703397884183,-1.2780004798864566,64,50102__366217
366217,K. Danso,518805,L. Woolfenden,-1.5822657507665596,0.12961581059276703,-0.7207518404624934,-1.2807358821601365,65,366217__518805
366217,K. Danso,653730,A. Khusanov,-1.3617994529370239,0.04238519152253696,-1.1458311979378468,-1.286210563687312,66,366217__653730
366217,K. Danso,625787,M. van de Ven,-1.481904412375615,0.020422199221903223,-1.2528580052091904,-1.4017381698673663,67,366217__625787
366217,K. Danso,557788,W. Fofana,-1.635182393385484,0.071342336683293,-1.0047215189002079,-1.4145210873156373,68,366217__557788
366217,K. Danso,8360,C. Dawson,-1.4592853718482388,0.0,-1.3523764474260354,-1.4218672483004675,69,8360__366217
366217,K. Danso,9097,L. Dunk,-1.4938835619781785,0.0,-1.3523764474260354,-1.4443560718849284,70,9097__366217
366217,K. Danso,234399,A. Webster,-1.7641383335795005,0.0,-1.3523764474260354,-1.6200216734257877,71,234399__366217
366217,K. Danso,136441,B. Davies,-1.9295581403186353,0.0,-1.3523764474260354,-1.7275445478062255,72,136441__366217
366217,K. Danso,297957,M. Akanji,-1.9434932004865202,0.0,-1.3523764474260354,-1.7366023369153505,73,297957__366217
393247,I. Konaté,568412,J. Gvardiol,1.2451070587043382,0.05624565557040533,1.1065725607279169,1.1966199844125907,1,393247__568412
393247,I. Konaté,370,V. van Dijk,0.7052079902383867,0.05624565557040533,1.1065725607279169,0.8456855899097222,2,370__393247
393247,I. Konaté,590703,I. Zabarnyi,0.3803381132492162,0.0648131606946957,1.4391719493784259,0.7509299558944396,3,393247__590703
393247,I. Konaté,240032,J. Bednarek,0.3568454640025598,0.0648131606946957,1.4391719493784259,0.7356597338841129,4,240032__393247
393247,I. Konaté,424806,E. Pinnock,0.45943672916134565,0.058629966881983395,1.1991339859128294,0.718330769024365,5,393247__424806
393247,I. Konaté,400549,Pau Torres,0.5050026466741204,0.05624565557040533,1.1065725607279169,0.7155521165929492,6,393247__400549
393247,I. Konaté,283145,T. Adarabioyo,0.44459125923194925,0.05624565557040533,1.1065725607279169,0.6762847147555379,7,283145__393247
393247,I. Konaté,501419,J. Todibo,0.302972529160794,0.061668084391488825,1.3170768422812529,0.6579090387529545,8,393247__501419
393247,I. Konaté,777938,Dean Huijsen,0.1485550064651296,0.0648131606946957,1.4391719493784259,0.6002709364847832,9,393247__777938
393247,I. Konaté,8653,H. Maguire,0.32088157192784333,0.05624565557040533,1.1065725607279169,0.5958734180078691,10,8653__393247
393247,I. Konaté,346131,T. Chalobah,0.3797606735451847,0.05155036785257085,0.9242966470476968,0.5703482642710639,11,346131__393247
393247,I. Konaté,399581,D. O'Shea,0.280873270576979,0.05624565557040533,1.1065725607279169,0.5698680221298071,12,393247__399581
393247,I. Konaté,8582,A. Cresswell,0.28082427995882253,0.05624565557040533,1.1065725607279169,0.5698361782280055,13,8582__393247
393247,I. Konaté,397074,M. Guéhi,0.20603831464266703,0.05624565557040533,1.1065725607279169,0.5212253007725044,14,393247__397074
393247,I. Konaté,424241,N. Milenković,0.18202954912173225,0.05624565557040533,1.1065725607279169,0.5056196031838969,15,393247__424241
393247,I. Konaté,349142,N. Mazraoui,1.1376695227184468,0.008567505124290367,-0.7443424326469257,0.4789653383405664,16,349142__393247
393247,I. Konaté,327391,J. Bree,-0.05934180665746672,0.0648131606946957,1.4391719493784259,0.46513800795509563,17,327391__393247
393247,I. Konaté,620468,J. Greaves,0.11900198587973904,0.05624565557040533,1.1065725607279169,0.4646516870766012,18,393247__620468
393247,I. Konaté,534563,C. Richards,0.45430459057437056,0.03990906548327991,0.4723692778834337,0.46062723113254267,19,393247__534563
393247,I. Konaté,288080,C. Burgess,0.06904760450670377,0.05624565557040533,1.1065725607279169,0.4321813391841283,20,288080__393247
393247,I. Konaté,623641,E. Agbadou,1.1013561305668376,0.0,-1.0769418212974349,0.3389518474143423,21,393247__623641
393247,I. Konaté,412027,E. Konsa,-0.10251331590029916,0.05624565557040533,1.1065725607279169,0.3206667409195764,22,393247__412027
393247,I. Konaté,413002,K. Mavropanos,0.4619817386616131,0.0288217077888927,0.04194661254442157,0.31496944452059605,23,393247__413002
393247,I. Konaté,62126,M. Doherty,-0.12672100119024304,0.05624565557040533,1.1065725607279169,0.3049317454811129,24,62126__393247
393247,I. Konaté,7919,M. Keane,-0.1476588652078868,0.05624565557040533,1.1065725607279169,0.29132213386964445,25,7919__393247
393247,I. Konaté,496001,M. Kilman,-0.18814773808039276,0.05624565557040533,1.1065725607279169,0.2650043665025156,26,393247__496001
393247,I. Konaté,769441,L. Yoro,-0.20573748250919846,0.05624565557040533,1.1065725607279169,0.2535710326237919,27,393247__769441
393247,I. Konaté,412968,M. Senesi,0.7457167659053805,0.008567505124290367,-0.7443424326469257,0.22419604641207336,28,393247__412968
393247,I. Konaté,545267,R. Drăgușin,-0.25163027152448997,0.05624565557040533,1.1065725607279169,0.22374071976385237,29,393247__545267
393247,I. Konaté,558243,S. van den Berg,-0.28686857577641683,0.05624565557040533,1.1065725607279169,0.20083582200009992,30,393247__558243
393247,I. Konaté,549884,T. Harwood-Bellis,-0.32167093931578933,0.05624565557040533,1.1065725607279169,0.17821428569950779,31,393247__549884
393247,I. Konaté,583655,C. Okoli,0.49542620297720064,0.016292772791441985,-0.44443957108091137,0.16647318205686143,32,393247__583655
393247,I. Konaté,767087,A. Gray,-0.41633788576831166,0.05624565557040533,1.1065725607279169,0.11668077050536829,33,393247__767087
393247,I. Konaté,645877,Y. Mosquera,0.5782544023496756,0.008567505124290367,-0.7443424326469257,0.11534551010086519,34,393247__645877
393247,I. Konaté,520300,N. Wood,-0.15258521313927315,0.04288707306612185,0.5879786048789456,0.10661212316710339,35,393247__520300
393247,I. Konaté,192792,D. Burn,-0.18878753255451303,0.044159940824265276,0.6373926445614154,0.10037552943606191,36,192792__393247
393247,I. Konaté,518805,L. Woolfenden,-0.4681374781002555,0.05624565557040533,1.1065725607279169,0.08301103548960476,37,393247__518805
393247,I. Konaté,447424,C. Bassey,0.4052732955415903,0.008567505124290367,-0.7443424326469257,0.002907790675609756,38,393247__447424
393247,I. Konaté,504375,M. Lacroix,0.0736988861617182,0.02424215602572153,-0.13583631196246662,0.00036156681825352116,39,393247__504375
393247,I. Konaté,8136,J. Stephens,-0.028145482263849747,0.028989704346193593,0.04846841223325401,-0.0013306191898634356,40,8136__393247
393247,I. Konaté,604320,J. Branthwaite,-0.181027578223929,0.03602128656059796,0.3214416887972873,-0.005163334766503311,41,393247__604320
393247,I. Konaté,488453,L. Martínez,0.16557775401676156,0.008567505124290367,-0.7443424326469257,-0.15289431131552894,42,393247__488453
393247,I. Konaté,270866,Diego Carlos,0.32457734701860413,0.0,-1.0769418212974349,-0.1659543618920095,43,270866__393247
393247,I. Konaté,578325,W. Saliba,0.214043015056737,0.0034298311156105393,-0.9437922385802554,-0.19119932371621032,44,393247__578325
393247,I. Konaté,479155,N. Collins,-0.09188483892015992,0.01514826065129555,-0.4888707132388006,-0.23082989493168413,45,393247__479155
393247,I. Konaté,364003,S. Bueno,0.033542135391202835,0.008567505124290367,-0.7443424326469257,-0.23871746342214212,46,364003__393247
393247,I. Konaté,563725,Morato,0.020302402796659347,0.008567505124290367,-0.7443424326469257,-0.2473232896085954,47,393247__563725
393247,I. Konaté,619747,L. Colwill,-0.05903033901493138,0.008567505124290367,-0.7443424326469257,-0.29888957178612935,48,393247__619747
393247,I. Konaté,15806,J. Vestergaard,0.078214402738219,0.0,-1.0769418212974349,-0.32609027567425986,49,15806__393247
393247,I. Konaté,627012,Murillo,0.007911918336616086,0.0,-1.0769418212974349,-0.37178689053530173,50,393247__627012
393247,I. Konaté,625787,M. van de Ven,-0.4313331115709916,0.020422199221903223,-0.28413097641725515,-0.3798123642671838,51,393247__625787
393247,I. Konaté,590781,J. van Hecke,-0.01631556114352746,0.0,-1.0769418212974349,-0.387534752197395,52,393247__590781
393247,I. Konaté,402884,K. Walker-Peters,-0.19595730966121372,0.008567505124290367,-0.7443424326469257,-0.3878921027062129,53,393247__402884
393247,I. Konaté,365443,M. de Ligt,-0.03790993197484194,0.0,-1.0769418212974349,-0.4015710932377494,54,365443__393247
393247,I. Konaté,415847,C. Romero,-0.22150479277593735,0.008567505124290367,-0.7443424326469257,-0.40449796673078325,55,393247__415847
393247,I. Konaté,590874,Toti,-0.1038582763807285,0.0011458581073985833,-1.0324584273020838,-0.42886832920320284,56,393247__590874
393247,I. Konaté,286380,I. Diop,-0.1753462988404838,0.0,-1.0769418212974349,-0.49090473170041665,57,286380__393247
393247,I. Konaté,7953,C. Coady,-0.18151925851303108,0.0,-1.0769418212974349,-0.49491715548757237,58,7953__393247
393247,I. Konaté,9433,J. Tarkowski,-0.19285022122488382,0.0,-1.0769418212974349,-0.5022822812502767,59,9433__393247
393247,I. Konaté,50102,F. Schär,-0.4019399268322614,0.008567505124290367,-0.7443424326469257,-0.5217808038673939,60,50102__393247
393247,I. Konaté,258154,Rúben Dias,-0.2974403358189657,0.0,-1.0769418212974349,-0.5702658557364298,61,258154__393247
393247,I. Konaté,482177,J. Kiwior,-0.3140190170860033,0.0,-1.0769418212974349,-0.5810419985600044,62,393247__482177
393247,I. Konaté,285382,W. Faes,-0.34485394699548555,0.0,-1.0769418212974349,-0.6010847030011678,63,285382__393247
393247,I. Konaté,415917,Gabriel Magalhaes,-0.3659594928053475,0.0,-1.0769418212974349,-0.6148033077775781,64,393247__415917
393247,I. Konaté,653730,A. Khusanov,-0.5851231703458559,0.008567505124290367,-0.7443424326469257,-0.6408499121512303,65,393247__653730
393247,I. Konaté,557788,W. Fofana,-0.6049979543357659,0.008567505124290367,-0.7443424326469257,-0.6537685217446718,66,393247__557788
393247,I. Konaté,8360,C. Dawson,-0.4306278081402871,0.0,-1.0769418212974349,-0.6568377127452888,67,8360__393247
393247,I. Konaté,145787,J. Andersen,-0.4388578825384948,0.0,-1.0769418212974349,-0.6621872611041237,68,145787__393247
393247,I. Konaté,9097,L. Dunk,-0.4551551778181081,0.0,-1.0769418212974349,-0.6727805030358724,69,9097__393247
393247,I. Konaté,366217,K. Danso,-0.5746408410129892,0.0,-1.0769418212974349,-0.7504461841125452,70,366217__393247
393247,I. Konaté,234399,A. Webster,-0.5927907621935573,0.0,-1.0769418212974349,-0.7622436328799145,71,234399__393247
393247,I. Konaté,297957,M. Akanji,-0.7399508626446167,0.0,-1.0769418212974349,-0.857897698173103,72,297957__393247
393247,I. Konaté,136441,B. Davies,-0.8109041712905039,0.0,-1.0769418212974349,-0.9040173487929297,73,136441__393247
397074,M. Guéhi,349142,N. Mazraoui,1.3466473987627592,0.009898905915306584,1.368372780514474,1.3542512823758592,1,349142__397074
397074,M. Guéhi,412968,M. Senesi,1.0604138093815236,0.009898905915306584,1.368372780514474,1.1681994492780563,2,397074__412968
397074,M. Guéhi,645877,Y. Mosquera,0.8792983566240558,0.009898905915306584,1.368372780514474,1.0504744049857022,3,397074__645877
397074,M. Guéhi,583655,C. Okoli,0.7384343309830942,0.009898905915306584,1.368372780514474,0.9589127883190771,4,397074__583655
397074,M. Guéhi,534563,C. Richards,0.6918768996103606,0.009898905915306584,1.368372780514474,0.9286504579268002,5,397074__534563
397074,M. Guéhi,590703,I. Zabarnyi,0.6549532945090695,0.009898905915306584,1.368372780514474,0.9046501146109611,6,397074__590703
397074,M. Guéhi,447424,C. Bassey,0.6228095902070954,0.009898905915306584,1.368372780514474,0.8837567068146779,7,397074__447424
397074,M. Guéhi,501419,J. Todibo,0.5857726390443987,0.009898905915306584,1.368372780514474,0.859682688558925,8,397074__501419
397074,M. Guéhi,240032,J. Bednarek,0.5661928272735418,0.009898905915306584,1.368372780514474,0.8469558109078681,9,240032__397074
397074,M. Guéhi,346131,T. Chalobah,0.5238786120272065,0.009898905915306584,1.368372780514474,0.8194515709977501,10,346131__397074
397074,M. Guéhi,488453,L. Martínez,0.49237068943364404,0.009898905915306584,1.368372780514474,0.7989714213119345,11,397074__488453
397074,M. Guéhi,777938,Dean Huijsen,0.4251509367329115,0.009898905915306584,1.368372780514474,0.7552785820564584,12,397074__777938
397074,M. Guéhi,364003,S. Bueno,0.4046460938021415,0.009898905915306584,1.368372780514474,0.7419504341514578,13,364003__397074
397074,M. Guéhi,504375,M. Lacroix,0.38903813503227,0.009898905915306584,1.368372780514474,0.7318052609510415,14,397074__504375
397074,M. Guéhi,563725,Morato,0.3171403799635628,0.009898905915306584,1.368372780514474,0.6850717201563817,15,397074__563725
397074,M. Guéhi,8136,J. Stephens,0.2835126692072667,0.009898905915306584,1.368372780514474,0.6632137081647892,16,8136__397074
397074,M. Guéhi,619747,L. Colwill,0.2783954942522342,0.009898905915306584,1.368372780514474,0.6598875444440181,17,397074__619747
397074,M. Guéhi,479155,N. Collins,0.23050552609578986,0.009898905915306584,1.368372780514474,0.6287590651423293,18,397074__479155
397074,M. Guéhi,568412,J. Gvardiol,1.367671974760298,0.0,-0.7436309660393643,0.6287159454804162,19,397074__568412
397074,M. Guéhi,327391,J. Bree,0.21782309881153095,0.009898905915306584,1.368372780514474,0.620515487407561,20,327391__397074
397074,M. Guéhi,623641,E. Agbadou,1.3171098786717659,0.0,-0.7436309660393643,0.5958505830228703,21,397074__623641
397074,M. Guéhi,402884,K. Walker-Peters,0.17514664874972463,0.009898905915306584,1.368372780514474,0.5927757948673869,22,397074__402884
397074,M. Guéhi,520300,N. Wood,0.1482973623080406,0.009898905915306584,1.368372780514474,0.5753237586802923,23,397074__520300
397074,M. Guéhi,415847,C. Romero,0.11242353069552485,0.009898905915306584,1.368372780514474,0.5520057681321571,24,397074__415847
397074,M. Guéhi,50102,F. Schär,-0.06586124917149017,0.009898905915306584,1.368372780514474,0.43612066121859727,25,50102__397074
397074,M. Guéhi,653730,A. Khusanov,-0.22266587476252797,0.009898905915306584,1.368372780514474,0.3341976545844227,26,397074__653730
397074,M. Guéhi,557788,W. Fofana,-0.23464421681779965,0.009898905915306584,1.368372780514474,0.32641173224849607,27,397074__557788
397074,M. Guéhi,578325,W. Saliba,0.467176322533103,0.0034298311156105393,-0.011851491803191772,0.2995165875153998,28,397074__578325
397074,M. Guéhi,424806,E. Pinnock,0.5830339708849099,0.002384311311578064,-0.2349207645193203,0.2967498134934294,29,397074__424806
397074,M. Guéhi,370,V. van Dijk,0.8314001077128077,0.0,-0.7436309660393643,0.2801392318995475,30,370__397074
397074,M. Guéhi,400549,Pau Torres,0.6268173418371078,0.0,-0.7436309660393643,0.14716043408034257,31,397074__400549
397074,M. Guéhi,413002,K. Mavropanos,0.6152972380199,0.0,-0.7436309660393643,0.1396723665991575,32,397074__413002
397074,M. Guéhi,283145,T. Adarabioyo,0.5664059543949365,0.0,-0.7436309660393643,0.10789303224293123,33,283145__397074
397074,M. Guéhi,270866,Diego Carlos,0.5066858835255128,0.0,-0.7436309660393643,0.06907498617780583,34,270866__397074
397074,M. Guéhi,8582,A. Cresswell,0.4870670514740211,0.0,-0.7436309660393643,0.056322745344336234,35,8582__397074
397074,M. Guéhi,399581,D. O'Shea,0.4682594037157187,0.0,-0.7436309660393643,0.044097774301439685,36,397074__399581
397074,M. Guéhi,8653,H. Maguire,0.44671002662562226,0.0,-0.7436309660393643,0.030090679192877,37,8653__397074
397074,M. Guéhi,288080,C. Burgess,0.3409096944383267,0.0,-0.7436309660393643,-0.03867953672886512,38,288080__397074
397074,M. Guéhi,424241,N. Milenković,0.31556459045872587,0.0,-0.7436309660393643,-0.05515385431560568,39,397074__424241
397074,M. Guéhi,15806,J. Vestergaard,0.29575069740372406,0.0,-0.7436309660393643,-0.06803288480135686,40,15806__397074
397074,M. Guéhi,590874,Toti,0.14180080011484392,0.0011458581073985833,-0.4991537847679687,-0.08253330459414049,41,397074__590874
397074,M. Guéhi,365443,M. de Ligt,0.2609351607721305,0.0,-0.7436309660393643,-0.09066298361189265,42,365443__397074
397074,M. Guéhi,620468,J. Greaves,0.24433695001952388,0.0,-0.7436309660393643,-0.10145182060108696,43,397074__620468
397074,M. Guéhi,393247,I. Konaté,0.20603831464266703,0.0,-0.7436309660393643,-0.12634593359604393,44,393247__397074
397074,M. Guéhi,627012,Murillo,0.2010079485633849,0.0,-0.7436309660393643,-0.1296156715475773,45,397074__627012
397074,M. Guéhi,590781,J. van Hecke,0.17413624651283013,0.0,-0.7436309660393643,-0.1470822778804379,46,397074__590781
397074,M. Guéhi,412027,E. Konsa,0.17286904300812136,0.0,-0.7436309660393643,-0.1479059601584986,47,397074__412027
397074,M. Guéhi,286380,I. Diop,0.1614059758013035,0.0,-0.7436309660393643,-0.15535695384293022,48,286380__397074
397074,M. Guéhi,9433,J. Tarkowski,0.15993443997270715,0.0,-0.7436309660393643,-0.15631345213151784,49,9433__397074
397074,M. Guéhi,62126,M. Doherty,0.1486613577181775,0.0,-0.7436309660393643,-0.16364095559696212,50,62126__397074
397074,M. Guéhi,7919,M. Keane,0.12772349370053399,0.0,-0.7436309660393643,-0.1772505672084304,51,7919__397074
397074,M. Guéhi,604320,J. Branthwaite,0.11323272339738163,0.0,-0.7436309660393643,-0.18666956790547942,52,397074__604320
397074,M. Guéhi,192792,D. Burn,0.1037149110264527,0.0,-0.7436309660393643,-0.19285614594658324,53,192792__397074
397074,M. Guéhi,496001,M. Kilman,0.09273292156061971,0.0,-0.7436309660393643,-0.19999443909937467,54,397074__496001
397074,M. Guéhi,769441,L. Yoro,0.07067720206682668,0.0,-0.7436309660393643,-0.21433065677034013,55,397074__769441
397074,M. Guéhi,482177,J. Kiwior,0.044435004325285105,0.0,-0.7436309660393643,-0.23138808530234217,56,397074__482177
397074,M. Guéhi,7953,C. Coady,0.037754758568694854,0.0,-0.7436309660393643,-0.23573024504412585,57,7953__397074
397074,M. Guéhi,258154,Rúben Dias,0.03065437141029949,0.0,-0.7436309660393643,-0.24034549669708283,58,258154__397074
397074,M. Guéhi,285382,W. Faes,0.024467464854876164,0.0,-0.7436309660393643,-0.244366985958108,59,285382__397074
397074,M. Guéhi,545267,R. Drăgușin,0.023752087383930687,0.0,-0.7436309660393643,-0.24483198131422254,60,397074__545267
397074,M. Guéhi,415917,Gabriel Magalhaes,0.002683749411476019,0.0,-0.7436309660393643,-0.2585264009963181,61,397074__415917
397074,M. Guéhi,558243,S. van den Berg,-0.010859066940685454,0.0,-0.7436309660393643,-0.26732923162522304,62,397074__558243
397074,M. Guéhi,549884,T. Harwood-Bellis,-0.043986077671792495,0.0,-0.7436309660393643,-0.2888617886004426,63,397074__549884
397074,M. Guéhi,145787,J. Andersen,-0.07155200980878829,0.0,-0.7436309660393643,-0.30677964448948986,64,145787__397074
397074,M. Guéhi,8360,C. Dawson,-0.10121407087889708,0.0,-0.7436309660393643,-0.3260599841850606,65,8360__397074
397074,M. Guéhi,9097,L. Dunk,-0.11705782617856202,0.0,-0.7436309660393643,-0.3363584251298428,66,9097__397074
397074,M. Guéhi,625787,M. van de Ven,-0.12145750666045199,0.0,-0.7436309660393643,-0.3392182174430713,67,397074__625787
397074,M. Guéhi,767087,A. Gray,-0.14095552685989077,0.0,-0.7436309660393643,-0.3518919305727065,68,397074__767087
397074,M. Guéhi,518805,L. Woolfenden,-0.19275511919183488,0.0,-0.7436309660393643,-0.38556166558847016,69,397074__518805
397074,M. Guéhi,366217,K. Danso,-0.2053194291626273,0.0,-0.7436309660393643,-0.3937284670694853,70,366217__397074
397074,M. Guéhi,234399,A. Webster,-0.22346935034319537,0.0,-0.7436309660393643,-0.4055259158368545,71,234399__397074
397074,M. Guéhi,297957,M. Akanji,-0.370629450794255,0.0,-0.7436309660393643,-0.5011799811300433,72,297957__397074
397074,M. Guéhi,136441,B. Davies,-0.44158275944014225,0.0,-0.7436309660393643,-0.54729963174987,73,136441__397074
399581,D. O'Shea,349142,N. Mazraoui,1.4722502272490763,0.0311668066338862,1.4467672123014306,1.4633311720174005,1,349142__399581
399581,D. O'Shea,412968,M. Senesi,1.1352487653158354,0.0311668066338862,1.4467672123014306,1.2442802217607938,2,399581__412968
399581,D. O'Shea,645877,Y. Mosquera,0.8507254113649372,0.0311668066338862,1.4467672123014306,1.05934004169271,3,399581__645877
399581,D. O'Shea,534563,C. Richards,0.7667118555446726,0.0311668066338862,1.4467672123014306,1.004731230409538,4,399581__534563
399581,D. O'Shea,583655,C. Okoli,0.7228474942459413,0.0311668066338862,1.4467672123014306,0.9762193955653626,5,399581__583655
399581,D. O'Shea,447424,C. Bassey,0.7147803661488379,0.0311668066338862,1.4467672123014306,0.9709757623022454,6,399581__447424
399581,D. O'Shea,346131,T. Chalobah,0.6642850059372707,0.0311668066338862,1.4467672123014306,0.9381537781647267,7,346131__399581
399581,D. O'Shea,590703,I. Zabarnyi,0.663607193679586,0.0311668066338862,1.4467672123014306,0.9377132001972317,8,399581__590703
399581,D. O'Shea,240032,J. Bednarek,0.6226052540930855,0.0311668066338862,1.4467672123014306,0.9110619394660063,9,240032__399581
399581,D. O'Shea,501419,J. Todibo,0.5694274894008535,0.0311668066338862,1.4467672123014306,0.8764963924160556,10,399581__501419
399581,D. O'Shea,488453,L. Martínez,0.5300489079899775,0.0311668066338862,1.4467672123014306,0.8509003144989862,11,399581__488453
399581,D. O'Shea,364003,S. Bueno,0.4794810497364534,0.0311668066338862,1.4467672123014306,0.8180312066341955,12,364003__399581
399581,D. O'Shea,504375,M. Lacroix,0.463873090966582,0.0311668066338862,1.4467672123014306,0.8078860334337791,13,399581__504375
399581,D. O'Shea,777938,Dean Huijsen,0.4513233509291385,0.0311668066338862,1.4467672123014306,0.7997287024094408,14,399581__777938
399581,D. O'Shea,8136,J. Stephens,0.3583476251415788,0.0311668066338862,1.4467672123014306,0.739294480647527,15,8136__399581
399581,D. O'Shea,563725,Morato,0.39197533589787464,0.02944564326079436,1.3274276415399118,0.7193836428725877,16,399581__563725
399581,D. O'Shea,479155,N. Collins,0.3053404820301019,0.0311668066338862,1.4467672123014306,0.704839837625067,17,399581__479155
399581,D. O'Shea,327391,J. Bree,0.27423552563107445,0.0311668066338862,1.4467672123014306,0.6846216159656991,18,327391__399581
399581,D. O'Shea,402884,K. Walker-Peters,0.24998160468403685,0.0311668066338862,1.4467672123014306,0.6688565673501247,19,399581__402884
399581,D. O'Shea,520300,N. Wood,0.22313231824235275,0.0311668066338862,1.4467672123014306,0.65140453116303,20,399581__520300
399581,D. O'Shea,568412,J. Gvardiol,1.3733693945364764,0.0,-0.7142323673106871,0.6427087778899693,21,399581__568412
399581,D. O'Shea,415847,C. Romero,0.18725848662983705,0.0311668066338862,1.4467672123014306,0.6280865406148948,22,399581__415847
399581,D. O'Shea,623641,E. Agbadou,1.3364318276687628,0.0,-0.7142323673106871,0.6186993594259554,23,399581__623641
399581,D. O'Shea,50102,F. Schär,0.0061361131180319856,0.0311668066338862,1.4467672123014306,0.5103569978322215,24,50102__399581
399581,D. O'Shea,557788,W. Fofana,-0.16264685452827754,0.0311668066338862,1.4467672123014306,0.40064806886212034,25,399581__557788
399581,D. O'Shea,370,V. van Dijk,0.860313562264579,0.0,-0.7142323673106871,0.30922248691323595,26,370__399581
399581,D. O'Shea,619747,L. Colwill,0.3532304501865461,0.011812930564160025,0.10483576125984942,0.26629230906220225,27,399581__619747
399581,D. O'Shea,424806,E. Pinnock,0.6579624971554887,0.002384311311578064,-0.5489123907564466,0.23555628638631138,28,399581__424806
399581,D. O'Shea,413002,K. Mavropanos,0.736538466413347,0.0,-0.7142323673106871,0.2287686746099351,29,399581__413002
399581,D. O'Shea,283145,T. Adarabioyo,0.664195520144625,0.0,-0.7142323673106871,0.18174575953526584,30,283145__399581
399581,D. O'Shea,270866,Diego Carlos,0.6277642325637781,0.0,-0.7142323673106871,0.15806542260771533,31,270866__399581
399581,D. O'Shea,400549,Pau Torres,0.626065260567174,0.0,-0.7142323673106871,0.1569610908099227,32,399581__400549
399581,D. O'Shea,578325,W. Saliba,0.4685778024388757,0.0034298311156105393,-0.47641962999558574,0.13782870108681422,33,399581__578325
399581,D. O'Shea,8653,H. Maguire,0.5611702699875081,0.0,-0.7142323673106871,0.11477934693313979,34,8653__399581
399581,D. O'Shea,653730,A. Khusanov,-0.14783091882821592,0.018080808905541743,0.5394289687031515,0.09271004180776267,35,399581__653730
399581,D. O'Shea,397074,M. Guéhi,0.4682594037157187,0.0,-0.7142323673106871,0.05438728385647673,36,397074__399581
399581,D. O'Shea,8582,A. Cresswell,0.42074353222833505,0.0,-0.7142323673106871,0.02350196738967736,37,8582__399581
399581,D. O'Shea,424241,N. Milenković,0.40491673862094624,0.0,-0.7142323673106871,0.013214551544874609,38,399581__424241
399581,D. O'Shea,620468,J. Greaves,0.35894149335651154,0.0,-0.7142323673106871,-0.016669357877007934,39,399581__620468
399581,D. O'Shea,15806,J. Vestergaard,0.33274919012035786,0.0,-0.7142323673106871,-0.033694354980507824,40,15806__399581
399581,D. O'Shea,365443,M. de Ligt,0.32240780273531155,0.0,-0.7142323673106871,-0.04041625678078792,41,365443__399581
399581,D. O'Shea,627012,Murillo,0.3051204802857145,0.0,-0.7142323673106871,-0.05165301637302602,42,399581__627012
399581,D. O'Shea,288080,C. Burgess,0.3039757892160369,0.0,-0.7142323673106871,-0.05239706556831644,43,288080__399581
399581,D. O'Shea,590874,Toti,0.25401686663387646,0.0011458581073985833,-0.6347824924014233,-0.05706290902847841,44,399581__590874
399581,D. O'Shea,590781,J. van Hecke,0.2952145955510956,0.0,-0.7142323673106871,-0.058091841450528314,45,399581__590781
399581,D. O'Shea,393247,I. Konaté,0.280873270576979,0.0,-0.7142323673106871,-0.06741370268370411,46,393247__399581
399581,D. O'Shea,9433,J. Tarkowski,0.21194937790615723,0.0,-0.7142323673106871,-0.11221423291973825,47,9433__399581
399581,D. O'Shea,412027,E. Konsa,0.20995342495586608,0.0,-0.7142323673106871,-0.11351160233742749,48,399581__412027
399581,D. O'Shea,286380,I. Diop,0.20487996745221745,0.0,-0.7142323673106871,-0.11680934971479909,49,286380__399581
399581,D. O'Shea,62126,M. Doherty,0.20355641519306966,0.0,-0.7142323673106871,-0.11766965868324517,50,62126__399581
399581,D. O'Shea,192792,D. Burn,0.17571227331597494,0.0,-0.7142323673106871,-0.13576835090335673,51,192792__399581
399581,D. O'Shea,7919,M. Keane,0.1648078756482787,0.0,-0.7142323673106871,-0.14285620938735927,52,7919__399581
399581,D. O'Shea,7953,C. Coady,0.1588331076069603,0.0,-0.7142323673106871,-0.14673980861421626,53,7953__399581
399581,D. O'Shea,496001,M. Kilman,0.14823983262313273,0.0,-0.7142323673106871,-0.15362543735370415,54,399581__496001
399581,D. O'Shea,604320,J. Branthwaite,0.12516059038552035,0.0,-0.7142323673106871,-0.1686269448081522,55,399581__604320
399581,D. O'Shea,769441,L. Yoro,0.12425203524158061,0.0,-0.7142323673106871,-0.16921750565171306,56,399581__769441
399581,D. O'Shea,482177,J. Kiwior,0.11578447539882235,0.0,-0.7142323673106871,-0.17472141954950593,57,399581__482177
399581,D. O'Shea,258154,Rúben Dias,0.08616128247281253,0.0,-0.7142323673106871,-0.19397649495141228,58,258154__399581
399581,D. O'Shea,285382,W. Faes,0.07997437591738926,0.0,-0.7142323673106871,-0.19799798421243742,59,285382__399581
399581,D. O'Shea,545267,R. Drăgușin,0.06083646933167533,0.0,-0.7142323673106871,-0.21043762349315148,60,399581__545267
399581,D. O'Shea,415917,Gabriel Magalhaes,0.05819066047398905,0.0,-0.7142323673106871,-0.21215739925064755,61,399581__415917
399581,D. O'Shea,558243,S. van den Berg,0.04507182778684156,0.0,-0.7142323673106871,-0.22068464049729342,62,399581__558243
399581,D. O'Shea,549884,T. Harwood-Bellis,0.028011284617729802,0.0,-0.7142323673106871,-0.23177399355721606,63,399581__549884
399581,D. O'Shea,145787,J. Andersen,-0.004216739647319593,0.0,-0.7142323673106871,-0.2527222093294982,64,145787__399581
399581,D. O'Shea,8360,C. Dawson,-0.045707159816383916,0.0,-0.7142323673106871,-0.27969098243939,65,8360__399581
399581,D. O'Shea,9097,L. Dunk,-0.06155091511604914,0.0,-0.7142323673106871,-0.2899894233841724,66,9097__399581
399581,D. O'Shea,625787,M. van de Ven,-0.06595059559793892,0.0,-0.7142323673106871,-0.29284921569740074,67,399581__625787
399581,D. O'Shea,767087,A. Gray,-0.10387114491214627,0.0,-0.7142323673106871,-0.31749757275163554,68,399581__767087
399581,D. O'Shea,366217,K. Danso,-0.14981251810011428,0.0,-0.7142323673106871,-0.34735946532381473,69,366217__399581
399581,D. O'Shea,518805,L. Woolfenden,-0.15567073724409028,0.0,-0.7142323673106871,-0.35116730776739913,70,399581__518805
399581,D. O'Shea,234399,A. Webster,-0.16796243928068247,0.0,-0.7142323673106871,-0.35915691409118405,71,234399__399581
399581,D. O'Shea,297957,M. Akanji,-0.3151225397317421,0.0,-0.7142323673106871,-0.4548109793843728,72,297957__399581
399581,D. O'Shea,136441,B. Davies,-0.3860758483776291,0.0,-0.7142323673106871,-0.5009306300041994,73,136441__399581
400549,Pau Torres,349142,N. Mazraoui,1.6456117307942129,0.2187395610810985,1.9156952730224348,1.7401409705740905,1,349142__400549
400549,Pau Torres,412968,M. Senesi,1.359378141412977,0.2187395610810985,1.9156952730224348,1.5540891374762873,2,400549__412968
400549,Pau Torres,645877,Y. Mosquera,1.042007571788871,0.2187395610810985,1.9156952730224348,1.3477982672206184,3,400549__645877
400549,Pau Torres,534563,C. Richards,0.9908412316418141,0.2187395610810985,1.9156952730224348,1.3145401461250312,4,400549__534563
400549,Pau Torres,583655,C. Okoli,0.946976870343083,0.21586656681038568,1.8813321405757573,1.2740012149245188,5,400549__583655
400549,Pau Torres,590703,I. Zabarnyi,0.8877365697767272,0.19950057081269573,1.6855827463554605,1.1669827315792838,6,400549__590703
400549,Pau Torres,240032,J. Bednarek,0.8371924412347229,0.19987808722746786,1.6900981213751227,1.1357094292838628,7,240032__400549
400549,Pau Torres,364003,S. Bueno,0.7036104258335948,0.2187395610810985,1.9156952730224348,1.1278401223496888,8,364003__400549
400549,Pau Torres,501419,J. Todibo,0.7935568654979951,0.2039054333276103,1.7382681538943554,1.1242058164367212,9,400549__501419
400549,Pau Torres,504375,M. Lacroix,0.6880024670637237,0.2084188001693198,1.792251353284317,1.0744895772409313,10,400549__504375
400549,Pau Torres,488453,L. Martínez,0.7541782840871192,0.1924387406681835,1.6011180444778592,1.0506072002238782,11,400549__488453
400549,Pau Torres,447424,C. Bassey,0.8236747299453968,0.16746382643718238,1.3023996327104121,0.9912284459131522,12,400549__447424
400549,Pau Torres,402884,K. Walker-Peters,0.4741109807811784,0.2187395610810985,1.9156952730224348,0.9786654830656181,13,400549__402884
400549,Pau Torres,327391,J. Bree,0.4666154366580837,0.2187395610810985,1.9156952730224348,0.9737933793856065,14,327391__400549
400549,Pau Torres,568412,J. Gvardiol,1.3983967110614144,0.07090743230418232,0.1475138767626032,0.9605877190568305,15,400549__568412
400549,Pau Torres,8136,J. Stephens,0.5824770012387203,0.1713633014948342,1.3490402331615083,0.8507741324116961,16,8136__400549
400549,Pau Torres,346131,T. Chalobah,0.7731793697338298,0.11475969177247408,0.6720192736428795,0.7377733361019971,17,346131__400549
400549,Pau Torres,520300,N. Wood,0.4472616943394942,0.1625494928962843,1.2436205755871506,0.7259873027761738,18,400549__520300
400549,Pau Torres,777938,Dean Huijsen,0.6754527270262799,0.12456990209187062,0.7893566313855204,0.7153190935520141,19,400549__777938
400549,Pau Torres,623641,E. Agbadou,1.4196552894114167,0.007169146492839075,-0.6148430759075341,0.707580861549784,20,400549__623641
400549,Pau Torres,415847,C. Romero,0.4113878627269785,0.13045981311842048,0.8598043154507811,0.5683336211803094,21,400549__415847
400549,Pau Torres,563725,Morato,0.6161047119950163,0.082499622722471,0.2861650320229751,0.5006258240048018,22,400549__563725
400549,Pau Torres,479155,N. Collins,0.5294698581272433,0.09089069102244829,0.3865284035411849,0.4794403490221229,23,400549__479155
400549,Pau Torres,578325,W. Saliba,0.6336829036716995,0.07328222859909178,0.17591819362732358,0.47346525515616794,24,400549__578325
400549,Pau Torres,424806,E. Pinnock,0.7474093821825614,0.04418883089604617,-0.17206032090886453,0.42559498610056234,25,400549__424806
400549,Pau Torres,619747,L. Colwill,0.5773598262836876,0.051529468190675234,-0.08426087968833769,0.3457925791934788,26,400549__619747
400549,Pau Torres,370,V. van Dijk,0.8979376373667416,0.0,-0.7005913605367065,0.33845248810053474,27,370__400549
400549,Pau Torres,413002,K. Mavropanos,0.7951005105537187,0.0,-0.7005913605367065,0.27160835567206987,28,400549__413002
400549,Pau Torres,15806,J. Vestergaard,0.43439157123581884,0.04693684520260831,-0.139192041099058,0.23363730691861195,29,15806__400549
400549,Pau Torres,283145,T. Adarabioyo,0.6863825930084142,0.0,-0.7005913605367065,0.20094170926762203,30,283145__400549
400549,Pau Torres,397074,M. Guéhi,0.6268173418371078,0.008698861903836168,-0.5965465502897593,0.1986399795927043,31,397074__400549
400549,Pau Torres,399581,D. O'Shea,0.626065260567174,0.00503918885509537,-0.6403189416820384,0.18283078977994974,32,399581__400549
400549,Pau Torres,270866,Diego Carlos,0.6416706008912625,0.0,-0.7005913605367065,0.17187891439147338,33,270866__400549
400549,Pau Torres,365443,M. de Ligt,0.5465371788324529,0.011221971969379454,-0.5663682912366015,0.15702026430828386,34,365443__400549
400549,Pau Torres,393247,I. Konaté,0.5050026466741204,0.009666429331136603,-0.5849737295590146,0.12351091499252317,35,393247__400549
400549,Pau Torres,8653,H. Maguire,0.5500134108265673,0.0,-0.7005913605367065,0.11230174084942154,36,8653__400549
400549,Pau Torres,424241,N. Milenković,0.5156608549892783,0.0,-0.7005913605367065,0.08997257955518365,37,400549__424241
400549,Pau Torres,557788,W. Fofana,0.04912035644578172,0.071342336683293,0.15271565420203828,0.08537871066047151,38,400549__557788
400549,Pau Torres,620468,J. Greaves,0.4566488378872381,0.0,-0.7005913605367065,0.05161476843885751,39,400549__620468
400549,Pau Torres,50102,F. Schär,0.21367940943840602,0.03666553185567316,-0.26204453145731055,0.04717603012490523,40,50102__400549
400549,Pau Torres,9433,J. Tarkowski,0.4318459182039681,0.0,-0.7005913605367065,0.03549287064473203,41,9433__400549
400549,Pau Torres,627012,Murillo,0.4306496636166013,0.0,-0.7005913605367065,0.034715305162943605,42,400549__627012
400549,Pau Torres,8582,A. Cresswell,0.42723362598899534,0.0,-0.7005913605367065,0.03249488070499976,43,8582__400549
400549,Pau Torres,590874,Toti,0.41419267008831645,0.0011458581073985833,-0.6868860516500765,0.028815117479878916,44,400549__590874
400549,Pau Torres,192792,D. Burn,0.37763708480577773,0.0,-0.7005913605367065,0.0002571289359083184,45,192792__400549
400549,Pau Torres,62126,M. Doherty,0.3745591882026188,0.0,-0.7005913605367065,-0.0017435038561449956,46,62126__400549
400549,Pau Torres,653730,A. Khusanov,0.07629845726892576,0.04238519152253696,-0.19363317934083155,-0.018177615544489302,47,400549__653730
400549,Pau Torres,288080,C. Burgess,0.3470105486554524,0.0,-0.7005913605367065,-0.01965011956180318,48,288080__400549
400549,Pau Torres,590781,J. van Hecke,0.3229357531099072,0.0,-0.7005913605367065,-0.035298736666407565,49,400549__590781
400549,Pau Torres,482177,J. Kiwior,0.3088126952173074,0.0,-0.7005913605367065,-0.04447872429659741,50,400549__482177
400549,Pau Torres,286380,I. Diop,0.30007362115125535,0.0,-0.7005913605367065,-0.050159122439531245,51,286380__400549
400549,Pau Torres,604320,J. Branthwaite,0.26451904850579244,0.0,-0.7005913605367065,-0.07326959465908214,52,400549__604320
400549,Pau Torres,496001,M. Kilman,0.26057077976954246,0.0,-0.7005913605367065,-0.07583596933764464,53,400549__496001
400549,Pau Torres,412027,E. Konsa,0.2529881843952815,0.0,-0.7005913605367065,-0.08076465633091426,54,400549__412027
400549,Pau Torres,769441,L. Yoro,0.2514897250478179,0.0,-0.7005913605367065,-0.08173865490676557,55,400549__769441
400549,Pau Torres,7919,M. Keane,0.2407826678051071,0.0,-0.7005913605367065,-0.08869824211452762,56,7919__400549
400549,Pau Torres,285382,W. Faes,0.22804556500299386,0.0,-0.7005913605367065,-0.0969773589359012,57,285382__400549
400549,Pau Torres,558243,S. van den Berg,0.22199377561816588,0.0,-0.7005913605367065,-0.10091102203603941,58,400549__558243
400549,Pau Torres,549884,T. Harwood-Bellis,0.20865419666800225,0.0,-0.7005913605367065,-0.10958174835364576,59,400549__549884
400549,Pau Torres,145787,J. Andersen,0.1923509742534096,0.0,-0.7005913605367065,-0.12017884292313097,60,145787__400549
400549,Pau Torres,545267,R. Drăgușin,0.16192406817279154,0.0,-0.7005913605367065,-0.13995633187553275,61,400549__545267
400549,Pau Torres,258154,Rúben Dias,0.1609455069823602,0.0,-0.7005913605367065,-0.1405923966493131,62,258154__400549
400549,Pau Torres,7953,C. Coady,0.1415015699326566,0.0,-0.7005913605367065,-0.15323095573162043,63,7953__400549
400549,Pau Torres,415917,Gabriel Magalhaes,0.13297488498353668,0.0,-0.7005913605367065,-0.15877330094854838,64,400549__415917
400549,Pau Torres,625787,M. van de Ven,0.05234529367456682,0.0,-0.7005913605367065,-0.2111825352993788,65,400549__625787
400549,Pau Torres,8360,C. Dawson,0.03825615832723812,0.0,-0.7005913605367065,-0.22034047327514245,66,8360__400549
400549,Pau Torres,9097,L. Dunk,0.013233309393498503,0.0,-0.7005913605367065,-0.23660532508207321,67,9097__400549
400549,Pau Torres,767087,A. Gray,-0.04966785539102328,0.0,-0.7005913605367065,-0.27749108219201235,68,400549__767087
400549,Pau Torres,366217,K. Danso,-0.06673385932823744,0.0,-0.7005913605367065,-0.28858398475120156,69,366217__400549
400549,Pau Torres,234399,A. Webster,-0.07547815023617618,0.0,-0.7005913605367065,-0.29426777384136177,70,234399__400549
400549,Pau Torres,518805,L. Woolfenden,-0.10404430711273505,0.0,-0.7005913605367065,-0.312835775811125,71,400549__518805
400549,Pau Torres,297957,M. Akanji,-0.21613112967501186,0.0,-0.7005913605367065,-0.38569221047660496,72,297957__400549
400549,Pau Torres,136441,B. Davies,-0.25937259534771184,0.0,-0.7005913605367065,-0.4137991631638599,73,136441__400549
402884,K. Walker-Peters,623641,E. Agbadou,1.0428600950834026,1.3256162650598668,3.8009520903783742,2.0081922934366427,1,402884__623641
402884,K. Walker-Peters,568412,J. Gvardiol,1.1667310742609571,1.1910436990607438,3.307179847794436,1.9158881449976746,2,402884__568412
402884,K. Walker-Peters,370,V. van Dijk,0.6743163243454446,0.9481012464523819,2.415777958021043,1.2838278961319038,3,370__402884
402884,K. Walker-Peters,400549,Pau Torres,0.4741109807811784,0.8064454963056811,1.8960161707240517,0.971777797261184,4,400549__402884
402884,K. Walker-Peters,283145,T. Adarabioyo,0.41369959333900663,0.7138678031880457,1.5563310736572369,0.8136206114503872,5,283145__402884
402884,K. Walker-Peters,424806,E. Pinnock,0.3951345252920872,0.6506844646666012,1.3244994330546713,0.7204122430089916,6,402884__424806
402884,K. Walker-Peters,413002,K. Mavropanos,0.22314628798824143,0.6635051346378139,1.3715409003560788,0.6250844023169845,7,402884__413002
402884,K. Walker-Peters,8582,A. Cresswell,0.2499326140658803,0.6143014122700476,1.1910031201879592,0.5793072912086079,8,8582__402884
402884,K. Walker-Peters,270866,Diego Carlos,0.2536657811789095,0.605692908734644,1.1594168896333918,0.5706786691379783,9,270866__402884
402884,K. Walker-Peters,8653,H. Maguire,0.1809636928174444,0.6260681515476276,1.2341775160825061,0.549588530960216,10,8653__402884
402884,K. Walker-Peters,399581,D. O'Shea,0.24998160468403685,0.5532203436406326,0.9668851061436535,0.5008978301949026,11,399581__402884
402884,K. Walker-Peters,349142,N. Mazraoui,0.6133854124170169,0.3638331577462262,0.2719876372468237,0.4938961911074493,12,349142__402884
402884,K. Walker-Peters,645877,Y. Mosquera,0.2591175757913689,0.4520772166970151,0.5957718094467074,0.37694655757073736,13,402884__645877
402884,K. Walker-Peters,447424,C. Bassey,0.14299698018140639,0.4998384144840855,0.7710166936080932,0.36280387988074675,14,402884__447424
402884,K. Walker-Peters,424241,N. Milenković,0.1511378832287903,0.4934092021647481,0.747426695443176,0.35983896750382527,15,402884__424241
402884,K. Walker-Peters,397074,M. Guéhi,0.17514664874972463,0.48066255568307314,0.7006568343503711,0.3590752137099509,16,397074__402884
402884,K. Walker-Peters,346131,T. Chalobah,0.18768722261681758,0.45261643346068786,0.5977502979199024,0.3312092989728973,17,346131__402884
402884,K. Walker-Peters,578325,W. Saliba,-0.02147819457345146,0.4803199914889683,0.6993999014153686,0.23082913902263555,18,402884__578325
402884,K. Walker-Peters,15806,J. Vestergaard,-0.23670802813033787,0.584628155410131,1.0821263184735166,0.22488399318101115,19,15806__402884
402884,K. Walker-Peters,583655,C. Okoli,0.11669991884407527,0.38291868377876365,0.34201604846134676,0.1955605642101203,20,402884__583655
402884,K. Walker-Peters,288080,C. Burgess,0.02614324874347773,0.42826271465070304,0.5083918892220761,0.19493027291098716,21,288080__402884
402884,K. Walker-Peters,620468,J. Greaves,-0.03913036996487296,0.39656381475723673,0.3920826194118935,0.11179417631699529,22,402884__620468
402884,K. Walker-Peters,590703,I. Zabarnyi,0.10073322726112632,0.3243768407515612,0.127214934267485,0.11000182471335188,23,402884__590703
402884,K. Walker-Peters,240032,J. Bednarek,0.06823823962592168,0.30932168796736287,0.07197472614998597,0.06954600990934419,24,240032__402884
402884,K. Walker-Peters,534563,C. Richards,0.08261437972956948,0.27352528022113365,-0.059369076341079234,0.032920170104842425,25,402884__534563
402884,K. Walker-Peters,365443,M. de Ligt,-0.07000771596786848,0.27450286894837195,-0.05578211807369821,-0.06502875670490889,26,365443__402884
402884,K. Walker-Peters,627012,Murillo,-0.13455696860352095,0.2931602879812105,0.012675487444004301,-0.08302560898688711,27,402884__627012
402884,K. Walker-Peters,501419,J. Todibo,-0.24645675869138062,0.33176562170746604,0.15432577157278243,-0.10618287309892357,28,402884__501419
402884,K. Walker-Peters,777938,Dean Huijsen,-0.06843769159277541,0.23812498833194895,-0.18925945469919594,-0.11072530868002259,29,402884__777938
402884,K. Walker-Peters,563725,Morato,-0.1156839735086706,0.24818519929785177,-0.1523466345220602,-0.12851590486335696,30,402884__563725
402884,K. Walker-Peters,412968,M. Senesi,0.0136093350444568,0.16458594406967197,-0.4590881417965395,-0.15183478184989188,31,402884__412968
402884,K. Walker-Peters,286380,I. Diop,-0.2099062459330182,0.27522003145531854,-0.05315071295243119,-0.15504180938981277,32,286380__402884
402884,K. Walker-Peters,412027,E. Konsa,-0.21098428282623183,0.2624046379207316,-0.10017282000811392,-0.17220027083989056,33,402884__412027
402884,K. Walker-Peters,590781,J. van Hecke,-0.33207369962068656,0.318736537715651,0.1065195937408541,-0.17856604694414732,34,402884__590781
402884,K. Walker-Peters,619747,L. Colwill,-0.13569030693316686,0.20909901544142878,-0.295761248886773,-0.19171513661692902,35,402884__619747
402884,K. Walker-Peters,393247,I. Konaté,-0.19595730966121372,0.2176963106678213,-0.264216143741645,-0.21984790158936468,36,393247__402884
402884,K. Walker-Peters,488453,L. Martínez,-0.20745703963176115,0.20899056140020733,-0.29615918731317975,-0.23850279132025765,37,402884__488453
402884,K. Walker-Peters,7953,C. Coady,-0.5124023497236924,0.28891940843265634,-0.002885103153871354,-0.33407131342425506,38,7953__402884
402884,K. Walker-Peters,590874,Toti,-0.3883773955317383,0.221987251091109,-0.24847187030916357,-0.33941046170383715,39,402884__590874
402884,K. Walker-Peters,9433,J. Tarkowski,-0.3527717390390427,0.17827768686864726,-0.40885054324486614,-0.37239932051108093,40,9433__402884
402884,K. Walker-Peters,62126,M. Doherty,-0.2896702770375923,0.13178397877350195,-0.5794447675708888,-0.39109134872424606,41,62126__402884
402884,K. Walker-Peters,7919,M. Keane,-0.4352419784288285,0.186413382003918,-0.37899913629504217,-0.41555698368200333,42,7919__402884
402884,K. Walker-Peters,604320,J. Branthwaite,-0.49228083950111384,0.1929384150076857,-0.35505755388347116,-0.4442526895349389,43,402884__604320
402884,K. Walker-Peters,496001,M. Kilman,-0.3962901525795599,0.13101975582361536,-0.5822488463740089,-0.461375695407617,44,402884__496001
402884,K. Walker-Peters,258154,Rúben Dias,-0.4756068191657422,0.0945091439303888,-0.7162131992031566,-0.5598190521788373,45,258154__402884
402884,K. Walker-Peters,504375,M. Lacroix,-0.45078867593712935,0.08066849805376684,-0.7669971513599007,-0.5614616423350993,46,402884__504375
402884,K. Walker-Peters,479155,N. Collins,-0.40050519501269477,0.041173967105444034,-0.9119100685757409,-0.5794969007597609,47,402884__479155
402884,K. Walker-Peters,769441,L. Yoro,-0.6965350609620986,0.186413382003918,-0.37899913629504217,-0.5853974873286288,48,402884__769441
402884,K. Walker-Peters,364003,S. Bueno,-0.511869395424437,0.06870806712765819,-0.810882238612331,-0.6165238905402,49,364003__402884
402884,K. Walker-Peters,192792,D. Burn,-0.4816201905059709,0.04720153055406991,-0.8897937962192758,-0.6244809525056276,50,192792__402884
402884,K. Walker-Peters,545267,R. Drăgușin,-0.7728373118693495,0.186413382003918,-0.37899913629504217,-0.634993950418342,51,402884__545267
402884,K. Walker-Peters,8136,J. Stephens,-0.4909556491692294,0.020422199221903223,-0.9880522368502468,-0.6649394548575855,52,8136__402884
402884,K. Walker-Peters,415917,Gabriel Magalhaes,-0.5725503421861843,0.060356346460028534,-0.8415262841714906,-0.6666919218810414,53,402884__415917
402884,K. Walker-Peters,482177,J. Kiwior,-0.6371491847370356,0.060356346460028534,-0.8415262841714906,-0.7086811695390949,54,402884__482177
402884,K. Walker-Peters,558243,S. van den Berg,-0.770848771691641,0.12445599023027762,-0.6063325459955112,-0.7132680926979956,55,402884__558243
402884,K. Walker-Peters,285382,W. Faes,-0.6360146784687444,0.03462189154768779,-0.9359508752417428,-0.7409923473392939,56,285382__402884
402884,K. Walker-Peters,415847,C. Romero,-0.786595904777205,0.10911308336247653,-0.6626285783675179,-0.7432073405338144,57,402884__415847
402884,K. Walker-Peters,767087,A. Gray,-1.0884084421630786,0.186413382003918,-0.37899913629504217,-0.8401151851092659,58,402884__767087
402884,K. Walker-Peters,549884,T. Harwood-Bellis,-0.9089713600532563,0.06327032520287544,-0.8308343440422756,-0.8816234044494131,59,402884__549884
402884,K. Walker-Peters,9097,L. Dunk,-0.9055812065930912,0.060356346460028534,-0.8415262841714906,-0.883161983745531,60,9097__402884
402884,K. Walker-Peters,8360,C. Dawson,-0.9140237432596162,0.060356346460028534,-0.8415262841714906,-0.8886496325787723,61,8360__402884
402884,K. Walker-Peters,520300,N. Wood,-0.8677385614366053,0.03431956794183148,-0.9370601578339369,-0.8920011201756715,62,402884__520300
402884,K. Walker-Peters,327391,J. Bree,-1.1729149011847055,0.186413382003918,-0.37899913629504217,-0.8950443834733234,63,327391__402884
402884,K. Walker-Peters,625787,M. van de Ven,-1.030697772535496,0.08077854568193175,-0.7665933657610559,-0.938261230164442,64,402884__625787
402884,K. Walker-Peters,145787,J. Andersen,-0.9539676117640674,0.0,-1.0629851552606815,-0.9921237519878823,65,145787__402884
402884,K. Walker-Peters,518805,L. Woolfenden,-1.3242189507540538,0.186413382003918,-0.37899913629504217,-0.9933920156933997,66,402884__518805
402884,K. Walker-Peters,366217,K. Danso,-1.1621334508951497,0.060356346460028534,-0.8415262841714906,-1.0499209425418692,67,366217__402884
402884,K. Walker-Peters,50102,F. Schär,-1.1258776418200633,0.0,-1.0629851552606815,-1.1038652715242796,68,50102__402884
402884,K. Walker-Peters,234399,A. Webster,-1.2497886576531254,0.060356346460028534,-0.8415262841714906,-1.1068968269345532,69,234399__402884
402884,K. Walker-Peters,653730,A. Khusanov,-1.5315100716838508,0.0,-1.0629851552606815,-1.3675263509357416,70,402884__653730
402884,K. Walker-Peters,136441,B. Davies,-1.7229132676485601,0.060356346460028534,-0.8415262841714906,-1.414427823431586,71,136441__402884
402884,K. Walker-Peters,557788,W. Fofana,-1.6617199340273332,0.0,-1.0629851552606815,-1.4521627614590051,72,402884__557788
402884,K. Walker-Peters,297957,M. Akanji,-1.6670414437300205,0.0,-1.0629851552606815,-1.4556217427657518,73,297957__402884
412027,E. Konsa,349142,N. Mazraoui,1.1576915726617207,0.31253672767184976,2.198151312795089,1.5218524817083998,1,349142__412027
412027,E. Konsa,412968,M. Senesi,0.7926210688703925,0.31253672767184976,2.198151312795089,1.2845566542440363,2,412027__412968
412027,E. Konsa,645877,Y. Mosquera,0.6162230810018923,0.3038875904462122,2.1164063227237895,1.1412872156045564,3,412027__645877
412027,E. Konsa,534563,C. Richards,0.4332965625808583,0.31253672767184976,2.198151312795089,1.050995725155839,4,412027__534563
412027,E. Konsa,583655,C. Okoli,0.5083775192759343,0.2936551790457704,2.0196974433854904,1.037339492714279,5,412027__583655
412027,E. Konsa,590703,I. Zabarnyi,0.3529651477100391,0.2772891830480804,1.865018641854569,0.8821838706606244,6,412027__590703
412027,E. Konsa,568412,J. Gvardiol,1.1496374699521776,0.0896135284253487,0.09125275937037532,0.7792028212485468,7,412027__568412
412027,E. Konsa,240032,J. Bednarek,0.28184599595535803,0.2553689148427838,1.6578451330922408,0.763445693953267,8,240032__412027
412027,E. Konsa,501419,J. Todibo,0.2188100013482004,0.2629879494418287,1.7298543857383513,0.7476755358847532,9,412027__501419
412027,E. Konsa,447424,C. Bassey,0.4678256234095625,0.20470277679423587,1.1789877807712577,0.7167323784861558,10,412027__447424
412027,E. Konsa,364003,S. Bueno,0.018515162226185027,0.28895042923256237,1.975231768170089,0.7033659743065515,11,364003__412027
412027,E. Konsa,488453,L. Martínez,0.12540805173744574,0.24560140966790758,1.5655301896809033,0.6294508000176559,12,412027__488453
412027,E. Konsa,504375,M. Lacroix,0.0029072034563137894,0.26034518359430037,1.7048769963952137,0.5985966309849287,13,412027__504375
412027,E. Konsa,402884,K. Walker-Peters,-0.21098428282623183,0.2938306315506834,2.0213556854618893,0.5703347060746105,14,402884__412027
412027,E. Konsa,623641,E. Agbadou,1.1423729449645446,0.02587524261400545,-0.5111524753813318,0.5636390478434878,15,412027__623641
412027,E. Konsa,327391,J. Bree,-0.21847982694932627,0.2620241629411595,1.720745417309162,0.4602490085411446,16,327391__412027
412027,E. Konsa,346131,T. Chalobah,0.3497263513499154,0.13346578789364044,0.5057105742162173,0.4043208293531211,17,346131__412027
412027,E. Konsa,777938,Dean Huijsen,0.08319821953601791,0.13811935185216478,0.5496924801175531,0.24647121073955522,18,412027__777938
412027,E. Konsa,8136,J. Stephens,-0.10261826236868966,0.1713633014948342,0.8638887129412823,0.23565917898980054,19,8136__412027
412027,E. Konsa,578325,W. Saliba,0.2765953429247091,0.09198832472025815,0.1136975066884436,0.2195811002420162,20,412027__578325
412027,E. Konsa,424806,E. Pinnock,0.37787800990247633,0.06289492701721255,-0.16127090279942075,0.18917589045681238,21,412027__424806
412027,E. Konsa,370,V. van Dijk,0.5858178073490792,0.018706096121166374,-0.5789097318091398,0.17816316864370257,22,370__412027
412027,E. Konsa,520300,N. Wood,-0.2378335692679156,0.1625494928962843,0.7805873757578281,0.11861376149109468,23,412027__520300
412027,E. Konsa,415847,C. Romero,-0.17460048981092532,0.14916590923958684,0.6540960408889335,0.11544329593402522,24,412027__415847
412027,E. Konsa,563725,Morato,0.05856004293406046,0.10120571884363737,0.20081322371805166,0.10834865620845738,25,412027__563725
412027,E. Konsa,15806,J. Vestergaard,0.140766730606191,0.06564294132377468,-0.13529878600378828,0.04414379979269826,26,15806__412027
412027,E. Konsa,413002,K. Mavropanos,0.3716474921698044,0.018706096121166374,-0.5789097318091398,0.03895246377717396,27,412027__413002
412027,E. Konsa,283145,T. Adarabioyo,0.2869641226780666,0.018706096121166374,-0.5789097318091398,-0.016091726392455624,28,283145__412027
412027,E. Konsa,400549,Pau Torres,0.2529881843952815,0.018706096121166374,-0.5789097318091398,-0.03817608627626595,29,400549__412027
412027,E. Konsa,399581,D. O'Shea,0.20995342495586608,0.023745284976261744,-0.5312831961003356,-0.0494793924138045,30,399581__412027
412027,E. Konsa,619747,L. Colwill,-0.03682220453559523,0.07023556431184161,-0.09189284726484312,-0.05609692949083199,31,412027__619747
412027,E. Konsa,270866,Diego Carlos,0.2182175825073483,0.018706096121166374,-0.5789097318091398,-0.060776977503422536,32,270866__412027
412027,E. Konsa,397074,M. Guéhi,0.17286904300812136,0.027404958025002542,-0.49669478233962455,-0.06147829586358969,33,397074__412027
412027,E. Konsa,479155,N. Collins,-0.15562540548016657,0.09089069102244829,0.1033235175391643,-0.06499328242340077,34,412027__479155
412027,E. Konsa,8653,H. Maguire,0.15234679199879073,0.018706096121166374,-0.5789097318091398,-0.10359299133398495,35,8653__412027
412027,E. Konsa,424241,N. Milenković,0.07319373310774388,0.018706096121166374,-0.5789097318091398,-0.15504247961316542,36,412027__424241
412027,E. Konsa,365443,M. de Ligt,-0.01693279203384679,0.02992806809054583,-0.47284828737995777,-0.17650321540498562,37,365443__412027
412027,E. Konsa,8582,A. Cresswell,0.02829478127767593,0.018706096121166374,-0.5789097318091398,-0.18422679830270958,38,8582__412027
412027,E. Konsa,620468,J. Greaves,-0.010059551682818538,0.018706096121166374,-0.5789097318091398,-0.20915711472703097,39,412027__620468
412027,E. Konsa,393247,I. Konaté,-0.10251331590029916,0.028372525452302975,-0.4875500795011103,-0.23727618316058302,40,393247__412027
412027,E. Konsa,627012,Murillo,-0.059432746408078885,0.018706096121166374,-0.5789097318091398,-0.2412496912984502,41,412027__627012
412027,E. Konsa,590874,Toti,-0.08427665636666998,0.019851954228564957,-0.5680799626461802,-0.2536078135644986,42,412027__590874
412027,E. Konsa,590781,J. van Hecke,-0.10051726527400709,0.018706096121166374,-0.5789097318091398,-0.26795462856130353,43,412027__590781
412027,E. Konsa,288080,C. Burgess,-0.2093816955978987,0.018706096121166374,-0.5789097318091398,-0.3387165082718331,44,288080__412027
412027,E. Konsa,286380,I. Diop,-0.26284028480299076,0.018706096121166374,-0.5789097318091398,-0.3734645912551429,45,286380__412027
412027,E. Konsa,9433,J. Tarkowski,-0.22073809653098286,0.0,-0.7557053591423398,-0.4079766384449578,46,9433__412027
412027,E. Konsa,7953,C. Coady,-0.3632939172837334,0.018706096121166374,-0.5789097318091398,-0.43875945236762565,47,7953__412027
412027,E. Konsa,557788,W. Fofana,-0.6359749071616283,0.071342336683293,-0.0814324864039581,-0.4418850598964437,48,412027__557788
412027,E. Konsa,496001,M. Kilman,-0.3741225102288891,0.018706096121166374,-0.5789097318091398,-0.44579803778197685,49,412027__496001
412027,E. Konsa,50102,F. Schär,-0.4714158541690039,0.03666553185567316,-0.40917096394085856,-0.449630142589153,50,50102__412027
412027,E. Konsa,192792,D. Burn,-0.3074581788016321,0.0,-0.7557053591423398,-0.4643446919208798,51,192792__412027
412027,E. Konsa,62126,M. Doherty,-0.3105360754047909,0.0,-0.7557053591423398,-0.466345324712933,52,62126__412027
412027,E. Konsa,285382,W. Faes,-0.4157008794932027,0.018706096121166374,-0.5789097318091398,-0.4728239778037807,53,285382__412027
412027,E. Konsa,604320,J. Branthwaite,-0.3578288771474851,0.0,-0.7557053591423398,-0.49708564584568427,54,412027__604320
412027,E. Konsa,482177,J. Kiwior,-0.3762825683901024,0.0,-0.7557053591423398,-0.5090805451533855,55,412027__482177
412027,E. Konsa,653730,A. Khusanov,-0.6087968063384843,0.04238519152253696,-0.35511314170015174,-0.520007523715068,56,412027__653730
412027,E. Konsa,769441,L. Yoro,-0.4336055385595919,0.0,-0.7557053591423398,-0.5463404757635537,57,412027__769441
412027,E. Konsa,258154,Rúben Dias,-0.5390735961788659,0.018706096121166374,-0.5789097318091398,-0.5530162436494617,58,258154__412027
412027,E. Konsa,7919,M. Keane,-0.44611774790645514,0.0,-0.7557053591423398,-0.5544734118390148,59,7919__412027
412027,E. Konsa,558243,S. van den Berg,-0.46310148798924394,0.0,-0.7557053591423398,-0.5655128428928275,60,412027__558243
412027,E. Konsa,549884,T. Harwood-Bellis,-0.47644106693940746,0.0,-0.7557053591423398,-0.5741835692104338,61,412027__549884
412027,E. Konsa,145787,J. Andersen,-0.4927442893540004,0.0,-0.7557053591423398,-0.5847806637799192,62,145787__412027
412027,E. Konsa,545267,R. Drăgușin,-0.5231711954346183,0.0,-0.7557053591423398,-0.6045581527323209,63,412027__545267
412027,E. Konsa,415917,Gabriel Magalhaes,-0.5934115240451516,0.0,-0.7557053591423398,-0.6502143663291675,64,412027__415917
412027,E. Konsa,625787,M. van de Ven,-0.6443305665087958,0.0,-0.7557053591423398,-0.6833117439305363,65,412027__625787
412027,E. Konsa,8360,C. Dawson,-0.6802716686577757,0.0,-0.7557053591423398,-0.7066734603273732,66,8360__412027
412027,E. Konsa,9097,L. Dunk,-0.7297694476135158,0.0,-0.7557053591423398,-0.7388470166486043,67,9097__412027
412027,E. Konsa,767087,A. Gray,-0.7805738157494934,0.0,-0.7557053591423398,-0.7718698559369896,68,412027__767087
412027,E. Konsa,366217,K. Danso,-0.7976398196867074,0.0,-0.7557053591423398,-0.7829627584961788,69,366217__412027
412027,E. Konsa,234399,A. Webster,-0.8063841105946461,0.0,-0.7557053591423398,-0.7886465475863389,70,234399__412027
412027,E. Konsa,518805,L. Woolfenden,-0.8349502674712048,0.0,-0.7557053591423398,-0.8072145495561021,71,412027__518805
412027,E. Konsa,297957,M. Akanji,-0.9470370900334817,0.0,-0.7557053591423398,-0.880070984221582,72,297957__412027
412027,E. Konsa,136441,B. Davies,-0.9902785557061815,0.0,-0.7557053591423398,-0.908177936908837,73,136441__412027
412968,M. Senesi,568412,J. Gvardiol,2.051998234892756,0.18997215705279558,1.7408560702333804,1.9430984772619746,1,412968__568412
412968,M. Senesi,400549,Pau Torres,1.359378141412977,0.18997215705279558,1.7408560702333804,1.4928954165001183,2,400549__412968
412968,M. Senesi,283145,T. Adarabioyo,1.2989667539708054,0.18997215705279558,1.7408560702333804,1.4536280146627067,3,283145__412968
412968,M. Senesi,424806,E. Pinnock,1.2804016859238858,0.18997215705279558,1.7408560702333804,1.441560720432209,4,412968__424806
412968,M. Senesi,8582,A. Cresswell,1.1351997746976792,0.18997215705279558,1.7408560702333804,1.3471794781351747,5,8582__412968
412968,M. Senesi,288080,C. Burgess,0.979830014180356,0.18997215705279558,1.7408560702333804,1.2461891337989144,6,288080__412968
412968,M. Senesi,370,V. van Dijk,1.5595834849772428,0.11961922623666876,0.6538138548753688,1.2425641144415869,7,370__412968
412968,M. Senesi,623641,E. Agbadou,1.9281272557152005,0.060356346460028534,-0.2618729739969741,1.1616271753159393,8,412968__623641
412968,M. Senesi,399581,D. O'Shea,1.1352487653158354,0.1490245527887217,1.1081635308257867,1.1257689332443184,9,399581__412968
412968,M. Senesi,412027,E. Konsa,0.7926210688703925,0.18997215705279558,1.7408560702333804,1.124503319347438,10,412027__412968
412968,M. Senesi,7919,M. Keane,0.712334930983723,0.18997215705279558,1.7408560702333804,1.072317329721103,11,7919__412968
412968,M. Senesi,769441,L. Yoro,0.6499541923030592,0.18997215705279558,1.7408560702333804,1.0317698495786716,12,412968__769441
412968,M. Senesi,545267,R. Drăgușin,0.6083635246671196,0.18997215705279558,1.7408560702333804,1.0047359156153108,13,412968__545267
412968,M. Senesi,327391,J. Bree,0.5844458382343776,0.18997215705279558,1.7408560702333804,0.9891894194340285,14,327391__412968
412968,M. Senesi,397074,M. Guéhi,1.0604138093815236,0.12526483179598719,0.7410456375892772,0.9486349492542374,15,397074__412968
412968,M. Senesi,424241,N. Milenković,1.0364050438605885,0.123204088953414,0.70920454100826,0.9218848678622735,16,412968__424241
412968,M. Senesi,620468,J. Greaves,0.922588867136553,0.13361416408718857,0.8700534353498113,0.9042014660111934,17,412968__620468
412968,M. Senesi,767087,A. Gray,0.44365591042329805,0.18997215705279558,1.7408560702333804,0.8976759663568268,18,412968__767087
412968,M. Senesi,518805,L. Woolfenden,0.39185631809135424,0.18997215705279558,1.7408560702333804,0.8640062313410634,19,412968__518805
412968,M. Senesi,346131,T. Chalobah,1.0952186243181352,0.10333920918830902,0.4022668959495508,0.8526855193891307,20,346131__412968
412968,M. Senesi,501419,J. Todibo,0.9848919341943081,0.11345692572722699,0.5585984783476596,0.8356892246479811,21,412968__501419
412968,M. Senesi,349142,N. Mazraoui,1.3269352309782307,0.060356346460028534,-0.2618729739969741,0.7708523592369091,22,349142__412968
412968,M. Senesi,240032,J. Bednarek,0.9535054002577207,0.1037032576857867,0.4078919080223268,0.7625406779753329,23,240032__412968
412968,M. Senesi,62126,M. Doherty,0.7332727950013669,0.12605394551863142,0.7532384477434771,0.7402607734611055,24,62126__412968
412968,M. Senesi,534563,C. Richards,0.9678815403613683,0.09169790681901807,0.22239397565515237,0.7069608927141927,25,412968__534563
412968,M. Senesi,645877,Y. Mosquera,1.1588355654139582,0.060356346460028534,-0.2618729739969741,0.6615875766201319,26,412968__645877
412968,M. Senesi,590703,I. Zabarnyi,1.0393640880605821,0.07321751138272645,-0.0631516265353621,0.6534835879520017,27,412968__590703
412968,M. Senesi,270866,Diego Carlos,1.1389329418107086,0.060356346460028534,-0.2618729739969741,0.6486508712780197,28,270866__412968
412968,M. Senesi,558243,S. van den Berg,0.5731252204151929,0.12445599023027762,0.7285480071812342,0.6275231957833074,29,412968__558243
412968,M. Senesi,8653,H. Maguire,1.0662308534492428,0.05973189931541444,-0.27152147619270195,0.5980175380745621,30,8653__412968
412968,M. Senesi,413002,K. Mavropanos,1.186943946925069,0.0288217077888927,-0.7491232290173111,0.5093204353452361,31,412968__413002
412968,M. Senesi,777938,Dean Huijsen,0.9101577396045439,0.06110217208555873,-0.2503490199720016,0.503980373752753,32,412968__777938
412968,M. Senesi,488453,L. Martínez,0.8867807423488494,0.060356346460028534,-0.2618729739969741,0.48475194162781116,33,412968__488453
412968,M. Senesi,365443,M. de Ligt,0.8438677631681335,0.060356346460028534,-0.2618729739969741,0.4568585051603458,34,365443__412968
412968,M. Senesi,627012,Murillo,0.8114987995934304,0.060356346460028534,-0.2618729739969741,0.4358186788367889,35,412968__627012
412968,M. Senesi,619747,L. Colwill,0.8103253114398075,0.060356346460028534,-0.2618729739969741,0.43505591153693396,36,412968__619747
412968,M. Senesi,563725,Morato,0.7695831871231281,0.060356346460028534,-0.2618729739969741,0.4085735307310923,37,412968__563725
412968,M. Senesi,393247,I. Konaté,0.7457167659053805,0.060356346460028534,-0.2618729739969741,0.3930603569395564,38,393247__412968
412968,M. Senesi,9433,J. Tarkowski,0.7179321884487683,0.060356346460028534,-0.2618729739969741,0.37500038159275845,39,9433__412968
412968,M. Senesi,286380,I. Diop,0.7027189614017993,0.060356346460028534,-0.2618729739969741,0.36511178401222866,40,286380__412968
412968,M. Senesi,364003,S. Bueno,0.627658563575121,0.060356346460028534,-0.2618729739969741,0.3163225254248877,41,364003__412968
412968,M. Senesi,625787,M. van de Ven,0.42866068462061846,0.08077854568193175,0.053675965146461495,0.29741603280466355,42,412968__625787
412968,M. Senesi,583655,C. Okoli,1.001967079475874,0.007725267667151619,-1.0750900471736382,0.2749970851485447,43,412968__583655
412968,M. Senesi,258154,Rúben Dias,0.5625534603726441,0.060356346460028534,-0.2618729739969741,0.2740042083432777,44,258154__412968
412968,M. Senesi,482177,J. Kiwior,0.5459747791056063,0.060356346460028534,-0.2618729739969741,0.2632280655197032,45,412968__482177
412968,M. Senesi,496001,M. Kilman,0.5598328253535552,0.057817271609185185,-0.30110490817231456,0.2585046186195008,46,412968__496001
412968,M. Senesi,447424,C. Bassey,1.0282641408132052,0.0,-1.1944552531674322,0.2503123529199821,47,412968__447424
412968,M. Senesi,192792,D. Burn,0.6247743003616291,0.04720153055406991,-0.4651316024457857,0.2433072343790339,48,192792__412968
412968,M. Senesi,549884,T. Harwood-Bellis,0.4827507540646184,0.06327032520287544,-0.21684829810380793,0.2378910858056692,49,412968__549884
412968,M. Senesi,415917,Gabriel Magalhaes,0.4940343033862625,0.060356346460028534,-0.2618729739969741,0.22946675630212965,50,412968__415917
412968,M. Senesi,604320,J. Branthwaite,0.6567462065273191,0.03602128656059796,-0.6378805847258666,0.20362682958870412,51,412968__604320
412968,M. Senesi,8360,C. Dawson,0.42936598805132253,0.060356346460028534,-0.2618729739969741,0.1874323513344187,52,8360__412968
412968,M. Senesi,9097,L. Dunk,0.4048386183735018,0.060356346460028534,-0.2618729739969741,0.17148956104383523,53,9097__412968
412968,M. Senesi,578325,W. Saliba,0.8506111252058912,0.0,-1.1944552531674322,0.13483789277522806,54,412968__578325
412968,M. Senesi,8136,J. Stephens,0.6146540224924077,0.020422199221903223,-0.8789063140239965,0.09190790471166632,55,8136__412968
412968,M. Senesi,504375,M. Lacroix,0.6526388801871541,0.01567465090143116,-0.9522619707669017,0.09092358235323461,56,412968__504375
412968,M. Senesi,520300,N. Wood,0.4573857910546037,0.03431956794183148,-0.6641743006492956,0.06483975895823896,57,412968__520300
412968,M. Senesi,234399,A. Webster,0.19164210658560096,0.060356346460028534,-0.2618729739969741,0.03291182838169969,58,234399__412968
412968,M. Senesi,366217,K. Danso,0.18316512176140634,0.060356346460028534,-0.2618729739969741,0.027401788245973183,59,366217__412968
412968,M. Senesi,479155,N. Collins,0.624750131200662,0.006580755527005183,-1.0927742146688142,0.023616610146345363,60,412968__479155
412968,M. Senesi,15806,J. Vestergaard,0.6732196896903787,0.0,-1.1944552531674322,0.019533459690144972,61,15806__412968
412968,M. Senesi,590781,J. van Hecke,0.6624321446734499,0.0,-1.1944552531674322,0.01252155542914124,62,412968__590781
412968,M. Senesi,590874,Toti,0.6086120302916518,0.0,-1.1944552531674322,-0.022461518919027534,63,412968__590874
412968,M. Senesi,136441,B. Davies,0.008476511619905647,0.060356346460028534,-0.2618729739969741,-0.08614580834600227,64,136441__412968
412968,M. Senesi,285382,W. Faes,0.4557035846358667,0.0,-1.1944552531674322,-0.12185200859528789,65,285382__412968
412968,M. Senesi,7953,C. Coady,0.43113613948370566,0.0,-1.1944552531674322,-0.13782084794419253,66,7953__412968
412968,M. Senesi,50102,F. Schär,0.33458198423778396,0.0,-1.1944552531674322,-0.20058104885404165,67,50102__412968
412968,M. Senesi,145787,J. Andersen,0.2962967382132782,0.0,-1.1944552531674322,-0.2254664587699704,68,145787__412968
412968,M. Senesi,415847,C. Romero,0.2721039121529064,0.0,-1.1944552531674322,-0.24119179570921206,69,412968__415847
412968,M. Senesi,653730,A. Khusanov,0.11801939681757753,0.0,-1.1944552531674322,-0.3413467306771758,70,412968__653730
412968,M. Senesi,402884,K. Walker-Peters,0.0136093350444568,0.0,-1.1944552531674322,-0.4092132708297043,71,402884__412968
412968,M. Senesi,557788,W. Fofana,-0.03587085129663112,0.0,-1.1944552531674322,-0.44137539195141146,72,412968__557788
412968,M. Senesi,297957,M. Akanji,-0.07509153880466402,0.0,-1.1944552531674322,-0.4668688388316328,73,297957__412968
413002,K. Mavropanos,349142,N. Mazraoui,1.580656839157043,0.1997625257074385,1.8665724650113789,1.6807273082060603,1,349142__413002
413002,K. Mavropanos,645877,Y. Mosquera,1.1387620496197994,0.20248982146597458,1.9129460326410492,1.4097264436772368,2,413002__645877
413002,K. Mavropanos,568412,J. Gvardiol,1.355941760099836,0.17153308197381884,1.3865731785270765,1.36666275654937,3,413002__568412
413002,K. Mavropanos,501419,J. Todibo,0.8640613938672395,0.20248982146597458,1.9129460326410492,1.2311710174380728,4,413002__501419
413002,K. Mavropanos,488453,L. Martínez,0.7518343824293874,0.20248982146597458,1.9129460326410492,1.158223460003469,5,413002__488453
413002,K. Mavropanos,590703,I. Zabarnyi,0.9020416921160376,0.17492874885522752,1.444311393122974,1.0918360874684652,6,413002__590703
413002,K. Mavropanos,534563,C. Richards,0.9031415737623754,0.16790851947175947,1.3249429377322761,1.0507720511518406,7,413002__534563
413002,K. Mavropanos,583655,C. Okoli,0.9192733509854798,0.1614431367879155,1.2150088170185505,1.0227807640970545,8,413002__583655
413002,K. Mavropanos,623641,E. Agbadou,1.264421201933629,0.1188273186929468,0.4903908446789684,0.9935105768944977,9,413002__623641
413002,K. Mavropanos,412968,M. Senesi,1.186943946925069,0.1215017348396714,0.5358652739416702,0.9590664113808794,10,412968__413002
413002,K. Mavropanos,424806,E. Pinnock,0.8331166110749713,0.1558470030961539,1.1198549696929196,0.9334750365912532,11,413002__424806
413002,K. Mavropanos,447424,C. Bassey,0.7400895280424702,0.1614431367879155,1.2150088170185505,0.9063112791840983,12,413002__447424
413002,K. Mavropanos,240032,J. Bednarek,0.7750499513188525,0.15054621470212243,1.0297230255090823,0.864185527285433,13,240032__413002
413002,K. Mavropanos,777938,Dean Huijsen,0.6561996490061553,0.1614431367879155,1.2150088170185505,0.8517828578104936,14,413002__777938
413002,K. Mavropanos,563725,Morato,0.5311045964341968,0.16557797236407126,1.2853154849434656,0.7950784074124408,15,413002__563725
413002,K. Mavropanos,619747,L. Colwill,0.532014392832697,0.16318764039078296,1.2446714803195784,0.7814443734531055,16,413002__619747
413002,K. Mavropanos,504375,M. Lacroix,0.5421818214976323,0.15582549641820254,1.1194892809401153,0.7442394323025013,17,413002__504375
413002,K. Mavropanos,364003,S. Bueno,0.5924959567176585,0.14023005461155558,0.8543122193502394,0.6841316486390618,18,364003__413002
413002,K. Mavropanos,578325,W. Saliba,0.6480153425354883,0.1339162284113703,0.7469550889840637,0.6826442537924897,19,413002__578325
413002,K. Mavropanos,346131,T. Chalobah,0.6459218054037865,0.13383400399794812,0.7455569863453201,0.6807941187333233,20,346131__413002
413002,K. Mavropanos,400549,Pau Torres,0.7951005105537187,0.11165817220010774,0.3684902775358074,0.6457869289974497,21,400549__413002
413002,K. Mavropanos,399581,D. O'Shea,0.736538466413347,0.11669736105520309,0.4541741145157319,0.6377109432491816,22,399581__413002
413002,K. Mavropanos,370,V. van Dijk,0.7758393341341356,0.11165817220010774,0.3684902775358074,0.6332671643247207,23,370__413002
413002,K. Mavropanos,8582,A. Cresswell,0.7050137945154621,0.11165817220010774,0.3684902775358074,0.587230563572583,24,8582__413002
413002,K. Mavropanos,397074,M. Guéhi,0.6152972380199,0.12035703410394388,0.5164013574163546,0.5806836798086591,25,397074__413002
413002,K. Mavropanos,283145,T. Adarabioyo,0.664633151990232,0.11165817220010774,0.3684902775358074,0.5609831459311834,26,283145__413002
413002,K. Mavropanos,365443,M. de Ligt,0.5197636660974732,0.12288014416948717,0.559303054049498,0.5336024518806819,27,365443__413002
413002,K. Mavropanos,288080,C. Burgess,0.5588564374797679,0.11165817220010774,0.3684902775358074,0.4922282814993817,28,288080__413002
413002,K. Mavropanos,327391,J. Bree,0.37242794626190784,0.13187833394392592,0.7123037547412057,0.4913844792296621,29,327391__413002
413002,K. Mavropanos,393247,I. Konaté,0.4619817386616131,0.12132460153124433,0.5328533881085696,0.48678681596804785,30,393247__413002
413002,K. Mavropanos,424241,N. Milenković,0.5402590058709491,0.11165817220010774,0.3684902775358074,0.4801399509536495,31,413002__424241
413002,K. Mavropanos,479155,N. Collins,0.36192317989601763,0.12280795459610279,0.5580755787919943,0.43057651950960946,32,413002__479155
413002,K. Mavropanos,15806,J. Vestergaard,0.4095116429933518,0.11754833272465695,0.46864360948738626,0.43020783126626383,33,15806__413002
413002,K. Mavropanos,9433,J. Tarkowski,0.40568823416095895,0.11165817220010774,0.3684902775358074,0.3926689493421559,34,9433__413002
413002,K. Mavropanos,412027,E. Konsa,0.3716474921698044,0.11165817220010774,0.3684902775358074,0.37054246704790544,35,412027__413002
413002,K. Mavropanos,286380,I. Diop,0.3513721836242426,0.11165817220010774,0.3684902775358074,0.35736351649329023,36,286380__413002
413002,K. Mavropanos,270866,Diego Carlos,0.4622992421242385,0.08560528835137193,-0.07449987757512778,0.27441955022946035,37,270866__413002
413002,K. Mavropanos,8136,J. Stephens,0.3816253682549075,0.09083164926586684,0.014366539118706808,0.2530847780572373,38,8136__413002
413002,K. Mavropanos,8653,H. Maguire,0.42508144227245015,0.07061148752204864,-0.32944693808669173,0.1609965091467505,39,8653__413002
413002,K. Mavropanos,402884,K. Walker-Peters,0.22314628798824143,0.09083164926586684,0.014366539118706808,0.15007337588390432,40,402884__413002
413002,K. Mavropanos,520300,N. Wood,0.20055986678674315,0.09083164926586684,0.014366539118706808,0.13539220210293043,41,413002__520300
413002,K. Mavropanos,415847,C. Romero,0.1604231699340417,0.08610441261465578,-0.06601301922595237,0.08117050372804378,42,413002__415847
413002,K. Mavropanos,604320,J. Branthwaite,0.235772629826731,0.07061148752204864,-0.32944693808669173,0.03794578105703306,43,413002__604320
413002,K. Mavropanos,62126,M. Doherty,0.29640355222227605,0.04677671793292963,-0.7347213921018689,-0.06449017829117465,44,62126__413002
413002,K. Mavropanos,620468,J. Greaves,0.32511453099380994,0.04104668467805909,-0.832152000364036,-0.07992875498143612,45,413002__620468
413002,K. Mavropanos,627012,Murillo,0.277559854079539,0.04104668467805909,-0.832152000364036,-0.11083929497571224,46,413002__627012
413002,K. Mavropanos,7919,M. Keane,0.21283085597810633,0.04104668467805909,-0.832152000364036,-0.15291314374164344,47,7919__413002
413002,K. Mavropanos,769441,L. Yoro,0.172112136216227,0.04104668467805909,-0.832152000364036,-0.17938031158686502,48,413002__769441
413002,K. Mavropanos,482177,J. Kiwior,0.13647267541772895,0.04104668467805909,-0.832152000364036,-0.20254596110588874,49,413002__482177
413002,K. Mavropanos,545267,R. Drăgușin,0.10885944966150304,0.04104668467805909,-0.832152000364036,-0.2204945578474356,50,413002__545267
413002,K. Mavropanos,258154,Rúben Dias,0.09077167039287987,0.04104668467805909,-0.832152000364036,-0.23225161437204067,51,258154__413002
413002,K. Mavropanos,558243,S. van den Berg,0.0898933564892676,0.04104668467805909,-0.832152000364036,-0.2328225184093886,52,413002__558243
413002,K. Mavropanos,415917,Gabriel Magalhaes,0.0661273487153939,0.04104668467805909,-0.832152000364036,-0.24827042346240652,53,413002__415917
413002,K. Mavropanos,496001,M. Kilman,0.16932820857180125,0.026904648303675394,-1.072616085777625,-0.2653522944504979,54,413002__496001
413002,K. Mavropanos,8360,C. Dawson,-0.04408724381982673,0.04104668467805909,-0.832152000364036,-0.31990990861029994,55,8360__413002
413002,K. Mavropanos,767087,A. Gray,-0.055848164582318505,0.04104668467805909,-0.832152000364036,-0.3275545071059196,56,413002__767087
413002,K. Mavropanos,9097,L. Dunk,-0.05993099911949171,0.04104668467805909,-0.832152000364036,-0.33020834955508216,57,9097__413002
413002,K. Mavropanos,625787,M. van de Ven,-0.06433067960138175,0.04104668467805909,-0.832152000364036,-0.3330681418683107,58,413002__625787
413002,K. Mavropanos,518805,L. Woolfenden,-0.10764775691426268,0.04104668467805909,-0.832152000364036,-0.3612242421216833,59,413002__518805
413002,K. Mavropanos,653730,A. Khusanov,-0.12455317571488744,0.04238519152253696,-0.8093927020807838,-0.3642470099429511,60,413002__653730
413002,K. Mavropanos,50102,F. Schär,-0.037285283354530796,0.03095673949215573,-1.0037163618725626,-0.3755361608358419,61,50102__413002
413002,K. Mavropanos,366217,K. Danso,-0.148192602103557,0.04104668467805909,-0.832152000364036,-0.3875783914947246,62,366217__413002
413002,K. Mavropanos,234399,A. Webster,-0.16634252328412513,0.04104668467805909,-0.832152000364036,-0.39937584026209394,63,234399__413002
413002,K. Mavropanos,192792,D. Burn,0.17835251099720517,0.0030415897298046394,-1.4783715514848617,-0.4015009108715182,64,192792__413002
413002,K. Mavropanos,590874,Toti,0.18467106992993182,0.0011458581073985833,-1.510605620094472,-0.40867577157860946,65,413002__590874
413002,K. Mavropanos,590781,J. van Hecke,0.12140546527165733,0.0,-1.5300892159865351,-0.45661767316870994,66,413002__590781
413002,K. Mavropanos,557788,W. Fofana,-0.20184433634715526,0.03095673949215573,-1.0037163618725626,-0.4824995452810478,67,413002__557788
413002,K. Mavropanos,285382,W. Faes,0.023187391976023264,0.0,-1.5300892159865351,-0.520459420810872,68,285382__413002
413002,K. Mavropanos,7953,C. Coady,0.014151962421890638,0.0,-1.5300892159865351,-0.5263324500210583,69,7953__413002
413002,K. Mavropanos,549884,T. Harwood-Bellis,0.01127158570686971,0.0,-1.5300892159865351,-0.5282046948858219,70,413002__549884
413002,K. Mavropanos,136441,B. Davies,-0.3844559323810721,0.04104668467805909,-0.832152000364036,-0.5411495561751094,71,136441__413002
413002,K. Mavropanos,145787,J. Andersen,-0.029326865404325178,0.0,-1.5300892159865351,-0.5545936881080986,72,145787__413002
413002,K. Mavropanos,297957,M. Akanji,-0.3921272967285431,0.0,-1.5300892159865351,-0.7904139684688403,73,297957__413002
415847,C. Romero,568412,J. Gvardiol,1.1162275703366988,0.37054082025004753,2.147861075709852,1.4772992972173025,1,415847__568412
415847,C. Romero,400549,Pau Torres,0.4113878627269785,0.37054082025004753,2.147861075709852,1.0191534872709842,2,400549__415847
415847,C. Romero,623641,E. Agbadou,0.9801369770292022,0.24092500965728053,0.936892774075782,0.9650015059955052,3,415847__623641
415847,C. Romero,370,V. van Dijk,0.6115932062912445,0.3001878894339208,1.4905711297089401,0.919235479487438,4,370__415847
415847,C. Romero,424806,E. Pinnock,0.3324114072378873,0.3513726973981184,1.9687780682483442,0.9051397385915472,5,415847__424806
415847,C. Romero,8582,A. Cresswell,0.1872094960116804,0.37054082025004753,2.147861075709852,0.8734375489060404,6,8582__415847
415847,C. Romero,288080,C. Burgess,0.012608455499037885,0.37054082025004753,2.147861075709852,0.7599468725728228,7,288080__415847
415847,C. Romero,399581,D. O'Shea,0.18725848662983705,0.3295932159859737,1.765297786826508,0.7395722416986719,8,399581__415847
415847,C. Romero,283145,T. Adarabioyo,0.3509764752848072,0.29696101120281976,1.4604232084543827,0.7392828318941586,9,283145__415847
415847,C. Romero,501419,J. Todibo,0.14623107681317996,0.294025588924479,1.4329982877234586,0.5965996006317775,10,415847__501419
415847,C. Romero,645877,Y. Mosquera,0.3843373150625855,0.24092500965728053,0.936892774075782,0.5777317257172042,11,415847__645877
415847,C. Romero,349142,N. Mazraoui,0.9218184518066944,0.1282405382235411,-0.11589023417447156,0.5586204117132864,12,349142__415847
415847,C. Romero,590703,I. Zabarnyi,0.1842113750619781,0.25378617457997843,1.0570514412341252,0.4897053982222295,13,415847__590703
415847,C. Romero,424241,N. Milenković,0.08841476517459002,0.25177938093887947,1.038302467045113,0.4208754608292731,14,415847__424241
415847,C. Romero,397074,M. Guéhi,0.11242353069552485,0.22597762901978102,0.7972431120346232,0.35211038416420926,15,397074__415847
415847,C. Romero,412027,E. Konsa,-0.17460048981092532,0.2659634129696092,1.1708203527877843,0.296296805098623,16,412027__415847
415847,C. Romero,583655,C. Okoli,0.2064281157911651,0.1882939308644036,0.44517368666272455,0.2899890655962109,17,415847__583655
415847,C. Romero,777938,Dean Huijsen,-0.029271588877902682,0.2245755385716548,0.7841437294751971,0.2554237725456822,18,415847__777938
415847,C. Romero,488453,L. Martínez,0.008836301669147638,0.20899056140020733,0.6385371614955446,0.22923160260838657,19,415847__488453
415847,C. Romero,8653,H. Maguire,0.11824057476324433,0.16898013395888137,0.26472968272659697,0.16951176255041775,20,8653__415847
415847,C. Romero,447424,C. Bassey,0.13707151840255993,0.16318070061906992,0.21054701851430854,0.16278794344167194,21,415847__447424
415847,C. Romero,240032,J. Bednarek,0.08786154152333193,0.1606894287842059,0.1872716849807123,0.12265509173341507,22,240032__415847
415847,C. Romero,534563,C. Richards,0.2137549401852641,0.12772809234685162,-0.12067788862909455,0.09670345010023858,23,415847__534563
415847,C. Romero,578325,W. Saliba,-0.08597757966753361,0.18056866319725198,0.37299843100698254,0.07466402406854702,24,415847__578325
415847,C. Romero,365443,M. de Ligt,-0.12335379551318457,0.17748344641396305,0.34417401744858894,0.040280939023436144,25,365443__415847
415847,C. Romero,270866,Diego Carlos,0.19094266312470992,0.10491495013334137,-0.3338154059959198,0.007277338932489524,26,270866__415847
415847,C. Romero,346131,T. Chalobah,0.13480246914803828,0.10529487924233122,-0.33026582276413113,-0.027971433021221,27,346131__415847
415847,C. Romero,604320,J. Branthwaite,-0.3104753521539989,0.1929384150076857,0.488565947600917,-0.030810897239778368,28,415847__604320
415847,C. Romero,9433,J. Tarkowski,-0.24928937023254966,0.17827768686864726,0.3515944086037995,-0.038980047639827486,29,9433__415847
415847,C. Romero,286380,I. Diop,-0.26450259727951847,0.17658812081050076,0.3358092128736236,-0.05439346372591877,30,286380__415847
415847,C. Romero,619747,L. Colwill,-0.15689624724151044,0.1535310535713393,0.12039276462106754,-0.059845093089608156,31,415847__619747
415847,C. Romero,7919,M. Keane,-0.3466689077758571,0.18997215705279558,0.46085293680837197,-0.06403626217137698,32,7919__415847
415847,C. Romero,620468,J. Greaves,-0.10185348801907278,0.13361416408718857,-0.06568578337515503,-0.08919479139370157,33,415847__620468
415847,C. Romero,393247,I. Konaté,-0.22150479277593735,0.15652901739676223,0.14840199548132926,-0.09203741688589404,34,393247__415847
415847,C. Romero,15806,J. Vestergaard,-0.35429231500116465,0.18056866319725198,0.37299843100698254,-0.09974055389831316,35,15806__415847
415847,C. Romero,327391,J. Bree,-0.43065965436351883,0.18997215705279558,0.46085293680837197,-0.11863024745335707,36,327391__415847
415847,C. Romero,545267,R. Drăgușin,-0.4617291613693729,0.18997215705279558,0.46085293680837197,-0.13882542700716224,37,415847__545267
415847,C. Romero,769441,L. Yoro,-0.48105514825465445,0.18997215705279558,0.46085293680837197,-0.1513873184825952,38,415847__769441
415847,C. Romero,412968,M. Senesi,0.2721039121529064,0.030670085573804563,-1.0274667215996276,-0.18274580966048048,39,412968__415847
415847,C. Romero,62126,M. Doherty,-0.25328648402228626,0.13178397877350195,-0.08278474985814038,-0.1936108770648352,40,62126__415847
415847,C. Romero,563725,Morato,-0.17840709156287043,0.10238801142356972,-0.35742396627657685,-0.24106299771266768,41,415847__563725
415847,C. Romero,413002,K. Mavropanos,0.1604231699340417,0.0288217077888927,-1.04473565581943,-0.2613824190796734,42,413002__415847
415847,C. Romero,767087,A. Gray,-0.6873534301344156,0.18997215705279558,0.46085293680837197,-0.28548120170444,43,415847__767087
415847,C. Romero,518805,L. Woolfenden,-0.7332673553628599,0.18997215705279558,0.46085293680837197,-0.3153252531029288,44,415847__518805
415847,C. Romero,504375,M. Lacroix,-0.21387370889363397,0.08066849805376684,-0.5603439811842056,-0.335138304195334,45,415847__504375
415847,C. Romero,558243,S. van den Berg,-0.4597406211916647,0.12445599023027762,-0.1512483254049764,-0.35176831766632377,46,415847__558243
415847,C. Romero,364003,S. Bueno,-0.22914891432002515,0.06870806712765819,-0.6720873144948847,-0.38417735438122597,47,364003__415847
415847,C. Romero,627012,Murillo,-0.19728008665772084,0.060356346460028534,-0.7501153648256984,-0.39077243401651296,48,415847__627012
415847,C. Romero,496001,M. Kilman,-0.41030833317323245,0.08472191991286057,-0.5224738682553508,-0.4495662704519739,49,415847__496001
415847,C. Romero,479155,N. Collins,-0.3408351446596965,0.041173967105444034,-0.9293315672479815,-0.5468088925655963,50,415847__479155
415847,C. Romero,258154,Rúben Dias,-0.4802081246901927,0.060356346460028534,-0.7501153648256984,-0.5746756587376196,51,258154__415847
415847,C. Romero,192792,D. Burn,-0.41537505428580956,0.04720153055406991,-0.8730175401320533,-0.5755499243319948,52,192792__415847
415847,C. Romero,482177,J. Kiwior,-0.5106918318906899,0.060356346460028534,-0.7501153648256984,-0.5944900684179428,53,415847__482177
415847,C. Romero,415917,Gabriel Magalhaes,-0.5454009813552367,0.060356346460028534,-0.7501153648256984,-0.6170510155698983,54,415847__415917
415847,C. Romero,8136,J. Stephens,-0.3459751100684756,0.020422199221903223,-1.1232101766160132,-0.6180073833601137,55,8136__415847
415847,C. Romero,625787,M. van de Ven,-0.7023486559370957,0.08077854568193175,-0.5593158335472139,-0.652287168100637,56,415847__625787
415847,C. Romero,8360,C. Dawson,-0.6235450774791848,0.060356346460028534,-0.7501153648256984,-0.6678446780504645,57,8360__415847
415847,C. Romero,549884,T. Harwood-Bellis,-0.648258586493095,0.06327032520287544,-0.7228907857169826,-0.6743798562214556,58,415847__549884
415847,C. Romero,9097,L. Dunk,-0.6838674898778088,0.060356346460028534,-0.7501153648256984,-0.7070542461095701,59,9097__415847
415847,C. Romero,590781,J. van Hecke,-0.3860100500074577,0.0,-1.3140097078944977,-0.7108099302679216,60,415847__590781
415847,C. Romero,520300,N. Wood,-0.6048899980879758,0.03431956794183148,-0.9933705149343919,-0.7408581789842215,61,415847__520300
415847,C. Romero,590874,Toti,-0.4511005135859383,0.0,-1.3140097078944977,-0.753118731593934,62,415847__590874
415847,C. Romero,7953,C. Coady,-0.587088260335856,0.0,-1.3140097078944977,-0.8415107669813806,63,7953__415847
415847,C. Romero,234399,A. Webster,-0.9393672339721131,0.060356346460028534,-0.7501153648256984,-0.873129079770868,64,234399__415847
415847,C. Romero,285382,W. Faes,-0.640979704564651,0.0,-1.3140097078944977,-0.8765402057300973,65,285382__415847
415847,C. Romero,366217,K. Danso,-0.9478442187963075,0.060356346460028534,-0.7501153648256984,-0.8786391199065944,66,366217__415847
415847,C. Romero,145787,J. Andersen,-0.7605205223456921,0.0,-1.3140097078944977,-0.9542417372877741,67,145787__415847
415847,C. Romero,402884,K. Walker-Peters,-0.786595904777205,0.0,-1.3140097078944977,-0.9711907358682574,68,402884__415847
415847,C. Romero,50102,F. Schär,-0.7964273563199298,0.0,-1.3140097078944977,-0.9775811793710285,69,50102__415847
415847,C. Romero,136441,B. Davies,-1.1225328289378085,0.060356346460028534,-0.7501153648256984,-0.9921867164985699,70,136441__415847
415847,C. Romero,653730,A. Khusanov,-0.9179716570674712,0.0,-1.3140097078944977,-1.0565849748569305,71,415847__653730
415847,C. Romero,557788,W. Fofana,-1.2010735268644455,0.0,-1.3140097078944977,-1.2406011902249636,72,415847__557788
415847,C. Romero,297957,M. Akanji,-1.206100879362378,0.0,-1.3140097078944977,-1.2438689693486198,73,297957__415847
415917,Gabriel Magalhaes,349142,N. Mazraoui,0.9141635204231701,0.35928207356170405,1.9786919748618954,1.2867484794767239,1,349142__415917
415917,Gabriel Magalhaes,645877,Y. Mosquera,0.37668238367906154,0.35928207356170405,1.9786919748618954,0.9373857405930534,2,415917__645877
415917,Gabriel Magalhaes,412968,M. Senesi,0.4940343033862625,0.3274874762773165,1.7072610065162945,0.9186636494817737,3,412968__415917
415917,Gabriel Magalhaes,590703,I. Zabarnyi,0.178766094578602,0.38933326743526797,2.235239481348105,0.898531779947928,4,415917__590703
415917,Gabriel Magalhaes,583655,C. Okoli,0.29385418430658633,0.35805351772341354,1.9682037746852703,0.8798765409391257,5,415917__583655
415917,Gabriel Magalhaes,568412,J. Gvardiol,1.029624170540433,0.19553948464246693,0.5808189629087475,0.872542347869343,6,415917__568412
415917,Gabriel Magalhaes,534563,C. Richards,0.20610000880173995,0.364189136590335,2.0205836477672237,0.8411692824396593,7,415917__534563
415917,Gabriel Magalhaes,501419,J. Todibo,0.048703666544508556,0.38467133973728856,2.195440532548679,0.8000615696459681,8,415917__501419
415917,Gabriel Magalhaes,240032,J. Bednarek,0.1248894844092576,0.3558163593001291,1.9491051186543986,0.763364956395057,9,240032__415917
415917,Gabriel Magalhaes,447424,C. Bassey,0.20437944650451437,0.25525771963465815,1.0906344578758778,0.5145687004844915,10,415917__447424
415917,Gabriel Magalhaes,504375,M. Lacroix,-0.20474504101479266,0.33848451735392365,1.8011429161269426,0.4973157439848147,11,415917__504375
415917,Gabriel Magalhaes,488453,L. Martínez,-0.08869110859952375,0.30806609252609973,1.5414603533093156,0.48186190306857,12,415917__488453
415917,Gabriel Magalhaes,623641,E. Agbadou,0.8789267680594964,0.07643018545442772,-0.43601896488129,0.41869576153022114,13,415917__623641
415917,Gabriel Magalhaes,364003,S. Bueno,-0.2881421186949731,0.29837275526774504,1.4587081833415056,0.3232554870177944,14,364003__415917
415917,Gabriel Magalhaes,777938,Dean Huijsen,-0.08993836783620948,0.24920195443015522,1.0389362967439875,0.3051677647668595,15,415917__777938
415917,Gabriel Magalhaes,424806,E. Pinnock,0.2578647104907315,0.16882088323433075,0.35272184979916593,0.29106470924868355,16,415917__424806
415917,Gabriel Magalhaes,370,V. van Dijk,0.4112550914409999,0.12463205233828459,-0.024518882419935755,0.25873420058967245,17,370__415917
415917,Gabriel Magalhaes,327391,J. Bree,-0.4366130088159756,0.3074674511972182,1.53634974303372,0.25392395433141784,18,327391__415917
415917,Gabriel Magalhaes,346131,T. Chalobah,0.10513580032300944,0.16649458065817327,0.3328621687576529,0.18484002927513465,19,346131__415917
415917,Gabriel Magalhaes,402884,K. Walker-Peters,-0.5725503421861843,0.2900210346001154,1.3874094149410068,0.11343557280833255,20,402884__415917
415917,Gabriel Magalhaes,283145,T. Adarabioyo,0.16695082326632188,0.12463205233828459,-0.024518882419935755,0.09993642627613172,21,283145__415917
415917,Gabriel Magalhaes,400549,Pau Torres,0.13297488498353668,0.12463205233828459,-0.024518882419935755,0.07785206639232134,22,400549__415917
415917,Gabriel Magalhaes,578325,W. Saliba,0.01314916601966114,0.14254326756068042,0.12838943871953792,0.053483261464618015,23,415917__578325
415917,Gabriel Magalhaes,399581,D. O'Shea,0.05819066047398905,0.12967124119337997,0.01850075070768817,0.04429919205578374,24,399581__415917
415917,Gabriel Magalhaes,397074,M. Guéhi,0.002683749411476019,0.13333091424212076,0.04974343607850699,0.019154639744936856,25,397074__415917
415917,Gabriel Magalhaes,8653,H. Maguire,-0.021852261132646354,0.12463205233828459,-0.024518882419935755,-0.022785578583197644,26,8653__415917
415917,Gabriel Magalhaes,8136,J. Stephens,-0.3616203968580821,0.19178550071673742,0.5487711441236696,-0.04298335751446905,27,8136__415917
415917,Gabriel Magalhaes,8582,A. Cresswell,-0.09171851813406899,0.12463205233828459,-0.024518882419935755,-0.06819864563412237,28,8582__415917
415917,Gabriel Magalhaes,424241,N. Milenković,-0.09858939469861151,0.12463205233828459,-0.024518882419935755,-0.072664715401075,29,415917__424241
415917,Gabriel Magalhaes,15806,J. Vestergaard,-0.12267944629885705,0.11619788416419695,-0.09652150645714583,-0.1135241673542581,30,15806__415917
415917,Gabriel Magalhaes,563725,Morato,-0.22324882342226676,0.1313276437894087,0.03264148526673277,-0.13368721538111694,31,415917__563725
415917,Gabriel Magalhaes,520300,N. Wood,-0.529856415297782,0.19686906083811578,0.59216957543723,-0.13714731854052783,32,415917__520300
415917,Gabriel Magalhaes,619747,L. Colwill,-0.2672684259304087,0.12079050715226387,-0.05731421303722273,-0.19378445141779366,33,415917__619747
415917,Gabriel Magalhaes,288080,C. Burgess,-0.3293949950096436,0.12463205233828459,-0.024518882419935755,-0.22268835560324585,34,288080__415917
415917,Gabriel Magalhaes,413002,K. Mavropanos,0.0661273487153939,0.03561806389228922,-0.7844326773358027,-0.23156866040252488,35,413002__415917
415917,Gabriel Magalhaes,479155,N. Collins,-0.3939004483625878,0.13206465812789234,0.03893338806360948,-0.2424086056134188,36,415917__479155
415917,Gabriel Magalhaes,270866,Diego Carlos,-0.03311315850021268,0.051354959776709355,-0.6500865539848543,-0.24905384691983723,37,270866__415917
415917,Gabriel Magalhaes,365443,M. de Ligt,-0.2411494639834617,0.08048301093096809,-0.4014199311588767,-0.29724412749485696,38,365443__415917
415917,Gabriel Magalhaes,415847,C. Romero,-0.5454009813552367,0.137256169221817,0.08325339849798738,-0.32537194840660827,39,415847__415917
415917,Gabriel Magalhaes,620468,J. Greaves,-0.2811253542174493,0.062167369480092466,-0.5577808452605683,-0.3779547760825409,40,415917__620468
415917,Gabriel Magalhaes,393247,I. Konaté,-0.3659594928053475,0.07892746829272525,-0.41469962269969246,-0.38301853826836824,41,393247__415917
415917,Gabriel Magalhaes,412027,E. Konsa,-0.5934115240451516,0.11783569623488807,-0.08253947950019176,-0.4146063084544157,42,412027__415917
415917,Gabriel Magalhaes,604320,J. Branthwaite,-0.5411779502494597,0.09848596941879009,-0.2477283963447313,-0.4384706063828048,43,415917__604320
415917,Gabriel Magalhaes,9433,J. Tarkowski,-0.46261152920923776,0.06246468285819212,-0.5552426763572836,-0.4950324307110538,44,9433__415917
415917,Gabriel Magalhaes,496001,M. Kilman,-0.5878662929826779,0.08907201778376786,-0.3280954469287456,-0.4969464968638016,45,415917__496001
415917,Gabriel Magalhaes,286380,I. Diop,-0.5262864617080389,0.06926103896158864,-0.4972220792770276,-0.516113927857185,46,286380__415917
415917,Gabriel Magalhaes,62126,M. Doherty,-0.5253533921508738,0.061101046631566486,-0.5668840598965521,-0.5398891258618612,47,62126__415917
415917,Gabriel Magalhaes,627012,Murillo,-0.37634248492000694,0.0067963561033965204,-1.0304840421176602,-0.6052920299391855,48,415917__627012
415917,Gabriel Magalhaes,192792,D. Burn,-0.5918511138581225,0.044159940824265276,-0.7115105419680524,-0.633731913696598,49,192792__415917
415917,Gabriel Magalhaes,769441,L. Yoro,-0.6517387204262414,0.05537101337669595,-0.6158014423408243,-0.6391606730963454,50,415917__769441
415917,Gabriel Magalhaes,590781,J. van Hecke,-0.4310598502533906,0.0067963561033965204,-1.0304840421176602,-0.640858317405885,51,415917__590781
415917,Gabriel Magalhaes,7919,M. Keane,-0.6642509297731046,0.05537101337669595,-0.6158014423408243,-0.6472936091718066,52,7919__415917
415917,Gabriel Magalhaes,590874,Toti,-0.4550771479109812,0.007942214210795103,-1.0207018337476055,-0.6530457879537996,53,415917__590874
415917,Gabriel Magalhaes,558243,S. van den Berg,-0.7254643708334634,0.05537101337669595,-0.6158014423408243,-0.6870823458610397,54,415917__558243
415917,Gabriel Magalhaes,545267,R. Drăgușin,-0.7413043773012677,0.05537101337669595,-0.6158014423408243,-0.6973783500651125,55,415917__545267
415917,Gabriel Magalhaes,549884,T. Harwood-Bellis,-0.7460164200589293,0.05537101337669595,-0.6158014423408243,-0.7004411778575926,56,415917__549884
415917,Gabriel Magalhaes,50102,F. Schär,-0.7993850233052999,0.03666553185567316,-0.7754904271456451,-0.7910219146494206,57,50102__415917
415917,Gabriel Magalhaes,557788,W. Fofana,-0.9975409665215809,0.071342336683293,-0.4794540084640939,-0.8162105312014605,58,415917__557788
415917,Gabriel Magalhaes,7953,C. Coady,-0.7130179672254514,0.0067963561033965204,-1.0304840421176602,-0.8241310934377244,59,7953__415917
415917,Gabriel Magalhaes,653730,A. Khusanov,-0.9185980849400885,0.04238519152253696,-0.7266616041824917,-0.8514203166749297,60,415917__653730
415917,Gabriel Magalhaes,482177,J. Kiwior,-0.72765940694452,0.0,-1.088504639197916,-0.8539552382332086,61,415917__482177
415917,Gabriel Magalhaes,767087,A. Gray,-1.003450798874392,0.05537101337669595,-0.6158014423408243,-0.8677735240876433,62,415917__767087
415917,Gabriel Magalhaes,285382,W. Faes,-0.7865013710375142,0.0067963561033965204,-1.0304840421176602,-0.8718953059155652,63,285382__415917
415917,Gabriel Magalhaes,518805,L. Woolfenden,-1.0533759940569092,0.05537101337669595,-0.6158014423408243,-0.9002249009562795,64,415917__518805
415917,Gabriel Magalhaes,145787,J. Andersen,-0.8300028983364817,0.0,-1.088504639197916,-0.9204785076379838,65,145787__415917
415917,Gabriel Magalhaes,258154,Rúben Dias,-0.8686859935059327,0.0067963561033965204,-1.0304840421176602,-0.9253153105200373,66,258154__415917
415917,Gabriel Magalhaes,625787,M. van de Ven,-0.947128988562465,0.020422199221903223,-0.9141600088518694,-0.9355898456637566,67,415917__625787
415917,Gabriel Magalhaes,8360,C. Dawson,-1.002608223062295,0.0,-1.088504639197916,-1.0326719687097623,68,8360__415917
415917,Gabriel Magalhaes,9097,L. Dunk,-1.058151501860473,0.0,-1.088504639197916,-1.068775099928578,69,9097__415917
415917,Gabriel Magalhaes,366217,K. Danso,-1.1608526975712719,0.0,-1.088504639197916,-1.1355308771405974,70,366217__415917
415917,Gabriel Magalhaes,234399,A. Webster,-1.1722081699997287,0.0,-1.088504639197916,-1.1429119342190943,71,234399__415917
415917,Gabriel Magalhaes,297957,M. Akanji,-1.3133469506516837,0.0,-1.088504639197916,-1.234652141642865,72,297957__415917
415917,Gabriel Magalhaes,136441,B. Davies,-1.3565884163243838,0.0,-1.088504639197916,-1.2627590943301201,73,136441__415917
424241,N. Milenković,349142,N. Mazraoui,1.3226386332418245,0.10084868978202487,1.5388106850623184,1.3982988513789973,1,349142__424241
424241,N. Milenković,412968,M. Senesi,1.0364050438605885,0.10084868978202487,1.5388106850623184,1.212247018281194,2,412968__424241
424241,N. Milenković,645877,Y. Mosquera,0.8336859021913723,0.10084868978202487,1.5388106850623184,1.0804795761962034,3,424241__645877
424241,N. Milenković,583655,C. Okoli,0.692821876550411,0.10084868978202487,1.5388106850623184,0.9889179595295786,4,424241__583655
424241,N. Milenković,568412,J. Gvardiol,1.3209013226759345,0.04911162604321791,0.3501751777451573,0.9811471719501624,5,424241__568412
424241,N. Milenković,534563,C. Richards,0.6678681340894257,0.10084868978202487,1.5388106850623184,0.9726980269299381,6,424241__534563
424241,N. Milenković,590703,I. Zabarnyi,0.6093408400763859,0.10084868978202487,1.5388106850623184,0.9346552858214623,7,424241__590703
424241,N. Milenković,447424,C. Bassey,0.5873196477387086,0.10084868978202487,1.5388106850623184,0.920341510801972,8,424241__447424
424241,N. Milenković,240032,J. Bednarek,0.5437818959623169,0.10084868978202487,1.5388106850623184,0.8920419721473174,9,240032__424241
424241,N. Milenković,501419,J. Todibo,0.5401601846117151,0.10084868978202487,1.5388106850623184,0.8896878597694262,10,424241__501419
424241,N. Milenković,346131,T. Chalobah,0.5099923584705682,0.09603500698671137,1.4282185122950881,0.8313715123091502,11,346131__424241
424241,N. Milenković,488453,L. Martínez,0.4467582350009606,0.10084868978202487,1.5388106850623184,0.8289765925224358,12,424241__488453
424241,N. Milenković,364003,S. Bueno,0.38063732828120656,0.10084868978202487,1.5388106850623184,0.7859980031545957,13,364003__424241
424241,N. Milenković,504375,M. Lacroix,0.3650293695113351,0.10084868978202487,1.5388106850623184,0.7758528299541791,14,424241__504375
424241,N. Milenković,8136,J. Stephens,0.2595039036863317,0.10084868978202487,1.5388106850623184,0.707261277167927,15,8136__424241
424241,N. Milenković,327391,J. Bree,0.19541216750030574,0.10084868978202487,1.5388106850623184,0.6656016486470101,16,327391__424241
424241,N. Milenković,777938,Dean Huijsen,0.37953848230022813,0.08268993634228593,1.121621584110277,0.6392675679337452,17,424241__777938
424241,N. Milenković,402884,K. Walker-Peters,0.1511378832287903,0.10084868978202487,1.5388106850623184,0.6368233638705251,18,402884__424241
424241,N. Milenković,520300,N. Wood,0.12428859678710576,0.10084868978202487,1.5388106850623184,0.6193713276834302,19,424241__520300
424241,N. Milenković,623641,E. Agbadou,1.2618669692936906,0.007169146492839075,-0.6134342128107556,0.6055115555571344,20,424241__623641
424241,N. Milenković,415847,C. Romero,0.08841476517459002,0.10084868978202487,1.5388106850623184,0.596053337135295,21,415847__424241
424241,N. Milenković,563725,Morato,0.29313161444262775,0.07855726930401227,1.0266754386078847,0.5498719529004676,22,424241__563725
424241,N. Milenković,479155,N. Collins,0.206496760574855,0.08274431354015799,1.1228708754984673,0.5272277007981193,23,424241__479155
424241,N. Milenković,424806,E. Pinnock,0.549141862626233,0.04418883089604617,0.23707619832263732,0.4399188801199745,24,424241__424806
424241,N. Milenković,578325,W. Saliba,0.42156386810041957,0.05254145715882844,0.42897398760219935,0.4241574099260425,25,424241__578325
424241,N. Milenković,619747,L. Colwill,0.25438672873129925,0.051529468190675234,0.40572400135186065,0.30735477414849577,26,424241__619747
424241,N. Milenković,15806,J. Vestergaard,0.26026075493533746,0.04693684520260831,0.3002105771092952,0.27424319269622266,27,15806__424241
424241,N. Milenković,370,V. van Dijk,0.7186457866552682,0.0,-0.7781420926697166,0.19477002889152356,28,370__424241
424241,N. Milenković,413002,K. Mavropanos,0.5402590058709491,0.0,-0.7781420926697166,0.07881862138171614,29,413002__424241
424241,N. Milenković,400549,Pau Torres,0.5156608549892783,0.0,-0.7781420926697166,0.06282982330863007,30,400549__424241
424241,N. Milenković,283145,T. Adarabioyo,0.47496541013976323,0.0,-0.7781420926697166,0.036377784156445325,31,283145__424241
424241,N. Milenković,399581,D. O'Shea,0.40491673862094624,0.00503918885509537,-0.6623690207481558,0.031366722841760536,32,399581__424241
424241,N. Milenković,397074,M. Guéhi,0.31556459045872587,0.008698861903836168,-0.5782896970187326,0.0027155898416154345,33,397074__424241
424241,N. Milenković,270866,Diego Carlos,0.4155352513797218,0.0,-0.7781420926697166,-0.0022518190375816483,34,270866__424241
424241,N. Milenković,557788,W. Fofana,-0.273852741106607,0.05173706373880696,0.41049341464744454,-0.03433158659268898,35,424241__557788
424241,N. Milenković,8582,A. Cresswell,0.36578805266189507,0.0,-0.7781420926697166,-0.03458749820416901,36,8582__424241
424241,N. Milenković,365443,M. de Ligt,0.22356408128006455,0.011221971969379454,-0.5203223908740556,-0.036796183973877516,37,365443__424241
424241,N. Milenković,8653,H. Maguire,0.3489412888034519,0.0,-0.7781420926697166,-0.04553789471215708,38,8653__424241
424241,N. Milenković,50102,F. Schär,-0.10929368811398242,0.03666553185567316,0.06423182476680052,-0.048559758605708395,39,50102__424241
424241,N. Milenković,393247,I. Konaté,0.18202954912173225,0.009666429331136603,-0.5560602754647962,-0.0763018894835527,40,393247__424241
424241,N. Milenković,653730,A. Khusanov,-0.24667464028346292,0.04238519152253696,0.19563840408345143,-0.09186507475504291,41,424241__653730
424241,N. Milenković,288080,C. Burgess,0.21963069562620066,0.0,-0.7781420926697166,-0.12958978027737036,42,288080__424241
424241,N. Milenković,620468,J. Greaves,0.16892088991251275,0.0,-0.7781420926697166,-0.16255115399126752,43,424241__620468
424241,N. Milenković,627012,Murillo,0.11433888492749755,0.0,-0.7781420926697166,-0.19802945723152737,44,424241__627012
424241,N. Milenković,9433,J. Tarkowski,0.10887282065157966,0.0,-0.7781420926697166,-0.20158239901087402,45,9433__424241
424241,N. Milenković,590874,Toti,0.0912195725359281,0.0011458581073985833,-0.7518165238342439,-0.20384306119363207,46,424241__590874
424241,N. Milenković,590781,J. van Hecke,0.08455843890534265,0.0,-0.7781420926697166,-0.2173867471459281,47,424241__590781
424241,N. Milenković,412027,E. Konsa,0.07319373310774388,0.0,-0.7781420926697166,-0.2247738059143673,48,412027__424241
424241,N. Milenković,62126,M. Doherty,0.05869923076422101,0.0,-0.7781420926697166,-0.23419523243765714,49,62126__424241
424241,N. Milenković,192792,D. Burn,0.05466398725338936,0.0,-0.7781420926697166,-0.2368181407196977,50,192792__424241
424241,N. Milenković,286380,I. Diop,0.0480999122796168,0.0,-0.7781420926697166,-0.24108478945264988,51,286380__424241
424241,N. Milenković,7919,M. Keane,0.02804818380015628,0.0,-0.7781420926697166,-0.2541184129642992,52,7919__424241
424241,N. Milenković,769441,L. Yoro,0.0034418640351170093,0.0,-0.7781420926697166,-0.2701125208115748,53,424241__769441
424241,N. Milenković,496001,M. Kilman,-0.008540222549467846,0.0,-0.7781420926697166,-0.2779008770915549,54,424241__496001
424241,N. Milenković,604320,J. Branthwaite,-0.009644109624454417,0.0,-0.7781420926697166,-0.27861840369029617,55,424241__604320
424241,N. Milenković,482177,J. Kiwior,-0.014160402335080882,0.0,-0.7781420926697166,-0.2815539939522034,56,424241__482177
424241,N. Milenković,7953,C. Coady,-0.05339587357709609,0.0,-0.7781420926697166,-0.30705705025951324,57,7953__424241
424241,N. Milenković,285382,W. Faes,-0.06710363864785102,0.0,-0.7781420926697166,-0.31596709755550395,58,285382__424241
424241,N. Milenković,258154,Rúben Dias,-0.07061877269978807,0.0,-0.7781420926697166,-0.31825193468926305,59,258154__424241
424241,N. Milenković,545267,R. Drăgușin,-0.07500989605006403,0.0,-0.7781420926697166,-0.32110616486694243,60,424241__545267
424241,N. Milenković,558243,S. van den Berg,-0.09478802246170095,0.0,-0.7781420926697166,-0.33396194703450643,61,424241__558243
424241,N. Milenković,415917,Gabriel Magalhaes,-0.09858939469861151,0.0,-0.7781420926697166,-0.3364328389884983,62,415917__424241
424241,N. Milenković,549884,T. Harwood-Bellis,-0.11249159277147378,0.0,-0.7781420926697166,-0.34546926773585873,63,424241__549884
424241,N. Milenković,145787,J. Andersen,-0.13062212329897893,0.0,-0.7781420926697166,-0.3572541125787371,64,145787__424241
424241,N. Milenković,8360,C. Dawson,-0.20248721498898453,0.0,-0.7781420926697166,-0.40396642217724077,65,8360__424241
424241,N. Milenković,9097,L. Dunk,-0.21833097028864973,0.0,-0.7781420926697166,-0.41426486312202315,66,9097__424241
424241,N. Milenković,625787,M. van de Ven,-0.2227306507705395,0.0,-0.7781420926697166,-0.41712465543525146,67,424241__625787
424241,N. Milenković,767087,A. Gray,-0.24063083676026847,0.0,-0.7781420926697166,-0.4287597763285753,68,424241__767087
424241,N. Milenković,518805,L. Woolfenden,-0.2924304290922124,0.0,-0.7781420926697166,-0.46242951134433885,69,424241__518805
424241,N. Milenković,366217,K. Danso,-0.30659257327271483,0.0,-0.7781420926697166,-0.47163490506166544,70,366217__424241
424241,N. Milenković,234399,A. Webster,-0.324742494453283,0.0,-0.7781420926697166,-0.48343235382903477,71,234399__424241
424241,N. Milenković,297957,M. Akanji,-0.47190259490434283,0.0,-0.7781420926697166,-0.5790864191222236,72,297957__424241
424241,N. Milenković,136441,B. Davies,-0.5352376619260961,0.0,-0.7781420926697166,-0.6202542126863633,73,136441__424241
424806,E. Pinnock,349142,N. Mazraoui,1.5666352753051216,0.0,0.0,1.018312928948329,1,349142__424806
424806,E. Pinnock,623641,E. Agbadou,1.4878739132021201,0.0,0.0,0.9671180435813781,2,424806__623641
424806,E. Pinnock,568412,J. Gvardiol,1.462594945057686,0.0,0.0,0.950686714287496,3,424806__568412
424806,E. Pinnock,412968,M. Senesi,1.2804016859238858,0.0,0.0,0.8322610958505258,4,412968__424806
424806,E. Pinnock,645877,Y. Mosquera,1.052230894641701,0.0,0.0,0.6839500815171057,5,424806__645877
424806,E. Pinnock,370,V. van Dijk,1.0021641422431617,0.0,0.0,0.6514066924580552,6,370__424806
424806,E. Pinnock,534563,C. Richards,0.9118647761527229,0.0,0.0,0.5927121044992699,7,424806__534563
424806,E. Pinnock,583655,C. Okoli,0.9113668690007396,0.0,0.0,0.5923884648504808,8,424806__583655
424806,E. Pinnock,413002,K. Mavropanos,0.8331166110749713,0.0,0.0,0.5415257971987313,9,413002__424806
424806,E. Pinnock,590703,I. Zabarnyi,0.8278858325267148,0.0,0.0,0.5381257911423646,10,424806__590703
424806,E. Pinnock,501419,J. Todibo,0.758705177062044,0.0,0.0,0.4931583650903286,11,424806__501419
424806,E. Pinnock,447424,C. Bassey,0.7583805402005563,0.0,0.0,0.49294735113036164,12,424806__447424
424806,E. Pinnock,240032,J. Bednarek,0.7582159857456316,0.0,0.0,0.49284039073466057,13,240032__424806
424806,E. Pinnock,400549,Pau Torres,0.7474093821825614,0.0,0.0,0.4858160984186649,14,400549__424806
424806,E. Pinnock,283145,T. Adarabioyo,0.7291870790912987,0.0,0.0,0.47397160140934413,15,283145__424806
424806,E. Pinnock,270866,Diego Carlos,0.7245052565805838,0.0,0.0,0.4709284167773795,16,270866__424806
424806,E. Pinnock,346131,T. Chalobah,0.7065049005453845,0.0,0.0,0.45922818535449994,17,346131__424806
424806,E. Pinnock,488453,L. Martínez,0.6752018285980278,0.0,0.0,0.4388811885887181,18,424806__488453
424806,E. Pinnock,399581,D. O'Shea,0.6579624971554887,0.0,0.0,0.42767562315106766,19,399581__424806
424806,E. Pinnock,8653,H. Maguire,0.6579112940043141,0.0,0.0,0.4276423411028042,20,8653__424806
424806,E. Pinnock,8582,A. Cresswell,0.645020679843659,0.0,0.0,0.41926344189837833,21,8582__424806
424806,E. Pinnock,578325,W. Saliba,0.6401088605507484,0.0,0.0,0.4160707593579865,22,424806__578325
424806,E. Pinnock,364003,S. Bueno,0.6246339703445036,0.0,0.0,0.40601208072392736,23,364003__424806
424806,E. Pinnock,504375,M. Lacroix,0.6090260115746323,0.0,0.0,0.395866907523511,24,424806__504375
424806,E. Pinnock,777938,Dean Huijsen,0.5980834747505568,0.0,0.0,0.38875425858786194,25,424806__777938
424806,E. Pinnock,397074,M. Guéhi,0.5830339708849099,0.0,0.0,0.3789720810751915,26,397074__424806
424806,E. Pinnock,424241,N. Milenković,0.549141862626233,0.0,0.0,0.35694221070705145,27,424241__424806
424806,E. Pinnock,563725,Morato,0.537128256505925,0.0,0.0,0.34913336672885126,28,424806__563725
424806,E. Pinnock,8136,J. Stephens,0.503500545749629,0.0,0.0,0.3272753547372589,29,8136__424806
424806,E. Pinnock,365443,M. de Ligt,0.5014326565575993,0.0,0.0,0.3259312267624395,30,365443__424806
424806,E. Pinnock,619747,L. Colwill,0.5000023253447472,0.0,0.0,0.3250015114740857,31,424806__619747
424806,E. Pinnock,288080,C. Burgess,0.49886332280796475,0.0,0.0,0.3242611598251771,32,288080__424806
424806,E. Pinnock,620468,J. Greaves,0.486635902258814,0.0,0.0,0.3163133364682291,33,424806__620468
424806,E. Pinnock,393247,I. Konaté,0.45943672916134565,0.0,0.0,0.2986338739548747,34,393247__424806
424806,E. Pinnock,627012,Murillo,0.4561889096426405,0.0,0.0,0.29652279126771636,35,424806__627012
424806,E. Pinnock,479155,N. Collins,0.45049340263815224,0.0,0.0,0.29282071171479895,36,424806__479155
424806,E. Pinnock,15806,J. Vestergaard,0.43824857200195333,0.0,0.0,0.2848615718012697,37,15806__424806
424806,E. Pinnock,286380,I. Diop,0.4045540174689598,0.0,0.0,0.2629601113548239,38,286380__424806
424806,E. Pinnock,62126,M. Doherty,0.40323046520981215,0.0,0.0,0.2620998023863779,39,62126__424806
424806,E. Pinnock,9433,J. Tarkowski,0.40177244605926193,0.0,0.0,0.2611520899385203,40,9433__424806
424806,E. Pinnock,402884,K. Walker-Peters,0.3951345252920872,0.0,0.0,0.2568374414398567,41,402884__424806
424806,E. Pinnock,590781,J. van Hecke,0.39195561956790137,0.0,0.0,0.2547711527191359,42,424806__590781
424806,E. Pinnock,590874,Toti,0.3884180037814491,0.0,0.0,0.2524717024579419,43,424806__590874
424806,E. Pinnock,327391,J. Bree,0.38763898116899254,0.0,0.0,0.25196533775984514,44,327391__424806
424806,E. Pinnock,412027,E. Konsa,0.37787800990247633,0.0,0.0,0.24562070643660963,45,412027__424806
424806,E. Pinnock,520300,N. Wood,0.36828523885040304,0.0,0.0,0.23938540525276197,46,424806__520300
424806,E. Pinnock,192792,D. Burn,0.3558716157240994,0.0,0.0,0.23131655022066464,47,192792__424806
424806,E. Pinnock,496001,M. Kilman,0.3479138826398751,0.0,0.0,0.22614402371591882,48,424806__496001
424806,E. Pinnock,7919,M. Keane,0.3327324605948888,0.0,0.0,0.21627609938667774,49,7919__424806
424806,E. Pinnock,415847,C. Romero,0.3324114072378873,0.0,0.0,0.21606741470462676,50,415847__424806
424806,E. Pinnock,604320,J. Branthwaite,0.3248346404022628,0.0,0.0,0.21114251626147082,51,424806__604320
424806,E. Pinnock,482177,J. Kiwior,0.2996159654045406,0.0,0.0,0.1947503775129514,52,424806__482177
424806,E. Pinnock,258154,Rúben Dias,0.285835332489555,0.0,0.0,0.18579296611821075,53,258154__424806
424806,E. Pinnock,285382,W. Faes,0.27964842593413164,0.0,0.0,0.18177147685718556,54,285382__424806
424806,E. Pinnock,769441,L. Yoro,0.2703517219142251,0.0,0.0,0.1757286192442463,55,424806__769441
424806,E. Pinnock,7953,C. Coady,0.26639139543985146,0.0,0.0,0.17315440703590346,56,7953__424806
424806,E. Pinnock,415917,Gabriel Magalhaes,0.2578647104907315,0.0,0.0,0.16761206181897548,57,415917__424806
424806,E. Pinnock,558243,S. van den Berg,0.2443218941385701,0.0,0.0,0.15880923119007057,58,424806__558243
424806,E. Pinnock,545267,R. Drăgușin,0.2287610542782856,0.0,0.0,0.14869468528088564,59,424806__545267
424806,E. Pinnock,549884,T. Harwood-Bellis,0.20634340424074116,0.0,0.0,0.13412321275648176,60,424806__549884
424806,E. Pinnock,145787,J. Andersen,0.18362895127046716,0.0,0.0,0.11935881832580365,61,145787__424806
424806,E. Pinnock,50102,F. Schär,0.17979569741893764,0.0,0.0,0.11686720332230947,62,50102__424806
424806,E. Pinnock,8360,C. Dawson,0.15396689020035847,0.0,0.0,0.10007847863023302,63,8360__424806
424806,E. Pinnock,9097,L. Dunk,0.1381231349006931,0.0,0.0,0.08978003768545052,64,9097__424806
424806,E. Pinnock,625787,M. van de Ven,0.1337234544188036,0.0,0.0,0.08692024537222234,65,424806__625787
424806,E. Pinnock,767087,A. Gray,0.06405344003446414,0.0,0.0,0.0416347360224017,66,424806__767087
424806,E. Pinnock,366217,K. Danso,0.04986153191662801,0.0,0.0,0.03240999574580821,67,366217__424806
424806,E. Pinnock,234399,A. Webster,0.03171161073606013,0.0,0.0,0.020612546978439086,68,234399__424806
424806,E. Pinnock,518805,L. Woolfenden,0.012253847702519999,0.0,0.0,0.007965001006638,69,424806__518805
424806,E. Pinnock,557788,W. Fofana,0.011012729772628044,0.0,0.0,0.007158274352208229,70,424806__557788
424806,E. Pinnock,653730,A. Khusanov,0.010891049282298199,0.0,0.0,0.007079182033493829,71,424806__653730
424806,E. Pinnock,297957,M. Akanji,-0.11544848971499949,0.0,0.0,-0.07504151831474967,72,297957__424806
424806,E. Pinnock,136441,B. Davies,-0.18640179836088666,0.0,0.0,-0.12116116893457633,73,136441__424806
447424,C. Bassey,568412,J. Gvardiol,1.5023993155829953,0.10941066106809855,1.3176189353758516,1.437726182510495,1,447424__568412
447424,C. Bassey,370,V. van Dijk,1.0099845656674822,0.10819062905092452,1.2871955175701226,1.1070083988334063,2,370__447424
447424,C. Bassey,400549,Pau Torres,0.8236747299453968,0.10941066106809855,1.3176189353758516,0.996555201846056,3,400549__447424
447424,C. Bassey,283145,T. Adarabioyo,0.7929371984555584,0.10941066106809855,1.3176189353758516,0.9765758063776611,4,283145__447424
447424,C. Bassey,424806,E. Pinnock,0.7583805402005563,0.10941066106809855,1.3176189353758516,0.9541139785119097,5,424806__447424
447424,C. Bassey,8582,A. Cresswell,0.73358801390714,0.10941066106809855,1.3176189353758516,0.9379988364211891,6,8582__447424
447424,C. Bassey,399581,D. O'Shea,0.7147803661488379,0.10941066106809855,1.3176189353758516,0.9257738653782926,7,399581__447424
447424,C. Bassey,397074,M. Guéhi,0.6228095902070954,0.10941066106809855,1.3176189353758516,0.86599286101616,8,397074__447424
447424,C. Bassey,349142,N. Mazraoui,1.4294008152885969,0.04892774927428429,-0.19061762703216534,0.8623943604763302,9,349142__447424
447424,C. Bassey,623641,E. Agbadou,1.402847272797187,0.04892774927428429,-0.19061762703216534,0.8451345578569138,10,447424__623641
447424,C. Bassey,288080,C. Burgess,0.587430656871446,0.10941066106809855,1.3176189353758516,0.8429965543479879,11,288080__447424
447424,C. Bassey,424241,N. Milenković,0.5873196477387086,0.10941066106809855,1.3176189353758516,0.8429243984117086,12,424241__447424
447424,C. Bassey,501419,J. Todibo,0.6779917641307126,0.10202832854148275,1.1335288593151513,0.8374297474452661,13,447424__501419
447424,C. Bassey,620468,J. Greaves,0.5328853272822771,0.10941066106809855,1.3176189353758516,0.8075420901150281,14,447424__620468
447424,C. Bassey,412027,E. Konsa,0.4678256234095625,0.10941066106809855,1.3176189353758516,0.7652532825977636,15,412027__447424
447424,C. Bassey,62126,M. Doherty,0.4436179381196187,0.10941066106809855,1.3176189353758516,0.7495182871593002,16,62126__447424
447424,C. Bassey,534563,C. Richards,0.8156603940729845,0.08026930963327383,0.5909334897111962,0.7370059775463587,17,447424__534563
447424,C. Bassey,7919,M. Keane,0.4226800741019751,0.10941066106809855,1.3176189353758516,0.7359086755478319,18,7919__447424
447424,C. Bassey,346131,T. Chalobah,0.6483642054355365,0.09191061200256477,0.8812276793703546,0.7298664213127228,19,346131__447424
447424,C. Bassey,327391,J. Bree,0.36763331525757154,0.10941066106809855,1.3176189353758516,0.7001282822989695,20,327391__447424
447424,C. Bassey,769441,L. Yoro,0.36029933542131126,0.10941066106809855,1.3176189353758516,0.6953611954054003,21,447424__769441
447424,C. Bassey,545267,R. Drăgușin,0.3187086677853717,0.10941066106809855,1.3176189353758516,0.6683272614420397,22,447424__545267
447424,C. Bassey,558243,S. van den Berg,0.2834703635334448,0.10941066106809855,1.3176189353758516,0.6454223636782871,23,447424__558243
447424,C. Bassey,590703,I. Zabarnyi,0.7159720623795105,0.07321751138272645,0.41508580584872373,0.6106618725937352,24,447424__590703
447424,C. Bassey,767087,A. Gray,0.1540010535415499,0.10941066106809855,1.3176189353758516,0.5612673121835554,25,447424__767087
447424,C. Bassey,518805,L. Woolfenden,0.10220146120960599,0.10941066106809855,1.3176189353758516,0.5275975771677919,26,447424__518805
447424,C. Bassey,645877,Y. Mosquera,0.9113175513755889,0.04892774927428429,-0.19061762703216534,0.5256402389328749,27,447424__645877
447424,C. Bassey,240032,J. Bednarek,0.671320169450133,0.06321130613165066,0.16556533530525583,0.49430597749942595,28,240032__447424
447424,C. Bassey,8653,H. Maguire,0.58274026077521,0.05973189931541444,0.07880085224549951,0.40636146778981136,29,8653__447424
447424,C. Bassey,270866,Diego Carlos,0.6813098093928195,0.04892774927428429,-0.19061762703216534,0.37613520664407485,30,270866__447424
447424,C. Bassey,777938,Dean Huijsen,0.5177583822956338,0.060482911793814265,0.09752852995071075,0.37067793397491067,31,447424__777938
447424,C. Bassey,488453,L. Martínez,0.5518758695770238,0.04892774927428429,-0.19061762703216534,0.29200314576380765,32,447424__488453
447424,C. Bassey,365443,M. de Ligt,0.4871768975268153,0.04892774927428429,-0.19061762703216534,0.24994881393117213,33,365443__447424
447424,C. Bassey,619747,L. Colwill,0.4722063665145003,0.04892774927428429,-0.19061762703216534,0.24021796877316737,34,447424__619747
447424,C. Bassey,413002,K. Mavropanos,0.7400895280424702,0.0288217077888927,-0.6919934039943679,0.23886050182957685,35,413002__447424
447424,C. Bassey,563725,Morato,0.4619065208260209,0.04892774927428429,-0.19061762703216534,0.23352306907565573,36,447424__563725
447424,C. Bassey,364003,S. Bueno,0.45723182410749463,0.04892774927428429,-0.19061762703216534,0.23048451620861365,37,364003__447424
447424,C. Bassey,627012,Murillo,0.4451692801937778,0.04892774927428429,-0.19061762703216534,0.22264386266469777,38,447424__627012
447424,C. Bassey,496001,M. Kilman,0.2974558023557972,0.057817271609185185,0.031056598136528266,0.2042160808790531,39,447424__496001
447424,C. Bassey,625787,M. van de Ven,0.13900582773887032,0.06934994849618752,0.31864204049602984,0.20187850220387615,40,447424__625787
447424,C. Bassey,393247,I. Konaté,0.4052732955415903,0.04892774927428429,-0.19061762703216534,0.19671147264077588,41,393247__447424
447424,C. Bassey,412968,M. Senesi,1.0282641408132052,0.0,-1.4107080324573065,0.1746238801685261,42,412968__447424
447424,C. Bassey,9433,J. Tarkowski,0.3606254941154794,0.04892774927428429,-0.19061762703216534,0.16769040171380376,43,9433__447424
447424,C. Bassey,549884,T. Harwood-Bellis,0.1930958971828706,0.060482911793814265,0.09752852995071075,0.15964731865161466,44,447424__549884
447424,C. Bassey,286380,I. Diop,0.3471051506504579,0.04892774927428429,-0.19061762703216534,0.15890217846153978,45,286380__447424
447424,C. Bassey,192792,D. Burn,0.3351194434798808,0.04720153055406991,-0.23366360665391311,0.13604537593305294,46,192792__447424
447424,C. Bassey,258154,Rúben Dias,0.27289860349089606,0.04892774927428429,-0.19061762703216534,0.11066792280782459,47,258154__447424
447424,C. Bassey,482177,J. Kiwior,0.25631992222385847,0.04892774927428429,-0.19061762703216534,0.09989177998425014,48,447424__482177
447424,C. Bassey,415917,Gabriel Magalhaes,0.20437944650451437,0.04892774927428429,-0.19061762703216534,0.0661304707666765,49,415917__447424
447424,C. Bassey,583655,C. Okoli,0.710735489214439,0.007725267667151619,-1.2180663291327951,0.03565485279290709,50,447424__583655
447424,C. Bassey,8360,C. Dawson,0.1397111311695746,0.04892774927428429,-0.19061762703216534,0.02409606579896563,51,8360__447424
447424,C. Bassey,9097,L. Dunk,0.1151837614917535,0.04892774927428429,-0.19061762703216534,0.008153275508381921,52,9097__447424
447424,C. Bassey,604320,J. Branthwaite,0.2692034231123567,0.03602128656059796,-0.5124605803360165,-0.00437897809457391,53,447424__604320
447424,C. Bassey,520300,N. Wood,0.22368701835034166,0.03431956794183148,-0.5548956113825305,-0.0488169020561636,54,447424__520300
447424,C. Bassey,366217,K. Danso,-0.007587334901873993,0.04892774927428429,-0.19061762703216534,-0.07164793714747596,55,366217__447424
447424,C. Bassey,234399,A. Webster,-0.0257372560824419,0.04892774927428429,-0.19061762703216534,-0.0834453859148451,56,234399__447424
447424,C. Bassey,504375,M. Lacroix,0.4159386092030848,0.01567465090143116,-1.0198359515443949,-0.08658248705853305,57,447424__504375
447424,C. Bassey,8136,J. Stephens,0.335882032436531,0.020422199221903223,-0.9014483649291113,-0.09718360664144382,58,8136__447424
447424,C. Bassey,578325,W. Saliba,0.4739862236597765,0.0,-1.4107080324573065,-0.1856567659812025,59,447424__578325
447424,C. Bassey,479155,N. Collins,0.33205340766301433,0.006580755527005183,-1.2466065399905872,-0.22047757401574616,60,447424__479155
447424,C. Bassey,136441,B. Davies,-0.24385066517938897,0.04892774927428429,-0.19061762703216534,-0.2252191018278607,61,136441__447424
447424,C. Bassey,590874,Toti,0.273787556604141,0.0,-1.4107080324573065,-0.3157858995673656,62,447424__590874
447424,C. Bassey,590781,J. van Hecke,0.2695770101991965,0.0,-1.4107080324573065,-0.3185227547305795,63,447424__590781
447424,C. Bassey,15806,J. Vestergaard,0.2645070912915414,0.0,-1.4107080324573065,-0.32181820202055533,64,15806__447424
447424,C. Bassey,285382,W. Faes,0.1660487277541186,0.0,-1.4107080324573065,-0.38581613831988015,65,285382__447424
447424,C. Bassey,402884,K. Walker-Peters,0.14299698018140639,0.0,-1.4107080324573065,-0.4007997742421431,66,402884__447424
447424,C. Bassey,415847,C. Romero,0.13707151840255993,0.0,-1.4107080324573065,-0.4046513243983933,67,415847__447424
447424,C. Bassey,7953,C. Coady,0.12420712974767775,0.0,-1.4107080324573065,-0.4130131770240667,68,7953__447424
447424,C. Bassey,50102,F. Schär,0.04859136082084313,0.0,-1.4107080324573065,-0.46216342682650924,69,50102__447424
447424,C. Bassey,145787,J. Andersen,0.04674565789769524,0.0,-1.4107080324573065,-0.46336313372655535,70,145787__447424
447424,C. Bassey,653730,A. Khusanov,-0.13153168349800562,0.0,-1.4107080324573065,-0.5792434056337609,71,447424__653730
447424,C. Bassey,557788,W. Fofana,-0.17398130379729512,0.0,-1.4107080324573065,-0.606835658828299,72,447424__557788
447424,C. Bassey,297957,M. Akanji,-0.2576327554071732,0.0,-1.4107080324573065,-0.6612091023747197,73,297957__447424
479155,N. Collins,568412,J. Gvardiol,1.232673282916004,0.08529461772731747,1.2301779005308318,1.2317998990811938,1,479155__568412
479155,N. Collins,623641,E. Agbadou,1.1745369354149493,0.08529461772731747,1.2301779005308318,1.1940112732055082,2,479155__623641
479155,N. Collins,349142,N. Mazraoui,1.0924124215860465,0.08529461772731747,1.2301779005308318,1.1406303392167212,3,349142__479155
479155,N. Collins,370,V. van Dijk,0.7296752016915093,0.08529461772731747,1.2301779005308318,0.9048511462852722,4,370__479155
479155,N. Collins,645877,Y. Mosquera,0.5572298886479201,0.08529461772731747,1.2301779005308318,0.7927616928069392,5,479155__645877
479155,N. Collins,400549,Pau Torres,0.5294698581272433,0.08529461772731747,1.2301779005308318,0.7747176729684992,6,400549__479155
479155,N. Collins,283145,T. Adarabioyo,0.469058470685072,0.08529461772731747,1.2301779005308318,0.735450271131088,7,283145__479155
479155,N. Collins,424806,E. Pinnock,0.45049340263815224,0.08529461772731747,1.2301779005308318,0.7233829769005901,8,424806__479155
479155,N. Collins,534563,C. Richards,0.3625175695913652,0.08529461772731747,1.2301779005308318,0.6661986854201785,9,479155__534563
479155,N. Collins,270866,Diego Carlos,0.32057277134514633,0.08529461772731747,1.2301779005308318,0.6389345665601363,10,270866__479155
479155,N. Collins,399581,D. O'Shea,0.3053404820301019,0.08529461772731747,1.2301779005308318,0.6290335785053573,11,399581__479155
479155,N. Collins,8582,A. Cresswell,0.3052914914119454,0.08529461772731747,1.2301779005308318,0.6290017346035557,12,8582__479155
479155,N. Collins,346131,T. Chalobah,0.2868594688380531,0.08529461772731747,1.2301779005308318,0.6170209199305257,13,346131__479155
479155,N. Collins,397074,M. Guéhi,0.23050552609578986,0.08529461772731747,1.2301779005308318,0.5803908571480545,14,397074__479155
479155,N. Collins,424241,N. Milenković,0.206496760574855,0.08529461772731747,1.2301779005308318,0.5647851595594469,15,424241__479155
479155,N. Collins,620468,J. Greaves,0.09572245050671926,0.08529461772731747,1.2301779005308318,0.4927818580151586,16,479155__620468
479155,N. Collins,288080,C. Burgess,0.08150212608954276,0.08434073822161628,1.1979862933529908,0.47227158463174956,17,288080__479155
479155,N. Collins,365443,M. de Ligt,-0.00584291981578644,0.08529461772731747,1.2301779005308318,0.4267643673055299,18,365443__479155
479155,N. Collins,627012,Murillo,-0.009797827812307758,0.08529461772731747,1.2301779005308318,0.42419367710779105,19,479155__627012
479155,N. Collins,563725,Morato,-0.020258165595227473,0.08529461772731747,1.2301779005308318,0.41739445754889326,20,479155__563725
479155,N. Collins,619747,L. Colwill,-0.06529596133588589,0.08529461772731747,1.2301779005308318,0.3881198903174653,21,479155__619747
479155,N. Collins,412968,M. Senesi,0.624750131200662,0.04662828589287485,-0.07473677473250426,0.37992971412405385,22,412968__479155
479155,N. Collins,393247,I. Konaté,-0.09188483892015992,0.08529461772731747,1.2301779005308318,0.37083711988768714,23,393247__479155
479155,N. Collins,286380,I. Diop,-0.10216549399237213,0.08529461772731747,1.2301779005308318,0.3641546940907492,24,286380__479155
479155,N. Collins,590703,I. Zabarnyi,0.29884158429574115,0.06011389796018686,0.38037681522196026,0.3273789151199178,25,479155__590703
479155,N. Collins,583655,C. Okoli,0.37349272170363584,0.04662828589287485,-0.07473677473250426,0.2166123979509868,26,479155__583655
479155,N. Collins,413002,K. Mavropanos,0.36192317989601763,0.04662828589287485,-0.07473677473250426,0.20909219577603497,27,413002__479155
479155,N. Collins,447424,C. Bassey,0.33205340766301433,0.04662828589287485,-0.07473677473250426,0.18967684382458283,28,447424__479155
479155,N. Collins,240032,J. Bednarek,0.236624170929433,0.04935668023071124,0.01734131083796845,0.15987516989742043,29,240032__479155
479155,N. Collins,8653,H. Maguire,0.2685697599883906,0.04662828589287485,-0.07473677473250426,0.14841247283607742,30,8653__479155
479155,N. Collins,578325,W. Saliba,0.16424145777237786,0.04662828589287485,-0.07473677473250426,0.08059907639566913,31,479155__578325
479155,N. Collins,258154,Rúben Dias,-0.33417916000836656,0.07281912930480289,0.8091540497730011,0.06598746341511208,32,258154__479155
479155,N. Collins,15806,J. Vestergaard,0.044153129390399906,0.04662828589287485,-0.07473677473250426,0.002541662947383453,33,15806__479155
479155,N. Collins,501419,J. Todibo,0.17423682063304224,0.038666331834442624,-0.3434374815672273,-0.0069491851370520885,34,479155__501419
479155,N. Collins,590781,J. van Hecke,-0.09648273593950263,0.04662828589287485,-0.07473677473250426,-0.0888716495170532,35,479155__590781
479155,N. Collins,488453,L. Martínez,0.04476488486674021,0.038666331834442624,-0.3434374815672273,-0.09110594338514841,36,479155__488453
479155,N. Collins,590874,Toti,-0.14313723046261134,0.04662828589287485,-0.07473677473250426,-0.11919707095707385,37,479155__590874
479155,N. Collins,7953,C. Coady,-0.23286422388363773,0.04662828589287485,-0.07473677473250426,-0.177519616680741,38,7953__479155
479155,N. Collins,364003,S. Bueno,-0.09422672656770256,0.038666331834442624,-0.3434374815672273,-0.18145049081753623,39,364003__479155
479155,N. Collins,412027,E. Konsa,-0.15562540548016657,0.038666331834442624,-0.3434374815672273,-0.2213596321106378,40,412027__479155
479155,N. Collins,496001,M. Kilman,-0.29973559936703975,0.046297835910754793,-0.0858888290043,-0.22488922974008083,41,479155__496001
479155,N. Collins,415847,C. Romero,-0.3408351446596965,0.04662828589287485,-0.07473677473250426,-0.24770071518517922,42,415847__479155
479155,N. Collins,62126,M. Doherty,-0.2119318126932926,0.038666331834442624,-0.3434374815672273,-0.2579587967991698,43,62126__479155
479155,N. Collins,9433,J. Tarkowski,-0.2162671486995079,0.038666331834442624,-0.3434374815672273,-0.2607767652032097,44,9433__479155
479155,N. Collins,327391,J. Bree,-0.235824262011361,0.038666331834442624,-0.3434374815672273,-0.2734888888559142,45,327391__479155
479155,N. Collins,7919,M. Keane,-0.2545196512276691,0.038666331834442624,-0.3434374815672273,-0.2856408918465145,46,7919__479155
479155,N. Collins,769441,L. Yoro,-0.3169003899083328,0.038666331834442624,-0.3434374815672273,-0.3261883719889459,47,479155__769441
479155,N. Collins,545267,R. Drăgușin,-0.35849105754427224,0.038666331834442624,-0.3434374815672273,-0.3532223059523065,48,479155__545267
479155,N. Collins,482177,J. Kiwior,-0.3830336001498702,0.038666331834442624,-0.3434374815672273,-0.3691749586459452,49,479155__482177
479155,N. Collins,558243,S. van den Berg,-0.3937293617961993,0.038666331834442624,-0.3434374815672273,-0.37612720371605907,50,479155__558243
479155,N. Collins,415917,Gabriel Magalhaes,-0.3939004483625878,0.038666331834442624,-0.3434374815672273,-0.37623840998421165,51,415917__479155
479155,N. Collins,777938,Dean Huijsen,0.013077133131201846,0.013549449760294164,-1.1910841669510155,-0.4083793218975742,52,479155__777938
479155,N. Collins,285382,W. Faes,-0.39840924593025634,0.03462189154768779,-0.4799295984302882,-0.4269413693052675,53,285382__479155
479155,N. Collins,767087,A. Gray,-0.523198671788094,0.038666331834442624,-0.3434374815672273,-0.46028225521079064,54,479155__767087
479155,N. Collins,8360,C. Dawson,-0.5286826753540522,0.038666331834442624,-0.3434374815672273,-0.4638468575286635,55,8360__479155
479155,N. Collins,625787,M. van de Ven,-0.5381938975907739,0.038666331834442624,-0.3434374815672273,-0.4700291519825326,56,479155__625787
479155,N. Collins,9097,L. Dunk,-0.5445264306537173,0.038666331834442624,-0.3434374815672273,-0.47414529847344583,57,9097__479155
479155,N. Collins,518805,L. Woolfenden,-0.574998264120038,0.038666331834442624,-0.3434374815672273,-0.4939519902265542,58,479155__518805
479155,N. Collins,366217,K. Danso,-0.6327880336377827,0.038666331834442624,-0.3434374815672273,-0.5315153404130883,59,366217__479155
479155,N. Collins,234399,A. Webster,-0.6509379548183507,0.038666331834442624,-0.3434374815672273,-0.5433127891804574,60,234399__479155
479155,N. Collins,504375,M. Lacroix,-0.15599091031883455,0.0,-1.6483521568305632,-0.6783173465979395,61,479155__504375
479155,N. Collins,136441,B. Davies,-0.8690513639152977,0.038666331834442624,-0.3434374815672273,-0.6850865050934731,62,136441__479155
479155,N. Collins,8136,J. Stephens,-0.2814069610103196,0.0,-1.6483521568305632,-0.7598377795474048,63,8136__479155
479155,N. Collins,192792,D. Burn,-0.34208028184976325,0.0030415897298046394,-1.5457043263731405,-0.7633486974329453,64,192792__479155
479155,N. Collins,604320,J. Branthwaite,-0.3131502423399729,0.0,-1.6483521568305632,-0.7804709124116794,65,479155__604320
479155,N. Collins,402884,K. Walker-Peters,-0.40050519501269477,0.0,-1.6483521568305632,-0.8372516316489487,66,402884__479155
479155,N. Collins,520300,N. Wood,-0.405846691885743,0.0,-1.6483521568305632,-0.84072360461643,67,479155__520300
479155,N. Collins,549884,T. Harwood-Bellis,-0.4841038281467734,0.0,-1.6483521568305632,-0.8915907431860998,68,479155__549884
479155,N. Collins,145787,J. Andersen,-0.5757996376765191,0.0,-1.6483521568305632,-0.9511930193804345,69,145787__479155
479155,N. Collins,50102,F. Schär,-0.603861884799481,0.0,-1.6483521568305632,-0.9694334800103597,70,50102__479155
479155,N. Collins,653730,A. Khusanov,-0.7607081027791756,0.0,-1.6483521568305632,-1.0713835216971612,71,479155__653730
479155,N. Collins,557788,W. Fofana,-0.7726448524457904,0.0,-1.6483521568305632,-1.0791424089804609,72,479155__557788
479155,N. Collins,297957,M. Akanji,-0.8748770786619862,0.0,-1.6483521568305632,-1.145593356020988,73,297957__479155
482177,J. Kiwior,568412,J. Gvardiol,1.0836060780639436,0.29686512717171526,1.6243657366518718,1.2728719585697186,1,482177__568412
482177,J. Kiwior,349142,N. Mazraoui,0.9559147753369794,0.24856584624082245,1.1330456294534175,1.0179105742777328,2,349142__482177
482177,J. Kiwior,623641,E. Agbadou,0.9487862269799164,0.2267321157449665,0.9109439624924759,0.9355414344093123,3,482177__623641
482177,J. Kiwior,370,V. van Dijk,0.5090180387815734,0.26179284212826065,1.2675960598548153,0.774520346157208,4,370__482177
482177,J. Kiwior,424806,E. Pinnock,0.2996159654045406,0.29924943848329333,1.6486199298121214,0.7717673529471939,5,424806__482177
482177,J. Kiwior,583655,C. Okoli,0.3356054392203955,0.2730950196922557,1.382566448342861,0.7020417924132584,6,482177__583655
482177,J. Kiwior,645877,Y. Mosquera,0.4184336385928705,0.24577335939951733,1.1046393072933964,0.6586056226380546,7,482177__645877
482177,J. Kiwior,400549,Pau Torres,0.3088126952173074,0.26179284212826065,1.2675960598548153,0.6443868728404352,8,400549__482177
482177,J. Kiwior,447424,C. Bassey,0.25631992222385847,0.2653697520251041,1.3039818552555968,0.6230015987849669,9,447424__482177
482177,J. Kiwior,240032,J. Bednarek,0.1666407393230667,0.27989769845186235,1.451766088440791,0.6164346115142701,10,240032__482177
482177,J. Kiwior,412968,M. Senesi,0.5459747791056063,0.21039272684264865,0.7447329930469803,0.6155401539850872,11,412968__482177
482177,J. Kiwior,283145,T. Adarabioyo,0.24840130777513625,0.26179284212826065,1.2675960598548153,0.6051194710030239,12,283145__482177
482177,J. Kiwior,534563,C. Richards,0.24785126371554922,0.24805340036413298,1.127832819692777,0.5558448083075789,13,482177__534563
482177,J. Kiwior,399581,D. O'Shea,0.11578447539882235,0.26683203098335606,1.3188567569244305,0.5368597739327852,14,399581__482177
482177,J. Kiwior,8653,H. Maguire,0.12469162047103056,0.26179284212826065,1.2675960598548153,0.5247081742553552,15,8653__482177
482177,J. Kiwior,397074,M. Guéhi,0.044435004325285105,0.2704917040320968,1.3560844530715286,0.5035123113864703,16,397074__482177
482177,J. Kiwior,590703,I. Zabarnyi,0.22051734949241109,0.23781691114521408,1.0237030503992928,0.5016323448098197,17,482177__590703
482177,J. Kiwior,8582,A. Cresswell,0.08463432850200944,0.26179284212826065,1.2675960598548153,0.49867093447549143,18,8582__482177
482177,J. Kiwior,578325,W. Saliba,0.06508964173900515,0.25806508541119255,1.2296757886925962,0.472694793172762,19,482177__578325
482177,J. Kiwior,424241,N. Milenković,-0.014160402335080882,0.26179284212826065,1.2675960598548153,0.4344543594313827,20,424241__482177
482177,J. Kiwior,346131,T. Chalobah,0.1468870552368186,0.22486719740746536,0.8919732478185156,0.40766722264041255,21,346131__482177
482177,J. Kiwior,15806,J. Vestergaard,-0.07073897057951295,0.254635254295582,1.1947861390142602,0.37219481777830765,22,15806__482177
482177,J. Kiwior,270866,Diego Carlos,0.088367495615039,0.17943347537764603,0.4298027817601304,0.20786984576582096,23,270866__482177
482177,J. Kiwior,563725,Morato,-0.17927684089699508,0.22271331944085107,0.8700631172109096,0.18799214444077153,24,482177__563725
482177,J. Kiwior,413002,K. Mavropanos,0.13647267541772895,0.16369657949322589,0.26972061855014284,0.18310945551407382,25,413002__482177
482177,J. Kiwior,777938,Dean Huijsen,-0.04818711292240027,0.18627420295719832,0.49938947006942414,0.14346469112473825,26,482177__777938
482177,J. Kiwior,501419,J. Todibo,-0.0088530705570804,0.17272475319690417,0.36155890654130707,0.1207911214273552,27,482177__501419
482177,J. Kiwior,365443,M. de Ligt,-0.19939820906965255,0.19292949205158255,0.5670898020053828,0.06887259480660982,28,365443__482177
482177,J. Kiwior,288080,C. Burgess,-0.13915503682039312,0.17259237681110112,0.3602123196188981,0.03562353793335879,29,288080__482177
482177,J. Kiwior,619747,L. Colwill,-0.22551717101659963,0.1860628421908604,0.49723942161376944,0.02744763640402953,30,482177__619747
482177,J. Kiwior,620468,J. Greaves,-0.20442865552874379,0.17710474458046643,0.4061139764020612,0.009261265647037942,31,482177__620468
482177,J. Kiwior,286380,I. Diop,-0.3606688598582235,0.18332000819261196,0.4693381885503795,-0.07016639291521248,32,286380__482177
482177,J. Kiwior,488453,L. Martínez,-0.14624784570111277,0.13049488032077092,-0.0680206910963043,-0.1188683415894298,33,482177__488453
482177,J. Kiwior,393247,I. Konaté,-0.3140190170860033,0.15552182014998991,0.1865636116666033,-0.13881509702259104,34,393247__482177
482177,J. Kiwior,627012,Murillo,-0.2998552541673919,0.13487487170433318,-0.02346562123555018,-0.2031188826412473,35,482177__627012
482177,J. Kiwior,504375,M. Lacroix,-0.2623017781163817,0.12647528082674353,-0.10890970675527682,-0.20861455313999502,36,482177__504375
482177,J. Kiwior,590781,J. van Hecke,-0.32339398536946623,0.13487487170433318,-0.02346562123555018,-0.21841905792259564,37,482177__590781
482177,J. Kiwior,415847,C. Romero,-0.5106918318906899,0.15491986613545322,0.18044028839448514,-0.26879558979087864,38,415847__482177
482177,J. Kiwior,590874,Toti,-0.42036799844643447,0.13602072981173177,-0.011809482317730343,-0.277372517801388,39,482177__590874
482177,J. Kiwior,412027,E. Konsa,-0.3762825683901024,0.11822112879294687,-0.1928743286692112,-0.31208968448779045,40,412027__482177
482177,J. Kiwior,7953,C. Coady,-0.4717215573222594,0.13487487170433318,-0.02346562123555018,-0.3148319796919112,41,7953__482177
482177,J. Kiwior,496001,M. Kilman,-0.44957520538576934,0.11543235709056344,-0.22124285891146284,-0.36965888411976205,42,482177__496001
482177,J. Kiwior,604320,J. Branthwaite,-0.5292223656418112,0.12070938410839219,-0.1675627744439852,-0.4026415087225721,43,482177__604320
482177,J. Kiwior,479155,N. Collins,-0.3830336001498702,0.08698074987842074,-0.5106642837446684,-0.4277043394080496,44,479155__482177
482177,J. Kiwior,9433,J. Tarkowski,-0.4912017041235879,0.08468809754779422,-0.5339860841346973,-0.5061762371274762,45,9433__482177
482177,J. Kiwior,327391,J. Bree,-0.5114010721723619,0.08803665564910997,-0.4999231769114469,-0.5073838088310416,46,327391__482177
482177,J. Kiwior,364003,S. Bueno,-0.33550963499102704,0.054158503440606354,-0.8445456444505276,-0.5136722383018523,47,364003__482177
482177,J. Kiwior,8136,J. Stephens,-0.4026904555977398,0.06622898199487992,-0.7217597829858876,-0.5143647201835915,48,8136__482177
482177,J. Kiwior,520300,N. Wood,-0.6046444786541684,0.08012635071480818,-0.5803900450177123,-0.5961554268814088,49,482177__520300
482177,J. Kiwior,62126,M. Doherty,-0.45496856260146323,0.0479599061310038,-0.9076003201296854,-0.613389677736341,50,62126__482177
482177,J. Kiwior,192792,D. Burn,-0.589909704239467,0.042229872876133265,-0.9658885699498398,-0.7215023072380975,51,192792__482177
482177,J. Kiwior,7919,M. Keane,-0.5982030362294157,0.042229872876133265,-0.9658885699498398,-0.7268929730315642,52,7919__482177
482177,J. Kiwior,402884,K. Walker-Peters,-0.6371491847370356,0.0458067827729767,-0.9295027745490584,-0.7394729411712436,53,402884__482177
482177,J. Kiwior,769441,L. Yoro,-0.6759990404785807,0.042229872876133265,-0.9658885699498398,-0.7774603757935215,54,482177__769441
482177,J. Kiwior,258154,Rúben Dias,-0.6409051047296132,0.03415279747036026,-1.0480518957329392,-0.7834064815807773,55,258154__482177
482177,J. Kiwior,285382,W. Faes,-0.6909926308290626,0.03462189154768779,-1.043280078266578,-0.814293237432193,56,285382__482177
482177,J. Kiwior,545267,R. Drăgușin,-0.7400587247393932,0.042229872876133265,-0.9658885699498398,-0.8190991705630495,57,482177__545267
482177,J. Kiwior,558243,S. van den Berg,-0.7514962596018813,0.042229872876133265,-0.9658885699498398,-0.8265335682236667,58,482177__558243
482177,J. Kiwior,549884,T. Harwood-Bellis,-0.8084191756471029,0.042229872876133265,-0.9658885699498398,-0.8635334636530608,59,482177__549884
482177,J. Kiwior,767087,A. Gray,-0.9047663389832147,0.042229872876133265,-0.9658885699498398,-0.9261591198215335,60,482177__767087
482177,J. Kiwior,518805,L. Woolfenden,-0.9565659313151587,0.042229872876133265,-0.9658885699498398,-0.9598288548372971,61,482177__518805
482177,J. Kiwior,415917,Gabriel Magalhaes,-0.72765940694452,0.0,-1.3954681675874514,-0.961392473169546,62,415917__482177
482177,J. Kiwior,653730,A. Khusanov,-0.9739340944302146,0.03503888034651734,-1.0390382970766132,-0.9967205653564541,63,482177__653730
482177,J. Kiwior,625787,M. van de Ven,-0.9197615647858947,0.020422199221903223,-1.1877251760242806,-1.0135488287193297,64,482177__625787
482177,J. Kiwior,50102,F. Schär,-0.8741730866616861,0.010734497729522115,-1.2862724513461148,-1.0184078643012362,65,50102__482177
482177,J. Kiwior,145787,J. Andersen,-0.8746935832075841,0.0,-1.3954681675874514,-1.0569646877405376,66,145787__482177
482177,J. Kiwior,8360,C. Dawson,-0.9153007158894011,0.0,-1.3954681675874514,-1.0833593239837187,67,8360__482177
482177,J. Kiwior,9097,L. Dunk,-0.9435836310330112,0.0,-1.3954681675874514,-1.1017432188270653,68,9097__482177
482177,J. Kiwior,557788,W. Fofana,-1.0621398090724323,0.010734497729522115,-1.2862724513461148,-1.140586233868221,69,482177__557788
482177,J. Kiwior,366217,K. Danso,-1.0522019037888188,0.0,-1.3954681675874514,-1.1723450961183404,70,366217__482177
482177,J. Kiwior,234399,A. Webster,-1.0703518249693869,0.0,-1.3954681675874514,-1.1841425448857095,71,234399__482177
482177,J. Kiwior,297957,M. Akanji,-1.2175119254204465,0.0,-1.3954681675874514,-1.2797966101788982,72,297957__482177
482177,J. Kiwior,136441,B. Davies,-1.2884652340663336,0.0,-1.3954681675874514,-1.3259162607987247,73,136441__482177
488453,L. Martínez,568412,J. Gvardiol,1.4467983775668984,0.1392330626087748,1.1768432379081903,1.3523140786863506,1,488453__568412
488453,L. Martínez,623641,E. Agbadou,1.3913225219970946,0.13559565254557246,1.1195545736037718,1.2962037400594315,2,488453__623641
488453,L. Martínez,349142,N. Mazraoui,1.2518512461401776,0.13559565254557246,1.1195545736037718,1.2055474107524355,3,349142__488453
488453,L. Martínez,370,V. van Dijk,0.9543836276513848,0.1392330626087748,1.1768432379081903,1.0322444912412667,4,370__488453
488453,L. Martínez,412968,M. Senesi,0.8867807423488494,0.1339158584958674,1.0930980686340268,0.9589918065486615,5,412968__488453
488453,L. Martínez,400549,Pau Torres,0.7541782840871192,0.1392330626087748,1.1768432379081903,0.902111017924494,6,400549__488453
488453,L. Martínez,413002,K. Mavropanos,0.7518343824293874,0.1392330626087748,1.1768432379081903,0.9005874818469684,7,413002__488453
488453,L. Martínez,283145,T. Adarabioyo,0.7260573798491176,0.1392330626087748,1.1768432379081903,0.8838324301697931,8,283145__488453
488453,L. Martínez,424806,E. Pinnock,0.6752018285980278,0.1392330626087748,1.1768432379081903,0.8507763218565847,9,424806__488453
488453,L. Martínez,8653,H. Maguire,0.6005958410424408,0.1392330626087748,1.1768432379081903,0.8022824299454532,10,8653__488453
488453,L. Martínez,270866,Diego Carlos,0.61805526422882,0.13559565254557246,1.1195545736037718,0.7935800225100531,11,270866__488453
488453,L. Martínez,346131,T. Chalobah,0.5814843868290955,0.1392330626087748,1.1768432379081903,0.7898599847067787,12,346131__488453
488453,L. Martínez,583655,C. Okoli,0.5550224190486347,0.1392330626087748,1.1768432379081903,0.7726597056494792,13,488453__583655
488453,L. Martínez,534563,C. Richards,0.5545778130005807,0.1392330626087748,1.1768432379081903,0.7723707117182441,14,488453__534563
488453,L. Martínez,399581,D. O'Shea,0.5300489079899775,0.1392330626087748,1.1768432379081903,0.756426923461352,15,399581__488453
488453,L. Martínez,8582,A. Cresswell,0.529999917371821,0.1392330626087748,1.1768432379081903,0.7563950795595502,16,8582__488453
488453,L. Martínez,447424,C. Bassey,0.5518758695770238,0.13559565254557246,1.1195545736037718,0.7505634159863857,17,447424__488453
488453,L. Martínez,397074,M. Guéhi,0.49237068943364404,0.1392330626087748,1.1768432379081903,0.7319360813997352,18,397074__488453
488453,L. Martínez,240032,J. Bednarek,0.4698176162953525,0.1392330626087748,1.1768432379081903,0.7172765838598457,19,240032__488453
488453,L. Martínez,645877,Y. Mosquera,0.654057723222613,0.11527847907874643,0.7995621311429636,0.7049842659947356,20,488453__645877
488453,L. Martínez,424241,N. Milenković,0.4467582350009606,0.1392330626087748,1.1768432379081903,0.702287986018491,21,424241__488453
488453,L. Martínez,578325,W. Saliba,0.4480407767554846,0.13559565254557246,1.1195545736037718,0.6830706056523851,22,488453__578325
488453,L. Martínez,620468,J. Greaves,0.4088546296475135,0.1392330626087748,1.1768432379081903,0.6776506425387504,23,488453__620468
488453,L. Martínez,15806,J. Vestergaard,0.337717739365121,0.13559565254557246,1.1195545736037718,0.6113606313486488,24,15806__488453
488453,L. Martínez,627012,Murillo,0.2977645621043906,0.13559565254557246,1.1195545736037718,0.585391066129174,25,488453__627012
488453,L. Martínez,590781,J. van Hecke,0.2855056272161373,0.13559565254557246,1.1195545736037718,0.5774227584518093,26,488453__590781
488453,L. Martínez,563725,Morato,0.2791836348900058,0.13559565254557246,1.1195545736037718,0.5733134634398238,27,488453__563725
488453,L. Martínez,590874,Toti,0.2192536896592588,0.13559565254557246,1.1195545736037718,0.5343589990398383,28,488453__590874
488453,L. Martínez,7953,C. Coady,0.14912413927200205,0.13559565254557246,1.1195545736037718,0.4887747912881214,29,7953__488453
488453,L. Martínez,365443,M. de Ligt,0.2353722778436074,0.0970194225344089,0.5119847222975524,0.33218663340248816,30,365443__488453
488453,L. Martínez,590703,I. Zabarnyi,0.43993432932065046,0.06872956801151225,0.06642374599227727,0.3092056251557198,31,488453__590703
488453,L. Martínez,286380,I. Diop,0.13974391055615243,0.09863191064481776,0.5373811687929886,0.2789169509390451,32,286380__488453
488453,L. Martínez,415847,C. Romero,0.008836301669147638,0.10911308336247653,0.702458071013343,0.25160392093961603,33,415847__488453
488453,L. Martínez,288080,C. Burgess,0.3062105520494184,0.049311816450375995,-0.23940293601595813,0.11524583122653663,34,288080__488453
488453,L. Martínez,393247,I. Konaté,0.16557775401676156,0.06116729327105908,-0.05268094978188935,0.08918720768723375,35,393247__488453
488453,L. Martínez,619747,L. Colwill,0.1944911570395188,0.055567961870089465,-0.14086958163411692,0.0771148985037463,36,488453__619747
488453,L. Martínez,496001,M. Kilman,0.0901756031663303,0.04993524597395714,-0.22958401429052022,-0.021740262943567373,37,488453__496001
488453,L. Martínez,777938,Dean Huijsen,0.26507383387858535,0.017186859823496513,-0.745366196691342,-0.0885801768208892,38,488453__777938
488453,L. Martínez,258154,Rúben Dias,-0.028533869641464517,0.03415279747036026,-0.4781552170183005,-0.1859013412233571,39,258154__488453
488453,L. Martínez,285382,W. Faes,-0.034793006229268925,0.03462189154768779,-0.4707670554813116,-0.18738392346748384,40,285382__488453
488453,L. Martínez,501419,J. Todibo,0.2100050388182121,0.003637410063202349,-0.9587680032898792,-0.19906552591961985,41,488453__501419
488453,L. Martínez,412027,E. Konsa,0.12540805173744574,0.003637410063202349,-0.9587680032898792,-0.254053567522118,42,412027__488453
488453,L. Martínez,62126,M. Doherty,0.10120036644750174,0.003637410063202349,-0.9587680032898792,-0.26978856296058157,43,62126__488453
488453,L. Martínez,479155,N. Collins,0.04476488486674021,0.003637410063202349,-0.9587680032898792,-0.3064716259880766,44,479155__488453
488453,L. Martínez,7919,M. Keane,0.028073224792192666,0.003637410063202349,-0.9587680032898792,-0.3173212050365325,45,7919__488453
488453,L. Martínez,504375,M. Lacroix,0.02236697853942826,0.003637410063202349,-0.9587680032898792,-0.3210302651008293,46,488453__504375
488453,L. Martínez,192792,D. Burn,0.007280561164372201,0.003637410063202349,-0.9587680032898792,-0.3308364363946158,47,192792__488453
488453,L. Martínez,8136,J. Stephens,-0.0058285584544272295,0.003637410063202349,-0.9587680032898792,-0.3393573641468354,48,8136__488453
488453,L. Martínez,364003,S. Bueno,0.022042405420655803,0.0,-1.016056667594298,-0.34129227013457797,49,364003__488453
488453,L. Martínez,9433,J. Tarkowski,-0.021116381006538898,0.0,-1.016056667594298,-0.36934548131225453,50,9433__488453
488453,L. Martínez,769441,L. Yoro,-0.055705117719913794,0.003637410063202349,-0.9587680032898792,-0.3717771276694017,51,488453__769441
488453,L. Martínez,604320,J. Branthwaite,-0.0844156472249466,0.003637410063202349,-0.9587680032898792,-0.390438971847673,52,488453__604320
488453,L. Martínez,327391,J. Bree,-0.09156063078356784,0.003637410063202349,-0.9587680032898792,-0.3950832111607768,53,327391__488453
488453,L. Martínez,545267,R. Drăgușin,-0.11434133417073147,0.003637410063202349,-0.9587680032898792,-0.40989066836243315,54,488453__545267
488453,L. Martínez,415917,Gabriel Magalhaes,-0.08869110859952375,0.0,-1.016056667594298,-0.4132690542476947,55,415917__488453
488453,L. Martínez,520300,N. Wood,-0.14047989234341102,0.003637410063202349,-0.9587680032898792,-0.42688073117467484,56,488453__520300
488453,L. Martínez,558243,S. van den Berg,-0.14957963842265842,0.003637410063202349,-0.9587680032898792,-0.4327955661261857,57,488453__558243
488453,L. Martínez,482177,J. Kiwior,-0.14624784570111277,0.0,-1.016056667594298,-0.45068093336372755,58,482177__488453
488453,L. Martínez,549884,T. Harwood-Bellis,-0.18820115546114818,0.003637410063202349,-0.9587680032898792,-0.45789955220120404,59,488453__549884
488453,L. Martínez,402884,K. Walker-Peters,-0.20745703963176115,0.0,-1.016056667594298,-0.490466909418649,60,402884__488453
488453,L. Martínez,767087,A. Gray,-0.2790489484145532,0.003637410063202349,-0.9587680032898792,-0.5169506176209173,61,488453__767087
488453,L. Martínez,145787,J. Andersen,-0.2627937302881328,0.0,-1.016056667594298,-0.5264357583452905,62,145787__488453
488453,L. Martínez,625787,M. van de Ven,-0.2940441742172331,0.003637410063202349,-0.9587680032898792,-0.5266975143926592,63,488453__625787
488453,L. Martínez,8360,C. Dawson,-0.2924557913582416,0.0,-1.016056667594298,-0.5457160980408613,64,8360__488453
488453,L. Martínez,50102,F. Schär,-0.29320754810152505,0.0,-1.016056667594298,-0.5462047399239955,65,50102__488453
488453,L. Martínez,518805,L. Woolfenden,-0.3308485407464972,0.003637410063202349,-0.9587680032898792,-0.5506203526366809,66,488453__518805
488453,L. Martínez,9097,L. Dunk,-0.3082995466579068,0.0,-1.016056667594298,-0.5560145389856437,67,9097__488453
488453,L. Martínez,366217,K. Danso,-0.39656114964197203,0.0,-1.016056667594298,-0.613384580925286,68,366217__488453
488453,L. Martínez,234399,A. Webster,-0.4147110708225403,0.0,-1.016056667594298,-0.6251820296926555,69,234399__488453
488453,L. Martínez,653730,A. Khusanov,-0.44770219539078926,0.0,-1.016056667594298,-0.6466262606620172,70,488453__653730
488453,L. Martínez,557788,W. Fofana,-0.48887780313388224,0.0,-1.016056667594298,-0.6733904056950277,71,488453__557788
488453,L. Martínez,297957,M. Akanji,-0.5618711712735998,0.0,-1.016056667594298,-0.7208360949858441,72,297957__488453
488453,L. Martínez,136441,B. Davies,-0.6328244799194866,0.0,-1.016056667594298,-0.7669557456056706,73,136441__488453
496001,M. Kilman,349142,N. Mazraoui,1.0657711917599255,0.23067152191601287,2.0931486263585675,1.4253532938694502,1,349142__496001
496001,M. Kilman,645877,Y. Mosquera,0.530588658821799,0.23067152191601287,2.0931486263585675,1.077484647459668,2,496001__645877
496001,M. Kilman,568412,J. Gvardiol,1.1196733426895764,0.13126377876421086,0.6309038601001673,0.9486040237832831,3,496001__568412
496001,M. Kilman,534563,C. Richards,0.3166776022017088,0.23067152191601287,2.0931486263585675,0.9384424606566093,4,496001__534563
496001,M. Kilman,501419,J. Todibo,0.18357755277708493,0.23067152191601287,2.0931486263585675,0.8519274285306038,5,496001__501419
496001,M. Kilman,488453,L. Martínez,0.0901756031663303,0.23067152191601287,2.0931486263585675,0.7912161612836133,6,488453__496001
496001,M. Kilman,412968,M. Senesi,0.5598328253535552,0.17031517545598435,1.2053329600589793,0.7857578725004536,7,412968__496001
496001,M. Kilman,364003,S. Bueno,-0.0547774747694817,0.23067152191601287,2.0931486263585675,0.6969966606253355,8,364003__496001
496001,M. Kilman,590703,I. Zabarnyi,0.23247319565525978,0.18380078752329637,1.4037004618249689,0.6424027388146579,9,496001__590703
496001,M. Kilman,583655,C. Okoli,0.3276620971968955,0.17031517545598435,1.2053329600589793,0.6348468991986248,10,496001__583655
496001,M. Kilman,346131,T. Chalobah,0.2260317407452705,0.1751160382325026,1.275951568287199,0.5935036803849454,11,346131__496001
496001,M. Kilman,623641,E. Agbadou,1.056738522784451,0.06752549295286761,-0.30665866654923907,0.5795495065176596,12,496001__623641
496001,M. Kilman,327391,J. Bree,-0.2361021690275008,0.23067152191601287,2.0931486263585675,0.5791356093576231,13,327391__496001
496001,M. Kilman,240032,J. Bednarek,0.17025578228895155,0.17304356979382074,1.2454664568500489,0.5465795183853356,14,240032__496001
496001,M. Kilman,447424,C. Bassey,0.2974558023557972,0.15613720857756577,0.9967812194516713,0.5422196983393531,15,447424__496001
496001,M. Kilman,504375,M. Lacroix,-0.14750836291957947,0.17031517545598435,1.2053329600589793,0.32598610012291607,16,496001__504375
496001,M. Kilman,424806,E. Pinnock,0.3479138826398751,0.10454517735607471,0.2378848272555093,0.3094037132553471,17,424806__496001
496001,M. Kilman,8136,J. Stephens,-0.26108762844049455,0.16960376332485286,1.1948683963095417,0.24849698022201808,18,8136__496001
496001,M. Kilman,563725,Morato,-0.053405561891384595,0.14285596918249954,0.8014199510120062,0.24578336762480218,19,496001__563725
496001,M. Kilman,370,V. van Dijk,0.5013042635901437,0.060356346460028534,-0.41211370058703445,0.18160797612813134,20,370__496001
496001,M. Kilman,777938,Dean Huijsen,-0.02794136474281228,0.12456990209187062,0.5324398388904545,0.1681920565288311,21,496001__777938
496001,M. Kilman,402884,K. Walker-Peters,-0.3962901525795599,0.17031517545598435,1.2053329600589793,0.16427793684392877,22,402884__496001
496001,M. Kilman,520300,N. Wood,-0.42313943902124435,0.15628257929224754,0.9989195595846532,0.07458121049081973,23,496001__520300
496001,M. Kilman,619747,L. Colwill,-0.12245662671568869,0.11188581465070377,0.3458624165734897,0.04145503843552373,24,496001__619747
496001,M. Kilman,400549,Pau Torres,0.26057077976954246,0.060356346460028534,-0.41211370058703445,0.025131211644740553,25,400549__496001
496001,M. Kilman,283145,T. Adarabioyo,0.2569999954154655,0.060356346460028534,-0.41211370058703445,0.022810201814590536,26,283145__496001
496001,M. Kilman,578325,W. Saliba,0.0964295220011558,0.07328222859909178,-0.22197958318477712,-0.015013664813920718,27,496001__578325
496001,M. Kilman,399581,D. O'Shea,0.14823983262313273,0.0653955353151239,-0.3379894191585883,-0.02194040550046962,28,399581__496001
496001,M. Kilman,397074,M. Guéhi,0.09273292156061971,0.0690552083638647,-0.2841572166352264,-0.03917862680792642,29,397074__496001
496001,M. Kilman,415847,C. Romero,-0.41030833317323245,0.12692213929181506,0.5670402274071183,-0.06823633697010972,30,415847__496001
496001,M. Kilman,270866,Diego Carlos,0.10821128528346302,0.060356346460028534,-0.41211370058703445,-0.07390245977121107,31,270866__496001
496001,M. Kilman,8582,A. Cresswell,0.036392413054244566,0.060356346460028534,-0.41211370058703445,-0.12058472672020307,32,8582__496001
496001,M. Kilman,424241,N. Milenković,-0.008540222549467846,0.060356346460028534,-0.41211370058703445,-0.14979093986261613,33,424241__496001
496001,M. Kilman,365443,M. de Ligt,-0.10256721421394036,0.07157831842940798,-0.24704336241161123,-0.15313386608312515,34,365443__496001
496001,M. Kilman,479155,N. Collins,-0.29973559936703975,0.09089069102244829,0.03703325831080024,-0.18186649917979575,35,479155__496001
496001,M. Kilman,393247,I. Konaté,-0.18814773808039276,0.07002277579116514,-0.2699247196313294,-0.21676968162322058,36,393247__496001
496001,M. Kilman,620468,J. Greaves,-0.12178205585359407,0.060356346460028534,-0.41211370058703445,-0.2233981315102982,37,496001__620468
496001,M. Kilman,15806,J. Vestergaard,-0.05688092433156414,0.04693684520260831,-0.6095087410266488,-0.25030066017484376,38,15806__496001
496001,M. Kilman,627012,Murillo,-0.18312735701272403,0.060356346460028534,-0.41211370058703445,-0.26327257726373265,39,496001__627012
496001,M. Kilman,288080,C. Burgess,-0.1869135649189257,0.060356346460028534,-0.41211370058703445,-0.2657336124027637,40,288080__496001
496001,M. Kilman,9433,J. Tarkowski,-0.25597054510209827,0.060356346460028534,-0.41211370058703445,-0.3106206495218259,41,9433__496001
496001,M. Kilman,413002,K. Mavropanos,0.16932820857180125,0.0,-1.2999293668866228,-0.3449119428386471,42,413002__496001
496001,M. Kilman,286380,I. Diop,-0.33133741353571255,0.060356346460028534,-0.41211370058703445,-0.35960911400367523,43,286380__496001
496001,M. Kilman,412027,E. Konsa,-0.3741225102288891,0.060356346460028534,-0.41211370058703445,-0.38741942685423997,44,412027__496001
496001,M. Kilman,62126,M. Doherty,-0.3777185580802451,0.060356346460028534,-0.41211370058703445,-0.3897568579576214,45,62126__496001
496001,M. Kilman,482177,J. Kiwior,-0.44957520538576934,0.060356346460028534,-0.41211370058703445,-0.4364636787062121,46,482177__496001
496001,M. Kilman,769441,L. Yoro,-0.4512278806377664,0.060356346460028534,-0.41211370058703445,-0.4375379176200102,47,496001__769441
496001,M. Kilman,7919,M. Keane,-0.4531526400010346,0.060356346460028534,-0.41211370058703445,-0.43878901120613456,48,7919__496001
496001,M. Kilman,8653,H. Maguire,-0.03257650819419139,0.0,-1.2999293668866228,-0.47615000873654234,49,8653__496001
496001,M. Kilman,558243,S. van den Berg,-0.5315229741796299,0.060356346460028534,-0.41211370058703445,-0.4897297284222215,50,496001__558243
496001,M. Kilman,545267,R. Drăgușin,-0.5407935375127928,0.060356346460028534,-0.41211370058703445,-0.4957555945887774,51,496001__545267
496001,M. Kilman,258154,Rúben Dias,-0.5598956709838543,0.060356346460028534,-0.41211370058703445,-0.5081719813449673,52,258154__496001
496001,M. Kilman,415917,Gabriel Magalhaes,-0.5878662929826779,0.060356346460028534,-0.41211370058703445,-0.5263528856442027,53,415917__496001
496001,M. Kilman,8360,C. Dawson,-0.691764113273051,0.060356346460028534,-0.41211370058703445,-0.5938864688329453,54,8360__496001
496001,M. Kilman,625787,M. van de Ven,-0.6972603090490672,0.060356346460028534,-0.41211370058703445,-0.5974589960873558,55,496001__625787
496001,M. Kilman,9097,L. Dunk,-0.7076078685727161,0.060356346460028534,-0.41211370058703445,-0.6041849097777274,56,9097__496001
496001,M. Kilman,767087,A. Gray,-0.7260072685214529,0.060356346460028534,-0.41211370058703445,-0.6161445197444064,57,496001__767087
496001,M. Kilman,590874,Toti,-0.2651528473301211,0.0011458581073985833,-1.283074291343265,-0.6214253527347214,58,496001__590874
496001,M. Kilman,557788,W. Fofana,-0.8212807769149573,0.071342336683293,-0.2505145514985843,-0.6215125980192268,59,496001__557788
496001,M. Kilman,518805,L. Woolfenden,-0.7778068608533969,0.060356346460028534,-0.41211370058703445,-0.6498142547601701,60,496001__518805
496001,M. Kilman,366217,K. Danso,-0.7958694715567811,0.060356346460028534,-0.41211370058703445,-0.6615549517173698,61,366217__496001
496001,M. Kilman,234399,A. Webster,-0.8140193927373494,0.060356346460028534,-0.41211370058703445,-0.6733524004847391,62,234399__496001
496001,M. Kilman,590781,J. van Hecke,-0.33622510863631405,0.0,-1.2999293668866228,-0.6735215990239221,63,496001__590781
496001,M. Kilman,50102,F. Schär,-0.6331081235031494,0.03666553185567316,-0.7605953033804559,-0.6777286364602066,64,50102__496001
496001,M. Kilman,192792,D. Burn,-0.4251908483587627,0.0030415897298046394,-1.2551889017830096,-0.7156901670572491,65,192792__496001
496001,M. Kilman,653730,A. Khusanov,-0.7941026760918132,0.04238519152253696,-0.6764615915841907,-0.7529282965141454,66,496001__653730
496001,M. Kilman,604320,J. Branthwaite,-0.4660699506410046,0.0,-1.2999293668866228,-0.7579207463269709,67,496001__604320
496001,M. Kilman,7953,C. Coady,-0.5032318192934335,0.0,-1.2999293668866228,-0.7820759609510497,68,7953__496001
496001,M. Kilman,136441,B. Davies,-1.0089781980713461,0.060356346460028534,-0.41211370058703445,-0.8000756239518371,69,136441__496001
496001,M. Kilman,285382,W. Faes,-0.5887492355380062,0.0,-1.2999293668866228,-0.837662281510022,70,285382__496001
496001,M. Kilman,549884,T. Harwood-Bellis,-0.5972585295825387,0.0,-1.2999293668866228,-0.8431933226389681,71,496001__549884
496001,M. Kilman,145787,J. Andersen,-0.6780501591073291,0.0,-1.2999293668866228,-0.8957078818300819,72,145787__496001
496001,M. Kilman,297957,M. Akanji,-1.0585243264182809,0.0,-1.2999293668866228,-1.1430160905822007,73,297957__496001
501419,J. Todibo,568412,J. Gvardiol,1.4861769589777742,0.3124289726543088,1.6436027636639197,1.5412759906179252,1,501419__568412
501419,J. Todibo,623641,E. Agbadou,1.474693928941248,0.3124289726543088,1.6436027636639197,1.533812021094183,2,501419__623641
501419,J. Todibo,349142,N. Mazraoui,1.3499624379856368,0.23559261952268512,1.0283373211838267,1.2373936471050033,3,349142__501419
501419,J. Todibo,370,V. van Dijk,0.9937622090622609,0.3124289726543088,1.6436027636639197,1.2212064031728413,4,370__501419
501419,J. Todibo,413002,K. Mavropanos,0.8640613938672395,0.3124289726543088,1.6436027636639197,1.1369008732960775,5,413002__501419
501419,J. Todibo,283145,T. Adarabioyo,0.8194593294598723,0.3124289726543088,1.6436027636639197,1.107909531431289,6,283145__501419
501419,J. Todibo,400549,Pau Torres,0.7935568654979951,0.3124289726543088,1.6436027636639197,1.0910729298560686,7,400549__501419
501419,J. Todibo,270866,Diego Carlos,0.755450039372852,0.3124289726543088,1.6436027636639197,1.0663034928747257,8,270866__501419
501419,J. Todibo,424806,E. Pinnock,0.758705177062044,0.30287054231736044,1.5670638386500875,1.0416307086178591,9,424806__501419
501419,J. Todibo,8653,H. Maguire,0.6939977906531954,0.3124289726543088,1.6436027636639197,1.026359531206949,10,8653__501419
501419,J. Todibo,346131,T. Chalobah,0.6827312908301055,0.3124289726543088,1.6436027636639197,1.0190363063219405,11,346131__501419
501419,J. Todibo,447424,C. Bassey,0.6779917641307126,0.3124289726543088,1.6436027636639197,1.0159556139673351,12,447424__501419
501419,J. Todibo,590781,J. van Hecke,0.4229004023601697,0.3124289726543088,1.6436027636639197,0.8501462288164822,13,501419__590781
501419,J. Todibo,15806,J. Vestergaard,0.42108914630927463,0.3124289726543088,1.6436027636639197,0.8489689123834003,14,15806__501419
501419,J. Todibo,397074,M. Guéhi,0.5857726390443987,0.2546849266632921,1.1812185593226099,0.7941787111417726,15,397074__501419
501419,J. Todibo,620468,J. Greaves,0.5022565792582682,0.26294965067004816,1.247398158766662,0.7630561320862059,16,501419__620468
501419,J. Todibo,424241,N. Milenković,0.5401601846117151,0.24162982122586862,1.0766800837676744,0.7279421493163009,17,424241__501419
501419,J. Todibo,412968,M. Senesi,0.9848919341943081,0.1339158584958674,0.21416284759912843,0.7151367538859952,18,412968__501419
501419,J. Todibo,7953,C. Coady,0.28651891441603416,0.28891940843265634,1.455350434605945,0.695609946482503,19,7953__501419
501419,J. Todibo,627012,Murillo,0.43280628709478863,0.23280394152118197,1.0060070421609513,0.6334265513679456,20,501419__627012
501419,J. Todibo,578325,W. Saliba,0.5314121836996382,0.20877510140032982,0.813596622526462,0.6301767372890266,21,501419__578325
501419,J. Todibo,590874,Toti,0.35664846480329093,0.221987251091109,0.9193926265570701,0.5536089214171136,22,501419__590874
501419,J. Todibo,399581,D. O'Shea,0.5694274894008535,0.1701167839457246,0.5040409782925572,0.5465422105129498,23,399581__501419
501419,J. Todibo,583655,C. Okoli,0.5910582980486271,0.15786272390972633,0.4059168565332821,0.5262587935182563,24,501419__583655
501419,J. Todibo,534563,C. Richards,0.625567427904774,0.14579718787428203,0.3093023366472278,0.5148746459646328,25,501419__534563
501419,J. Todibo,240032,J. Bednarek,0.5574513340895307,0.14863225918315698,0.3320041090794705,0.4785448053360096,26,240032__501419
501419,J. Todibo,8582,A. Cresswell,0.569378498782697,0.14579718787428203,0.3093023366472278,0.47835184203528275,27,8582__501419
501419,J. Todibo,645877,Y. Mosquera,0.6981455468681932,0.11527847907874643,0.0649244334060315,0.47651815715643664,28,501419__645877
501419,J. Todibo,563725,Morato,0.4165784100340381,0.14579718787428203,0.3093023366472278,0.3790317843486545,29,501419__563725
501419,J. Todibo,365443,M. de Ligt,0.3727670529876398,0.0970194225344089,-0.08128456853314567,0.21384898545536488,30,365443__501419
501419,J. Todibo,590703,I. Zabarnyi,0.4815202318644905,0.0650921579483099,-0.3369414519239374,0.19505864253854074,31,501419__590703
501419,J. Todibo,286380,I. Diop,0.27713868570018474,0.09863191064481776,-0.06837260472553139,0.1562097340511841,32,286380__501419
501419,J. Todibo,415847,C. Romero,0.14623107681317996,0.10911308336247653,0.015555160023971044,0.10049450593695684,33,415847__501419
501419,J. Todibo,619747,L. Colwill,0.3318859321835512,0.055567961870089465,-0.4132062468484858,0.07110366952233826,34,501419__619747
501419,J. Todibo,393247,I. Konaté,0.302972529160794,0.06116729327105908,-0.3683697212769415,0.06800274150758656,35,393247__501419
501419,J. Todibo,288080,C. Burgess,0.3627509518681169,0.04567440638717365,-0.49242867924933126,0.06343808097701006,36,288080__501419
501419,J. Todibo,777938,Dean Huijsen,0.34696997912923344,0.013549449760294164,-0.7496685773979581,-0.03685351565528355,37,501419__777938
501419,J. Todibo,496001,M. Kilman,0.18357755277708493,0.046297835910754793,-0.4874365807692768,-0.05127739396414166,38,496001__501419
501419,J. Todibo,258154,Rúben Dias,0.10842495489872997,0.03415279747036026,-0.5846877144503161,-0.13416447937343612,39,258154__501419
501419,J. Todibo,285382,W. Faes,0.10260176891476343,0.03462189154768779,-0.5809314537314179,-0.13663485901140002,40,285382__501419
501419,J. Todibo,412027,E. Konsa,0.2188100013482004,0.0,-0.8581655044690337,-0.1581314256878315,41,412027__501419
501419,J. Todibo,488453,L. Martínez,0.2100050388182121,0.0,-0.8581655044690337,-0.1638546513323239,42,488453__501419
501419,J. Todibo,62126,M. Doherty,0.19460231605825662,0.0,-0.8581655044690337,-0.17386642112629497,43,62126__501419
501419,J. Todibo,479155,N. Collins,0.17423682063304224,0.0,-0.8581655044690337,-0.1871039931526843,44,479155__501419
501419,J. Todibo,504375,M. Lacroix,0.1267071166094134,0.0,-0.8581655044690337,-0.21799830076804305,45,501419__504375
501419,J. Todibo,7919,M. Keane,0.12147517440294738,0.0,-0.8581655044690337,-0.22139906320224598,46,7919__501419
501419,J. Todibo,9433,J. Tarkowski,0.11627839413749344,0.0,-0.8581655044690337,-0.22477697037479105,47,9433__501419
501419,J. Todibo,364003,S. Bueno,0.11314051872355788,0.0,-0.8581655044690337,-0.22681658939384913,48,364003__501419
501419,J. Todibo,8136,J. Stephens,0.11291116376704152,0.0,-0.8581655044690337,-0.22696567011558477,49,8136__501419
501419,J. Todibo,192792,D. Burn,0.10761479638866252,0.0,-0.8581655044690337,-0.23040830891153113,50,192792__501419
501419,J. Todibo,415917,Gabriel Magalhaes,0.048703666544508556,0.0,-0.8581655044690337,-0.2687005433102312,51,415917__501419
501419,J. Todibo,769441,L. Yoro,0.03769683189084089,0.0,-0.8581655044690337,-0.2758549858351152,52,501419__769441
501419,J. Todibo,482177,J. Kiwior,-0.0088530705570804,0.0,-0.8581655044690337,-0.306112422426264,53,482177__501419
501419,J. Todibo,604320,J. Branthwaite,-0.03898253006012774,0.0,-0.8581655044690337,-0.3256965711032448,54,501419__604320
501419,J. Todibo,520300,N. Wood,-0.14346677297713373,0.0,-0.8581655044690337,-0.3936113289992987,55,501419__520300
501419,J. Todibo,327391,J. Bree,-0.1441604994851369,0.0,-0.8581655044690337,-0.3940622512295008,56,327391__501419
501419,J. Todibo,145787,J. Andersen,-0.15758285850086357,0.0,-0.8581655044690337,-0.40278678458972306,57,145787__501419
501419,J. Todibo,545267,R. Drăgușin,-0.15805029546505522,0.0,-0.8581655044690337,-0.4030906186164477,58,501419__545267
501419,J. Todibo,558243,S. van den Berg,-0.19328859971698212,0.0,-0.8581655044690337,-0.42599551638020017,59,501419__558243
501419,J. Todibo,549884,T. Harwood-Bellis,-0.21778607704634984,0.0,-0.8581655044690337,-0.4419188766442892,60,501419__549884
501419,J. Todibo,402884,K. Walker-Peters,-0.24645675869138062,0.0,-0.8581655044690337,-0.46055481971355916,61,402884__501419
501419,J. Todibo,9097,L. Dunk,-0.2656022649298643,0.0,-0.8581655044690337,-0.47299939876857355,62,9097__501419
501419,J. Todibo,8360,C. Dawson,-0.2921719271192877,0.0,-0.8581655044690337,-0.4902696791916988,63,8360__501419
501419,J. Todibo,50102,F. Schär,-0.29292368386257117,0.0,-0.8581655044690337,-0.490758321074833,64,50102__501419
501419,J. Todibo,767087,A. Gray,-0.30450514999943534,0.0,-0.8581655044690337,-0.4982862740637948,65,501419__767087
501419,J. Todibo,625787,M. van de Ven,-0.3124153629008427,0.0,-0.8581655044690337,-0.5034279124497095,66,501419__625787
501419,J. Todibo,518805,L. Woolfenden,-0.3745575020408208,0.0,-0.8581655044690337,-0.5438203028906953,67,501419__518805
501419,J. Todibo,366217,K. Danso,-0.3944977014524268,0.0,-0.8581655044690337,-0.5567814325082392,68,366217__501419
501419,J. Todibo,234399,A. Webster,-0.3961744468741447,0.0,-0.8581655044690337,-0.5578713170323558,69,234399__501419
501419,J. Todibo,653730,A. Khusanov,-0.44741833115183544,0.0,-0.8581655044690337,-0.5911798418128549,70,501419__653730
501419,J. Todibo,557788,W. Fofana,-0.48859393889492836,0.0,-0.8581655044690337,-0.6179439868458652,71,501419__557788
501419,J. Todibo,297957,M. Akanji,-0.5615873070346458,0.0,-0.8581655044690337,-0.6653896761366815,72,297957__501419
501419,J. Todibo,136441,B. Davies,-0.632540615680533,0.0,-0.8581655044690337,-0.7115093267565082,73,136441__501419
504375,M. Lacroix,568412,J. Gvardiol,1.3806225605435025,0.20780414309937206,1.387466457124556,1.3830179243468712,1,504375__568412
504375,M. Lacroix,623641,E. Agbadou,1.3401206604968272,0.20780414309937206,1.387466457124556,1.3566916893165324,2,504375__623641
504375,M. Lacroix,349142,N. Mazraoui,1.1266065430615586,0.20780414309937206,1.387466457124556,1.2179075129836079,3,349142__504375
504375,M. Lacroix,370,V. van Dijk,0.8882078106279895,0.20780414309937206,1.387466457124556,1.0629483369017878,4,370__504375
504375,M. Lacroix,400549,Pau Torres,0.6880024670637237,0.20780414309937206,1.387466457124556,0.9328148635850151,5,400549__504375
504375,M. Lacroix,283145,T. Adarabioyo,0.6275910796215523,0.20780414309937206,1.387466457124556,0.8935474617476036,6,283145__504375
504375,M. Lacroix,424806,E. Pinnock,0.6090260115746323,0.20780414309937206,1.387466457124556,0.8814801675171056,7,424806__504375
504375,M. Lacroix,270866,Diego Carlos,0.5020013318135511,0.20780414309937206,1.387466457124556,0.8119141256724028,8,270866__504375
504375,M. Lacroix,399581,D. O'Shea,0.463873090966582,0.20780414309937206,1.387466457124556,0.787130769121873,9,399581__504375
504375,M. Lacroix,8582,A. Cresswell,0.4638241003484255,0.20615353433431055,1.3653178370000918,0.7793469081765088,10,8582__504375
504375,M. Lacroix,346131,T. Chalobah,0.4504564988906985,0.20780414309937206,1.387466457124556,0.7784099842725487,11,346131__504375
504375,M. Lacroix,534563,C. Richards,0.4121180734632701,0.20615353433431055,1.3653178370000918,0.7457379907011576,12,504375__534563
504375,M. Lacroix,397074,M. Guéhi,0.38903813503227,0.20780414309937206,1.387466457124556,0.7384880477645701,13,397074__504375
504375,M. Lacroix,424241,N. Milenković,0.3650293695113351,0.20780414309937206,1.387466457124556,0.7228823501759625,14,424241__504375
504375,M. Lacroix,645877,Y. Mosquera,0.591424010123432,0.17563482553877496,0.9558039036506124,0.7189569728579452,15,504375__645877
504375,M. Lacroix,620468,J. Greaves,0.2778267417091166,0.20780414309937206,1.387466457124556,0.6662006421045203,16,504375__620468
504375,M. Lacroix,627012,Murillo,0.17935757953548728,0.20780414309937206,1.387466457124556,0.6021956866916613,17,504375__627012
504375,M. Lacroix,563725,Morato,0.163129702474737,0.20615353433431055,1.3653178370000918,0.5838955495586111,18,504375__563725
504375,M. Lacroix,412968,M. Senesi,0.6526388801871541,0.1339158584958674,0.3959998043527558,0.5628152036451146,19,412968__504375
504375,M. Lacroix,413002,K. Mavropanos,0.5421818214976323,0.14744779663934351,0.5775775130331241,0.5545703135350544,20,413002__504375
504375,M. Lacroix,447424,C. Bassey,0.4159386092030848,0.14744779663934351,0.5775775130331241,0.4725122255435985,21,447424__504375
504375,M. Lacroix,8653,H. Maguire,0.3972253141699338,0.14744779663934351,0.5775775130331241,0.46034858377205035,22,8653__504375
504375,M. Lacroix,583655,C. Okoli,0.38849744849852863,0.14744779663934351,0.5775775130331241,0.454675471085637,23,504375__583655
504375,M. Lacroix,240032,J. Bednarek,0.2883386222709294,0.1501761909771799,0.6141883508146778,0.40238602726124134,24,240032__504375
504375,M. Lacroix,578325,W. Saliba,0.30230751651175747,0.14744779663934351,0.5775775130331241,0.3986520152942358,25,504375__578325
504375,M. Lacroix,365443,M. de Ligt,0.1597408052660917,0.15737576899443745,0.7107955674586164,0.3526099720334753,26,365443__504375
504375,M. Lacroix,15806,J. Vestergaard,0.17985979971734095,0.14744779663934351,0.5775775130331241,0.31906099937786503,27,15806__504375
504375,M. Lacroix,286380,I. Diop,0.06341823108950595,0.1589882571048463,0.7324326672781668,0.2975732837555372,28,286380__504375
504375,M. Lacroix,590781,J. van Hecke,0.06279561665335559,0.14744779663934351,0.5775775130331241,0.24296928038627455,29,504375__590781
504375,M. Lacroix,590874,Toti,0.046018176885183816,0.14744779663934351,0.5775775130331241,0.2320639445369629,30,504375__590874
504375,M. Lacroix,288080,C. Burgess,0.24003473502602293,0.10603075284720218,0.021824757414952385,0.16366124286214825,31,288080__504375
504375,M. Lacroix,7953,C. Coady,-0.0735858712907795,0.14744779663934351,0.5775775130331241,0.15432131322258674,32,7953__504375
504375,M. Lacroix,393247,I. Konaté,0.0736988861617182,0.12152363973108762,0.22971536934302314,0.12830465527517493,33,393247__504375
504375,M. Lacroix,619747,L. Colwill,0.1002877637459923,0.11592430833011799,0.15458099057553887,0.11929039313633359,34,504375__619747
504375,M. Lacroix,590703,I. Zabarnyi,0.33289949994929025,0.07857777001562191,-0.34655186876723876,0.09509152089850512,35,504375__590703
504375,M. Lacroix,415847,C. Romero,-0.21387370889363397,0.10911308336247653,0.06318487201383013,-0.11690320557602155,36,415847__504375
504375,M. Lacroix,501419,J. Todibo,0.1267071166094134,0.060356346460028534,-0.5910552283775727,-0.12450970413603175,37,501419__504375
504375,M. Lacroix,258154,Rúben Dias,-0.14502375266057138,0.0945091439303888,-0.13277743816446508,-0.14073754258693416,38,258154__504375
504375,M. Lacroix,488453,L. Martínez,0.02236697853942826,0.060356346460028534,-0.5910552283775727,-0.19233079388152208,39,488453__504375
504375,M. Lacroix,412027,E. Konsa,0.0029072034563137894,0.060356346460028534,-0.5910552283775727,-0.2049796476855465,40,412027__504375
504375,M. Lacroix,62126,M. Doherty,-0.029827521490895306,0.060356346460028534,-0.5910552283775727,-0.2262572189012324,41,62126__504375
504375,M. Lacroix,9433,J. Tarkowski,-0.09613202489208375,0.060356346460028534,-0.5910552283775727,-0.2693551461120049,42,9433__504375
504375,M. Lacroix,7919,M. Keane,-0.10295466314620444,0.060356346460028534,-0.5910552283775727,-0.27378986097718333,43,7919__504375
504375,M. Lacroix,364003,S. Bueno,-0.11463315273720026,0.060356346460028534,-0.5910552283775727,-0.28138087921133065,44,364003__504375
504375,M. Lacroix,769441,L. Yoro,-0.18673300565831086,0.060356346460028534,-0.5910552283775727,-0.3282457836100525,45,504375__769441
504375,M. Lacroix,777938,Dean Huijsen,0.14545379468976988,0.013549449760294164,-1.2191314849390882,-0.3321510531803304,46,504375__777938
504375,M. Lacroix,415917,Gabriel Magalhaes,-0.20474504101479266,0.060356346460028534,-0.5910552283775727,-0.33995360659176566,47,415917__504375
504375,M. Lacroix,327391,J. Bree,-0.24416872083006735,0.060356346460028534,-0.5910552283775727,-0.3655789984716943,48,327391__504375
504375,M. Lacroix,496001,M. Kilman,-0.14750836291957947,0.046297835910754793,-0.779698725408824,-0.368774989790815,49,496001__504375
504375,M. Lacroix,545267,R. Drăgușin,-0.254558996252802,0.060356346460028534,-0.5910552283775727,-0.37233267749647175,50,504375__545267
504375,M. Lacroix,482177,J. Kiwior,-0.2623017781163817,0.060356346460028534,-0.5910552283775727,-0.3773654857077986,51,482177__504375
504375,M. Lacroix,558243,S. van den Berg,-0.28979730050472885,0.060356346460028534,-0.5910552283775727,-0.3952375752602242,52,504375__558243
504375,M. Lacroix,285382,W. Faes,-0.20925383858246113,0.03462189154768779,-0.9363718642930188,-0.46374514758115626,53,285382__504375
504375,M. Lacroix,8360,C. Dawson,-0.41769949791718397,0.060356346460028534,-0.5910552283775727,-0.47837400357832005,54,8360__504375
504375,M. Lacroix,767087,A. Gray,-0.4192666104966235,0.060356346460028534,-0.5910552283775727,-0.47939262675495575,55,504375__767087
504375,M. Lacroix,9097,L. Dunk,-0.4335432532168491,0.060356346460028534,-0.5910552283775727,-0.4886724445231024,56,9097__504375
504375,M. Lacroix,625787,M. van de Ven,-0.4342618362993035,0.060356346460028534,-0.5910552283775727,-0.4891395235266977,57,504375__625787
504375,M. Lacroix,518805,L. Woolfenden,-0.47106620282856754,0.060356346460028534,-0.5910552283775727,-0.5130623617707193,58,504375__518805
504375,M. Lacroix,366217,K. Danso,-0.5218048562009144,0.060356346460028534,-0.5910552283775727,-0.5460424864627449,59,366217__504375
504375,M. Lacroix,234399,A. Webster,-0.5399547773814826,0.060356346460028534,-0.5910552283775727,-0.5578399352301142,60,234399__504375
504375,M. Lacroix,192792,D. Burn,-0.16818735933548867,0.0030415897298046394,-1.3601307362835953,-0.5853675412673259,61,192792__504375
504375,M. Lacroix,479155,N. Collins,-0.15599091031883455,0.0,-1.4009441724690046,-0.5917245520713941,62,479155__504375
504375,M. Lacroix,8136,J. Stephens,-0.2220331754689625,0.0,-1.4009441724690046,-0.6346520244189772,63,8136__504375
504375,M. Lacroix,604320,J. Branthwaite,-0.2327898633144196,0.0,-1.4009441724690046,-0.6416438715185243,64,504375__604320
504375,M. Lacroix,136441,B. Davies,-0.758068186478429,0.060356346460028534,-0.5910552283775727,-0.6996136511431293,65,136441__504375
504375,M. Lacroix,549884,T. Harwood-Bellis,-0.38017176685530296,0.0,-1.4009441724690046,-0.7374421088200985,66,504375__549884
504375,M. Lacroix,520300,N. Wood,-0.3873536325729942,0.0,-1.4009441724690046,-0.7421103215365978,67,504375__520300
504375,M. Lacroix,402884,K. Walker-Peters,-0.45078867593712935,0.0,-1.4009441724690046,-0.7833430997232856,68,402884__504375
504375,M. Lacroix,145787,J. Andersen,-0.4946935149945879,0.0,-1.4009441724690046,-0.8118812451106336,69,145787__504375
504375,M. Lacroix,50102,F. Schär,-0.5068508869989462,0.0,-1.4009441724690046,-0.8197835369134666,70,50102__504375
504375,M. Lacroix,653730,A. Khusanov,-0.6796019800972444,0.0,-1.4009441724690046,-0.9320717474273604,71,504375__653730
504375,M. Lacroix,557788,W. Fofana,-0.7207775878403373,0.0,-1.4009441724690046,-0.9588358924603708,72,504375__557788
504375,M. Lacroix,297957,M. Akanji,-0.7844597110624144,0.0,-1.4009441724690046,-1.000229272554721,73,297957__504375
518805,L. Woolfenden,623641,E. Agbadou,0.7767487827645881,0.9140847713273323,2.7397985055433045,1.4638161857371388,1,518805__623641
518805,L. Woolfenden,568412,J. Gvardiol,0.7840133077522217,0.8678089171430887,2.5452511437621075,1.4004465503556816,2,518805__568412
518805,L. Woolfenden,349142,N. Mazraoui,0.7857814517400629,0.5705954222868959,1.2957420351927105,0.9642676559484895,3,349142__518805
518805,L. Woolfenden,370,V. van Dijk,0.22019364514912287,0.7818810912482624,2.184003747552522,0.9075271809903124,4,370__518805
518805,L. Woolfenden,447424,C. Bassey,0.10220146120960599,0.685835095157155,1.7802187612229927,0.6895075162142913,5,447424__518805
518805,L. Woolfenden,645877,Y. Mosquera,0.25059891880193624,0.5553749492473429,1.2317539591840543,0.5940031829356776,6,518805__645877
518805,L. Woolfenden,583655,C. Okoli,0.14275335707597797,0.5979591940783228,1.410781502410529,0.5865632079430708,7,518805__583655
518805,L. Woolfenden,412968,M. Senesi,0.39185631809135424,0.4317045550703701,0.7118338120209403,0.5038484409667094,8,412968__518805
518805,L. Woolfenden,413002,K. Mavropanos,-0.10764775691426268,0.6346834268489212,1.5651730900949579,0.4778395395389645,9,413002__518805
518805,L. Woolfenden,424806,E. Pinnock,0.012253847702519999,0.5084599135587294,1.034519427655987,0.3700468006862334,10,424806__518805
518805,L. Woolfenden,283145,T. Adarabioyo,-0.0786600395218896,0.5274544211841277,1.1143738444354458,0.3389018198631778,11,283145__518805
518805,L. Woolfenden,590703,I. Zabarnyi,-0.012659014489917159,0.4970304019081083,0.9864688540410133,0.3370357394959085,12,518805__590703
518805,L. Woolfenden,8653,H. Maguire,-0.2132773702011655,0.5663362522322132,1.2778361464279793,0.3086123606190352,13,8653__518805
518805,L. Woolfenden,270866,Diego Carlos,-0.1717784547363999,0.5453365622746155,1.1895517840646632,0.30468712884397214,14,270866__518805
518805,L. Woolfenden,534563,C. Richards,0.03668786218184619,0.4489459844028137,0.7843181485954542,0.298358462426609,15,518805__534563
518805,L. Woolfenden,15806,J. Vestergaard,-0.22485743159376548,0.5611108979097121,1.2558683423596388,0.29339658928992596,16,15806__518805
518805,L. Woolfenden,400549,Pau Torres,-0.10404430711273505,0.49171439688354934,0.9641199472304357,0.2698131819073747,17,400549__518805
518805,L. Woolfenden,346131,T. Chalobah,-0.07330264049864166,0.4640369160448529,0.8477616222932074,0.2490698514785055,18,346131__518805
518805,L. Woolfenden,578325,W. Saliba,-0.08902881927524714,0.45503518916731994,0.8099176484461462,0.2256024444272405,19,518805__578325
518805,L. Woolfenden,240032,J. Bednarek,-0.09851410226432578,0.4422812490031936,0.7562990723012922,0.20067050883364052,20,240032__518805
518805,L. Woolfenden,399581,D. O'Shea,-0.15567073724409028,0.34813383196871833,0.36049586292892577,0.024987572816465325,21,399581__518805
518805,L. Woolfenden,397074,M. Guéhi,-0.19275511919183488,0.36409658579092213,0.4276045462286034,0.024370763705318516,22,397074__518805
518805,L. Woolfenden,501419,J. Todibo,-0.3745575020408208,0.43634310647471297,0.7313346500737284,0.012504751199271413,23,501419__518805
518805,L. Woolfenden,488453,L. Martínez,-0.3308485407464972,0.39423562460808637,0.5543114561681897,-0.021042541826356842,24,488453__518805
518805,L. Woolfenden,424241,N. Milenković,-0.2924304290922124,0.3702051132113341,0.45328528005747526,-0.03142993088982174,25,424241__518805
518805,L. Woolfenden,777938,Dean Huijsen,-0.2824259426639385,0.30159271833826085,0.16483332939437806,-0.12588519744352772,26,518805__777938
518805,L. Woolfenden,8582,A. Cresswell,-0.3294198889812206,0.3187750470421804,0.23706920223847258,-0.13114870705432802,27,8582__518805
518805,L. Woolfenden,563725,Morato,-0.3333953019112475,0.2703284755602942,0.03339597274778322,-0.20501835578058675,28,518805__563725
518805,L. Woolfenden,504375,M. Lacroix,-0.47106620282856754,0.32457902759880997,0.2614695968940964,-0.21467867292563514,29,504375__518805
518805,L. Woolfenden,590781,J. van Hecke,-0.5613818753401287,0.318736537715651,0.2369073059750253,-0.28198066187982485,30,518805__590781
518805,L. Woolfenden,365443,M. de Ligt,-0.3825569542338032,0.22536849445772286,-0.15561935421761122,-0.303128794228136,31,365443__518805
518805,L. Woolfenden,620468,J. Greaves,-0.4872763789314842,0.26294965067004816,0.0023748075905211446,-0.3158984636487823,32,518805__620468
518805,L. Woolfenden,364003,S. Bueno,-0.5181721958557874,0.27547033166832774,0.055012743699081136,-0.31755746701158344,33,364003__518805
518805,L. Woolfenden,619747,L. Colwill,-0.40244636673555156,0.20027213717207548,-0.2611264309925101,-0.352984389225487,34,518805__619747
518805,L. Woolfenden,627012,Murillo,-0.5209861047522699,0.23280394152118197,-0.12436014495265832,-0.3821670188224059,35,518805__627012
518805,L. Woolfenden,288080,C. Burgess,-0.5657606535292788,0.218652265555072,-0.18385491328319056,-0.4320936444431479,36,288080__518805
518805,L. Woolfenden,393247,I. Konaté,-0.4681374781002555,0.16700639353892938,-0.40097825600153997,-0.4446317503657051,37,393247__518805
518805,L. Woolfenden,590874,Toti,-0.5967636723373,0.2231331091985076,-0.16501709116728336,-0.4456523689277942,38,518805__590874
518805,L. Woolfenden,286380,I. Diop,-0.6284644470029472,0.21486368499529,-0.19978240648226975,-0.4784257328207101,39,286380__518805
518805,L. Woolfenden,7953,C. Coady,-0.7974381444346486,0.28891940843265634,0.11155372925227287,-0.4792909886442261,40,7953__518805
518805,L. Woolfenden,415847,C. Romero,-0.7332673553628599,0.23957289648089702,-0.09590292136073392,-0.5101898034621158,41,415847__518805
518805,L. Woolfenden,8136,J. Stephens,-0.6053873331127411,0.1713633014948342,-0.38266146934709944,-0.5274332807947665,42,8136__518805
518805,L. Woolfenden,479155,N. Collins,-0.574998264120038,0.12548390260088715,-0.5755421016394291,-0.5751886072518249,43,479155__518805
518805,L. Woolfenden,9433,J. Tarkowski,-0.6534608345221262,0.11792134040861874,-0.60733571298919,-0.6373170419855986,44,9433__518805
518805,L. Woolfenden,604320,J. Branthwaite,-0.8688747336792505,0.15691712844708772,-0.4433943267695485,-0.7199565912608548,45,518805__604320
518805,L. Woolfenden,520300,N. Wood,-0.9362843873484794,0.1625494928962843,-0.4197154198428668,-0.755485248721515,46,518805__520300
518805,L. Woolfenden,496001,M. Kilman,-0.7778068608533969,0.07320248421443018,-0.795337331712726,-0.7839425256541621,47,496001__518805
518805,L. Woolfenden,412027,E. Konsa,-0.8349502674712048,0.0759912559168136,-0.7836131142590915,-0.8169822638469652,48,412027__518805
518805,L. Woolfenden,62126,M. Doherty,-0.7306385465261642,0.00573003325487054,-1.0789968677383832,-0.8525639589504409,49,62126__518805
518805,L. Woolfenden,402884,K. Walker-Peters,-1.3242189507540538,0.2671186110006981,0.019901447519613383,-0.8537768113582703,50,402884__518805
518805,L. Woolfenden,327391,J. Bree,-1.3317144948771484,0.23493484452618818,-0.11540165968764217,-0.9060050025608212,51,327391__518805
518805,L. Woolfenden,192792,D. Burn,-0.8110120687516466,0.0,-1.1030863820716088,-0.9132380784136334,52,192792__518805
518805,L. Woolfenden,285382,W. Faes,-0.9459273607914411,0.03462189154768779,-0.9575332036546284,-0.9499894057935566,53,285382__518805
518805,L. Woolfenden,258154,Rúben Dias,-0.9969810060240256,0.03415279747036026,-0.9595053123661803,-0.9838645132437798,54,258154__518805
518805,L. Woolfenden,482177,J. Kiwior,-0.9565659313151587,0.0,-1.1030863820716088,-1.0078480890799162,55,482177__518805
518805,L. Woolfenden,7919,M. Keane,-0.9908540564014211,0.0,-1.1030863820716088,-1.0301353703859868,56,7919__518805
518805,L. Woolfenden,415917,Gabriel Magalhaes,-1.0533759940569092,0.0,-1.1030863820716088,-1.0707746298620542,57,415917__518805
518805,L. Woolfenden,145787,J. Andersen,-1.0655690189436147,0.0,-1.1030863820716088,-1.0787000960384128,58,145787__518805
518805,L. Woolfenden,769441,L. Yoro,-1.0658592855806346,0.0,-1.1030863820716088,-1.0788887693524756,59,518805__769441
518805,L. Woolfenden,50102,F. Schär,-1.261317893202244,0.03666553185567316,-0.9489415776899229,-1.1519861827729316,60,50102__518805
518805,L. Woolfenden,558243,S. van den Berg,-1.2042348791784927,0.0,-1.1030863820716088,-1.1688329051910833,61,518805__558243
518805,L. Woolfenden,549884,T. Harwood-Bellis,-1.2487272339712847,0.0,-1.1030863820716088,-1.197752935806398,62,518805__549884
518805,L. Woolfenden,545267,R. Drăgușin,-1.301531431053502,0.0,-1.1030863820716088,-1.2320756639098394,63,518805__545267
518805,L. Woolfenden,557788,W. Fofana,-1.5364119555367541,0.071342336683293,-0.8031575394881616,-1.2797729099197468,64,518805__557788
518805,L. Woolfenden,9097,L. Dunk,-1.4169527490410934,0.0,-1.1030863820716088,-1.3070995206017737,65,9097__518805
518805,L. Woolfenden,8360,C. Dawson,-1.4208207990511292,0.0,-1.1030863820716088,-1.3096137531082972,66,8360__518805
518805,L. Woolfenden,625787,M. van de Ven,-1.4441988768761407,0.0,-1.1030863820716088,-1.3248095036945546,67,518805__625787
518805,L. Woolfenden,653730,A. Khusanov,-1.580886654452181,0.04238519152253696,-0.9248956747435535,-1.3512898115541614,68,518805__653730
518805,L. Woolfenden,767087,A. Gray,-1.549023807500106,0.0,-1.1030863820716088,-1.392945708600132,69,518805__767087
518805,L. Woolfenden,234399,A. Webster,-1.5748341023452588,0.0,-1.1030863820716088,-1.4097224002494813,70,234399__518805
518805,L. Woolfenden,366217,K. Danso,-1.5822657507665596,0.0,-1.1030863820716088,-1.414552971723327,71,366217__518805
518805,L. Woolfenden,297957,M. Akanji,-1.8190327579825825,0.0,-1.1030863820716088,-1.5684515264137417,72,297957__518805
518805,L. Woolfenden,136441,B. Davies,-1.9580539741388834,0.0,-1.1030863820716088,-1.6588153169153372,73,136441__518805
520300,N. Wood,568412,J. Gvardiol,1.1398817878192733,0.432321070510611,1.7674520246663372,1.3595313707157457,1,520300__568412
520300,N. Wood,623641,E. Agbadou,1.113836561195836,0.432321070510611,1.7674520246663372,1.3426019734105115,2,520300__623641
520300,N. Wood,349142,N. Mazraoui,0.976150100143149,0.3638331577462262,1.2878540526333726,1.0852464835147273,3,349142__520300
520300,N. Wood,370,V. van Dijk,0.6474670379037601,0.432321070510611,1.7674520246663372,1.039461783270662,4,370__520300
520300,N. Wood,400549,Pau Torres,0.4472616943394942,0.432321070510611,1.7674520246663372,0.9093283099538891,5,400549__520300
520300,N. Wood,283145,T. Adarabioyo,0.38685030689732297,0.432321070510611,1.7674520246663372,0.8700609081164778,6,283145__520300
520300,N. Wood,424806,E. Pinnock,0.36828523885040304,0.432321070510611,1.7674520246663372,0.8579936138859799,7,424806__520300
520300,N. Wood,270866,Diego Carlos,0.25987239712603305,0.3836052573242377,1.4263114603378653,0.6681260692501743,8,270866__520300
520300,N. Wood,397074,M. Guéhi,0.1482973623080406,0.40831568998300677,1.5993503647643057,0.6561659131677333,9,397074__520300
520300,N. Wood,447424,C. Bassey,0.22368701835034166,0.3719647240505825,1.3447966947961936,0.6160754051063898,10,447424__520300
520300,N. Wood,424241,N. Milenković,0.12428859678710576,0.39526058454558327,1.5079298229527176,0.60856302594507,11,424241__520300
520300,N. Wood,8653,H. Maguire,0.15411440637576002,0.3719647240505825,1.3447966947961936,0.5708532073229117,12,8653__520300
520300,N. Wood,645877,Y. Mosquera,0.4409675672050221,0.2689092423984611,0.6231335864857882,0.5047256739532903,13,520300__645877
520300,N. Wood,346131,T. Chalobah,0.1608379361751337,0.3410023237049471,1.1279773493720537,0.4993367307940557,14,346131__520300
520300,N. Wood,399581,D. O'Shea,0.22313231824235275,0.32374754726543925,1.0071479145966156,0.4975377769663447,15,399581__520300
520300,N. Wood,8582,A. Cresswell,0.22308332762419608,0.2994279511939967,0.8368459082170306,0.43790023083168816,16,8582__520300
520300,N. Wood,15806,J. Vestergaard,-0.08844033036903384,0.3719647240505825,1.3447966947961936,0.41319262843879573,17,15806__520300
520300,N. Wood,413002,K. Mavropanos,0.20055986678674315,0.2786903071908964,0.6916271154813806,0.3724334038298662,18,413002__520300
520300,N. Wood,578325,W. Saliba,0.07602341721076608,0.3020495182600159,0.8552038665437305,0.34873657447730355,19,520300__578325
520300,N. Wood,583655,C. Okoli,0.2380410055801189,0.25113714076941246,0.4986814962406339,0.3292651773112991,20,520300__583655
520300,N. Wood,620468,J. Greaves,-0.06597965640655717,0.3233059971300767,1.0040558865156999,0.30853278361623276,21,520300__620468
520300,N. Wood,534563,C. Richards,0.22705651058493218,0.2421837198621441,0.4359836808661749,0.3001810201833671,22,520300__534563
520300,N. Wood,412968,M. Senesi,0.4573857910546037,0.16458594406967197,-0.1074076184477574,0.2597080977287773,23,412968__520300
520300,N. Wood,627012,Murillo,-0.1343286762524734,0.2931602879812105,0.7929555566950169,0.1902208052791482,24,520300__627012
520300,N. Wood,240032,J. Bednarek,0.09885405991789933,0.20834682461941256,0.19903520801470145,0.13391746175178007,25,240032__520300
520300,N. Wood,365443,M. de Ligt,-0.0665432940348997,0.2506501858541235,0.49527151365513006,0.1300918886566107,26,365443__520300
520300,N. Wood,563725,Morato,-0.08095853981434069,0.24818519929785177,0.478010036326371,0.1146804618349084,27,520300__563725
520300,N. Wood,590703,I. Zabarnyi,0.16107147328420762,0.171852186875308,-0.05652454765144058,0.08491286595673075,28,520300__590703
520300,N. Wood,286380,I. Diop,-0.16286586821148547,0.2522626739645324,0.5065632291778364,0.07143431587477717,29,286380__520300
520300,N. Wood,590781,J. van Hecke,-0.2922179216419193,0.2786903071908964,0.6916271154813806,0.05212784135123566,30,520300__590781
520300,N. Wood,288080,C. Burgess,-0.0007060376982064298,0.19930516970688827,0.13571951937944288,0.04704290727897082,31,288080__520300
520300,N. Wood,619747,L. Colwill,-0.1259963355549991,0.20909901544142878,0.2043025490426264,-0.010391725945830182,32,520300__619747
520300,N. Wood,393247,I. Konaté,-0.15258521313927315,0.21479805659077372,0.244211030224719,-0.013706527961875908,33,393247__520300
520300,N. Wood,7953,C. Coady,-0.41490073793947474,0.2786903071908964,0.6916271154813806,-0.0276159892421754,34,7953__520300
520300,N. Wood,590874,Toti,-0.30298208152377465,0.221987251091109,0.29455455748000337,-0.09384425787245236,35,520300__590874
520300,N. Wood,488453,L. Martínez,-0.14047989234341102,0.15363076331971465,-0.18412308923468937,-0.15575501125535846,36,488453__520300
520300,N. Wood,501419,J. Todibo,-0.14346677297713373,0.15363076331971465,-0.18412308923468937,-0.1576964836672782,37,501419__520300
520300,N. Wood,777938,Dean Huijsen,-0.09025989566269321,0.10682386661998028,-0.5118961491551659,-0.23783258438505864,38,520300__777938
520300,N. Wood,412027,E. Konsa,-0.2378335692679156,0.13634760237684213,-0.30515129120424106,-0.26139477194562954,39,412027__520300
520300,N. Wood,9433,J. Tarkowski,-0.3224161241930752,0.15363076331971465,-0.18412308923468937,-0.27401356195764015,40,9433__520300
520300,N. Wood,62126,M. Doherty,-0.31651956347927646,0.06608637971489907,-0.7971671600065344,-0.48474622226381675,41,62126__520300
520300,N. Wood,364003,S. Bueno,-0.32780354745270135,0.06870806712765819,-0.7788083589318217,-0.48565523147039347,42,364003__520300
520300,N. Wood,258154,Rúben Dias,-0.4734614272648982,0.0945091439303888,-0.5981320379373938,-0.5170961410002717,43,258154__520300
520300,N. Wood,504375,M. Lacroix,-0.3873536325729942,0.06499384715233568,-0.8048178005390907,-0.533466091361128,44,504375__520300
520300,N. Wood,496001,M. Kilman,-0.42313943902124435,0.07320248421443018,-0.7473354576083189,-0.5366080455267204,45,496001__520300
520300,N. Wood,604320,J. Branthwaite,-0.5191301259427982,0.09327441685968611,-0.6067784191048331,-0.5498070285495105,46,520300__604320
520300,N. Wood,415847,C. Romero,-0.6048899980879758,0.10911308336247653,-0.4958655291095212,-0.5667314339455167,47,415847__520300
520300,N. Wood,7919,M. Keane,-0.4620912648705128,0.060356346460028534,-0.8372926685495022,-0.5934117561581591,48,7919__520300
520300,N. Wood,479155,N. Collins,-0.405846691885743,0.03459321157843885,-1.0177032949461577,-0.6199965029568881,49,479155__520300
520300,N. Wood,415917,Gabriel Magalhaes,-0.529856415297782,0.060356346460028534,-0.8372926685495022,-0.6374591039358841,50,415917__520300
520300,N. Wood,769441,L. Yoro,-0.5501899374905073,0.060356346460028534,-0.8372926685495022,-0.6506758933611555,51,520300__769441
520300,N. Wood,482177,J. Kiwior,-0.6046444786541684,0.060356346460028534,-0.8372926685495022,-0.6860713451175353,52,482177__520300
520300,N. Wood,327391,J. Bree,-0.652672332463587,0.060356346460028534,-0.8372926685495022,-0.7172894500936573,53,327391__520300
520300,N. Wood,285382,W. Faes,-0.5582540969914195,0.03462189154768779,-1.0175024587031685,-0.7189910235905317,54,285382__520300
520300,N. Wood,545267,R. Drăgușin,-0.7197771807727139,0.060356346460028534,-0.8372926685495022,-0.7609076014945899,55,520300__545267
520300,N. Wood,8136,J. Stephens,-0.4947846427978766,0.0,-1.259947998419646,-0.7625918172654959,56,8136__520300
520300,N. Wood,558243,S. van den Berg,-0.7245571577640302,0.060356346460028534,-0.8372926685495022,-0.7640145865389454,57,520300__558243
520300,N. Wood,192792,D. Burn,-0.5084694769476554,0.0030415897298046394,-1.2386487617033948,-0.7640322266121642,58,192792__520300
520300,N. Wood,8360,C. Dawson,-0.8580479056768969,0.060356346460028534,-0.8372926685495022,-0.8507835726823088,59,8360__520300
520300,N. Wood,9097,L. Dunk,-0.8680512308981241,0.060356346460028534,-0.8372926685495022,-0.8572857340761064,60,9097__520300
520300,N. Wood,767087,A. Gray,-0.8844847950165355,0.060356346460028534,-0.8372926685495022,-0.867967550753074,61,520300__767087
520300,N. Wood,625787,M. van de Ven,-0.8887044447954128,0.060356346460028534,-0.8372926685495022,-0.870710323109344,62,520300__625787
520300,N. Wood,518805,L. Woolfenden,-0.9362843873484794,0.060356346460028534,-0.8372926685495022,-0.9016372857688375,63,518805__520300
520300,N. Wood,366217,K. Danso,-0.9725663672975882,0.060356346460028534,-0.8372926685495022,-0.9252205727357581,64,366217__520300
520300,N. Wood,234399,A. Webster,-0.9907162884781564,0.060356346460028534,-0.8372926685495022,-0.9370180215031274,65,234399__520300
520300,N. Wood,549884,T. Harwood-Bellis,-0.845389951375215,0.0,-1.259947998419646,-0.9904852678407658,66,520300__549884
520300,N. Wood,145787,J. Andersen,-0.8618449683856956,0.0,-1.259947998419646,-1.0011810288975782,67,145787__520300
520300,N. Wood,402884,K. Walker-Peters,-0.8677385614366053,0.0,-1.259947998419646,-1.0050118643806696,68,402884__520300
520300,N. Wood,50102,F. Schär,-0.9576123980956199,0.0,-1.259947998419646,-1.063429858209029,69,50102__520300
520300,N. Wood,136441,B. Davies,-1.2088296975751032,0.060356346460028534,-0.8372926685495022,-1.0787917374161429,70,136441__520300
520300,N. Wood,653730,A. Khusanov,-1.104694350289056,0.0,-1.259947998419646,-1.1590331271347625,71,520300__653730
520300,N. Wood,557788,W. Fofana,-1.2011657873113204,0.0,-1.259947998419646,-1.2217395611992343,72,520300__557788
520300,N. Wood,297957,M. Akanji,-1.2352212221590881,0.0,-1.259947998419646,-1.2438755938502835,73,297957__520300
534563,C. Richards,568412,J. Gvardiol,1.6834613251215935,0.0,0.0,1.094249861329036,1,534563__568412
534563,C. Richards,623641,E. Agbadou,1.6551070464930553,0.0,0.0,1.075819580220486,2,534563__623641
534563,C. Richards,349142,N. Mazraoui,1.348438220148422,0.0,0.0,0.8764848430964743,3,349142__534563
534563,C. Richards,370,V. van Dijk,1.19104657520608,0.0,0.0,0.7741802738839519,4,370__534563
534563,C. Richards,400549,Pau Torres,0.9908412316418141,0.0,0.0,0.6440468005671792,5,400549__534563
534563,C. Richards,412968,M. Senesi,0.9678815403613683,0.0,0.0,0.6291230012348894,6,412968__534563
534563,C. Richards,283145,T. Adarabioyo,0.9304298441996428,0.0,0.0,0.6047793987297678,7,283145__534563
534563,C. Richards,424806,E. Pinnock,0.9118647761527229,0.0,0.0,0.5927121044992699,8,424806__534563
534563,C. Richards,413002,K. Mavropanos,0.9031415737623754,0.0,0.0,0.587042022945544,9,413002__534563
534563,C. Richards,645877,Y. Mosquera,0.8638213842792046,0.0,0.0,0.561483899781483,10,534563__645877
534563,C. Richards,447424,C. Bassey,0.8156603940729845,0.0,0.0,0.53017925614744,11,447424__534563
534563,C. Richards,8653,H. Maguire,0.8067201568955369,0.0,0.0,0.524368101982099,12,8653__534563
534563,C. Richards,270866,Diego Carlos,0.8011428824232524,0.0,0.0,0.5207428735751141,13,270866__534563
534563,C. Richards,399581,D. O'Shea,0.7667118555446726,0.0,0.0,0.4983627061040372,14,399581__534563
534563,C. Richards,8582,A. Cresswell,0.7666628649265161,0.0,0.0,0.4983308622022355,15,8582__534563
534563,C. Richards,583655,C. Okoli,0.7468224889929418,0.0,0.0,0.4854346178454122,16,534563__583655
534563,C. Richards,346131,T. Chalobah,0.7308377649269984,0.0,0.0,0.47504454720254896,17,346131__534563
534563,C. Richards,590703,I. Zabarnyi,0.7163816528435342,0.0,0.0,0.46564807434829725,18,534563__590703
534563,C. Richards,578325,W. Saliba,0.7118253012514452,0.0,0.0,0.4626864458134394,19,534563__578325
534563,C. Richards,397074,M. Guéhi,0.6918768996103606,0.0,0.0,0.4497199847467344,20,397074__534563
534563,C. Richards,424241,N. Milenković,0.6678681340894257,0.0,0.0,0.4341142871581267,21,424241__534563
534563,C. Richards,240032,J. Bednarek,0.6296513647560072,0.0,0.0,0.4092733870914047,22,240032__534563
534563,C. Richards,501419,J. Todibo,0.625567427904774,0.0,0.0,0.40661882813810313,23,501419__534563
534563,C. Richards,288080,C. Burgess,0.6205055078908217,0.0,0.0,0.4033285801290341,24,288080__534563
534563,C. Richards,777938,Dean Huijsen,0.6042774554804297,0.0,0.0,0.3927803460622793,25,534563__777938
534563,C. Richards,15806,J. Vestergaard,0.6015022638610814,0.0,0.0,0.39097647150970294,26,15806__534563
534563,C. Richards,620468,J. Greaves,0.5582080077454163,0.0,0.0,0.36283520503452066,27,534563__620468
534563,C. Richards,488453,L. Martínez,0.5545778130005807,0.0,0.0,0.3604755784503775,28,488453__534563
534563,C. Richards,365443,M. de Ligt,0.5125479132481516,0.0,0.0,0.3331561436112986,29,365443__534563
534563,C. Richards,619747,L. Colwill,0.4852350109650244,0.0,0.0,0.3154027571272659,30,534563__619747
534563,C. Richards,627012,Murillo,0.4718864669899245,0.0,0.0,0.3067262035434509,31,534563__627012
534563,C. Richards,590781,J. van Hecke,0.4619805822553056,0.0,0.0,0.30028737846594866,32,534563__590781
534563,C. Richards,563725,Morato,0.4603119454828785,0.0,0.0,0.29920276456387107,33,534563__563725
534563,C. Richards,393247,I. Konaté,0.45430459057437056,0.0,0.0,0.2952979838733409,34,393247__534563
534563,C. Richards,412027,E. Konsa,0.4332965625808583,0.0,0.0,0.2816427656775579,35,412027__534563
534563,C. Richards,286380,I. Diop,0.41497506727038147,0.0,0.0,0.26973379372574796,36,286380__534563
534563,C. Richards,9433,J. Tarkowski,0.41350353144178503,0.0,0.0,0.2687772954371603,37,9433__534563
534563,C. Richards,504375,M. Lacroix,0.4121180734632701,0.0,0.0,0.2678767477511256,38,504375__534563
534563,C. Richards,590874,Toti,0.3957286446984271,0.0,0.0,0.2572236190539776,39,534563__590874
534563,C. Richards,364003,S. Bueno,0.3782584748843222,0.0,0.0,0.24586800867480943,40,364003__534563
534563,C. Richards,62126,M. Doherty,0.3781043390918586,0.0,0.0,0.2457678204097081,41,62126__534563
534563,C. Richards,604320,J. Branthwaite,0.370430325160189,0.0,0.0,0.24077971135412285,42,534563__604320
534563,C. Richards,479155,N. Collins,0.3625175695913652,0.0,0.0,0.2356364202343874,43,479155__534563
534563,C. Richards,7919,M. Keane,0.35716647507421506,0.0,0.0,0.23215820879823978,44,7919__534563
534563,C. Richards,8136,J. Stephens,0.3531288196777398,0.0,0.0,0.22953373279053088,45,8136__534563
534563,C. Richards,7953,C. Coady,0.3255990943111701,0.0,0.0,0.21163941130226058,46,7953__534563
534563,C. Richards,496001,M. Kilman,0.3166776022017088,0.0,0.0,0.20584044143111074,47,496001__534563
534563,C. Richards,192792,D. Burn,0.3140458770135846,0.0,0.0,0.20412982005883,48,192792__534563
534563,C. Richards,769441,L. Yoro,0.2947857363935513,0.0,0.0,0.19161072865580836,49,534563__769441
534563,C. Richards,545267,R. Drăgușin,0.25319506875761183,0.0,0.0,0.1645767946924477,50,534563__545267
534563,C. Richards,482177,J. Kiwior,0.24785126371554922,0.0,0.0,0.161103321415107,51,482177__534563
534563,C. Richards,258154,Rúben Dias,0.23407063080056362,0.0,0.0,0.15214591002036634,52,258154__534563
534563,C. Richards,327391,J. Bree,0.2292773823248695,0.0,0.0,0.14903029851116517,53,327391__534563
534563,C. Richards,285382,W. Faes,0.22788372424514025,0.0,0.0,0.14812442075934118,54,285382__534563
534563,C. Richards,520300,N. Wood,0.22705651058493218,0.0,0.0,0.1475867318802059,55,520300__534563
534563,C. Richards,558243,S. van den Berg,0.21795676450568482,0.0,0.0,0.14167189692869514,56,534563__558243
534563,C. Richards,415847,C. Romero,0.2137549401852641,0.0,0.0,0.13894071112042167,57,415847__534563
534563,C. Richards,415917,Gabriel Magalhaes,0.20610000880173995,0.0,0.0,0.133965005721131,58,415917__534563
534563,C. Richards,549884,T. Harwood-Bellis,0.17933524746719495,0.0,0.0,0.11656791085367672,59,534563__549884
534563,C. Richards,145787,J. Andersen,0.13186424958147577,0.0,0.0,0.08571176222795926,60,145787__534563
534563,C. Richards,8360,C. Dawson,0.10220218851136706,0.0,0.0,0.0664314225323886,61,8360__534563
534563,C. Richards,50102,F. Schär,0.10145043176808367,0.0,0.0,0.06594278064925439,62,50102__534563
534563,C. Richards,767087,A. Gray,0.0884874545137902,0.0,0.0,0.05751684543396363,63,534563__767087
534563,C. Richards,9097,L. Dunk,0.08635843321170188,0.0,0.0,0.05613298158760622,64,9097__534563
534563,C. Richards,402884,K. Walker-Peters,0.08261437972956948,0.0,0.0,0.05369934682422016,65,402884__534563
534563,C. Richards,625787,M. van de Ven,0.0819587527298121,0.0,0.0,0.053273189274377866,66,534563__625787
534563,C. Richards,518805,L. Woolfenden,0.03668786218184619,0.0,0.0,0.023847110418200024,67,518805__534563
534563,C. Richards,366217,K. Danso,-0.0019031697723634333,0.0,0.0,-0.0012370603520362317,68,366217__534563
534563,C. Richards,234399,A. Webster,-0.02005309095293148,0.0,0.0,-0.013034509119405463,69,234399__534563
534563,C. Richards,653730,A. Khusanov,-0.05304421552118052,0.0,0.0,-0.03447874008876734,70,534563__653730
534563,C. Richards,557788,W. Fofana,-0.09421982326427347,0.0,0.0,-0.06124288512177776,71,534563__557788
534563,C. Richards,297957,M. Akanji,-0.1672131914039911,0.0,0.0,-0.10868857441259422,72,297957__534563
534563,C. Richards,136441,B. Davies,-0.23816650004987822,0.0,0.0,-0.15480822503242084,73,136441__534563
545267,R. Drăgușin,568412,J. Gvardiol,1.000520514327987,0.5459321354474499,1.979301495365646,1.3430938576911675,1,545267__568412
545267,R. Drăgușin,623641,E. Agbadou,0.9932559893403539,0.4821938496361066,1.6109105095503806,1.2094350714138633,2,545267__623641
545267,R. Drăgușin,349142,N. Mazraoui,1.0022886583158281,0.44734504181178025,1.4094933157010037,1.1448102884006395,3,349142__545267
545267,R. Drăgușin,447424,C. Bassey,0.3187086677853717,0.5825297858840409,2.1908265521072705,0.9739499272980363,4,447424__545267
545267,R. Drăgușin,370,V. van Dijk,0.44812209767283495,0.47502470314326756,1.56947467690549,0.8405955004042641,5,370__545267
545267,R. Drăgușin,424806,E. Pinnock,0.2287610542782856,0.4490632147068494,1.4194239154740986,0.6454930556968201,6,424806__545267
545267,R. Drăgușin,283145,T. Adarabioyo,0.13784716705387595,0.47502470314326756,1.56947467690549,0.6389167955019408,7,283145__545267
545267,R. Drăgușin,583655,C. Okoli,0.3592605636517435,0.40373479592875167,1.157437251312214,0.6386224043329082,8,545267__583655
545267,R. Drăgușin,645877,Y. Mosquera,0.4671061253777017,0.3611505510977718,0.9113112105222774,0.6225779051783031,9,545267__645877
545267,R. Drăgușin,346131,T. Chalobah,0.14320456607712406,0.4640369160448529,1.505968078483716,0.6201717954194311,10,346131__545267
545267,R. Drăgușin,412968,M. Senesi,0.6083635246671196,0.30845417459525454,0.6067396356588712,0.6077951635142327,11,412968__545267
545267,R. Drăgușin,15806,J. Vestergaard,-0.008350225017999702,0.4901368802352566,1.6568191943468726,0.5744590717597056,12,15806__545267
545267,R. Drăgușin,8653,H. Maguire,0.03198874714620687,0.47502470314326756,1.56947467690549,0.5701088225619558,13,8653__545267
545267,R. Drăgușin,400549,Pau Torres,0.16192406817279154,0.4207403792090938,1.2557251721319158,0.544754454558485,14,400549__545267
545267,R. Drăgușin,270866,Diego Carlos,0.055395439739433824,0.4175794653231376,1.2374558985281168,0.4691166003154728,15,270866__545267
545267,R. Drăgușin,578325,W. Saliba,0.1274783873005186,0.38406117149286434,1.0437287351787912,0.448166009057914,16,545267__578325
545267,R. Drăgușin,413002,K. Mavropanos,0.10885944966150304,0.3730208616498248,0.9799185687299863,0.41373014133547215,17,413002__545267
545267,R. Drăgușin,534563,C. Richards,0.25319506875761183,0.32569560392769814,0.7063906863231921,0.41181353490556494,18,534563__545267
545267,R. Drăgușin,240032,J. Bednarek,0.11799310431143971,0.34948666080715873,0.843896908617168,0.37205943581844464,19,240032__545267
545267,R. Drăgușin,590703,I. Zabarnyi,0.20384819208584837,0.31096422996733525,0.6212471135616917,0.3499378146023935,20,545267__590703
545267,R. Drăgușin,397074,M. Guéhi,0.023752087383930687,0.36409658579092213,0.9283385373642316,0.34035734487703595,21,397074__545267
545267,R. Drăgușin,424241,N. Milenković,-0.07500989605006403,0.3436336627193114,0.8100680770427047,0.23476739453240497,22,424241__545267
545267,R. Drăgușin,399581,D. O'Shea,0.06083646933167533,0.27715981429426273,0.4258662391595763,0.18859688877144065,23,399581__545267
545267,R. Drăgușin,563725,Morato,-0.11688809533548175,0.2703284755602942,0.38638284893955255,0.05925673516078024,24,545267__563725
545267,R. Drăgușin,8582,A. Cresswell,-0.06225429854250638,0.2478010293677248,0.2561799731461143,0.04919769654851085,25,8582__545267
545267,R. Drăgușin,777938,Dean Huijsen,-0.06591873608817285,0.24012319334560753,0.2118040451601067,0.031284237348724986,26,545267__777938
545267,R. Drăgușin,488453,L. Martínez,-0.11434133417073147,0.24587207201902533,0.24503109315605137,0.011439015393642518,27,488453__545267
545267,R. Drăgușin,590781,J. van Hecke,-0.3448746687643632,0.318736537715651,0.6661690639564121,0.008990637687908143,28,545267__590781
545267,R. Drăgușin,501419,J. Todibo,-0.15805029546505522,0.24587207201902533,0.24503109315605137,-0.01697180944766792,29,501419__545267
545267,R. Drăgușin,620468,J. Greaves,-0.2707691723557187,0.26294965067004816,0.3437351287997022,-0.055692666951321385,30,545267__620468
545267,R. Drăgușin,365443,M. de Ligt,-0.16604974765803757,0.2102452359972311,0.03911709536836931,-0.09424135259879517,31,365443__545267
545267,R. Drăgușin,619747,L. Colwill,-0.18593916015978595,0.20027213717207548,-0.018524864421805932,-0.12734415665149296,32,545267__619747
545267,R. Drăgușin,627012,Murillo,-0.30447889817650414,0.23280394152118197,0.16950064210011337,-0.13858605907968802,33,545267__627012
545267,R. Drăgușin,7953,C. Coady,-0.48536652767900695,0.28891940843265634,0.49383368482092893,-0.14264645330402942,34,7953__545267
545267,R. Drăgușin,504375,M. Lacroix,-0.254558996252802,0.20886207767791826,0.031122794136321352,-0.15457036961660883,35,504375__545267
545267,R. Drăgușin,590874,Toti,-0.37140532792511755,0.2231331091985076,0.11360570536539942,-0.2016514662734366,36,545267__590874
545267,R. Drăgușin,393247,I. Konaté,-0.25163027152448997,0.16700639353892938,-0.21079235224168766,-0.23733699977550915,37,393247__545267
545267,R. Drăgușin,286380,I. Diop,-0.3743138302149711,0.20063575213826051,-0.01642326294092253,-0.24905213166905413,38,286380__545267
545267,R. Drăgușin,415847,C. Romero,-0.4617291613693729,0.21481989389882838,0.06555744770425054,-0.2771788481936047,39,415847__545267
545267,R. Drăgușin,288080,C. Burgess,-0.28604366386490904,0.1476782478806164,-0.32250408942461306,-0.29880481281080545,40,288080__545267
545267,R. Drăgușin,364003,S. Bueno,-0.3016649892800219,0.15221995119321222,-0.2962542061823833,-0.2997712151958484,41,364003__545267
545267,R. Drăgușin,8136,J. Stephens,-0.3888801265369753,0.14386823052558256,-0.3445250150194522,-0.3733558375058422,42,8136__545267
545267,R. Drăgușin,479155,N. Collins,-0.35849105754427224,0.12548390260088715,-0.45078172715908676,-0.39079279190945737,43,479155__545267
545267,R. Drăgușin,9433,J. Tarkowski,-0.43695362794636056,0.10200384149344276,-0.5864904734528996,-0.4892915238736492,44,9433__545267
545267,R. Drăgușin,412027,E. Konsa,-0.5231711954346183,0.0759912559168136,-0.7368365632825221,-0.5979540741813847,45,412027__545267
545267,R. Drăgușin,520300,N. Wood,-0.7197771807727139,0.13506725053678434,-0.39539242779880246,-0.606242517231845,46,520300__545267
545267,R. Drăgușin,496001,M. Kilman,-0.5407935375127928,0.07320248421443018,-0.7529549502704557,-0.6150500319779748,47,496001__545267
545267,R. Drăgușin,604320,J. Branthwaite,-0.639247847635375,0.10200384149344276,-0.5864904734528996,-0.6207827666715087,48,545267__604320
545267,R. Drăgușin,402884,K. Walker-Peters,-0.7728373118693495,0.14386823052558256,-0.3445250150194522,-0.6229280079718855,49,402884__545267
545267,R. Drăgușin,327391,J. Bree,-0.7803328559924443,0.14386823052558256,-0.3445250150194522,-0.6278001116518971,50,327391__545267
545267,R. Drăgușin,62126,M. Doherty,-0.5141313399503987,0.00573003325487054,-1.1429284553304357,-0.7342103303334117,51,62126__545267
545267,R. Drăgușin,258154,Rúben Dias,-0.6849093892683839,0.03415279747036026,-0.978652149564527,-0.787719355372034,52,258154__545267
545267,R. Drăgușin,192792,D. Burn,-0.594504862175881,0.0,-1.1760465816284031,-0.7980444639842638,53,192792__545267
545267,R. Drăgușin,285382,W. Faes,-0.7028295510516505,0.03462189154768779,-0.9759409058059751,-0.7984185252156641,54,285382__545267
545267,R. Drăgușin,482177,J. Kiwior,-0.7400587247393932,0.0,-1.1760465816284031,-0.8926544746505467,55,482177__545267
545267,R. Drăgușin,415917,Gabriel Magalhaes,-0.7413043773012677,0.0,-1.1760465816284031,-0.8934641488157651,56,415917__545267
545267,R. Drăgușin,7919,M. Keane,-0.7474288910372154,0.0,-1.1760465816284031,-0.8974450827441312,57,7919__545267
545267,R. Drăgușin,769441,L. Yoro,-0.7943210915871476,0.0,-1.1760465816284031,-0.927925013101587,58,545267__769441
545267,R. Drăgușin,145787,J. Andersen,-0.849061812367849,0.0,-1.1760465816284031,-0.9635064816090428,59,145787__545267
545267,R. Drăgușin,50102,F. Schär,-0.9897796992087572,0.03666553185567316,-0.9641291876505967,-0.9808020201634011,60,50102__545267
545267,R. Drăgușin,653730,A. Khusanov,-1.0961961465223322,0.04238519152253696,-0.931071018037432,-1.038402351552617,61,545267__653730
545267,R. Drăgușin,549884,T. Harwood-Bellis,-0.9771890399777978,0.0,-1.1760465816284031,-1.0467891795555095,62,545267__549884
545267,R. Drăgușin,558243,S. van den Berg,-0.9877276726027269,0.0,-1.1760465816284031,-1.0536392907617136,63,545267__558243
545267,R. Drăgușin,557788,W. Fofana,-1.1978279362047468,0.05055913741385181,-0.8838277019273174,-1.0879278542076465,64,545267__557788
545267,R. Drăgușin,9097,L. Dunk,-1.0862677100706344,0.0,-1.1760465816284031,-1.1176903151158535,65,9097__545267
545267,R. Drăgușin,8360,C. Dawson,-1.1220072833301333,0.0,-1.1760465816284031,-1.1409210377345278,66,8360__545267
545267,R. Drăgușin,625787,M. van de Ven,-1.146538911667958,0.0,-1.1760465816284031,-1.1568665961541138,67,545267__625787
545267,R. Drăgușin,767087,A. Gray,-1.1844980627165105,0.0,-1.1760465816284031,-1.181540044335673,68,545267__767087
545267,R. Drăgușin,366217,K. Danso,-1.2151631465931967,0.0,-1.1760465816284031,-1.201472348855519,69,366217__545267
545267,R. Drăgușin,234399,A. Webster,-1.2168398920149144,0.0,-1.1760465816284031,-1.2025622333796355,70,234399__545267
545267,R. Drăgușin,518805,L. Woolfenden,-1.301531431053502,0.0,-1.1760465816284031,-1.2576117337547172,71,518805__545267
545267,R. Drăgușin,297957,M. Akanji,-1.4292337684710215,0.0,-1.1760465816284031,-1.340618253076105,72,297957__545267
545267,R. Drăgușin,136441,B. Davies,-1.4934821619591578,0.0,-1.1760465816284031,-1.3823797088433936,73,136441__545267
549884,T. Harwood-Bellis,568412,J. Gvardiol,0.9958328872828511,0.5460297940986887,2.0364211923704083,1.3600387940634961,1,549884__568412
549884,T. Harwood-Bellis,623641,E. Agbadou,0.94281452163372,0.5021531996154683,1.7826473807204604,1.2367560223140792,2,549884__623641
549884,T. Harwood-Bellis,349142,N. Mazraoui,0.9284288370254115,0.3645544092434406,0.9868023539491676,0.9488595679487262,3,349142__549884
549884,T. Harwood-Bellis,370,V. van Dijk,0.4119667854757305,0.49498405312262933,1.7411824116818906,0.8771922546478865,4,370__549884
549884,T. Harwood-Bellis,447424,C. Bassey,0.1930958971828706,0.512081402718193,1.8400702042984574,0.7695369046733259,5,447424__549884
549884,T. Harwood-Bellis,424806,E. Pinnock,0.20634340424074116,0.5061923804171313,1.8060092281941358,0.7662264426244293,6,424806__549884
549884,T. Harwood-Bellis,400549,Pau Torres,0.20865419666800225,0.49498405312262933,1.7411824116818906,0.7450390719228631,7,400549__549884
549884,T. Harwood-Bellis,645877,Y. Mosquera,0.3932463040872849,0.3707371209828563,1.022561973466686,0.6135067883700753,8,549884__645877
549884,T. Harwood-Bellis,15806,J. Vestergaard,-0.13170860633783815,0.5355309458082965,1.9756978664156952,0.6058836591258985,9,15806__549884
549884,T. Harwood-Bellis,583655,C. Okoli,0.23364779304924246,0.4069314132968951,1.231902822014508,0.5830370531870854,10,549884__583655
549884,T. Harwood-Bellis,578325,W. Saliba,0.0018656166980173111,0.45763171743886666,1.5251436622725243,0.5350129326490947,11,549884__578325
549884,T. Harwood-Bellis,283145,T. Adarabioyo,0.15021842406992789,0.40759186332578656,1.2357227383778941,0.530144934077716,12,283145__549884
549884,T. Harwood-Bellis,8653,H. Maguire,-0.024476244923539357,0.40346129130228814,1.2118323015961903,0.408231746358366,13,8653__549884
549884,T. Harwood-Bellis,399581,D. O'Shea,0.028011284617729802,0.37592696926462804,1.0525790610702788,0.3866100063761219,14,399581__549884
549884,T. Harwood-Bellis,346131,T. Chalobah,0.06934474478670741,0.3572463246700864,0.944533793686371,0.3756609119015897,15,346131__549884
549884,T. Harwood-Bellis,412968,M. Senesi,0.4827507540646184,0.21927358950997378,0.14652594194343596,0.3650720698222046,16,412968__549884
549884,T. Harwood-Bellis,270866,Diego Carlos,0.04371239236488572,0.3451616128490752,0.8746381370696749,0.3345364030115619,17,270866__549884
549884,T. Harwood-Bellis,397074,M. Guéhi,-0.043986077671792495,0.37048653830786327,1.0211126513094992,0.32879847747165963,18,397074__549884
549884,T. Harwood-Bellis,590703,I. Zabarnyi,0.09364629972294568,0.31223692732607766,0.6842080674401302,0.3003429184239602,19,549884__590703
549884,T. Harwood-Bellis,8582,A. Cresswell,-0.015524170047295803,0.3465681843380901,0.8827734769320693,0.29888000639548196,20,8582__549884
549884,T. Harwood-Bellis,424241,N. Milenković,-0.11249159277147378,0.3765950657282752,1.056443202946523,0.29663558572982507,21,424241__549884
549884,T. Harwood-Bellis,534563,C. Richards,0.17933524746719495,0.2429049713593585,0.2832053245871185,0.2156897744591682,22,534563__549884
549884,T. Harwood-Bellis,413002,K. Mavropanos,0.01127158570686971,0.29421305665882125,0.5799614545526013,0.21031303980287575,23,413002__549884
549884,T. Harwood-Bellis,240032,J. Bednarek,0.028685303889817514,0.2630344700597144,0.3996304863837016,0.1585161177626769,24,240032__549884
549884,T. Harwood-Bellis,563725,Morato,-0.19074791662589852,0.24890645079506618,0.3179167312009741,-0.01271528988649312,25,549884__563725
549884,T. Harwood-Bellis,501419,J. Todibo,-0.21778607704634984,0.2554586419041099,0.35581334856577007,-0.017026278082107882,26,501419__549884
549884,T. Harwood-Bellis,620468,J. Greaves,-0.30458715407804887,0.2693396031869893,0.43609816774126037,-0.045347291441290655,27,549884__620468
549884,T. Harwood-Bellis,777938,Dean Huijsen,-0.19153150669067404,0.23171046168669202,0.2184584265508267,-0.0480350300561488,28,549884__777938
549884,T. Harwood-Bellis,288080,C. Burgess,-0.23931353536969827,0.24644540285098174,0.3036825016583321,-0.049264922409887654,29,288080__549884
549884,T. Harwood-Bellis,590781,J. van Hecke,-0.41145876678225474,0.29421305665882125,0.5799614545526013,-0.06446168931505514,30,549884__590781
549884,T. Harwood-Bellis,365443,M. de Ligt,-0.23442290211133146,0.231758446974664,0.2187359642580074,-0.07581729888206287,31,365443__549884
549884,T. Harwood-Bellis,488453,L. Martínez,-0.18820115546114818,0.20971181289742175,0.09122245894316275,-0.09040289041963936,32,488453__549884
549884,T. Harwood-Bellis,627012,Murillo,-0.3504886810136206,0.2391938940381231,0.2617411647490584,-0.13620823499668294,33,549884__627012
549884,T. Harwood-Bellis,619747,L. Colwill,-0.25979898145020275,0.19849106358909904,0.02632379588419294,-0.15965600938316427,34,549884__619747
549884,T. Harwood-Bellis,7953,C. Coady,-0.5418315197487528,0.28891940843265634,0.5493440079683728,-0.15992008504775887,35,7953__549884
549884,T. Harwood-Bellis,286380,I. Diop,-0.3790258729726327,0.22125363751223112,0.15797816002692636,-0.19107446142278703,36,286380__549884
549884,T. Harwood-Bellis,393247,I. Konaté,-0.32167093931578933,0.1733963460558705,-0.11881923984346904,-0.2506728445004772,37,393247__549884
549884,T. Harwood-Bellis,590874,Toti,-0.5058692363640354,0.2231331091985076,0.16884866397857054,-0.2697179712441233,38,549884__590874
549884,T. Harwood-Bellis,504375,M. Lacroix,-0.38017176685530296,0.1196814925926375,-0.42949565550731683,-0.3974351278835078,39,504375__549884
549884,T. Harwood-Bellis,9433,J. Tarkowski,-0.499322500706684,0.12431129292555985,-0.40271777788253377,-0.46551084771823137,40,9433__549884
549884,T. Harwood-Bellis,415847,C. Romero,-0.648258586493095,0.16380072880277835,-0.1743184506216086,-0.4823795389380747,41,415847__549884
549884,T. Harwood-Bellis,364003,S. Bueno,-0.3755248105704384,0.06942931862487259,-0.72014459674119,-0.4961417357302015,42,364003__549884
549884,T. Harwood-Bellis,479155,N. Collins,-0.4841038281467734,0.08928085701874067,-0.6053271040742559,-0.5265319747213922,43,479155__549884
549884,T. Harwood-Bellis,412027,E. Konsa,-0.47644106693940746,0.08238120843375472,-0.6452333488746966,-0.5355183656167586,44,412027__549884
549884,T. Harwood-Bellis,604320,J. Branthwaite,-0.7153539133822544,0.15691712844708772,-0.21413187554014018,-0.5399262001375145,45,549884__604320
549884,T. Harwood-Bellis,8136,J. Stephens,-0.5144928971394764,0.054687645440301816,-0.8054076085635191,-0.6163130461378914,46,8136__549884
549884,T. Harwood-Bellis,496001,M. Kilman,-0.5972585295825387,0.07320248421443018,-0.6983213302610478,-0.6326305098200169,47,496001__549884
549884,T. Harwood-Bellis,62126,M. Doherty,-0.5551270611507682,0.012119985771811666,-1.0516107921588573,-0.7288963670035993,48,62126__549884
549884,T. Harwood-Bellis,258154,Rúben Dias,-0.6896214320260454,0.04054274998730139,-0.8872189723846264,-0.7587805711515487,49,258154__549884
549884,T. Harwood-Bellis,327391,J. Bree,-0.8132717836113941,0.06107759795724294,-0.7684493481154235,-0.7975839311878044,50,327391__549884
549884,T. Harwood-Bellis,520300,N. Wood,-0.845389951375215,0.054687645440301816,-0.8054076085635191,-0.8313961313911213,51,520300__549884
549884,T. Harwood-Bellis,7919,M. Keane,-0.7006987625420046,0.006389952516941125,-1.0847522060971144,-0.835117467786293,52,7919__549884
549884,T. Harwood-Bellis,285382,W. Faes,-0.8011192714597773,0.03462189154768779,-0.9214640826115638,-0.8432399553629026,53,285382__549884
549884,T. Harwood-Bellis,192792,D. Burn,-0.7109774932426483,0.0030415897298046394,-1.1041184945998248,-0.84857684371766,54,192792__549884
549884,T. Harwood-Bellis,415917,Gabriel Magalhaes,-0.7460164200589293,0.006389952516941125,-1.0847522060971144,-0.8645739451722941,55,415917__549884
549884,T. Harwood-Bellis,402884,K. Walker-Peters,-0.9089713600532563,0.054687645440301816,-0.8054076085635191,-0.8727240470318482,56,402884__549884
549884,T. Harwood-Bellis,482177,J. Kiwior,-0.8084191756471029,0.006389952516941125,-1.0847522060971144,-0.9051357363046069,57,482177__549884
549884,T. Harwood-Bellis,769441,L. Yoro,-0.8667093180369225,0.006389952516941125,-1.0847522060971144,-0.9430243288579896,58,549884__769441
549884,T. Harwood-Bellis,558243,S. van den Berg,-0.9752004998000894,0.006389952516941125,-1.0847522060971144,-1.013543597004048,59,549884__558243
549884,T. Harwood-Bellis,545267,R. Drăgușin,-0.9771890399777978,0.006389952516941125,-1.0847522060971144,-1.0148361481195587,60,545267__549884
549884,T. Harwood-Bellis,145787,J. Andersen,-0.9651610116755747,0.0,-1.12171046654521,-1.0199533208799472,61,145787__549884
549884,T. Harwood-Bellis,8360,C. Dawson,-1.0862437548026118,0.006389952516941125,-1.0847522060971144,-1.0857217127556877,62,8360__549884
549884,T. Harwood-Bellis,653730,A. Khusanov,-1.1607038611201057,0.027946287081237677,-0.9600744991781078,-1.0904835844404064,63,549884__653730
549884,T. Harwood-Bellis,9097,L. Dunk,-1.1095931750431134,0.006389952516941125,-1.0847522060971144,-1.1008988359120138,64,9097__549884
549884,T. Harwood-Bellis,50102,F. Schär,-1.1694029313960286,0.003641904464242458,-1.1006463892520368,-1.1453381416456314,65,50102__549884
549884,T. Harwood-Bellis,625787,M. van de Ven,-1.1952951446762856,0.006389952516941125,-1.0847522060971144,-1.1566051161735758,66,549884__625787
549884,T. Harwood-Bellis,767087,A. Gray,-1.2093942678074332,0.006389952516941125,-1.0847522060971144,-1.1657695462088216,67,549884__767087
549884,T. Harwood-Bellis,518805,L. Woolfenden,-1.2487272339712847,0.006389952516941125,-1.0847522060971144,-1.191335974215325,68,518805__549884
549884,T. Harwood-Bellis,366217,K. Danso,-1.2684473881135487,0.006389952516941125,-1.0847522060971144,-1.2041540744077968,69,366217__549884
549884,T. Harwood-Bellis,234399,A. Webster,-1.2931782683587094,0.006389952516941125,-1.0847522060971144,-1.220229146567151,70,234399__549884
549884,T. Harwood-Bellis,557788,W. Fofana,-1.3339619843886532,0.003641904464242458,-1.1006463892520368,-1.2523015260908374,71,549884__557788
549884,T. Harwood-Bellis,136441,B. Davies,-1.5154203974559757,0.006389952516941125,-1.0847522060971144,-1.3646865304803744,72,136441__549884
549884,T. Harwood-Bellis,297957,M. Akanji,-1.4962200381221729,0.0,-1.12171046654521,-1.3651416880702358,73,297957__549884
557788,W. Fofana,568412,J. Gvardiol,0.8051747481368436,1.050441967806158,3.27290190855875,1.6688792542845108,1,557788__568412
557788,W. Fofana,623641,E. Agbadou,0.6318831370232505,0.7915250730049823,2.172444422374197,1.1710795868960817,2,557788__623641
557788,W. Fofana,370,V. van Dijk,0.24932570001004734,0.7986885509425273,2.2028908825387328,0.9330735138950872,3,370__557788
557788,W. Fofana,400549,Pau Torres,0.04912035644578172,0.8100042713545587,2.2509853463957694,0.8197731029282773,4,400549__557788
557788,W. Fofana,283145,T. Adarabioyo,-0.011291030996389895,0.7174265782369232,1.8575084528804549,0.6427887883605058,5,283145__557788
557788,W. Fofana,424806,E. Pinnock,0.011012729772628044,0.6651476594909214,1.635310795412602,0.5795170527466189,6,424806__557788
557788,W. Fofana,349142,N. Mazraoui,0.613843688357157,0.3747375775216687,0.4009998825926999,0.539348356339597,7,349142__557788
557788,W. Fofana,8582,A. Cresswell,-0.1750580102695165,0.6178601873189252,1.4343279557474766,0.388227077836431,8,8582__557788
557788,W. Fofana,8653,H. Maguire,-0.24402693151795263,0.6260681515476276,1.4692137274494226,0.3556072991206287,9,8653__557788
557788,W. Fofana,645877,Y. Mosquera,0.07636255161304784,0.46298163647245766,0.7760578152095627,0.32125589387182807,10,557788__645877
557788,W. Fofana,270866,Diego Carlos,-0.17132484315648705,0.5644054867038508,1.2071329497638594,0.3111353843656342,11,270866__557788
557788,W. Fofana,399581,D. O'Shea,-0.16264685452827754,0.5582595324957279,1.1810112039300469,0.30763346593213603,12,399581__557788
557788,W. Fofana,447424,C. Bassey,-0.17398130379729512,0.510742834259528,0.9790540997675222,0.2295810874503909,13,447424__557788
557788,W. Fofana,413002,K. Mavropanos,-0.20184433634715526,0.4883122443594022,0.883718835554331,0.17810277381836492,14,413002__557788
557788,W. Fofana,397074,M. Guéhi,-0.23464421681779965,0.4893614175869093,0.8881780676697216,0.15834358275283275,15,397074__557788
557788,W. Fofana,346131,T. Chalobah,-0.17625035305181683,0.4635208532361304,0.7783496128333353,0.1578596350079864,16,346131__557788
557788,W. Fofana,424241,N. Milenković,-0.273852741106607,0.4934092021647481,0.905382100819299,0.13887945356746006,17,424241__557788
557788,W. Fofana,583655,C. Okoli,-0.10154664765837262,0.3938231035542062,0.4821178413740466,0.10273592350297411,18,557788__583655
557788,W. Fofana,15806,J. Vestergaard,-0.6263831600391725,0.5955325751855736,1.3394303711783435,0.06165157588695808,19,15806__557788
557788,W. Fofana,578325,W. Saliba,-0.39703040186738864,0.49122441126441085,0.8960962274356009,0.05556391838865765,20,557788__578325
557788,W. Fofana,590703,I. Zabarnyi,-0.1578958085598975,0.33528126052700374,0.23330128784710635,-0.020976824817446144,21,557788__590703
557788,W. Fofana,288080,C. Burgess,-0.39884737559191913,0.4318214896995806,0.643619888309683,-0.03398383322635842,22,288080__557788
557788,W. Fofana,534563,C. Richards,-0.09421982326427347,0.2844296999965762,0.017170237330499306,-0.055233302056103,23,534563__557788
557788,W. Fofana,240032,J. Bednarek,-0.22011322192620558,0.3202261077428054,0.169313359984208,-0.08381391825756085,24,240032__557788
557788,W. Fofana,620468,J. Greaves,-0.4641209943002697,0.39656381475723673,0.49376650633722285,-0.12886036907714735,25,557788__620468
557788,W. Fofana,412968,M. Senesi,-0.03587085129663112,0.1754903638451145,-0.4458474738154292,-0.17936266917821045,26,412968__557788
557788,W. Fofana,501419,J. Todibo,-0.48859393889492836,0.3426700414829086,0.2647053386447464,-0.2249391917560422,27,501419__557788
557788,W. Fofana,365443,M. de Ligt,-0.4778422425423364,0.2854072887238145,0.021325218542231843,-0.3031336311627375,28,365443__557788
557788,W. Fofana,777938,Dean Huijsen,-0.41442140164795854,0.2490294081073915,-0.13328930009167866,-0.3160251661032606,29,557788__777938
557788,W. Fofana,627012,Murillo,-0.559547592938918,0.2931602879812105,0.05427728248435665,-0.3447088865407719,30,557788__627012
557788,W. Fofana,563725,Morato,-0.49108329698493247,0.25908961907329425,-0.09053104563893233,-0.35089000901383244,31,557788__563725
557788,W. Fofana,488453,L. Martínez,-0.48887780313388224,0.21989498117564982,-0.25711744289152194,-0.40776167704905614,32,488453__557788
557788,W. Fofana,590781,J. van Hecke,-0.7193690906628143,0.318736537715651,0.16298233825294195,-0.4105460905422996,33,557788__590781
557788,W. Fofana,286380,I. Diop,-0.6348968702684151,0.27522003145531854,-0.021973012472832322,-0.42037352003996115,34,286380__557788
557788,W. Fofana,619747,L. Colwill,-0.5214310570027765,0.22000343521687132,-0.2566564877975686,-0.4287599577809537,35,557788__619747
557788,W. Fofana,412027,E. Konsa,-0.6359749071616283,0.2659634129696092,-0.06131581054391025,-0.434844223345427,36,412027__557788
557788,W. Fofana,393247,I. Konaté,-0.6049979543357659,0.2273627399989579,-0.22537771764709263,-0.47213087149473026,37,393247__557788
557788,W. Fofana,7953,C. Coady,-0.9446563608749213,0.28891940843265634,0.03625255045287926,-0.6013382419101911,38,7953__557788
557788,W. Fofana,590874,Toti,-0.8133680198671354,0.221987251091109,-0.24822480537802996,-0.6155678947959485,39,557788__590874
557788,W. Fofana,9433,J. Tarkowski,-0.7696330340506876,0.17827768686864726,-0.43400069769053934,-0.6521617163246357,40,9433__557788
557788,W. Fofana,62126,M. Doherty,-0.7146609013729892,0.13178397877350195,-0.6316098539917204,-0.6855930347895451,41,62126__557788
557788,W. Fofana,7919,M. Keane,-0.8602326027642255,0.18997215705279558,-0.38429645853306577,-0.6936549522833196,42,7919__557788
557788,W. Fofana,604320,J. Branthwaite,-0.9172714638365108,0.1929384150076857,-0.3716891670122867,-0.7263176599480324,43,557788__604320
557788,W. Fofana,504375,M. Lacroix,-0.7207775878403373,0.09157291782920937,-0.8025162874152729,-0.7493861326915647,44,504375__557788
557788,W. Fofana,496001,M. Kilman,-0.8212807769149573,0.13101975582361536,-0.6348579806424072,-0.7560327982195647,45,496001__557788
557788,W. Fofana,364003,S. Bueno,-0.7548482485206163,0.07961248690310072,-0.8533509220602492,-0.7893241842594878,46,364003__557788
557788,W. Fofana,479155,N. Collins,-0.7726448524457904,0.05207838688088656,-0.9703773004202535,-0.8418512092368525,47,479155__557788
557788,W. Fofana,258154,Rúben Dias,-0.9005974435011392,0.0945091439303888,-0.7900366383114374,-0.8619011616847436,48,258154__557788
557788,W. Fofana,769441,L. Yoro,-1.1215256852974955,0.18997215705279558,-0.38429645853306577,-0.8634954559299451,49,557788__769441
557788,W. Fofana,327391,J. Bree,-1.1930485460438027,0.20087657682823806,-0.3379501187795346,-0.893764096501309,50,327391__557788
557788,W. Fofana,8136,J. Stephens,-0.8297217248069446,0.03132661899734575,-1.058577177591432,-0.9098211332815151,51,8136__557788
557788,W. Fofana,545267,R. Drăgușin,-1.1978279362047468,0.18997215705279558,-0.38429645853306577,-0.9130919190196585,52,545267__557788
557788,W. Fofana,192792,D. Burn,-0.9066108148413681,0.04720153055406991,-0.9911050828155007,-0.9361838086323144,53,192792__557788
557788,W. Fofana,415917,Gabriel Magalhaes,-0.9975409665215809,0.060356346460028534,-0.9351940320738785,-0.975719539464885,54,415917__557788
557788,W. Fofana,558243,S. van den Berg,-1.1958393960270381,0.12445599023027762,-0.662755522787333,-1.0092600403931413,55,557788__558243
557788,W. Fofana,482177,J. Kiwior,-1.0621398090724323,0.060356346460028534,-0.9351940320738785,-1.0177087871229384,56,482177__557788
557788,W. Fofana,415847,C. Romero,-1.2010735268644455,0.12001750313791906,-0.6816201331939664,-1.0192648390797778,57,415847__557788
557788,W. Fofana,285382,W. Faes,-1.061005302804141,0.03462189154768779,-1.0445714969276536,-1.0552534707473704,58,285382__557788
557788,W. Fofana,767087,A. Gray,-1.5206628410213314,0.18997215705279558,-0.38429645853306577,-1.1229346071504385,59,557788__767087
557788,W. Fofana,520300,N. Wood,-1.2011657873113204,0.04522398771727401,-0.9995101033556776,-1.1305862979268455,60,520300__557788
557788,W. Fofana,518805,L. Woolfenden,-1.5364119555367541,0.18997215705279558,-0.38429645853306577,-1.1331715315854634,61,518805__557788
557788,W. Fofana,549884,T. Harwood-Bellis,-1.3339619843886532,0.06327032520287544,-0.922808939457149,-1.1900584186626268,62,549884__557788
557788,W. Fofana,9097,L. Dunk,-1.3305718309284877,0.060356346460028534,-0.9351940320738785,-1.1921896013293745,63,9097__557788
557788,W. Fofana,8360,C. Dawson,-1.3390143675950132,0.060356346460028534,-0.9351940320738785,-1.197677250162616,64,8360__557788
557788,W. Fofana,625787,M. van de Ven,-1.455688396870893,0.08077854568193175,-0.8483948989568467,-1.2431356726009768,65,557788__625787
557788,W. Fofana,145787,J. Andersen,-1.3158028077113038,0.0,-1.191722650461995,-1.2723747526740457,66,145787__557788
557788,W. Fofana,366217,K. Danso,-1.635182393385484,0.060356346460028534,-0.9351940320738785,-1.3901864669264221,67,366217__557788
557788,W. Fofana,50102,F. Schär,-1.5508682661554603,0.0,-1.191722650461995,-1.4251673006627474,68,50102__557788
557788,W. Fofana,234399,A. Webster,-1.6962106941386972,0.060356346460028534,-0.9351940320738785,-1.4298548624160108,69,234399__557788
557788,W. Fofana,402884,K. Walker-Peters,-1.6617199340273332,0.010904419775442528,-1.1453763107084638,-1.480999665865729,70,402884__557788
557788,W. Fofana,653730,A. Khusanov,-1.6649080103020508,0.010904419775442528,-1.1453763107084638,-1.4830719154442955,71,557788__653730
557788,W. Fofana,136441,B. Davies,-2.088121841168292,0.060356346460028534,-0.9351940320738785,-1.6845971079852473,72,136441__557788
557788,W. Fofana,297957,M. Akanji,-2.1376378458149765,0.0,-1.191722650461995,-1.806567527441433,73,297957__557788
558243,S. van den Berg,568412,J. Gvardiol,1.0160813541882714,0.4828575735920266,2.0112663678942595,1.3643961089853671,1,558243__568412
558243,S. van den Berg,623641,E. Agbadou,0.9605180919434927,0.4341820141504452,1.6975477644656198,1.2184784773262372,2,558243__623641
558243,S. van den Berg,349142,N. Mazraoui,0.9670503540639013,0.37604932210388703,1.3228770432326944,1.0915896952729789,3,349142__558243
558243,S. van den Berg,447424,C. Bassey,0.2834703635334448,0.4771144164462175,1.9742511746489346,0.8752436474238662,4,447424__558243
558243,S. van den Berg,370,V. van Dijk,0.42834397126119794,0.42701286765760615,1.6513419344492628,0.8563932583770206,5,370__558243
558243,S. van den Berg,283145,T. Adarabioyo,0.16727896723903987,0.42701286765760615,1.6513419344492628,0.6867010057626178,6,283145__558243
558243,S. van den Berg,424806,E. Pinnock,0.2443218941385701,0.40105137922118794,1.484017675855445,0.6782154177394764,7,424806__558243
558243,S. van den Berg,346131,T. Chalobah,0.10796626182519714,0.4357419208457994,1.707601511265034,0.66783859912914,8,346131__558243
558243,S. van den Berg,8653,H. Maguire,0.04125931047936971,0.42701286765760615,1.6513419344492628,0.6047882288688322,9,8653__558243
558243,S. van den Berg,400549,Pau Torres,0.22199377561816588,0.37272854372343234,1.3014743111888525,0.5998119630679062,10,400549__558243
558243,S. van den Berg,270866,Diego Carlos,0.05769499845571022,0.4175794653231376,1.59054276049212,0.5941917151684536,11,270866__558243
558243,S. van den Berg,15806,J. Vestergaard,-0.04358852926992668,0.44212504474959513,1.7487413510446694,0.5837269288401818,12,15806__558243
558243,S. van den Berg,412968,M. Senesi,0.5731252204151929,0.2510506406430925,0.5172486698112124,0.5535684277037998,13,412968__558243
558243,S. van den Berg,413002,K. Mavropanos,0.0898933564892676,0.3730208616498248,1.3033583279865446,0.5146060965133145,14,413002__558243
558243,S. van den Berg,583655,C. Okoli,0.32402225939981666,0.29831942649092824,0.821900483823701,0.4982796379481762,15,558243__583655
558243,S. van den Berg,645877,Y. Mosquera,0.4318678211257748,0.25573518165994835,0.5474409815662727,0.4723184272799491,16,558243__645877
558243,S. van den Berg,578325,W. Saliba,0.09224008304859146,0.3220416444581421,0.9747924315749302,0.40113340503281,17,558243__578325
558243,S. van den Berg,534563,C. Richards,0.21795676450568482,0.2682920699755361,0.6283713193162361,0.3616018586893778,18,534563__558243
558243,S. van den Berg,240032,J. Bednarek,0.11134666805709616,0.2890889617643589,0.7624092620229108,0.3392185759451313,19,240032__558243
558243,S. van den Berg,397074,M. Guéhi,-0.010859066940685454,0.3173757945749096,0.9447205859512116,0.3235938115714785,20,397074__558243
558243,S. van den Berg,424241,N. Milenković,-0.09478802246170095,0.29562182723364994,0.8045142004134574,0.21996775554460446,21,424241__558243
558243,S. van den Berg,590703,I. Zabarnyi,0.1686098878339214,0.20554886052951182,0.22398537557251696,0.18799130854242985,22,558243__590703
558243,S. van den Berg,399581,D. O'Shea,0.04507182778684156,0.22914797880860133,0.3760839341427299,0.16092606501140244,23,399581__558243
558243,S. van den Berg,563725,Morato,-0.15212639958740862,0.2703284755602942,0.6414961467120327,0.12564149161739582,24,558243__563725
558243,S. van den Berg,590781,J. van Hecke,-0.34572321137934614,0.318736537715651,0.9534907047261346,0.1090016592575721,25,558243__590781
558243,S. van den Berg,8582,A. Cresswell,-0.0021845910971321093,0.19978919388206337,0.18686377702118162,0.0639823377442777,26,8582__558243
558243,S. van den Berg,620468,J. Greaves,-0.28043978158379784,0.26294965067004816,0.5939389195107572,0.02559276379929637,27,558243__620468
558243,S. van den Berg,7953,C. Coady,-0.4760959643458441,0.28891940843265634,0.7613164746972256,-0.043001610680769686,28,7953__558243
558243,S. van den Berg,627012,Murillo,-0.33650607492279616,0.23280394152118197,0.3996469610403355,-0.07885251233570012,29,558243__627012
558243,S. van den Berg,777938,Dean Huijsen,-0.10115704034009976,0.15400615234149606,-0.10821227382647458,-0.10362637206033094,30,558243__777938
558243,S. van den Berg,590874,Toti,-0.3694167877474092,0.2231331091985076,0.3373175282599448,-0.12205977714483533,31,558243__590874
558243,S. van den Berg,365443,M. de Ligt,-0.20128805190996454,0.1622334005115697,-0.055186878010038076,-0.1501526410449903,32,365443__558243
558243,S. van den Berg,619747,L. Colwill,-0.22117746441171282,0.16108943606854603,-0.06255983749020853,-0.1656612949891863,33,558243__619747
558243,S. van den Berg,488453,L. Martínez,-0.14957963842265842,0.1404567025812019,-0.19553976435336934,-0.16566568249840724,34,488453__558243
558243,S. van den Berg,501419,J. Todibo,-0.19328859971698212,0.1404567025812019,-0.19553976435336934,-0.19407650733971765,35,501419__558243
558243,S. van den Berg,415847,C. Romero,-0.4597406211916647,0.19488074712397668,0.15522837149905533,-0.2445014737499127,36,415847__558243
558243,S. van den Berg,504375,M. Lacroix,-0.28979730050472885,0.1404567025812019,-0.19553976435336934,-0.25680716285175303,37,504375__558243
558243,S. van den Berg,286380,I. Diop,-0.36504326688180827,0.1526239166525991,-0.11712091411545586,-0.2782704434135849,38,286380__558243
558243,S. van den Berg,393247,I. Konaté,-0.28686857577641683,0.12482572860997704,-0.2962828761067609,-0.29016358089203725,39,393247__558243
558243,S. van den Berg,288080,C. Burgess,-0.22597395641953488,0.099666412394955,-0.4584370585495754,-0.30733604216504906,40,288080__558243
558243,S. van den Berg,479155,N. Collins,-0.3937293617961993,0.1210579081518594,-0.3205668367977347,-0.36812247804673665,41,479155__558243
558243,S. van den Berg,364003,S. Bueno,-0.33690329353194864,0.09481641724105021,-0.48969573793146864,-0.3903806490717806,42,364003__558243
558243,S. van den Berg,8136,J. Stephens,-0.42411843078890216,0.08646469657342055,-0.5435233708160875,-0.465910159798417,43,8136__558243
558243,S. van den Berg,412027,E. Konsa,-0.46310148798924394,0.05399200600778134,-0.752812945516284,-0.5645004981237078,44,412027__558243
558243,S. van den Berg,496001,M. Kilman,-0.5315229741796299,0.07320248421443018,-0.6289995890119956,-0.5656397893709579,45,496001__558243
558243,S. van den Berg,9433,J. Tarkowski,-0.4721919321982874,0.05399200600778134,-0.752812945516284,-0.5704092868595863,46,9433__558243
558243,S. van den Berg,520300,N. Wood,-0.7245571577640302,0.08646469657342055,-0.5435233708160875,-0.6611953323322503,47,520300__558243
558243,S. van den Berg,327391,J. Bree,-0.7275451717025245,0.08646469657342055,-0.5435233708160875,-0.6631375413922715,48,327391__558243
558243,S. van den Berg,604320,J. Branthwaite,-0.6496183579793458,0.05399200600778134,-0.752812945516284,-0.685736463617274,49,558243__604320
558243,S. van den Berg,402884,K. Walker-Peters,-0.770848771691641,0.08646469657342055,-0.5435233708160875,-0.6912848813851973,50,402884__558243
558243,S. van den Berg,62126,M. Doherty,-0.5414703193271421,0.00573003325487054,-1.0638659434571813,-0.7243087877726558,51,62126__558243
558243,S. van den Berg,258154,Rúben Dias,-0.665743082479242,0.03415279747036026,-0.8806785287143367,-0.7409704886615252,52,258154__558243
558243,S. van den Berg,285382,W. Faes,-0.6715662684632084,0.03462189154768779,-0.8776551728350385,-0.7436973849933489,53,285382__558243
558243,S. van den Berg,192792,D. Burn,-0.622459653387227,0.0,-1.100796551979002,-0.7898775678943482,54,192792__558243
558243,S. van den Berg,7919,M. Keane,-0.6612211864391186,0.0,-1.100796551979002,-0.8150725643780778,55,7919__558243
558243,S. van den Berg,769441,L. Yoro,-0.7235986143422735,0.0,-1.100796551979002,-0.8556178925151284,56,558243__769441
558243,S. van den Berg,415917,Gabriel Magalhaes,-0.7254643708334634,0.0,-1.100796551979002,-0.8568306342344019,57,415917__558243
558243,S. van den Berg,482177,J. Kiwior,-0.7514962596018813,0.0,-1.100796551979002,-0.8737513619338735,58,482177__558243
558243,S. van den Berg,50102,F. Schär,-0.9877911590310486,0.030619990639000116,-0.9034478042610845,-0.9582709848615611,59,50102__558243
558243,S. van den Berg,145787,J. Andersen,-0.8843001166197758,0.0,-1.100796551979002,-0.960073868995505,60,145787__558243
558243,S. van den Berg,549884,T. Harwood-Bellis,-0.9752004998000894,0.0,-1.100796551979002,-1.0191591180627086,61,549884__558243
558243,S. van den Berg,653730,A. Khusanov,-1.131434450774259,0.04238519152253696,-0.8276199671990301,-1.025099381522929,62,558243__653730
558243,S. van den Berg,545267,R. Drăgușin,-0.9877276726027269,0.0,-1.100796551979002,-1.0273017803844233,63,545267__558243
558243,S. van den Berg,9097,L. Dunk,-1.0397703023078362,0.0,-1.100796551979002,-1.0611294896927443,64,9097__558243
558243,S. van den Berg,767087,A. Gray,-1.0872015108415012,0.0,-1.100796551979002,-1.0919597752396264,65,558243__767087
558243,S. van den Berg,557788,W. Fofana,-1.1958393960270381,0.030619990639000116,-0.9034478042610845,-1.0935023389089544,66,557788__558243
558243,S. van den Berg,8360,C. Dawson,-1.0926914960733205,0.0,-1.100796551979002,-1.0955282656403091,67,8360__558243
558243,S. van den Berg,625787,M. van de Ven,-1.1000415039051599,0.0,-1.100796551979002,-1.1003057707310047,68,558243__625787
558243,S. van den Berg,366217,K. Danso,-1.168665738830399,0.0,-1.100796551979002,-1.1449115234324099,69,366217__558243
558243,S. van den Berg,234399,A. Webster,-1.1703424842521164,0.0,-1.100796551979002,-1.1460014079565264,70,234399__558243
558243,S. van den Berg,518805,L. Woolfenden,-1.2042348791784927,0.0,-1.100796551979002,-1.168031464658671,71,518805__558243
558243,S. van den Berg,297957,M. Akanji,-1.3827363607082235,0.0,-1.100796551979002,-1.284057427652996,72,297957__558243
558243,S. van den Berg,136441,B. Davies,-1.4536896693541106,0.0,-1.100796551979002,-1.3301770782728226,73,136441__558243
563725,Morato,568412,J. Gvardiol,1.3225678028269439,0.04509396760061471,1.140918880176072,1.2589906798991386,1,563725__568412
563725,Morato,370,V. van Dijk,0.8163100555592822,0.04509396760061471,1.140918880176072,0.9299231441751585,2,370__563725
563725,Morato,400549,Pau Torres,0.6161047119950163,0.04509396760061471,1.140918880176072,0.7997896708583857,3,400549__563725
563725,Morato,283145,T. Adarabioyo,0.555693324552845,0.04509396760061471,1.140918880176072,0.7605222690209744,4,283145__563725
563725,Morato,424806,E. Pinnock,0.537128256505925,0.04509396760061471,1.140918880176072,0.7484549747904764,5,424806__563725
563725,Morato,590703,I. Zabarnyi,0.49090077935532217,0.04509396760061471,1.140918880176072,0.7184071146425846,6,563725__590703
563725,Morato,8653,H. Maguire,0.4319836372487391,0.04509396760061471,1.140918880176072,0.6801109722733056,7,8653__563725
563725,Morato,501419,J. Todibo,0.4165784100340381,0.04509396760061471,1.140918880176072,0.6700975745837499,8,501419__563725
563725,Morato,399581,D. O'Shea,0.39197533589787464,0.04509396760061471,1.140918880176072,0.6541055763952437,9,399581__563725
563725,Morato,8582,A. Cresswell,0.3919263452797182,0.04509396760061471,1.140918880176072,0.654073732493442,10,8582__563725
563725,Morato,240032,J. Bednarek,0.37444806553669174,0.04509396760061471,1.140918880176072,0.6427128506604748,11,240032__563725
563725,Morato,346131,T. Chalobah,0.38576802845369274,0.04298286272828048,1.0424628472493036,0.6156112150321565,12,346131__563725
563725,Morato,397074,M. Guéhi,0.3171403799635628,0.04509396760061471,1.140918880176072,0.605462855037941,13,397074__563725
563725,Morato,424241,N. Milenković,0.29313161444262775,0.04509396760061471,1.140918880176072,0.5898571574493332,14,424241__563725
563725,Morato,777938,Dean Huijsen,0.2621608873383738,0.04509396760061471,1.140918880176072,0.5697261848315681,15,563725__777938
563725,Morato,288080,C. Burgess,0.24576898824402396,0.04509396760061471,1.140918880176072,0.5590714504202408,16,288080__563725
563725,Morato,620468,J. Greaves,0.18812484365232274,0.04509396760061471,1.140918880176072,0.5216027564356349,17,563725__620468
563725,Morato,413002,K. Mavropanos,0.5311045964341968,0.0288217077888927,0.3820261464179408,0.47892713892850725,18,413002__563725
563725,Morato,534563,C. Richards,0.4603119454828785,0.031341560358989544,0.4995450299482228,0.47404352504574904,19,534563__563725
563725,Morato,623641,E. Agbadou,1.221104858715344,0.0,-0.962137778480462,0.45696993569681194,20,563725__623641
563725,Morato,412027,E. Konsa,0.05856004293406046,0.04509396760061471,1.140918880176072,0.43738563596876445,21,412027__563725
563725,Morato,349142,N. Mazraoui,1.1637221015506045,0.0,-0.962137778480462,0.4196711435397313,22,349142__563725
563725,Morato,327391,J. Bree,0.012284866667465727,0.04509396760061471,1.140918880176072,0.4073067713954779,23,327391__563725
563725,Morato,62126,M. Doherty,0.008021174998765035,0.04509396760061471,1.140918880176072,0.40453537181082244,24,62126__563725
563725,Morato,7919,M. Keane,-0.012916689018878505,0.04509396760061471,1.140918880176072,0.3909257601993541,25,7919__563725
563725,Morato,496001,M. Kilman,-0.053405561891384595,0.04509396760061471,1.140918880176072,0.36460799283222517,26,496001__563725
563725,Morato,769441,L. Yoro,-0.07529742769954224,0.04509396760061471,1.140918880176072,0.3503782800569227,27,563725__769441
563725,Morato,192792,D. Burn,-0.05603728707950886,0.044159940824265276,1.0973584809501145,0.34765123173085927,28,192792__563725
563725,Morato,545267,R. Drăgușin,-0.11688809533548175,0.04509396760061471,1.140918880176072,0.323344346093562,29,545267__563725
563725,Morato,558243,S. van den Berg,-0.15212639958740862,0.04509396760061471,1.140918880176072,0.3004394483298095,30,558243__563725
563725,Morato,549884,T. Harwood-Bellis,-0.19074791662589852,0.04509396760061471,1.140918880176072,0.2753354622547911,31,549884__563725
563725,Morato,604320,J. Branthwaite,-0.004306194486608926,0.03602128656059796,0.7177943850758891,0.24842900836026538,32,563725__604320
563725,Morato,767087,A. Gray,-0.28159570957930347,0.04509396760061471,1.140918880176072,0.21628439683507789,33,563725__767087
563725,Morato,518805,L. Woolfenden,-0.3333953019112475,0.04509396760061471,1.140918880176072,0.18261466181931427,34,518805__563725
563725,Morato,520300,N. Wood,-0.08095853981434069,0.03431956794183148,0.6384309832112933,0.17082779324463118,35,520300__563725
563725,Morato,412968,M. Senesi,0.7695831871231281,0.0,-0.962137778480462,0.1634808491618716,36,412968__563725
563725,Morato,583655,C. Okoli,0.5434127654340204,0.007725267667151619,-0.6018528784867482,0.1425697900617514,37,563725__583655
563725,Morato,645877,Y. Mosquera,0.6499041972789146,0.0,-0.962137778480462,0.08568950576313283,38,563725__645877
563725,Morato,504375,M. Lacroix,0.163129702474737,0.01567465090143116,-0.2311158546096053,0.02514375749521719,39,504375__563725
563725,Morato,8136,J. Stephens,0.043481191061082725,0.020422199221903223,-0.00970346534966553,0.024866561317320835,40,8136__563725
563725,Morato,447424,C. Bassey,0.4619065208260209,0.0,-0.962137778480462,-0.036508983931248074,41,447424__563725
563725,Morato,270866,Diego Carlos,0.39565951239274766,0.0,-0.962137778480462,-0.0795695394128757,42,270866__563725
563725,Morato,578325,W. Saliba,0.2908480705085146,0.0,-0.962137778480462,-0.14769697663762718,43,563725__578325
563725,Morato,488453,L. Martínez,0.2791836348900058,0.0,-0.962137778480462,-0.15527885978965789,44,488453__563725
563725,Morato,625787,M. van de Ven,-0.2965909353819832,0.020422199221903223,-0.00970346534966553,-0.19618032087067203,45,563725__625787
563725,Morato,15806,J. Vestergaard,0.16750007608337045,0.0,-0.962137778480462,-0.22787317301397086,46,15806__563725
563725,Morato,479155,N. Collins,-0.020258165595227473,0.006580755527005183,-0.6552297269948708,-0.24249821208510264,47,479155__563725
563725,Morato,364003,S. Bueno,0.11381547154374594,0.0,-0.962137778480462,-0.2627681659647268,48,364003__563725
563725,Morato,365443,M. de Ligt,0.1098067372318014,0.0,-0.962137778480462,-0.26537384326749075,49,365443__563725
563725,Morato,627012,Murillo,0.07703477610919987,0.0,-0.962137778480462,-0.2866756179971818,50,563725__627012
563725,Morato,619747,L. Colwill,0.07626428550347536,0.0,-0.962137778480462,-0.28717643689090266,51,563725__619747
563725,Morato,590781,J. van Hecke,0.05280729662905624,0.0,-0.962137778480462,-0.3024234796592751,52,563725__590781
563725,Morato,393247,I. Konaté,0.020302402796659347,0.0,-0.962137778480462,-0.3235516606503331,53,393247__563725
563725,Morato,9433,J. Tarkowski,-0.01612883748756372,0.0,-0.962137778480462,-0.34723196683507807,54,9433__563725
563725,Morato,286380,I. Diop,-0.01902712050732966,0.0,-0.962137778480462,-0.34911585079792595,55,286380__563725
563725,Morato,590874,Toti,-0.03362018752557977,0.0,-0.962137778480462,-0.3586013443597885,56,563725__590874
563725,Morato,7953,C. Coady,-0.1037497379128366,0.0,-0.962137778480462,-0.4041855521115055,57,7953__563725
563725,Morato,402884,K. Walker-Peters,-0.1156839735086706,0.0,-0.962137778480462,-0.41194280524879756,58,402884__563725
563725,Morato,258154,Rúben Dias,-0.16269815962995754,0.0,-0.962137778480462,-0.44250202622763407,59,258154__563725
563725,Morato,415847,C. Romero,-0.17840709156287043,0.0,-0.962137778480462,-0.45271283198402745,60,415847__563725
563725,Morato,482177,J. Kiwior,-0.17927684089699508,0.0,-0.962137778480462,-0.45327816905120843,61,482177__563725
563725,Morato,285382,W. Faes,-0.2014651079788667,0.0,-0.962137778480462,-0.467700542654425,62,285382__563725
563725,Morato,415917,Gabriel Magalhaes,-0.22324882342226676,0.0,-0.962137778480462,-0.48185995769263507,63,415917__563725
563725,Morato,8360,C. Dawson,-0.29588563195127887,0.0,-0.962137778480462,-0.529073883236493,64,8360__563725
563725,Morato,50102,F. Schär,-0.2966719323090386,0.0,-0.962137778480462,-0.5295849784690367,65,50102__563725
563725,Morato,145787,J. Andersen,-0.2974845826425311,0.0,-0.962137778480462,-0.5301132011858068,66,145787__563725
563725,Morato,9097,L. Dunk,-0.32041300162909997,0.0,-0.962137778480462,-0.5450166735270766,67,9097__563725
563725,Morato,366217,K. Danso,-0.4312520019963702,0.0,-0.962137778480462,-0.6170620237658023,68,366217__563725
563725,Morato,234399,A. Webster,-0.4494019231769383,0.0,-0.962137778480462,-0.6288594725331715,69,234399__563725
563725,Morato,653730,A. Khusanov,-0.4823930477451873,0.0,-0.962137778480462,-0.6503037035025334,70,563725__653730
563725,Morato,557788,W. Fofana,-0.49108329698493247,0.0,-0.962137778480462,-0.6559523655083678,71,557788__563725
563725,Morato,297957,M. Akanji,-0.596562023627998,0.0,-0.962137778480462,-0.7245135378263604,72,297957__563725
563725,Morato,136441,B. Davies,-0.6675153322738849,0.0,-0.962137778480462,-0.7706331884461869,73,136441__563725
568412,J. Gvardiol,349142,N. Mazraoui,2.3382318242739917,0.02650849334951629,1.4332486721598534,2.0214877210340436,1,349142__568412
568412,J. Gvardiol,412968,M. Senesi,2.051998234892756,0.02650849334951629,1.4332486721598534,1.8354358879362402,2,412968__568412
568412,J. Gvardiol,645877,Y. Mosquera,1.73462766526865,0.02650849334951629,1.4332486721598534,1.6291450176805713,3,568412__645877
568412,J. Gvardiol,534563,C. Richards,1.6834613251215935,0.02650849334951629,1.4332486721598534,1.5958868965849846,4,534563__568412
568412,J. Gvardiol,583655,C. Okoli,1.639596963822862,0.02650849334951629,1.4332486721598534,1.567375061740809,5,568412__583655
568412,J. Gvardiol,590703,I. Zabarnyi,1.5803566632565067,0.02650849334951629,1.4332486721598534,1.5288688663726782,6,568412__590703
568412,J. Gvardiol,240032,J. Bednarek,1.529812534714502,0.02650849334951629,1.4332486721598534,1.4960151828203752,7,240032__568412
568412,J. Gvardiol,447424,C. Bassey,1.5023993155829953,0.02650849334951629,1.4332486721598534,1.4781965903848957,8,447424__568412
568412,J. Gvardiol,501419,J. Todibo,1.4861769589777742,0.02650849334951629,1.4332486721598534,1.467652058591502,9,501419__568412
568412,J. Gvardiol,488453,L. Martínez,1.4467983775668984,0.02650849334951629,1.4332486721598534,1.4420559806744326,10,488453__568412
568412,J. Gvardiol,346131,T. Chalobah,1.4460168035553131,0.02650849334951629,1.4332486721598534,1.4415479575669021,11,346131__568412
568412,J. Gvardiol,364003,S. Bueno,1.396230519313374,0.02650849334951629,1.4332486721598534,1.409186872809642,12,364003__568412
568412,J. Gvardiol,504375,M. Lacroix,1.3806225605435025,0.02650849334951629,1.4332486721598534,1.3990416996092254,13,504375__568412
568412,J. Gvardiol,777938,Dean Huijsen,1.3680728205060588,0.02650849334951629,1.4332486721598534,1.3908843685848868,14,568412__777938
568412,J. Gvardiol,563725,Morato,1.3225678028269439,0.02650849334951629,1.4332486721598534,1.3613061070934622,15,563725__568412
568412,J. Gvardiol,8136,J. Stephens,1.2750970947184994,0.02650849334951629,1.4332486721598534,1.3304501468229732,16,8136__568412
568412,J. Gvardiol,479155,N. Collins,1.232673282916004,0.02650849334951629,1.4332486721598534,1.3028746691513513,17,479155__568412
568412,J. Gvardiol,402884,K. Walker-Peters,1.1667310742609571,0.02650849334951629,1.4332486721598534,1.260012233525571,18,402884__568412
568412,J. Gvardiol,327391,J. Bree,1.1592355301378627,0.02650849334951629,1.4332486721598534,1.2551401298455596,19,327391__568412
568412,J. Gvardiol,520300,N. Wood,1.1398817878192733,0.02650849334951629,1.4332486721598534,1.2425601973384763,20,520300__568412
568412,J. Gvardiol,415847,C. Romero,1.1162275703366988,0.02650849334951629,1.4332486721598534,1.2271849559748031,21,415847__568412
568412,J. Gvardiol,50102,F. Schär,0.9739577157831533,0.02650849334951629,1.4332486721598534,1.1347095505149984,22,50102__568412
568412,J. Gvardiol,557788,W. Fofana,0.8051747481368436,0.02650849334951629,1.4332486721598534,1.0250006215448972,23,557788__568412
568412,J. Gvardiol,623641,E. Agbadou,1.9307520206944178,0.0,-0.7191421137438762,1.003289073641015,24,568412__623641
568412,J. Gvardiol,619747,L. Colwill,1.2941643437089632,0.011812930564160025,0.24002378699497298,0.9252151488590666,25,568412__619747
568412,J. Gvardiol,653730,A. Khusanov,0.8050530676465139,0.018080808905541743,0.7489521297444764,0.7854177393808008,26,568412__653730
568412,J. Gvardiol,424806,E. Pinnock,1.462594945057686,0.002384311311578064,-0.5255449284907843,0.7667459893157215,27,424806__568412
568412,J. Gvardiol,370,V. van Dijk,1.4915260689615786,0.0,-0.7191421137438762,0.7177922050146694,28,370__568412
568412,J. Gvardiol,578325,W. Saliba,1.327121037468846,0.0034298311156105393,-0.4406526200895436,0.7084002573234097,29,568412__578325
568412,J. Gvardiol,283145,T. Adarabioyo,1.4097671112656238,0.0,-0.7191421137438762,0.6646488825122988,30,283145__568412
568412,J. Gvardiol,400549,Pau Torres,1.3983967110614144,0.0,-0.7191421137438762,0.6572581223795627,31,400549__568412
568412,J. Gvardiol,399581,D. O'Shea,1.3733693945364764,0.0,-0.7191421137438762,0.6409903666383531,32,399581__568412
568412,J. Gvardiol,397074,M. Guéhi,1.367671974760298,0.0,-0.7191421137438762,0.637287043783837,33,397074__568412
568412,J. Gvardiol,413002,K. Mavropanos,1.355941760099836,0.0,-0.7191421137438762,0.6296624042545368,34,413002__568412
568412,J. Gvardiol,270866,Diego Carlos,1.342813624353806,0.0,-0.7191421137438762,0.6211291160196173,35,270866__568412
568412,J. Gvardiol,8582,A. Cresswell,1.3232007327950115,0.0,-0.7191421137438762,0.6083807365064009,36,8582__568412
568412,J. Gvardiol,424241,N. Milenković,1.3209013226759345,0.0,-0.7191421137438762,0.6068861199290008,37,424241__568412
568412,J. Gvardiol,8653,H. Maguire,1.3100954472117365,0.0,-0.7191421137438762,0.5998623008772721,38,8653__568412
568412,J. Gvardiol,365443,M. de Ligt,1.285435472762586,0.0,-0.7191421137438762,0.5838333174853243,39,365443__568412
568412,J. Gvardiol,620468,J. Greaves,1.2583953623085153,0.0,-0.7191421137438762,0.5662572456901783,40,568412__620468
568412,J. Gvardiol,393247,I. Konaté,1.2451070587043382,0.0,-0.7191421137438762,0.5576198483474633,41,393247__568412
568412,J. Gvardiol,288080,C. Burgess,1.2436598342123486,0.0,-0.7191421137438762,0.55667915242767,42,288080__568412
568412,J. Gvardiol,590874,Toti,1.1816197650694873,0.0011458581073985833,-0.6261027093613257,0.5489168990187028,43,568412__590874
568412,J. Gvardiol,627012,Murillo,1.2279483696923417,0.0,-0.7191421137438762,0.5464667004896655,44,568412__627012
568412,J. Gvardiol,9433,J. Tarkowski,1.1797709805712786,0.0,-0.7191421137438762,0.5151513975609745,45,9433__568412
568412,J. Gvardiol,286380,I. Diop,1.1763134775186608,0.0,-0.7191421137438762,0.5129040205767729,46,286380__568412
568412,J. Gvardiol,62126,M. Doherty,1.1749899252595135,0.0,-0.7191421137438762,0.5120437116083272,47,62126__568412
568412,J. Gvardiol,590781,J. van Hecke,1.1514130933169566,0.0,-0.7191421137438762,0.4967187708456652,48,568412__590781
568412,J. Gvardiol,412027,E. Konsa,1.1496374699521776,0.0,-0.7191421137438762,0.4955646156585588,49,412027__568412
568412,J. Gvardiol,192792,D. Burn,1.143533875981096,0.0,-0.7191421137438762,0.4915972795773558,50,192792__568412
568412,J. Gvardiol,15806,J. Vestergaard,1.128183192591209,0.0,-0.7191421137438762,0.4816193353739292,51,15806__568412
568412,J. Gvardiol,496001,M. Kilman,1.1196733426895764,0.0,-0.7191421137438762,0.476087932937868,52,496001__568412
568412,J. Gvardiol,7919,M. Keane,1.10449192064459,0.0,-0.7191421137438762,0.4662200086086269,53,7919__568412
568412,J. Gvardiol,604320,J. Branthwaite,1.0965941004519641,0.0,-0.7191421137438762,0.46108642548342005,54,568412__604320
568412,J. Gvardiol,482177,J. Kiwior,1.0836060780639436,0.0,-0.7191421137438762,0.45264421093120677,55,482177__568412
568412,J. Gvardiol,769441,L. Yoro,1.0603241728365698,0.0,-0.7191421137438762,0.43751097253341376,56,568412__769441
568412,J. Gvardiol,258154,Rúben Dias,1.0575947925392564,0.0,-0.7191421137438762,0.43573687534016003,57,258154__568412
568412,J. Gvardiol,285382,W. Faes,1.0514078859838332,0.0,-0.7191421137438762,0.43171538607913496,58,285382__568412
568412,J. Gvardiol,7953,C. Coady,1.0381508554895529,0.0,-0.7191421137438762,0.42309831625785277,59,7953__568412
568412,J. Gvardiol,415917,Gabriel Magalhaes,1.029624170540433,0.0,-0.7191421137438762,0.4175559710409248,60,415917__568412
568412,J. Gvardiol,558243,S. van den Berg,1.0160813541882714,0.0,-0.7191421137438762,0.4087531404120198,61,558243__568412
568412,J. Gvardiol,545267,R. Drăgușin,1.000520514327987,0.0,-0.7191421137438762,0.3986385945028349,62,545267__568412
568412,J. Gvardiol,549884,T. Harwood-Bellis,0.9958328872828511,0.0,-0.7191421137438762,0.39559163692349664,63,549884__568412
568412,J. Gvardiol,145787,J. Andersen,0.9636048630178017,0.0,-0.7191421137438762,0.3746434211512145,64,145787__568412
568412,J. Gvardiol,8360,C. Dawson,0.9257263502500598,0.0,-0.7191421137438762,0.3500223878521822,65,8360__568412
568412,J. Gvardiol,9097,L. Dunk,0.9098825949503946,0.0,-0.7191421137438762,0.3397239469073998,66,9097__568412
568412,J. Gvardiol,625787,M. van de Ven,0.9054829144685048,0.0,-0.7191421137438762,0.3368641545941715,67,568412__625787
568412,J. Gvardiol,767087,A. Gray,0.8358129000841655,0.0,-0.7191421137438762,0.29157864524435095,68,568412__767087
568412,J. Gvardiol,366217,K. Danso,0.8216209919663295,0.0,-0.7191421137438762,0.2823539049677576,69,366217__568412
568412,J. Gvardiol,234399,A. Webster,0.8034710707857615,0.0,-0.7191421137438762,0.2705564562003884,70,234399__568412
568412,J. Gvardiol,518805,L. Woolfenden,0.7840133077522217,0.0,-0.7191421137438762,0.2579089102285874,71,518805__568412
568412,J. Gvardiol,297957,M. Akanji,0.656310970334702,0.0,-0.7191421137438762,0.17490239090719967,72,297957__568412
568412,J. Gvardiol,136441,B. Davies,0.5853576616888145,0.0,-0.7191421137438762,0.1287827402873728,73,136441__568412
578325,W. Saliba,568412,J. Gvardiol,1.327121037468846,0.18997215705279558,1.7408560702333804,1.471928298936433,1,568412__578325
578325,W. Saliba,283145,T. Adarabioyo,0.7008630129485767,0.18997215705279558,1.7408560702333804,1.064860582998258,2,283145__578325
578325,W. Saliba,424806,E. Pinnock,0.6401088605507484,0.18997215705279558,1.7408560702333804,1.0253703839396695,3,424806__578325
578325,W. Saliba,400549,Pau Torres,0.6336829036716995,0.18997215705279558,1.7408560702333804,1.0211935119682878,4,400549__578325
578325,W. Saliba,8582,A. Cresswell,0.458335600497752,0.18997215705279558,1.7408560702333804,0.9072177649052219,5,8582__578325
578325,W. Saliba,288080,C. Burgess,0.37061770718487996,0.18997215705279558,1.7408560702333804,0.8502011342518551,6,288080__578325
578325,W. Saliba,370,V. van Dijk,0.8741811036423282,0.11961922623666876,0.6538138548753688,0.7970525665738925,7,370__578325
578325,W. Saliba,412027,E. Konsa,0.2765953429247091,0.18997215705279558,1.7408560702333804,0.789086597482744,8,412027__578325
578325,W. Saliba,349142,N. Mazraoui,1.346359169854171,0.060356346460028534,-0.2618729739969741,0.7834779195062703,9,349142__578325
578325,W. Saliba,327391,J. Bree,0.26379822243603224,0.18997215705279558,1.7408560702333804,0.780768469165104,10,327391__578325
578325,W. Saliba,7919,M. Keane,0.23144979361712167,0.18997215705279558,1.7408560702333804,0.7597419904328122,11,7919__578325
578325,W. Saliba,769441,L. Yoro,0.169069054936458,0.18997215705279558,1.7408560702333804,0.7191945102903807,12,578325__769441
578325,W. Saliba,623641,E. Agbadou,1.2078873888094963,0.060356346460028534,-0.2618729739969741,0.6934712618272317,13,578325__623641
578325,W. Saliba,399581,D. O'Shea,0.4685778024388757,0.1490245527887217,1.1081635308257867,0.6924328073742945,14,399581__578325
578325,W. Saliba,545267,R. Drăgușin,0.1274783873005186,0.18997215705279558,1.7408560702333804,0.6921605763270202,15,545267__578325
578325,W. Saliba,767087,A. Gray,-0.03722922694330322,0.18997215705279558,1.7408560702333804,0.5851006270685359,16,578325__767087
578325,W. Saliba,397074,M. Guéhi,0.467176322533103,0.12526483179598719,0.7410456375892772,0.563030582802764,17,397074__578325
578325,W. Saliba,620468,J. Greaves,0.3836602627469725,0.13361416408718857,0.8700534353498113,0.5538978731579661,18,578325__620468
578325,W. Saliba,518805,L. Woolfenden,-0.08902881927524714,0.18997215705279558,1.7408560702333804,0.5514308920527724,19,518805__578325
578325,W. Saliba,501419,J. Todibo,0.5314121836996382,0.11345692572722699,0.5585984783476596,0.5409273868264457,20,501419__578325
578325,W. Saliba,534563,C. Richards,0.7118253012514452,0.09169790681901807,0.22239397565515237,0.5405243372927427,21,534563__578325
578325,W. Saliba,346131,T. Chalobah,0.5900135299080623,0.10333920918830902,0.4022668959495508,0.5243022080225833,22,346131__578325
578325,W. Saliba,424241,N. Milenković,0.42156386810041957,0.123204088953414,0.70920454100826,0.5222381036181637,23,424241__578325
578325,W. Saliba,240032,J. Bednarek,0.5674850766285937,0.1037032576857867,0.4078919080223268,0.5116274676164003,24,240032__578325
578325,W. Saliba,62126,M. Doherty,0.2523876576347654,0.12605394551863142,0.7532384477434771,0.42768543417281446,25,62126__578325
578325,W. Saliba,645877,Y. Mosquera,0.7234603256295148,0.060356346460028534,-0.2618729739969741,0.3785936707602437,26,578325__645877
578325,W. Saliba,590703,I. Zabarnyi,0.5943915307624978,0.07321751138272645,-0.0631516265353621,0.36425142570824687,27,578325__590703
578325,W. Saliba,558243,S. van den Berg,0.09224008304859146,0.12445599023027762,0.7285480071812342,0.3149478564950164,28,558243__578325
578325,W. Saliba,270866,Diego Carlos,0.5892356238858377,0.060356346460028534,-0.2618729739969741,0.2913476146268536,29,270866__578325
578325,W. Saliba,8653,H. Maguire,0.48087007539843996,0.05973189931541444,-0.27152147619270195,0.2175330323415403,30,8653__578325
578325,W. Saliba,488453,L. Martínez,0.4480407767554846,0.060356346460028534,-0.2618729739969741,0.19957096399212404,31,488453__578325
578325,W. Saliba,413002,K. Mavropanos,0.6480153425354883,0.0288217077888927,-0.7491232290173111,0.15901684249200854,32,413002__578325
578325,W. Saliba,777938,Dean Huijsen,0.36606800267832607,0.06110217208555873,-0.2503490199720016,0.15032204475071137,33,578325__777938
578325,W. Saliba,412968,M. Senesi,0.8506111252058912,0.0,-1.1944552531674322,0.13483789277522806,34,412968__578325
578325,W. Saliba,364003,S. Bueno,0.31882612822451684,0.060356346460028534,-0.2618729739969741,0.11558144244699502,35,364003__578325
578325,W. Saliba,365443,M. de Ligt,0.2959466170419621,0.060356346460028534,-0.2618729739969741,0.10070976017833445,36,365443__578325
578325,W. Saliba,563725,Morato,0.2908480705085146,0.060356346460028534,-0.2618729739969741,0.09739570493159354,37,563725__578325
578325,W. Saliba,619747,L. Colwill,0.28747607370669626,0.060356346460028534,-0.2618729739969741,0.09520390701041163,38,578325__619747
578325,W. Saliba,627012,Murillo,0.2725701952038496,0.060356346460028534,-0.2618729739969741,0.08551508598356132,39,578325__627012
578325,W. Saliba,393247,I. Konaté,0.214043015056737,0.060356346460028534,-0.2618729739969741,0.047472418887938114,40,393247__578325
578325,W. Saliba,9433,J. Tarkowski,0.16939521363062615,0.060356346460028534,-0.2618729739969741,0.018451347960966064,41,9433__578325
578325,W. Saliba,286380,I. Diop,0.155492022164759,0.060356346460028534,-0.2618729739969741,0.00941427350815241,42,286380__578325
578325,W. Saliba,625787,M. van de Ven,-0.052224452745983085,0.08077854568193175,0.053675965146461495,-0.015159306483627483,43,578325__625787
578325,W. Saliba,583655,C. Okoli,0.5551182218199684,0.007725267667151619,-1.0750900471736382,-0.015454672327793906,44,578325__583655
578325,W. Saliba,258154,Rúben Dias,0.08166832300604286,0.060356346460028534,-0.2618729739969741,-0.038571130945013084,45,258154__578325
578325,W. Saliba,496001,M. Kilman,0.0964295220011558,0.057817271609185185,-0.30110490817231456,-0.042707528559558824,46,496001__578325
578325,W. Saliba,482177,J. Kiwior,0.06508964173900515,0.060356346460028534,-0.2618729739969741,-0.04934727376858759,47,482177__578325
578325,W. Saliba,192792,D. Burn,0.1438891629950276,0.04720153055406991,-0.4651316024457857,-0.06926810490925704,48,192792__578325
578325,W. Saliba,549884,T. Harwood-Bellis,0.0018656166980173111,0.06327032520287544,-0.21684829810380793,-0.07468425348262152,49,549884__578325
578325,W. Saliba,415917,Gabriel Magalhaes,0.01314916601966114,0.060356346460028534,-0.2618729739969741,-0.0831085829861612,50,415917__578325
578325,W. Saliba,447424,C. Bassey,0.4739862236597765,0.0,-1.1944552531674322,-0.1099682932297465,51,447424__578325
578325,W. Saliba,8360,C. Dawson,-0.05151914931527862,0.060356346460028534,-0.2618729739969741,-0.12514298795387205,52,8360__578325
578325,W. Saliba,504375,M. Lacroix,0.30230751651175747,0.01567465090143116,-0.9522619707669017,-0.1367918040357732,53,504375__578325
578325,W. Saliba,9097,L. Dunk,-0.07604651899309961,0.060356346460028534,-0.2618729739969741,-0.1410857782444557,54,9097__578325
578325,W. Saliba,8136,J. Stephens,0.20981781775351124,0.020422199221903223,-0.8789063140239965,-0.17123562836861644,55,8136__578325
578325,W. Saliba,604320,J. Branthwaite,0.0779731426275034,0.03602128656059796,-0.6378805847258666,-0.17257566194617607,56,578325__604320
578325,W. Saliba,520300,N. Wood,0.07602341721076608,0.03431956794183148,-0.6641743006492956,-0.18304578404025548,57,520300__578325
578325,W. Saliba,366217,K. Danso,-0.2628395383027135,0.060356346460028534,-0.2618729739969741,-0.26250124079570475,58,366217__578325
578325,W. Saliba,234399,A. Webster,-0.2809894594832814,0.060356346460028534,-0.2618729739969741,-0.27429868956307385,59,234399__578325
578325,W. Saliba,479155,N. Collins,0.16424145777237786,0.006580755527005183,-1.0927742146688142,-0.27571402758203933,60,479155__578325
578325,W. Saliba,590781,J. van Hecke,0.1538113169802462,0.0,-1.1944552531674322,-0.3180819825714412,61,578325__590781
578325,W. Saliba,590874,Toti,0.06968342590207127,0.0,-1.1944552531674322,-0.3727651117722549,62,578325__590874
578325,W. Saliba,15806,J. Vestergaard,0.03639071709257849,0.0,-1.1944552531674322,-0.3944053724984252,63,15806__578325
578325,W. Saliba,136441,B. Davies,-0.47240862574669606,0.060356346460028534,-0.2618729739969741,-0.3987211476342934,64,136441__578325
578325,W. Saliba,402884,K. Walker-Peters,-0.02147819457345146,0.0,-1.1944552531674322,-0.43202016508134466,65,402884__578325
578325,W. Saliba,285382,W. Faes,-0.025181552730734615,0.0,-1.1944552531674322,-0.43442734788357873,66,285382__578325
578325,W. Saliba,7953,C. Coady,-0.07748468820949841,0.0,-1.1944552531674322,-0.4684243859447752,67,7953__578325
578325,W. Saliba,415847,C. Romero,-0.08597757966753361,0.0,-1.1944552531674322,-0.4739447653924981,68,415847__578325
578325,W. Saliba,50102,F. Schär,-0.12053325184417005,0.0,-1.1944552531674322,-0.49640595230731177,69,50102__578325
578325,W. Saliba,145787,J. Andersen,-0.15428062245694618,0.0,-1.1944552531674322,-0.5183417432056162,70,145787__578325
578325,W. Saliba,653730,A. Khusanov,-0.3211980634153749,0.0,-1.1944552531674322,-0.6268380798285949,71,578325__653730
578325,W. Saliba,557788,W. Fofana,-0.39703040186738864,0.0,-1.1944552531674322,-0.6761290998224039,72,557788__578325
578325,W. Saliba,297957,M. Akanji,-0.5226809586778011,0.0,-1.1944552531674322,-0.7578019617491719,73,297957__578325
583655,C. Okoli,568412,J. Gvardiol,1.639596963822862,0.060356346460028534,0.7822106734348702,1.339511762187065,1,568412__583655
583655,C. Okoli,623641,E. Agbadou,1.5929313658050381,0.060356346460028534,0.7822106734348702,1.3091791234754793,2,583655__623641
583655,C. Okoli,349142,N. Mazraoui,1.4435509482419346,0.060356346460028534,0.7822106734348702,1.212081852059462,3,349142__583655
583655,C. Okoli,370,V. van Dijk,1.1471822139073486,0.060356346460028534,0.7822106734348702,1.019442174741981,4,370__583655
583655,C. Okoli,283145,T. Adarabioyo,0.9721210213985678,0.060356346460028534,0.7822106734348702,0.9056523996112736,5,283145__583655
583655,C. Okoli,400549,Pau Torres,0.946976870343083,0.060356346460028534,0.7822106734348702,0.8893087014252085,6,400549__583655
583655,C. Okoli,424806,E. Pinnock,0.9113668690007396,0.060356346460028534,0.7822106734348702,0.8661622005526853,7,424806__583655
583655,C. Okoli,270866,Diego Carlos,0.8729291633302501,0.060356346460028534,0.7822106734348702,0.8411776918668671,8,270866__583655
583655,C. Okoli,346131,T. Chalobah,0.8275480283785459,0.060356346460028534,0.7822106734348702,0.8116799541482594,9,346131__583655
583655,C. Okoli,645877,Y. Mosquera,0.8255108339458863,0.060356346460028534,0.7822106734348702,0.8103557777670306,10,583655__645877
583655,C. Okoli,534563,C. Richards,0.7468224889929418,0.060356346460028534,0.7822106734348702,0.7592083535476167,11,534563__583655
583655,C. Okoli,397074,M. Guéhi,0.7384343309830942,0.060356346460028534,0.7822106734348702,0.7537560508412158,12,397074__583655
583655,C. Okoli,8582,A. Cresswell,0.7321537350703691,0.060356346460028534,0.7822106734348702,0.7496736634979444,13,8582__583655
583655,C. Okoli,399581,D. O'Shea,0.7228474942459413,0.060356346460028534,0.7822106734348702,0.7436246069620664,14,399581__583655
583655,C. Okoli,424241,N. Milenković,0.692821876550411,0.060356346460028534,0.7822106734348702,0.7241079554599718,15,424241__583655
583655,C. Okoli,620468,J. Greaves,0.6549182711969639,0.060356346460028534,0.7822106734348702,0.6994706119802311,16,583655__620468
583655,C. Okoli,288080,C. Burgess,0.6023998835361052,0.060356346460028534,0.7822106734348702,0.665333660000673,17,288080__583655
583655,C. Okoli,501419,J. Todibo,0.5910582980486271,0.060356346460028534,0.7822106734348702,0.6579616294338122,18,501419__583655
583655,C. Okoli,488453,L. Martínez,0.5550224190486347,0.060356346460028534,0.7822106734348702,0.6345383080838172,19,488453__583655
583655,C. Okoli,627012,Murillo,0.5502854110521864,0.060356346460028534,0.7822106734348702,0.6314592528861257,20,583655__627012
583655,C. Okoli,563725,Morato,0.5434127654340204,0.060356346460028534,0.7822106734348702,0.6269920332343177,21,563725__583655
583655,C. Okoli,365443,M. de Ligt,0.5374221303734541,0.060356346460028534,0.7822106734348702,0.6230981204449497,22,365443__583655
583655,C. Okoli,619747,L. Colwill,0.5286811488063377,0.060356346460028534,0.7822106734348702,0.617416482426324,23,583655__619747
583655,C. Okoli,412027,E. Konsa,0.5083775192759343,0.060356346460028534,0.7822106734348702,0.6042191232315619,24,412027__583655
583655,C. Okoli,393247,I. Konaté,0.49542620297720064,0.060356346460028534,0.7822106734348702,0.5958007676373849,25,393247__583655
583655,C. Okoli,62126,M. Doherty,0.4841698339859904,0.060356346460028534,0.7822106734348702,0.5884841277930983,26,62126__583655
583655,C. Okoli,364003,S. Bueno,0.47686884731518414,0.060356346460028534,0.7822106734348702,0.5837384864570743,27,364003__583655
583655,C. Okoli,7919,M. Keane,0.4632319699683469,0.060356346460028534,0.7822106734348702,0.57487451618163,28,7919__583655
583655,C. Okoli,286380,I. Diop,0.44054349128481474,0.060356346460028534,0.7822106734348702,0.5601270050373341,29,286380__583655
583655,C. Okoli,9433,J. Tarkowski,0.43776191987511676,0.060356346460028534,0.7822106734348702,0.5583189836210305,30,9433__583655
583655,C. Okoli,769441,L. Yoro,0.40085123128768324,0.060356346460028534,0.7822106734348702,0.5343270360391987,31,583655__769441
583655,C. Okoli,327391,J. Bree,0.3638760785953046,0.060356346460028534,0.7822106734348702,0.5102931867891525,32,327391__583655
583655,C. Okoli,545267,R. Drăgușin,0.3592605636517435,0.060356346460028534,0.7822106734348702,0.5072931020758378,33,545267__583655
583655,C. Okoli,482177,J. Kiwior,0.3356054392203955,0.060356346460028534,0.7822106734348702,0.4919172711954616,34,482177__583655
583655,C. Okoli,558243,S. van den Berg,0.32402225939981666,0.060356346460028534,0.7822106734348702,0.4843882043120854,35,558243__583655
583655,C. Okoli,258154,Rúben Dias,0.3218248063054099,0.060356346460028534,0.7822106734348702,0.482959859800721,36,258154__583655
583655,C. Okoli,415917,Gabriel Magalhaes,0.29385418430658633,0.060356346460028534,0.7822106734348702,0.4647789555014856,37,415917__583655
583655,C. Okoli,767087,A. Gray,0.19455294940792192,0.060356346460028534,0.7822106734348702,0.4002331528173538,38,583655__767087
583655,C. Okoli,8360,C. Dawson,0.18995636401621335,0.060356346460028534,0.7822106734348702,0.3972453723127432,39,8360__583655
583655,C. Okoli,625787,M. van de Ven,0.17955772360524214,0.060356346460028534,0.7822106734348702,0.39048625604561193,40,583655__625787
583655,C. Okoli,9097,L. Dunk,0.17411260871654816,0.060356346460028534,0.7822106734348702,0.3869469313679608,41,9097__583655
583655,C. Okoli,518805,L. Woolfenden,0.14275335707597797,0.060356346460028534,0.7822106734348702,0.3665634178015902,42,518805__583655
583655,C. Okoli,366217,K. Danso,0.08585100573248297,0.060356346460028534,0.7822106734348702,0.3295768894283185,43,366217__583655
583655,C. Okoli,234399,A. Webster,0.06770108455191504,0.060356346460028534,0.7822106734348702,0.3177794406609493,44,234399__583655
583655,C. Okoli,412968,M. Senesi,1.001967079475874,0.0,-1.2806282715826762,0.2030587066053814,45,412968__583655
583655,C. Okoli,136441,B. Davies,-0.15041232454503184,0.060356346460028534,0.7822106734348702,0.17600572474793386,46,136441__583655
583655,C. Okoli,413002,K. Mavropanos,0.9192733509854798,0.0,-1.2806282715826762,0.14930778308662518,47,413002__583655
583655,C. Okoli,590703,I. Zabarnyi,0.6697711878225704,0.013485612067312011,-0.8197215500621329,0.14844872956292432,48,583655__590703
583655,C. Okoli,8653,H. Maguire,0.7515784826929459,0.0,-1.2806282715826762,0.04030611869647821,49,8653__583655
583655,C. Okoli,240032,J. Bednarek,0.6725871594197701,0.0027283943378363946,-1.1873781259466805,0.0215993095415124,50,240032__583655
583655,C. Okoli,447424,C. Bassey,0.710735489214439,0.0,-1.2806282715826762,0.013758172935448676,51,447424__583655
583655,C. Okoli,777938,Dean Huijsen,0.5580833543922428,0.0,-1.2806282715826762,-0.08546571469897885,52,583655__777938
583655,C. Okoli,578325,W. Saliba,0.5551182218199684,0.0,-1.2806282715826762,-0.08739305087095722,53,578325__583655
583655,C. Okoli,590781,J. van Hecke,0.4452985264186222,0.0,-1.2806282715826762,-0.1587758528818322,54,583655__590781
583655,C. Okoli,15806,J. Vestergaard,0.4442455832741194,0.0,-1.2806282715826762,-0.15946026592575907,55,15806__583655
583655,C. Okoli,192792,D. Burn,0.37567133934625274,0.0030415897298046394,-1.1766738389935263,-0.1676494730726699,56,192792__583655
583655,C. Okoli,590874,Toti,0.41694600840188306,0.0,-1.2806282715826762,-0.1772049895927127,57,583655__590874
583655,C. Okoli,504375,M. Lacroix,0.38849744849852863,0.0,-1.2806282715826762,-0.19569655352989307,58,504375__583655
583655,C. Okoli,479155,N. Collins,0.37349272170363584,0.0,-1.2806282715826762,-0.20544962594657337,59,479155__583655
583655,C. Okoli,8136,J. Stephens,0.3655510614770317,0.0,-1.2806282715826762,-0.21061170509386606,60,8136__583655
583655,C. Okoli,496001,M. Kilman,0.3276620971968955,0.0,-1.2806282715826762,-0.2352395318759546,61,496001__583655
583655,C. Okoli,604320,J. Branthwaite,0.3097553189787285,0.0,-1.2806282715826762,-0.24687893771776315,62,583655__604320
583655,C. Okoli,7953,C. Coady,0.308917038474487,0.0,-1.2806282715826762,-0.24742382004552013,63,7953__583655
583655,C. Okoli,285382,W. Faes,0.2572309998120634,0.0,-1.2806282715826762,-0.28101974517609546,64,285382__583655
583655,C. Okoli,520300,N. Wood,0.2380410055801189,0.0,-1.2806282715826762,-0.2934932414268594,65,520300__583655
583655,C. Okoli,549884,T. Harwood-Bellis,0.23364779304924246,0.0,-1.2806282715826762,-0.2963488295719291,66,549884__583655
583655,C. Okoli,415847,C. Romero,0.2064281157911651,0.0,-1.2806282715826762,-0.31404161978967937,67,415847__583655
583655,C. Okoli,145787,J. Andersen,0.12453742518737662,0.0,-1.2806282715826762,-0.36727056868214186,68,145787__583655
583655,C. Okoli,402884,K. Walker-Peters,0.11669991884407527,0.0,-1.2806282715826762,-0.3723649478052877,69,402884__583655
583655,C. Okoli,50102,F. Schär,0.10080497493445109,0.0,-1.2806282715826762,-0.38269666134654345,70,50102__583655
583655,C. Okoli,653730,A. Khusanov,-0.060371039915279534,0.0,-1.2806282715826762,-0.4874610709988684,71,583655__653730
583655,C. Okoli,557788,W. Fofana,-0.10154664765837262,0.0,-1.2806282715826762,-0.5142252160318789,72,557788__583655
583655,C. Okoli,297957,M. Akanji,-0.17454001579809025,0.0,-1.2806282715826762,-0.5616709053226954,73,297957__583655
590703,I. Zabarnyi,568412,J. Gvardiol,1.5803566632565067,0.0,0.0,1.0272318311167294,1,568412__590703
590703,I. Zabarnyi,623641,E. Agbadou,1.5740153470765939,0.0,0.0,1.0231099755997861,2,590703__623641
590703,I. Zabarnyi,349142,N. Mazraoui,1.4407766629243965,0.0,0.0,0.9365048309008578,3,349142__590703
590703,I. Zabarnyi,370,V. van Dijk,1.0883055761176355,0.0,0.0,0.7073986244764631,4,370__590703
590703,I. Zabarnyi,412968,M. Senesi,1.0393640880605821,0.0,0.0,0.6755866572393784,5,412968__590703
590703,I. Zabarnyi,413002,K. Mavropanos,0.9020416921160376,0.0,0.0,0.5863270998754244,6,413002__590703
590703,I. Zabarnyi,283145,T. Adarabioyo,0.888639984924543,0.0,0.0,0.577615990200953,7,283145__590703
590703,I. Zabarnyi,400549,Pau Torres,0.8877365697767272,0.0,0.0,0.5770287703548727,8,400549__590703
590703,I. Zabarnyi,270866,Diego Carlos,0.8297724086941362,0.0,0.0,0.5393520656511885,9,270866__590703
590703,I. Zabarnyi,424806,E. Pinnock,0.8278858325267148,0.0,0.0,0.5381257911423646,10,424806__590703
590703,I. Zabarnyi,645877,Y. Mosquera,0.8139588206210145,0.0,0.0,0.5290732334036595,11,590703__645877
590703,I. Zabarnyi,346131,T. Chalobah,0.7570536601513893,0.0,0.0,0.4920848790984031,12,346131__590703
590703,I. Zabarnyi,8653,H. Maguire,0.7268363750453802,0.0,0.0,0.47244364377949716,13,8653__590703
590703,I. Zabarnyi,534563,C. Richards,0.7163816528435342,0.0,0.0,0.46564807434829725,14,534563__590703
590703,I. Zabarnyi,447424,C. Bassey,0.7159720623795105,0.0,0.0,0.46538184054668186,15,447424__590703
590703,I. Zabarnyi,583655,C. Okoli,0.6697711878225704,0.0,0.0,0.4353512720846708,16,583655__590703
590703,I. Zabarnyi,399581,D. O'Shea,0.663607193679586,0.0,0.0,0.4313446758917309,17,399581__590703
590703,I. Zabarnyi,8582,A. Cresswell,0.6635582030614293,0.0,0.0,0.4313128319899291,18,8582__590703
590703,I. Zabarnyi,397074,M. Guéhi,0.6549532945090695,0.0,0.0,0.4257196414308952,19,397074__590703
590703,I. Zabarnyi,424241,N. Milenković,0.6093408400763859,0.0,0.0,0.39607154604965084,20,424241__590703
590703,I. Zabarnyi,578325,W. Saliba,0.5943915307624978,0.0,0.0,0.38635449499562363,21,578325__590703
590703,I. Zabarnyi,240032,J. Bednarek,0.5905826326572975,0.0,0.0,0.3838787112272434,22,240032__590703
590703,I. Zabarnyi,620468,J. Greaves,0.5714372347229388,0.0,0.0,0.3714342025699103,23,590703__620468
590703,I. Zabarnyi,627012,Murillo,0.5071286564160725,0.0,0.0,0.32963362667044716,24,590703__627012
590703,I. Zabarnyi,563725,Morato,0.49090077935532217,0.0,0.0,0.3190855065809594,25,563725__590703
590703,I. Zabarnyi,15806,J. Vestergaard,0.4840684933721342,0.0,0.0,0.31464452069188725,26,15806__590703
590703,I. Zabarnyi,501419,J. Todibo,0.4815202318644905,0.0,0.0,0.3129881507119188,27,501419__590703
590703,I. Zabarnyi,590781,J. van Hecke,0.4608807006089674,0.0,0.0,0.29957245539582883,28,590703__590781
590703,I. Zabarnyi,288080,C. Burgess,0.454824742376449,0.0,0.0,0.29563608254469187,29,288080__590703
590703,I. Zabarnyi,365443,M. de Ligt,0.4470894223089237,0.0,0.0,0.2906081245008004,30,365443__590703
590703,I. Zabarnyi,488453,L. Martínez,0.43993432932065046,0.0,0.0,0.2859573140584228,31,488453__590703
590703,I. Zabarnyi,777938,Dean Huijsen,0.41977313391928145,0.0,0.0,0.27285253704753293,32,590703__777938
590703,I. Zabarnyi,619747,L. Colwill,0.4135930590783534,0.0,0.0,0.26883548840092975,33,590703__619747
590703,I. Zabarnyi,590874,Toti,0.394628763052089,0.0,0.0,0.25650869598385784,34,590703__590874
590703,I. Zabarnyi,393247,I. Konaté,0.3803381132492162,0.0,0.0,0.24721977361199052,35,393247__590703
590703,I. Zabarnyi,364003,S. Bueno,0.37447042838980826,0.0,0.0,0.24340577845337538,36,364003__590703
590703,I. Zabarnyi,412027,E. Konsa,0.3529651477100391,0.0,0.0,0.22942734601152542,37,412027__590703
590703,I. Zabarnyi,286380,I. Diop,0.35146105502146874,0.0,0.0,0.2284496857639547,38,286380__590703
590703,I. Zabarnyi,504375,M. Lacroix,0.33289949994929025,0.0,0.0,0.21638467496703867,39,504375__590703
590703,I. Zabarnyi,62126,M. Doherty,0.3287574624200954,0.0,0.0,0.21369235057306202,40,62126__590703
590703,I. Zabarnyi,7953,C. Coady,0.3244992126648321,0.0,0.0,0.21092448823214088,41,7953__590703
590703,I. Zabarnyi,9433,J. Tarkowski,0.3226738301471323,0.0,0.0,0.209737989595636,42,9433__590703
590703,I. Zabarnyi,7919,M. Keane,0.30781959840245166,0.0,0.0,0.2000827389615936,43,7919__590703
590703,I. Zabarnyi,479155,N. Collins,0.29884158429574115,0.0,0.0,0.19424702979223174,44,479155__590703
590703,I. Zabarnyi,8136,J. Stephens,0.2894528343821158,0.0,0.0,0.18814434234837527,45,8136__590703
590703,I. Zabarnyi,769441,L. Yoro,0.24543885972178803,0.0,0.0,0.15953525881916222,46,590703__769441
590703,I. Zabarnyi,192792,D. Burn,0.2404309287394842,0.0,0.0,0.15628010368066475,47,192792__590703
590703,I. Zabarnyi,496001,M. Kilman,0.23247319565525978,0.0,0.0,0.15110757717591886,48,496001__590703
590703,I. Zabarnyi,327391,J. Bree,0.2211533778320178,0.0,0.0,0.14374969559081158,49,327391__590703
590703,I. Zabarnyi,482177,J. Kiwior,0.22051734949241109,0.0,0.0,0.14333627717006722,50,482177__590703
590703,I. Zabarnyi,604320,J. Branthwaite,0.20939395341764727,0.0,0.0,0.13610606972147074,51,590703__604320
590703,I. Zabarnyi,258154,Rúben Dias,0.20673671657742548,0.0,0.0,0.13437886577532657,52,258154__590703
590703,I. Zabarnyi,545267,R. Drăgușin,0.20384819208584837,0.0,0.0,0.13250132485580143,53,545267__590703
590703,I. Zabarnyi,415847,C. Romero,0.1842113750619781,0.0,0.0,0.11973739379028576,54,415847__590703
590703,I. Zabarnyi,415917,Gabriel Magalhaes,0.178766094578602,0.0,0.0,0.1161979614760913,55,415917__590703
590703,I. Zabarnyi,558243,S. van den Berg,0.1686098878339214,0.0,0.0,0.1095964270920489,56,558243__590703
590703,I. Zabarnyi,285382,W. Faes,0.16420773894951618,0.0,0.0,0.10673503031718552,57,285382__590703
590703,I. Zabarnyi,520300,N. Wood,0.16107147328420762,0.0,0.0,0.10469645763473495,58,520300__590703
590703,I. Zabarnyi,402884,K. Walker-Peters,0.10073322726112632,0.0,0.0,0.06547659771973212,59,402884__590703
590703,I. Zabarnyi,549884,T. Harwood-Bellis,0.09364629972294568,0.0,0.0,0.06087009481991469,60,549884__590703
590703,I. Zabarnyi,8360,C. Dawson,0.07486827428822895,0.0,0.0,0.04866437828734882,61,8360__590703
590703,I. Zabarnyi,145787,J. Andersen,0.06818826428585184,0.0,0.0,0.0443223717858037,62,145787__590703
590703,I. Zabarnyi,9097,L. Dunk,0.05902451898856376,0.0,0.0,0.03836593734256644,63,9097__590703
590703,I. Zabarnyi,625787,M. van de Ven,0.0546248385066741,0.0,0.0,0.03550614502933817,64,590703__625787
590703,I. Zabarnyi,767087,A. Gray,0.039140577842026764,0.0,0.0,0.025441375597317396,65,590703__767087
590703,I. Zabarnyi,50102,F. Schär,0.03777444647245956,0.0,0.0,0.024553390207098715,66,50102__590703
590703,I. Zabarnyi,518805,L. Woolfenden,-0.012659014489917159,0.0,0.0,-0.008228359418446154,67,518805__590703
590703,I. Zabarnyi,366217,K. Danso,-0.029237083995501317,0.0,0.0,-0.01900410459707586,68,366217__590703
590703,I. Zabarnyi,234399,A. Webster,-0.0473870051760695,0.0,0.0,-0.030801553364445178,69,234399__590703
590703,I. Zabarnyi,653730,A. Khusanov,-0.11672020081680459,0.0,0.0,-0.07586813053092299,70,590703__653730
590703,I. Zabarnyi,557788,W. Fofana,-0.1578958085598975,0.0,0.0,-0.10263227556393337,71,557788__590703
590703,I. Zabarnyi,297957,M. Akanji,-0.23088917669961478,0.0,0.0,-0.1500779648547496,72,297957__590703
590703,I. Zabarnyi,136441,B. Davies,-0.2655004142730162,0.0,0.0,-0.17257526927746053,73,136441__590703
590781,J. van Hecke,349142,N. Mazraoui,1.1023595393519026,0.23801517142711803,1.8885035869578324,1.377509956013978,1,349142__590781
590781,J. van Hecke,568412,J. Gvardiol,1.1514130933169566,0.19717844820764324,1.2765735971845147,1.1952192696706019,2,568412__590781
590781,J. van Hecke,645877,Y. Mosquera,0.6604647498146587,0.23801517142711803,1.8885035869578324,1.0902783428147695,3,590781__645877
590781,J. van Hecke,501419,J. Todibo,0.4229004023601697,0.25708853376488894,2.174314041375704,1.0358951760156065,4,501419__590781
590781,J. van Hecke,534563,C. Richards,0.4619805822553056,0.246277412187061,2.012311583906164,1.004596432833106,5,534563__590781
590781,J. van Hecke,488453,L. Martínez,0.2855056272161373,0.23801517142711803,1.8885035869578324,0.8465549131257306,6,488453__590781
590781,J. van Hecke,590703,I. Zabarnyi,0.4608807006089674,0.2102177993721724,1.4719656217080643,0.8147604229936514,7,590703__590781
590781,J. van Hecke,412968,M. Senesi,0.6624321446734499,0.1614876034352326,0.7417535490821536,0.6901946362164962,8,412968__590781
590781,J. van Hecke,623641,E. Agbadou,1.0288597306278504,0.11436680005852909,0.035657896562569485,0.6812390887050022,9,590781__623641
590781,J. van Hecke,240032,J. Bednarek,0.3338889598117824,0.19946058164269678,1.3107709024400862,0.6757976397316887,10,240032__590781
590781,J. van Hecke,583655,C. Okoli,0.4452985264186222,0.18538409263424113,1.0998375783167489,0.6743871945829665,11,583655__590781
590781,J. van Hecke,346131,T. Chalobah,0.22692472309953343,0.1961450706242957,1.2610886443245295,0.588882095528282,12,346131__590781
590781,J. van Hecke,424806,E. Pinnock,0.39195561956790137,0.17045984679950704,0.876200790616113,0.5614414294347754,13,424806__590781
590781,J. van Hecke,364003,S. Bueno,0.11419865691251783,0.19952558498908624,1.311744964361694,0.5333398645197295,14,364003__590781
590781,J. van Hecke,447424,C. Bassey,0.2695770101991965,0.1776588249670895,0.9840760139240946,0.5196516615029108,15,447424__590781
590781,J. van Hecke,777938,Dean Huijsen,0.21503865749908538,0.1806019214830707,1.028177716483505,0.49963732814363226,16,590781__777938
590781,J. van Hecke,327391,J. Bree,-0.05030240622721688,0.21024722665922746,1.4724065836180071,0.4826457402186115,17,327391__590781
590781,J. van Hecke,504375,M. Lacroix,0.06279561665335559,0.19333347586852068,1.218957468889581,0.4674522649360345,18,504375__590781
590781,J. van Hecke,370,V. van Dijk,0.5451247582373907,0.1262710159034609,0.21404014924964446,0.42924514509167955,19,370__590781
590781,J. van Hecke,563725,Morato,0.05280729662905624,0.1848876341460407,1.092398248868727,0.416664129912941,20,563725__590781
590781,J. van Hecke,399581,D. O'Shea,0.2952145955510956,0.13131020475855626,0.289551369089481,0.2932324662895305,21,399581__590781
590781,J. van Hecke,400549,Pau Torres,0.3229357531099072,0.1262710159034609,0.21404014924964446,0.28482229175881524,22,400549__590781
590781,J. van Hecke,619747,L. Colwill,0.05857300874596097,0.15872712175636527,0.7003882927064135,0.2832083581321193,23,590781__619747
590781,J. van Hecke,283145,T. Adarabioyo,0.2887397460428457,0.1262710159034609,0.21404014924964446,0.2625948871652253,24,283145__590781
590781,J. van Hecke,397074,M. Guéhi,0.17413624651283013,0.13496987780729705,0.34439082521463976,0.23372534905846348,25,397074__590781
590781,J. van Hecke,8582,A. Cresswell,0.23284903707165067,0.1262710159034609,0.21404014924964446,0.22626592633394849,26,8582__590781
590781,J. van Hecke,8136,J. Stephens,-0.07260039011855918,0.1498908801991989,0.5679790105842686,0.15160240012743054,27,8136__590781
590781,J. van Hecke,578325,W. Saliba,0.1538113169802462,0.12012353570475326,0.12192140909243102,0.14264984921951088,28,578325__590781
590781,J. van Hecke,288080,C. Burgess,0.08669168003595631,0.1262710159034609,0.21404014924964446,0.13126364426074716,29,288080__590781
590781,J. van Hecke,424241,N. Milenković,0.08455843890534265,0.1262710159034609,0.21404014924964446,0.12987703752584828,30,424241__590781
590781,J. van Hecke,365443,M. de Ligt,0.05255183145593596,0.11841962553506948,0.09638866183684305,0.06789472208925344,31,365443__590781
590781,J. van Hecke,479155,N. Collins,-0.09648273593950263,0.13206465812789234,0.30085669934580533,0.04258606641035516,32,479155__590781
590781,J. van Hecke,270866,Diego Carlos,0.10249055350763875,0.10491495013334137,-0.10597615171730722,0.029527206678907666,33,270866__590781
590781,J. van Hecke,393247,I. Konaté,-0.01631556114352746,0.11686408289682662,0.07307917185656074,0.014972595406503406,34,393247__590781
590781,J. van Hecke,412027,E. Konsa,-0.10051726527400709,0.1262710159034609,0.21404014924964446,0.009577829809270952,35,412027__590781
590781,J. van Hecke,520300,N. Wood,-0.2922179216419193,0.1498908801991989,0.5679790105842686,0.008851004637246473,36,520300__590781
590781,J. van Hecke,9433,J. Tarkowski,-0.07260906564418163,0.10719765356569003,-0.07177030516822666,-0.07231549947759738,37,9433__590781
590781,J. van Hecke,402884,K. Walker-Peters,-0.33207369962068656,0.13081751786142803,0.2821685561663975,-0.11708891009520712,38,402884__590781
590781,J. van Hecke,286380,I. Diop,-0.15792888211763967,0.10719765356569003,-0.07177030516822666,-0.12777338018534512,39,286380__590781
590781,J. van Hecke,15806,J. Vestergaard,-0.1467244835455943,0.0937781523082698,-0.2728588014974333,-0.19087149482873794,40,15806__590781
590781,J. van Hecke,8653,H. Maguire,0.029788465146173143,0.06591466944343236,-0.690387423784094,-0.22227309597942033,41,8653__590781
590781,J. van Hecke,620468,J. Greaves,-0.1039671934816851,0.0794297087977994,-0.48786730850805304,-0.23833223374091386,42,590781__620468
590781,J. van Hecke,62126,M. Doherty,-0.15115665633521294,0.08515974205266993,-0.4020039258803909,-0.23895320067602524,43,62126__590781
590781,J. van Hecke,415847,C. Romero,-0.3860100500074577,0.10485624924335778,-0.1068557726118215,-0.28830605291898503,44,415847__590781
590781,J. van Hecke,7919,M. Keane,-0.24090326244775984,0.0794297087977994,-0.48786730850805304,-0.32734067856886245,45,7919__590781
590781,J. van Hecke,769441,L. Yoro,-0.26542811783748266,0.0794297087977994,-0.48786730850805304,-0.3432818345721823,46,590781__769441
590781,J. van Hecke,604320,J. Branthwaite,-0.22621066181617228,0.06591466944343236,-0.690387423784094,-0.3886725285049448,47,590781__604320
590781,J. van Hecke,627012,Murillo,-0.18723542222464787,0.060356346460028534,-0.7736777629259239,-0.3924902414700945,48,590781__627012
590781,J. van Hecke,545267,R. Drăgușin,-0.3448746687643632,0.0794297087977994,-0.48786730850805304,-0.3949220926746546,49,545267__590781
590781,J. van Hecke,558243,S. van den Berg,-0.34572321137934614,0.0794297087977994,-0.48786730850805304,-0.39547364537439356,50,558243__590781
590781,J. van Hecke,413002,K. Mavropanos,0.12140546527165733,0.019073362337770867,-1.3922948815417913,-0.4083896561130496,51,413002__590781
590781,J. van Hecke,482177,J. Kiwior,-0.32339398536946623,0.060356346460028534,-0.7736777629259239,-0.4809933075142264,52,482177__590781
590781,J. van Hecke,767087,A. Gray,-0.5095822830081846,0.0794297087977994,-0.48786730850805304,-0.5019820419331386,53,590781__767087
590781,J. van Hecke,625787,M. van de Ven,-0.5245775088108648,0.0794297087977994,-0.48786730850805304,-0.5117289387048807,54,590781__625787
590781,J. van Hecke,258154,Rúben Dias,-0.3906847330588389,0.060356346460028534,-0.7736777629259239,-0.5247322935123186,55,258154__590781
590781,J. van Hecke,518805,L. Woolfenden,-0.5613818753401287,0.0794297087977994,-0.48786730850805304,-0.5356517769489022,56,518805__590781
590781,J. van Hecke,415917,Gabriel Magalhaes,-0.4310598502533906,0.060356346460028534,-0.7736777629259239,-0.5509761196887772,57,415917__590781
590781,J. van Hecke,496001,M. Kilman,-0.33622510863631405,0.04597801064144626,-0.9891342000924206,-0.5647432906459513,58,496001__590781
590781,J. van Hecke,8360,C. Dawson,-0.5238722053801603,0.060356346460028534,-0.7736777629259239,-0.6113041505211776,59,8360__590781
590781,J. van Hecke,9097,L. Dunk,-0.5483995750579811,0.060356346460028534,-0.7736777629259239,-0.6272469408117611,60,9097__590781
590781,J. van Hecke,192792,D. Burn,-0.24998054383082743,0.022114952067575508,-1.3467172782103278,-0.6338384008636526,61,192792__590781
590781,J. van Hecke,366217,K. Danso,-0.6390630288274937,0.060356346460028534,-0.7736777629259239,-0.6861781857619442,62,366217__590781
590781,J. van Hecke,234399,A. Webster,-0.6572129500080619,0.060356346460028534,-0.7736777629259239,-0.6979756345293135,63,234399__590781
590781,J. van Hecke,50102,F. Schär,-0.5014740530550196,0.03666553185567316,-1.1286798002013134,-0.7209960645562223,64,50102__590781
590781,J. van Hecke,549884,T. Harwood-Bellis,-0.41145876678225474,0.019073362337770867,-1.3922948815417913,-0.7547514069480925,65,549884__590781
590781,J. van Hecke,590874,Toti,-0.27519559085726336,0.0011458581073985833,-1.6609348853293897,-0.7602043439225076,66,590781__590874
590781,J. van Hecke,557788,W. Fofana,-0.7193690906628143,0.04970857612085773,-0.9332324353157531,-0.7942212612913429,67,557788__590781
590781,J. van Hecke,653730,A. Khusanov,-0.6982038023417612,0.04238519152253696,-1.0429718636795682,-0.8188726238099937,68,590781__653730
590781,J. van Hecke,136441,B. Davies,-0.8692809420191787,0.060356346460028534,-0.7736777629259239,-0.8358198293365395,69,136441__590781
590781,J. van Hecke,285382,W. Faes,-0.4595538186788566,0.0,-1.6781053359596623,-0.8860468497271385,70,285382__590781
590781,J. van Hecke,7953,C. Coady,-0.5575066025905868,0.0,-1.6781053359596623,-0.9497161592697632,71,7953__590781
590781,J. van Hecke,145787,J. Andersen,-0.6029774920311989,0.0,-1.6781053359596623,-0.9792722374061611,72,145787__590781
590781,J. van Hecke,297957,M. Akanji,-0.9017178836889936,0.0,-1.6781053359596623,-1.1734534919837276,73,297957__590781
590874,Toti,568412,J. Gvardiol,1.1816197650694873,0.2426810605452303,1.9625179452677461,1.454934128138878,1,568412__590874
590874,Toti,424806,E. Pinnock,0.3884180037814491,0.2426810605452303,1.9625179452677461,0.9393529833016531,2,424806__590874
590874,Toti,400549,Pau Torres,0.41419267008831645,0.2171091510118523,1.6128987343877803,0.8337397925931287,3,400549__590874
590874,Toti,623641,E. Agbadou,1.009528961065805,0.13397970197991482,0.4763527000176579,0.8229172696989535,4,590874__623641
590874,Toti,370,V. van Dijk,0.6143980136525824,0.18607343526371597,1.1885783513207522,0.8153611318364418,5,370__590874
590874,Toti,590703,I. Zabarnyi,0.394628763052089,0.2121143643358682,1.5446099985039001,0.7971221954602229,6,590703__590874
590874,Toti,283145,T. Adarabioyo,0.35378128264614517,0.2106787622242906,1.5249824428560812,0.7637016887196227,7,283145__590874
590874,Toti,399581,D. O'Shea,0.25401686663387646,0.22051795067086427,1.6595038518224434,0.7459373114498749,8,399581__590874
590874,Toti,501419,J. Todibo,0.35664846480329093,0.2054830442876522,1.4539465742757016,0.7407028031186347,9,501419__590874
590874,Toti,8582,A. Cresswell,0.24908964597898778,0.2171091510118523,1.6128987343877803,0.7264228269220652,10,8582__590874
590874,Toti,349142,N. Mazraoui,1.044716813713888,0.10684741384638043,0.10539998902701057,0.7159559250734809,11,349142__590874
590874,Toti,645877,Y. Mosquera,0.5899742520481674,0.15238246502045374,0.727955322177971,0.6382676265935987,12,590874__645877
590874,Toti,288080,C. Burgess,0.10293228894329347,0.2171091510118523,1.6128987343877803,0.6314205448488638,13,288080__590874
590874,Toti,777938,Dean Huijsen,0.14878671994220688,0.20009332455652265,1.3802583126774768,0.5798017773995513,14,590874__777938
590874,Toti,240032,J. Bednarek,0.267637022254904,0.1755850704944102,1.045181402051883,0.5397775551838466,15,240032__590874
590874,Toti,397074,M. Guéhi,0.14180080011484392,0.1877114570130785,1.2109733887609109,0.5160112061409674,16,397074__590874
590874,Toti,583655,C. Okoli,0.41694600840188306,0.14671642013811553,0.6504891424236634,0.4986861053095062,17,583655__590874
590874,Toti,424241,N. Milenković,0.0912195725359281,0.1896582979804612,1.2375906033195927,0.49244943331021074,18,424241__590874
590874,Toti,8653,H. Maguire,0.17289001498323336,0.16898013395888137,0.9548786932749058,0.4465860523853187,19,8653__590874
590874,Toti,488453,L. Martínez,0.2192536896592588,0.15238246502045374,0.727955322177971,0.39729926104080804,20,488453__590874
590874,Toti,447424,C. Bassey,0.273787556604141,0.1389911524709639,0.5448692636226422,0.3686661540606164,21,447424__590874
590874,Toti,412027,E. Konsa,-0.08427665636666998,0.17968116399108003,1.1011832025481283,0.33063429425350943,22,412027__590874
590874,Toti,534563,C. Richards,0.3957286446984271,0.10633496796969095,0.09839382772360797,0.2916614587572404,23,534563__590874
590874,Toti,578325,W. Saliba,0.06968342590207127,0.1389911524709639,0.5448692636226422,0.23599846910427108,24,578325__590874
590874,Toti,412968,M. Senesi,0.6086120302916518,0.056241995107182585,-0.586477422112548,0.19033072195018189,25,412968__590874
590874,Toti,365443,M. de Ligt,-0.004501161017891331,0.1380325274564552,0.5317629400348448,0.1831912743505663,26,365443__590874
590874,Toti,619747,L. Colwill,-0.007678928810917363,0.13213792919417863,0.45117197790033614,0.15291888853802135,27,590874__619747
590874,Toti,15806,J. Vestergaard,-0.07042279795247505,0.1389911524709639,0.5448692636226422,0.14492942359881597,28,15806__590874
590874,Toti,604320,J. Branthwaite,-0.20432447414614532,0.14944052949818387,0.6877331723845347,0.10789570213959265,29,590874__604320
590874,Toti,346131,T. Chalobah,0.23568909361372703,0.08390175486517056,-0.20831311775761469,0.08028831963375743,30,346131__590874
590874,Toti,504375,M. Lacroix,0.046018176885183816,0.10624040758714487,0.09710099793774007,0.0638971642535785,31,504375__590874
590874,Toti,9433,J. Tarkowski,-0.13946350417443362,0.12681055548707573,0.3783361112980053,0.04176636124092001,32,9433__590874
590874,Toti,327391,J. Bree,-0.16817674968860347,0.12926181760764444,0.4118497731203484,0.03483253329452968,33,327391__590874
590874,Toti,393247,I. Konaté,-0.1038582763807285,0.11923041281736013,0.27470038182366274,0.028637253990808423,34,393247__590874
590874,Toti,286380,I. Diop,-0.17417876383526287,0.12681055548707573,0.3783361112980053,0.019201442461380988,35,286380__590874
590874,Toti,270866,Diego Carlos,0.193747470486048,0.05794991622280268,-0.5631267203626874,-0.07115849631100934,36,270866__590874
590874,Toti,563725,Morato,-0.03362018752557977,0.08099488704640906,-0.24805582182127597,-0.10867265952907343,37,563725__590874
590874,Toti,620468,J. Greaves,-0.09904868065773478,0.0866491301766499,-0.17075099565106033,-0.12414449090539872,38,590874__620468
590874,Toti,7919,M. Keane,-0.2563450743316016,0.10368990807426642,0.06223056224038266,-0.1448436015314071,39,7919__590874
590874,Toti,62126,M. Doherty,-0.16296265057803072,0.08481894486296328,-0.1957732938216378,-0.1744463757132932,40,62126__590874
590874,Toti,769441,L. Yoro,-0.33866579812559455,0.10368990807426642,0.06223056224038266,-0.19835207199750252,41,590874__769441
590874,Toti,413002,K. Mavropanos,0.18467106992993182,0.0288217077888927,-0.9613676586750288,-0.2164424850818044,42,413002__590874
590874,Toti,545267,R. Drăgușin,-0.37140532792511755,0.10368990807426642,0.06223056224038266,-0.21963276636719248,43,545267__590874
590874,Toti,496001,M. Kilman,-0.2651528473301211,0.08472191991286057,-0.1970998191812829,-0.24133428747802776,44,496001__590874
590874,Toti,479155,N. Collins,-0.14313723046261134,0.06674587663882206,-0.44286832763037604,-0.24804311447132898,45,479155__590874
590874,Toti,364003,S. Bueno,-0.007279052550310819,0.04731494275049752,-0.7085281041843958,-0.2527162206222406,46,364003__590874
590874,Toti,8136,J. Stephens,-0.11085717895810565,0.045994108755281246,-0.726586549859256,-0.3263624587735082,47,8136__590874
590874,Toti,767087,A. Gray,-0.5449640800053555,0.10368990807426642,0.06223056224038266,-0.33244595521934717,48,590874__767087
590874,Toti,558243,S. van den Berg,-0.3694167877474092,0.07749095631973893,-0.2959615714500816,-0.34370746204334457,49,558243__590874
590874,Toti,518805,L. Woolfenden,-0.5967636723373,0.10368990807426642,0.06223056224038266,-0.3661156902351111,50,518805__590874
590874,Toti,520300,N. Wood,-0.30298208152377465,0.05989147747520951,-0.5365816900803155,-0.38474194451856397,51,520300__590874
590874,Toti,192792,D. Burn,-0.3235209170357015,0.04720153055406991,-0.7100786760166411,-0.4588161326790303,52,192792__590874
590874,Toti,549884,T. Harwood-Bellis,-0.5058692363640354,0.06327032520287544,-0.49038607552567265,-0.5004501300706083,53,549884__590874
590874,Toti,627012,Murillo,-0.1944752792963829,0.013391312549489843,-1.1723320608493926,-0.5367251528399363,54,590874__627012
590874,Toti,402884,K. Walker-Peters,-0.3883773955317383,0.025571909533378023,-1.0057989085247556,-0.6044749250792943,55,402884__590874
590874,Toti,415847,C. Romero,-0.4511005135859383,0.025571909533378023,-1.0057989085247556,-0.6452449518145243,56,415847__590874
590874,Toti,590781,J. van Hecke,-0.27519559085726336,0.0,-1.3554181194047215,-0.6532734758488736,57,590781__590874
590874,Toti,258154,Rúben Dias,-0.3898842912459369,0.013391312549489843,-1.1723320608493926,-0.6637410106071464,58,258154__590874
590874,Toti,625787,M. van de Ven,-0.5599593058080358,0.033813511771393065,-0.8931197021838929,-0.6765654445395858,59,590874__625787
590874,Toti,482177,J. Kiwior,-0.42036799844643447,0.013391312549489843,-1.1723320608493926,-0.6835554202874699,60,482177__590874
590874,Toti,415917,Gabriel Magalhaes,-0.4550771479109812,0.013391312549489843,-1.1723320608493926,-0.7061163674394252,61,415917__590874
590874,Toti,8360,C. Dawson,-0.5332212440349291,0.013391312549489843,-1.1723320608493926,-0.7569100299199913,62,8360__590874
590874,Toti,7953,C. Coady,-0.4607941157297118,0.0,-1.3554181194047215,-0.7739125170159651,63,7953__590874
590874,Toti,9097,L. Dunk,-0.5837813720551522,0.013391312549489843,-1.1723320608493926,-0.7897741131331364,64,9097__590874
590874,Toti,653730,A. Khusanov,-0.6678348670401117,0.024304382616995218,-1.0231285396849334,-0.7921876524657994,65,590874__653730
590874,Toti,285382,W. Faes,-0.5316910862136701,0.0,-1.3554181194047215,-0.8199955478305381,66,285382__590874
590874,Toti,145787,J. Andersen,-0.56218703711258,0.0,-1.3554181194047215,-0.8398179159148295,67,145787__590874
590874,Toti,50102,F. Schär,-0.5881303445367336,0.0,-1.3554181194047215,-0.8566810657405293,68,50102__590874
590874,Toti,366217,K. Danso,-0.7296705977306153,0.013391312549489843,-1.1723320608493926,-0.8846021098221873,69,366217__590874
590874,Toti,234399,A. Webster,-0.7478205189111834,0.013391312549489843,-1.1723320608493926,-0.8963995585895566,70,234399__590874
590874,Toti,557788,W. Fofana,-0.8133680198671354,0.0,-1.3554181194047215,-1.0030855547052906,71,557788__590874
590874,Toti,136441,B. Davies,-0.9659339280081303,0.013391312549489843,-1.1723320608493926,-1.0381732745025722,72,136441__590874
590874,Toti,297957,M. Akanji,-0.9521621997210489,0.0,-1.3554181194047215,-1.0933017716103341,73,297957__590874
604320,J. Branthwaite,349142,N. Mazraoui,1.0948253352410515,0.37551905104282735,2.141672782620712,1.4612219418239327,1,349142__604320
604320,J. Branthwaite,568412,J. Gvardiol,1.0965941004519641,0.3080393311327041,1.5052031281552307,1.2396072601481074,2,568412__604320
604320,J. Branthwaite,623641,E. Agbadou,1.0167593695897428,0.2472306746781109,0.931655036762532,0.9869728531002191,3,604320__623641
604320,J. Branthwaite,346131,T. Chalobah,0.2922578978372738,0.3548212199577459,1.9464505526462452,0.8712253270204138,4,346131__604320
604320,J. Branthwaite,412968,M. Senesi,0.6567462065273191,0.2693733813534229,1.1405053533515328,0.8260619079157938,5,412968__604320
604320,J. Branthwaite,534563,C. Richards,0.370430325160189,0.3150583217571761,1.571406345112922,0.7907719321436455,6,534563__604320
604320,J. Branthwaite,447424,C. Bassey,0.2692034231123567,0.331832219398262,1.729617980399507,0.7803485181628593,7,447424__604320
604320,J. Branthwaite,645877,Y. Mosquera,0.49060950562709066,0.2845396129616405,1.2835534603099255,0.7681398897660828,8,604320__645877
604320,J. Branthwaite,583655,C. Okoli,0.3097553189787285,0.29332024676728186,1.366372520194999,0.6795713394044232,9,583655__604320
604320,J. Branthwaite,424806,E. Pinnock,0.3248346404022628,0.284250359081318,1.2808252136973604,0.6594313410555469,10,424806__604320
604320,J. Branthwaite,370,V. van Dijk,0.478225021352531,0.24006152818527185,0.8640355475710073,0.6132587055289977,11,370__604320
604320,J. Branthwaite,240032,J. Bednarek,0.22465981402519905,0.2868181763785489,1.3050449020730057,0.6027945948419313,12,240032__604320
604320,J. Branthwaite,283145,T. Adarabioyo,0.2726335430784189,0.24006152818527185,0.8640355475710073,0.47962424465082487,13,283145__604320
604320,J. Branthwaite,578325,W. Saliba,0.0779731426275034,0.2776655512229761,1.2187172146140426,0.4772335678227921,14,578325__604320
604320,J. Branthwaite,400549,Pau Torres,0.26451904850579244,0.24006152818527185,0.8640355475710073,0.4743498231786176,15,400549__604320
604320,J. Branthwaite,270866,Diego Carlos,0.1680214141469259,0.24006152818527185,0.8640355475710073,0.41162636084535437,16,270866__604320
604320,J. Branthwaite,397074,M. Guéhi,0.11323272339738163,0.24876039008910802,0.9460833337436787,0.4047304370185856,17,397074__604320
604320,J. Branthwaite,563725,Morato,-0.004306194486608926,0.2621004216220916,1.0719066962541524,0.3723683172726575,18,563725__604320
604320,J. Branthwaite,590703,I. Zabarnyi,0.20939395341764727,0.21403529287317746,0.6185557349963708,0.35260057697020053,19,590703__604320
604320,J. Branthwaite,413002,K. Mavropanos,0.235772629826731,0.2062579171599333,0.5451994193588762,0.34407200616298184,20,413002__604320
604320,J. Branthwaite,15806,J. Vestergaard,-0.057855469691014544,0.2531947623625416,0.9879083945530996,0.3081618827944254,21,15806__604320
604320,J. Branthwaite,424241,N. Milenković,-0.009644109624454417,0.24006152818527185,0.8640355475710073,0.2961437703939572,22,424241__604320
604320,J. Branthwaite,399581,D. O'Shea,0.12516059038552035,0.20895958382615853,0.5706815768400206,0.2810929356445955,23,399581__604320
604320,J. Branthwaite,620468,J. Greaves,-0.04405377171252255,0.24006152818527185,0.8640355475710073,0.27377749003671287,24,604320__620468
604320,J. Branthwaite,627012,Murillo,-0.12229898382874832,0.24006152818527185,0.8640355475710073,0.22291810216116614,25,604320__627012
604320,J. Branthwaite,8653,H. Maguire,0.04435028723510588,0.2062579171599333,0.5451994193588762,0.21964748347842547,26,8653__604320
604320,J. Branthwaite,8582,A. Cresswell,0.040340681790494326,0.17960079889962058,0.2937691100632174,0.12904063168594737,27,8582__604320
604320,J. Branthwaite,415847,C. Romero,-0.3104753521539989,0.23174047639509981,0.7855512716324872,0.07313396617127121,28,415847__604320
604320,J. Branthwaite,590874,Toti,-0.20432447414614532,0.2074037752673319,0.5560071689265065,0.06179160092928279,29,590874__604320
604320,J. Branthwaite,590781,J. van Hecke,-0.22621066181617228,0.2062579171599333,0.5451994193588762,0.04378286659509467,30,590781__604320
604320,J. Branthwaite,501419,J. Todibo,-0.03898253006012774,0.16926113388289407,0.19624524616381364,0.04334719161825174,31,501419__604320
604320,J. Branthwaite,488453,L. Martínez,-0.0844156472249466,0.16926113388289407,0.19624524616381364,0.01381566546111948,32,488453__604320
604320,J. Branthwaite,364003,S. Bueno,-0.1629687348760319,0.16926113388289407,0.19624524616381364,-0.03724384151208596,33,364003__604320
604320,J. Branthwaite,7953,C. Coady,-0.37637132730033807,0.2062579171599333,0.5451994193588762,-0.0538215659696131,34,7953__604320
604320,J. Branthwaite,365443,M. de Ligt,-0.11169444963500423,0.14204500552912688,-0.06045765408950709,-0.09376157119408023,35,365443__604320
604320,J. Branthwaite,619747,L. Colwill,-0.11301194142074178,0.14090104108610324,-0.07124754258847855,-0.09839440182944965,36,604320__619747
604320,J. Branthwaite,777938,Dean Huijsen,-0.07641266009009817,0.11510556300679446,-0.3145508497417516,-0.15976102646817686,37,604320__777938
604320,J. Branthwaite,327391,J. Bree,-0.35419755282721654,0.16926113388289407,0.19624524616381364,-0.16154257318035598,38,327391__604320
604320,J. Branthwaite,504375,M. Lacroix,-0.2327898633144196,0.13545752285755552,-0.12259088204831754,-0.19422021987128388,39,504375__604320
604320,J. Branthwaite,8136,J. Stephens,-0.3120800061808713,0.13545752285755552,-0.12259088204831754,-0.24575881273447747,40,8136__604320
604320,J. Branthwaite,286380,I. Diop,-0.3127429310937836,0.1324355216701563,-0.15109443917777912,-0.25616595892318206,41,286380__604320
604320,J. Branthwaite,393247,I. Konaté,-0.181027578223929,0.10463733362753422,-0.413287334492389,-0.26231849291789,42,393247__604320
604320,J. Branthwaite,288080,C. Burgess,-0.18344868353190827,0.07947801741251219,-0.6505903541150383,-0.3469482682360038,43,288080__604320
604320,J. Branthwaite,402884,K. Walker-Peters,-0.49228083950111384,0.13545752285755552,-0.12259088204831754,-0.36288935439263514,44,402884__604320
604320,J. Branthwaite,520300,N. Wood,-0.5191301259427982,0.13545752285755552,-0.12259088204831754,-0.38034139057973,45,520300__604320
604320,J. Branthwaite,479155,N. Collins,-0.3131502423399729,0.09089069102244829,-0.5429458582766132,-0.39357870791779703,46,479155__604320
604320,J. Branthwaite,258154,Rúben Dias,-0.48145666189523834,0.06795640849569881,-0.7592623292793943,-0.5786886454796929,47,258154__604320
604320,J. Branthwaite,62126,M. Doherty,-0.3503922475481518,0.03380361102533854,-1.0813919888858914,-0.6062421570163606,48,62126__604320
604320,J. Branthwaite,412027,E. Konsa,-0.3578288771474851,0.03380361102533854,-1.0813919888858914,-0.6110759662559273,49,412027__604320
604320,J. Branthwaite,9433,J. Tarkowski,-0.38321415861529806,0.03380361102533854,-1.0813919888858914,-0.6275763992100057,50,9433__604320
604320,J. Branthwaite,496001,M. Kilman,-0.4660699506410046,0.046297835910754793,-0.9635462864107406,-0.6401866681604123,51,496001__604320
604320,J. Branthwaite,7919,M. Keane,-0.454318105269834,0.03380361102533854,-1.0813919888858914,-0.673793964535454,52,7919__604320
604320,J. Branthwaite,769441,L. Yoro,-0.4889612746874931,0.03380361102533854,-1.0813919888858914,-0.6963120246569325,53,604320__769441
604320,J. Branthwaite,285382,W. Faes,-0.5237783542080408,0.03462189154768779,-1.073673955645547,-0.716241814711168,54,285382__604320
604320,J. Branthwaite,482177,J. Kiwior,-0.5292223656418112,0.03380361102533854,-1.0813919888858914,-0.7224817337772393,55,482177__604320
604320,J. Branthwaite,415917,Gabriel Magalhaes,-0.5411779502494597,0.03380361102533854,-1.0813919888858914,-0.7302528637722108,56,415917__604320
604320,J. Branthwaite,192792,D. Burn,-0.4383153393038737,0.0030415897298046394,-1.3715398005648043,-0.7649439007451994,57,192792__604320
604320,J. Branthwaite,545267,R. Drăgușin,-0.639247847635375,0.03380361102533854,-1.0813919888858914,-0.7939982970730557,58,545267__604320
604320,J. Branthwaite,558243,S. van den Berg,-0.6496183579793458,0.03380361102533854,-1.0813919888858914,-0.8007391287966368,59,558243__604320
604320,J. Branthwaite,50102,F. Schär,-0.7527124108438865,0.03666553185567316,-1.0543983119053595,-0.858302476215402,60,50102__604320
604320,J. Branthwaite,557788,W. Fofana,-0.9172714638365108,0.06747971991012323,-0.7637584626325414,-0.8635419134151217,61,557788__604320
604320,J. Branthwaite,8360,C. Dawson,-0.7997318970560002,0.03380361102533854,-1.0813919888858914,-0.8983129291964621,62,8360__604320
604320,J. Branthwaite,625787,M. van de Ven,-0.8085581019691062,0.03380361102533854,-1.0813919888858914,-0.904049962389981,63,604320__625787
604320,J. Branthwaite,9097,L. Dunk,-0.8155756523556654,0.03380361102533854,-1.0813919888858914,-0.9086113701412445,64,9097__604320
604320,J. Branthwaite,767087,A. Gray,-0.8170751413473065,0.03380361102533854,-1.0813919888858914,-0.9095860379858113,65,604320__767087
604320,J. Branthwaite,653730,A. Khusanov,-0.8900933630133667,0.04238519152253696,-1.000450402567893,-0.9287183268574509,66,604320__653730
604320,J. Branthwaite,518805,L. Woolfenden,-0.8688747336792505,0.03380361102533854,-1.0813919888858914,-0.9432557730015748,67,518805__604320
604320,J. Branthwaite,549884,T. Harwood-Bellis,-0.7153539133822544,0.0,-1.4002281170980224,-0.9550598846827731,68,549884__604320
604320,J. Branthwaite,366217,K. Danso,-0.9038372553397308,0.03380361102533854,-1.0813919888858914,-0.9659814120808871,69,366217__604320
604320,J. Branthwaite,234399,A. Webster,-0.9219871765202987,0.03380361102533854,-1.0813919888858914,-0.9777788608482562,70,234399__604320
604320,J. Branthwaite,145787,J. Andersen,-0.7514354853378233,0.0,-1.4002281170980224,-0.978512906453893,71,145787__604320
604320,J. Branthwaite,136441,B. Davies,-1.1202759909913849,0.03380361102533854,-1.0813919888858914,-1.1066665902544621,72,136441__604320
604320,J. Branthwaite,297957,M. Akanji,-1.1421559018937626,0.0,-1.4002281170980224,-1.2324811772152535,73,297957__604320
619747,L. Colwill,568412,J. Gvardiol,1.2941643437089632,0.012810639021402948,0.9898463962174717,1.1876530620869412,1,568412__619747
619747,L. Colwill,370,V. van Dijk,0.7775651698479535,0.012810639021402948,0.9898463962174717,0.8518635990772849,2,370__619747
619747,L. Colwill,400549,Pau Torres,0.5773598262836876,0.012810639021402948,0.9898463962174717,0.721730125760512,3,400549__619747
619747,L. Colwill,413002,K. Mavropanos,0.532014392832697,0.012810639021402948,0.9898463962174717,0.6922555940173681,4,413002__619747
619747,L. Colwill,283145,T. Adarabioyo,0.5169484388415163,0.012810639021402948,0.9898463962174717,0.6824627239231007,5,283145__619747
619747,L. Colwill,424806,E. Pinnock,0.5000023253447472,0.012810639021402948,0.9898463962174717,0.6714477501502008,6,424806__619747
619747,L. Colwill,534563,C. Richards,0.4852350109650244,0.012810639021402948,0.9898463962174717,0.661848995803381,7,534563__619747
619747,L. Colwill,590703,I. Zabarnyi,0.4135930590783534,0.012810639021402948,0.9898463962174717,0.6152817270770448,8,590703__619747
619747,L. Colwill,346131,T. Chalobah,0.4106910939358386,0.012810639021402948,0.9898463962174717,0.6133954497344102,9,346131__619747
619747,L. Colwill,8653,H. Maguire,0.3932387515374105,0.012810639021402948,0.9898463962174717,0.6020514271754319,10,8653__619747
619747,L. Colwill,240032,J. Bednarek,0.38777588439321364,0.012810639021402948,0.9898463962174717,0.598500563531704,11,240032__619747
619747,L. Colwill,399581,D. O'Shea,0.3532304501865461,0.012810639021402948,0.9898463962174717,0.5760460312973701,12,399581__619747
619747,L. Colwill,8582,A. Cresswell,0.35318145956838964,0.012810639021402948,0.9898463962174717,0.5760141873955683,13,8582__619747
619747,L. Colwill,501419,J. Todibo,0.3318859321835512,0.012810639021402948,0.9898463962174717,0.5621720945954234,14,501419__619747
619747,L. Colwill,397074,M. Guéhi,0.2783954942522342,0.012810639021402948,0.9898463962174717,0.5274033099400673,15,397074__619747
619747,L. Colwill,424241,N. Milenković,0.25438672873129925,0.012810639021402948,0.9898463962174717,0.5117976123514596,16,424241__619747
619747,L. Colwill,620468,J. Greaves,0.189034640050823,0.012810639021402948,0.9898463962174717,0.46931875470915,17,619747__620468
619747,L. Colwill,777938,Dean Huijsen,0.17746840948788684,0.012810639021402948,0.9898463962174717,0.46180070484324154,18,619747__777938
619747,L. Colwill,288080,C. Burgess,0.1370632413098911,0.012810639021402948,0.9898463962174717,0.4355373455275443,19,288080__619747
619747,L. Colwill,623641,E. Agbadou,1.2073914353201776,0.0,-1.0238716025455474,0.4264493720671738,20,619747__623641
619747,L. Colwill,504375,M. Lacroix,0.1002877637459923,0.012810639021402948,0.9898463962174717,0.41163328511101005,21,504375__619747
619747,L. Colwill,583655,C. Okoli,0.5286811488063377,0.007725267667151619,0.19047145408220503,0.41030775565289124,22,583655__619747
619747,L. Colwill,349142,N. Mazraoui,1.175395815231136,0.0,-1.0238716025455474,0.4056522190092967,23,349142__619747
619747,L. Colwill,8136,J. Stephens,-0.0015566046795757182,0.012810639021402948,0.9898463962174717,0.34543444563439085,24,8136__619747
619747,L. Colwill,327391,J. Bree,-0.03275292907319273,0.012810639021402948,0.9898463962174717,0.3251568347785398,25,327391__619747
619747,L. Colwill,412027,E. Konsa,-0.03682220453559523,0.012810639021402948,0.9898463962174717,0.32251180572797816,26,412027__619747
619747,L. Colwill,62126,M. Doherty,-0.06102988982553906,0.012810639021402948,0.9898463962174717,0.3067768102895147,27,62126__619747
619747,L. Colwill,7919,M. Keane,-0.08196775384318274,0.012810639021402948,0.9898463962174717,0.2931671986780463,28,7919__619747
619747,L. Colwill,604320,J. Branthwaite,-0.11301194142074178,0.012810639021402948,0.9898463962174717,0.27298847675263294,29,604320__619747
619747,L. Colwill,496001,M. Kilman,-0.12245662671568869,0.012810639021402948,0.9898463962174717,0.26684943131091743,30,496001__619747
619747,L. Colwill,192792,D. Burn,-0.12508835190381304,0.012810639021402948,0.9898463962174717,0.2651388099386366,31,192792__619747
619747,L. Colwill,520300,N. Wood,-0.1259963355549991,0.012810639021402948,0.9898463962174717,0.26454862056536566,32,520300__619747
619747,L. Colwill,769441,L. Yoro,-0.1443484925238464,0.012810639021402948,0.9898463962174717,0.25261971853561493,33,619747__769441
619747,L. Colwill,545267,R. Drăgușin,-0.18593916015978595,0.012810639021402948,0.9898463962174717,0.2255857845722542,34,545267__619747
619747,L. Colwill,558243,S. van den Berg,-0.22117746441171282,0.012810639021402948,0.9898463962174717,0.20268088680850174,35,558243__619747
619747,L. Colwill,549884,T. Harwood-Bellis,-0.25979898145020275,0.012810639021402948,0.9898463962174717,0.17757690073348328,36,549884__619747
619747,L. Colwill,412968,M. Senesi,0.8103253114398075,0.0,-1.0238716025455474,0.16835639154493331,37,412968__619747
619747,L. Colwill,767087,A. Gray,-0.3506467744036075,0.012810639021402948,0.9898463962174717,0.1185258353137702,38,619747__767087
619747,L. Colwill,625787,M. van de Ven,-0.3656420002062875,0.012810639021402948,0.9898463962174717,0.10877893854202819,39,619747__625787
619747,L. Colwill,518805,L. Woolfenden,-0.40244636673555156,0.012810639021402948,0.9898463962174717,0.08485610029800655,40,518805__619747
619747,L. Colwill,645877,Y. Mosquera,0.6206038241068302,0.0,-1.0238716025455474,0.04503742477849809,41,619747__645877
619747,L. Colwill,479155,N. Collins,-0.06529596133588589,0.006580755527005183,0.010564371182974295,-0.038744844954284825,42,479155__619747
619747,L. Colwill,447424,C. Bassey,0.4722063665145003,0.0,-1.0238716025455474,-0.05142092265651638,43,447424__619747
619747,L. Colwill,270866,Diego Carlos,0.39461000118968803,0.0,-1.0238716025455474,-0.10185856011764438,44,270866__619747
619747,L. Colwill,578325,W. Saliba,0.28747607370669626,0.0,-1.0238716025455474,-0.17149561298158902,45,578325__619747
619747,L. Colwill,488453,L. Martínez,0.1944911570395188,0.0,-1.0238716025455474,-0.23193580881525439,46,488453__619747
619747,L. Colwill,15806,J. Vestergaard,0.15938504867016157,0.0,-1.0238716025455474,-0.25475477925533657,47,15806__619747
619747,L. Colwill,364003,S. Bueno,0.09380913811924985,0.0,-1.0238716025455474,-0.2973791211134292,48,364003__619747
619747,L. Colwill,627012,Murillo,0.07794457250770012,0.0,-1.0238716025455474,-0.30769108876093654,49,619747__627012
619747,L. Colwill,563725,Morato,0.07626428550347536,0.0,-1.0238716025455474,-0.3087832753136826,50,563725__619747
619747,L. Colwill,590781,J. van Hecke,0.05857300874596097,0.0,-1.0238716025455474,-0.320282605206067,51,590781__619747
619747,L. Colwill,365443,M. de Ligt,0.033241129534640756,0.0,-1.0238716025455474,-0.33674832669342514,52,365443__619747
619747,L. Colwill,590874,Toti,-0.007678928810917363,0.0,-1.0238716025455474,-0.3633463646180379,53,590874__619747
619747,L. Colwill,393247,I. Konaté,-0.05903033901493138,0.0,-1.0238716025455474,-0.396724781250647,54,393247__619747
619747,L. Colwill,286380,I. Diop,-0.06931099408714378,0.0,-1.0238716025455474,-0.40340720704758504,55,286380__619747
619747,L. Colwill,7953,C. Coady,-0.07780847919817413,0.0,-1.0238716025455474,-0.4089305723697548,56,7953__619747
619747,L. Colwill,9433,J. Tarkowski,-0.10417294095389662,0.0,-1.0238716025455474,-0.42606747251097443,57,9433__619747
619747,L. Colwill,402884,K. Walker-Peters,-0.13569030693316686,0.0,-1.0238716025455474,-0.44655376039750005,58,402884__619747
619747,L. Colwill,415847,C. Romero,-0.15689624724151044,0.0,-1.0238716025455474,-0.4603376215979234,59,415847__619747
619747,L. Colwill,482177,J. Kiwior,-0.22551717101659963,0.0,-1.0238716025455474,-0.5049412220517313,60,482177__619747
619747,L. Colwill,258154,Rúben Dias,-0.23174922445426172,0.0,-1.0238716025455474,-0.5089920567862117,61,258154__619747
619747,L. Colwill,285382,W. Faes,-0.2454847104870086,0.0,-1.0238716025455474,-0.5179201227074972,62,285382__619747
619747,L. Colwill,415917,Gabriel Magalhaes,-0.2672684259304087,0.0,-1.0238716025455474,-0.5320795377457073,63,415917__619747
619747,L. Colwill,145787,J. Andersen,-0.34150418515067293,0.0,-1.0238716025455474,-0.580332781238879,64,145787__619747
619747,L. Colwill,50102,F. Schär,-0.3520511546430448,0.0,-1.0238716025455474,-0.5871883114089207,65,50102__619747
619747,L. Colwill,8360,C. Dawson,-0.36493669677558316,0.0,-1.0238716025455474,-0.5955639137950707,66,8360__619747
619747,L. Colwill,9097,L. Dunk,-0.3870100015204469,0.0,-1.0238716025455474,-0.6099115618792321,67,9097__619747
619747,L. Colwill,366217,K. Danso,-0.47527160450451233,0.0,-1.0238716025455474,-0.6672816038188747,68,366217__619747
619747,L. Colwill,234399,A. Webster,-0.4934215256850803,0.0,-1.0238716025455474,-0.6790790525862438,69,234399__619747
619747,L. Colwill,557788,W. Fofana,-0.5214310570027765,0.0,-1.0238716025455474,-0.6972852479427463,70,557788__619747
619747,L. Colwill,653730,A. Khusanov,-0.5215527374931064,0.0,-1.0238716025455474,-0.6973643402614608,71,619747__653730
619747,L. Colwill,297957,M. Akanji,-0.6405816261361399,0.0,-1.0238716025455474,-0.7747331178794326,72,297957__619747
619747,L. Colwill,136441,B. Davies,-0.711534934782027,0.0,-1.0238716025455474,-0.8208527684992591,73,136441__619747
620468,J. Greaves,349142,N. Mazraoui,1.237677086375169,0.16422670779313459,1.685912396018377,1.3945594447502918,1,349142__620468
620468,J. Greaves,568412,J. Gvardiol,1.2583953623085153,0.13076867116673718,1.1176054721450444,1.2091189007513004,2,568412__620468
620468,J. Greaves,645877,Y. Mosquera,0.7957822968379251,0.16427344201711158,1.6867062077821857,1.1076056656684163,3,620468__645877
620468,J. Greaves,583655,C. Okoli,0.6549182711969639,0.16427344201711158,1.6867062077821857,1.0160440490017915,4,583655__620468
620468,J. Greaves,412968,M. Senesi,0.922588867136553,0.1270126016034266,1.0538061415622342,0.9685149131855415,5,412968__620468
620468,J. Greaves,590703,I. Zabarnyi,0.5714372347229388,0.16427344201711158,1.6867062077821857,0.9617813752936752,6,590703__620468
620468,J. Greaves,447424,C. Bassey,0.5328853272822771,0.16427344201711158,1.6867062077821857,0.9367226354572451,7,447424__620468
620468,J. Greaves,501419,J. Todibo,0.5022565792582682,0.16427344201711158,1.6867062077821857,0.9168139492416392,8,501419__620468
620468,J. Greaves,488453,L. Martínez,0.4088546296475135,0.16427344201711158,1.6867062077821857,0.8561026819946487,9,488453__620468
620468,J. Greaves,623641,E. Agbadou,1.207696289214722,0.07510007248032864,0.17203743331842183,0.845215689651017,10,620468__623641
620468,J. Greaves,240032,J. Bednarek,0.44229873188664814,0.1533286871280412,1.5008022931858396,0.8127749783413651,11,240032__620468
620468,J. Greaves,777938,Dean Huijsen,0.3416348769467811,0.16427344201711158,1.6867062077821857,0.8124098427391726,12,620468__777938
620468,J. Greaves,534563,C. Richards,0.5582080077454163,0.13237270155745556,1.1448509912807754,0.7635330519827921,13,534563__620468
620468,J. Greaves,504375,M. Lacroix,0.2778267417091166,0.1613363631819577,1.636817977441053,0.7534736742152943,14,504375__620468
620468,J. Greaves,578325,W. Saliba,0.3836602627469725,0.13419850228234775,1.175863426503903,0.6609313700618982,15,578325__620468
620468,J. Greaves,424806,E. Pinnock,0.486635902258814,0.11211975688353573,0.8008413048925664,0.5966077931806273,16,424806__620468
620468,J. Greaves,563725,Morato,0.18812484365232274,0.12453128768601218,1.0116593803725085,0.4763619315043877,17,563725__620468
620468,J. Greaves,370,V. van Dijk,0.6755221685324272,0.06793092598748957,0.05026472932992226,0.45668206481155044,18,370__620468
620468,J. Greaves,619747,L. Colwill,0.189034640050823,0.1194603941781648,0.92552689379198,0.44680692886022794,19,619747__620468
620468,J. Greaves,346131,T. Chalobah,0.35738122557402957,0.09829818608364421,0.5660727656595574,0.4304232646039643,20,346131__620468
620468,J. Greaves,15806,J. Vestergaard,0.20582643447890608,0.11486777119009788,0.8475181489274042,0.4304185345358804,21,15806__620468
620468,J. Greaves,479155,N. Collins,0.09572245050671926,0.12535598595432146,1.0256674269659158,0.421203192267438,22,479155__620468
620468,J. Greaves,364003,S. Bueno,0.24951620393578433,0.10469423669725167,0.6747139238286998,0.39833540589830474,23,364003__620468
620468,J. Greaves,400549,Pau Torres,0.4566488378872381,0.06793092598748957,0.05026472932992226,0.3144143998921775,24,400549__620468
620468,J. Greaves,283145,T. Adarabioyo,0.4073562088816805,0.06793092598748957,0.05026472932992226,0.2823741910385651,25,283145__620468
620468,J. Greaves,399581,D. O'Shea,0.35894149335651154,0.07297011484258493,0.13585869137360576,0.2808625126624945,26,399581__620468
620468,J. Greaves,8136,J. Stephens,0.11727028846639163,0.09634251602962202,0.5328544138201171,0.26272473234019555,27,8136__620468
620468,J. Greaves,397074,M. Guéhi,0.24433695001952388,0.07662978789132574,0.19802066327697543,0.22812624965963194,28,397074__620468
620468,J. Greaves,8582,A. Cresswell,0.3233067506628392,0.06793092598748957,0.05026472932992226,0.22774204319631827,29,8582__620468
620468,J. Greaves,8653,H. Maguire,0.2830153283770305,0.06793092598748957,0.05026472932992226,0.2015526187105426,30,8653__620468
620468,J. Greaves,365443,M. de Ligt,0.17678391331559912,0.07915289795686901,0.24087735973989446,0.19921661956410247,31,365443__620468
620468,J. Greaves,327391,J. Bree,-0.002927725604344761,0.09634251602962202,0.5328544138201171,0.18459602319421686,32,327391__620468
620468,J. Greaves,402884,K. Walker-Peters,-0.03913036996487296,0.09634251602962202,0.5328544138201171,0.16106430435987354,33,402884__620468
620468,J. Greaves,393247,I. Konaté,0.11900198587973904,0.07759735531862617,0.21445543721153765,0.15241069384586853,34,393247__620468
620468,J. Greaves,520300,N. Wood,-0.06597965640655717,0.09634251602962202,0.5328544138201171,0.1436122681727788,35,520300__620468
620468,J. Greaves,288080,C. Burgess,0.17714939362714485,0.06793092598748957,0.05026472932992226,0.13273976112311694,36,288080__620468
620468,J. Greaves,424241,N. Milenković,0.16892088991251275,0.06793092598748957,0.05026472932992226,0.12739123370860608,37,424241__620468
620468,J. Greaves,415847,C. Romero,-0.10185348801907278,0.08865244397287442,0.40223344392475735,0.07457693816126774,38,415847__620468
620468,J. Greaves,270866,Diego Carlos,0.29945101635337096,0.04455860367331284,-0.34672965340878903,0.07328778193661499,39,270866__620468
620468,J. Greaves,9433,J. Tarkowski,0.06270848137908491,0.06793092598748957,0.05026472932992226,0.05835316816187798,40,9433__620468
620468,J. Greaves,286380,I. Diop,0.004119480691399474,0.06793092598748957,0.05026472932992226,0.020270317714882448,41,286380__620468
620468,J. Greaves,412027,E. Konsa,-0.010059551682818538,0.06793092598748957,0.05026472932992226,0.011053946671640738,42,412027__620468
620468,J. Greaves,604320,J. Branthwaite,-0.04405377171252255,0.06793092598748957,0.05026472932992226,-0.011042296347666871,43,604320__620468
620468,J. Greaves,413002,K. Mavropanos,0.32511453099380994,0.0,-1.1035870646321464,-0.17493102747527475,44,413002__620468
620468,J. Greaves,496001,M. Kilman,-0.12178205585359407,0.026904648303675394,-0.6465937841808896,-0.3054661607681475,45,496001__620468
620468,J. Greaves,50102,F. Schär,-0.2995619413076453,0.03350477085037438,-0.5344863289950051,-0.38178547699822124,46,50102__620468
620468,J. Greaves,653730,A. Khusanov,-0.38890825550340324,0.04238519152253696,-0.3836464990536364,-0.38706664074598485,47,620468__653730
620468,J. Greaves,62126,M. Doherty,-0.07714425153349136,0.00573003325487054,-1.0062586526535977,-0.4023342919255286,48,62126__620468
620468,J. Greaves,627012,Murillo,-0.06692821822497508,0.0,-1.1035870646321464,-0.429758814467485,49,620468__627012
620468,J. Greaves,590874,Toti,-0.09904868065773478,0.0011458581073985833,-1.0841239053475027,-0.4438250092991536,50,590874__620468
620468,J. Greaves,590781,J. van Hecke,-0.1039671934816851,0.0,-1.1035870646321464,-0.45383414838434655,51,590781__620468
620468,J. Greaves,192792,D. Burn,-0.13207998543676674,0.0,-1.1035870646321464,-0.4721074631551496,52,192792__620468
620468,J. Greaves,557788,W. Fofana,-0.4641209943002697,0.03350477085037438,-0.5344863289950051,-0.4887488614434271,53,557788__620468
620468,J. Greaves,7919,M. Keane,-0.1667977660391154,0.0,-1.1035870646321464,-0.4946740205466762,54,7919__620468
620468,J. Greaves,482177,J. Kiwior,-0.20442865552874379,0.0,-1.1035870646321464,-0.5191340987149347,55,482177__620468
620468,J. Greaves,769441,L. Yoro,-0.2055408236332243,0.0,-1.1035870646321464,-0.5198570079828471,56,620468__769441
620468,J. Greaves,7953,C. Coady,-0.23433994644818318,0.0,-1.1035870646321464,-0.5385764378125703,57,7953__620468
620468,J. Greaves,258154,Rúben Dias,-0.25648103253996335,0.0,-1.1035870646321464,-0.5529681437722274,58,258154__620468
620468,J. Greaves,285382,W. Faes,-0.26357998918349534,0.0,-1.1035870646321464,-0.5575824655905232,59,285382__620468
620468,J. Greaves,545267,R. Drăgușin,-0.2707691723557187,0.0,-1.1035870646321464,-0.5622554346524684,60,545267__620468
620468,J. Greaves,558243,S. van den Berg,-0.28043978158379784,0.0,-1.1035870646321464,-0.5685413306507199,61,558243__620468
620468,J. Greaves,415917,Gabriel Magalhaes,-0.2811253542174493,0.0,-1.1035870646321464,-0.5689869528625933,62,415917__620468
620468,J. Greaves,145787,J. Andersen,-0.29368194519284097,0.0,-1.1035870646321464,-0.5771487369965979,63,145787__620468
620468,J. Greaves,549884,T. Harwood-Bellis,-0.30458715407804887,0.0,-1.1035870646321464,-0.5842371227719829,64,549884__620468
620468,J. Greaves,8360,C. Dawson,-0.3892615249172685,0.0,-1.1035870646321464,-0.6392754638174758,65,8360__620468
620468,J. Greaves,9097,L. Dunk,-0.4051052802169337,0.0,-1.1035870646321464,-0.6495739047622582,66,9097__620468
620468,J. Greaves,625787,M. van de Ven,-0.4095049606988235,0.0,-1.1035870646321464,-0.6524336970754865,67,620468__625787
620468,J. Greaves,767087,A. Gray,-0.43547678659954014,0.0,-1.1035870646321464,-0.6693153839109522,68,620468__767087
620468,J. Greaves,518805,L. Woolfenden,-0.4872763789314842,0.0,-1.1035870646321464,-0.702985118926716,69,518805__620468
620468,J. Greaves,366217,K. Danso,-0.49336688320099875,0.0,-1.1035870646321464,-0.7069439467019004,70,366217__620468
620468,J. Greaves,234399,A. Webster,-0.511516804381567,0.0,-1.1035870646321464,-0.7187413954692697,71,234399__620468
620468,J. Greaves,297957,M. Akanji,-0.6586769048326265,0.0,-1.1035870646321464,-0.8143954607624584,72,297957__620468
620468,J. Greaves,136441,B. Davies,-0.7296302134785138,0.0,-1.1035870646321464,-0.8605151113822851,73,136441__620468
623641,E. Agbadou,240032,J. Bednarek,1.5554496961396533,0.1256920790210504,2.170775057134422,1.7708135724878225,1,240032__623641
623641,E. Agbadou,568412,J. Gvardiol,1.9307520206944178,0.09184728852560393,1.2704877356264979,1.6996595209206458,2,568412__623641
623641,E. Agbadou,327391,J. Bree,1.207079967677642,0.1256920790210504,2.170775057134422,1.544373248987515,3,327391__623641
623641,E. Agbadou,590703,I. Zabarnyi,1.5740153470765939,0.0935766898108609,1.3164906219828434,1.4838816932937813,4,590703__623641
623641,E. Agbadou,424806,E. Pinnock,1.4878739132021201,0.094231599837182,1.3339115362445122,1.4339870812669573,5,424806__623641
623641,E. Agbadou,349142,N. Mazraoui,2.2688474677086683,0.03384479049544645,-0.27240595134623585,1.3794087710394518,6,349142__623641
623641,E. Agbadou,400549,Pau Torres,1.4196552894114167,0.09184728852560393,1.2704877356264979,1.3674466455866952,7,400549__623641
623641,E. Agbadou,501419,J. Todibo,1.474693928941248,0.08694536976264491,1.1400943944726336,1.3575840918772328,8,501419__623641
623641,E. Agbadou,777938,Dean Huijsen,1.3627939700853562,0.09468048238462676,1.3458520228126019,1.3568642885398923,9,623641__777938
623641,E. Agbadou,283145,T. Adarabioyo,1.4025025862779907,0.09184728852560393,1.2704877356264979,1.3562973885499683,10,283145__623641
623641,E. Agbadou,8582,A. Cresswell,1.3295685733731606,0.09184728852560393,1.2704877356264979,1.3088902801618287,11,8582__623641
623641,E. Agbadou,399581,D. O'Shea,1.3364318276687628,0.08866820632869317,1.1859226562150773,1.2837536176599729,12,399581__623641
623641,E. Agbadou,534563,C. Richards,1.6551070464930553,0.065186350854436,0.5612942729547513,1.272272575754649,13,534563__623641
623641,E. Agbadou,288080,C. Burgess,1.2363953092247153,0.09184728852560393,1.2704877356264979,1.248327658465339,14,288080__623641
623641,E. Agbadou,346131,T. Chalobah,1.4243075695840113,0.07682765322372692,0.8709583830139594,1.2306353542844932,15,346131__623641
623641,E. Agbadou,412027,E. Konsa,1.1423729449645446,0.09184728852560393,1.2704877356264979,1.1872131216962283,16,412027__623641
623641,E. Agbadou,412968,M. Senesi,1.9281272557152005,0.03384479049544645,-0.27240595134623585,1.1579406332436977,17,412968__623641
623641,E. Agbadou,7919,M. Keane,1.0972273956569571,0.09184728852560393,1.2704877356264979,1.1578685146462964,18,7919__623641
623641,E. Agbadou,769441,L. Yoro,1.0587479784403107,0.09184728852560393,1.2704877356264979,1.1328568934554761,19,623641__769441
623641,E. Agbadou,545267,R. Drăgușin,0.9932559893403539,0.09184728852560393,1.2704877356264979,1.0902871005405042,20,545267__623641
623641,E. Agbadou,370,V. van Dijk,1.429712127477611,0.059262879776640236,0.4037271604806501,1.0706173890286748,21,370__623641
623641,E. Agbadou,620468,J. Greaves,1.207696289214722,0.07325781762716005,0.7759990796644755,1.0566022658721357,22,620468__623641
623641,E. Agbadou,397074,M. Guéhi,1.3171098786717659,0.06490848533595867,0.5539029196709121,1.049987443021467,23,397074__623641
623641,E. Agbadou,583655,C. Okoli,1.5929313658050381,0.04157005816259807,-0.06691020342817937,1.011986816573412,24,583655__623641
623641,E. Agbadou,424241,N. Milenković,1.2618669692936906,0.06284774249338547,0.49908619228397616,0.9948936973402905,25,424241__623641
623641,E. Agbadou,645877,Y. Mosquera,1.6721974417066978,0.03384479049544645,-0.27240595134623585,0.9915862541381711,26,623641__645877
623641,E. Agbadou,767087,A. Gray,0.8285483750965321,0.09184728852560393,1.2704877356264979,0.9832271512820201,27,623641__767087
623641,E. Agbadou,8653,H. Maguire,1.2486451685044109,0.05973189931541444,0.41620330047491966,0.957290514694089,28,8653__623641
623641,E. Agbadou,518805,L. Woolfenden,0.7767487827645881,0.09184728852560393,1.2704877356264979,0.9495574162662566,29,518805__623641
623641,E. Agbadou,520300,N. Wood,1.113836561195836,0.06816435843727793,0.6405106732024575,0.9481725003981536,30,520300__623641
623641,E. Agbadou,62126,M. Doherty,1.1181652596746008,0.0656975990586029,0.574893715280065,0.9280202191365132,31,62126__623641
623641,E. Agbadou,504375,M. Lacroix,1.3401206604968272,0.04951944139687761,0.14454712382554993,0.9216699226618801,32,504375__623641
623641,E. Agbadou,8136,J. Stephens,1.238276292071259,0.05426698971734967,0.27083413871318185,0.8996715383959322,33,8136__623641
623641,E. Agbadou,447424,C. Bassey,1.402847272797187,0.03384479049544645,-0.27240595134623585,0.8165086443469891,34,447424__623641
623641,E. Agbadou,496001,M. Kilman,1.056738522784451,0.057817271609185185,0.3652733043339209,0.8147256963267655,35,496001__623641
623641,E. Agbadou,558243,S. van den Berg,0.9605180919434927,0.06409964377024908,0.5323873541715504,0.8106723337233129,36,558243__623641
623641,E. Agbadou,488453,L. Martínez,1.3913225219970946,0.03384479049544645,-0.27240595134623585,0.809017556326929,37,488453__623641
623641,E. Agbadou,549884,T. Harwood-Bellis,0.94281452163372,0.06327032520287544,0.5103270908114311,0.7914439208459189,38,549884__623641
623641,E. Agbadou,364003,S. Bueno,1.272359540135819,0.03384479049544645,-0.27240595134623585,0.7316916181170998,39,364003__623641
623641,E. Agbadou,479155,N. Collins,1.1745369354149493,0.04021344302394527,-0.10299680321549814,0.7274001268942927,40,479155__623641
623641,E. Agbadou,192792,D. Burn,1.0756979283949963,0.044159940824265276,0.0019818916434650342,0.6998973155319603,41,192792__623641
623641,E. Agbadou,413002,K. Mavropanos,1.264421201933629,0.0288217077888927,-0.406022310301227,0.6797659726514294,42,413002__623641
623641,E. Agbadou,563725,Morato,1.221104858715344,0.02944564326079436,-0.3894253337335126,0.6574192913582442,43,563725__623641
623641,E. Agbadou,604320,J. Branthwaite,1.0167593695897428,0.03602128656059796,-0.21451013387821444,0.5858150433759578,44,604320__623641
623641,E. Agbadou,402884,K. Walker-Peters,1.0428600950834026,0.03384479049544645,-0.27240595134623585,0.5825169788330292,45,402884__623641
623641,E. Agbadou,415847,C. Romero,0.9801369770292022,0.03384479049544645,-0.27240595134623585,0.541746952097799,46,415847__623641
623641,E. Agbadou,619747,L. Colwill,1.2073914353201776,0.011812930564160025,-0.8584637722106979,0.48434211268437116,47,619747__623641
623641,E. Agbadou,50102,F. Schär,0.8625455341172479,0.03384479049544645,-0.27240595134623585,0.4653125142050286,48,50102__623641
623641,E. Agbadou,578325,W. Saliba,1.2078873888094963,0.0034298311156105393,-1.0814581544475916,0.4066164486695156,49,578325__623641
623641,E. Agbadou,270866,Diego Carlos,1.228603532814149,0.0,-1.1726932728541595,0.388149650830241,50,270866__623641
623641,E. Agbadou,365443,M. de Ligt,1.1827983373141417,0.0,-1.1726932728541595,0.3583762737552364,51,365443__623641
623641,E. Agbadou,627012,Murillo,1.120447584771353,0.0,-1.1726932728541595,0.31784828460242376,52,623641__627012
623641,E. Agbadou,557788,W. Fofana,0.6318831370232505,0.03384479049544645,-0.27240595134623585,0.31538195609393027,53,557788__623641
623641,E. Agbadou,625787,M. van de Ven,0.8135531492938523,0.020422199221903223,-0.6294531827947417,0.30850093306284443,54,623641__625787
623641,E. Agbadou,393247,I. Konaté,1.1013561305668376,0.0,-1.1726932728541595,0.3054388393694887,55,393247__623641
623641,E. Agbadou,9433,J. Tarkowski,1.0471002207241513,0.0,-1.1726932728541595,0.2701724979717426,56,9433__623641
623641,E. Agbadou,590781,J. van Hecke,1.0288597306278504,0.0,-1.1726932728541595,0.258316179409147,57,590781__623641
623641,E. Agbadou,590874,Toti,1.009528961065805,0.0011458581073985833,-1.1422129090747826,0.25641930651659933,58,590874__623641
623641,E. Agbadou,286380,I. Diop,1.0212696242045944,0.0,-1.1726932728541595,0.25338261023403064,59,286380__623641
623641,E. Agbadou,15806,J. Vestergaard,0.9857261854501153,0.0,-1.1726932728541595,0.23027937504361917,60,15806__623641
623641,E. Agbadou,482177,J. Kiwior,0.9487862269799164,0.0,-1.1726932728541595,0.2062684020379899,61,482177__623641
623641,E. Agbadou,258154,Rúben Dias,0.9474459250458781,0.0,-1.1726932728541595,0.20539720578086496,62,258154__623641
623641,E. Agbadou,653730,A. Khusanov,0.6812986039892535,0.018080808905541743,-0.6917352647832614,0.2007367499188733,63,623641__653730
623641,E. Agbadou,285382,W. Faes,0.8990029492470241,0.0,-1.1726932728541595,0.17390927151160984,64,285382__623641
623641,E. Agbadou,415917,Gabriel Magalhaes,0.8789267680594964,0.0,-1.1726932728541595,0.16085975373971684,65,415917__623641
623641,E. Agbadou,7953,C. Coady,0.8591709137845849,0.0,-1.1726932728541595,0.1480184484610244,66,7953__623641
623641,E. Agbadou,145787,J. Andersen,0.8199331606153565,0.0,-1.1726932728541595,0.12251390890102587,67,145787__623641
623641,E. Agbadou,8360,C. Dawson,0.8142584527245567,0.0,-1.1726932728541595,0.11882534877200601,68,8360__623641
623641,E. Agbadou,9097,L. Dunk,0.7897310830467358,0.0,-1.1726932728541595,0.10288255848142247,69,9097__623641
623641,E. Agbadou,366217,K. Danso,0.6426410502613615,0.0,-1.1726932728541595,0.007274037170929171,70,366217__623641
623641,E. Agbadou,234399,A. Webster,0.6244911290807937,0.0,-1.1726932728541595,-0.004523411596439875,71,234399__623641
623641,E. Agbadou,297957,M. Akanji,0.477331028629734,0.0,-1.1726932728541595,-0.10017747688962875,72,297957__623641
623641,E. Agbadou,136441,B. Davies,0.40637771998384686,0.0,-1.1726932728541595,-0.14629712750945534,73,136441__623641
625787,M. van de Ven,568412,J. Gvardiol,0.9054829144685048,0.6467328044440913,2.049159187157834,1.30576960990977,1,568412__625787
625787,M. van de Ven,623641,E. Agbadou,0.8135531492938523,0.5829945186327481,1.7331941175346401,1.135427488178128,2,623641__625787
625787,M. van de Ven,349142,N. Mazraoui,0.8225858182693266,0.48103455273781665,1.2277555524291255,0.9643952252252561,3,349142__625787
625787,M. van de Ven,447424,C. Bassey,0.13900582773887032,0.6705244662601715,2.1670998249782416,0.8488387267726503,4,447424__625787
625787,M. van de Ven,370,V. van Dijk,0.29683263271735744,0.5493648123248316,1.5664840725478737,0.741210636658038,5,370__625787
625787,M. van de Ven,645877,Y. Mosquera,0.2874032853312002,0.5388755684807918,1.5144865232054519,0.7168824185871883,6,625787__645877
625787,M. van de Ven,583655,C. Okoli,0.17955772360524214,0.552751157563231,1.5832709502525235,0.6708573529317906,7,583655__625787
625787,M. van de Ven,400549,Pau Torres,0.05234529367456682,0.5647758856660774,1.6428802416517547,0.6090325254665826,8,400549__625787
625787,M. van de Ven,424806,E. Pinnock,0.1337234544188036,0.5084599135587294,1.3637092564065043,0.5642184851144988,9,424806__625787
625787,M. van de Ven,15806,J. Vestergaard,-0.18805306506450126,0.6201548312630165,1.9174061749814824,0.5488576689515929,10,15806__625787
625787,M. van de Ven,578325,W. Saliba,-0.052224452745983085,0.5280966779498479,1.461053129857676,0.4774227011652976,11,578325__625787
625787,M. van de Ven,412968,M. Senesi,0.42866068462061846,0.34214368552129093,0.5392421735160489,0.46736420573401916,12,412968__625787
625787,M. van de Ven,283145,T. Adarabioyo,0.04280956719439394,0.4367748783395068,1.0083503562468161,0.3807488433627417,13,283145__625787
625787,M. van de Ven,590703,I. Zabarnyi,0.0546248385066741,0.4287170708204537,0.9684059855854574,0.37444823998424825,14,590703__625787
625787,M. van de Ven,346131,T. Chalobah,-0.01900545574891857,0.4465013860159789,1.056566850243586,0.35744485134845805,15,346131__625787
625787,M. van de Ven,8653,H. Maguire,-0.12331909907487645,0.43903425883294955,1.0195506153348772,0.27668530096853733,16,8653__625787
625787,M. van de Ven,534563,C. Richards,0.0819587527298121,0.35938511485373453,0.6247118304119584,0.2719223299185633,17,534563__625787
625787,M. van de Ven,399581,D. O'Shea,-0.06595059559793892,0.4092349797070062,0.8718288624841902,0.26227221473080625,18,399581__625787
625787,M. van de Ven,240032,J. Bednarek,0.0007482283373294873,0.3831761717331951,0.7426494694249979,0.2604136627180134,19,240032__625787
625787,M. van de Ven,270866,Diego Carlos,-0.12600984890672845,0.37434462786279543,0.6988695130240599,0.16269792776904743,20,270866__625787
625787,M. van de Ven,8582,A. Cresswell,-0.17303028819391877,0.3918365358247084,0.7855808490236977,0.162483609832247,21,8582__625787
625787,M. van de Ven,397074,M. Guéhi,-0.12145750666045199,0.36409658579092213,0.6480676553097658,0.14787630002912422,22,397074__625787
625787,M. van de Ven,413002,K. Mavropanos,-0.06433067960138175,0.3297860241894826,0.47798245695194597,0.12547891819228293,23,413002__625787
625787,M. van de Ven,424241,N. Milenković,-0.2227306507705395,0.3702051132113341,0.6783490045352287,0.09264722858647936,24,424241__625787
625787,M. van de Ven,501419,J. Todibo,-0.3124153629008427,0.395866437431858,0.8055579809102763,0.07887530743304894,25,501419__625787
625787,M. van de Ven,777938,Dean Huijsen,-0.21407962390813742,0.30159271833826085,0.33822187612057464,-0.02077409889808822,26,625787__777938
625787,M. van de Ven,488453,L. Martínez,-0.2940441742172331,0.32619195639179777,0.4601658516342694,-0.030070665169207256,27,488453__625787
625787,M. van de Ven,563725,Morato,-0.2965909353819832,0.2703284755602942,0.18323796777864917,-0.12865081927576189,28,563725__625787
625787,M. van de Ven,590781,J. van Hecke,-0.5245775088108648,0.318736537715651,0.4232076584369942,-0.19285270027411422,29,590781__625787
625787,M. van de Ven,620468,J. Greaves,-0.4095049606988235,0.26294965067004816,0.14665946726665344,-0.2148474109109066,30,620468__625787
625787,M. van de Ven,365443,M. de Ligt,-0.3457525877045391,0.22536849445772286,-0.03963880680827107,-0.2386127643908453,31,365443__625787
625787,M. van de Ven,288080,C. Burgess,-0.4072030349390867,0.24184933264678507,0.04206042811104804,-0.24996082287153956,32,288080__625787
625787,M. van de Ven,504375,M. Lacroix,-0.4342618362993035,0.24255158860395465,0.04554166940230504,-0.2663306093037405,33,504375__625787
625787,M. van de Ven,619747,L. Colwill,-0.3656420002062875,0.20027213717207548,-0.16404711456412435,-0.2950837902315304,34,619747__625787
625787,M. van de Ven,627012,Murillo,-0.48418173822300575,0.23280394152118197,-0.0027796174030340556,-0.31569099593601563,35,625787__627012
625787,M. van de Ven,7953,C. Coady,-0.6911911389402042,0.28891940843265634,0.2753974183287084,-0.35288514389608483,36,7953__625787
625787,M. van de Ven,590874,Toti,-0.5599593058080358,0.2231331091985076,-0.050720116104118425,-0.3817255894116647,37,590874__625787
625787,M. van de Ven,364003,S. Bueno,-0.48136782932652333,0.1859094621192486,-0.23524613671031028,-0.39522523691084877,38,364003__625787
625787,M. van de Ven,393247,I. Konaté,-0.4313331115709916,0.16700639353892938,-0.3289529144192527,-0.39550004256788296,39,393247__625787
625787,M. van de Ven,286380,I. Diop,-0.5650905256296377,0.21486368499529,-0.09171351843450207,-0.39940857311134026,40,286380__625787
625787,M. van de Ven,415847,C. Romero,-0.7023486559370957,0.2170155589717627,-0.08104619341718043,-0.48489279405512536,41,415847__625787
625787,M. van de Ven,8136,J. Stephens,-0.5685829665834767,0.1530550499434368,-0.39811287368666076,-0.5089184340695911,42,8136__625787
625787,M. van de Ven,479155,N. Collins,-0.5381938975907739,0.12548390260088715,-0.5347892743583852,-0.5370022794594378,43,479155__625787
625787,M. van de Ven,9433,J. Tarkowski,-0.6166564679928622,0.11792134040861874,-0.5722786021492587,-0.601124214947601,44,9433__625787
625787,M. van de Ven,604320,J. Branthwaite,-0.8085581019691062,0.15691712844708772,-0.3789676788047624,-0.6582014538615859,45,604320__625787
625787,M. van de Ven,412027,E. Konsa,-0.6443305665087958,0.0759912559168136,-0.7801354953354549,-0.6918622915981265,46,412027__625787
625787,M. van de Ven,327391,J. Bree,-0.916301232041936,0.17755774145161896,-0.2766475011905493,-0.6924224262439508,47,327391__625787
625787,M. van de Ven,496001,M. Kilman,-0.6972603090490672,0.07320248421443018,-0.7939600661391767,-0.7311052240306055,48,496001__625787
625787,M. van de Ven,520300,N. Wood,-0.8887044447954128,0.13726291560971865,-0.4763980481424206,-0.7443972059668655,49,520300__625787
625787,M. van de Ven,402884,K. Walker-Peters,-1.030697772535496,0.17755774145161896,-0.2766475011905493,-0.7667801775647647,50,402884__625787
625787,M. van de Ven,62126,M. Doherty,-0.6587290804071604,0.00573003325487054,-1.1284362352690775,-0.8231265846088314,51,62126__625787
625787,M. van de Ven,192792,D. Burn,-0.7558022152252041,0.0,-1.1568413034831364,-0.8961658961154804,52,192792__625787
625787,M. van de Ven,258154,Rúben Dias,-0.8907340005295811,0.03415279747036026,-0.9875381775332263,-0.9246154624808569,53,258154__625787
625787,M. van de Ven,285382,W. Faes,-0.9091229942621769,0.03462189154768779,-0.9852127723090988,-0.9357544165785996,54,285382__625787
625787,M. van de Ven,7919,M. Keane,-0.8588128176395924,0.0,-1.1568413034831364,-0.9631227876848327,55,7919__625787
625787,M. van de Ven,482177,J. Kiwior,-0.9197615647858947,0.0,-1.1568413034831364,-1.0027394733299293,56,482177__625787
625787,M. van de Ven,415917,Gabriel Magalhaes,-0.947128988562465,0.0,-1.1568413034831364,-1.0205282987847,57,415917__625787
625787,M. van de Ven,769441,L. Yoro,-1.0010392247355346,0.0,-1.1568413034831364,-1.055569952297195,58,625787__769441
625787,M. van de Ven,145787,J. Andersen,-1.0287646524143506,0.0,-1.1568413034831364,-1.0735914802884254,59,145787__625787
625787,M. van de Ven,558243,S. van den Berg,-1.1000415039051599,0.0,-1.1568413034831364,-1.1199214337574517,60,558243__625787
625787,M. van de Ven,653730,A. Khusanov,-1.2423760738995733,0.04238519152253696,-0.9467283420199113,-1.1388993677416916,61,625787__653730
625787,M. van de Ven,545267,R. Drăgușin,-1.146538911667958,0.0,-1.1568413034831364,-1.1501447488032706,62,545267__625787
625787,M. van de Ven,50102,F. Schär,-1.2811630725441638,0.03666553185567316,-0.9750819860167187,-1.174034692259558,63,50102__625787
625787,M. van de Ven,549884,T. Harwood-Bellis,-1.1952951446762856,0.0,-1.1568413034831364,-1.1818363002586834,64,549884__625787
625787,M. van de Ven,9097,L. Dunk,-1.3107057435466491,0.0,-1.1568413034831364,-1.2568531895244197,65,9097__625787
625787,M. van de Ven,557788,W. Fofana,-1.455688396870893,0.052754802486786115,-0.8953238398658648,-1.259560801919133,66,557788__625787
625787,M. van de Ven,8360,C. Dawson,-1.3149384666416146,0.0,-1.1568413034831364,-1.2596044595361473,67,8360__625787
625787,M. van de Ven,767087,A. Gray,-1.4173379670795934,0.0,-1.1568413034831364,-1.3261641348208335,68,625787__767087
625787,M. van de Ven,518805,L. Woolfenden,-1.4441988768761407,0.0,-1.1568413034831364,-1.3436237261885893,69,518805__625787
625787,M. van de Ven,366217,K. Danso,-1.481904412375615,0.0,-1.1568413034831364,-1.3681323242632475,70,366217__625787
625787,M. van de Ven,234399,A. Webster,-1.5343450365650169,0.0,-1.1568413034831364,-1.4022187299863587,71,234399__625787
625787,M. van de Ven,297957,M. Akanji,-1.7132160003518633,0.0,-1.1568413034831364,-1.5184848564478088,72,297957__625787
625787,M. van de Ven,136441,B. Davies,-1.7757619452403393,0.0,-1.1568413034831364,-1.5591397206253184,73,136441__625787
627012,Murillo,349142,N. Mazraoui,1.1287492707242344,0.1383357126810263,1.6194440971290995,1.300492459965937,1,349142__627012
627012,Murillo,568412,J. Gvardiol,1.2279483696923417,0.10603633596396536,0.9894384378364122,1.1444698935427664,2,568412__627012
627012,Murillo,645877,Y. Mosquera,0.6846922292948024,0.1383357126810263,1.6194440971290995,1.0118553830368064,3,627012__645877
627012,Murillo,412968,M. Senesi,0.8114987995934304,0.12127620557126616,1.2866950748169843,0.9778174959216743,4,412968__627012
627012,Murillo,583655,C. Okoli,0.5502854110521864,0.13893837030692915,1.6311990519773194,0.9286051853759829,5,583655__627012
627012,Murillo,590703,I. Zabarnyi,0.5071286564160725,0.13893837030692915,1.6311990519773194,0.9005532948625089,6,590703__627012
627012,Murillo,447424,C. Bassey,0.4451692801937778,0.1383357126810263,1.6194440971290995,0.8561654661211404,7,447424__627012
627012,Murillo,501419,J. Todibo,0.43280628709478863,0.13893837030692915,1.6311990519773194,0.8522437548036743,8,501419__627012
627012,Murillo,240032,J. Bednarek,0.38847771881585114,0.13893837030692915,1.6311990519773194,0.823430185422365,9,240032__627012
627012,Murillo,534563,C. Richards,0.4718864669899245,0.127238963151198,1.402999827483099,0.7977761431625355,10,534563__627012
627012,Murillo,488453,L. Martínez,0.2977645621043906,0.1383357126810263,1.6194440971290995,0.7603523993630387,11,488453__627012
627012,Murillo,777938,Dean Huijsen,0.2783887643991242,0.13893837030692915,1.6311990519773194,0.7518723650514925,12,627012__777938
627012,Murillo,623641,E. Agbadou,1.120447584771353,0.05489873917640377,-0.008010387910554782,0.7254872943326854,13,623641__627012
627012,Murillo,504375,M. Lacroix,0.17935757953548728,0.13893837030692915,1.6311990519773194,0.6875020948901285,14,504375__627012
627012,Murillo,424806,E. Pinnock,0.4561889096426405,0.09252108120551372,0.725820750746203,0.5505600540288874,15,424806__627012
627012,Murillo,578325,W. Saliba,0.2725701952038496,0.10886350945367304,1.0445830096317335,0.542774680253609,16,578325__627012
627012,Murillo,563725,Morato,0.07703477610919987,0.12453128768601218,1.3501860880249632,0.522637735279717,17,563725__627012
627012,Murillo,479155,N. Collins,-0.009797827812307758,0.12535590707281372,1.366270450426081,0.47182606957112827,18,479155__627012
627012,Murillo,346131,T. Chalobah,0.3034599994749184,0.09316444767738666,0.7383697395960411,0.45567840851731134,19,346131__627012
627012,Murillo,364003,S. Bueno,0.1384261363926615,0.09895784066509125,0.8513710027700316,0.38795683962474103,20,364003__627012
627012,Murillo,370,V. van Dijk,0.6346912905486723,0.048332250309467556,-0.13609103739463801,0.36491747576851374,21,370__627012
627012,Murillo,619747,L. Colwill,0.07794457250770012,0.09925906087423993,0.8572463618557304,0.3507001987795107,22,619747__627012
627012,Murillo,15806,J. Vestergaard,0.1181103873904065,0.094666437886173,0.7676663523457781,0.3454549751247865,23,15806__627012
627012,Murillo,8136,J. Stephens,0.022482223692197822,0.09120877762336446,0.7002240127439061,0.2596918498602957,24,8136__627012
627012,Murillo,400549,Pau Torres,0.4306496636166013,0.048332250309467556,-0.13609103739463801,0.23229041826266753,25,400549__627012
627012,Murillo,327391,J. Bree,-0.041085269770666955,0.09120877762336446,0.7002240127439061,0.21837297910943362,26,327391__627012
627012,Murillo,283145,T. Adarabioyo,0.3773765589106375,0.048332250309467556,-0.13609103739463801,0.19766290020379107,27,283145__627012
627012,Murillo,399581,D. O'Shea,0.3051204802857145,0.053371439164562925,-0.03780067331842364,0.18509807652426616,28,399581__627012
627012,Murillo,520300,N. Wood,-0.1343286762524734,0.09120877762336446,0.7002240127439061,0.1577647648962594,29,520300__627012
627012,Murillo,402884,K. Walker-Peters,-0.13455696860352095,0.0906061199974616,0.688469057895686,0.1535021406712015,30,402884__627012
627012,Murillo,397074,M. Guéhi,0.2010079485633849,0.057031112213303724,0.033581965178429186,0.1424088543786504,31,397074__627012
627012,Murillo,8582,A. Cresswell,0.27393355593757884,0.048332250309467556,-0.13609103739463801,0.13042494827130294,32,8582__627012
627012,Murillo,8653,H. Maguire,0.24652858887032414,0.048332250309467556,-0.13609103739463801,0.11261171967758737,33,8653__627012
627012,Murillo,415847,C. Romero,-0.19728008665772084,0.08804970746546384,0.638605731530177,0.09527994970804338,34,415847__627012
627012,Murillo,365443,M. de Ligt,0.06569384577247633,0.05895156465294415,0.07104076557493447,0.06756526770333668,35,365443__627012
627012,Murillo,270866,Diego Carlos,0.21618278761040827,0.04455860367331284,-0.20969675300253401,0.06712494839587849,36,270866__627012
627012,Murillo,288080,C. Burgess,0.12777619890188452,0.048332250309467556,-0.13609103739463801,0.03542266619810163,37,288080__627012
627012,Murillo,424241,N. Milenković,0.11433888492749755,0.048332250309467556,-0.13609103739463801,0.026688412114750114,38,424241__627012
627012,Murillo,393247,I. Konaté,0.007911918336616086,0.057396022014701294,0.040699602216001066,0.01938760769440083,39,393247__627012
627012,Murillo,9433,J. Tarkowski,-0.048381586164037885,0.04772959268356469,-0.147845992242858,-0.08319412829162492,40,9433__627012
627012,Murillo,412027,E. Konsa,-0.059432746408078885,0.048332250309467556,-0.13609103739463801,-0.08626314825337458,41,412027__627012
627012,Murillo,286380,I. Diop,-0.1025227685061868,0.04772959268356469,-0.147845992242858,-0.11838589681402172,42,286380__627012
627012,Murillo,604320,J. Branthwaite,-0.12229898382874832,0.048332250309467556,-0.13609103739463801,-0.1271262025768097,43,604320__627012
627012,Murillo,413002,K. Mavropanos,0.277559854079539,0.0006026576259028639,-1.0670660766280513,-0.1930592216681176,44,413002__627012
627012,Murillo,496001,M. Kilman,-0.18312735701272403,0.027507305929578257,-0.5422856500249073,-0.30883275956698814,45,496001__627012
627012,Murillo,50102,F. Schär,-0.39498853994629335,0.032902034342963786,-0.4370604173353642,-0.4097136970324682,46,50102__627012
627012,Murillo,653730,A. Khusanov,-0.499998323046526,0.04238519152253696,-0.2520895820332265,-0.4132302636918712,47,627012__653730
627012,Murillo,620468,J. Greaves,-0.06692821822497508,0.0006026576259028639,-1.0670660766280513,-0.4169764686660517,48,620468__627012
627012,Murillo,62126,M. Doherty,-0.13635987407281489,0.006332690880773404,-0.9553006574335406,-0.4229891482490689,49,62126__627012
627012,Murillo,590874,Toti,-0.1944752792963829,0.0011458581073985833,-1.056470845008859,-0.4961737272957495,50,590874__627012
627012,Murillo,590781,J. van Hecke,-0.18723542222464787,0.0,-1.0788210314762714,-0.4992903854627161,51,590781__627012
627012,Murillo,192792,D. Burn,-0.196323374812814,0.0006026576259028639,-1.0670660766280513,-0.5010833204481471,52,192792__627012
627012,Murillo,7919,M. Keane,-0.20050749185990085,0.0006026576259028639,-1.0670660766280513,-0.5038029965287535,53,7919__627012
627012,Murillo,557788,W. Fofana,-0.559547592938918,0.032902034342963786,-0.4370604173353642,-0.5166770814776742,54,557788__627012
627012,Murillo,769441,L. Yoro,-0.2397178920991403,0.0006026576259028639,-1.0670660766280513,-0.5292897566842591,55,627012__769441
627012,Murillo,545267,R. Drăgușin,-0.30447889817650414,0.0006026576259028639,-1.0670660766280513,-0.5713844106345456,56,545267__627012
627012,Murillo,482177,J. Kiwior,-0.2998552541673919,0.0,-1.0788210314762714,-0.5724932762254997,57,482177__627012
627012,Murillo,7953,C. Coady,-0.3176081751911459,0.0,-1.0788210314762714,-0.5840326748909399,58,7953__627012
627012,Murillo,558243,S. van den Berg,-0.33650607492279616,0.0006026576259028639,-1.0670660766280513,-0.5922020755196354,59,558243__627012
627012,Murillo,549884,T. Harwood-Bellis,-0.3504886810136206,0.0006026576259028639,-1.0670660766280513,-0.6012907694786713,60,549884__627012
627012,Murillo,258154,Rúben Dias,-0.34837186292118344,0.0,-1.0788210314762714,-0.6040290719154642,61,258154__627012
627012,Murillo,285382,W. Faes,-0.35455876947660675,0.0,-1.0788210314762714,-0.6080505611764894,62,285382__627012
627012,Murillo,415917,Gabriel Magalhaes,-0.37634248492000694,0.0,-1.0788210314762714,-0.6222099762146995,63,415917__627012
627012,Murillo,145787,J. Andersen,-0.40477201273596397,0.0,-1.0788210314762714,-0.6406891692950716,64,145787__627012
627012,Murillo,767087,A. Gray,-0.46918651242032594,0.0006026576259028639,-1.0670660766280513,-0.6784443598930299,65,627012__767087
627012,Murillo,625787,M. van de Ven,-0.48418173822300575,0.0006026576259028639,-1.0670660766280513,-0.6881912566647717,66,625787__627012
627012,Murillo,8360,C. Dawson,-0.48024030521037997,0.0,-1.0788210314762714,-0.689743559403442,67,8360__627012
627012,Murillo,9097,L. Dunk,-0.4960840605100452,0.0,-1.0788210314762714,-0.7000420003482244,68,9097__627012
627012,Murillo,518805,L. Woolfenden,-0.5209861047522699,0.0006026576259028639,-1.0670660766280513,-0.7121140949087934,69,518805__627012
627012,Murillo,366217,K. Danso,-0.5843456634941104,0.0,-1.0788210314762714,-0.7574120422878667,70,366217__627012
627012,Murillo,234399,A. Webster,-0.6024955846746785,0.0,-1.0788210314762714,-0.7692094910552361,71,234399__627012
627012,Murillo,297957,M. Akanji,-0.7496556851257381,0.0,-1.0788210314762714,-0.8648635563484248,72,297957__627012
627012,Murillo,136441,B. Davies,-0.8206089937716252,0.0,-1.0788210314762714,-0.9109832069682514,73,136441__627012
645877,Y. Mosquera,568412,J. Gvardiol,1.73462766526865,0.024539876048452217,1.0365017417087175,1.4902835920226738,1,568412__645877
645877,Y. Mosquera,370,V. van Dijk,1.286303137733281,0.024539876048452217,1.0365017417087175,1.1988726491246837,2,370__645877
645877,Y. Mosquera,413002,K. Mavropanos,1.1387620496197994,0.024539876048452217,1.0365017417087175,1.1029709418509208,3,413002__645877
645877,Y. Mosquera,283145,T. Adarabioyo,1.1129850470395295,0.024539876048452217,1.0365017417087175,1.0862158901737453,4,283145__645877
645877,Y. Mosquera,424806,E. Pinnock,1.052230894641701,0.024539876048452217,1.0365017417087175,1.0467256911151568,5,424806__645877
645877,Y. Mosquera,400549,Pau Torres,1.042007571788871,0.024539876048452217,1.0365017417087175,1.0400805312608172,6,400549__645877
645877,Y. Mosquera,8653,H. Maguire,0.9875235082328526,0.024539876048452217,1.0365017417087175,1.0046658899494054,7,8653__645877
645877,Y. Mosquera,346131,T. Chalobah,0.9684120540195073,0.024539876048452217,1.0365017417087175,0.9922434447107309,8,346131__645877
645877,Y. Mosquera,397074,M. Guéhi,0.8792983566240558,0.024539876048452217,1.0365017417087175,0.9343195414036873,9,397074__645877
645877,Y. Mosquera,534563,C. Richards,0.8638213842792046,0.024539876048452217,1.0365017417087175,0.9242595093795342,10,534563__645877
645877,Y. Mosquera,240032,J. Bednarek,0.8509770516691881,0.024539876048452217,1.0365017417087175,0.9159106931830234,11,240032__645877
645877,Y. Mosquera,399581,D. O'Shea,0.8507254113649372,0.024539876048452217,1.0365017417087175,0.9157471269852603,12,399581__645877
645877,Y. Mosquera,424241,N. Milenković,0.8336859021913723,0.024539876048452217,1.0365017417087175,0.9046714460224431,13,424241__645877
645877,Y. Mosquera,8582,A. Cresswell,0.8178292050735733,0.024539876048452217,1.0365017417087175,0.8943645928958738,14,8582__645877
645877,Y. Mosquera,590703,I. Zabarnyi,0.8139588206210145,0.024539876048452217,1.0365017417087175,0.8918488430017106,15,590703__645877
645877,Y. Mosquera,620468,J. Greaves,0.7957822968379251,0.024539876048452217,1.0365017417087175,0.8800341025427024,16,620468__645877
645877,Y. Mosquera,777938,Dean Huijsen,0.7193731382836208,0.024539876048452217,1.0365017417087175,0.8303681494824047,17,645877__777938
645877,Y. Mosquera,288080,C. Burgess,0.7102454452620632,0.024539876048452217,1.0365017417087175,0.8244351490183922,18,288080__645877
645877,Y. Mosquera,501419,J. Todibo,0.6981455468681932,0.024539876048452217,1.0365017417087175,0.8165702150623767,19,501419__645877
645877,Y. Mosquera,412027,E. Konsa,0.6162230810018923,0.024539876048452217,1.0365017417087175,0.763320612249281,20,412027__645877
645877,Y. Mosquera,62126,M. Doherty,0.5920153957119485,0.024539876048452217,1.0365017417087175,0.7475856168108177,21,62126__645877
645877,Y. Mosquera,623641,E. Agbadou,1.6721974417066978,0.0,-1.0022134484836802,0.7361536301400656,22,623641__645877
645877,Y. Mosquera,7919,M. Keane,0.5710775316943049,0.024539876048452217,1.0365017417087175,0.7339760051993494,23,7919__645877
645877,Y. Mosquera,496001,M. Kilman,0.530588658821799,0.024539876048452217,1.0365017417087175,0.7076582378322205,24,496001__645877
645877,Y. Mosquera,192792,D. Burn,0.5279569336336745,0.024539876048452217,1.0365017417087175,0.7059476164599395,25,192792__645877
645877,Y. Mosquera,769441,L. Yoro,0.5086967930136412,0.024539876048452217,1.0365017417087175,0.6934285250569179,26,645877__769441
645877,Y. Mosquera,604320,J. Branthwaite,0.49060950562709066,0.024539876048452217,1.0365017417087175,0.68167178825566,27,604320__645877
645877,Y. Mosquera,545267,R. Drăgușin,0.4671061253777017,0.024539876048452217,1.0365017417087175,0.6663945910935571,28,545267__645877
645877,Y. Mosquera,327391,J. Bree,0.46378775519708243,0.024539876048452217,1.0365017417087175,0.6642376504761547,29,327391__645877
645877,Y. Mosquera,520300,N. Wood,0.4409675672050221,0.024539876048452217,1.0365017417087175,0.6494045282813155,30,520300__645877
645877,Y. Mosquera,558243,S. van den Berg,0.4318678211257748,0.024539876048452217,1.0365017417087175,0.6434896933298048,31,558243__645877
645877,Y. Mosquera,349142,N. Mazraoui,1.526204673011269,0.0,-1.0022134484836802,0.6412583304880369,32,349142__645877
645877,Y. Mosquera,549884,T. Harwood-Bellis,0.3932463040872849,0.024539876048452217,1.0365017417087175,0.6183857072547863,33,549884__645877
645877,Y. Mosquera,8136,J. Stephens,0.5585733522791279,0.020422199221903223,0.6944148347490494,0.6061178711436004,34,8136__645877
645877,Y. Mosquera,767087,A. Gray,0.3023985111338801,0.024539876048452217,1.0365017417087175,0.5593346418350732,35,645877__767087
645877,Y. Mosquera,518805,L. Woolfenden,0.25059891880193624,0.024539876048452217,1.0365017417087175,0.5256649068193097,36,518805__645877
645877,Y. Mosquera,504375,M. Lacroix,0.591424010123432,0.01567465090143116,0.2999996853811997,0.48942549646365074,37,504375__645877
645877,Y. Mosquera,625787,M. van de Ven,0.2874032853312002,0.020422199221903223,0.6944148347490494,0.42985732762744744,38,625787__645877
645877,Y. Mosquera,583655,C. Okoli,0.8255108339458863,0.007725267667151619,-0.3604163786766566,0.41043630952799626,39,583655__645877
645877,Y. Mosquera,412968,M. Senesi,1.1588355654139582,0.0,-1.0022134484836802,0.40246841054978477,40,412968__645877
645877,Y. Mosquera,270866,Diego Carlos,1.0013576579767907,0.0,-1.0022134484836802,0.3001077707156259,41,270866__645877
645877,Y. Mosquera,447424,C. Bassey,0.9113175513755889,0.0,-1.0022134484836802,0.2415817014248448,42,447424__645877
645877,Y. Mosquera,479155,N. Collins,0.5572298886479201,0.006580755527005183,-0.45549975566149337,0.20277451313962544,43,479155__645877
645877,Y. Mosquera,578325,W. Saliba,0.7234603256295148,0.0,-1.0022134484836802,0.11947450468989662,44,578325__645877
645877,Y. Mosquera,627012,Murillo,0.6846922292948024,0.0,-1.0022134484836802,0.09427524207233356,45,627012__645877
645877,Y. Mosquera,590781,J. van Hecke,0.6604647498146587,0.0,-1.0022134484836802,0.07852738041024016,46,590781__645877
645877,Y. Mosquera,488453,L. Martínez,0.654057723222613,0.0,-1.0022134484836802,0.07436281312541043,47,488453__645877
645877,Y. Mosquera,563725,Morato,0.6499041972789146,0.0,-1.0022134484836802,0.07166302126200647,48,563725__645877
645877,Y. Mosquera,365443,M. de Ligt,0.6355743551191453,0.0,-1.0022134484836802,0.06234862385815643,49,365443__645877
645877,Y. Mosquera,15806,J. Vestergaard,0.6349351552574793,0.0,-1.0022134484836802,0.06193314394807353,50,15806__645877
645877,Y. Mosquera,619747,L. Colwill,0.6206038241068302,0.0,-1.0022134484836802,0.05261777870015166,51,619747__645877
645877,Y. Mosquera,590874,Toti,0.5899742520481674,0.0,-1.0022134484836802,0.03270855686202084,52,590874__645877
645877,Y. Mosquera,393247,I. Konaté,0.5782544023496756,0.0,-1.0022134484836802,0.025090654558001135,53,393247__645877
645877,Y. Mosquera,364003,S. Bueno,0.551763161563479,0.0,-1.0022134484836802,0.00787134804697337,54,364003__645877
645877,Y. Mosquera,286380,I. Diop,0.5233716906572897,0.0,-1.0022134484836802,-0.010583108042049705,55,286380__645877
645877,Y. Mosquera,9433,J. Tarkowski,0.5205901192475917,0.0,-1.0022134484836802,-0.012391129458353412,56,9433__645877
645877,Y. Mosquera,7953,C. Coady,0.5198447016609106,0.0,-1.0022134484836802,-0.012875650889696166,57,7953__645877
645877,Y. Mosquera,258154,Rúben Dias,0.42129606108322587,0.0,-1.0022134484836802,-0.0769322672651912,58,258154__645877
645877,Y. Mosquera,482177,J. Kiwior,0.4184336385928705,0.0,-1.0022134484836802,-0.07879284188392216,59,482177__645877
645877,Y. Mosquera,285382,W. Faes,0.39846609912246167,0.0,-1.0022134484836802,-0.09177174253968795,60,285382__645877
645877,Y. Mosquera,415847,C. Romero,0.3843373150625855,0.0,-1.0022134484836802,-0.10095545217860744,61,415847__645877
645877,Y. Mosquera,415917,Gabriel Magalhaes,0.37668238367906154,0.0,-1.0022134484836802,-0.10593115757789803,62,415917__645877
645877,Y. Mosquera,145787,J. Andersen,0.30244662445879733,0.0,-1.0022134484836802,-0.15418440107106976,63,145787__645877
645877,Y. Mosquera,8360,C. Dawson,0.2881085887619046,0.0,-1.0022134484836802,-0.16350412427405003,64,8360__645877
645877,Y. Mosquera,50102,F. Schär,0.28172421728684466,0.0,-1.0022134484836802,-0.167653965732839,65,50102__645877
645877,Y. Mosquera,9097,L. Dunk,0.26358121908408366,0.0,-1.0022134484836802,-0.17944691456463363,66,9097__645877
645877,Y. Mosquera,402884,K. Walker-Peters,0.2591175757913689,0.0,-1.0022134484836802,-0.18234828270489822,67,402884__645877
645877,Y. Mosquera,366217,K. Danso,0.1686792051049581,0.0,-1.0022134484836802,-0.24113322365106526,68,366217__645877
645877,Y. Mosquera,234399,A. Webster,0.15052928392439008,0.0,-1.0022134484836802,-0.2529306724184345,69,234399__645877
645877,Y. Mosquera,653730,A. Khusanov,0.11753815935614081,0.0,-1.0022134484836802,-0.27437490338779646,70,645877__653730
645877,Y. Mosquera,557788,W. Fofana,0.07636255161304784,0.0,-1.0022134484836802,-0.30113904842080697,71,557788__645877
645877,Y. Mosquera,297957,M. Akanji,0.0033691834733304837,0.0,-1.0022134484836802,-0.34858473771162324,72,297957__645877
645877,Y. Mosquera,136441,B. Davies,-0.06758412517255669,0.0,-1.0022134484836802,-0.3947043883314499,73,136441__645877
653730,A. Khusanov,623641,E. Agbadou,0.6812986039892535,0.7852360783147115,3.1218879345386066,1.535504869681527,1,623641__653730
653730,A. Khusanov,568412,J. Gvardiol,0.8050530676465139,0.7353541102537714,2.858400323501789,1.52372460719586,2,568412__653730
653730,A. Khusanov,370,V. van Dijk,0.2765038008331917,0.7203337166631275,2.7790592754662256,1.1523982169547535,3,370__653730
653730,A. Khusanov,413002,K. Mavropanos,-0.12455317571488744,0.6635051346378139,2.4788781098360597,0.786647774227944,4,413002__653730
653730,A. Khusanov,283145,T. Adarabioyo,0.01588706982675414,0.531896051616867,1.7836897637473368,0.634618012698958,5,283145__653730
653730,A. Khusanov,349142,N. Mazraoui,0.6550192961002497,0.3019291365048339,0.5689535487216978,0.6248962845177566,6,349142__653730
653730,A. Khusanov,270866,Diego Carlos,-0.1441467423333429,0.5671144755834513,1.969721284879388,0.5957070671911129,7,270866__653730
653730,A. Khusanov,400549,Pau Torres,0.07629845726892576,0.4301670222984145,1.246334483870109,0.4858110665793398,8,400549__653730
653730,A. Khusanov,8653,H. Maguire,-0.2168488306948086,0.5081621557114812,1.6583220652422035,0.4394609828831456,9,8653__653730
653730,A. Khusanov,424806,E. Pinnock,0.010891049282298199,0.41430102690012394,1.1625267796690744,0.41396355491766984,10,424806__653730
653730,A. Khusanov,346131,T. Chalobah,-0.1540084239999111,0.45261643346068786,1.3649172492715105,0.3776155616450864,11,346131__653730
653730,A. Khusanov,447424,C. Bassey,-0.13153168349800562,0.3426378843871358,0.7839861776409042,0.18889956790061277,12,447424__653730
653730,A. Khusanov,397074,M. Guéhi,-0.22266587476252797,0.3661154112460556,0.9079996780214845,0.17306706871187638,13,397074__653730
653730,A. Khusanov,424241,N. Milenković,-0.24667464028346292,0.3530603058086321,0.8390397175937393,0.1333253849735578,14,424241__653730
653730,A. Khusanov,620468,J. Greaves,-0.38890825550340324,0.36839996473069136,0.9200671958711635,0.06923315247769507,15,620468__653730
653730,A. Khusanov,399581,D. O'Shea,-0.14783091882821592,0.2815472685284881,0.46129200467447307,0.0653621043977252,16,399581__653730
653730,A. Khusanov,534563,C. Richards,-0.05304421552118052,0.24347526521542034,0.2601872449727172,0.05658679565168368,17,534563__653730
653730,A. Khusanov,645877,Y. Mosquera,0.11753815935614081,0.1816149960608952,-0.06657240728694469,0.0530994610310609,18,645877__653730
653730,A. Khusanov,8582,A. Cresswell,-0.14787990944637253,0.25722767245704553,0.3328305080788232,0.02036873668744596,19,8582__653730
653730,A. Khusanov,412968,M. Senesi,0.11801939681757753,0.13989602901798764,-0.28694123771540997,-0.02371682526896808,20,412968__653730
653730,A. Khusanov,583655,C. Okoli,-0.060371039915279534,0.1715681620989982,-0.11964201103372829,-0.0811158798067366,21,583655__653730
653730,A. Khusanov,240032,J. Bednarek,-0.17893761418311277,0.20243479164372832,0.04340236743913882,-0.10111862061532473,22,240032__653730
653730,A. Khusanov,15806,J. Vestergaard,-0.6273232227520925,0.34717636406132574,0.8079594331794692,-0.12497429317604597,23,15806__653730
653730,A. Khusanov,627012,Murillo,-0.499998323046526,0.2931602879812105,0.5226345473099941,-0.142076818421744,24,627012__653730
653730,A. Khusanov,578325,W. Saliba,-0.3211980634153749,0.21475527192245006,0.10848187495778082,-0.1708100849847704,25,578325__653730
653730,A. Khusanov,590703,I. Zabarnyi,-0.11672020081680459,0.12965190813835686,-0.3410529546879384,-0.19523666467170142,26,590703__653730
653730,A. Khusanov,590781,J. van Hecke,-0.6982038023417612,0.318736537715651,0.6577339670757859,-0.22362558304561975,27,590781__653730
653730,A. Khusanov,563725,Morato,-0.4823930477451873,0.2121337048564308,0.09463417667622276,-0.28043351919769377,28,563725__653730
653730,A. Khusanov,288080,C. Burgess,-0.37166927476877504,0.15710489096993713,-0.19604021474771083,-0.3101991037614026,29,288080__653730
653730,A. Khusanov,7953,C. Coady,-0.8217650093325161,0.28891940843265634,0.5002332815945295,-0.35906560750805017,30,7953__653730
653730,A. Khusanov,365443,M. de Ligt,-0.4678202394801214,0.1633559395165577,-0.16302079085465163,-0.36114043246120703,31,365443__653730
653730,A. Khusanov,590874,Toti,-0.6678348670401117,0.221987251091109,0.1466827918079341,-0.3827536864432957,32,590874__653730
653730,A. Khusanov,286380,I. Diop,-0.5954038254180682,0.16496842762696654,-0.1545032712668551,-0.44108863146514365,33,286380__653730
653730,A. Khusanov,501419,J. Todibo,-0.44741833115183544,0.11143048458276347,-0.43730255246819905,-0.4438778086125627,34,501419__653730
653730,A. Khusanov,619747,L. Colwill,-0.5215527374931064,0.12190447885223823,-0.3819765933018396,-0.472701087026163,35,619747__653730
653730,A. Khusanov,777938,Dean Huijsen,-0.40252681432455023,0.0646235878830291,-0.6845469550225048,-0.5012338635688344,36,653730__777938
653730,A. Khusanov,393247,I. Konaté,-0.5851231703458559,0.12750381025320784,-0.35239968381738423,-0.5036699500608908,37,393247__653730
653730,A. Khusanov,488453,L. Martínez,-0.44770219539078926,0.06633651698214878,-0.6754988838707994,-0.5274310363587928,38,488453__653730
653730,A. Khusanov,412027,E. Konsa,-0.6087968063384843,0.11143048458276347,-0.43730255246819905,-0.5487738174838845,39,412027__653730
653730,A. Khusanov,62126,M. Doherty,-0.687482800549845,0.11118034731551378,-0.43862383295373203,-0.6003821618912054,40,62126__653730
653730,A. Khusanov,7919,M. Keane,-0.7696896603587241,0.10545031406064324,-0.46889113859898773,-0.6644101777428164,41,7919__653730
653730,A. Khusanov,364003,S. Bueno,-0.6671699416897274,0.06633651698214878,-0.6754988838707994,-0.6700850714531026,42,364003__653730
653730,A. Khusanov,496001,M. Kilman,-0.7941026760918132,0.09737197403348974,-0.5115627210894252,-0.6952136918409775,43,496001__653730
653730,A. Khusanov,769441,L. Yoro,-0.8534680028708304,0.10545031406064324,-0.46889113859898773,-0.7188661003756854,44,653730__769441
653730,A. Khusanov,258154,Rúben Dias,-0.8262967547923812,0.0945091439303888,-0.5266848242059023,-0.7214325790871137,45,258154__653730
653730,A. Khusanov,9433,J. Tarkowski,-0.7505842625512956,0.06633651698214878,-0.6754988838707994,-0.7243043800131219,46,9433__653730
653730,A. Khusanov,415847,C. Romero,-0.9179716570674712,0.10911308336247653,-0.4495435793378936,-0.7540218298621191,47,415847__653730
653730,A. Khusanov,504375,M. Lacroix,-0.6796019800972444,0.0216548214235514,-0.911517502972319,-0.7607724131035205,48,504375__653730
653730,A. Khusanov,192792,D. Burn,-0.8349223565480082,0.04720153055406991,-0.7765741232237632,-0.8145004748845224,49,192792__653730
653730,A. Khusanov,479155,N. Collins,-0.7607081027791756,0.01256092604912542,-0.9595534738926914,-0.8303039826689061,50,479155__653730
653730,A. Khusanov,8136,J. Stephens,-0.7887626639106078,0.020422199221903223,-0.9180284866373268,-0.8340057018649594,51,8136__653730
653730,A. Khusanov,415917,Gabriel Magalhaes,-0.9185980849400885,0.060356346460028534,-0.7070874700015881,-0.8445693697116133,52,415917__653730
653730,A. Khusanov,604320,J. Branthwaite,-0.8900933630133667,0.0420014570827182,-0.8040420638332536,-0.859975408300327,53,604320__653730
653730,A. Khusanov,545267,R. Drăgușin,-1.0961961465223322,0.10545031406064324,-0.46889113859898773,-0.8766393937491617,54,545267__653730
653730,A. Khusanov,482177,J. Kiwior,-0.9739340944302146,0.060356346460028534,-0.7070874700015881,-0.8805377758801953,55,482177__653730
653730,A. Khusanov,285382,W. Faes,-0.9231068825077569,0.03462189154768779,-0.8430225645813257,-0.895077371233506,56,285382__653730
653730,A. Khusanov,558243,S. van den Berg,-1.131434450774259,0.10545031406064324,-0.46889113859898773,-0.8995442915129142,57,558243__653730
653730,A. Khusanov,767087,A. Gray,-1.1956699847611065,0.10545031406064324,-0.46889113859898773,-0.941297388604365,58,653730__767087
653730,A. Khusanov,327391,J. Bree,-1.2041030365977319,0.10545031406064324,-0.46889113859898773,-0.9467788722981715,59,327391__653730
653730,A. Khusanov,520300,N. Wood,-1.104694350289056,0.03431956794183148,-0.8446195048738538,-1.0136681543937354,60,520300__653730
653730,A. Khusanov,625787,M. van de Ven,-1.2423760738995733,0.08077854568193175,-0.5992128873763929,-1.0172689586164603,61,625787__653730
653730,A. Khusanov,549884,T. Harwood-Bellis,-1.1607038611201057,0.04509396760061471,-0.7877067378599217,-1.0301548679790413,62,549884__653730
653730,A. Khusanov,9097,L. Dunk,-1.2103266190312563,0.060356346460028534,-0.7070874700015881,-1.0341929168708726,63,9097__653730
653730,A. Khusanov,8360,C. Dawson,-1.254564198418585,0.060356346460028534,-0.7070874700015881,-1.062947343472636,64,8360__653730
653730,A. Khusanov,366217,K. Danso,-1.3617994529370239,0.060356346460028534,-0.7070874700015881,-1.1326502589096215,65,366217__653730
653730,A. Khusanov,234399,A. Webster,-1.3634761983587416,0.060356346460028534,-0.7070874700015881,-1.133740143433738,66,234399__653730
653730,A. Khusanov,518805,L. Woolfenden,-1.580886654452181,0.10545031406064324,-0.46889113859898773,-1.1916882239035633,67,518805__653730
653730,A. Khusanov,50102,F. Schär,-1.312078502100928,0.0,-1.025903069262522,-1.211917100607486,68,50102__653730
653730,A. Khusanov,145787,J. Andersen,-1.3536109314206854,0.0,-1.025903069262522,-1.238913179665328,69,145787__653730
653730,A. Khusanov,402884,K. Walker-Peters,-1.5315100716838508,0.0,-1.025903069262522,-1.3545476208363856,70,402884__653730
653730,A. Khusanov,136441,B. Davies,-1.7809150341377773,0.060356346460028534,-0.7070874700015881,-1.4050753866901111,71,136441__653730
653730,A. Khusanov,557788,W. Fofana,-1.6649080103020508,0.0,-1.025903069262522,-1.441256280938216,72,557788__653730
653730,A. Khusanov,297957,M. Akanji,-1.7115268082381607,0.0,-1.025903069262522,-1.471558499596687,73,297957__653730
767087,A. Gray,568412,J. Gvardiol,0.8358129000841655,0.8069656473945108,2.533592198183612,1.4300356544189716,1,568412__767087
767087,A. Gray,349142,N. Mazraoui,0.8375810440720066,0.6086346520099812,1.62925016658451,1.1146652369513828,2,349142__767087
767087,A. Gray,623641,E. Agbadou,0.8285483750965321,0.5605663949446842,1.4100703799577274,1.0320810767979505,3,623641__767087
767087,A. Gray,645877,Y. Mosquera,0.3023985111338801,0.6968787109607701,2.031622026784089,0.9076267416114533,4,645877__767087
767087,A. Gray,583655,C. Okoli,0.19455294940792192,0.6803512568353957,1.9562607782211832,0.8111506894925633,5,583655__767087
767087,A. Gray,447424,C. Bassey,0.1540010535415499,0.6380655862623793,1.7634482066945298,0.7173075571450928,6,447424__767087
767087,A. Gray,412968,M. Senesi,0.44365591042329805,0.4697437847934556,0.9959409413389666,0.636955671243782,7,412968__767087
767087,A. Gray,370,V. van Dijk,0.2719932374810669,0.508466993105589,1.1725095347004535,0.5871739415078522,8,370__767087
767087,A. Gray,400549,Pau Torres,-0.04966785539102328,0.5901837815563519,1.5451185983520412,0.5085074034190493,9,400549__767087
767087,A. Gray,590703,I. Zabarnyi,0.039140577842026764,0.5261554593420641,1.2531647215569088,0.4640490281422355,10,590703__767087
767087,A. Gray,578325,W. Saliba,-0.03722922694330322,0.5536022200880601,1.3783154037572598,0.4582113938018938,11,578325__767087
767087,A. Gray,534563,C. Richards,0.0884874545137902,0.4869852141258992,1.0745577465435383,0.433612056724202,12,534563__767087
767087,A. Gray,424806,E. Pinnock,0.06405344003446414,0.4944775762116088,1.1087211305215692,0.4296871317049509,13,424806__767087
767087,A. Gray,15806,J. Vestergaard,-0.17305783926182106,0.5792570120437737,1.4952951357073774,0.4108657019773984,14,15806__767087
767087,A. Gray,240032,J. Bednarek,-0.046714509932381965,0.4422812490031936,0.8707183286995415,0.2743869835887912,15,240032__767087
767087,A. Gray,346131,T. Chalobah,-0.02150304816669757,0.40560356679673615,0.7034768464661435,0.2322399149547968,16,346131__767087
767087,A. Gray,501419,J. Todibo,-0.30450514999943534,0.5145745379285507,1.200358482277059,0.22219712129733762,17,501419__767087
767087,A. Gray,283145,T. Adarabioyo,-0.026860447189945597,0.39587705912026405,0.6591262914989234,0.21323491135115855,18,283145__767087
767087,A. Gray,399581,D. O'Shea,-0.10387114491214627,0.4092349797070062,0.7200352231459035,0.18449608390817113,19,399581__767087
767087,A. Gray,8653,H. Maguire,-0.1614777778692215,0.3981364396137068,0.669428527625122,0.1293394290537987,20,8653__767087
767087,A. Gray,8582,A. Cresswell,-0.2750434372595089,0.4278880302661297,0.8050886844339536,0.10300280533320297,21,8582__767087
767087,A. Gray,397074,M. Guéhi,-0.14095552685989077,0.36409658579092213,0.5142149136272226,0.0883541273105989,22,397074__767087
767087,A. Gray,270866,Diego Carlos,-0.11997886240445577,0.3334468086435527,0.3744592406434229,0.053074473662301766,23,270866__767087
767087,A. Gray,488453,L. Martínez,-0.2790489484145532,0.39423562460808637,0.651641741650315,0.04669279310815064,24,488453__767087
767087,A. Gray,424241,N. Milenković,-0.24063083676026847,0.3702051132113341,0.542068341613825,0.03331387567066424,25,424241__767087
767087,A. Gray,413002,K. Mavropanos,-0.055848164582318505,0.28888820497023987,0.17128263633598473,0.02364761573908762,26,413002__767087
767087,A. Gray,777938,Dean Huijsen,-0.23062635033199455,0.30159271833826085,0.2292121869210479,-0.0696828622934297,27,767087__777938
767087,A. Gray,563725,Morato,-0.28159570957930347,0.2703284755602942,0.08665469722854514,-0.15270806719655647,28,563725__767087
767087,A. Gray,504375,M. Lacroix,-0.4192666104966235,0.3212556261398158,0.31887035635607647,-0.16091867209817853,29,504375__767087
767087,A. Gray,365443,M. de Ligt,-0.33075736190185906,0.22536849445772286,-0.11835209241684244,-0.25641551758210324,30,365443__767087
767087,A. Gray,364003,S. Bueno,-0.46637260352384313,0.2779995310695103,0.12163288059450779,-0.26057068408242035,31,364003__767087
767087,A. Gray,620468,J. Greaves,-0.43547678659954014,0.26294965067004816,0.05300901578010906,-0.26450675576666294,32,620468__767087
767087,A. Gray,590781,J. van Hecke,-0.5095822830081846,0.28888820497023987,0.17128263633598473,-0.27127956123772534,33,590781__767087
767087,A. Gray,619747,L. Colwill,-0.3506467744036075,0.20027213717207548,-0.2327854954733654,-0.30939532677802273,34,619747__767087
767087,A. Gray,627012,Murillo,-0.46918651242032594,0.23280394152118197,-0.08444822736448818,-0.33452811265078275,35,627012__767087
767087,A. Gray,288080,C. Burgess,-0.5113842018075674,0.24184933264678507,-0.04320340140434749,-0.34752092166644044,36,288080__767087
767087,A. Gray,590874,Toti,-0.5449640800053555,0.2231331091985076,-0.1285449159984817,-0.39921737260294965,37,590874__767087
767087,A. Gray,393247,I. Konaté,-0.41633788576831166,0.16700639353892938,-0.3844693516529167,-0.4051838988279234,38,393247__767087
767087,A. Gray,286380,I. Diop,-0.5766648546710031,0.21486368499529,-0.16625151788182974,-0.4330201867947925,39,286380__767087
767087,A. Gray,7953,C. Coady,-0.759657417960222,0.28888820497023987,0.17128263633598473,-0.4338283989565497,40,7953__767087
767087,A. Gray,415847,C. Romero,-0.6873534301344156,0.23957289648089702,-0.053583407328653195,-0.4655339221523988,41,415847__767087
767087,A. Gray,8136,J. Stephens,-0.5535877407807969,0.1713633014948342,-0.3646028906154272,-0.4874430432229175,42,8136__767087
767087,A. Gray,479155,N. Collins,-0.523198671788094,0.12548390260088715,-0.5738020060832562,-0.5409098387914008,43,479155__767087
767087,A. Gray,9433,J. Tarkowski,-0.6016612421901821,0.11792134040861874,-0.6082854858025539,-0.6039797274545122,44,9433__767087
767087,A. Gray,402884,K. Walker-Peters,-1.0884084421630786,0.3051578407237836,0.2454682946200595,-0.6215515842889803,45,402884__767087
767087,A. Gray,327391,J. Bree,-0.9542603830904888,0.231611443067194,-0.08988573587125177,-0.6517292565637559,46,327391__767087
767087,A. Gray,604320,J. Branthwaite,-0.8170751413473065,0.15691712844708772,-0.43047399390667956,-0.6817647397430872,47,604320__767087
767087,A. Gray,520300,N. Wood,-0.8844847950165355,0.1625494928962843,-0.40479175549095736,-0.7165922311825832,48,520300__767087
767087,A. Gray,496001,M. Kilman,-0.7260072685214529,0.07320248421443018,-0.8121928033805863,-0.7561722057221496,49,496001__767087
767087,A. Gray,412027,E. Konsa,-0.7805738157494934,0.0759912559168136,-0.7994766696158675,-0.7871898146027243,50,412027__767087
767087,A. Gray,62126,M. Doherty,-0.6788389541942204,0.00573003325487054,-1.1198510857354709,-0.833193200233658,51,62126__767087
767087,A. Gray,192792,D. Burn,-0.7592124764197027,0.0,-1.1459786706083912,-0.8945806443857436,52,192792__767087
767087,A. Gray,285382,W. Faes,-0.8941277684594972,0.03462189154768779,-0.9881111034168132,-0.9270219356945577,53,285382__767087
767087,A. Gray,258154,Rúben Dias,-0.9550368460174141,0.03415279747036026,-0.9902500605176889,-0.9673614710925103,54,258154__767087
767087,A. Gray,482177,J. Kiwior,-0.9047663389832147,0.0,-1.1459786706083912,-0.9891906550520264,55,482177__767087
767087,A. Gray,7919,M. Keane,-0.939054464069477,0.0,-1.1459786706083912,-1.011477936358097,56,7919__767087
767087,A. Gray,415917,Gabriel Magalhaes,-1.003450798874392,0.0,-1.1459786706083912,-1.0533355539812916,57,415917__767087
767087,A. Gray,145787,J. Andersen,-1.0137694266116708,0.0,-1.1459786706083912,-1.060042662010523,58,145787__767087
767087,A. Gray,558243,S. van den Berg,-1.0872015108415012,0.0,-1.1459786706083912,-1.1077735167599128,59,558243__767087
767087,A. Gray,653730,A. Khusanov,-1.1956699847611065,0.04238519152253696,-0.952712307290386,-1.1106347976463544,60,653730__767087
767087,A. Gray,769441,L. Yoro,-1.12545459857522,0.0,-1.1459786706083912,-1.1326380237868299,61,767087__769441
767087,A. Gray,50102,F. Schär,-1.2554906949756388,0.03666553185567316,-0.9787925910763792,-1.158646358610898,62,50102__767087
767087,A. Gray,545267,R. Drăgușin,-1.1844980627165105,0.0,-1.1459786706083912,-1.1710162754786688,63,545267__767087
767087,A. Gray,549884,T. Harwood-Bellis,-1.2093942678074332,0.0,-1.1459786706083912,-1.1871988087877685,64,549884__767087
767087,A. Gray,8360,C. Dawson,-1.3224274789860497,0.0,-1.1459786706083912,-1.2606703960538692,65,8360__767087
767087,A. Gray,557788,W. Fofana,-1.5206628410213314,0.071342336683293,-0.8206746324266271,-1.275666968013185,66,557788__767087
767087,A. Gray,9097,L. Dunk,-1.3844150541284308,0.0,-1.1459786706083912,-1.3009623198964169,67,9097__767087
767087,A. Gray,625787,M. van de Ven,-1.4173379670795934,0.0,-1.1459786706083912,-1.3223622133146726,68,625787__767087
767087,A. Gray,366217,K. Danso,-1.5186560641950544,0.0,-1.1459786706083912,-1.3882189764397224,69,366217__767087
767087,A. Gray,518805,L. Woolfenden,-1.549023807500106,0.0,-1.1459786706083912,-1.4079580095880058,70,518805__767087
767087,A. Gray,234399,A. Webster,-1.618864093779147,0.0,-1.1459786706083912,-1.4533541956693823,71,234399__767087
767087,A. Gray,297957,M. Akanji,-1.8354745568053081,0.0,-1.1459786706083912,-1.5941509966363872,72,297957__767087
767087,A. Gray,136441,B. Davies,-1.9406777591679056,0.0,-1.1459786706083912,-1.6625330781720755,73,136441__767087
769441,L. Yoro,568412,J. Gvardiol,1.0603241728365698,0.5011642575624703,2.4021171244253035,1.5299517058926266,1,568412__769441
769441,L. Yoro,623641,E. Agbadou,1.0587479784403107,0.38529002686221575,1.593629478467507,1.2459565034498294,2,623641__769441
769441,L. Yoro,645877,Y. Mosquera,0.5086967930136412,0.47204863267890657,2.1989690829630444,1.1002920944959322,3,645877__769441
769441,L. Yoro,349142,N. Mazraoui,1.0438793259517678,0.2634904332841789,0.7437988811429284,0.9388511702686739,4,349142__769441
769441,L. Yoro,583655,C. Okoli,0.40085123128768324,0.41293693372255214,1.7865298542494945,0.8858387493243172,5,583655__769441
769441,L. Yoro,578325,W. Saliba,0.169069054936458,0.45802814039393575,2.1011440986318166,0.8452953202298334,6,578325__769441
769441,L. Yoro,400549,Pau Torres,0.2514897250478179,0.4149074134738834,1.800278455003379,0.7935657805322643,7,400549__769441
769441,L. Yoro,370,V. van Dijk,0.5265738577580158,0.3331906250231204,1.2301170521571163,0.772813975797701,8,370__769441
769441,L. Yoro,447424,C. Bassey,0.36029933542131126,0.35878694213973633,1.408709876858015,0.7272430249241576,9,447424__769441
769441,L. Yoro,15806,J. Vestergaard,0.03597779978083698,0.40398064396130523,1.7240392592153173,0.6267993105829051,10,15806__769441
769441,L. Yoro,8582,A. Cresswell,0.02731135833251988,0.39570267927961905,1.6662815322524445,0.6009509192044934,11,8582__769441
769441,L. Yoro,412968,M. Senesi,0.6499541923030592,0.22627632709447096,0.4841454195586145,0.5919211218425036,12,412968__769441
769441,L. Yoro,590703,I. Zabarnyi,0.24543885972178803,0.33315373400172976,1.2298596529505725,0.5899861373518626,13,590703__769441
769441,L. Yoro,424806,E. Pinnock,0.2703517219142251,0.3192012081291404,1.1325088897159454,0.5721067306448272,14,424806__769441
769441,L. Yoro,399581,D. O'Shea,0.12425203524158061,0.352730032649053,1.3664490871525845,0.5590210034104319,15,399581__769441
769441,L. Yoro,501419,J. Todibo,0.03769683189084089,0.30030310061313403,1.0006513889900335,0.37473092687555826,16,501419__769441
769441,L. Yoro,534563,C. Richards,0.2947857363935513,0.23163642704849996,0.52154436984931,0.3741512581030668,17,534563__769441
769441,L. Yoro,240032,J. Bednarek,0.15958377194737933,0.2525924126190856,0.6677602742855249,0.3374455477657302,18,240032__769441
769441,L. Yoro,283145,T. Adarabioyo,0.21470970962364655,0.22060069103779556,0.4445448836409715,0.2951520205297103,19,283145__769441
769441,L. Yoro,8653,H. Maguire,0.12155440402123317,0.22286007153123832,0.4603092274940219,0.24011859223670923,20,8653__769441
769441,L. Yoro,777938,Dean Huijsen,-0.024328068452233384,0.25901722087928525,0.7125879989196234,0.2335925551279165,21,769441__777938
769441,L. Yoro,424241,N. Milenković,0.0034418640351170093,0.24218712887323685,0.5951596338293574,0.21054308346310116,22,424241__769441
769441,L. Yoro,397074,M. Guéhi,0.07067720206682668,0.2230234960154014,0.4614494868570778,0.2074475017434146,23,397074__769441
769441,L. Yoro,346131,T. Chalobah,0.18479523371306367,0.18642283370481877,0.20607619865354124,0.1922435714422308,24,346131__769441
769441,L. Yoro,488453,L. Martínez,-0.055705117719913794,0.2306286195730738,0.5145126088748297,0.14387108658824643,25,488453__769441
769441,L. Yoro,270866,Diego Carlos,0.13799009199757362,0.15817044056108423,0.008951171911922892,0.09282646996759586,26,270866__769441
769441,L. Yoro,365443,M. de Ligt,-0.11848944530474063,0.22536849445772286,0.477811211624956,0.09021578462065316,27,365443__769441
769441,L. Yoro,563725,Morato,-0.07529742769954224,0.21171649724703379,0.3825573228112789,0.08495173497924513,28,563725__769441
769441,L. Yoro,288080,C. Burgess,-0.19647800698988277,0.24184933264678507,0.5928027329525447,0.07977025198996682,29,288080__769441
769441,L. Yoro,413002,K. Mavropanos,0.172112136216227,0.11361183688777139,-0.3019469490360679,0.006191456377923801,30,413002__769441
769441,L. Yoro,619747,L. Colwill,-0.1443484925238464,0.19147822254196004,0.24134909233871749,-0.009354337821949055,31,619747__769441
769441,L. Yoro,286380,I. Diop,-0.28474817333994473,0.21486368499529,0.4045161517812587,-0.043505659547523556,32,286380__769441
769441,L. Yoro,393247,I. Konaté,-0.20573748250919846,0.16700639353892938,0.07060214279371803,-0.10901861365317769,33,393247__769441
769441,L. Yoro,504375,M. Lacroix,-0.18673300565831086,0.14698825178523067,-0.06907015712224412,-0.14555100867068752,34,504375__769441
769441,L. Yoro,620468,J. Greaves,-0.2055408236332243,0.11361183688777139,-0.3019469490360679,-0.23928296752421957,35,620468__769441
769441,L. Yoro,627012,Murillo,-0.2397178920991403,0.11361183688777139,-0.3019469490360679,-0.26149806202706494,36,627012__769441
769441,L. Yoro,590781,J. van Hecke,-0.26542811783748266,0.11361183688777139,-0.3019469490360679,-0.2782097087569875,37,590781__769441
769441,L. Yoro,415847,C. Romero,-0.48105514825465445,0.16727977241902114,0.07250958542254306,-0.2873074914676353,38,415847__769441
769441,L. Yoro,364003,S. Bueno,-0.21504354343164284,0.09034612530052466,-0.46427847243892245,-0.3022757685841907,39,364003__769441
769441,L. Yoro,604320,J. Branthwaite,-0.4889612746874931,0.15691712844708772,0.0002064548633444233,-0.31775256934470003,40,604320__769441
769441,L. Yoro,590874,Toti,-0.33866579812559455,0.11475769499516998,-0.2939519693218224,-0.3230159580442743,41,590874__769441
769441,L. Yoro,9433,J. Tarkowski,-0.3833890439000933,0.11792134040861874,-0.2718783105151387,-0.3443602872153592,42,9433__769441
769441,L. Yoro,479155,N. Collins,-0.3169003899083328,0.09487023103799164,-0.4327124928794931,-0.3574346259482389,43,479155__769441
769441,L. Yoro,7953,C. Coady,-0.39580087080398074,0.11361183688777139,-0.3019469490360679,-0.36295199818521123,44,7953__769441
769441,L. Yoro,8136,J. Stephens,-0.34728945890103574,0.08199440463289501,-0.5225508160088733,-0.4086309338887789,45,8136__769441
769441,L. Yoro,412027,E. Konsa,-0.4336055385595919,0.0759912559168136,-0.5644365014150985,-0.47939637555901915,46,412027__769441
769441,L. Yoro,496001,M. Kilman,-0.4512278806377664,0.07320248421443018,-0.5838945591311937,-0.49766121811046593,47,496001__769441
769441,L. Yoro,520300,N. Wood,-0.5501899374905073,0.08199440463289501,-0.5225508160088733,-0.5405162449719354,48,520300__769441
769441,L. Yoro,327391,J. Bree,-0.6120584012002126,0.08199440463289501,-0.5225508160088733,-0.5807307463832438,49,327391__769441
769441,L. Yoro,402884,K. Walker-Peters,-0.6965350609620986,0.08199440463289501,-0.5225508160088733,-0.6356405752284697,50,402884__769441
769441,L. Yoro,62126,M. Doherty,-0.44447943634525583,0.00573003325487054,-1.0546691456258372,-0.6580458345934593,51,62126__769441
769441,L. Yoro,258154,Rúben Dias,-0.5953437323933576,0.03415279747036026,-0.8563553911929086,-0.6866978129732004,52,258154__769441
769441,L. Yoro,285382,W. Faes,-0.6550886225150052,0.03462189154768779,-0.8530823876612403,-0.7243864403161875,53,285382__769441
769441,L. Yoro,192792,D. Burn,-0.5506040038745935,0.0,-1.0946492263521033,-0.7410198317417219,54,192792__769441
769441,L. Yoro,415917,Gabriel Magalhaes,-0.6517387204262414,0.0,-1.0946492263521033,-0.8067573975002931,55,415917__769441
769441,L. Yoro,7919,M. Keane,-0.6578632341621891,0.0,-1.0946492263521033,-0.810738331428659,56,7919__769441
769441,L. Yoro,482177,J. Kiwior,-0.6759990404785807,0.0,-1.0946492263521033,-0.8225266055343137,57,482177__769441
769441,L. Yoro,558243,S. van den Berg,-0.7235986143422735,0.0,-1.0946492263521033,-0.8534663285457138,58,558243__769441
769441,L. Yoro,145787,J. Andersen,-0.7482451533852584,0.0,-1.0946492263521033,-0.8694865789236541,59,145787__769441
769441,L. Yoro,653730,A. Khusanov,-0.8534680028708304,0.0273233985510398,-0.9040060605627981,-0.871156323063019,60,653730__769441
769441,L. Yoro,545267,R. Drăgușin,-0.7943210915871476,0.0,-1.0946492263521033,-0.899435938754882,61,545267__769441
769441,L. Yoro,8360,C. Dawson,-0.8519336351590892,0.0,-1.0946492263521033,-0.9368840920766441,62,8360__769441
769441,L. Yoro,549884,T. Harwood-Bellis,-0.8667093180369225,0.0,-1.0946492263521033,-0.9464882859472357,63,549884__769441
769441,L. Yoro,50102,F. Schär,-0.9132887130853626,0.0030190159340445807,-1.073584688785172,-0.9693923045802959,64,50102__769441
769441,L. Yoro,9097,L. Dunk,-0.9035724331795574,0.0,-1.0946492263521033,-0.9704493107899483,65,9097__769441
769441,L. Yoro,625787,M. van de Ven,-1.0010392247355346,0.0,-1.0946492263521033,-1.0338027253013335,66,625787__769441
769441,L. Yoro,366217,K. Danso,-1.034137268470026,0.0,-1.0946492263521033,-1.0553164537287532,67,366217__769441
769441,L. Yoro,518805,L. Woolfenden,-1.0658592855806346,0.0,-1.0946492263521033,-1.0759357648506487,68,518805__769441
769441,L. Yoro,557788,W. Fofana,-1.1215256852974955,0.0030190159340445807,-1.073584688785172,-1.1047463365181824,69,557788__769441
769441,L. Yoro,767087,A. Gray,-1.12545459857522,0.0,-1.0946492263521033,-1.1146727182971292,70,767087__769441
769441,L. Yoro,234399,A. Webster,-1.138265650986852,0.0,-1.0946492263521033,-1.12299990236469,71,234399__769441
769441,L. Yoro,297957,M. Akanji,-1.3049565283246836,0.0,-1.0946492263521033,-1.2313489726342806,72,297957__769441
769441,L. Yoro,136441,B. Davies,-1.3759098369705707,0.0,-1.0946492263521033,-1.277468623254107,73,136441__769441
777938,Dean Huijsen,568412,J. Gvardiol,1.3680728205060588,0.008571204117495077,0.7559631407404593,1.153834432588099,1,568412__777938
777938,Dean Huijsen,623641,E. Agbadou,1.3627939700853562,0.008571204117495077,0.7559631407404593,1.1504031798146424,2,623641__777938
777938,Dean Huijsen,349142,N. Mazraoui,1.3286724655612923,0.008571204117495077,0.7559631407404593,1.1282242018740007,3,349142__777938
777938,Dean Huijsen,370,V. van Dijk,0.8770841991263978,0.008571204117495077,0.7559631407404593,0.8346918286913194,4,370__777938
777938,Dean Huijsen,645877,Y. Mosquera,0.7193731382836208,0.008571204117495077,0.7559631407404593,0.7321796391435142,5,645877__777938
777938,Dean Huijsen,400549,Pau Torres,0.6754527270262799,0.008571204117495077,0.7559631407404593,0.7036313718262427,6,400549__777938
777938,Dean Huijsen,283145,T. Adarabioyo,0.6588376271483851,0.008571204117495077,0.7559631407404593,0.6928315569056112,7,283145__777938
777938,Dean Huijsen,534563,C. Richards,0.6042774554804297,0.008571204117495077,0.7559631407404593,0.65736744532144,8,534563__777938
777938,Dean Huijsen,270866,Diego Carlos,0.6010325166771879,0.008571204117495077,0.7559631407404593,0.6552582350993329,9,270866__777938
777938,Dean Huijsen,424806,E. Pinnock,0.5980834747505568,0.008571204117495077,0.7559631407404593,0.6533413578470226,10,424806__777938
777938,Dean Huijsen,346131,T. Chalobah,0.5386611098629381,0.008571204117495077,0.7559631407404593,0.6147168206700706,11,346131__777938
777938,Dean Huijsen,399581,D. O'Shea,0.4513233509291385,0.008571204117495077,0.7559631407404593,0.5579472773631008,12,399581__777938
777938,Dean Huijsen,8582,A. Cresswell,0.45127436031098184,0.008571204117495077,0.7559631407404593,0.557915433461299,13,8582__777938
777938,Dean Huijsen,397074,M. Guéhi,0.4251509367329115,0.008571204117495077,0.7559631407404593,0.5409352081355532,14,397074__777938
777938,Dean Huijsen,590703,I. Zabarnyi,0.41977313391928145,0.008571204117495077,0.7559631407404593,0.5374396363066937,15,590703__777938
777938,Dean Huijsen,424241,N. Milenković,0.37953848230022813,0.008571204117495077,0.7559631407404593,0.511287112754309,16,424241__777938
777938,Dean Huijsen,501419,J. Todibo,0.34696997912923344,0.008571204117495077,0.7559631407404593,0.4901175856931625,17,501419__777938
777938,Dean Huijsen,620468,J. Greaves,0.3416348769467811,0.008571204117495077,0.7559631407404593,0.48664976927456843,18,620468__777938
777938,Dean Huijsen,627012,Murillo,0.2783887643991242,0.008571204117495077,0.7559631407404593,0.44553979611859146,19,627012__777938
777938,Dean Huijsen,488453,L. Martínez,0.26507383387858535,0.008571204117495077,0.7559631407404593,0.4368850912802412,20,488453__777938
777938,Dean Huijsen,563725,Morato,0.2621608873383738,0.008571204117495077,0.7559631407404593,0.4349916760291037,21,563725__777938
777938,Dean Huijsen,288080,C. Burgess,0.22748499498857921,0.008571204117495077,0.7559631407404593,0.41245234600173725,22,288080__777938
777938,Dean Huijsen,365443,M. de Ligt,0.2183495302919755,0.008571204117495077,0.7559631407404593,0.40651429394894484,23,365443__777938
777938,Dean Huijsen,364003,S. Bueno,0.21450597562506135,0.008571204117495077,0.7559631407404593,0.40401598341545064,24,364003__777938
777938,Dean Huijsen,619747,L. Colwill,0.17746840948788684,0.008571204117495077,0.7559631407404593,0.3799415654262872,25,619747__777938
777938,Dean Huijsen,393247,I. Konaté,0.1485550064651296,0.008571204117495077,0.7559631407404593,0.36114785346149497,26,393247__777938
777938,Dean Huijsen,286380,I. Diop,0.12272116300452043,0.008571204117495077,0.7559631407404593,0.344355855212099,27,286380__777938
777938,Dean Huijsen,412027,E. Konsa,0.08319821953601791,0.008571204117495077,0.7559631407404593,0.31866594195757236,28,412027__777938
777938,Dean Huijsen,62126,M. Doherty,0.05899053424607406,0.008571204117495077,0.7559631407404593,0.3029309465191089,29,62126__777938
777938,Dean Huijsen,9433,J. Tarkowski,0.05396936773232089,0.008571204117495077,0.7559631407404593,0.2996671882851693,30,9433__777938
777938,Dean Huijsen,7919,M. Keane,0.03805267022843031,0.008571204117495077,0.7559631407404593,0.28932133490764045,31,7919__777938
777938,Dean Huijsen,327391,J. Bree,0.030634274410032497,0.008571204117495077,0.7559631407404593,0.2844993776256819,32,327391__777938
777938,Dean Huijsen,769441,L. Yoro,-0.024328068452233384,0.008571204117495077,0.7559631407404593,0.24877385476520905,33,769441__777938
777938,Dean Huijsen,258154,Rúben Dias,-0.0459925677969344,0.008571204117495077,0.7559631407404593,0.2346919301911534,34,258154__777938
777938,Dean Huijsen,482177,J. Kiwior,-0.04818711292240027,0.008571204117495077,0.7559631407404593,0.23326547585960056,35,482177__777938
777938,Dean Huijsen,545267,R. Drăgușin,-0.06591873608817285,0.008571204117495077,0.7559631407404593,0.2217399208018484,36,545267__777938
777938,Dean Huijsen,415917,Gabriel Magalhaes,-0.08993836783620948,0.008571204117495077,0.7559631407404593,0.20612716016562457,37,415917__777938
777938,Dean Huijsen,558243,S. van den Berg,-0.10115704034009976,0.008571204117495077,0.7559631407404593,0.19883502303809591,38,558243__777938
777938,Dean Huijsen,8360,C. Dawson,-0.1938361881265826,0.008571204117495077,0.7559631407404593,0.13859357697688204,39,8360__777938
777938,Dean Huijsen,9097,L. Dunk,-0.20967994342624774,0.008571204117495077,0.7559631407404593,0.12829513603209972,40,9097__777938
777938,Dean Huijsen,625787,M. van de Ven,-0.21407962390813742,0.008571204117495077,0.7559631407404593,0.1254353437188714,41,625787__777938
777938,Dean Huijsen,412968,M. Senesi,0.9101577396045439,0.0,-1.3402001778980395,0.12253246847863974,42,412968__777938
777938,Dean Huijsen,767087,A. Gray,-0.23062635033199455,0.008571204117495077,0.7559631407404593,0.11467997154336429,43,767087__777938
777938,Dean Huijsen,518805,L. Woolfenden,-0.2824259426639385,0.008571204117495077,0.7559631407404593,0.0810102365276007,44,518805__777938
777938,Dean Huijsen,366217,K. Danso,-0.2979415464103131,0.008571204117495077,0.7559631407404593,0.0709250940924572,45,366217__777938
777938,Dean Huijsen,234399,A. Webster,-0.3160914675908809,0.008571204117495077,0.7559631407404593,0.05912764532508813,46,234399__777938
777938,Dean Huijsen,240032,J. Bednarek,0.43906002643133407,0.0027283943378363946,-0.6729473565494045,0.049857442388075573,47,240032__777938
777938,Dean Huijsen,413002,K. Mavropanos,0.6561996490061553,0.0,-1.3402001778980395,-0.04254029041031282,48,413002__777938
777938,Dean Huijsen,136441,B. Davies,-0.5342048766878276,0.008571204117495077,0.7559631407404593,-0.08264607058792717,49,136441__777938
777938,Dean Huijsen,583655,C. Okoli,0.5580833543922428,0.0,-1.3402001778980395,-0.10631588190935598,50,583655__777938
777938,Dean Huijsen,447424,C. Bassey,0.5177583822956338,0.0,-1.3402001778980395,-0.13252711377215187,51,447424__777938
777938,Dean Huijsen,8653,H. Maguire,0.4809943319354981,0.0,-1.3402001778980395,-0.15642374650624002,52,8653__777938
777938,Dean Huijsen,578325,W. Saliba,0.36606800267832607,0.0,-1.3402001778980395,-0.23112586052340187,53,578325__777938
777938,Dean Huijsen,192792,D. Burn,-0.036371495164305157,0.0030415897298046394,-0.5963526700606752,-0.23236490637803464,54,192792__777938
777938,Dean Huijsen,15806,J. Vestergaard,0.2557449652879625,0.0,-1.3402001778980395,-0.30283583482713816,55,15806__777938
777938,Dean Huijsen,590781,J. van Hecke,0.21503865749908538,0.0,-1.3402001778980395,-0.3292949348899083,56,590781__777938
777938,Dean Huijsen,590874,Toti,0.14878671994220688,0.0,-1.3402001778980395,-0.37235869430187934,57,590874__777938
777938,Dean Huijsen,504375,M. Lacroix,0.14545379468976988,0.0,-1.3402001778980395,-0.3745250957159634,58,504375__777938
777938,Dean Huijsen,7953,C. Coady,0.07865716955494996,0.0,-1.3402001778980395,-0.4179429020535963,59,7953__777938
777938,Dean Huijsen,8136,J. Stephens,0.03992832886476655,0.0,-1.3402001778980395,-0.44311664850221555,60,8136__777938
777938,Dean Huijsen,479155,N. Collins,0.013077133131201846,0.0,-1.3402001778980395,-0.4605699257290326,61,479155__777938
777938,Dean Huijsen,496001,M. Kilman,-0.02794136474281228,0.0,-1.3402001778980395,-0.48723194934714176,62,496001__777938
777938,Dean Huijsen,415847,C. Romero,-0.029271588877902682,0.0,-1.3402001778980395,-0.48809659503495056,63,415847__777938
777938,Dean Huijsen,402884,K. Walker-Peters,-0.06843769159277541,0.0,-1.3402001778980395,-0.5135545617996178,64,402884__777938
777938,Dean Huijsen,604320,J. Branthwaite,-0.07641266009009817,0.0,-1.3402001778980395,-0.5187382913228776,65,604320__777938
777938,Dean Huijsen,520300,N. Wood,-0.09025989566269321,0.0,-1.3402001778980395,-0.5277389944450643,66,520300__777938
777938,Dean Huijsen,285382,W. Faes,-0.1052599759463208,0.0,-1.3402001778980395,-0.5374890466294223,67,285382__777938
777938,Dean Huijsen,549884,T. Harwood-Bellis,-0.19153150669067404,0.0,-1.3402001778980395,-0.5935655416132519,68,549884__777938
777938,Dean Huijsen,145787,J. Andersen,-0.21761834922189374,0.0,-1.3402001778980395,-0.6105219892585447,69,145787__777938
777938,Dean Huijsen,50102,F. Schär,-0.2456384340016492,0.0,-1.3402001778980395,-0.6287350443653859,70,50102__777938
777938,Dean Huijsen,653730,A. Khusanov,-0.40252681432455023,0.0,-1.3402001778980395,-0.7307124915752714,71,653730__777938
777938,Dean Huijsen,557788,W. Fofana,-0.41442140164795854,0.0,-1.3402001778980395,-0.7384439733354868,72,557788__777938
777938,Dean Huijsen,297957,M. Akanji,-0.5166957902073606,0.0,-1.3402001778980395,-0.8049223258990982,73,297957__777938
