anchor_player_id,anchor_player_name,partner_player_id,partner_player_name,CB_pair_fit_z_score,coverage_gain_raw,coverage_gain_z_within_anchor,companion_fit_score,companion_rank_for_anchor,pair_key
370,V. van Dijk,568412,J. Gvardiol,2.0884779705359486,0.1639125883019669,2.540390478644653,2.2466473483739953,1,370__568412
370,V. van Dijk,590781,J. van Hecke,1.4270142925257983,0.17757749973836684,2.809456968313805,1.9108692290516007,2,370__590781
370,V. van Dijk,145787,J. Andersen,1.6640851581399878,0.14880240389115323,2.242866100488692,1.866658487962034,3,370__145787
370,V. van Dijk,257899,J. Gomez,1.4610693399773915,0.16118733642920724,2.486729395052522,1.8200503592536872,4,370__257899
370,V. van Dijk,412968,M. Senesi,1.3776673600712024,0.13905221301788936,2.050881714487836,1.6132923841170241,5,370__412968
370,V. van Dijk,415847,C. Romero,1.3521850791659693,0.13905221301788936,2.050881714487836,1.5967289015286226,6,370__415847
370,V. van Dijk,234399,A. Webster,1.3150639455763027,0.13905221301788936,2.050881714487836,1.5726001646953394,7,370__234399
370,V. van Dijk,349142,N. Mazraoui,1.2017203331344772,0.13905221301788936,2.050881714487836,1.4989268166081526,8,370__349142
370,V. van Dijk,777938,Dean Huijsen,1.112701850941093,0.14417332607367817,2.1517180733280052,1.4763575287765125,9,370__777938
370,V. van Dijk,622200,J. Quansah,1.2070175828078527,0.11828686394271365,1.6420053300036286,1.3592632943263743,10,370__622200
370,V. van Dijk,549884,T. Harwood-Bellis,1.1211543016725236,0.12437555666920214,1.761893642944057,1.3454130711175603,11,370__549884
370,V. van Dijk,297957,M. Akanji,1.446416764708421,0.08209008773543322,0.9292791951316789,1.2654186153565612,12,370__297957
370,V. van Dijk,8582,A. Cresswell,0.9803879957038443,0.11730482936601168,1.6226687541672802,1.2051862611660469,13,370__8582
370,V. van Dijk,578325,W. Saliba,1.2906732869157755,0.08209008773543322,0.9292791951316789,1.1641853547913417,14,370__578325
370,V. van Dijk,134102,N. Aké,1.3048644335518942,0.07832963443349474,0.8552346633228489,1.1474940139717282,15,370__134102
370,V. van Dijk,386292,A. Disasi,1.235988496490585,0.08209008773543322,0.9292791951316789,1.1286402410149678,16,370__386292
370,V. van Dijk,258154,Rúben Dias,1.4941233873901323,0.049866011195458,0.29477679108789123,1.074352078684348,17,370__258154
370,V. van Dijk,8135,L. Shaw,0.9064453385463443,0.09669327344665946,1.216820606255638,1.0150766822445971,18,370__8135
370,V. van Dijk,590703,I. Zabarnyi,0.9602602831606378,0.08588236081794466,1.0039502686272703,0.9755517780739591,19,370__590703
370,V. van Dijk,240032,J. Bednarek,0.9072071325078942,0.08209008773543322,0.9292791951316789,0.9149323544262189,20,370__240032
370,V. van Dijk,475597,S. Botman,1.0712407565479045,0.05722971245135568,0.43977043097486157,0.8502261425973395,21,370__475597
370,V. van Dijk,619747,L. Colwill,0.9972220166766292,0.06344117667151129,0.56207615400874,0.844920964742868,22,370__619747
370,V. van Dijk,415953,Igor Julio,1.0106641075449507,0.042389499700794676,0.1475618814118935,0.7085783283983808,23,370__415953
370,V. van Dijk,71703,V. Lindelöf,0.9369510544330337,0.045120806813628817,0.20134219462351582,0.6794879534997025,24,370__71703
370,V. van Dijk,625787,M. van de Ven,1.0173370683592644,0.03644484206066206,0.030509665525978853,0.6719474773676145,25,370__625787
370,V. van Dijk,255738,J. Lerma,0.5587119510081461,0.07073929942661761,0.7057785321785874,0.6101852544178006,26,370__255738
370,V. van Dijk,8136,J. Stephens,0.93755386770214,0.03318945266283352,-0.03358999599445193,0.5976535154083329,27,370__8136
370,V. van Dijk,397074,M. Guéhi,0.8400776301469552,0.03577170521129134,0.017255385030265087,0.5520898443561136,28,370__397074
370,V. van Dijk,413002,K. Mavropanos,0.8410372972595277,0.03380613753239129,-0.021447273090153082,0.5391676976371395,29,370__413002
370,V. van Dijk,8360,C. Dawson,0.8302833369671208,0.03478929361324257,-0.0020886144773442274,0.538953153961558,30,370__8360
370,V. van Dijk,50102,F. Schär,0.7630791265886713,0.04006317433334594,0.10175578867861806,0.5316159583201526,31,370__50102
370,V. van Dijk,412027,E. Konsa,0.8945448386534328,0.02486037528407754,-0.1975922014178214,0.5122968746284939,32,370__412027
370,V. van Dijk,653730,A. Khusanov,0.9130297868441728,0.022384251117511474,-0.24634788055879137,0.5072476032531353,33,370__653730
370,V. van Dijk,9380,J. Stones,1.0539043320128678,0.008637341862598125,-0.5170289335780697,0.5040776890560397,34,370__9380
370,V. van Dijk,767087,A. Gray,0.8806034114141357,0.02486037528407754,-0.1975922014178214,0.5032349469229507,35,370__767087
370,V. van Dijk,9097,L. Dunk,1.1351989051575546,0.0,-0.6871009655746387,0.49739395040128703,36,370__9097
370,V. van Dijk,15806,J. Vestergaard,0.8691214090532817,0.021127826280816366,-0.2710872886344396,0.4700483648625793,37,370__15806
370,V. van Dijk,283145,T. Adarabioyo,1.0273657610932792,0.0,-0.6871009655746387,0.427302406759508,38,370__283145
370,V. van Dijk,488453,L. Martínez,1.0135434375678178,0.0,-0.6871009655746387,0.4183178964679581,39,370__488453
370,V. van Dijk,239411,T. Mings,0.864905725449449,0.01224450762130771,-0.44600268266762466,0.4060877826084732,40,370__239411
370,V. van Dijk,400549,Pau Torres,0.986205864806313,0.0004071889826219732,-0.6790832838870572,0.4033546627636335,41,370__400549
370,V. van Dijk,393247,I. Konaté,0.977543872217099,0.0,-0.6871009655746387,0.3949181789899909,42,370__393247
370,V. van Dijk,415917,Gabriel Magalhaes,0.9719970875393285,0.0,-0.6871009655746387,0.39131276894943995,43,370__415917
370,V. van Dijk,270866,Diego Carlos,0.9099007350623164,0.0052628964754182555,-0.5834728457200976,0.3872199817884715,44,370__270866
370,V. van Dijk,447424,C. Bassey,0.8811351455828509,0.007633742079371897,-0.5367901352486562,0.3848612972918235,45,370__447424
370,V. van Dijk,482177,J. Kiwior,0.9207586447699724,0.0,-0.6871009655746387,0.35800778114935855,46,370__482177
370,V. van Dijk,62126,M. Doherty,0.8729300825435888,0.0,-0.6871009655746387,0.3269192157022092,47,370__62126
370,V. van Dijk,520300,N. Wood,0.6084314152103023,0.02486037528407754,-0.1975922014178214,0.32632314939045903,48,370__520300
370,V. van Dijk,594120,J. O'Brien,0.871997223230274,0.0,-0.6871009655746387,0.32631285714855457,49,370__594120
370,V. van Dijk,402884,K. Walker-Peters,0.8606387557788905,0.0,-0.6871009655746387,0.3189298533051553,50,370__402884
370,V. van Dijk,769441,L. Yoro,0.8518316182140635,0.0,-0.6871009655746387,0.31320521388801775,51,370__769441
370,V. van Dijk,7953,C. Coady,0.8375477740279519,0.0,-0.6871009655746387,0.30392071516704516,52,370__7953
370,V. van Dijk,136441,B. Davies,0.8362400527905655,0.0,-0.6871009655746387,0.30307069636274403,53,370__136441
370,V. van Dijk,8653,H. Maguire,0.7325834820980945,0.006922459780588675,-0.5507955118797561,0.2834008342058469,54,370__8653
370,V. van Dijk,496001,M. Kilman,0.7981786163136357,0.0,-0.6871009655746387,0.27833076265273976,55,370__496001
370,V. van Dijk,627012,Murillo,0.6887942006157511,0.010164531652174324,-0.4869580767230986,0.2772809035471538,56,370__627012
370,V. van Dijk,285382,W. Faes,0.7860034130156099,0.0,-0.6871009655746387,0.27041688050902296,57,370__285382
370,V. van Dijk,424241,N. Milenković,0.5448443610691948,0.02258504946294179,-0.2423940967243502,0.26931090084145404,58,370__424241
370,V. van Dijk,604320,J. Branthwaite,0.7750903881779881,0.0,-0.6871009655746387,0.2633234143645688,59,370__604320
370,V. van Dijk,623641,E. Agbadou,0.772686974304096,0.0,-0.6871009655746387,0.2617611953465389,60,370__623641
370,V. van Dijk,557788,W. Fofana,0.7585604154379963,0.0,-0.6871009655746387,0.2525789320835741,61,370__557788
370,V. van Dijk,590874,Toti,0.7523739146910269,0.0,-0.6871009655746387,0.24855770659804394,62,370__590874
370,V. van Dijk,545267,R. Drăgușin,0.7420954572889131,0.0,-0.6871009655746387,0.24187670928667,63,370__545267
370,V. van Dijk,286380,I. Diop,0.712135222608577,0.0,-0.6871009655746387,0.22240255674445153,64,370__286380
370,V. van Dijk,327391,J. Bree,0.712125670645888,0.0,-0.6871009655746387,0.22239634796870372,65,370__327391
370,V. van Dijk,479155,N. Collins,0.7003506046021937,0.0,-0.6871009655746387,0.21474255504030237,66,370__479155
370,V. van Dijk,620468,J. Greaves,0.6978280393184044,0.0,-0.6871009655746387,0.21310288760583934,67,370__620468
370,V. van Dijk,366217,K. Danso,0.6908517569731176,0.0,-0.6871009655746387,0.20856830408140292,68,370__366217
370,V. van Dijk,645877,Y. Mosquera,0.687595142721077,0.0,-0.6871009655746387,0.20645150481757657,69,370__645877
370,V. van Dijk,346131,T. Chalobah,0.6875033379001618,0.0,-0.6871009655746387,0.20639183168398167,70,370__346131
370,V. van Dijk,192792,D. Burn,0.6810541048625599,0.0,-0.6871009655746387,0.2021998302095404,71,370__192792
370,V. van Dijk,9433,J. Tarkowski,0.6325902336255936,0.0,-0.6871009655746387,0.17069831390551232,72,370__9433
370,V. van Dijk,399581,D. O'Shea,0.6317807322477966,0.0,-0.6871009655746387,0.1701721380099443,73,370__399581
370,V. van Dijk,501419,J. Todibo,0.6265377468055208,0.0,-0.6871009655746387,0.16676419747246496,74,370__501419
370,V. van Dijk,365443,M. de Ligt,0.6248787669977398,0.0,-0.6871009655746387,0.16568586059740736,75,370__365443
370,V. van Dijk,424806,E. Pinnock,0.6208627807576359,0.0,-0.6871009655746387,0.16307546954133983,76,370__424806
370,V. van Dijk,518805,L. Woolfenden,0.6165337277886912,0.0,-0.6871009655746387,0.16026158511152577,77,370__518805
370,V. van Dijk,558243,S. van den Berg,0.6042250079593305,0.0,-0.6871009655746387,0.15226091722244134,78,370__558243
370,V. van Dijk,583655,C. Okoli,0.5920049697318432,0.0,-0.6871009655746387,0.1443178923745746,79,370__583655
370,V. van Dijk,504375,M. Lacroix,0.5715108667812517,0.0,-0.6871009655746387,0.1309967254566901,80,370__504375
370,V. van Dijk,364003,S. Bueno,0.567647169881899,0.0,-0.6871009655746387,0.1284853224721108,81,370__364003
370,V. van Dijk,7919,M. Keane,0.49588721056053553,0.0,-0.6871009655746387,0.08184134891322459,82,370__7919
370,V. van Dijk,288080,C. Burgess,0.45732619434992905,0.0,-0.6871009655746387,0.056776688376330375,83,370__288080
370,V. van Dijk,534563,C. Richards,0.4130056829892012,0.0,-0.6871009655746387,0.027968355991857263,84,370__534563
370,V. van Dijk,563725,Morato,0.4029634273723645,0.0,-0.6871009655746387,0.021440889840913413,85,370__563725
370,V. van Dijk,488709,L. Thomas,0.3615882972308724,0.0,-0.6871009655746387,-0.005452944751056482,86,370__488709
370,V. van Dijk,508021,Jorge Cuenca,0.2817676455127684,0.0,-0.6871009655746387,-0.057336368367824075,87,370__508021
7919,M. Keane,568412,J. Gvardiol,1.3717688689218246,1.0644345390399175,2.8620909297378265,1.8933815902074254,1,7919__568412
7919,M. Keane,258154,Rúben Dias,0.6838691958276748,0.9373633231565137,2.385131793565462,1.2793111050359003,2,7919__258154
7919,M. Keane,297957,M. Akanji,0.6690124885499955,0.8746233248483533,2.1496385295049887,1.1872316028842431,3,7919__297957
7919,M. Keane,370,V. van Dijk,0.49588721056053553,0.891313783343252,2.2122858144208117,1.0966267219116321,4,370__7919
7919,M. Keane,134102,N. Aké,0.338472890238128,0.7481139115026815,1.6747881073417983,0.8061832162244125,5,7919__134102
7919,M. Keane,590781,J. van Hecke,0.46031082780985555,0.6664635359665368,1.3683151400916675,0.7781123371084897,6,7919__590781
7919,M. Keane,9097,L. Dunk,0.22912973542926696,0.7779361482130847,1.7867252455932583,0.7742881639866639,7,7919__9097
7919,M. Keane,257899,J. Gomez,0.3747683518633268,0.6010541430697972,1.1228023595874375,0.6365802545667655,8,7919__257899
7919,M. Keane,145787,J. Andersen,0.4186364196179281,0.5683664690540061,1.0001098626779796,0.6221521246889461,9,7919__145787
7919,M. Keane,578325,W. Saliba,0.12135272655104096,0.6959208589597543,1.4788825823807779,0.5964881760914488,10,7919__578325
7919,M. Keane,415847,C. Romero,0.23558001610104196,0.6071119302623166,1.1455401364031657,0.5540660582067852,11,7919__415847
7919,M. Keane,234399,A. Webster,0.22653026139660656,0.6015469371463825,1.124652051789129,0.5408728880339895,12,7919__234399
7919,M. Keane,622200,J. Quansah,0.03027731068031303,0.576968672969285,1.0323980541467277,0.38101957089355815,13,7919__622200
7919,M. Keane,9380,J. Stones,-0.10458123601360941,0.6143009472359344,1.1725239604094728,0.34240558273446936,14,7919__9380
7919,M. Keane,283145,T. Adarabioyo,-0.09421167137694872,0.5764606377021362,1.0304911544568187,0.29943431766486983,15,7919__283145
7919,M. Keane,625787,M. van de Ven,-0.12666114093822964,0.5840817678646483,1.0590969062291498,0.28835417557035314,16,7919__625787
7919,M. Keane,386292,A. Disasi,-0.021860194549974454,0.5143521613724515,0.7973682948599659,0.26486977674350465,17,7919__386292
7919,M. Keane,488453,L. Martínez,-0.12330203919359012,0.5568323387681772,0.9568167472435898,0.2547395360594228,18,7919__488453
7919,M. Keane,412968,M. Senesi,-0.06647340617663544,0.5005488619192732,0.745557900682599,0.2177375512240966,19,7919__412968
7919,M. Keane,349142,N. Mazraoui,-0.15231358339111806,0.53572786151731,0.8776015357658061,0.2081567083138054,20,7919__349142
7919,M. Keane,549884,T. Harwood-Bellis,-0.11273202847114833,0.5064381619610031,0.7676632645215724,0.19540632407630387,21,7919__549884
7919,M. Keane,393247,I. Konaté,-0.23096038452774798,0.4647092136361482,0.6110345346551143,0.06373783718625378,22,7919__393247
7919,M. Keane,415917,Gabriel Magalhaes,-0.2453896189588128,0.4532901100693444,0.5681731695912671,0.039357357033715124,23,7919__415917
7919,M. Keane,777938,Dean Huijsen,-0.29970972439277077,0.4763046994634276,0.6545579468238681,0.034283960533052826,24,7919__777938
7919,M. Keane,415953,Igor Julio,-0.253457954676271,0.44640553714553705,0.5423320699226546,0.025068553933352916,25,7919__415953
7919,M. Keane,619747,L. Colwill,-0.2723056078082359,0.4496999430129842,0.554697553055991,0.01714549849424346,26,7919__619747
7919,M. Keane,400549,Pau Torres,-0.2431392828050036,0.4295331891752747,0.4790020666866747,0.009610189517083811,27,7919__400549
7919,M. Keane,482177,J. Kiwior,-0.4055215756008531,0.4881271376036109,0.6989332197256954,-0.018962397236561124,28,7919__482177
7919,M. Keane,402884,K. Walker-Peters,-0.5305170928596321,0.46032056471895605,0.5945618332494048,-0.13673946872146922,29,7919__402884
7919,M. Keane,8136,J. Stephens,-0.494185936135409,0.4286926060586438,0.4758469556381015,-0.15467442401468035,30,7919__8136
7919,M. Keane,590703,I. Zabarnyi,-0.5560782961197601,0.44451067862411275,0.5352197583164082,-0.1741239770671012,31,7919__590703
7919,M. Keane,653730,A. Khusanov,-0.4166641589084752,0.3551023005525372,0.1996272917209862,-0.2009621511881637,32,7919__653730
7919,M. Keane,767087,A. Gray,-0.6348233304892845,0.4427731607019184,0.5286980213400797,-0.22759085734900708,33,7919__767087
7919,M. Keane,71703,V. Lindelöf,-0.6339757319819569,0.43100097221716815,0.4845113594630364,-0.24250524997620923,34,7919__71703
7919,M. Keane,594120,J. O'Brien,-0.5795321429357234,0.35823896960736246,0.21140071304577124,-0.3027056433422003,35,7919__594120
7919,M. Keane,8582,A. Cresswell,-0.5706854376785677,0.33692676812117706,0.1314058130197144,-0.324953499934169,36,7919__8582
7919,M. Keane,7953,C. Coady,-0.7061610536682725,0.384295500268938,0.3092033528457809,-0.3507835113883539,37,7919__7953
7919,M. Keane,412027,E. Konsa,-0.7484885232698545,0.3580486044199685,0.21068618131877476,-0.4127773766638343,38,7919__412027
7919,M. Keane,270866,Diego Carlos,-0.5142630963100165,0.21793610039051173,-0.31522315561678815,-0.44459911706738664,39,7919__270866
7919,M. Keane,62126,M. Doherty,-0.6038335083444275,0.26100316891470055,-0.15357181972636064,-0.4462419173281041,40,7919__62126
7919,M. Keane,240032,J. Bednarek,-0.8081917468147536,0.35987055913252497,0.217524850011797,-0.4491909379254609,41,7919__240032
7919,M. Keane,447424,C. Bassey,-0.5750300075292789,0.22841659251125757,-0.27588484887422177,-0.47032920200000894,42,7919__447424
7919,M. Keane,475597,S. Botman,-0.5278900776102562,0.1932580783114165,-0.4078515924461636,-0.48587660780282377,43,7919__475597
7919,M. Keane,769441,L. Yoro,-0.6672637436299391,0.250152222002496,-0.19430062073701673,-0.5017266506174163,44,7919__769441
7919,M. Keane,8135,L. Shaw,-0.7580505268315209,0.2750731365086485,-0.10076049229135613,-0.5279990147424632,45,7919__8135
7919,M. Keane,50102,F. Schär,-0.8874593154476693,0.32560679825051536,0.08891654419929103,-0.5457277645712333,46,7919__50102
7919,M. Keane,15806,J. Vestergaard,-0.694104558747646,0.2092935075958832,-0.3476629458946893,-0.5728499942491112,47,7919__15806
7919,M. Keane,397074,M. Guéhi,-0.8002440034767947,0.22823386116549427,-0.2765707271372176,-0.6169583567579427,48,7919__397074
7919,M. Keane,520300,N. Wood,-1.079226585091241,0.3580486044199685,0.21068618131877476,-0.6277571168477355,49,7919__520300
7919,M. Keane,557788,W. Fofana,-0.8838276152555463,0.21939424610647468,-0.3097500363406078,-0.6829004626353178,50,7919__557788
7919,M. Keane,239411,T. Mings,-0.6849828737958223,0.11738985182569502,-0.6926213848495204,-0.6876563526646167,51,7919__239411
7919,M. Keane,136441,B. Davies,-0.6966880017640313,0.11207208942495721,-0.7125814941739881,-0.7022507241075162,52,7919__136441
7919,M. Keane,623641,E. Agbadou,-0.9136093719251503,0.14976811791596611,-0.5710902440808294,-0.793727677179638,53,7919__623641
7919,M. Keane,627012,Murillo,-1.0798659744579346,0.22983043073600956,-0.2705780368343973,-0.7966151962896966,54,7919__627012
7919,M. Keane,604320,J. Branthwaite,-0.9510009546993182,0.15272327705344116,-0.5599981164131814,-0.8141499612991703,55,7919__604320
7919,M. Keane,285382,W. Faes,-0.8922585866589403,0.10940926645591278,-0.7225763441820398,-0.8328698017920251,56,7919__285382
7919,M. Keane,8360,C. Dawson,-0.8615709633569544,0.08369200191308125,-0.8191055557410135,-0.8467080706913751,57,7919__8360
7919,M. Keane,413002,K. Mavropanos,-0.8225735450458934,0.06249535563173609,-0.8986667217361362,-0.8492061568874785,58,7919__413002
7919,M. Keane,496001,M. Kilman,-0.8786463000076611,0.06897989610033048,-0.8743271354744179,-0.877134592421026,59,7919__496001
7919,M. Keane,558243,S. van den Berg,-1.2675140241905651,0.20883603322691824,-0.3493800663166953,-0.9461671389347107,60,7919__558243
7919,M. Keane,545267,R. Drăgușin,-0.9716505758606802,0.03862804395489126,-0.9882521741220629,-0.977461135252164,61,7919__545267
7919,M. Keane,590874,Toti,-0.9642984059539637,0.018805024981114693,-1.0626574589092663,-0.9987240744883196,62,7919__590874
7919,M. Keane,192792,D. Burn,-1.203165026212191,0.12333002279754024,-0.6703250780443103,-1.0166710443534326,63,7919__192792
7919,M. Keane,620468,J. Greaves,-1.1232822605339348,0.042913602803011854,-0.9721664191223549,-1.0703917160398817,64,7919__620468
7919,M. Keane,255738,J. Lerma,-1.4459323097720327,0.1934609968303504,-0.40708994205326193,-1.082337481070463,65,7919__255738
7919,M. Keane,327391,J. Bree,-1.1357954245432968,0.03184549238813583,-1.0137103387727617,-1.0930656445236095,66,7919__327391
7919,M. Keane,366217,K. Danso,-1.11447678547214,0.013537091208536519,-1.0824305375259655,-1.103260598690979,67,7919__366217
7919,M. Keane,286380,I. Diop,-1.1118307036035562,0.0,-1.1332417246561375,-1.1193245609719598,68,7919__286380
7919,M. Keane,8653,H. Maguire,-1.118953459471884,0.0,-1.1332417246561375,-1.1239543522863726,69,7919__8653
7919,M. Keane,479155,N. Collins,-1.1464445760837751,0.0,-1.1332417246561375,-1.141823578084102,70,7919__479155
7919,M. Keane,645877,Y. Mosquera,-1.1579264447665598,0.004379715002347387,-1.1168025565118938,-1.1435330838774267,71,7919__645877
7919,M. Keane,365443,M. de Ligt,-1.274387256893159,0.055302902017900585,-0.9256634450992186,-1.1523339227652798,72,7919__365443
7919,M. Keane,346131,T. Chalobah,-1.1952236650899448,0.0,-1.1332417246561375,-1.1735299859381123,73,7919__346131
7919,M. Keane,501419,J. Todibo,-1.3372720351723477,0.01896597678456833,-1.062053329700248,-1.2409454882571127,74,7919__501419
7919,M. Keane,399581,D. O'Shea,-1.362910835886517,0.021227293832451782,-1.0535655237225359,-1.2546399766291236,75,7919__399581
7919,M. Keane,364003,S. Bueno,-1.4194327703990384,0.030143341610314404,-1.0200993259165516,-1.279666064830168,76,7919__364003
7919,M. Keane,424806,E. Pinnock,-1.385948292698705,0.0,-1.1332417246561375,-1.2975009938838062,77,7919__424806
7919,M. Keane,9433,J. Tarkowski,-1.4359920513665325,0.0,-1.1332417246561375,-1.3300294370178942,78,7919__9433
7919,M. Keane,518805,L. Woolfenden,-1.4438564703121224,0.0,-1.1332417246561375,-1.3351413093325277,79,7919__518805
7919,M. Keane,583655,C. Okoli,-1.4885804115607297,0.0,-1.1332417246561375,-1.3642118711441225,80,7919__583655
7919,M. Keane,288080,C. Burgess,-1.6006684272499856,0.04487664705616696,-0.9647981738061845,-1.3781138385446554,81,7919__288080
7919,M. Keane,504375,M. Lacroix,-1.5575460694663663,0.0,-1.1332417246561375,-1.4090395487827863,82,7919__504375
7919,M. Keane,424241,N. Milenković,-1.6630620968890544,0.0,-1.1332417246561375,-1.4776249666075336,83,7919__424241
7919,M. Keane,534563,C. Richards,-1.847025654387614,0.0,-1.1332417246561375,-1.597201278981597,84,7919__534563
7919,M. Keane,488709,L. Thomas,-1.8826023959844054,0.0,-1.1332417246561375,-1.6203261610195114,85,7919__488709
7919,M. Keane,563725,Morato,-1.9686600336938067,0.0,-1.1332417246561375,-1.6762636255306225,86,7919__563725
7919,M. Keane,508021,Jorge Cuenca,-1.9811142172857013,0.0,-1.1332417246561375,-1.6843588448653541,87,7919__508021
7953,C. Coady,568412,J. Gvardiol,1.713429432389241,0.3604033623627706,1.8923991771633004,1.7760688430601617,1,7953__568412
7953,C. Coady,145787,J. Andersen,1.1169332580377804,0.3604033623627706,1.8923991771633004,1.3883463297317125,2,7953__145787
7953,C. Coady,257899,J. Gomez,0.941982764718899,0.3604033623627706,1.8923991771633004,1.2746285090744394,3,7953__257899
7953,C. Coady,590781,J. van Hecke,0.9379259989880988,0.3604033623627706,1.8923991771633004,1.2719916113494194,4,7953__590781
7953,C. Coady,258154,Rúben Dias,1.0460718973839578,0.31431138850030793,1.5356783038686654,1.2174341396536055,5,7953__258154
7953,C. Coady,415847,C. Romero,0.733328286993635,0.35051872284951646,1.8158987163695766,1.1122279372752146,6,7953__415847
7953,C. Coady,234399,A. Webster,0.7283039891917902,0.35051872284951646,1.8158987163695766,1.1089621437040154,7,7953__234399
7953,C. Coady,370,V. van Dijk,0.8375477740279519,0.2950373220347873,1.3865099943917145,1.0296845511552688,8,370__7953
7953,C. Coady,412968,M. Senesi,0.7166073931915073,0.32304907787674675,1.6033021421152398,1.0269505553148137,9,7953__412968
7953,C. Coady,297957,M. Akanji,1.0106730520174119,0.23232559759100052,0.9011634311016852,0.9723446846969075,10,7953__297957
7953,C. Coady,549884,T. Harwood-Bellis,0.4582842382429798,0.35818421561926905,1.8752244741082094,0.9542133207958101,11,7953__549884
7953,C. Coady,349142,N. Mazraoui,0.5206227345010409,0.34260557113919726,1.7546562450221543,0.9525344631834305,12,7953__349142
7953,C. Coady,777938,Dean Huijsen,0.5001862640733438,0.33845317870995767,1.722519520783779,0.928002903921996,13,7953__777938
7953,C. Coady,9097,L. Dunk,0.5483757572273693,0.267091571594396,1.170228684076885,0.7660242816246998,14,7953__9097
7953,C. Coady,590703,I. Zabarnyi,0.2237221139667348,0.3294016667734083,1.6524669070190148,0.7237827915350328,15,7953__590703
7953,C. Coady,622200,J. Quansah,0.5081646846317934,0.22215440232981565,0.8224452215746466,0.618162872561792,16,7953__622200
7953,C. Coady,134102,N. Aké,0.6801334537055441,0.17231562463105454,0.43672660692624937,0.5949410573327909,17,7953__134102
7953,C. Coady,8582,A. Cresswell,0.2259401760998634,0.2789077257383864,1.2616777688525975,0.5884483335633203,18,7953__8582
7953,C. Coady,619747,L. Colwill,0.23643896700745423,0.269876707075088,1.1917837592377132,0.5708096442880448,19,7953__619747
7953,C. Coady,50102,F. Schär,0.016599310871624195,0.31674173584437454,1.5544875575051382,0.5548601971933541,20,7953__50102
7953,C. Coady,625787,M. van de Ven,0.26969921549065684,0.24215708024519114,0.9772524935629506,0.5173428628159596,21,7953__625787
7953,C. Coady,400549,Pau Torres,0.23309960411663244,0.2281335872562193,0.868720090923947,0.4555667744991925,22,7953__400549
7953,C. Coady,8135,L. Shaw,0.13532133951133485,0.23049058042627127,0.8869616325962417,0.39839544209105227,23,7953__8135
7953,C. Coady,415953,Igor Julio,0.20190759164343072,0.20246548159055133,0.6700662190763589,0.36576311124495553,24,7953__415953
7953,C. Coady,488453,L. Martínez,0.23419390968652232,0.18403796219380997,0.5274496144702183,0.33683340636081593,25,7953__488453
7953,C. Coady,9380,J. Stones,0.26347114339262834,0.17231562463105454,0.43672660692624937,0.3241105556293957,26,7953__9380
7953,C. Coady,283145,T. Adarabioyo,0.2670573255260027,0.15728283747247504,0.320382946330102,0.28572129280743747,27,7953__283145
7953,C. Coady,397074,M. Guéhi,-0.001957904975819177,0.2160557718152171,0.7752459237194372,0.27006343506752056,28,7953__397074
7953,C. Coady,393247,I. Konaté,0.16148040349251905,0.1647361973152583,0.3780669379081261,0.23728569053798151,29,7953__393247
7953,C. Coady,62126,M. Doherty,0.04100285643126779,0.18800127907356468,0.5581230211398525,0.2219949140792724,30,7953__62126
7953,C. Coady,578325,W. Saliba,0.4630132900184568,0.08601377367511989,-0.23119166734441063,0.22004155494145322,31,7953__578325
7953,C. Coady,653730,A. Khusanov,0.06300164754761829,0.17257559349401397,0.4387385910539203,0.19450957777482397,32,7953__653730
7953,C. Coady,415917,Gabriel Magalhaes,0.1361276657335557,0.1509410935304894,0.2713021140805107,0.18343872265498995,33,7953__415917
7953,C. Coady,447424,C. Bassey,0.020584992597077897,0.1577449667395495,0.323959515999644,0.12676607578797602,34,7953__447424
7953,C. Coady,627012,Murillo,-0.1514415755140196,0.1871404697488649,0.5514609360019203,0.09457430351655934,35,7953__627012
7953,C. Coady,623641,E. Agbadou,-0.09374782643534163,0.14109483787298832,0.19509871851088642,0.007348464295838179,36,7953__623641
7953,C. Coady,270866,Diego Carlos,0.04824668773902113,0.09887038090723191,-0.13169017554173176,-0.014731214409242376,37,7953__270866
7953,C. Coady,386292,A. Disasi,0.320140220466706,0.023112335323663975,-0.7180064886661273,-0.04321112772978561,38,7953__386292
7953,C. Coady,255738,J. Lerma,-0.4093547611699107,0.18808773773171608,0.5587921529963376,-0.07050334121172386,39,7953__255738
7953,C. Coady,482177,J. Kiwior,-0.07864736080849472,0.10801996818226309,-0.060878524628845125,-0.07242826814561736,40,7953__482177
7953,C. Coady,136441,B. Davies,-0.08210468461947085,0.09124409985366652,-0.19071246097337635,-0.12011740634333776,41,7953__136441
7953,C. Coady,604320,J. Branthwaite,-0.12360152266910239,0.08965554876949568,-0.20300677780410029,-0.15139336196635167,42,7953__604320
7953,C. Coady,475597,S. Botman,0.06266136618904589,0.01876226273438746,-0.7516731243709073,-0.2223557055069377,43,7953__475597
7953,C. Coady,545267,R. Drăgușin,-0.2002954582143474,0.03862804395489126,-0.5979253407154637,-0.33946591708973806,44,7953__545267
7953,C. Coady,767087,A. Gray,-0.16093095195756038,0.027469644972769706,-0.684283842986377,-0.3441044638176462,45,7953__767087
7953,C. Coady,8136,J. Stephens,-0.1011123248107447,0.010009601297998936,-0.81941283629033,-0.3525175038285996,46,7953__8136
7953,C. Coady,239411,T. Mings,-0.13570741330097386,0.009884639513254162,-0.8203799564469896,-0.3753428034020794,47,7953__239411
7953,C. Coady,15806,J. Vestergaard,-0.20663978141352507,0.022325690692241114,-0.7240945889659982,-0.3877489640568907,48,7953__15806
7953,C. Coady,240032,J. Bednarek,-0.18449135130842484,0.011706594225810643,-0.806279252534725,-0.4021171167376299,49,7953__240032
7953,C. Coady,71703,V. Lindelöf,-0.1775321568250165,0.009884639513254162,-0.8203799564469896,-0.40252888669270703,50,7953__71703
7953,C. Coady,413002,K. Mavropanos,-0.19994835552519347,0.009884639513254162,-0.8203799564469896,-0.41709941584782206,51,7953__413002
7953,C. Coady,590874,Toti,-0.2442511102122597,0.018805024981114693,-0.7513421733458525,-0.4217329823090172,52,7953__590874
7953,C. Coady,8360,C. Dawson,-0.22186634829950572,0.009884639513254162,-0.8203799564469896,-0.4313461111511251,53,7953__8360
7953,C. Coady,769441,L. Yoro,-0.19321670075851202,0.002279058975417566,-0.8792420338113802,-0.4333255673270159,54,7953__769441
7953,C. Coady,557788,W. Fofana,-0.29915230033533746,0.027311400730184086,-0.6855085469788211,-0.43437698666055674,55,7953__557788
7953,C. Coady,594120,J. O'Brien,-0.18995274925763767,0.0,-0.8968804172407137,-0.4373774330517143,56,7953__594120
7953,C. Coady,402884,K. Walker-Peters,-0.2005909318272425,0.0,-0.8968804172407137,-0.4442922517219574,57,7953__402884
7953,C. Coady,399581,D. O'Shea,-0.3344359646786923,0.031111933345705944,-0.6560949810152726,-0.44701662039649537,58,7953__399581
7953,C. Coady,412027,E. Konsa,-0.24764555174557595,0.009884639513254162,-0.8203799564469896,-0.4481025933910707,59,7953__412027
7953,C. Coady,496001,M. Kilman,-0.28502455110957875,0.009884639513254162,-0.8203799564469896,-0.4723989429776725,60,7953__496001
7953,C. Coady,8653,H. Maguire,-0.33857482064312805,0.009884639513254162,-0.8203799564469896,-0.5072066181744795,61,7953__8653
7953,C. Coady,366217,K. Danso,-0.3647383821152055,0.013537091208536519,-0.792112437197425,-0.5143193013939823,62,7953__366217
7953,C. Coady,285382,W. Faes,-0.34910049066456406,0.005015891135368755,-0.8580607938611919,-0.5272365967833839,63,7953__285382
7953,C. Coady,288080,C. Burgess,-0.5463677843950554,0.04487664705616696,-0.5495653559204984,-0.5474869344289605,64,7953__288080
7953,C. Coady,9433,J. Tarkowski,-0.43369251017530597,0.009884639513254162,-0.8203799564469896,-0.5690331163703952,65,7953__9433
7953,C. Coady,286380,I. Diop,-0.3954405915550911,0.0,-0.8968804172407137,-0.570944530545059,66,7953__286380
7953,C. Coady,346131,T. Chalobah,-0.4098692485242255,0.0,-0.8968804172407137,-0.5803231575749963,67,7953__346131
7953,C. Coady,479155,N. Collins,-0.42979287081630624,0.0,-0.8968804172407137,-0.5932735120648489,68,7953__479155
7953,C. Coady,645877,Y. Mosquera,-0.4701406005567186,0.0,-0.8968804172407137,-0.6194995363961169,69,7953__645877
7953,C. Coady,620468,J. Greaves,-0.48309140420222807,0.0,-0.8968804172407137,-0.627917558765698,70,7953__620468
7953,C. Coady,504375,M. Lacroix,-0.5235374042069837,0.006864327515649884,-0.843755139653997,-0.6356136116134383,71,7953__504375
7953,C. Coady,365443,M. de Ligt,-0.5530883400934477,0.011372065199156654,-0.8088682821754712,-0.6426113198221559,72,7953__365443
7953,C. Coady,327391,J. Bree,-0.5174008364594821,0.0,-0.8968804172407137,-0.6502186897329132,73,7953__327391
7953,C. Coady,520300,N. Wood,-0.5481679299323973,0.0,-0.8968804172407137,-0.670217300490308,74,7953__520300
7953,C. Coady,192792,D. Burn,-0.5534584202907521,0.0,-0.8968804172407137,-0.6736561192232386,75,7953__192792
7953,C. Coady,583655,C. Okoli,-0.5936043037307599,0.0,-0.8968804172407137,-0.6997509434592437,76,7953__583655
7953,C. Coady,424806,E. Pinnock,-0.5980396597970445,0.0,-0.8968804172407137,-0.7026339249023288,77,7953__424806
7953,C. Coady,424241,N. Milenković,-0.6406739354411732,0.009884639513254162,-0.8203799564469896,-0.7035710427932089,78,7953__424241
7953,C. Coady,501419,J. Todibo,-0.6147087379469102,0.0,-0.8968804172407137,-0.7134688256997415,79,7953__501419
7953,C. Coady,518805,L. Woolfenden,-0.6247127569637395,0.0,-0.8968804172407137,-0.7199714380606805,80,7953__518805
7953,C. Coady,558243,S. van den Berg,-0.6370214767931005,0.0,-0.8968804172407137,-0.7279721059497651,81,7953__558243
7953,C. Coady,7919,M. Keane,-0.7061610536682725,0.009884639513254162,-0.8203799564469896,-0.7461376696408235,82,7919__7953
7953,C. Coady,364003,S. Bueno,-0.6735993148705319,0.0,-0.8968804172407137,-0.7517477007000956,83,7953__364003
7953,C. Coady,563725,Morato,-0.7941284402334812,0.009884639513254162,-0.8203799564469896,-0.8033164709082091,84,7953__563725
7953,C. Coady,534563,C. Richards,-0.7602395475180348,0.0,-0.8968804172407137,-0.8080638519209724,85,7953__534563
7953,C. Coady,488709,L. Thomas,-0.7959114450266208,0.0,-0.8968804172407137,-0.8312505853015533,86,7953__488709
7953,C. Coady,508021,Jorge Cuenca,-0.9067871330940998,0.0,-0.8968804172407137,-0.9033197825454147,87,7953__508021
8135,L. Shaw,568412,J. Gvardiol,1.7162244953646404,0.3361486579610666,1.9152248937149212,1.7858746347872387,1,8135__568412
8135,L. Shaw,297957,M. Akanji,1.1276602635296993,0.3361486579610666,1.9152248937149212,1.403307884094527,2,8135__297957
8135,L. Shaw,370,V. van Dijk,0.9064453385463443,0.3361486579610666,1.9152248937149212,1.2595181828553463,3,370__8135
8135,L. Shaw,134102,N. Aké,0.8497698287400246,0.3361486579610666,1.9152248937149212,1.2226791014812384,4,8135__134102
8135,L. Shaw,258154,Rúben Dias,1.0787436050632357,0.27148313148852365,1.341294223841248,1.17063632163554,5,8135__258154
8135,L. Shaw,578325,W. Saliba,0.7477844622901763,0.31319440726187486,1.7114973560472413,1.085083975105149,6,8135__578325
8135,L. Shaw,9380,J. Stones,0.5692386037662702,0.3361486579610666,1.9152248937149212,1.0403338052482982,7,8135__9380
8135,L. Shaw,9097,L. Dunk,0.6702668245033055,0.31319440726187486,1.7114973560472413,1.034697510543683,8,8135__9097
8135,L. Shaw,386292,A. Disasi,0.6037660783889143,0.29745479569032857,1.571802431941975,0.9425788021324855,9,8135__386292
8135,L. Shaw,590781,J. van Hecke,0.795655245906184,0.2477718730970502,1.1308479605150792,0.9129726960192973,10,8135__590781
8135,L. Shaw,594120,J. O'Brien,0.20985942023778653,0.3361486579610666,1.9152248937149212,0.8067373359547837,11,8135__594120
8135,L. Shaw,415917,Gabriel Magalhaes,0.2880763441779058,0.2963934701112419,1.5623827715172212,0.7340835937466662,12,8135__415917
8135,L. Shaw,488453,L. Martínez,0.3280108385935922,0.2862953580397466,1.4727582599451465,0.7286724360666361,13,8135__488453
8135,L. Shaw,283145,T. Adarabioyo,0.38542351783109363,0.2617488699451698,1.2548990214349898,0.6897399440924572,14,8135__283145
8135,L. Shaw,402884,K. Walker-Peters,0.21754908370756473,0.2900733753382367,1.5062895727975583,0.6686082548890625,15,8135__402884
8135,L. Shaw,7953,C. Coady,0.13532133951133485,0.2978917021909197,1.5756801401156322,0.6394469197228388,16,7953__8135
8135,L. Shaw,482177,J. Kiwior,0.28152743186453616,0.26650827750057215,1.2971405389092767,0.6369920193301953,17,8135__482177
8135,L. Shaw,234399,A. Webster,0.5790958644994825,0.17867372014895092,0.5175760771511543,0.5575639389275676,18,8135__234399
8135,L. Shaw,145787,J. Andersen,0.7872633177421509,0.12297712433222038,0.023248012562487055,0.5198579609292685,19,8135__145787
8135,L. Shaw,393247,I. Konaté,0.25491161127689677,0.23258284149463054,0.9960396390207735,0.5143064209872537,20,8135__393247
8135,L. Shaw,8136,J. Stephens,0.2542582532924856,0.2317960940565518,0.9890569620244043,0.5114378013486571,21,8135__8136
8135,L. Shaw,71703,V. Lindelöf,0.2501824626744366,0.22733130234545507,0.9494302700700102,0.49491919526288736,22,8135__71703
8135,L. Shaw,415847,C. Romero,0.588145619203918,0.13323973318625265,0.11433249444244424,0.4223110255374022,23,8135__415847
8135,L. Shaw,400549,Pau Torres,0.2139060645926881,0.21128424143230962,0.8070066183690419,0.42149125841441193,24,8135__400549
8135,L. Shaw,257899,J. Gomez,0.7101127699596554,0.1013356865320295,-0.16882782090291937,0.40248356315775424,25,8135__257899
8135,L. Shaw,622200,J. Quansah,0.39578304339715575,0.1543789345482554,0.30195079216774234,0.362941755466861,26,8135__622200
8135,L. Shaw,625787,M. van de Ven,0.27207801507239393,0.17717825370721216,0.5043032546211289,0.3533568489144512,27,8135__625787
8135,L. Shaw,412968,M. Senesi,0.49113724233867273,0.1290224821077223,0.07690281794311031,0.3461551938002259,28,8135__412968
8135,L. Shaw,15806,J. Vestergaard,0.020399543381853423,0.19685245641689625,0.6789191428130215,0.2508814031827622,29,8135__15806
8135,L. Shaw,415953,Igor Julio,0.15086265255328793,0.1543789345482554,0.30195079216774234,0.20374350141834696,30,8135__415953
8135,L. Shaw,412027,E. Konsa,0.14902612109526575,0.1543789345482554,0.30195079216774234,0.20254975597063254,31,8135__412027
8135,L. Shaw,475597,S. Botman,0.11943222441129492,0.1543789345482554,0.30195079216774234,0.18331372312605151,32,8135__475597
8135,L. Shaw,767087,A. Gray,0.10153273970226259,0.1543789345482554,0.30195079216774234,0.1716790580651805,33,8135__767087
8135,L. Shaw,653730,A. Khusanov,0.01618810297293953,0.15648619557877577,0.32065351989329116,0.1227509988950626,34,8135__653730
8135,L. Shaw,240032,J. Bednarek,0.022300730457041923,0.1543789345482554,0.30195079216774234,0.12017825205578705,35,8135__240032
8135,L. Shaw,769441,L. Yoro,-0.005229737395165759,0.1543789345482554,0.30195079216774234,0.10228344795185207,36,8135__769441
8135,L. Shaw,619747,L. Colwill,0.10543421280787521,0.11910310006842086,-0.01113539792089305,0.06463484905280632,37,8135__619747
8135,L. Shaw,777938,Dean Huijsen,0.1901265266706137,0.09925885833191997,-0.18726044590609633,0.05804108626876518,38,8135__777938
8135,L. Shaw,549884,T. Harwood-Bellis,0.22544706487997093,0.08944029683365132,-0.2744038418589598,0.0504992475213452,39,8135__549884
8135,L. Shaw,520300,N. Wood,-0.21364775224479204,0.1543789345482554,0.30195079216774234,-0.033188261700405036,40,8135__520300
8135,L. Shaw,270866,Diego Carlos,-0.013866137324028915,0.11107979399632002,-0.0823452322754862,-0.03783382055703896,41,8135__270866
8135,L. Shaw,239411,T. Mings,-0.04562682338270721,0.11738985182569502,-0.026341115174661006,-0.038876825509891036,42,8135__239411
8135,L. Shaw,557788,W. Fofana,-0.23457148853882576,0.1543789345482554,0.30195079216774234,-0.046788690291526935,43,8135__557788
8135,L. Shaw,590703,I. Zabarnyi,-0.04751694310730922,0.10536594629195997,-0.13305776211024956,-0.07745622975833834,44,8135__590703
8135,L. Shaw,349142,N. Mazraoui,0.2002520197117578,0.049658646815021,-0.6274808256760943,-0.08945447617399041,45,8135__349142
8135,L. Shaw,285382,W. Faes,-0.13004568677699452,0.10940926645591278,-0.09717178735990879,-0.11853982198101451,46,8135__285382
8135,L. Shaw,558243,S. van den Berg,-0.34945690736596924,0.1543789345482554,0.30195079216774234,-0.1214642125291702,47,8135__558243
8135,L. Shaw,62126,M. Doherty,-0.11248490740812178,0.08288652935439003,-0.33257097301447314,-0.18951503037034476,48,8135__62126
8135,L. Shaw,192792,D. Burn,-0.32196746624288636,0.12333002279754024,0.026380118085271513,-0.2000458117280311,49,8135__192792
8135,L. Shaw,8360,C. Dawson,-0.15028045634361653,0.08369200191308125,-0.32542210358756446,-0.2115800328789983,50,8135__8360
8135,L. Shaw,447424,C. Bassey,-0.12018191927271193,0.07067162577170807,-0.44098279888320174,-0.23246222713638337,51,8135__447424
8135,L. Shaw,496001,M. Kilman,-0.14931882341563005,0.06897989610033048,-0.45599753078909866,-0.25665637099634403,52,8135__496001
8135,L. Shaw,413002,K. Mavropanos,-0.14284498059847991,0.06249535563173609,-0.5135502464009255,-0.27259182362933587,53,8135__413002
8135,L. Shaw,8582,A. Cresswell,-0.12094931020973365,0.045229126242249576,-0.6667944731205229,-0.31199511722850987,54,8135__8582
8135,L. Shaw,604320,J. Branthwaite,-0.2894020364056026,0.07295236779719964,-0.42074036261300124,-0.33537045057819215,55,8135__604320
8135,L. Shaw,136441,B. Davies,-0.1781073559268186,0.020827989571290693,-0.8833636635250707,-0.4249470635862068,56,8135__136441
8135,L. Shaw,620468,J. Greaves,-0.3066459773488478,0.042913602803011854,-0.687345607412365,-0.4398908478710788,57,8135__620468
8135,L. Shaw,627012,Murillo,-0.368869601018759,0.052574600500398846,-0.6016006489689564,-0.4503254678013281,58,8135__627012
8135,L. Shaw,327391,J. Bree,-0.2825271322022712,0.03184549238813583,-0.7855792161241533,-0.4585953615749299,59,8135__327391
8135,L. Shaw,397074,M. Guéhi,-0.2586656057153792,0.013148050730501395,-0.9515259856141762,-0.5011667386799582,60,8135__397074
8135,L. Shaw,365443,M. de Ligt,-0.4834944748094543,0.04393083681874393,-0.6783172760600286,-0.5516824552471553,61,8135__365443
8135,L. Shaw,50102,F. Schär,-0.3055312833089474,0.0,-1.068219840515269,-0.57247227833116,62,8135__50102
8135,L. Shaw,645877,Y. Mosquera,-0.3693160944308679,0.004379715002347387,-1.029348236087517,-0.6003273440106951,63,8135__645877
8135,L. Shaw,364003,S. Bueno,-0.4938107055998959,0.030143341610314404,-0.8006864392371646,-0.60121721237294,64,8135__364003
8135,L. Shaw,590874,Toti,-0.3674374726235006,0.0,-1.068219840515269,-0.6127113013856196,65,8135__590874
8135,L. Shaw,501419,J. Todibo,-0.4605803022501041,0.01896597678456833,-0.8998897216010174,-0.6143385990229238,66,8135__501419
8135,L. Shaw,545267,R. Drăgușin,-0.39055386751294807,0.0,-1.068219840515269,-0.6277369580637604,67,8135__545267
8135,L. Shaw,286380,I. Diop,-0.39626355358939624,0.0,-1.068219840515269,-0.6314482540134516,68,8135__286380
8135,L. Shaw,479155,N. Collins,-0.40575339056305443,0.0,-1.068219840515269,-0.6376166480463294,69,8135__479155
8135,L. Shaw,8653,H. Maguire,-0.40905224506796894,0.0,-1.068219840515269,-0.639760903474524,70,8135__8653
8135,L. Shaw,623641,E. Agbadou,-0.4223122213253265,0.0,-1.068219840515269,-0.6483798880418064,71,8135__623641
8135,L. Shaw,366217,K. Danso,-0.4618298355018628,0.0,-1.068219840515269,-0.674066337256555,72,8135__366217
8135,L. Shaw,346131,T. Chalobah,-0.4678993761116399,0.0,-1.068219840515269,-0.6780115386529101,73,8135__346131
8135,L. Shaw,424806,E. Pinnock,-0.5126132375630994,0.0,-1.068219840515269,-0.7070755485963587,74,8135__424806
8135,L. Shaw,518805,L. Woolfenden,-0.5267002315296426,0.0,-1.068219840515269,-0.7162320946746119,75,8135__518805
8135,L. Shaw,9433,J. Tarkowski,-0.5271210249088724,0.0,-1.068219840515269,-0.7165056103711112,76,8135__9433
8135,L. Shaw,399581,D. O'Shea,-0.554912034869529,0.0,-1.068219840515269,-0.734569766845538,77,8135__399581
8135,L. Shaw,504375,M. Lacroix,-0.6375582438930104,0.0,-1.068219840515269,-0.788289802710801,78,8135__504375
8135,L. Shaw,424241,N. Milenković,-0.6489688704406797,0.0,-1.068219840515269,-0.7957067099667859,79,8135__424241
8135,L. Shaw,583655,C. Okoli,-0.6690167903534482,0.0,-1.068219840515269,-0.8087378579100855,80,8135__583655
8135,L. Shaw,7919,M. Keane,-0.7580505268315209,0.0,-1.068219840515269,-0.8666097866208327,81,7919__8135
8135,L. Shaw,255738,J. Lerma,-0.7589434676804472,0.0,-1.068219840515269,-0.8671901981726349,82,8135__255738
8135,L. Shaw,288080,C. Burgess,-0.7889868090900841,0.0,-1.068219840515269,-0.8867183700888989,83,8135__288080
8135,L. Shaw,534563,C. Richards,-0.8496245518866448,0.0,-1.068219840515269,-0.9261329029066633,84,8135__534563
8135,L. Shaw,563725,Morato,-0.8596668075034812,0.0,-1.068219840515269,-0.932660369057607,85,8135__563725
8135,L. Shaw,488709,L. Thomas,-0.9010419376449731,0.0,-1.068219840515269,-0.9595542036495767,86,8135__488709
8135,L. Shaw,508021,Jorge Cuenca,-0.9808625893630774,0.0,-1.068219840515269,-1.0114376272663446,87,8135__508021
8136,J. Stephens,568412,J. Gvardiol,1.8070400794301416,0.25317480912992735,1.6788119390731144,1.762160230305182,1,8136__568412
8136,J. Stephens,145787,J. Andersen,1.2644163355074054,0.25317480912992735,1.6788119390731144,1.4094547967554036,2,8136__145787
8136,J. Stephens,590781,J. van Hecke,1.0979659090765257,0.25317480912992735,1.6788119390731144,1.3012620195753317,3,8136__590781
8136,J. Stephens,257899,J. Gomez,1.0692148627479858,0.25317480912992735,1.6788119390731144,1.2825738394617807,4,8136__257899
8136,J. Stephens,258154,Rúben Dias,1.1062620637693223,0.22528858547756575,1.3994495919155676,1.2088776986205083,5,8136__258154
8136,J. Stephens,234399,A. Webster,0.9550733563603593,0.25317480912992735,1.6788119390731144,1.2083818603098235,6,8136__234399
8136,J. Stephens,412968,M. Senesi,0.9329274915845271,0.25317480912992735,1.6788119390731144,1.1939870482055328,7,8136__412968
8136,J. Stephens,415847,C. Romero,0.9284768428096841,0.25317480912992735,1.6788119390731144,1.1910941265018846,8,8136__415847
8136,J. Stephens,349142,N. Mazraoui,0.683606140702783,0.25317480912992735,1.6788119390731144,1.031928170132399,9,8136__349142
8136,J. Stephens,370,V. van Dijk,0.93755386770214,0.20601451901204515,1.2063632667751463,1.0316371573776921,10,370__8136
8136,J. Stephens,777938,Dean Huijsen,0.6328206492727592,0.25317480912992735,1.6788119390731144,0.9989176007028835,11,8136__777938
8136,J. Stephens,549884,T. Harwood-Bellis,0.5800558272789211,0.25317480912992735,1.6788119390731144,0.9646204664068887,12,8136__549884
8136,J. Stephens,297957,M. Akanji,1.084862439161853,0.14330279456825837,0.5781213522974245,0.9075030587593031,13,8136__297957
8136,J. Stephens,9097,L. Dunk,0.7751451243959383,0.187953408084908,1.0254282501239924,0.8627442184007572,14,8136__9097
8136,J. Stephens,590703,I. Zabarnyi,0.3858639430348622,0.25317480912992735,1.6788119390731144,0.8383957416482504,15,8136__590703
8136,J. Stephens,8582,A. Cresswell,0.33456703833104207,0.24421594032825322,1.58906258299276,0.7736404789626433,16,8136__8582
8136,J. Stephens,619747,L. Colwill,0.41179528631877493,0.22612617554868916,1.4078405139400731,0.7604111159862292,17,8136__619747
8136,J. Stephens,625787,M. van de Ven,0.4125293693809295,0.21468743527242143,1.293247969178886,0.7207808793102143,18,8136__625787
8136,J. Stephens,50102,F. Schär,0.1919556301829448,0.2460776933453911,1.6077135017825916,0.6874708852428212,19,8136__50102
8136,J. Stephens,400549,Pau Torres,0.39679526749150784,0.20642170799466714,1.2104424591154235,0.6815717845598783,20,8136__400549
8136,J. Stephens,622200,J. Quansah,0.5830660390591421,0.17090325647031598,0.854620957109935,0.6781102603769196,21,8136__622200
8136,J. Stephens,397074,M. Guéhi,0.1864197745576308,0.21508581043499286,1.297238865251894,0.5752064563006228,22,8136__397074
8136,J. Stephens,488453,L. Martínez,0.43895639502764805,0.14975768429886258,0.6427860113873269,0.5102967607535356,23,8136__488453
8136,J. Stephens,415953,Igor Julio,0.35550214025025734,0.16511119710452746,0.7965964888465348,0.5098851622589544,24,8136__415953
8136,J. Stephens,134102,N. Aké,0.7543228408499854,0.08329282160831238,-0.023054594218076273,0.4822407385761638,25,8136__134102
8136,J. Stephens,8135,L. Shaw,0.2542582532924856,0.17493054573014627,0.8949660749836952,0.4785059908844089,26,8135__8136
8136,J. Stephens,62126,M. Doherty,0.22259516504933957,0.1781166395603105,0.9268841525891397,0.4690963106882696,27,8136__62126
8136,J. Stephens,283145,T. Adarabioyo,0.43431204352273756,0.11992855298645116,0.3439597435860853,0.4026887385449093,28,8136__283145
8136,J. Stephens,393247,I. Konaté,0.3374487011913187,0.13044308748685032,0.44929365591206477,0.37659443534357984,29,8136__393247
8136,J. Stephens,653730,A. Khusanov,0.23835796685893879,0.14510594852124425,0.5961852295320132,0.3635975087945148,30,8136__653730
8136,J. Stephens,627012,Murillo,0.02562872779612095,0.17725583023561073,0.9182606216155269,0.338049890632913,31,8136__627012
8136,J. Stephens,447424,C. Bassey,0.19594131190839859,0.13035543948310468,0.4484156039981413,0.28430731413980853,32,8136__447424
8136,J. Stephens,9380,J. Stones,0.441955192581978,0.08329282160831238,-0.023054594218076273,0.279201767201959,33,8136__9380
8136,J. Stephens,415917,Gabriel Magalhaes,0.36289703290212466,0.09028024350643782,0.04694493696172382,0.25231379932298437,34,8136__415917
8136,J. Stephens,578325,W. Saliba,0.5372026771628982,0.04865948918909603,-0.3700090314747849,0.21967857913970912,35,8136__578325
8136,J. Stephens,255738,J. Lerma,-0.2037568558398114,0.16988198752161496,0.8443899522185976,0.1630945269806317,36,8136__255738
8136,J. Stephens,623641,E. Agbadou,0.08160849287597909,0.11362519290021861,0.28081309846764535,0.15133010483306228,37,8136__623641
8136,J. Stephens,482177,J. Kiwior,0.10640380111185177,0.08329282160831238,-0.023054594218076273,0.06109336274637696,38,8136__482177
8136,J. Stephens,270866,Diego Carlos,0.16378102867613636,0.06151609642120803,-0.24121238917498275,0.02203333242824468,39,8136__270866
8136,J. Stephens,604320,J. Branthwaite,0.03983343268362073,0.07977090925624152,-0.058336879601108026,0.0054738233839656675,40,8136__604320
8136,J. Stephens,136441,B. Davies,0.09325163469184991,0.06629552820494573,-0.19333235716242764,-0.007052762457147227,41,8136__136441
8136,J. Stephens,386292,A. Disasi,0.3939897560618828,0.0,-0.8574765810725928,-0.04402346193518364,42,8136__386292
8136,J. Stephens,475597,S. Botman,0.20921607036013584,0.008877623221133297,-0.768541137853263,-0.13299895251455368,43,8136__475597
8136,J. Stephens,545267,R. Drăgușin,-0.02099628362236347,0.03862804395489126,-0.4705033874315301,-0.17832376995557178,44,8136__545267
8136,J. Stephens,594120,J. O'Brien,0.0750490027013178,0.0,-0.8574765810725928,-0.2513349516195509,45,8136__594120
8136,J. Stephens,239411,T. Mings,-0.007373630034824941,0.0,-0.8574765810725928,-0.30490966289804367,46,8136__239411
8136,J. Stephens,590874,Toti,-0.06889479090093903,0.01116871080351425,-0.7455891737387799,-0.30573782489418333,47,8136__590874
8136,J. Stephens,769441,L. Yoro,-0.023745735562645892,0.0,-0.8574765810725928,-0.3155515314911273,48,8136__769441
8136,J. Stephens,402884,K. Walker-Peters,-0.024583277161165512,0.0,-0.8574765810725928,-0.3160959335301651,49,8136__402884
8136,J. Stephens,767087,A. Gray,-0.04911410974291658,0.0,-0.8574765810725928,-0.33204097470830324,50,8136__767087
8136,J. Stephens,399581,D. O'Shea,-0.17495821779555892,0.021227293832451782,-0.6448229531463733,-0.33941087516834395,51,8136__399581
8136,J. Stephens,15806,J. Vestergaard,-0.07362679771268557,0.0,-0.8574765810725928,-0.3479742218886531,52,8136__15806
8136,J. Stephens,413002,K. Mavropanos,-0.07405095208620455,0.0,-0.8574765810725928,-0.3482499222314404,53,8136__413002
8136,J. Stephens,71703,V. Lindelöf,-0.0789387987926578,0.0,-0.8574765810725928,-0.3514270225906351,54,8136__71703
8136,J. Stephens,8360,C. Dawson,-0.08689383830395639,0.0,-0.8574765810725928,-0.3565977982729791,55,8136__8360
8136,J. Stephens,7953,C. Coady,-0.1011123248107447,0.0,-0.8574765810725928,-0.36583981450239156,56,7953__8136
8136,J. Stephens,240032,J. Bednarek,-0.10736269990138197,0.0,-0.8574765810725928,-0.36990255831130575,57,8136__240032
8136,J. Stephens,288080,C. Burgess,-0.3495467584584191,0.04487664705616696,-0.40790529417265764,-0.36997224595840256,58,8136__288080
8136,J. Stephens,412027,E. Konsa,-0.11034374573417963,0.0,-0.8574765810725928,-0.37184023810262423,59,8136__412027
8136,J. Stephens,557788,W. Fofana,-0.11136105001287885,0.0,-0.8574765810725928,-0.37250148588377874,60,8136__557788
8136,J. Stephens,496001,M. Kilman,-0.12761267330265152,0.0,-0.8574765810725928,-0.38306504102213096,61,8136__496001
8136,J. Stephens,285382,W. Faes,-0.16295724233394435,0.0,-0.8574765810725928,-0.4060390108924713,62,8136__285382
8136,J. Stephens,366217,K. Danso,-0.16753420940441807,0.0,-0.8574765810725928,-0.4090140394882792,63,8136__366217
8136,J. Stephens,286380,I. Diop,-0.1986195656184545,0.0,-0.8574765810725928,-0.4292195210274029,64,8136__286380
8136,J. Stephens,346131,T. Chalobah,-0.21304822258758901,0.0,-0.8574765810725928,-0.4385981480573403,65,8136__346131
8136,J. Stephens,8653,H. Maguire,-0.21923307965368755,0.0,-0.8574765810725928,-0.44261830515030437,66,8136__8653
8136,J. Stephens,479155,N. Collins,-0.23297184487966976,0.0,-0.8574765810725928,-0.4515485025471928,67,8136__479155
8136,J. Stephens,645877,Y. Mosquera,-0.24345492885411973,0.0,-0.8574765810725928,-0.4583625071305853,68,8136__645877
8136,J. Stephens,620468,J. Greaves,-0.25068733819501454,0.0,-0.8574765810725928,-0.46306357320216696,69,8136__620468
8136,J. Stephens,9433,J. Tarkowski,-0.27280445198717473,0.0,-0.8574765810725928,-0.477439697167071,70,8136__9433
8136,J. Stephens,327391,J. Bree,-0.2779474760500567,0.0,-0.8574765810725928,-0.48078266280794435,71,8136__327391
8136,J. Stephens,192792,D. Burn,-0.30901904183338463,0.0,-0.8574765810725928,-0.5009791805671076,72,8136__192792
8136,J. Stephens,504375,M. Lacroix,-0.3098255377424099,0.0,-0.8574765810725928,-0.5015034029079739,73,8136__504375
8136,J. Stephens,365443,M. de Ligt,-0.35644572177035794,0.0,-0.8574765810725928,-0.5318065225261401,74,8136__365443
8136,J. Stephens,583655,C. Okoli,-0.35659246797751576,0.0,-0.8574765810725928,-0.5319019075607927,75,8136__583655
8136,J. Stephens,424806,E. Pinnock,-0.3610278240438003,0.0,-0.8574765810725928,-0.5347848890038777,76,8136__424806
8136,J. Stephens,501419,J. Todibo,-0.363535399890424,0.0,-0.8574765810725928,-0.5364148133041831,77,8136__501419
8136,J. Stephens,518805,L. Woolfenden,-0.37353941890725345,0.0,-0.8574765810725928,-0.5429174256651222,78,8136__518805
8136,J. Stephens,558243,S. van den Berg,-0.38584813873661405,0.0,-0.8574765810725928,-0.5509180935542066,79,8136__558243
8136,J. Stephens,520300,N. Wood,-0.39645716917731016,0.0,-0.8574765810725928,-0.5578139633406591,80,8136__520300
8136,J. Stephens,364003,S. Bueno,-0.4224259768140458,0.0,-0.8574765810725928,-0.5746936883045373,81,8136__364003
8136,J. Stephens,424241,N. Milenković,-0.456230054464829,0.0,-0.8574765810725928,-0.5966663387775464,82,8136__424241
8136,J. Stephens,7919,M. Keane,-0.494185936135409,0.0,-0.8574765810725928,-0.6213376618634233,83,7919__8136
8136,J. Stephens,534563,C. Richards,-0.5232277117647904,0.0,-0.8574765810725928,-0.6402148160225213,84,8136__534563
8136,J. Stephens,488709,L. Thomas,-0.5849289167867424,0.0,-0.8574765810725928,-0.68032059928679,85,8136__488709
8136,J. Stephens,563725,Morato,-0.5871097193235799,0.0,-0.8574765810725928,-0.6817381209357345,86,8136__563725
8136,J. Stephens,508021,Jorge Cuenca,-0.6697752973408558,0.0,-0.8574765810725928,-0.7354707466469638,87,8136__508021
8360,C. Dawson,568412,J. Gvardiol,1.7145849863867904,0.26161874778416805,1.751619327598649,1.727547005810941,1,8360__568412
8360,C. Dawson,258154,Rúben Dias,1.013806970725971,0.26161874778416805,1.751619327598649,1.272041295631408,2,8360__258154
8360,C. Dawson,297957,M. Akanji,0.9763474581271989,0.24389864247597567,1.5526979919892097,1.1780701449789026,3,8360__297957
8360,C. Dawson,370,V. van Dijk,0.8302833369671208,0.26161874778416805,1.751619327598649,1.1527509336881554,4,370__8360
8360,C. Dawson,590781,J. van Hecke,0.7676457973870585,0.26161874778416805,1.751619327598649,1.112036532961115,5,8360__590781
8360,C. Dawson,9097,L. Dunk,0.5800558295542922,0.26161874778416805,1.751619327598649,0.990103053869817,6,8360__9097
8360,C. Dawson,145787,J. Andersen,0.8549966847322483,0.20528580035773886,1.1192401771372267,0.9474819070739907,7,8360__145787
8360,C. Dawson,415847,C. Romero,0.5865061102260676,0.23566386213374546,1.4602564700209693,0.8923187361542831,8,8360__415847
8360,C. Dawson,257899,J. Gomez,0.6919464785964898,0.20528580035773886,1.1192401771372267,0.8414992730857477,9,8360__257899
8360,C. Dawson,349142,N. Mazraoui,0.3615139212498644,0.2549444471727599,1.676695348943375,0.8218274209425931,10,8360__349142
8360,C. Dawson,234399,A. Webster,0.5774563555216322,0.20528580035773886,1.1192401771372267,0.7670806930870903,11,8360__234399
8360,C. Dawson,134102,N. Aké,0.6458078598153314,0.1838886695160297,0.8790415004806652,0.7274396340481982,12,8360__134102
8360,C. Dawson,625787,M. van de Ven,0.27163085995369596,0.24327672047737475,1.5457164559060466,0.7175608185370186,13,8360__625787
8360,C. Dawson,488453,L. Martínez,0.2276240549314353,0.24593471731361255,1.575554443407489,0.6993996908980542,14,8360__488453
8360,C. Dawson,283145,T. Adarabioyo,0.25671442274807693,0.22995429938766096,1.3961623900229265,0.6555212112942743,15,8360__283145
8360,C. Dawson,619747,L. Colwill,0.12572943338672227,0.24400001269642235,1.5538359479602133,0.6255667134874441,16,8360__619747
8360,C. Dawson,549884,T. Harwood-Bellis,0.2341302322503472,0.22430472596927098,1.3327417347579626,0.6186442581280126,17,8360__549884
8360,C. Dawson,622200,J. Quansah,0.4273069840233874,0.18877709361804917,0.9339176896729227,0.6046207310007248,18,8360__622200
8360,C. Dawson,393247,I. Konaté,0.1242346723488536,0.23103893539456766,1.4083382343190785,0.5736709190384323,19,8360__393247
8360,C. Dawson,578325,W. Saliba,0.48932935128617777,0.15868523559030584,0.5961142463107137,0.5267040645447654,20,8360__578325
8360,C. Dawson,9380,J. Stones,0.3303211946694368,0.18360942636872524,0.875906788871705,0.5212761526402307,21,8360__9380
8360,C. Dawson,412968,M. Senesi,0.5191448551004775,0.15159300138295823,0.5164986528114865,0.5182186842993307,22,8360__412968
8360,C. Dawson,400549,Pau Torres,0.10094898786154,0.21466395169132546,1.2245168872006835,0.49419775263024024,23,8360__400549
8360,C. Dawson,415953,Igor Julio,0.16469729299502256,0.18775582466934815,0.9224531876421059,0.42991185612150173,24,8360__415953
8360,C. Dawson,777938,Dean Huijsen,0.22340099849760187,0.157112462702915,0.5784587031901287,0.34767119513998623,25,8360__777938
8360,C. Dawson,415917,Gabriel Magalhaes,0.10553647516621273,0.1706084838397573,0.7299615584645116,0.3240852543206173,26,8360__415917
8360,C. Dawson,653730,A. Khusanov,-0.020292748208741496,0.18757318214708468,0.9204028897552797,0.3089507250786659,27,8360__653730
8360,C. Dawson,482177,J. Kiwior,0.02093329709340376,0.14799352562657025,0.47609186557735733,0.1802387960627875,28,8360__482177
8360,C. Dawson,270866,Diego Carlos,-0.11053421332527719,0.16318925382062088,0.646675194250979,0.15448907932641245,29,8360__270866
8360,C. Dawson,8582,A. Cresswell,-0.08173384279164819,0.15819439706973612,0.5906042195709094,0.15358447903524694,30,8360__8582
8360,C. Dawson,447424,C. Bassey,-0.10980577776634705,0.16145255295101232,0.6271794378472688,0.14813904769841849,31,8360__447424
8360,C. Dawson,590703,I. Zabarnyi,-0.05779337009557446,0.15159300138295823,0.5164986528114865,0.14320883792189687,32,8360__590703
8360,C. Dawson,50102,F. Schär,-0.2125830794531572,0.17058852534522337,0.7297375095483007,0.11722912669735305,33,8360__50102
8360,C. Dawson,386292,A. Disasi,0.28547477502722884,0.06956064323683897,-0.404375459492676,0.04402719294526217,34,8360__386292
8360,C. Dawson,8135,L. Shaw,-0.15028045634361653,0.1364714354514503,0.34674785058509716,0.023679451081433253,35,8135__8360
8360,C. Dawson,62126,M. Doherty,-0.20564125870765348,0.13641786209124096,0.3461464498495722,-0.01251556071262451,36,8360__62126
8360,C. Dawson,767087,A. Gray,-0.06703648998911027,0.1100257464012098,0.04987536052412213,-0.026117342309478937,37,8360__767087
8360,C. Dawson,397074,M. Guéhi,-0.2494775295158831,0.1343224860881071,0.322624298829699,-0.04924188959492938,38,8360__397074
8360,C. Dawson,136441,B. Davies,-0.2512667640862438,0.11207208942495721,0.07284707995350394,-0.13782691867233213,39,8360__136441
8360,C. Dawson,623641,E. Agbadou,-0.3229302167601232,0.11387300328388586,0.09306367482723842,-0.1773323547045466,40,8360__623641
8360,C. Dawson,475597,S. Botman,-0.03619090802483743,0.06521057064756246,-0.453208253339383,-0.18214697888492837,41,8360__475597
8360,C. Dawson,627012,Murillo,-0.4207725985493156,0.12209967944784196,0.18541422137866992,-0.20860721157452067,42,8360__627012
8360,C. Dawson,402884,K. Walker-Peters,-0.07236606241774764,0.056332947426429164,-0.5528661638016179,-0.2405410979021022,43,8360__402884
8360,C. Dawson,8136,J. Stephens,-0.08689383830395639,0.05645790921117394,-0.551463375009495,-0.24949317615089492,44,8136__8360
8360,C. Dawson,240032,J. Bednarek,-0.13198044067308978,0.058154902138985644,-0.5324133697274152,-0.27213196584210364,45,8360__240032
8360,C. Dawson,71703,V. Lindelöf,-0.13411775361315365,0.056332947426429164,-0.5528661638016179,-0.2806796971791161,46,8360__71703
8360,C. Dawson,557788,W. Fofana,-0.31533222966351565,0.08364434815661326,-0.24627541752083054,-0.2911623454135759,47,8360__557788
8360,C. Dawson,412027,E. Konsa,-0.16002734863790186,0.056332947426429164,-0.5528661638016179,-0.29752093394520246,48,8360__412027
8360,C. Dawson,594120,J. O'Brien,-0.16772617765707293,0.056332947426429164,-0.5528661638016179,-0.30252517280766367,49,8360__594120
8360,C. Dawson,769441,L. Yoro,-0.18354630041099004,0.056332947426429164,-0.5528661638016179,-0.3128082525977098,50,8360__769441
8360,C. Dawson,7953,C. Coady,-0.22186634829950572,0.056332947426429164,-0.5528661638016179,-0.337716283725245,51,7953__8360
8360,C. Dawson,15806,J. Vestergaard,-0.2975217309846544,0.06877399860541611,-0.41320612940186024,-0.33801127043067647,52,8360__15806
8360,C. Dawson,604320,J. Branthwaite,-0.406567893661816,0.07773007826813834,-0.3126674871450564,-0.3737027513809501,53,8360__604320
8360,C. Dawson,239411,T. Mings,-0.29966266619562965,0.056332947426429164,-0.5528661638016179,-0.38828389035772554,54,8360__239411
8360,C. Dawson,520300,N. Wood,-0.41286767422561693,0.056332947426429164,-0.5528661638016179,-0.4618671455772173,55,8360__520300
8360,C. Dawson,496001,M. Kilman,-0.4556398979435072,0.056332947426429164,-0.5528661638016179,-0.4896690909938459,56,8360__496001
8360,C. Dawson,255738,J. Lerma,-0.6428230530258443,0.07773007826813834,-0.3126674871450564,-0.5272686049675686,57,8360__255738
8360,C. Dawson,192792,D. Burn,-0.5182604163032116,0.056332947426429164,-0.5528661638016179,-0.5303724279276538,58,8360__192792
8360,C. Dawson,545267,R. Drăgușin,-0.429477848539129,0.03862804395489126,-0.7516168475103814,-0.5422264981790673,59,8360__545267
8360,C. Dawson,558243,S. van den Berg,-0.5469691511862097,0.056332947426429164,-0.5528661638016179,-0.5490331056016026,60,8360__558243
8360,C. Dawson,285382,W. Faes,-0.4910398640083102,0.040470701308082946,-0.7309316509276058,-0.5750019894300638,61,8360__285382
8360,C. Dawson,365443,M. de Ligt,-0.6039770692868796,0.055302902017900585,-0.5644291881087109,-0.5901353108745205,62,8360__365443
8360,C. Dawson,620468,J. Greaves,-0.5824303359946177,0.042913602803011854,-0.703508268296302,-0.6248076123002072,63,8360__620468
8360,C. Dawson,590874,Toti,-0.47343350053704136,0.018805024981114693,-0.9741449499958594,-0.6486825078476277,64,8360__590874
8360,C. Dawson,366217,K. Danso,-0.5365684774917802,0.013537091208536519,-1.0332814169478282,-0.710418006301397,65,8360__366217
8360,C. Dawson,399581,D. O'Shea,-0.6213595441409956,0.021227293832451782,-0.9469531841043581,-0.7353173181281725,66,8360__399581
8360,C. Dawson,413002,K. Mavropanos,-0.49798582188189044,0.0,-1.1852453142630401,-0.7385266442152928,67,8360__413002
8360,C. Dawson,288080,C. Burgess,-0.7959480848038559,0.04487664705616696,-0.681471639398983,-0.7558813289121504,68,8360__288080
8360,C. Dawson,364003,S. Bueno,-0.72254466498134,0.030143341610314404,-0.8468639294705248,-0.7660564075525547,69,8360__364003
8360,C. Dawson,501419,J. Todibo,-0.6562439377714631,0.01896597678456833,-0.9723381465285604,-0.7668769108364472,70,8360__501419
8360,C. Dawson,8653,H. Maguire,-0.5777354898291686,0.0,-1.1852453142630401,-0.7903639283810235,71,8360__8653
8360,C. Dawson,327391,J. Bree,-0.5930193052320638,0.0,-1.1852453142630401,-0.8002984083929054,72,8360__327391
8360,C. Dawson,645877,Y. Mosquera,-0.6226371548167602,0.004379715002347387,-1.1360797623262318,-0.8023420674450752,73,8360__645877
8360,C. Dawson,286380,I. Diop,-0.6266426072731808,0.0,-1.1852453142630401,-0.8221535547196315,74,8360__286380
8360,C. Dawson,479155,N. Collins,-0.6412076807393544,0.0,-1.1852453142630401,-0.8316208524726444,75,8360__479155
8360,C. Dawson,346131,T. Chalobah,-0.6441538721564364,0.0,-1.1852453142630401,-0.8335358768937478,76,8360__346131
8360,C. Dawson,9433,J. Tarkowski,-0.7052476857128102,0.0,-1.1852453142630401,-0.8732468557053906,77,8360__9433
8360,C. Dawson,518805,L. Woolfenden,-0.7141113320800817,0.0,-1.1852453142630401,-0.8790082258441172,78,8360__518805
8360,C. Dawson,424806,E. Pinnock,-0.7365953931598541,0.0,-1.1852453142630401,-0.8936228655459693,79,8360__424806
8360,C. Dawson,504375,M. Lacroix,-0.748891734928443,0.0,-1.1852453142630401,-0.901615487695552,80,8360__504375
8360,C. Dawson,583655,C. Okoli,-0.765453204185647,0.0,-1.1852453142630401,-0.9123804427127347,81,8360__583655
8360,C. Dawson,424241,N. Milenković,-0.8301817914428185,0.0,-1.1852453142630401,-0.954454024429896,82,8360__424241
8360,C. Dawson,7919,M. Keane,-0.8615709633569544,0.0,-1.1852453142630401,-0.9748569861740843,83,7919__8360
8360,C. Dawson,534563,C. Richards,-0.9444524909282888,0.0,-1.1852453142630401,-1.0287299790954518,84,8360__534563
8360,C. Dawson,563725,Morato,-0.9544947465451254,0.0,-1.1852453142630401,-1.0352574452463956,85,8360__563725
8360,C. Dawson,488709,L. Thomas,-0.9596490731676917,0.0,-1.1852453142630401,-1.0386077575510637,86,8360__488709
8360,C. Dawson,508021,Jorge Cuenca,-1.0756905284047218,0.0,-1.1852453142630401,-1.1140347034551332,87,8360__508021
8582,A. Cresswell,568412,J. Gvardiol,1.7962064962070243,0.24582779065470717,1.4449986570753737,1.6732837525109467,1,8582__568412
8582,A. Cresswell,297957,M. Akanji,1.179530697650639,0.24582779065470717,1.4449986570753737,1.2724444834492963,2,8582__297957
8582,A. Cresswell,258154,Rúben Dias,1.1489191280005535,0.24582779065470717,1.4449986570753737,1.2525469631767407,3,8582__258154
8582,A. Cresswell,370,V. van Dijk,0.9803879957038443,0.24582779065470717,1.4449986570753737,1.1430017271838797,4,370__8582
8582,A. Cresswell,134102,N. Aké,0.9016402628609643,0.24582779065470717,1.4449986570753737,1.0918157008360077,5,8582__134102
8582,A. Cresswell,578325,W. Saliba,0.8196260028724471,0.24582779065470717,1.4449986570753737,1.0385064318434716,6,8582__578325
8582,A. Cresswell,386292,A. Disasi,0.6774670175456975,0.24582779065470717,1.4449986570753737,0.9461030913810842,7,8582__386292
8582,A. Cresswell,9097,L. Dunk,0.7442094816608055,0.21920596356003139,1.191523846851857,0.9007695094776735,8,8582__9097
8582,A. Cresswell,9380,J. Stones,0.6363490232896603,0.23434255075747604,1.3356440664618523,0.8811022883999274,9,8582__9380
8582,A. Cresswell,622200,J. Quansah,0.5613237476705775,0.24582779065470717,1.4449986570753737,0.8706099659622561,10,8582__622200
8582,A. Cresswell,283145,T. Adarabioyo,0.4668130697782851,0.2416929174157062,1.405629225149205,0.7953987241581071,11,8582__283145
8582,A. Cresswell,625787,M. van de Ven,0.3781017953886713,0.24582779065470717,1.4449986570753737,0.7515156969790171,12,8582__625787
8582,A. Cresswell,8136,J. Stephens,0.33456703833104207,0.24582779065470717,1.4449986570753737,0.7232181048915581,13,8136__8582
8582,A. Cresswell,482177,J. Kiwior,0.32696112571362734,0.24582779065470717,1.4449986570753737,0.7182742616902386,14,8582__482177
8582,A. Cresswell,71703,V. Lindelöf,0.3257327623822364,0.24582779065470717,1.4449986570753737,0.7174758255248345,15,8582__71703
8582,A. Cresswell,767087,A. Gray,0.3243488921161108,0.24582779065470717,1.4449986570753737,0.7165763098518528,16,8582__767087
8582,A. Cresswell,402884,K. Walker-Peters,0.3081679202960933,0.24582779065470717,1.4449986570753737,0.7060586781688414,17,8582__402884
8582,A. Cresswell,412027,E. Konsa,0.2775215344419883,0.24582779065470717,1.4449986570753737,0.6861385273636732,18,8582__412027
8582,A. Cresswell,240032,J. Bednarek,0.2674203879717829,0.24582779065470717,1.4449986570753737,0.6795727821580397,19,8582__240032
8582,A. Cresswell,7953,C. Coady,0.2259401760998634,0.24078273262627367,1.3969630687674788,0.6357981885335288,20,7953__8582
8582,A. Cresswell,415953,Igor Julio,0.31601002964366665,0.2184391231225671,1.1842225172448877,0.619884400304094,21,8582__415953
8582,A. Cresswell,769441,L. Yoro,0.17106136814858638,0.24582779065470717,1.4449986570753737,0.6169394192729619,22,8582__769441
8582,A. Cresswell,488453,L. Martínez,0.4145198508344185,0.19832422246902384,0.9927022054462483,0.6168836749485589,23,8582__488453
8582,A. Cresswell,393247,I. Konaté,0.3288542684343968,0.190417065276159,0.9174156685101801,0.534850758460921,24,8582__393247
8582,A. Cresswell,594120,J. O'Brien,0.3004782568263152,0.18764415084118405,0.891013875813093,0.5071657234716873,25,8582__594120
8582,A. Cresswell,475597,S. Botman,0.3165459210323695,0.1843804550902832,0.8599391994527938,0.506733568479518,26,8582__475597
8582,A. Cresswell,520300,N. Wood,-0.008591889001141939,0.24582779065470717,1.4449986570753737,0.5001648021256385,27,8582__520300
8582,A. Cresswell,590781,J. van Hecke,0.8535650237120075,0.06600214968423904,-0.26717797363483253,0.4613049746406135,28,8582__590781
8582,A. Cresswell,415917,Gabriel Magalhaes,0.3456660540640046,0.1391512466772751,0.429297644375609,0.3749371106730661,29,8582__415917
8582,A. Cresswell,557788,W. Fofana,0.0487298508778193,0.19208284537629058,0.9332760861011052,0.35832103320596936,30,8582__557788
8582,A. Cresswell,558243,S. van den Berg,-0.10868340152030212,0.20883603322691824,1.092788470280253,0.3118317536098921,31,8582__558243
8582,A. Cresswell,15806,J. Vestergaard,0.09981755966944746,0.143969101866546,0.47516996280972046,0.23119090076854298,32,8582__15806
8582,A. Cresswell,653730,A. Khusanov,0.1588219618524552,0.1312178032560902,0.3537608279710721,0.2270505649939711,33,8582__653730
8582,A. Cresswell,145787,J. Andersen,0.8270697844516266,0.0,-0.8956052527265264,0.22413352143927312,34,8582__145787
8582,A. Cresswell,415847,C. Romero,0.6681276200463016,0.030378061776006594,-0.6063661476775903,0.2220548013429394,35,8582__415847
8582,A. Cresswell,257899,J. Gomez,0.7735679884167239,0.0,-0.8956052527265264,0.18935735401658638,36,8582__257899
8582,A. Cresswell,270866,Diego Carlos,0.14699131440025387,0.11107979399632002,0.16202049184588804,0.15225152650622584,37,8582__270866
8582,A. Cresswell,400549,Pau Torres,0.2507369110807093,0.08967475580397315,-0.04178362626880549,0.14835472300837912,38,8582__400549
8582,A. Cresswell,619747,L. Colwill,0.21063841423776658,0.09597343855193168,0.01818811828948703,0.14328081065586873,39,8582__619747
8582,A. Cresswell,349142,N. Mazraoui,0.41321674625261795,0.049658646815021,-0.42278961792317865,0.12061451879108917,40,8582__349142
8582,A. Cresswell,234399,A. Webster,0.6590778653418662,0.0,-0.8956052527265264,0.11493877401792885,41,8582__234399
8582,A. Cresswell,239411,T. Mings,0.06668862687005513,0.11140935969494774,0.16515839078192868,0.10115304423921087,42,8582__239411
8582,A. Cresswell,192792,D. Burn,-0.09836590395588116,0.12333002279754024,0.2786587830323318,0.03359273648999338,43,8582__192792
8582,A. Cresswell,412968,M. Senesi,0.4627668774934354,0.0,-0.8956052527265264,-0.012663368083551174,44,8582__412968
8582,A. Cresswell,447424,C. Bassey,0.07098659840451227,0.07067162577170807,-0.2227184194162126,-0.03181015783274143,45,8582__447424
8582,A. Cresswell,549884,T. Harwood-Bellis,0.30542906572235473,0.019018925611532126,-0.7145200648882196,-0.051553129991346286,46,8582__549884
8582,A. Cresswell,496001,M. Kilman,-0.03106187814360129,0.059281781483608686,-0.33116471835483013,-0.1360978722175314,47,8582__496001
8582,A. Cresswell,285382,W. Faes,-0.03942685018846584,0.040470701308082946,-0.5102709442586242,-0.20422228311302124,48,8582__285382
8582,A. Cresswell,777938,Dean Huijsen,0.15846387645647747,0.0,-0.8956052527265264,-0.21046031875757387,49,8582__777938
8582,A. Cresswell,136441,B. Davies,-0.008640549039651807,0.020827989571290693,-0.6972953964891931,-0.24966974564699124,50,8582__136441
8582,A. Cresswell,620468,J. Greaves,-0.14414458632871038,0.042913602803011854,-0.4870113088241468,-0.2641479392021131,51,8582__620468
8582,A. Cresswell,365443,M. de Ligt,-0.21259168718165844,0.04393083681874393,-0.4773259030038167,-0.30524866271941387,52,8582__365443
8582,A. Cresswell,62126,M. Doherty,-0.06358981240226172,0.0,-0.8956052527265264,-0.35479521651575435,53,8582__62126
8582,A. Cresswell,413002,K. Mavropanos,-0.07429836704651144,0.0,-0.8956052527265264,-0.36175577703451667,54,8582__413002
8582,A. Cresswell,8360,C. Dawson,-0.08173384279164819,0.0,-0.8956052527265264,-0.3665888362688555,55,8360__8582
8582,A. Cresswell,590703,I. Zabarnyi,-0.08192665163743057,0.0,-0.8956052527265264,-0.36671416201861406,56,8582__590703
8582,A. Cresswell,8135,L. Shaw,-0.12094931020973365,0.0,-0.8956052527265264,-0.3920788900906111,57,8135__8582
8582,A. Cresswell,364003,S. Bueno,-0.28425891531543257,0.030143341610314404,-0.6086009923876425,-0.39777864229070603,58,8582__364003
8582,A. Cresswell,501419,J. Todibo,-0.23406274954747727,0.01896597678456833,-0.7150242073656866,-0.4023992597838505,59,8582__501419
8582,A. Cresswell,645877,Y. Mosquera,-0.18435140515085266,0.004379715002347387,-0.8539046051674744,-0.41869502515667023,60,8582__645877
8582,A. Cresswell,327391,J. Bree,-0.18149771876502682,0.0,-0.8956052527265264,-0.43143535565155167,61,8582__327391
8582,A. Cresswell,590874,Toti,-0.18874211995782822,0.0,-0.8956052527265264,-0.43614421642687257,62,8582__590874
8582,A. Cresswell,366217,K. Danso,-0.19475636336323843,0.0,-0.8956052527265264,-0.4400534746403892,63,8582__366217
8582,A. Cresswell,623641,E. Agbadou,-0.22439868404896152,0.0,-0.8956052527265264,-0.4593209830861092,64,8582__623641
8582,A. Cresswell,286380,I. Diop,-0.23233874564982104,0.0,-0.8956052527265264,-0.46448202312666786,65,8582__286380
8582,A. Cresswell,8653,H. Maguire,-0.24165999215750514,0.0,-0.8956052527265264,-0.4705408333566625,66,8582__8653
8582,A. Cresswell,397074,M. Guéhi,-0.2518872777687815,0.0,-0.8956052527265264,-0.4771885690039922,67,8582__397074
8582,A. Cresswell,479155,N. Collins,-0.2697287404252262,0.0,-0.8956052527265264,-0.4887855197306813,68,8582__479155
8582,A. Cresswell,604320,J. Branthwaite,-0.26991749373163243,0.0,-0.8956052527265264,-0.4889082093798453,69,8582__604320
8582,A. Cresswell,50102,F. Schär,-0.2709608206739216,0.0,-0.8956052527265264,-0.4895863718923332,70,8582__50102
8582,A. Cresswell,518805,L. Woolfenden,-0.27582558241417426,0.0,-0.8956052527265264,-0.4927484670234975,71,8582__518805
8582,A. Cresswell,545267,R. Drăgușin,-0.27619627477753694,0.0,-0.8956052527265264,-0.49298941705968324,72,8582__545267
8582,A. Cresswell,424806,E. Pinnock,-0.3174484138092388,0.0,-0.8956052527265264,-0.5198033074302895,73,8582__424806
8582,A. Cresswell,346131,T. Chalobah,-0.32163455655131057,0.0,-0.8956052527265264,-0.5225243002126361,74,8582__346131
8582,A. Cresswell,627012,Murillo,-0.3799712761153251,0.0,-0.8956052527265264,-0.5604431679292455,75,8582__627012
8582,A. Cresswell,583655,C. Okoli,-0.40182490980214697,0.0,-0.8956052527265264,-0.5746480298256798,76,8582__583655
8582,A. Cresswell,9433,J. Tarkowski,-0.4339824146135097,0.0,-0.8956052527265264,-0.5955504079530656,77,8582__9433
8582,A. Cresswell,399581,D. O'Shea,-0.4347919159913066,0.0,-0.8956052527265264,-0.5960765838486335,78,8582__399581
8582,A. Cresswell,504375,M. Lacroix,-0.49506178145785146,0.0,-0.8956052527265264,-0.6352519964018877,79,8582__504375
8582,A. Cresswell,424241,N. Milenković,-0.513878236037713,0.0,-0.8956052527265264,-0.6474826918787977,80,8582__424241
8582,A. Cresswell,255738,J. Lerma,-0.5628858810437045,0.0,-0.8956052527265264,-0.6793376611326922,81,8582__255738
8582,A. Cresswell,7919,M. Keane,-0.5706854376785677,0.0,-0.8956052527265264,-0.6844073729453533,82,7919__8582
8582,A. Cresswell,288080,C. Burgess,-0.6092464538891742,0.0,-0.8956052527265264,-0.7094720334822475,83,8582__288080
8582,A. Cresswell,534563,C. Richards,-0.653566965249902,0.0,-0.8956052527265264,-0.7382803658667205,84,8582__534563
8582,A. Cresswell,563725,Morato,-0.6636092208667386,0.0,-0.8956052527265264,-0.7448078320176643,85,8582__563725
8582,A. Cresswell,488709,L. Thomas,-0.7049843510082305,0.0,-0.8956052527265264,-0.7717016666096341,86,8582__488709
8582,A. Cresswell,508021,Jorge Cuenca,-0.7848050027263348,0.0,-0.8956052527265264,-0.8235850902264018,87,8582__508021
8653,H. Maguire,568412,J. Gvardiol,1.6168851315177644,0.38321162435086215,1.922261359324362,1.7237668112500737,1,8653__568412
8653,H. Maguire,258154,Rúben Dias,0.9161071158569448,0.38173966203057946,1.9097331695477653,1.263876234648732,2,8653__258154
8653,H. Maguire,370,V. van Dijk,0.7325834820980945,0.36246559556505886,1.7456874197894376,1.0871698602900646,3,370__8653
8653,H. Maguire,297957,M. Akanji,0.900324064098893,0.29975387112127205,1.2119343649568144,1.0093876693991655,4,8653__297957
8653,H. Maguire,590781,J. van Hecke,0.6916224033587524,0.32900502228478146,1.460897241187223,0.9608685965987172,5,8653__590781
8653,H. Maguire,9097,L. Dunk,0.48235597468526614,0.3444044846379217,1.591965397049152,0.8707192725126262,6,8653__9097
8653,H. Maguire,145787,J. Andersen,0.7098100512523259,0.26300287260054245,0.8991386652280995,0.7760750661438467,7,8653__145787
8653,H. Maguire,415847,C. Romero,0.4888062553570415,0.29338093437654905,1.15769292149595,0.7229165885056594,8,8653__415847
8653,H. Maguire,257899,J. Gomez,0.6060799274122239,0.26300287260054245,0.8991386652280995,0.7086504856477804,9,8653__257899
8653,H. Maguire,625787,M. van de Ven,0.12656509831776955,0.34650782387781287,1.6098673723910606,0.6457208942434214,10,8653__625787
8653,H. Maguire,234399,A. Webster,0.4797565006526058,0.26300287260054245,0.8991386652280995,0.6265402582540285,11,8653__234399
8653,H. Maguire,134102,N. Aké,0.5697844657870255,0.23974389816132607,0.7011765015447563,0.6157716783022312,12,8653__134102
8653,H. Maguire,488453,L. Martínez,0.12992420006240923,0.3313226898159242,1.4806234109873009,0.6026689238861213,13,8653__488453
8653,H. Maguire,412968,M. Senesi,0.3717586462160957,0.2565735520864482,0.8444173273071194,0.537189184597954,14,8653__412968
8653,H. Maguire,400549,Pau Torres,0.0032491329925137258,0.3323387886013342,1.4892716475895402,0.523357013101473,15,8653__400549
8653,H. Maguire,283145,T. Adarabioyo,0.1590145678790505,0.2949120805415943,1.1707248377801325,0.5131131623444292,16,8653__283145
8653,H. Maguire,622200,J. Quansah,0.2615888862292105,0.2711270674026511,0.9682854449115025,0.5089326817680127,17,8653__622200
8653,H. Maguire,619747,L. Colwill,-0.019079368552236575,0.3226028530369572,1.4064069935678205,0.4798408581897834,18,8653__619747
8653,H. Maguire,578325,W. Saliba,0.36217135188840593,0.23480068108551605,0.6591037115152071,0.4660976777577863,19,8653__578325
8653,H. Maguire,549884,T. Harwood-Bellis,0.12610770103309443,0.28202179821207457,1.0610128559767393,0.4533245052633701,20,8653__549884
8653,H. Maguire,393247,I. Konaté,0.022265854728251294,0.286894164039864,1.1024826157052547,0.4003417210702025,21,8653__393247
8653,H. Maguire,349142,N. Mazraoui,0.1524284865408677,0.25315839978355736,0.8153502271666885,0.38445109575990494,22,8653__349142
8653,H. Maguire,9380,J. Stones,0.1828206704826813,0.23974389816132607,0.7011765015447563,0.3642452113544075,23,8653__9380
8653,H. Maguire,777938,Dean Huijsen,0.07601478961322009,0.262093013406405,0.8913946567728109,0.36139774311907685,24,8653__777938
8653,H. Maguire,415953,Igor Julio,-0.00023171542027178305,0.27010579845395005,0.9595932039308945,0.3357070063526364,25,8653__415953
8653,H. Maguire,653730,A. Khusanov,-0.16343791965247578,0.2953741907766356,1.1746579579711396,0.3048956375157895,26,8653__653730
8653,H. Maguire,415917,Gabriel Magalhaes,0.00783662029718643,0.24673132005945153,0.7606479610941091,0.27132058957610933,27,8653__415917
8653,H. Maguire,386292,A. Disasi,0.2094513809989229,0.18614119189642003,0.24495227122821922,0.2218766925791766,28,8653__386292
8653,H. Maguire,590703,I. Zabarnyi,-0.1760402225335215,0.2565735520864482,0.8444173273071194,0.1811199199107028,29,8653__590703
8653,H. Maguire,482177,J. Kiwior,-0.12790116314508812,0.23974389816132607,0.7011765015447563,0.1622760194963574,30,8653__482177
8653,H. Maguire,8582,A. Cresswell,-0.24165999215750514,0.24872887921078596,0.7776496192160977,0.1150983718232558,31,8582__8653
8653,H. Maguire,62126,M. Doherty,-0.3362622581288369,0.23253468163412,0.6398172999205803,0.005365587188459087,32,8653__62126
8653,H. Maguire,447424,C. Bassey,-0.318891212475344,0.207456385768907,0.4263704979584955,-0.058049613823500185,33,8653__447424
8653,H. Maguire,8136,J. Stephens,-0.21923307965368755,0.17983683316707058,0.19129451009350096,-0.07554842324217156,34,8136__8653
8653,H. Maguire,402884,K. Walker-Peters,-0.21992217284659318,0.1797118713823258,0.19023093330723911,-0.07636858569275189,35,8653__402884
8653,H. Maguire,594120,J. O'Brien,-0.2242943691198051,0.1797118713823258,0.19023093330723911,-0.07921051327033964,36,8653__594120
8653,H. Maguire,71703,V. Lindelöf,-0.22840717618058126,0.1797118713823258,0.19023093330723911,-0.08188383785984414,37,8653__71703
8653,H. Maguire,270866,Diego Carlos,-0.2816606149046,0.17902521093162227,0.18438661764782385,-0.11854408351125166,38,8653__270866
8653,H. Maguire,397074,M. Guéhi,-0.4254766803413556,0.21021848318494354,0.4498793066642155,-0.11910208488940577,39,8653__397074
8653,H. Maguire,627012,Murillo,-0.5555994399445857,0.22983043073600956,0.6168008354444018,-0.14525934355844014,40,8653__627012
8653,H. Maguire,7953,C. Coady,-0.33857482064312805,0.1797118713823258,0.19023093330723911,-0.15349280676049953,41,7953__8653
8653,H. Maguire,50102,F. Schär,-0.4492272630549382,0.20349975296853637,0.39269474015116884,-0.1545545619328008,42,8653__50102
8653,H. Maguire,15806,J. Vestergaard,-0.41531214539128514,0.17952142681476424,0.18861001838879543,-0.20393938806825695,43,8653__15806
8653,H. Maguire,475597,S. Botman,-0.19355406164587344,0.12908637497145306,-0.24065361980280545,-0.21003890700079964,44,8653__475597
8653,H. Maguire,8135,L. Shaw,-0.40905224506796894,0.15494560491216164,-0.020560118963985435,-0.27308000093157475,45,8135__8653
8653,H. Maguire,767087,A. Gray,-0.3114969428891744,0.12663807226441398,-0.2614916538487112,-0.29399509172501226,46,8653__767087
8653,H. Maguire,412027,E. Konsa,-0.3248700390591969,0.12020875175031975,-0.3162129917696913,-0.32184007250786995,47,8653__412027
8653,H. Maguire,240032,J. Bednarek,-0.35476443273243347,0.12203070646287624,-0.3007059410193102,-0.33584396063284033,48,8653__240032
8653,H. Maguire,769441,L. Yoro,-0.37687214794158824,0.12020875175031975,-0.3162129917696913,-0.35564144328142433,49,8653__769441
8653,H. Maguire,604320,J. Branthwaite,-0.5255437102337057,0.13927402888824758,-0.1539442931514418,-0.39548391425491336,50,8653__604320
8653,H. Maguire,239411,T. Mings,-0.4396536441636577,0.11738985182569502,-0.3402052589155994,-0.4048467093268373,51,8653__239411
8653,H. Maguire,557788,W. Fofana,-0.5086580771941139,0.12663807226441398,-0.2614916538487112,-0.42214982902322296,52,8653__557788
8653,H. Maguire,136441,B. Davies,-0.443461762508032,0.09355283829033063,-0.5430872384087956,-0.4783306790732992,53,8653__136441
8653,H. Maguire,623641,E. Agbadou,-0.5817020054844757,0.12005451341431282,-0.31752574761791863,-0.4892403152311807,54,8653__623641
8653,H. Maguire,520300,N. Wood,-0.6545737807666236,0.12020875175031975,-0.3162129917696913,-0.5361475046176973,55,8653__520300
8653,H. Maguire,285382,W. Faes,-0.5833759201800889,0.099973820940089,-0.4884368658551295,-0.5501472511663531,56,8653__285382
8653,H. Maguire,255738,J. Lerma,-0.8490709437713081,0.1434677261895361,-0.1182508280863483,-0.5932839032815722,57,8653__255738
8653,H. Maguire,192792,D. Burn,-0.7443477957213629,0.12020875175031975,-0.3162129917696913,-0.5945006143382778,58,8653__192792
8653,H. Maguire,558243,S. van den Berg,-0.7546652932857836,0.12020875175031975,-0.3162129917696913,-0.6012069877551514,59,8653__558243
8653,H. Maguire,496001,M. Kilman,-0.5794796910854573,0.06897989610033048,-0.7522328659045724,-0.6399433022721476,60,8653__496001
8653,H. Maguire,413002,K. Mavropanos,-0.5698238496295869,0.05950311963200606,-0.8328917607890238,-0.6618976185353898,61,8653__413002
8653,H. Maguire,8360,C. Dawson,-0.5777354898291686,0.05950311963200606,-0.8328917607890238,-0.6670401846651179,62,8360__8653
8653,H. Maguire,545267,R. Drăgușin,-0.6689913828051688,0.03862804395489126,-1.010564046336039,-0.7885418150409733,63,8653__545267
8653,H. Maguire,620468,J. Greaves,-0.7595309329158069,0.042913602803011854,-0.9740887277710115,-0.8346261611151284,64,8653__620468
8653,H. Maguire,327391,J. Bree,-0.7564232923567342,0.03184549238813583,-1.068291810170066,-0.8655772735914004,65,8653__327391
8653,H. Maguire,365443,M. de Ligt,-0.8484375221869437,0.05036015733283815,-0.9107094910569064,-0.8702327112914306,66,8653__365443
8653,H. Maguire,590874,Toti,-0.7043026476634883,0.01759803131760847,-1.189555033872668,-0.8741409828367012,67,8653__590874
8653,H. Maguire,366217,K. Danso,-0.7298943250223786,0.00642932051409422,-1.284614347944974,-0.924046333045287,68,8653__366217
8653,H. Maguire,399581,D. O'Shea,-0.8433670220648579,0.021227293832451782,-1.1586655953941656,-0.9537215227301157,69,8653__399581
8653,H. Maguire,645877,Y. Mosquera,-0.7918567863906081,0.004379715002347387,-1.302058983901003,-0.9704275555192463,70,8653__645877
8653,H. Maguire,364003,S. Bueno,-0.9302408070809141,0.030143341610314404,-1.0827791837115526,-0.9836292389016374,71,8653__364003
8653,H. Maguire,501419,J. Todibo,-0.8800446413129588,0.01896597678456833,-1.1779121540394282,-0.984298270767223,72,8653__501419
8653,H. Maguire,288080,C. Burgess,-1.0110091548502935,0.04487664705616696,-0.9573808334149511,-0.9922392423479237,73,8653__288080
8653,H. Maguire,286380,I. Diop,-0.8129872469993644,0.0,-1.3393356858659542,-0.9972092006026708,74,8653__286380
8653,H. Maguire,479155,N. Collins,-0.8553737606643477,0.0,-1.3393356858659542,-1.02476043448491,75,8653__479155
8653,H. Maguire,346131,T. Chalobah,-0.8693356549331266,0.0,-1.3393356858659542,-1.0338356657596162,76,8653__346131
8653,H. Maguire,518805,L. Woolfenden,-0.9218074741796559,0.0,-1.3393356858659542,-1.0679423482698605,77,8653__518805
8653,H. Maguire,9433,J. Tarkowski,-0.9334004288553767,0.0,-1.3393356858659542,-1.0754777688090789,78,8653__9433
8653,H. Maguire,504375,M. Lacroix,-0.9551396256739069,0.0,-1.3393356858659542,-1.0896082467411234,79,8653__504375
8653,H. Maguire,424806,E. Pinnock,-0.9634303055747204,0.0,-1.3393356858659542,-1.0949971886766523,80,8653__424806
8653,H. Maguire,583655,C. Okoli,-1.0019065559090126,0.0,-1.3393356858659542,-1.1200067513939422,81,8653__583655
8653,H. Maguire,424241,N. Milenković,-1.0753810049518866,0.0,-1.3393356858659542,-1.1677651432718101,82,8653__424241
8653,H. Maguire,7919,M. Keane,-1.118953459471884,0.0,-1.3393356858659542,-1.1960872387098085,83,7919__8653
8653,H. Maguire,534563,C. Richards,-1.1685417996962872,0.0,-1.3393356858659542,-1.2283196598556707,84,8653__534563
8653,H. Maguire,563725,Morato,-1.2118772426600553,0.0,-1.3393356858659542,-1.25648769778212,85,8653__563725
8653,H. Maguire,488709,L. Thomas,-1.2327911564610203,0.0,-1.3393356858659542,-1.270081741752747,86,8653__488709
8653,H. Maguire,508021,Jorge Cuenca,-1.3150893852723526,0.0,-1.3393356858659542,-1.3235755904801132,87,8653__508021
9097,L. Dunk,568412,J. Gvardiol,1.9882419253137502,0.01617620769704994,1.075288949516923,1.6687083837848606,1,9097__568412
9097,L. Dunk,145787,J. Andersen,1.437769378364691,0.01617620769704994,1.075288949516923,1.3109012282679722,2,9097__145787
9097,L. Dunk,297957,M. Akanji,1.336066858134031,0.01617620769704994,1.075288949516923,1.2447945901180433,3,9097__297957
9097,L. Dunk,258154,Rúben Dias,1.332787733516369,0.01617620769704994,1.075288949516923,1.2426631591165629,4,9097__258154
9097,L. Dunk,590781,J. van Hecke,1.2589333043530675,0.01617620769704994,1.075288949516923,1.194657780160417,5,9097__590781
9097,L. Dunk,257899,J. Gomez,1.220558509437215,0.01617620769704994,1.075288949516923,1.1697141634651127,6,9097__257899
9097,L. Dunk,134102,N. Aké,1.182903357116306,0.01617620769704994,1.075288949516923,1.145238314456522,7,9097__134102
9097,L. Dunk,370,V. van Dijk,1.1351989051575546,0.01617620769704994,1.075288949516923,1.1142304206833336,8,370__9097
9097,L. Dunk,578325,W. Saliba,1.1123541463283295,0.01617620769704994,1.075288949516923,1.0993813274443374,9,9097__578325
9097,L. Dunk,386292,A. Disasi,1.0735797531843831,0.01617620769704994,1.075288949516923,1.074177971900772,10,9097__386292
9097,L. Dunk,622200,J. Quansah,1.0213482554229532,0.01617620769704994,1.075288949516923,1.0402274983558426,11,9097__622200
9097,L. Dunk,9380,J. Stones,0.8849705512746019,0.01617620769704994,1.075288949516923,0.9515819906594143,12,9097__9380
9097,L. Dunk,549884,T. Harwood-Bellis,0.8828323296628013,0.01617620769704994,1.075288949516923,0.950192146611744,13,9097__549884
9097,L. Dunk,777938,Dean Huijsen,0.8765233368980543,0.01617620769704994,1.075288949516923,0.9460913013146584,14,9097__777938
9097,L. Dunk,475597,S. Botman,0.8210132491350762,0.01617620769704994,1.075288949516923,0.9100097442687227,15,9097__475597
9097,L. Dunk,8136,J. Stephens,0.7751451243959383,0.01617620769704994,1.075288949516923,0.8801954631882829,16,8136__9097
9097,L. Dunk,71703,V. Lindelöf,0.7745423111268321,0.01617620769704994,1.075288949516923,0.879803634563364,17,9097__71703
9097,L. Dunk,283145,T. Adarabioyo,0.7695943747513718,0.01617620769704994,1.075288949516923,0.8765874759193149,18,9097__283145
9097,L. Dunk,240032,J. Bednarek,0.7447983892016927,0.01617620769704994,1.075288949516923,0.8604700853120233,19,9097__240032
9097,L. Dunk,8582,A. Cresswell,0.7442094816608055,0.01617620769704994,1.075288949516923,0.8600872954104466,20,8582__9097
9097,L. Dunk,415953,Igor Julio,0.7405191759643432,0.01617620769704994,1.075288949516923,0.8576885967077461,21,9097__415953
9097,L. Dunk,400549,Pau Torres,0.740335206503316,0.01617620769704994,1.075288949516923,0.8575690165580785,22,9097__400549
9097,L. Dunk,590703,I. Zabarnyi,0.724081769117599,0.01617620769704994,1.075288949516923,0.8470042822573625,23,9097__590703
9097,L. Dunk,412027,E. Konsa,0.7044289162062726,0.01617620769704994,1.075288949516923,0.8342299278650003,24,9097__412027
9097,L. Dunk,8135,L. Shaw,0.6702668245033055,0.01617620769704994,1.075288949516923,0.8120245682580717,25,8135__9097
9097,L. Dunk,270866,Diego Carlos,0.6596732276494877,0.01617620769704994,1.075288949516923,0.80513873030309,26,9097__270866
9097,L. Dunk,15806,J. Vestergaard,0.6188939016404533,0.01617620769704994,1.075288949516923,0.7786321683972177,27,9097__15806
9097,L. Dunk,239411,T. Mings,0.6146782180366203,0.01617620769704994,1.075288949516923,0.7758919740547262,28,9097__239411
9097,L. Dunk,413002,K. Mavropanos,0.5908097898466991,0.01617620769704994,1.075288949516923,0.7603774957312774,29,9097__413002
9097,L. Dunk,8360,C. Dawson,0.5800558295542922,0.01617620769704994,1.075288949516923,0.7533874215412131,30,8360__9097
9097,L. Dunk,496001,M. Kilman,0.533506217393922,0.01617620769704994,1.075288949516923,0.7231301736369724,31,9097__496001
9097,L. Dunk,604320,J. Branthwaite,0.5025207631070097,0.01617620769704994,1.075288949516923,0.7029896283504793,32,9097__604320
9097,L. Dunk,8653,H. Maguire,0.48235597468526614,0.01617620769704994,1.075288949516923,0.689882515876346,33,8653__9097
9097,L. Dunk,627012,Murillo,0.41663822095714514,0.015506502959296502,0.9902349456138748,0.6173970745870005,34,9097__627012
9097,L. Dunk,399581,D. O'Shea,0.36316831564640767,0.01617620769704994,1.075288949516923,0.612410537501088,35,9097__399581
9097,L. Dunk,9433,J. Tarkowski,0.36256750571920704,0.01617620769704994,1.075288949516923,0.6120200110484076,36,9097__9433
9097,L. Dunk,62126,M. Doherty,0.5959237393334202,0.012563812169091318,0.6165066145359436,0.6031277456543034,37,9097__62126
9097,L. Dunk,424241,N. Milenković,0.29461685365636614,0.01617620769704994,1.075288949516923,0.567852087207561,38,9097__424241
9097,L. Dunk,7919,M. Keane,0.22912973542926696,0.01617620769704994,1.075288949516923,0.5252854603599466,39,7919__9097
9097,L. Dunk,349142,N. Mazraoui,0.8993479057538604,0.0060217354334704595,-0.21435180535834125,0.5095530068645898,40,9097__349142
9097,L. Dunk,563725,Morato,0.13620595224109588,0.01617620769704994,1.075288949516923,0.4648850012876354,41,9097__563725
9097,L. Dunk,488453,L. Martínez,0.7205743058457019,0.0068106329221776785,-0.1141600547240307,0.4284172796462955,42,9097__488453
9097,L. Dunk,412968,M. Senesi,1.0991642509841548,0.0,-0.9791257127068732,0.37176276369229505,43,9097__412968
9097,L. Dunk,415847,C. Romero,1.0576291178385815,0.0,-0.9791257127068732,0.34476492714767243,44,9097__415847
9097,L. Dunk,234399,A. Webster,1.043572937873721,0.0,-0.9791257127068732,0.3356284101705131,45,9097__234399
9097,L. Dunk,285382,W. Faes,0.4916382256707204,0.005015891135368755,-0.3420962874170872,0.19983114608998778,46,9097__285382
9097,L. Dunk,625787,M. van de Ven,0.7698462589167252,0.0,-0.9791257127068732,0.15770606884846577,47,9097__625787
9097,L. Dunk,504375,M. Lacroix,0.27858350186909137,0.006864327515649884,-0.10734072091122597,0.14351002389598033,48,9097__504375
9097,L. Dunk,769441,L. Yoro,0.5794093802485026,0.002279058975417566,-0.6896801106932151,0.13522805841890145,49,9097__769441
9097,L. Dunk,619747,L. Colwill,0.7004213629587326,0.0,-0.9791257127068732,0.11257988647577061,50,9097__619747
9097,L. Dunk,393247,I. Konaté,0.6703540496791546,0.0,-0.9791257127068732,0.09303613284404488,51,9097__393247
9097,L. Dunk,767087,A. Gray,0.662036405346019,0.0,-0.9791257127068732,0.08762966402750683,52,9097__767087
9097,L. Dunk,415917,Gabriel Magalhaes,0.661147440451642,0.0,-0.9791257127068732,0.08705183684616169,53,9097__415917
9097,L. Dunk,482177,J. Kiwior,0.6478466185409963,0.0,-0.9791257127068732,0.07840630260424203,54,9097__482177
9097,L. Dunk,402884,K. Walker-Peters,0.6317911040302714,0.0,-0.9791257127068732,0.06797021817227084,55,9097__402884
9097,L. Dunk,594120,J. O'Brien,0.6306671758525328,0.0,-0.9791257127068732,0.06723966485674077,56,9097__594120
9097,L. Dunk,397074,M. Guéhi,0.5566142742650401,0.0009699613802242231,-0.855938441707201,0.062220823674755676,57,9097__397074
9097,L. Dunk,653730,A. Khusanov,0.6162291331262764,0.0,-0.9791257127068732,0.05785493708467404,58,9097__653730
9097,L. Dunk,447424,C. Bassey,0.5855620580160139,0.0,-0.9791257127068732,0.03792133826300348,59,9097__447424
9097,L. Dunk,7953,C. Coady,0.5483757572273693,0.0,-0.9791257127068732,0.0137502427503845,60,7953__9097
9097,L. Dunk,136441,B. Davies,0.5253904057028789,0.0,-0.9791257127068732,-0.0011902357405342845,61,9097__136441
9097,L. Dunk,623641,E. Agbadou,0.46881052486279723,0.0,-0.9791257127068732,-0.037967158286587366,62,9097__623641
9097,L. Dunk,50102,F. Schär,0.46627847287077445,0.0,-0.9791257127068732,-0.039612992081402176,63,9097__50102
9097,L. Dunk,557788,W. Fofana,0.44771076835030954,0.0,-0.9791257127068732,-0.051682000019704355,64,9097__557788
9097,L. Dunk,590874,Toti,0.44152426760334046,0.0,-0.9791257127068732,-0.055703225505234266,65,9097__590874
9097,L. Dunk,545267,R. Drăgușin,0.43124581020122676,0.0,-0.9791257127068732,-0.06238422281660816,66,9097__545267
9097,L. Dunk,327391,J. Bree,0.41117907822220967,0.0,-0.9791257127068732,-0.07542759860296927,67,9097__327391
9097,L. Dunk,286380,I. Diop,0.4012855755208904,0.0,-0.9791257127068732,-0.08185837535882684,68,9097__286380
9097,L. Dunk,479155,N. Collins,0.3895009575145071,0.0,-0.9791257127068732,-0.089518377062976,69,9097__479155
9097,L. Dunk,620468,J. Greaves,0.38697839223071806,0.0,-0.9791257127068732,-0.09115804449743886,70,9097__620468
9097,L. Dunk,520300,N. Wood,0.38540053222924275,0.0,-0.9791257127068732,-0.0921836534983978,71,9097__520300
9097,L. Dunk,192792,D. Burn,0.38183236880678695,0.0,-0.9791257127068732,-0.09450295972299405,72,9097__192792
9097,L. Dunk,366217,K. Danso,0.38000210988543115,0.0,-0.9791257127068732,-0.09569262802187534,73,9097__366217
9097,L. Dunk,645877,Y. Mosquera,0.37674549563339044,0.0,-0.9791257127068732,-0.0978094272857018,74,9097__645877
9097,L. Dunk,346131,T. Chalobah,0.37665369081247524,0.0,-0.9791257127068732,-0.09786910041929667,75,9097__346131
9097,L. Dunk,501419,J. Todibo,0.3156880997178341,0.0,-0.9791257127068732,-0.13749673463081338,76,9097__501419
9097,L. Dunk,365443,M. de Ligt,0.31402911991005344,0.0,-0.9791257127068732,-0.13857507150587084,77,9097__365443
9097,L. Dunk,424806,E. Pinnock,0.31001313366994954,0.0,-0.9791257127068732,-0.14118546256193837,78,9097__424806
9097,L. Dunk,518805,L. Woolfenden,0.30792877309151323,0.0,-0.9791257127068732,-0.14254029693792197,79,9097__518805
9097,L. Dunk,558243,S. van den Berg,0.2933753608716439,0.0,-0.9791257127068732,-0.15200001488083703,80,9097__558243
9097,L. Dunk,583655,C. Okoli,0.2811553226441567,0.0,-0.9791257127068732,-0.15994303972870372,81,9097__583655
9097,L. Dunk,255738,J. Lerma,0.2619112972902492,0.0,-0.9791257127068732,-0.1724516562087436,82,9097__255738
9097,L. Dunk,364003,S. Bueno,0.2567975227942123,0.0,-0.9791257127068732,-0.1757756096311676,83,9097__364003
9097,L. Dunk,288080,C. Burgess,0.14647654726224235,0.0,-0.9791257127068732,-0.24748424372694805,84,9097__288080
9097,L. Dunk,534563,C. Richards,0.10215603590151462,0.0,-0.9791257127068732,-0.2762925761114211,85,9097__534563
9097,L. Dunk,488709,L. Thomas,0.05073865014318624,0.0,-0.9791257127068732,-0.30971387685433455,86,9097__488709
9097,L. Dunk,508021,Jorge Cuenca,-0.02908200157491786,0.0,-0.9791257127068732,-0.36159730047110217,87,9097__508021
9380,J. Stones,568412,J. Gvardiol,1.9108764285857958,0.281036623608202,2.1125478293032836,1.9814614188369164,1,9380__568412
9380,J. Stones,145787,J. Andersen,1.4029845750104533,0.281036623608202,2.1125478293032836,1.6513317140129438,2,9380__145787
9380,J. Stones,257899,J. Gomez,1.228034081691572,0.281036623608202,2.1125478293032836,1.5376138933556711,3,9380__257899
9380,J. Stones,590781,J. van Hecke,1.148283107260987,0.281036623608202,2.1125478293032836,1.4857757599757906,4,9380__590781
9380,J. Stones,412968,M. Senesi,1.1073786569678181,0.281036623608202,2.1125478293032836,1.459187867285231,5,9380__412968
9380,J. Stones,415847,C. Romero,1.0818264242487694,0.281036623608202,2.1125478293032836,1.4425789160178493,6,9380__415847
9380,J. Stones,234399,A. Webster,1.0494518714914496,0.281036623608202,2.1125478293032836,1.4215354567255916,7,9380__234399
9380,J. Stones,349142,N. Mazraoui,0.9083720696186547,0.281036623608202,2.1125478293032836,1.3298335855082748,8,9380__349142
9380,J. Stones,777938,Dean Huijsen,0.826227551446816,0.281036623608202,2.1125478293032836,1.2764396486965797,9,9380__777938
9380,J. Stones,549884,T. Harwood-Bellis,0.795708564881709,0.24709725407293492,1.768409209429768,1.1361537904735297,10,9380__549884
9380,J. Stones,258154,Rúben Dias,1.339393046778432,0.1419957638692534,0.7027004976706894,1.1165506545907222,11,9380__258154
9380,J. Stones,622200,J. Quansah,0.9441967482583539,0.18377884889509075,1.1263728702499074,1.0079583909553977,12,9380__622200
9380,J. Stones,8582,A. Cresswell,0.6363490232896603,0.21076229338551133,1.3999797602281565,0.9036197812181339,13,8582__9380
9380,J. Stones,8135,L. Shaw,0.5692386037662702,0.21852635543242951,1.4787058424749802,0.8875521373143187,14,8135__9380
9380,J. Stones,590703,I. Zabarnyi,0.6222487254987451,0.2077154428037147,1.3690852866849534,0.883641521913918,15,9380__590703
9380,J. Stones,370,V. van Dijk,1.0539043320128678,0.12272169740373277,0.5072652045694948,0.8625806374076872,16,370__9380
9380,J. Stones,619747,L. Colwill,0.6869526676084075,0.18616287407524407,1.1505464228667037,0.8492104819488111,17,9380__619747
9380,J. Stones,625787,M. van de Ven,0.7257850871707205,0.15916653946439482,0.8768088295691217,0.7786433970101609,18,9380__625787
9380,J. Stones,415953,Igor Julio,0.6806880459700669,0.16511119710452746,0.9370865042551519,0.7704275063698467,19,9380__415953
9380,J. Stones,297957,M. Akanji,1.222154896524919,0.060009972959945986,-0.12861950971629105,0.7493838543404955,20,9380__297957
9380,J. Stones,9097,L. Dunk,0.8849705512746019,0.10466058647659565,0.324129045207761,0.6886760241512077,21,9097__9380
9380,J. Stones,397074,M. Guéhi,0.5027572897731697,0.15849340261502412,0.869983352564084,0.6312864117499897,22,9380__397074
9380,J. Stones,653730,A. Khusanov,0.5757845881129027,0.14510594852124425,0.7342371663932984,0.6312429905110412,23,9380__653730
9380,J. Stones,400549,Pau Torres,0.6488855244325271,0.12312888638635475,0.5113940218229094,0.6007634985191609,24,9380__400549
9380,J. Stones,50102,F. Schär,0.42575878621488517,0.16278487173707873,0.9134980165403563,0.5964675168288001,25,9380__50102
9380,J. Stones,255738,J. Lerma,0.22139161063435991,0.1934609968303504,1.2245479711276392,0.5724963368070077,26,9380__255738
9380,J. Stones,447424,C. Bassey,0.543814805209065,0.13035543948310468,0.5846698676389014,0.5581140770595078,27,9380__447424
9380,J. Stones,62126,M. Doherty,0.5330483764305964,0.11942885573720789,0.4738764291709902,0.5123381948897342,28,9380__62126
9380,J. Stones,488453,L. Martínez,0.6702161194180868,0.09157879165459817,0.19148218472814454,0.5026592422766071,29,9380__488453
9380,J. Stones,627012,Murillo,0.35147386024196553,0.1328862290559071,0.6103315827119966,0.4420740631064764,30,9380__627012
9380,J. Stones,623641,E. Agbadou,0.42829083820690794,0.11362519290021861,0.41502841442347677,0.42364898988270705,31,9380__623641
9380,J. Stones,283145,T. Adarabioyo,0.6852635555404007,0.0551681823802682,-0.17771432646223773,0.3832212968394773,32,9380__283145
9380,J. Stones,134102,N. Aké,0.9566322792420447,0.0,-0.7371089883326563,0.3638228355908994,33,9380__134102
9380,J. Stones,270866,Diego Carlos,0.5208772916040204,0.06151609642120803,-0.11334771013912885,0.2988985409939182,34,9380__270866
9380,J. Stones,578325,W. Saliba,0.8500862034601309,0.0,-0.7371089883326563,0.29456788633265546,35,9380__578325
9380,J. Stones,393247,I. Konaté,0.5856463955676613,0.04715026587853795,-0.2590144436108288,0.29001510185518975,36,9380__393247
9380,J. Stones,604320,J. Branthwaite,0.4043604009477224,0.07977090925624152,0.0717525489735167,0.2879476527567504,37,9380__604320
9380,J. Stones,386292,A. Disasi,0.8213184678321961,0.0,-0.7371089883326563,0.27586885817449786,38,9380__386292
9380,J. Stones,136441,B. Davies,0.4550281223504504,0.06629552820494573,-0.06488519948093949,0.27305845970946396,39,9380__136441
9380,J. Stones,475597,S. Botman,0.6386471736319881,0.008877623221133297,-0.6470916119078162,0.1886385986930566,40,9380__475597
9380,J. Stones,415917,Gabriel Magalhaes,0.5446518270044742,0.00698742189812545,-0.6662578864582929,0.12083342729250576,41,9380__415917
9380,J. Stones,8136,J. Stephens,0.441955192581978,0.0,-0.7371089883326563,0.029282729261856044,42,8136__9380
9380,J. Stones,767087,A. Gray,0.4254434318223361,0.0,-0.7371089883326563,0.018550084768088837,43,9380__767087
9380,J. Stones,769441,L. Yoro,0.4137004221995025,0.0,-0.7371089883326563,0.010917128513246943,44,9380__769441
9380,J. Stones,239411,T. Mings,0.39837179585636623,0.0,-0.7371089883326563,0.0009535213902083783,45,9380__239411
9380,J. Stones,545267,R. Drăgușin,0.3198185599186278,0.013503210390924865,-0.6001890557756936,-0.0021841055743846705,46,9380__545267
9380,J. Stones,590874,Toti,0.32828110636390045,0.01116871080351425,-0.6238604284943872,-0.004968430836500198,47,9380__590874
9380,J. Stones,482177,J. Kiwior,0.37814984983754835,0.0,-0.7371089883326563,-0.012190743522023234,48,9380__482177
9380,J. Stones,71703,V. Lindelöf,0.3554002262642906,0.0,-0.7371089883326563,-0.026977998844640777,49,9380__71703
9380,J. Stones,15806,J. Vestergaard,0.34622412752142084,0.0,-0.7371089883326563,-0.032942463027506114,50,9380__15806
9380,J. Stones,413002,K. Mavropanos,0.34155131941628847,0.0,-0.7371089883326563,-0.03597978829584214,51,9380__413002
9380,J. Stones,594120,J. O'Brien,0.33195101093781065,0.0,-0.7371089883326563,-0.04221998880685274,52,9380__594120
9380,J. Stones,399581,D. O'Shea,0.215512080853935,0.021227293832451782,-0.5218683488281822,-0.04257106953480602,53,9380__399581
9380,J. Stones,8360,C. Dawson,0.3303211946694368,0.0,-0.7371089883326563,-0.0432793693812957,54,8360__9380
9380,J. Stones,240032,J. Bednarek,0.3251458498714068,0.0,-0.7371089883326563,-0.04664334350001523,55,9380__240032
9380,J. Stones,412027,E. Konsa,0.3192021880573437,0.0,-0.7371089883326563,-0.05050672367915626,56,9380__412027
9380,J. Stones,288080,C. Burgess,0.05945339955537465,0.04487664705616696,-0.28206849718822813,-0.06007926430488632,57,9380__288080
9380,J. Stones,496001,M. Kilman,0.29753579317151974,0.0,-0.7371089883326563,-0.06458988035494181,58,9380__496001
9380,J. Stones,557788,W. Fofana,0.2926402067445963,0.0,-0.7371089883326563,-0.06777201153244206,59,9380__557788
9380,J. Stones,402884,K. Walker-Peters,0.2888400315390171,0.0,-0.7371089883326563,-0.07024212541606853,60,9380__402884
9380,J. Stones,7953,C. Coady,0.26347114339262834,0.0,-0.7371089883326563,-0.08673190271122122,61,7953__9380
9380,J. Stones,285382,W. Faes,0.2621912241402269,0.0,-0.7371089883326563,-0.08756385022528218,62,9380__285382
9380,J. Stones,366217,K. Danso,0.247181514692511,0.0,-0.7371089883326563,-0.09732016136629748,63,9380__366217
9380,J. Stones,286380,I. Diop,0.2249295737263201,0.0,-0.7371089883326563,-0.11178392299432158,64,9380__286380
9380,J. Stones,346131,T. Chalobah,0.1833458069504918,0.0,-0.7371089883326563,-0.13881337139861,65,9380__346131
9380,J. Stones,8653,H. Maguire,0.1828206704826813,0.0,-0.7371089883326563,-0.13915471010268682,66,8653__9380
9380,J. Stones,645877,Y. Mosquera,0.1816935376200516,0.0,-0.7371089883326563,-0.13988734646339612,67,9380__645877
9380,J. Stones,479155,N. Collins,0.1790277122681298,0.0,-0.7371089883326563,-0.1416201329421453,68,9380__479155
9380,J. Stones,620468,J. Greaves,0.17446112827915672,0.0,-0.7371089883326563,-0.14458841253497778,69,9380__620468
9380,J. Stones,9433,J. Tarkowski,0.12538863074850637,0.0,-0.7371089883326563,-0.17648553592990052,70,9380__9433
9380,J. Stones,504375,M. Lacroix,0.11532292873176125,0.0,-0.7371089883326563,-0.18302824224078484,71,9380__504375
9380,J. Stones,327391,J. Bree,0.11454271454360629,0.0,-0.7371089883326563,-0.18353538146308557,72,9380__327391
9380,J. Stones,192792,D. Burn,0.07288376249718506,0.0,-0.7371089883326563,-0.21061370029325938,73,9380__192792
9380,J. Stones,583655,C. Okoli,0.0685559984966555,0.0,-0.7371089883326563,-0.21342674689360358,74,9380__583655
9380,J. Stones,424806,E. Pinnock,0.06412064243037092,0.0,-0.7371089883326563,-0.21630972833668854,75,9380__424806
9380,J. Stones,520300,N. Wood,0.033088764614213104,0.0,-0.7371089883326563,-0.23648044891719114,76,9380__520300
9380,J. Stones,365443,M. de Ligt,0.0200516536372701,0.0,-0.7371089883326563,-0.24495457105220408,77,9380__365443
9380,J. Stones,501419,J. Todibo,0.010148997757035268,0.0,-0.7371089883326563,-0.2513912973743567,78,9380__501419
9380,J. Stones,518805,L. Woolfenden,0.008151507977168987,0.0,-0.7371089883326563,-0.25268966573126983,79,9380__518805
9380,J. Stones,558243,S. van den Berg,-0.0471622797787686,0.0,-0.7371089883326563,-0.28864362777262925,80,9380__558243
9380,J. Stones,364003,S. Bueno,-0.08374011785620007,0.0,-0.7371089883326563,-0.3124192225229597,81,9380__364003
9380,J. Stones,534563,C. Richards,-0.09807924529061945,0.0,-0.7371089883326563,-0.32173965535533233,82,9380__534563
9380,J. Stones,7919,M. Keane,-0.10458123601360941,0.0,-0.7371089883326563,-0.3259659493252758,83,7919__9380
9380,J. Stones,424241,N. Milenković,-0.11326155870930268,0.0,-0.7371089883326563,-0.3316081590774764,84,9380__424241
9380,J. Stones,563725,Morato,-0.17116635852968864,0.0,-0.7371089883326563,-0.36924627896072726,85,9380__563725
9380,J. Stones,508021,Jorge Cuenca,-0.2446268308666844,0.0,-0.7371089883326563,-0.4169955859797745,86,9380__508021
9380,J. Stones,488709,L. Thomas,-0.28979899050722635,0.0,-0.7371089883326563,-0.44635748974612677,87,9380__488709
9433,J. Tarkowski,568412,J. Gvardiol,1.508471891986883,0.6409902671231429,2.320727396846039,1.7927613186875875,1,9433__568412
9433,J. Tarkowski,258154,Rúben Dias,0.8205722188927326,0.6409902671231429,2.320727396846039,1.3456265311763898,2,9433__258154
9433,J. Tarkowski,297957,M. Akanji,0.8057155116150535,0.6053259111130047,2.126014681400557,1.2678202210399796,3,9433__297957
9433,J. Tarkowski,370,V. van Dijk,0.6325902336255936,0.6329080858977006,2.276602011470203,1.207994355871207,4,370__9433
9433,J. Tarkowski,134102,N. Aké,0.475175913303186,0.5079484043279187,1.5943735446856508,0.8668950842870486,5,9433__134102
9433,J. Tarkowski,9097,L. Dunk,0.36256750571920704,0.5310042804645198,1.7202491457551372,0.8377560797317826,6,9097__9433
9433,J. Tarkowski,578325,W. Saliba,0.30473931215423095,0.5453159381530587,1.798384910502143,0.8275152715760001,7,9433__578325
9433,J. Tarkowski,622200,J. Quansah,0.16698033374537105,0.4888641530442784,1.4901813818263185,0.6301007005737026,8,9433__622200
9433,J. Tarkowski,590781,J. van Hecke,0.5970138508749131,0.3181152757974511,0.5579627392537172,0.5833459618074945,9,9433__590781
9433,J. Tarkowski,625787,M. van de Ven,0.006776629351710514,0.5137081693729747,1.6258194929016239,0.5734416315941802,10,9433__625787
9433,J. Tarkowski,283145,T. Adarabioyo,0.03922609891299157,0.5024289411375982,1.5642395457629399,0.5729808053104735,11,9433__283145
9433,J. Tarkowski,257899,J. Gomez,0.5114713749283845,0.31179831690448834,0.5234747417960702,0.5156725533320745,12,9433__257899
9433,J. Tarkowski,488453,L. Martínez,0.010135731096350103,0.4648356320709809,1.3589955399869347,0.48223666420805467,13,9433__488453
9433,J. Tarkowski,145787,J. Andersen,0.555339442682986,0.26763590331887843,0.282366127149106,0.459798782246128,14,9433__145787
9433,J. Tarkowski,415847,C. Romero,0.3690177863909824,0.3264968174491633,0.6037225094332314,0.45116443945576956,15,9433__415847
9433,J. Tarkowski,386292,A. Disasi,0.11484282851508353,0.3918787476569601,0.960680957476095,0.41088617365143754,16,9433__386292
9433,J. Tarkowski,9380,J. Stones,0.12538863074850637,0.38585471602351157,0.9277922223775328,0.4062298878186656,17,9380__9433
9433,J. Tarkowski,234399,A. Webster,0.3599680316865468,0.25319867697729675,0.20354480920153661,0.3052199038167932,18,9433__234399
9433,J. Tarkowski,393247,I. Konaté,-0.09752261423780774,0.3944876296643818,0.9749243802312271,0.2778338338263544,19,9433__393247
9433,J. Tarkowski,415953,Igor Julio,-0.12002018438633077,0.3769686690110938,0.8792780604262495,0.2297342012980723,20,9433__415953
9433,J. Tarkowski,349142,N. Mazraoui,0.04045284497590598,0.3119978620916137,0.5245641764469638,0.20989181099077625,21,9433__349142
9433,J. Tarkowski,482177,J. Kiwior,-0.21051311936148287,0.3838740909929116,0.9169788243204423,0.18410906092719093,22,9433__482177
9433,J. Tarkowski,619747,L. Colwill,-0.13886783751829546,0.35160671769141383,0.7408122373213201,0.16902018867556995,23,9433__619747
9433,J. Tarkowski,549884,T. Harwood-Bellis,0.023970994593909414,0.2814711778192513,0.35790103562005804,0.14084650895306142,24,9433__549884
9433,J. Tarkowski,8136,J. Stephens,-0.27280445198717473,0.37877601363129504,0.8891454187109503,0.13387800275716902,25,8136__9433
9433,J. Tarkowski,767087,A. Gray,-0.38243540430378364,0.4139165065006045,1.0809980568668394,0.1297663071059344,26,9433__767087
9433,J. Tarkowski,402884,K. Walker-Peters,-0.3038124788726344,0.37408522555687046,0.8635356450957796,0.10475936451631046,27,9433__402884
9433,J. Tarkowski,71703,V. Lindelöf,-0.32053344168961734,0.3786510518465503,0.8884631787616956,0.10261537546834218,28,9433__71703
9433,J. Tarkowski,400549,Pau Torres,-0.10643625973994561,0.2901856970945548,0.4054787266742294,0.07273398550501563,29,9433__400549
9433,J. Tarkowski,415917,Gabriel Magalhaes,-0.11195184866887262,0.2776624694143427,0.3371070542104688,0.045218767338896876,30,9433__415917
9433,J. Tarkowski,412968,M. Senesi,0.08941076539969817,0.1937729384086436,-0.12089528220980227,0.015803648736373015,31,9433__412968
9433,J. Tarkowski,653730,A. Khusanov,-0.28322638861853483,0.3056706810013772,0.49002036999648313,-0.012590023103278558,32,9433__653730
9433,J. Tarkowski,240032,J. Bednarek,-0.4005229776648235,0.3310139049312111,0.6283839492552288,-0.040405553242805176,33,9433__240032
9433,J. Tarkowski,412027,E. Konsa,-0.4396487720893766,0.3291919502186546,0.6184368258752435,-0.06931881280175958,34,9433__412027
9433,J. Tarkowski,777938,Dean Huijsen,-0.16300670132771283,0.19929239972860038,-0.09076129349850783,-0.13772080858749108,35,9433__777938
9433,J. Tarkowski,7953,C. Coady,-0.43369251017530597,0.2902418342541694,0.40578521247710914,-0.1398753072469607,36,7953__9433
9433,J. Tarkowski,594120,J. O'Brien,-0.40237131074222204,0.23710325246907973,0.11567041126338766,-0.22105670804025865,37,9433__594120
9433,J. Tarkowski,475597,S. Botman,-0.2907753523967698,0.1932580783114165,-0.12370620658418645,-0.23230115136236565,38,9433__475597
9433,J. Tarkowski,270866,Diego Carlos,-0.37756007324495877,0.21793610039051173,0.011025644159964206,-0.24155507215323574,39,9433__270866
9433,J. Tarkowski,769441,L. Yoro,-0.48498712210586226,0.250152222002496,0.18691241801361685,-0.24982228306404455,40,9433__769441
9433,J. Tarkowski,520300,N. Wood,-0.7282665885402906,0.3291919502186546,0.6184368258752435,-0.2569203934948536,41,9433__520300
9433,J. Tarkowski,590703,I. Zabarnyi,-0.41937527305470235,0.1937729384086436,-0.12089528220980227,-0.31490727625898735,42,9433__590703
9433,J. Tarkowski,8582,A. Cresswell,-0.4339824146135097,0.1961443587097754,-0.1079483027055416,-0.31987047544572084,43,8582__9433
9433,J. Tarkowski,447424,C. Bassey,-0.4308668540403056,0.19373548199823712,-0.12109977880519887,-0.32244837770801826,44,9433__447424
9433,J. Tarkowski,15806,J. Vestergaard,-0.49708298386006133,0.20586925467342862,-0.054854370490154035,-0.3423029691805938,45,9433__15806
9433,J. Tarkowski,62126,M. Doherty,-0.4703957380544871,0.1937729384086436,-0.12089528220980227,-0.34807057850884743,46,9433__62126
9433,J. Tarkowski,557788,W. Fofana,-0.6167730513583878,0.21939424610647468,0.018986520049315288,-0.39425720136569176,47,9433__557788
9433,J. Tarkowski,8135,L. Shaw,-0.5271210249088724,0.15517110755198565,-0.33164540216515603,-0.45870455694857165,48,8135__9433
9433,J. Tarkowski,239411,T. Mings,-0.5435333730633902,0.11738985182569502,-0.5379155194025179,-0.541567124282085,49,9433__239411
9433,J. Tarkowski,397074,M. Guéhi,-0.6668062331868544,0.15746188751124932,-0.3191386857609814,-0.5451225915877989,50,9433__397074
9433,J. Tarkowski,136441,B. Davies,-0.5632502314740911,0.11207208942495721,-0.5669483149714946,-0.5645445606981824,51,9433__136441
9433,J. Tarkowski,50102,F. Schär,-0.7315751438713358,0.16330936074301305,-0.28721388691902766,-0.576048703938028,52,9433__50102
9433,J. Tarkowski,558243,S. van den Berg,-0.8808363850375974,0.20883603322691824,-0.03865697979252948,-0.5860735932018236,53,9433__558243
9433,J. Tarkowski,623641,E. Agbadou,-0.7448836645402533,0.13181725398583174,-0.4591478374450567,-0.6448761250569346,54,9433__623641
9433,J. Tarkowski,627012,Murillo,-0.9239818028816015,0.18950303177768352,-0.14420721624771302,-0.6510606975597406,55,9433__627012
9433,J. Tarkowski,604320,J. Branthwaite,-0.817563184409378,0.12923001088413721,-0.4732731206747701,-0.6970616621022652,56,9433__604320
9433,J. Tarkowski,285382,W. Faes,-0.7143421159282287,0.08992980293597863,-0.6878360923146559,-0.7050650076634782,57,9433__285382
9433,J. Tarkowski,192792,D. Burn,-0.8336593306178851,0.12333002279754024,-0.5054846290253128,-0.7187981850604848,58,9433__192792
9433,J. Tarkowski,496001,M. Kilman,-0.7131137445986444,0.06897989610033048,-0.8022139671636882,-0.7442988224964098,59,9433__496001
9433,J. Tarkowski,413002,K. Mavropanos,-0.6727439700117044,0.04945910162789569,-0.9087894762882733,-0.7553598972085035,60,9433__413002
9433,J. Tarkowski,8360,C. Dawson,-0.7052476857128102,0.04945910162789569,-0.9087894762882733,-0.7764873124142222,61,8360__9433
9433,J. Tarkowski,545267,R. Drăgușin,-0.8382128055707397,0.03862804395489126,-0.9679225964841859,-0.8836112323904459,62,9433__545267
9433,J. Tarkowski,327391,J. Bree,-0.8451747287740602,0.03184549238813583,-1.0049525384474318,-0.9010969621597402,63,9433__327391
9433,J. Tarkowski,365443,M. de Ligt,-0.9193759836015528,0.055302902017900585,-0.8768847296517222,-0.9045040447191122,64,9433__365443
9433,J. Tarkowski,590874,Toti,-0.812417621827762,0.018805024981114693,-1.0761481270843776,-0.9047232986675775,65,9433__590874
9433,J. Tarkowski,620468,J. Greaves,-0.9111407582727666,0.042913602803011854,-0.944525207778169,-0.9228253155996574,66,9433__620468
9433,J. Tarkowski,366217,K. Danso,-0.8380092991866523,0.013537091208536519,-1.104908878837587,-0.9314241520644795,67,9433__366217
9433,J. Tarkowski,255738,J. Lerma,-1.1600893962061554,0.09567432897008422,-0.6564733428308295,-0.9838237775247913,68,9433__255738
9433,J. Tarkowski,501419,J. Todibo,-0.9716428520861365,0.01896597678456833,-1.0752693964352837,-1.0079121426083382,69,9433__501419
9433,J. Tarkowski,8653,H. Maguire,-0.9334004288553767,0.0,-1.1788158291747253,-1.0192958189671486,70,8653__9433
9433,J. Tarkowski,645877,Y. Mosquera,-0.9469768599020729,0.004379715002347387,-1.1549043865920539,-1.0197514942435664,71,9433__645877
9433,J. Tarkowski,286380,I. Diop,-0.9530368767045224,0.0,-1.1788158291747253,-1.0320595100690935,72,9433__286380
9433,J. Tarkowski,364003,S. Bueno,-1.0639768468072743,0.030143341610314404,-1.0142455816178464,-1.0465709039909745,73,9433__364003
9433,J. Tarkowski,479155,N. Collins,-0.9850790419247398,0.0,-1.1788158291747253,-1.0528869174622348,74,9433__479155
9433,J. Tarkowski,518805,L. Woolfenden,-1.0581907905570462,0.0,-1.1788158291747253,-1.100409554073234,75,9433__518805
9433,J. Tarkowski,346131,T. Chalobah,-1.0617858948000047,0.0,-1.1788158291747253,-1.102746371831157,76,9433__346131
9433,J. Tarkowski,424806,E. Pinnock,-1.0886056438844234,0.0,-1.1788158291747253,-1.1201792087360292,77,9433__424806
9433,J. Tarkowski,399581,D. O'Shea,-1.178634844422326,0.021227293832451782,-1.0629235354094633,-1.1381358862678241,78,9433__399581
9433,J. Tarkowski,583655,C. Okoli,-1.1630274373070342,0.0,-1.1788158291747253,-1.1685533744607262,79,9433__583655
9433,J. Tarkowski,288080,C. Burgess,-1.3473754354899927,0.04487664705616696,-0.9338077935351409,-1.2026267608057946,80,9433__288080
9433,J. Tarkowski,424241,N. Milenković,-1.280241361534541,0.0,-1.1788158291747253,-1.2447424252086055,81,9433__424241
9433,J. Tarkowski,504375,M. Lacroix,-1.295429490741078,0.0,-1.1788158291747253,-1.2546147091928546,82,9433__504375
9433,J. Tarkowski,7919,M. Keane,-1.4359920513665325,0.0,-1.1788158291747253,-1.3459803735994,83,7919__9433
9433,J. Tarkowski,534563,C. Richards,-1.5142195350569652,0.0,-1.1788158291747253,-1.3968282379981813,84,9433__534563
9433,J. Tarkowski,563725,Morato,-1.5289158345547034,0.0,-1.1788158291747253,-1.406380832671711,85,9433__563725
9433,J. Tarkowski,488709,L. Thomas,-1.5392249018534234,0.0,-1.1788158291747253,-1.413081726415879,86,9433__488709
9433,J. Tarkowski,508021,Jorge Cuenca,-1.6283382698191877,0.0,-1.1788158291747253,-1.4710054155936259,87,9433__508021
15806,J. Vestergaard,568412,J. Gvardiol,1.7534230584729513,0.22185818652565864,1.6501276391963922,1.7172696617261556,1,15806__568412
15806,J. Vestergaard,258154,Rúben Dias,1.0526450428121321,0.22185818652565864,1.6501276391963922,1.261763951546623,2,15806__258154
15806,J. Vestergaard,145787,J. Andersen,1.0496414607263183,0.22185818652565864,1.6501276391963922,1.259811623190844,3,15806__145787
15806,J. Vestergaard,590781,J. van Hecke,0.877757838358082,0.22185818652565864,1.6501276391963922,1.1480872686514905,4,15806__590781
15806,J. Vestergaard,370,V. van Dijk,0.8691214090532817,0.22185818652565864,1.6501276391963922,1.1424735896033704,5,370__15806
15806,J. Vestergaard,257899,J. Gomez,0.8490067920295424,0.22185818652565864,1.6501276391963922,1.12939908853794,6,15806__257899
15806,J. Vestergaard,234399,A. Webster,0.7402984815792717,0.22185818652565864,1.6501276391963922,1.0587386867452637,7,15806__234399
15806,J. Vestergaard,297957,M. Akanji,1.0258122222673065,0.17465311507544018,1.1136210105873445,1.0565452981793197,8,15806__297957
15806,J. Vestergaard,412968,M. Senesi,0.7277327948411858,0.22185818652565864,1.6501276391963922,1.050570990365508,9,15806__412968
15806,J. Vestergaard,415847,C. Romero,0.7137019680285965,0.22185818652565864,1.6501276391963922,1.0414509529373248,10,15806__415847
15806,J. Vestergaard,9097,L. Dunk,0.6188939016404533,0.21930372859208985,1.6210950888419686,0.9696643171609836,11,9097__15806
15806,J. Vestergaard,349142,N. Mazraoui,0.44974743079215085,0.22185818652565864,1.6501276391963922,0.8698805037336352,12,15806__349142
15806,J. Vestergaard,777938,Dean Huijsen,0.42342979380422757,0.22185818652565864,1.6501276391963922,0.8527740396914851,13,15806__777938
15806,J. Vestergaard,549884,T. Harwood-Bellis,0.35983921728866186,0.22185818652565864,1.6501276391963922,0.8114401649563674,14,15806__549884
15806,J. Vestergaard,590703,I. Zabarnyi,0.18066924629152023,0.22185818652565864,1.6501276391963922,0.6949796838082254,15,15806__590703
15806,J. Vestergaard,134102,N. Aké,0.6952726239554391,0.1146431421154942,0.4315809821210445,0.6029805493134011,16,15806__134102
15806,J. Vestergaard,400549,Pau Torres,0.18645655879323017,0.19559710288483678,1.3516587456027072,0.5942773241765471,17,15806__400549
15806,J. Vestergaard,50102,F. Schär,-0.041903079727687295,0.22185818652565864,1.6501276391963922,0.5503076718957405,18,15806__50102
15806,J. Vestergaard,625787,M. van de Ven,0.28650415577125715,0.16273594021819104,0.9781770188978106,0.5285896578655509,19,15806__625787
15806,J. Vestergaard,8582,A. Cresswell,0.09981755966944746,0.1815489972168027,1.1919957776470524,0.4820799359616092,20,8582__15806
15806,J. Vestergaard,488453,L. Martínez,0.2664621270175964,0.14975768429886258,0.8306733690866396,0.4639360617417615,21,15806__488453
15806,J. Vestergaard,619747,L. Colwill,0.1779365764081426,0.16345923243723864,0.9863975566074,0.46089791947788267,22,15806__619747
15806,J. Vestergaard,622200,J. Quansah,0.45280697189489516,0.10823631335886545,0.35876452425550986,0.41989211522111036,23,15806__622200
15806,J. Vestergaard,9380,J. Stones,0.34622412752142084,0.1146431421154942,0.4315809821210445,0.37609902663128914,24,9380__15806
15806,J. Vestergaard,62126,M. Doherty,0.017400468305997757,0.16590282823326705,1.0141701094695008,0.36626984271322377,25,15806__62126
15806,J. Vestergaard,283145,T. Adarabioyo,0.29555249483423784,0.11992855298645116,0.4916520270336904,0.3641873311040462,26,15806__283145
15806,J. Vestergaard,393247,I. Konaté,0.15880378168343845,0.13726655234248858,0.6887060997331275,0.3442695930008296,27,15806__393247
15806,J. Vestergaard,397074,M. Guéhi,-0.037858757315255676,0.16380745223013318,0.9903552294031676,0.32201613803619245,28,15806__397074
15806,J. Vestergaard,415917,Gabriel Magalhaes,0.14812215812103718,0.12163056401361966,0.5109961392230887,0.27512805150675523,29,15806__415917
15806,J. Vestergaard,415953,Igor Julio,0.17957058881258375,0.10721504441016443,0.3471573485064271,0.23822595470542893,30,15806__415953
15806,J. Vestergaard,578325,W. Saliba,0.5158589761921085,0.04865948918909603,-0.3183525755939192,0.22388493306699886,31,15806__578325
15806,J. Vestergaard,627012,Murillo,-0.19864980407676536,0.15158464558986806,0.8514375965885567,0.16888078615609733,32,15806__627012
15806,J. Vestergaard,8135,L. Shaw,0.020399543381853423,0.11226360261869574,0.4045364575848253,0.15484746335289357,33,8135__15806
15806,J. Vestergaard,653730,A. Khusanov,0.0044992569483066625,0.10721504441016443,0.3471573485064271,0.12442958899364881,34,15806__653730
15806,J. Vestergaard,447424,C. Bassey,-0.03791739800223359,0.10721504441016443,0.3471573485064271,0.09685876327579765,35,15806__447424
15806,J. Vestergaard,482177,J. Kiwior,0.03683622994538782,0.0902223130969419,0.1540274006504914,0.07785313969217407,36,15806__482177
15806,J. Vestergaard,623641,E. Agbadou,-0.1522502170346532,0.10721504441016443,0.3471573485064271,0.02254243090472491,37,15806__623641
15806,J. Vestergaard,386292,A. Disasi,0.3349395391673365,0.0,-0.8713893085689202,-0.08727555754035332,38,15806__386292
15806,J. Vestergaard,604320,J. Branthwaite,-0.16883424140866393,0.07977090925624152,0.035242548376321965,-0.09740736498391886,39,15806__604320
15806,J. Vestergaard,270866,Diego Carlos,-0.07007768123449595,0.06151609642120803,-0.17223151720879976,-0.10583152382550229,40,15806__270866
15806,J. Vestergaard,136441,B. Davies,-0.14060707521878246,0.06629552820494573,-0.11791114962574904,-0.13266350126122078,41,15806__136441
15806,J. Vestergaard,255738,J. Lerma,-0.43681226710616106,0.10721504441016443,0.3471573485064271,-0.1624229016417552,42,15806__255738
15806,J. Vestergaard,475597,S. Botman,-0.0076046352595257605,0.008877623221133297,-0.7704911728791038,-0.2746149234263781,43,15806__475597
15806,J. Vestergaard,545267,R. Drăgușin,-0.2452748154952501,0.03862804395489126,-0.4323644115542818,-0.31075617411591117,44,15806__545267
15806,J. Vestergaard,402884,K. Walker-Peters,-0.040506295809526624,0.0,-0.8713893085689202,-0.33131535027531434,45,15806__402884
15806,J. Vestergaard,8136,J. Stephens,-0.07362679771268557,0.0,-0.8713893085689202,-0.3528436765123677,46,8136__15806
15806,J. Vestergaard,767087,A. Gray,-0.1047445084124384,0.0,-0.8713893085689202,-0.373070188467207,47,15806__767087
15806,J. Vestergaard,71703,V. Lindelöf,-0.10684719513115198,0.0,-0.8713893085689202,-0.37443693483437085,48,15806__71703
15806,J. Vestergaard,594120,J. O'Brien,-0.11294035272090067,0.0,-0.8713893085689202,-0.3783974872677075,49,15806__594120
15806,J. Vestergaard,412027,E. Konsa,-0.14910451452251933,0.0,-0.8713893085689202,-0.40190419243875963,50,15806__412027
15806,J. Vestergaard,240032,J. Bednarek,-0.15287668544349325,0.0,-0.8713893085689202,-0.40435610353739265,51,15806__240032
15806,J. Vestergaard,769441,L. Yoro,-0.17529406331915112,0.0,-0.8713893085689202,-0.4189273991565703,52,15806__769441
15806,J. Vestergaard,7953,C. Coady,-0.20663978141352507,0.0,-0.8713893085689202,-0.43930211591791335,53,7953__15806
15806,J. Vestergaard,590874,Toti,-0.2990160940402835,0.01116871080351425,-0.7444519436838354,-0.4549186414155266,54,15806__590874
15806,J. Vestergaard,239411,T. Mings,-0.2316521619077115,0.0,-0.8713893085689202,-0.4555601632391345,55,15806__239411
15806,J. Vestergaard,399581,D. O'Shea,-0.39923674966844536,0.021227293832451782,-0.6301316746184555,-0.4800499734009489,56,15806__399581
15806,J. Vestergaard,413002,K. Mavropanos,-0.29628590064363264,0.0,-0.8713893085689202,-0.49757209341748326,57,15806__413002
15806,J. Vestergaard,8360,C. Dawson,-0.2975217309846544,0.0,-0.8713893085689202,-0.4983753831391474,58,8360__15806
15806,J. Vestergaard,288080,C. Burgess,-0.5738252903313054,0.04487664705616696,-0.3613462586230473,-0.499457629233415,59,15806__288080
15806,J. Vestergaard,557788,W. Fofana,-0.3202289940164959,0.0,-0.8713893085689202,-0.5131351041098444,60,15806__557788
15806,J. Vestergaard,496001,M. Kilman,-0.35376535378100676,0.0,-0.8713893085689202,-0.5349337379567765,61,15806__496001
15806,J. Vestergaard,285382,W. Faes,-0.3680262793024145,0.0,-0.8713893085689202,-0.5442033395456914,62,15806__285382
15806,J. Vestergaard,8653,H. Maguire,-0.41531214539128514,0.0,-0.8713893085689202,-0.5749391525034574,63,8653__15806
15806,J. Vestergaard,286380,I. Diop,-0.42289809749134116,0.0,-0.8713893085689202,-0.5798700213684937,64,15806__286380
15806,J. Vestergaard,366217,K. Danso,-0.423240772714517,0.0,-0.8713893085689202,-0.5800927602635582,65,15806__366217
15806,J. Vestergaard,520300,N. Wood,-0.4352179379656498,0.0,-0.8713893085689202,-0.5878779176767944,66,15806__520300
15806,J. Vestergaard,346131,T. Chalobah,-0.43732675446047553,0.0,-0.8713893085689202,-0.5892486483984312,67,15806__346131
15806,J. Vestergaard,479155,N. Collins,-0.45210613390995535,0.0,-0.8713893085689202,-0.5988552450405931,68,15806__479155
15806,J. Vestergaard,327391,J. Bree,-0.47786609866229396,0.0,-0.8713893085689202,-0.6155992221296132,69,15806__327391
15806,J. Vestergaard,645877,Y. Mosquera,-0.4921195821966672,0.0,-0.8713893085689202,-0.6248639864269557,70,15806__645877
15806,J. Vestergaard,620468,J. Greaves,-0.4921637299897772,0.0,-0.8713893085689202,-0.6248926824924772,71,15806__620468
15806,J. Vestergaard,9433,J. Tarkowski,-0.49708298386006133,0.0,-0.8713893085689202,-0.6280901975081619,72,9433__15806
15806,J. Vestergaard,192792,D. Burn,-0.5089376644456217,0.0,-0.8713893085689202,-0.6357957398887761,73,15806__192792
15806,J. Vestergaard,558243,S. van den Berg,-0.5353094504848102,0.0,-0.8713893085689202,-0.6529374008142487,74,15806__558243
15806,J. Vestergaard,365443,M. de Ligt,-0.5478516775493075,0.0,-0.8713893085689202,-0.661089848406172,75,15806__365443
15806,J. Vestergaard,504375,M. Lacroix,-0.5584901910849576,0.0,-0.8713893085689202,-0.6680048822043445,76,15806__504375
15806,J. Vestergaard,501419,J. Todibo,-0.5634540225026611,0.0,-0.8713893085689202,-0.6712313726258518,77,15806__501419
15806,J. Vestergaard,424806,E. Pinnock,-0.5691289885505457,0.0,-0.8713893085689202,-0.6749201005569767,78,15806__424806
15806,J. Vestergaard,518805,L. Woolfenden,-0.5734580415194904,0.0,-0.8713893085689202,-0.6777339849867908,79,15806__518805
15806,J. Vestergaard,583655,C. Okoli,-0.5979867995763386,0.0,-0.8713893085689202,-0.6936776777237421,80,15806__583655
15806,J. Vestergaard,364003,S. Bueno,-0.6223445994262827,0.0,-0.8713893085689202,-0.7095102476262058,81,15806__364003
15806,J. Vestergaard,424241,N. Milenković,-0.6615818730144224,0.0,-0.8713893085689202,-0.7350144754584966,82,15806__424241
15806,J. Vestergaard,7919,M. Keane,-0.694104558747646,0.0,-0.8713893085689202,-0.756154221185092,83,7919__15806
15806,J. Vestergaard,488709,L. Thomas,-0.7604614179293183,0.0,-0.8713893085689202,-0.7992861796531789,84,15806__488709
15806,J. Vestergaard,534563,C. Richards,-0.771892365107338,0.0,-0.8713893085689202,-0.8067162953188918,85,15806__534563
15806,J. Vestergaard,563725,Morato,-0.787028341935817,0.0,-0.8713893085689202,-0.8165546802574032,86,15806__563725
15806,J. Vestergaard,508021,Jorge Cuenca,-0.9082241237954132,0.0,-0.8713893085689202,-0.8953319384661407,87,15806__508021
50102,F. Schär,568412,J. Gvardiol,1.6077972937974738,0.4849571412618237,1.8319638750729001,1.686255597243873,1,50102__568412
50102,F. Schär,297957,M. Akanji,0.9849852688601328,0.5738334636446625,2.3433314139772556,1.4604064196511257,2,50102__297957
50102,F. Schär,134102,N. Aké,0.7109948303609983,0.6088459058444042,2.5447824407376753,1.3528204939928352,3,50102__134102
50102,F. Schär,578325,W. Saliba,0.6791358849457096,0.6104249479397014,2.5538677724486374,1.3352920455717343,4,50102__578325
50102,F. Schär,258154,Rúben Dias,0.9360686103936694,0.49688293988391385,1.900581321512434,1.273648059285237,5,50102__258154
50102,F. Schär,386292,A. Disasi,0.5414634552793738,0.5688220049790267,2.314496993116229,1.1620251935222732,6,50102__386292
50102,F. Schär,370,V. van Dijk,0.7630791265886713,0.42491878020734375,1.486521263259692,1.0162838744235285,7,370__50102
50102,F. Schär,71703,V. Lindelöf,0.18787983956489573,0.5321970376405682,2.1037679833171437,0.8584406898781825,8,50102__71703
50102,F. Schär,240032,J. Bednarek,0.07723186141035493,0.5163883250543255,2.0128094216695227,0.7546840075010637,9,50102__240032
50102,F. Schär,8136,J. Stephens,0.1919556301829448,0.45810823287017727,1.677483358345806,0.7118903350399463,10,8136__50102
50102,F. Schär,622200,J. Quansah,0.37782468890651827,0.3940778121710379,1.3090716400156177,0.7037611217947031,11,50102__622200
50102,F. Schär,412027,E. Konsa,0.05832510155665954,0.4775638309493759,1.7894249986042372,0.6642100655233117,12,50102__412027
50102,F. Schär,9380,J. Stones,0.42575878621488517,0.33579462480928346,0.9737277679739825,0.6175479298305693,13,9380__50102
50102,F. Schär,590781,J. van Hecke,0.6963392526855041,0.19734216859392575,0.17711411551955356,0.5146104546774214,14,50102__590781
50102,F. Schär,9097,L. Dunk,0.46627847287077445,0.250262267099859,0.4816003926967976,0.47164114480988256,15,9097__50102
50102,F. Schär,283145,T. Adarabioyo,0.27852395853081685,0.30232243263723946,0.7811388750737871,0.4544391793208564,16,50102__283145
50102,F. Schär,767087,A. Gray,0.045597781202873,0.3605302308351761,1.1160489806168998,0.42025570099778237,17,50102__767087
50102,F. Schär,402884,K. Walker-Peters,0.04291736748713798,0.35568242746880235,1.0881561829617905,0.40875095290326635,18,50102__402884
50102,F. Schär,475597,S. Botman,0.12635739447094185,0.2943186818352723,0.7350877082402235,0.3394130042901904,19,50102__475597
50102,F. Schär,625787,M. van de Ven,0.07488478386293784,0.30539705348970797,0.7988293156347529,0.3282653699830731,20,50102__625787
50102,F. Schär,482177,J. Kiwior,0.07762897289600781,0.29903413000885865,0.7622189740566799,0.317235473302243,21,50102__482177
50102,F. Schär,145787,J. Andersen,0.6546648444935771,0.10256492306247314,-0.3682055544684016,0.2966602048568846,22,50102__145787
50102,F. Schär,257899,J. Gomez,0.6107967767389757,0.11494985560052712,-0.2969463900286269,0.29308666837031483,23,50102__257899
50102,F. Schär,488453,L. Martínez,0.20852466827372657,0.2361911589310291,0.4006394825124569,0.27576485325728217,24,50102__488453
50102,F. Schär,7953,C. Coady,0.016599310871624195,0.2718390361661013,0.6057466107118046,0.2228008658156873,25,7953__50102
50102,F. Schär,415953,Igor Julio,0.08328913769413442,0.23653099013325815,0.4025947686996848,0.19504610854607704,26,50102__415953
50102,F. Schär,393247,I. Konaté,0.09636196855200496,0.2214733688159866,0.3159577595579371,0.1732204954040812,27,50102__393247
50102,F. Schär,520300,N. Wood,-0.35509960353653053,0.36658456613604573,1.1508837989296035,0.17199458732661635,28,50102__520300
50102,F. Schär,15806,J. Vestergaard,-0.041903079727687295,0.2579116603365716,0.5256126930338855,0.15672744073886316,29,15806__50102
50102,F. Schär,769441,L. Yoro,-0.08815714754283484,0.25243128097791356,0.49408024401076606,0.11562593950092546,30,50102__769441
50102,F. Schär,594120,J. O'Brien,0.013309832190845194,0.21870045438101163,0.3000032466776955,0.1136525272612428,31,50102__594120
50102,F. Schär,415847,C. Romero,0.42976096141078196,0.06143436531583418,-0.6048583718302898,0.06764419477640687,32,50102__415847
50102,F. Schär,415917,Gabriel Magalhaes,0.08831358498708926,0.17020755021710268,0.020989709756065317,0.06475022865623088,33,50102__415917
50102,F. Schär,400549,Pau Torres,0.07639838666031648,0.1700294570149246,0.019965015213675243,0.056646706653992046,34,50102__400549
50102,F. Schär,270866,Diego Carlos,-0.05567631561182408,0.17810111912111995,0.06640692319826638,-0.012947182028292422,35,50102__270866
50102,F. Schär,234399,A. Webster,0.3981779484785489,0.031056303539827586,-0.7796445721431925,-0.01405993373906056,36,50102__234399
50102,F. Schär,239411,T. Mings,-0.10792944649224777,0.19139278809638438,0.14288317547313298,-0.020145028804364515,37,50102__239411
50102,F. Schär,549884,T. Harwood-Bellis,0.13191834560136395,0.10907807018781124,-0.33073087137272444,-0.030008880339566973,38,50102__549884
50102,F. Schär,653730,A. Khusanov,-0.1535139758054703,0.15648619557877577,-0.057958824158406703,-0.12006967272899804,39,50102__653730
50102,F. Schär,349142,N. Mazraoui,0.14826811037899146,0.055680382248491464,-0.6379650540281632,-0.12691349716351263,40,50102__349142
50102,F. Schär,557788,W. Fofana,-0.29060244671107516,0.19208284537629058,0.14685355682406975,-0.13749284547377444,41,50102__557788
50102,F. Schär,619747,L. Colwill,-0.06768800817803734,0.11910310006842086,-0.27304987467928066,-0.13956466145347252,42,50102__619747
50102,F. Schär,558243,S. van den Berg,-0.38585477152758263,0.20883603322691824,0.24324634412994992,-0.16566938104744627,43,50102__558243
50102,F. Schär,777938,Dean Huijsen,-0.05319882612573146,0.09793584524499807,-0.39483987131965836,-0.17277319194360585,44,50102__777938
50102,F. Schär,413002,K. Mavropanos,-0.2051476037080205,0.12662086972160055,-0.22979489672197198,-0.21377415626290353,45,50102__413002
50102,F. Schär,8360,C. Dawson,-0.2125830794531572,0.12760402580245184,-0.22413811331842232,-0.21662734130599998,46,8360__50102
50102,F. Schär,412968,M. Senesi,0.05444013279948202,0.031056303539827586,-0.7796445721431925,-0.23748951393045406,47,50102__412968
50102,F. Schär,496001,M. Kilman,-0.22675755532016278,0.11216825492554122,-0.31295088091265666,-0.25692521927753564,48,50102__496001
50102,F. Schär,8582,A. Cresswell,-0.2709608206739216,0.12207896557344239,-0.2559276425862585,-0.2656992083432395,49,8582__50102
50102,F. Schär,590703,I. Zabarnyi,-0.2614903737952284,0.093703347607172,-0.41919238549267435,-0.31668607788933445,50,50102__590703
50102,F. Schär,192792,D. Burn,-0.3603120994849204,0.12333002279754024,-0.24872943684863041,-0.32125816756221887,51,50102__192792
50102,F. Schär,447424,C. Bassey,-0.21100082327060943,0.07067162577170807,-0.5517099626826714,-0.3302490220648311,52,50102__447424
50102,F. Schär,285382,W. Faes,-0.2371772071067027,0.07654289598327928,-0.5179284456504887,-0.33544014059702776,53,50102__285382
50102,F. Schär,8135,L. Shaw,-0.3055312833089474,0.0626470440673444,-0.5978809842425117,-0.4078536786356949,54,8135__50102
50102,F. Schär,62126,M. Doherty,-0.25546895281636106,0.043620115708918904,-0.7073561882866909,-0.41362948523097653,55,50102__62126
50102,F. Schär,136441,B. Davies,-0.3008620186796016,0.020827989571290693,-0.838495204133808,-0.48903363358857377,56,50102__136441
50102,F. Schär,8653,H. Maguire,-0.4492272630549382,0.06868088842997035,-0.5631640646049397,-0.48910514359743873,57,8653__50102
50102,F. Schär,604320,J. Branthwaite,-0.4557707610348532,0.06409214297945823,-0.589566321187735,-0.5025992070883618,58,50102__604320
50102,F. Schär,327391,J. Bree,-0.3962400576107684,0.031056303539827586,-0.7796445721431925,-0.5304316376971168,59,50102__327391
50102,F. Schär,620468,J. Greaves,-0.46873442903758433,0.042913602803011854,-0.7114212503438448,-0.5536748164947755,60,50102__620468
50102,F. Schär,365443,M. de Ligt,-0.5628103087935414,0.04393083681874393,-0.705568392786643,-0.6127756381911269,61,50102__365443
50102,F. Schär,397074,M. Guéhi,-0.47773934224601144,0.014118012110725619,-0.8771023895811596,-0.6175164088133133,62,50102__397074
50102,F. Schär,424241,N. Milenković,-0.7092622243292848,0.08434347811232346,-0.4730462500509906,-0.6265866333318818,63,50102__424241
50102,F. Schär,590874,Toti,-0.48845197703511184,0.0,-0.9583331708930297,-0.6529103948853832,64,50102__590874
50102,F. Schär,645877,Y. Mosquera,-0.5089412478597268,0.004379715002347387,-0.9331336124301413,-0.6574085754593719,65,50102__645877
50102,F. Schär,501419,J. Todibo,-0.5701007663800215,0.01896597678456833,-0.8492086638115514,-0.6677885304810569,66,50102__501419
50102,F. Schär,623641,E. Agbadou,-0.5148621577194932,0.0,-0.9583331708930297,-0.670077012330231,67,50102__623641
50102,F. Schär,364003,S. Bueno,-0.6088487580243065,0.030143341610314404,-0.7848974795823359,-0.6704658105696168,68,50102__364003
50102,F. Schär,286380,I. Diop,-0.5199421796514521,0.0,-0.9583331708930297,-0.6733790265860042,69,50102__286380
50102,F. Schär,366217,K. Danso,-0.5466590694245173,0.0,-0.9583331708930297,-0.6907450049384967,70,50102__366217
50102,F. Schär,518805,L. Woolfenden,-0.5471549965846185,0.0,-0.9583331708930297,-0.6910673575925624,71,50102__518805
50102,F. Schär,479155,N. Collins,-0.5486824707487017,0.0,-0.9583331708930297,-0.6920602157992165,72,50102__479155
50102,F. Schär,545267,R. Drăgușin,-0.6025473750438987,0.0,-0.9583331708930297,-0.7270724035910945,73,50102__545267
50102,F. Schär,346131,T. Chalobah,-0.6092379905529417,0.0,-0.9583331708930297,-0.7314213036719726,74,50102__346131
50102,F. Schär,627012,Murillo,-0.7553525040133292,0.04656280649912409,-0.6904248334916336,-0.7326278193307358,75,50102__627012
50102,F. Schär,9433,J. Tarkowski,-0.7315751438713358,0.03631008058979165,-0.7494159244228287,-0.7378194170643584,76,9433__50102
50102,F. Schär,424806,E. Pinnock,-0.6363480397939215,0.0,-0.9583331708930297,-0.7490428356786094,77,50102__424806
50102,F. Schär,583655,C. Okoli,-0.7079215481573995,0.0,-0.9583331708930297,-0.7955656161148701,78,50102__583655
50102,F. Schär,399581,D. O'Shea,-0.8306528853182618,0.03812314920267396,-0.7389840747515446,-0.7985688016199107,79,50102__399581
50102,F. Schär,7919,M. Keane,-0.8874593154476693,0.04050782565410046,-0.7252633660705944,-0.8306907331656931,80,7919__50102
50102,F. Schär,504375,M. Lacroix,-0.9003353450158883,0.006864327515649884,-0.9188379018067255,-0.9068112398926813,81,50102__504375
50102,F. Schär,563725,Morato,-1.078882240767534,0.04050782565410046,-0.7252633660705944,-0.9551156346236052,82,50102__563725
50102,F. Schär,255738,J. Lerma,-1.0511663739460664,0.0,-0.9583331708930297,-1.0186747528775035,83,50102__255738
50102,F. Schär,288080,C. Burgess,-1.1415452537208233,0.0,-0.9583331708930297,-1.0774210247310956,84,50102__288080
50102,F. Schär,534563,C. Richards,-1.185865765081551,0.0,-0.9583331708930297,-1.1062293571155686,85,50102__534563
50102,F. Schär,488709,L. Thomas,-1.2372831508398794,0.0,-0.9583331708930297,-1.139650657858482,86,50102__488709
50102,F. Schär,508021,Jorge Cuenca,-1.317103802557984,0.0,-0.9583331708930297,-1.19153408147525,87,50102__508021
62126,M. Doherty,568412,J. Gvardiol,1.7488117409048785,0.1411629052218435,1.2767271872934804,1.5835821471408893,1,62126__568412
62126,M. Doherty,297957,M. Akanji,1.092274859075844,0.1411629052218435,1.2767271872934804,1.1568331739520168,2,62126__297957
62126,M. Doherty,258154,Rúben Dias,1.0609120678107278,0.1411629052218435,1.2767271872934804,1.1364473596296911,3,62126__258154
62126,M. Doherty,370,V. van Dijk,0.8729300825435888,0.1411629052218435,1.2767271872934804,1.014259069206051,4,370__62126
62126,M. Doherty,134102,N. Aké,0.8143844242861694,0.1411629052218435,1.2767271872934804,0.9762043913387282,5,62126__134102
62126,M. Doherty,578325,W. Saliba,0.7201996546762293,0.1411629052218435,1.2767271872934804,0.9149842910922672,6,62126__578325
62126,M. Doherty,9097,L. Dunk,0.5959237393334202,0.1411629052218435,1.2767271872934804,0.8342049461194413,7,9097__62126
62126,M. Doherty,622200,J. Quansah,0.5412447463595302,0.1411629052218435,1.2767271872934804,0.7986636006864127,8,62126__622200
62126,M. Doherty,9380,J. Stones,0.5330483764305964,0.1411629052218435,1.2767271872934804,0.7933359602326058,9,9380__62126
62126,M. Doherty,386292,A. Disasi,0.57804066934948,0.12951961517085403,1.0823056255294192,0.7545334040124587,10,62126__386292
62126,M. Doherty,590781,J. van Hecke,0.8373536997929085,0.09087313554563832,0.4369803873439388,0.6972230404357691,11,62126__590781
62126,M. Doherty,283145,T. Adarabioyo,0.3243113430930678,0.1411629052218435,1.2767271872934804,0.6576568885632121,12,62126__283145
62126,M. Doherty,625787,M. van de Ven,0.2778479898035756,0.1411629052218435,1.2767271872934804,0.6274557089250423,13,62126__625787
62126,M. Doherty,488453,L. Martínez,0.2540635988856105,0.1411629052218435,1.2767271872934804,0.6119958548283649,14,62126__488453
62126,M. Doherty,415953,Igor Julio,0.22468037397601529,0.1411629052218435,1.2767271872934804,0.5928967586371281,15,62126__415953
62126,M. Doherty,415917,Gabriel Magalhaes,0.1973803117366193,0.1411629052218435,1.2767271872934804,0.5751517181815207,16,62126__415917
62126,M. Doherty,767087,A. Gray,0.19318478109818332,0.1411629052218435,1.2767271872934804,0.5724246232665373,17,62126__767087
62126,M. Doherty,393247,I. Konaté,0.18421094497198776,0.1411629052218435,1.2767271872934804,0.5665916297845102,18,62126__393247
62126,M. Doherty,482177,J. Kiwior,0.17867538338624211,0.1340895744457654,1.1586155530100046,0.521654442754559,19,62126__482177
62126,M. Doherty,653730,A. Khusanov,0.047631002416050755,0.1411629052218435,1.2767271872934804,0.47781466712315107,20,62126__653730
62126,M. Doherty,270866,Diego Carlos,0.05818745694239219,0.1359507798577193,1.1896942654161298,0.45421483990820033,21,62126__270866
62126,M. Doherty,8136,J. Stephens,0.22259516504933957,0.11641688114518899,0.8635140295550136,0.4469167676263255,22,8136__62126
62126,M. Doherty,475597,S. Botman,0.22198942393799415,0.11629191936044421,0.8614273972333496,0.44579271459136854,23,62126__475597
62126,M. Doherty,240032,J. Bednarek,0.19356845067150896,0.1181138740730007,0.8918506950407009,0.4379672362007262,24,62126__240032
62126,M. Doherty,71703,V. Lindelöf,0.2025490349117975,0.11629191936044421,0.8614273972333496,0.43315646172434075,25,62126__71703
62126,M. Doherty,619747,L. Colwill,0.13138394404718362,0.12084442441333096,0.937445871259581,0.4135056185715227,26,62126__619747
62126,M. Doherty,557788,W. Fofana,-0.0824342601401081,0.1411629052218435,1.2767271872934804,0.3932722464616478,27,62126__557788
62126,M. Doherty,402884,K. Walker-Peters,0.1362972617774423,0.11629191936044421,0.8614273972333496,0.39009280918700984,28,62126__402884
62126,M. Doherty,412027,E. Konsa,0.13243563999123809,0.11629191936044421,0.8614273972333496,0.3875827550259771,29,62126__412027
62126,M. Doherty,15806,J. Vestergaard,0.017400468305997757,0.12873297053943117,1.069170104802479,0.38551984107976617,30,15806__62126
62126,M. Doherty,594120,J. O'Brien,0.11554093715771943,0.11629191936044421,0.8614273972333496,0.37660119818418997,31,62126__594120
62126,M. Doherty,415847,C. Romero,0.5908863923746122,0.05524904763740588,-0.15787645957882346,0.3288193941909097,32,62126__415847
62126,M. Doherty,7953,C. Coady,0.04100285643126779,0.11629191936044421,0.8614273972333496,0.3281514457119964,33,7953__62126
62126,M. Doherty,145787,J. Andersen,0.8585880900766889,0.024870985861399287,-0.6651343040533259,0.3252852521311838,34,62126__145787
62126,M. Doherty,769441,L. Yoro,0.033860347721555994,0.11629191936044421,0.8614273972333496,0.32350881505068374,35,62126__769441
62126,M. Doherty,349142,N. Mazraoui,0.3652676595118091,0.0745296326764203,0.1640739031274133,0.29484984477727055,36,62126__349142
62126,M. Doherty,400549,Pau Torres,0.13390358917804973,0.09641275868591119,0.5294819206562226,0.2723560051954102,37,62126__400549
62126,M. Doherty,257899,J. Gomez,0.7518112238463799,0.024870985861399287,-0.6651343040533259,0.2558802890814829,38,62126__257899
62126,M. Doherty,239411,T. Mings,-0.03995242376819211,0.11140935969494774,0.7798976172987369,0.246995090605233,39,62126__239411
62126,M. Doherty,520300,N. Wood,-0.1526464031383235,0.11629191936044421,0.8614273972333496,0.20227942699176205,40,62126__520300
62126,M. Doherty,447424,C. Bassey,-0.05167817371782646,0.09554261163310736,0.5149520628385743,0.1466424090769138,41,62126__447424
62126,M. Doherty,234399,A. Webster,0.5818366376701766,0.024870985861399287,-0.6651343040533259,0.14539680806695077,42,62126__234399
62126,M. Doherty,192792,D. Burn,-0.2540110826935962,0.11629191936044421,0.8614273972333496,0.13639238528083483,43,62126__192792
62126,M. Doherty,558243,S. van den Berg,-0.2643285802580172,0.11629191936044421,0.8614273972333496,0.12968601186396117,44,62126__558243
62126,M. Doherty,549884,T. Harwood-Bellis,0.2740069759735315,0.04388991147293141,-0.34755317326681373,0.056460923739410696,45,62126__549884
62126,M. Doherty,412968,M. Senesi,0.4768855256238736,0.0,-1.0804340941134567,-0.06817634128419198,46,62126__412968
62126,M. Doherty,496001,M. Kilman,-0.16288548496027816,0.059281781483608686,-0.09053721018076269,-0.13756358878744773,47,62126__496001
62126,M. Doherty,777938,Dean Huijsen,0.22339163510592683,0.005519461319956779,-0.9882692261746793,-0.20068966634228527,48,62126__777938
62126,M. Doherty,136441,B. Davies,-0.13980466005757927,0.045698975432689984,-0.31734512735822207,-0.20194382361280425,49,62126__136441
62126,M. Doherty,365443,M. de Ligt,-0.3437557981995858,0.055302902017900585,-0.1569771903243633,-0.2783832854432579,50,62126__365443
62126,M. Doherty,285382,W. Faes,-0.21351462369954327,0.040470701308082946,-0.4046477038795677,-0.28041120176255185,51,62126__285382
62126,M. Doherty,8135,L. Shaw,-0.11248490740812178,0.024870985861399287,-0.6651343040533259,-0.30591219623394317,52,8135__62126
62126,M. Doherty,620468,J. Greaves,-0.2997897650664253,0.042913602803011854,-0.3638557351319133,-0.3222128545893461,53,62126__620468
62126,M. Doherty,8582,A. Cresswell,-0.06358981240226172,0.0066013956867778945,-0.9702029091455252,-0.38090439626240397,54,8582__62126
62126,M. Doherty,590703,I. Zabarnyi,-0.04630067336930477,0.0,-1.0804340941134567,-0.4082473706297579,55,62126__590703
62126,M. Doherty,623641,E. Agbadou,-0.3013100351858657,0.024870985861399287,-0.6651343040533259,-0.4286485292894767,56,62126__623641
62126,M. Doherty,50102,F. Schär,-0.25546895281636106,0.018995523962265146,-0.7632437278942118,-0.4331901240936088,57,50102__62126
62126,M. Doherty,364003,S. Bueno,-0.43990409405314734,0.030143341610314404,-0.5770956453588537,-0.48792113701014456,58,62126__364003
62126,M. Doherty,413002,K. Mavropanos,-0.18017155417270628,0.0,-1.0804340941134567,-0.4952634431519689,59,62126__413002
62126,M. Doherty,366217,K. Danso,-0.32592047438116584,0.013537091208536519,-0.8543895308516705,-0.5108846441458424,60,62126__366217
62126,M. Doherty,8360,C. Dawson,-0.20564125870765348,0.0,-1.0804340941134567,-0.5118187510996846,61,8360__62126
62126,M. Doherty,501419,J. Todibo,-0.3897079282851922,0.01896597678456833,-0.7637371115004243,-0.5206181424105234,62,62126__501419
62126,M. Doherty,590874,Toti,-0.3199062309757557,0.007636314177600442,-0.9529216709041808,-0.5414616349507044,63,62126__590874
62126,M. Doherty,397074,M. Guéhi,-0.2788182187282843,0.0,-1.0804340941134567,-0.5593837751130946,64,62126__397074
62126,M. Doherty,645877,Y. Mosquera,-0.3399965838885677,0.004379715002347387,-1.0073008966143953,-0.5735530933426073,65,62126__645877
62126,M. Doherty,604320,J. Branthwaite,-0.3304424806666847,0.0,-1.0804340941134567,-0.5929395453730548,66,62126__604320
62126,M. Doherty,327391,J. Bree,-0.33279803414477005,0.0,-1.0804340941134567,-0.5944706551338104,67,62126__327391
62126,M. Doherty,8653,H. Maguire,-0.3362622581288369,0.0,-1.0804340941134567,-0.5967224007234538,68,8653__62126
62126,M. Doherty,545267,R. Drăgușin,-0.3638612957377604,0.0,-1.0804340941134567,-0.614661775169254,69,62126__545267
62126,M. Doherty,286380,I. Diop,-0.38798392438753604,0.0,-1.0804340941134567,-0.6303414837916083,70,62126__286380
62126,M. Doherty,479155,N. Collins,-0.42110661001225236,0.0,-1.0804340941134567,-0.6518712294476738,71,62126__479155
62126,M. Doherty,627012,Murillo,-0.4278126504471325,0.0,-1.0804340941134567,-0.656230155730346,72,62126__627012
62126,M. Doherty,518805,L. Woolfenden,-0.4314707611518893,0.0,-1.0804340941134567,-0.6586079276884379,73,62126__518805
62126,M. Doherty,346131,T. Chalobah,-0.4339538767142843,0.0,-1.0804340941134567,-0.6602219528039946,74,62126__346131
62126,M. Doherty,399581,D. O'Shea,-0.46979492812728657,0.0,-1.0804340941134567,-0.6835186362224461,75,62126__399581
62126,M. Doherty,9433,J. Tarkowski,-0.4703957380544871,0.0,-1.0804340941134567,-0.6839091626751265,76,9433__62126
62126,M. Doherty,424806,E. Pinnock,-0.47309359254695377,0.0,-1.0804340941134567,-0.6856627680952299,77,62126__424806
62126,M. Doherty,583655,C. Okoli,-0.529452244882603,0.0,-1.0804340941134567,-0.7222958921134017,78,62126__583655
62126,M. Doherty,424241,N. Milenković,-0.5383463901173283,0.0,-1.0804340941134567,-0.7280770865159732,79,62126__424241
62126,M. Doherty,504375,M. Lacroix,-0.5499463478331944,0.0,-1.0804340941134567,-0.7356170590312863,80,62126__504375
62126,M. Doherty,255738,J. Lerma,-0.5601838978670939,0.0,-1.0804340941134567,-0.7422714665533209,81,62126__255738
62126,M. Doherty,7919,M. Keane,-0.6038335083444275,0.0,-1.0804340941134567,-0.7706437133635877,82,7919__62126
62126,M. Doherty,288080,C. Burgess,-0.6641310202645171,0.0,-1.0804340941134567,-0.8098370961116459,83,62126__288080
62126,M. Doherty,563725,Morato,-0.6967572915325984,0.0,-1.0804340941134567,-0.8310441724358988,84,62126__563725
62126,M. Doherty,534563,C. Richards,-0.7084515316252451,0.0,-1.0804340941134567,-0.8386454284961191,85,62126__534563
62126,M. Doherty,488709,L. Thomas,-0.7598689173835733,0.0,-1.0804340941134567,-0.8720667292390325,86,62126__488709
62126,M. Doherty,508021,Jorge Cuenca,-0.8396895691016777,0.0,-1.0804340941134567,-0.9239501528558004,87,62126__508021
71703,V. Lindelöf,568412,J. Gvardiol,1.766131347646285,0.5012665979067094,2.2077688627649183,1.9207044779378069,1,71703__568412
71703,V. Lindelöf,145787,J. Andersen,1.2638135222382993,0.5012665979067094,2.2077688627649183,1.594197891422616,2,71703__145787
71703,V. Lindelöf,590781,J. van Hecke,1.092604610476663,0.5012665979067094,2.2077688627649183,1.4829120987775524,3,71703__590781
71703,V. Lindelöf,257899,J. Gomez,1.0638535641481233,0.5012665979067094,2.2077688627649183,1.4642239186640016,4,71703__257899
71703,V. Lindelöf,234399,A. Webster,0.954470543091253,0.5012665979067094,2.2077688627649183,1.393124954977036,5,71703__234399
71703,V. Lindelöf,415847,C. Romero,0.927874029540578,0.5012665979067094,2.2077688627649183,1.375837221169097,6,71703__415847
71703,V. Lindelöf,412968,M. Senesi,0.9279616926065284,0.44527186127355833,1.870009151097008,1.2576783030781962,7,71703__412968
71703,V. Lindelöf,258154,Rúben Dias,1.0689550876108824,0.36288196844152615,1.3730341116462106,1.1753827460232473,8,71703__258154
71703,V. Lindelöf,349142,N. Mazraoui,0.6795303500847341,0.4574015829688286,1.9431755154509915,1.1218061579629242,9,71703__349142
71703,V. Lindelöf,777938,Dean Huijsen,0.6322178360036529,0.4507913225935151,1.9033024885798575,1.0770974644053244,10,71703__777938
71703,V. Lindelöf,370,V. van Dijk,0.9369510544330337,0.34360790197600555,1.2567731284985872,1.0488887803559774,11,370__71703
71703,V. Lindelöf,549884,T. Harwood-Bellis,0.575980036660872,0.4358341841076151,1.8130811733967507,1.0089654345184296,12,71703__549884
71703,V. Lindelöf,297957,M. Akanji,1.0266290000030092,0.28089617753221874,0.8784966110983675,0.9747826638863846,13,71703__297957
71703,V. Lindelöf,9097,L. Dunk,0.7745423111268321,0.3255467910488684,1.1478286814674648,0.9051925407460535,14,9097__71703
71703,V. Lindelöf,590703,I. Zabarnyi,0.35102346741047646,0.33914473233215275,1.2298513322249676,0.6586132200955483,15,71703__590703
71703,V. Lindelöf,619747,L. Colwill,0.40771949570072585,0.2984017987354693,0.984090349469074,0.6094492945196477,16,71703__619747
71703,V. Lindelöf,622200,J. Quansah,0.5742317631103364,0.2407948544769428,0.636605816944104,0.5960626819521551,17,71703__622200
71703,V. Lindelöf,134102,N. Aké,0.6960894016911419,0.19480738027898092,0.3592098158306153,0.5781815466399576,18,71703__134102
71703,V. Lindelöf,625787,M. van de Ven,0.40845357876288046,0.2706821719055724,0.816885827605763,0.5514048658578894,19,71703__625787
71703,V. Lindelöf,8582,A. Cresswell,0.3257327623822364,0.29169764187892755,0.9436509399281892,0.5420041245233198,20,8582__71703
71703,V. Lindelöf,50102,F. Schär,0.18787983956489573,0.32560679825051536,1.1481906443294219,0.5239886212324798,21,50102__71703
71703,V. Lindelöf,8135,L. Shaw,0.2501824626744366,0.27802313401433093,0.861166440290195,0.46402685483995204,22,8135__71703
71703,V. Lindelöf,488453,L. Martínez,0.43835358175854167,0.2057524209320136,0.4252301955563274,0.43376039658776666,23,71703__488453
71703,V. Lindelöf,400549,Pau Torres,0.3961924542224015,0.21824894774296513,0.5006091248326625,0.43273828893599287,24,71703__400549
71703,V. Lindelöf,415953,Igor Julio,0.35142634963220826,0.22110593373767848,0.5178424368158165,0.4096719801464711,25,71703__415953
71703,V. Lindelöf,9380,J. Stones,0.3554002262642906,0.21830502376659788,0.5009473748667286,0.40634172827514387,26,9380__71703
71703,V. Lindelöf,283145,T. Adarabioyo,0.43370923025363134,0.17592328961960219,0.24530116298687188,0.3677664067102655,27,71703__283145
71703,V. Lindelöf,393247,I. Konaté,0.3368458879222125,0.1932612889756396,0.3498838079908059,0.3414091599462202,28,71703__393247
71703,V. Lindelöf,653730,A. Khusanov,0.23428217624088987,0.19861610497376142,0.38218400647927514,0.28604781682432473,29,71703__653730
71703,V. Lindelöf,415917,Gabriel Magalhaes,0.36229421963301833,0.15689663995810246,0.13053259561638447,0.28117765122719646,30,71703__415917
71703,V. Lindelöf,397074,M. Guéhi,0.1509853895021702,0.21508581043499286,0.48152911107875906,0.2666756920539763,31,71703__397074
71703,V. Lindelöf,578325,W. Saliba,0.4789692380040546,0.10465422582224704,-0.18459314291446438,0.24672240468257295,32,71703__578325
71703,V. Lindelöf,62126,M. Doherty,0.2025490349117975,0.1781166395603105,0.25853142868869994,0.22214287273371336,33,62126__71703
71703,V. Lindelöf,447424,C. Bassey,0.19186552129034962,0.1577449667395495,0.13564969458550577,0.17218998194365426,34,71703__447424
71703,V. Lindelöf,623641,E. Agbadou,0.07753270225792978,0.14976811791596611,0.08753341936622154,0.0810329532458319,35,71703__623641
71703,V. Lindelöf,627012,Murillo,-0.022100261906321417,0.17725583023561073,0.2533390351389906,0.07430349205953778,36,71703__627012
71703,V. Lindelöf,270866,Diego Carlos,0.15970523805808723,0.10685630639419172,-0.17131021412916853,0.043849829792547715,37,71703__270866
71703,V. Lindelöf,482177,J. Kiwior,0.10195337923800149,0.10801996818226309,-0.16429101743943433,0.008767840400898952,38,71703__482177
71703,V. Lindelöf,136441,B. Davies,0.08917584407380066,0.09124409985366652,-0.26548289350392484,-0.03495471407840326,39,71703__136441
71703,V. Lindelöf,386292,A. Disasi,0.3357563169030392,0.013227695810409812,-0.7360770907345429,-0.0393853757701145,40,71703__386292
71703,V. Lindelöf,255738,J. Lerma,-0.2602627249357169,0.1934609968303504,0.35108844384554444,-0.04628981586227546,41,71703__255738
71703,V. Lindelöf,604320,J. Branthwaite,-0.007895557018821837,0.07977090925624152,-0.33468906860365727,-0.12227328607351423,42,71703__604320
71703,V. Lindelöf,475597,S. Botman,0.16245395247141892,0.008877623221133297,-0.7623166866650405,-0.16121577122634184,43,71703__475597
71703,V. Lindelöf,767087,A. Gray,-0.08279706386534244,0.055994736633151014,-0.4781067127003538,-0.22115544095759643,44,71703__767087
71703,V. Lindelöf,545267,R. Drăgușin,-0.029014929521075997,0.03862804395489126,-0.5828624355473735,-0.2228615566302801,45,71703__545267
71703,V. Lindelöf,594120,J. O'Brien,0.014025312182747302,0.0,-0.8158664243682642,-0.2764367956101067,46,71703__594120
71703,V. Lindelöf,590874,Toti,-0.0729705815189881,0.018805024981114693,-0.7024346949337378,-0.29328302121415045,47,71703__590874
71703,V. Lindelöf,239411,T. Mings,-0.029679570378299366,0.0,-0.8158664243682642,-0.30484496927478705,48,71703__239411
71703,V. Lindelöf,769441,L. Yoro,-0.038685950900261806,0.0,-0.8158664243682642,-0.31069911661406263,49,71703__769441
71703,V. Lindelöf,557788,W. Fofana,-0.12787177164206592,0.027311400730184086,-0.6511243184037481,-0.3110101630086547,50,71703__557788
71703,V. Lindelöf,15806,J. Vestergaard,-0.10684719513115198,0.01244105117898695,-0.7408221235692396,-0.3287384200844827,51,15806__71703
71703,V. Lindelöf,8136,J. Stephens,-0.0789387987926578,0.00012496178474477398,-0.8151126560871234,-0.3365996488457207,52,8136__71703
71703,V. Lindelöf,413002,K. Mavropanos,-0.10015576924282049,0.0,-0.8158664243682642,-0.3506544985367258,53,71703__413002
71703,V. Lindelöf,402884,K. Walker-Peters,-0.1086646585413133,0.0,-0.8158664243682642,-0.3561852765807461,54,71703__402884
71703,V. Lindelöf,8360,C. Dawson,-0.13411775361315365,0.0,-0.8158664243682642,-0.3727297883774423,55,8360__71703
71703,V. Lindelöf,366217,K. Danso,-0.19345785342193383,0.013537091208536519,-0.734210820675139,-0.38272139196055566,56,71703__366217
71703,V. Lindelöf,399581,D. O'Shea,-0.22268720749800128,0.021227293832451782,-0.6878235925694237,-0.3854849422729991,57,71703__399581
71703,V. Lindelöf,496001,M. Kilman,-0.16171749936950247,0.0,-0.8158664243682642,-0.39066962311906905,58,71703__496001
71703,V. Lindelöf,7953,C. Coady,-0.1775321568250165,0.0,-0.8158664243682642,-0.4009491504651532,59,7953__71703
71703,V. Lindelöf,285382,W. Faes,-0.20469304974588798,0.0,-0.8158664243682642,-0.41860373086371966,60,71703__285382
71703,V. Lindelöf,8653,H. Maguire,-0.22840717618058126,0.0,-0.8158664243682642,-0.4340179130462703,61,8653__71703
71703,V. Lindelöf,286380,I. Diop,-0.23191549028513503,0.0,-0.8158664243682642,-0.43629831721423024,62,71703__286380
71703,V. Lindelöf,288080,C. Burgess,-0.39727574816086164,0.04487664705616696,-0.5451709218674149,-0.44903905895815527,63,71703__288080
71703,V. Lindelöf,346131,T. Chalobah,-0.25460497383076736,0.0,-0.8158664243682642,-0.45104648151889126,64,71703__346131
71703,V. Lindelöf,479155,N. Collins,-0.26882414379807906,0.0,-0.8158664243682642,-0.46028894199764386,65,71703__479155
71703,V. Lindelöf,240032,J. Bednarek,-0.30863663972090066,0.0018219547125564817,-0.8048764111029686,-0.48232055970462445,66,71703__240032
71703,V. Lindelöf,9433,J. Tarkowski,-0.32053344168961734,0.0,-0.8158664243682642,-0.49389998562714377,67,9433__71703
71703,V. Lindelöf,645877,Y. Mosquera,-0.3210485643225247,0.0,-0.8158664243682642,-0.49423481533853353,68,71703__645877
71703,V. Lindelöf,620468,J. Greaves,-0.3339993679680342,0.0,-0.8158664243682642,-0.5026528377081148,69,71703__620468
71703,V. Lindelöf,412027,E. Konsa,-0.3495493335380979,0.0,-0.8158664243682642,-0.5127603153286562,70,71703__412027
71703,V. Lindelöf,327391,J. Bree,-0.36962618457469,0.0,-0.8158664243682642,-0.525810268502441,71,71703__327391
71703,V. Lindelöf,365443,M. de Ligt,-0.40754874223563053,0.011372065199156654,-0.747270236696193,-0.5264512652968274,72,71703__365443
71703,V. Lindelöf,504375,M. Lacroix,-0.3874736987155214,0.0,-0.8158664243682642,-0.5374111526939813,73,71703__504375
71703,V. Lindelöf,192792,D. Burn,-0.4432840959277398,0.0,-0.8158664243682642,-0.5736879108819233,74,71703__192792
71703,V. Lindelöf,583655,C. Okoli,-0.4590074306895322,0.0,-0.8158664243682642,-0.5839080784770885,75,71703__583655
71703,V. Lindelöf,424806,E. Pinnock,-0.46886928219531016,0.0,-0.8158664243682642,-0.5903182819558441,76,71703__424806
71703,V. Lindelöf,501419,J. Todibo,-0.49455785147061515,0.0,-0.8158664243682642,-0.6070158519847924,77,71703__501419
71703,V. Lindelöf,518805,L. Woolfenden,-0.5101298853234854,0.0,-0.8158664243682642,-0.617137673989158,78,71703__518805
71703,V. Lindelöf,520300,N. Wood,-0.5698155224672485,0.0,-0.8158664243682642,-0.655933338132604,79,71703__520300
71703,V. Lindelöf,558243,S. van den Berg,-0.5830015034295851,0.0,-0.8158664243682642,-0.6645042257581228,80,71703__558243
71703,V. Lindelöf,364003,S. Bueno,-0.6195793415070167,0.0,-0.8158664243682642,-0.6882798205084533,81,71703__364003
71703,V. Lindelöf,534563,C. Richards,-0.6228134612227342,0.0,-0.8158664243682642,-0.6903819983236696,82,71703__534563
71703,V. Lindelöf,7919,M. Keane,-0.6339757319819569,0.0,-0.8158664243682642,-0.6976374743171645,83,7919__71703
71703,V. Lindelöf,424241,N. Milenković,-0.6581419044885564,0.0,-0.8158664243682642,-0.7133454864464541,84,71703__424241
71703,V. Lindelöf,563725,Morato,-0.7075160366482496,0.0,-0.8158664243682642,-0.7454386723502546,85,71703__563725
71703,V. Lindelöf,488709,L. Thomas,-0.718610059537766,0.0,-0.8158664243682642,-0.7526497872284403,86,71703__488709
71703,V. Lindelöf,508021,Jorge Cuenca,-0.7809765089852455,0.0,-0.8158664243682642,-0.793187979369302,87,71703__508021
134102,N. Aké,568412,J. Gvardiol,2.1340447267651457,0.007674761281588103,1.0331970289768007,1.748748032539225,1,134102__568412
134102,N. Aké,145787,J. Andersen,1.7053371982517063,0.007674761281588103,1.0331970289768007,1.4700881390054894,2,134102__145787
134102,N. Aké,257899,J. Gomez,1.5154675199002523,0.007674761281588103,1.0331970289768007,1.3466728480770442,3,134102__257899
134102,N. Aké,258154,Rúben Dias,1.509761614897125,0.007674761281588103,1.0331970289768007,1.3429640098250113,4,134102__258154
134102,N. Aké,590781,J. van Hecke,1.4636704969633538,0.007674761281588103,1.0331970289768007,1.3130047831680602,5,134102__590781
134102,N. Aké,412968,M. Senesi,1.4265036715760413,0.007674761281588103,1.0331970289768007,1.2888463466663072,6,134102__412968
134102,N. Aké,415847,C. Romero,1.3797592300904733,0.007674761281588103,1.0331970289768007,1.258462459700688,7,134102__415847
134102,N. Aké,234399,A. Webster,1.3639002570811418,0.007674761281588103,1.0331970289768007,1.2481541272446224,8,134102__234399
134102,N. Aké,297957,M. Akanji,1.3580406667517044,0.007674761281588103,1.0331970289768007,1.2443453935304882,9,134102__297957
134102,N. Aké,370,V. van Dijk,1.3048644335518942,0.007674761281588103,1.0331970289768007,1.2097808419506113,10,370__134102
134102,N. Aké,9097,L. Dunk,1.182903357116306,0.007674761281588103,1.0331970289768007,1.1305061422674791,11,9097__134102
134102,N. Aké,349142,N. Mazraoui,1.1685159087077077,0.007674761281588103,1.0331970289768007,1.1211543008018903,12,134102__349142
134102,N. Aké,777938,Dean Huijsen,1.1453525660550394,0.007674761281588103,1.0331970289768007,1.1060981280776558,13,134102__777938
134102,N. Aké,622200,J. Quansah,1.1307326280156271,0.007674761281588103,1.0331970289768007,1.0965951683520379,14,134102__622200
134102,N. Aké,549884,T. Harwood-Bellis,1.0651700091543108,0.007674761281588103,1.0331970289768007,1.0539794660921822,15,134102__549884
134102,N. Aké,625787,M. van de Ven,0.9613527758410519,0.007674761281588103,1.0331970289768007,0.986498264438564,16,134102__625787
134102,N. Aké,415953,Igor Julio,0.9546798150267379,0.007674761281588103,1.0331970289768007,0.9821608399092598,17,134102__415953
134102,N. Aké,619747,L. Colwill,0.9470965066974608,0.007674761281588103,1.0331970289768007,0.9772316894952298,18,134102__619747
134102,N. Aké,283145,T. Adarabioyo,0.939689847527086,0.007674761281588103,1.0331970289768007,0.9724173610344861,19,134102__283145
134102,N. Aké,488453,L. Martínez,0.9333343629666715,0.007674761281588103,1.0331970289768007,0.9682862960702167,20,134102__488453
134102,N. Aké,400549,Pau Torres,0.9302215722881002,0.007674761281588103,1.0331970289768007,0.9662629821291454,21,134102__400549
134102,N. Aké,590703,I. Zabarnyi,0.9035847733543182,0.007674761281588103,1.0331970289768007,0.948949062822187,22,134102__590703
134102,N. Aké,8582,A. Cresswell,0.9016402628609643,0.007674761281588103,1.0331970289768007,0.9476851310015071,23,8582__134102
134102,N. Aké,475597,S. Botman,0.885110321849303,0.007674761281588103,1.0331970289768007,0.9369406693439272,24,134102__475597
134102,N. Aké,393247,I. Konaté,0.8627756795984902,0.007674761281588103,1.0331970289768007,0.9224231518808989,25,134102__393247
134102,N. Aké,653730,A. Khusanov,0.8570454943259601,0.007674761281588103,1.0331970289768007,0.9186985314537544,26,134102__653730
134102,N. Aké,8135,L. Shaw,0.8497698287400246,0.007674761281588103,1.0331970289768007,0.9139693488228963,27,8135__134102
134102,N. Aké,447424,C. Bassey,0.8251508530646379,0.007674761281588103,1.0331970289768007,0.8979670146338948,28,134102__447424
134102,N. Aké,62126,M. Doherty,0.8143844242861694,0.007674761281588103,1.0331970289768007,0.8909688359278903,29,62126__134102
134102,N. Aké,270866,Diego Carlos,0.8022133394595934,0.007674761281588103,1.0331970289768007,0.8830576307906159,30,134102__270866
134102,N. Aké,397074,M. Guéhi,0.7840933376287428,0.007674761281588103,1.0331970289768007,0.871279629600563,31,134102__397074
134102,N. Aké,136441,B. Davies,0.7363641702060233,0.007674761281588103,1.0331970289768007,0.8402556707757953,32,134102__136441
134102,N. Aké,415917,Gabriel Magalhaes,0.8259878748600471,0.00698742189812545,0.8546581628093124,0.8360224756422899,33,134102__415917
134102,N. Aké,50102,F. Schär,0.7109948303609983,0.007674761281588103,1.0331970289768007,0.8237655998765292,34,50102__134102
134102,N. Aké,623641,E. Agbadou,0.709626886062481,0.007674761281588103,1.0331970289768007,0.822876436082493,35,134102__623641
134102,N. Aké,604320,J. Branthwaite,0.6856964488032953,0.007674761281588103,1.0331970289768007,0.8073216518640222,36,134102__604320
134102,N. Aké,627012,Murillo,0.6328099080975385,0.007674761281588103,1.0331970289768007,0.7729454004052803,37,134102__627012
134102,N. Aké,590874,Toti,0.6096171542194735,0.007674761281588103,1.0331970289768007,0.757870110384538,38,134102__590874
134102,N. Aké,545267,R. Drăgușin,0.6011546077742008,0.007674761281588103,1.0331970289768007,0.7523694551951108,39,134102__545267
134102,N. Aké,255738,J. Lerma,0.5027276584899327,0.007674761281588103,1.0331970289768007,0.6883919381603365,40,134102__255738
134102,N. Aké,399581,D. O'Shea,0.4968481287095078,0.007674761281588103,1.0331970289768007,0.6845702438030603,41,134102__399581
134102,N. Aké,288080,C. Burgess,0.34078944741094735,0.007674761281588103,1.0331970289768007,0.583132100958996,42,134102__288080
134102,N. Aké,578325,W. Saliba,1.0088550549827455,0.0,-0.9603496966857364,0.3196333918987768,43,134102__578325
134102,N. Aké,386292,A. Disasi,0.9625233384074603,0.0,-0.9603496966857364,0.2895177761248414,44,134102__386292
134102,N. Aké,9380,J. Stones,0.9566322792420447,0.0,-0.9603496966857364,0.2856885876673213,45,9380__134102
134102,N. Aké,482177,J. Kiwior,0.763344324447565,0.0,-0.9603496966857364,0.16005141705090947,46,134102__482177
134102,N. Aké,8136,J. Stephens,0.7543228408499854,0.0,-0.9603496966857364,0.15418745271248274,47,8136__134102
134102,N. Aké,594120,J. O'Brien,0.7436548357471982,0.0,-0.9603496966857364,0.14725324939567108,48,134102__594120
134102,N. Aké,767087,A. Gray,0.7042408629986475,0.0,-0.9603496966857364,0.12163416710911318,49,134102__767087
134102,N. Aké,402884,K. Walker-Peters,0.7032244354564828,0.0,-0.9603496966857364,0.12097348920670609,50,134102__402884
134102,N. Aké,239411,T. Mings,0.6979669075985074,0.0,-0.9603496966857364,0.11755609609902212,51,134102__239411
134102,N. Aké,71703,V. Lindelöf,0.6960894016911419,0.0,-0.9603496966857364,0.11633571725923447,52,71703__134102
134102,N. Aké,15806,J. Vestergaard,0.6952726239554391,0.0,-0.9603496966857364,0.11580481173102769,53,15806__134102
134102,N. Aké,769441,L. Yoro,0.6944172978916558,0.0,-0.9603496966857364,0.11524884978956856,54,134102__769441
134102,N. Aké,7953,C. Coady,0.6801334537055441,0.0,-0.9603496966857364,0.10596435106859592,55,7953__134102
134102,N. Aké,413002,K. Mavropanos,0.6573265766787526,0.0,-0.9603496966857364,0.09113988100118148,56,134102__413002
134102,N. Aké,240032,J. Bednarek,0.6503705539349782,0.0,-0.9603496966857364,0.08661846621772812,57,134102__240032
134102,N. Aké,8360,C. Dawson,0.6458078598153314,0.0,-0.9603496966857364,0.08365271503995769,58,8360__134102
134102,N. Aké,412027,E. Konsa,0.6443155074463698,0.0,-0.9603496966857364,0.08268268600013262,59,134102__412027
134102,N. Aké,496001,M. Kilman,0.6407642959912283,0.0,-0.9603496966857364,0.08037439855429068,60,134102__496001
134102,N. Aké,285382,W. Faes,0.6285890926932023,0.0,-0.9603496966857364,0.07246051641057377,61,134102__285382
134102,N. Aké,557788,W. Fofana,0.6011460951155887,0.0,-0.9603496966857364,0.05462256798512494,62,134102__557788
134102,N. Aké,8653,H. Maguire,0.5697844657870255,0.0,-0.9603496966857364,0.0342375089215588,63,8653__134102
134102,N. Aké,286380,I. Diop,0.5547209022861695,0.0,-0.9603496966857364,0.02444619264600245,64,134102__286380
134102,N. Aké,327391,J. Bree,0.5547113503234802,0.0,-0.9603496966857364,0.024439983870254367,65,134102__327391
134102,N. Aké,479155,N. Collins,0.5429362842797862,0.0,-0.9603496966857364,0.016786190941853296,66,134102__479155
134102,N. Aké,620468,J. Greaves,0.5404137189959969,0.0,-0.9603496966857364,0.015146523507390264,67,134102__620468
134102,N. Aké,366217,K. Danso,0.5334374366507102,0.0,-0.9603496966857364,0.0106119399829539,68,134102__366217
134102,N. Aké,645877,Y. Mosquera,0.5301808223986694,0.0,-0.9603496966857364,0.008495140719127381,69,134102__645877
134102,N. Aké,346131,T. Chalobah,0.5300890175777544,0.0,-0.9603496966857364,0.008435467585532597,70,134102__346131
134102,N. Aké,192792,D. Burn,0.5236397845401524,0.0,-0.9603496966857364,0.004243466111091276,71,134102__192792
134102,N. Aké,9433,J. Tarkowski,0.475175913303186,0.0,-0.9603496966857364,-0.027258050192936867,72,9433__134102
134102,N. Aké,501419,J. Todibo,0.46912342648311295,0.0,-0.9603496966857364,-0.03119216662598434,73,134102__501419
134102,N. Aké,365443,M. de Ligt,0.46746444667533243,0.0,-0.9603496966857364,-0.03227050350104166,74,134102__365443
134102,N. Aké,424806,E. Pinnock,0.46344846043522847,0.0,-0.9603496966857364,-0.03488089455710924,75,134102__424806
134102,N. Aké,518805,L. Woolfenden,0.4591194074662836,0.0,-0.9603496966857364,-0.037694778986923416,76,134102__518805
134102,N. Aké,558243,S. van den Berg,0.44681068763692283,0.0,-0.9603496966857364,-0.045695446876007906,77,134102__558243
134102,N. Aké,583655,C. Okoli,0.43459064940943554,0.0,-0.9603496966857364,-0.05363847172387465,78,134102__583655
134102,N. Aké,520300,N. Wood,0.4241961217827679,0.0,-0.9603496966857364,-0.06039491468120861,79,134102__520300
134102,N. Aké,504375,M. Lacroix,0.41409654645884414,0.0,-0.9603496966857364,-0.06695963864175902,80,134102__504375
134102,N. Aké,364003,S. Bueno,0.4102328495594913,0.0,-0.9603496966857364,-0.06947104162633838,81,134102__364003
134102,N. Aké,424241,N. Milenković,0.3698620621522639,0.0,-0.9603496966857364,-0.0957120534410362,82,134102__424241
134102,N. Aké,7919,M. Keane,0.338472890238128,0.0,-0.9603496966857364,-0.11611501518522455,83,7919__134102
134102,N. Aké,534563,C. Richards,0.255591362666794,0.0,-0.9603496966857364,-0.16998800810659165,84,134102__534563
134102,N. Aké,563725,Morato,0.2455491070499573,0.0,-0.9603496966857364,-0.1765154742575355,85,134102__563725
134102,N. Aké,488709,L. Thomas,0.20417397690846506,0.0,-0.9603496966857364,-0.20340930884950545,86,134102__488709
134102,N. Aké,508021,Jorge Cuenca,0.12435332519036096,0.0,-0.9603496966857364,-0.25529273246627315,87,134102__508021
136441,B. Davies,568412,J. Gvardiol,1.712121711151855,0.09219052549566853,1.5133479337762474,1.6425508890703924,1,136441__568412
136441,B. Davies,258154,Rúben Dias,1.0242220380577045,0.09219052549566853,1.5133479337762474,1.1954161015591946,2,136441__258154
136441,B. Davies,297957,M. Akanji,1.0142546049956978,0.09219052549566853,1.5133479337762474,1.18893727006889,3,136441__297957
136441,B. Davies,145787,J. Andersen,0.9285579828068227,0.09219052549566853,1.5133479337762474,1.1332344656461213,4,136441__145787
136441,B. Davies,370,V. van Dijk,0.8362400527905655,0.09219052549566853,1.5133479337762474,1.073227811135554,5,370__136441
136441,B. Davies,590781,J. van Hecke,0.800663670039885,0.09219052549566853,1.5133479337762474,1.0501031623476118,6,136441__590781
136441,B. Davies,257899,J. Gomez,0.7367735074923611,0.09219052549566853,1.5133479337762474,1.0085745566917212,7,136441__257899
136441,B. Davies,134102,N. Aké,0.7363641702060233,0.09219052549566853,1.5133479337762474,1.0083084874556016,8,134102__136441
136441,B. Davies,578325,W. Saliba,0.6343788037561748,0.09219052549566853,1.5133479337762474,0.9420179992632002,9,136441__578325
136441,B. Davies,9380,J. Stones,0.4550281223504504,0.09219052549566853,1.5133479337762474,0.8254400563494793,10,9380__136441
136441,B. Davies,777938,Dean Huijsen,0.30847463152557936,0.09219052549566853,1.5133479337762474,0.7301802873133132,11,136441__777938
136441,B. Davies,283145,T. Adarabioyo,0.24629108901292152,0.09219052549566853,1.5133479337762474,0.6897609846800855,12,136441__283145
136441,B. Davies,549884,T. Harwood-Bellis,0.2290280100093617,0.09219052549566853,1.5133479337762474,0.6785399833277717,13,136441__549884
136441,B. Davies,412968,M. Senesi,0.5566068005937812,0.06443576104226686,0.7073574106417704,0.6093695141105774,14,136441__412968
136441,B. Davies,400549,Pau Torres,0.11137880988479909,0.09219052549566853,1.5133479337762474,0.602068003246806,15,136441__400549
136441,B. Davies,234399,A. Webster,0.5420021107780284,0.06443576104226686,0.7073574106417704,0.5998764657303381,16,136441__234399
136441,B. Davies,415847,C. Romero,0.5340853787651629,0.06443576104226686,0.7073574106417704,0.5947305899219755,17,136441__415847
136441,B. Davies,9097,L. Dunk,0.5253904057028789,0.06443576104226686,0.7073574106417704,0.5890788574314909,18,9097__136441
136441,B. Davies,590703,I. Zabarnyi,0.06242179864397347,0.09219052549566853,1.5133479337762474,0.5702459459402693,19,136441__590703
136441,B. Davies,386292,A. Disasi,0.4427594597882787,0.06554386975275103,0.7395365747183562,0.5466314500138059,20,136441__386292
136441,B. Davies,8582,A. Cresswell,-0.008640549039651807,0.09219052549566853,1.5133479337762474,0.5240554199459129,21,8582__136441
136441,B. Davies,488453,L. Martínez,0.19083914644559247,0.07124639396444454,0.9051362677111231,0.44084313888852816,22,136441__488453
136441,B. Davies,8136,J. Stephens,0.09325163469184991,0.06554386975275103,0.7395365747183562,0.31945136370112714,23,8136__136441
136441,B. Davies,71703,V. Lindelöf,0.08917584407380066,0.06554386975275103,0.7395365747183562,0.3168020997993951,24,71703__136441
136441,B. Davies,415917,Gabriel Magalhaes,0.09631441448622649,0.06443576104226686,0.7073574106417704,0.3101794631406668,25,136441__415917
136441,B. Davies,393247,I. Konaté,0.08385242032967283,0.06443576104226686,0.7073574106417704,0.30207916693890696,26,136441__393247
136441,B. Davies,482177,J. Kiwior,0.07485537434409509,0.06443576104226686,0.7073574106417704,0.29623108704828144,27,136441__482177
136441,B. Davies,62126,M. Doherty,-0.13980466005757927,0.07699957321135818,1.0722069686241702,0.28439940998103297,28,62126__136441
136441,B. Davies,625787,M. van de Ven,0.16059304752161352,0.049445974901874246,0.27205825350955265,0.1996058696173922,29,136441__625787
136441,B. Davies,627012,Murillo,-0.3538061016707649,0.07994226400156337,1.1576618782993198,0.1752076913187647,30,136441__627012
136441,B. Davies,15806,J. Vestergaard,-0.14060707521878246,0.06554386975275103,0.7395365747183562,0.16744320225921608,31,15806__136441
136441,B. Davies,622200,J. Quansah,0.37063015291034285,0.028776033402102694,-0.32819101146008994,0.12604274538069138,32,136441__622200
136441,B. Davies,619747,L. Colwill,0.014948580651607507,0.04977631725940668,0.2816513022997184,0.10829453322844632,33,136441__619747
136441,B. Davies,8360,C. Dawson,-0.2512667640862438,0.06554386975275103,0.7395365747183562,0.09551440449536619,34,8360__136441
136441,B. Davies,413002,K. Mavropanos,-0.25700080080962207,0.06554386975275103,0.7395365747183562,0.09178728062517033,35,136441__413002
136441,B. Davies,349142,N. Mazraoui,0.22962021838806254,0.03266839117638795,-0.21515804070691089,0.07394782770482185,36,136441__349142
136441,B. Davies,604320,J. Branthwaite,-0.3101150240024674,0.06554386975275103,0.7395365747183562,0.05726303554982087,37,136441__604320
136441,B. Davies,402884,K. Walker-Peters,0.0016795298674406253,0.03778910529934937,-0.06645394841612091,-0.022167187531805913,38,136441__402884
136441,B. Davies,594120,J. O'Brien,-0.021467037139582805,0.03778910529934937,-0.06645394841612091,-0.037212456086371144,39,136441__594120
136441,B. Davies,7953,C. Coady,-0.08210468461947085,0.03778910529934937,-0.06645394841612091,-0.07662692694829837,40,7953__136441
136441,B. Davies,475597,S. Botman,0.022416230144483906,0.027754764453401665,-0.35784837337380837,-0.11067638108691838,41,136441__475597
136441,B. Davies,240032,J. Bednarek,-0.02670930291610287,0.027754764453401665,-0.35784837337380837,-0.14260797757629978,42,136441__240032
136441,B. Davies,397074,M. Guéhi,-0.23499071829084417,0.04076466785364311,0.01995554800677665,-0.1457595250866769,43,136441__397074
136441,B. Davies,412027,E. Konsa,-0.040378893934435445,0.02613862139550467,-0.404780711455132,-0.16791953006667926,44,136441__412027
136441,B. Davies,415953,Igor Julio,0.06945843773463012,0.018091867010691032,-0.6384561867789987,-0.17831168084513999,45,136441__415953
136441,B. Davies,8135,L. Shaw,-0.1781073559268186,0.03280332266193298,-0.21123966846475614,-0.18970366531509675,46,8135__136441
136441,B. Davies,285382,W. Faes,-0.335881202597798,0.04280499643471812,0.07920611391187915,-0.19060064181941103,47,136441__285382
136441,B. Davies,239411,T. Mings,-0.20663344198334294,0.03373525658414894,-0.18417657049630817,-0.19877353696288078,48,136441__239411
136441,B. Davies,270866,Diego Carlos,-0.15901094140104763,0.027754764453401665,-0.35784837337380837,-0.2286040425915139,49,136441__270866
136441,B. Davies,653730,A. Khusanov,-0.12940997044863173,0.025268392322685573,-0.4300519180195362,-0.23463465209844828,50,136441__653730
136441,B. Davies,496001,M. Kilman,-0.3254615508112579,0.03745287907012346,-0.07621786317894684,-0.23822626013994902,51,136441__496001
136441,B. Davies,50102,F. Schär,-0.3008620186796016,0.026646655742917493,-0.3900275374503943,-0.332069950249379,52,50102__136441
136441,B. Davies,327391,J. Bree,-0.46047277708452283,0.03184549238813583,-0.23905478917125478,-0.38297648131487905,53,136441__327391
136441,B. Davies,8653,H. Maguire,-0.443461762508032,0.027754764453401665,-0.35784837337380837,-0.4134970763110537,54,8653__136441
136441,B. Davies,767087,A. Gray,-0.06297401342171347,0.0,-1.1638388965082855,-0.44827672250201367,55,136441__767087
136441,B. Davies,545267,R. Drăgușin,-0.46093968410241837,0.02512483356396639,-0.43422082383874694,-0.4515880830101333,56,136441__545267
136441,B. Davies,399581,D. O'Shea,-0.5626494215468903,0.027754764453401665,-0.35784837337380837,-0.4909690546863117,57,136441__399581
136441,B. Davies,9433,J. Tarkowski,-0.5632502314740911,0.027754764453401665,-0.35784837337380837,-0.4913595811389922,58,9433__136441
136441,B. Davies,769441,L. Yoro,-0.19209831186929277,0.002279058975417566,-1.0976556673572992,-0.509043386290095,59,136441__769441
136441,B. Davies,424241,N. Milenković,-0.6312008835369323,0.027754764453401665,-0.35784837337380837,-0.5355275049798389,60,136441__424241
136441,B. Davies,447424,C. Bassey,-0.2577387790194631,0.0,-1.1638388965082855,-0.574873820140551,61,136441__447424
136441,B. Davies,7919,M. Keane,-0.6966880017640313,0.027754764453401665,-0.35784837337380837,-0.5780941318274533,62,7919__136441
136441,B. Davies,557788,W. Fofana,-0.3520634133867167,0.0,-1.1638388965082855,-0.6361848324792658,63,136441__557788
136441,B. Davies,563725,Morato,-0.7896117849522022,0.027754764453401665,-0.35784837337380837,-0.6384945908997643,64,136441__563725
136441,B. Davies,520300,N. Wood,-0.39511364170232144,0.0,-1.1638388965082855,-0.6641674808844089,65,136441__520300
136441,B. Davies,623641,E. Agbadou,-0.4193189591506405,0.0,-1.1638388965082855,-0.6799009372258162,66,136441__623641
136441,B. Davies,192792,D. Burn,-0.4642532638113783,0.0,-1.1638388965082855,-0.7091082352552958,67,136441__192792
136441,B. Davies,558243,S. van den Berg,-0.4897959358540406,0.0,-1.1638388965082855,-0.7257109720830263,68,136441__558243
136441,B. Davies,590874,Toti,-0.4932999514037266,0.0,-1.1638388965082855,-0.7279885821903223,69,136441__590874
136441,B. Davies,479155,N. Collins,-0.526152616306578,0.0,-1.1638388965082855,-0.7493428143771756,70,136441__479155
136441,B. Davies,620468,J. Greaves,-0.5306663390298897,0.0,-1.1638388965082855,-0.7522767341473282,71,136441__620468
136441,B. Davies,286380,I. Diop,-0.5335386434861764,0.0,-1.1638388965082855,-0.7541437320439146,72,136441__286380
136441,B. Davies,504375,M. Lacroix,-0.6472342353242068,0.006864327515649884,-0.9645007636052354,-0.7582775202225668,73,136441__504375
136441,B. Davies,366217,K. Danso,-0.5548221091216358,0.0,-1.1638388965082855,-0.7679779847069632,74,136441__366217
136441,B. Davies,645877,Y. Mosquera,-0.5580787233736764,0.0,-1.1638388965082855,-0.7700947839707896,75,136441__645877
136441,B. Davies,346131,T. Chalobah,-0.5581705281945917,0.0,-1.1638388965082855,-0.7701544571043846,76,136441__346131
136441,B. Davies,365443,M. de Ligt,-0.6028243469593325,0.0,-1.1638388965082855,-0.7991794393014661,77,136441__365443
136441,B. Davies,518805,L. Woolfenden,-0.6178889641017848,0.0,-1.1638388965082855,-0.80897144044406,78,136441__518805
136441,B. Davies,501419,J. Todibo,-0.6191361192892327,0.0,-1.1638388965082855,-0.8097820913159012,79,136441__501419
136441,B. Davies,424806,E. Pinnock,-0.6248110853371174,0.0,-1.1638388965082855,-0.8134708192470261,80,136441__424806
136441,B. Davies,255738,J. Lerma,-0.6430703250202784,0.0,-1.1638388965082855,-0.8253393250410809,81,136441__255738
136441,B. Davies,583655,C. Okoli,-0.6536688963629103,0.0,-1.1638388965082855,-0.8322283964137915,82,136441__583655
136441,B. Davies,364003,S. Bueno,-0.670780668016612,0.0,-1.1638388965082855,-0.8433510479886976,83,136441__364003
136441,B. Davies,288080,C. Burgess,-0.7883476717448245,0.0,-1.1638388965082855,-0.9197696004120359,84,136441__288080
136441,B. Davies,534563,C. Richards,-0.8326681831055522,0.0,-1.1638388965082855,-0.9485779327965089,85,136441__534563
136441,B. Davies,488709,L. Thomas,-0.8840855688638809,0.0,-1.1638388965082855,-0.9819992335394225,86,136441__488709
136441,B. Davies,508021,Jorge Cuenca,-0.963906220581985,0.0,-1.1638388965082855,-1.03388265715619,87,136441__508021
145787,J. Andersen,568412,J. Gvardiol,2.210956277300642,0.1971662395096645,1.3069806297846245,1.894564800670036,1,145787__568412
145787,J. Andersen,297957,M. Akanji,1.8968974117760191,0.1971662395096645,1.3069806297846245,1.690426538079031,2,145787__297957
145787,J. Andersen,258154,Rúben Dias,1.7838977358168868,0.1971662395096645,1.3069806297846245,1.616976748705595,3,145787__258154
145787,J. Andersen,134102,N. Aké,1.7053371982517063,0.1971662395096645,1.3069806297846245,1.5659123992882278,4,134102__145787
145787,J. Andersen,578325,W. Saliba,1.673478252836417,0.1971662395096645,1.3069806297846245,1.5452040847682897,5,145787__578325
145787,J. Andersen,370,V. van Dijk,1.6640851581399878,0.1971662395096645,1.3069806297846245,1.5390985732156106,6,370__145787
145787,J. Andersen,386292,A. Disasi,1.5784849428103458,0.1971662395096645,1.3069806297846245,1.4834584332513434,7,145787__386292
145787,J. Andersen,622200,J. Quansah,1.4756529591064618,0.1971662395096645,1.3069806297846245,1.4166176438438187,8,145787__622200
145787,J. Andersen,9097,L. Dunk,1.437769378364691,0.1971662395096645,1.3069806297846245,1.3919933163616678,9,9097__145787
145787,J. Andersen,9380,J. Stones,1.4029845750104533,0.1971662395096645,1.3069806297846245,1.3693831941814132,10,9380__145787
145787,J. Andersen,283145,T. Adarabioyo,1.3176263394601089,0.1971662395096645,1.3069806297846245,1.3139003410736894,11,145787__283145
145787,J. Andersen,625787,M. van de Ven,1.2849259480327564,0.1971662395096645,1.3069806297846245,1.2926450866459103,12,145787__625787
145787,J. Andersen,8136,J. Stephens,1.2644163355074054,0.1971662395096645,1.3069806297846245,1.279313838504432,13,8136__145787
145787,J. Andersen,71703,V. Lindelöf,1.2638135222382993,0.1971662395096645,1.3069806297846245,1.278922009879513,14,71703__145787
145787,J. Andersen,488453,L. Martínez,1.2531929318668427,0.1971662395096645,1.3069806297846245,1.2720186261380664,15,145787__488453
145787,J. Andersen,240032,J. Bednarek,1.2340696003131595,0.1971662395096645,1.3069806297846245,1.2595884606281722,16,145787__240032
145787,J. Andersen,412027,E. Konsa,1.2289915778518192,0.1971662395096645,1.3069806297846245,1.256287746028301,17,145787__412027
145787,J. Andersen,415953,Igor Julio,1.2237225453633516,0.1971662395096645,1.3069806297846245,1.252862874910797,18,145787__415953
145787,J. Andersen,767087,A. Gray,1.2234989346204495,0.1971662395096645,1.3069806297846245,1.2527175279279108,19,145787__767087
145787,J. Andersen,482177,J. Kiwior,1.2053242407204425,0.1971662395096645,1.3069806297846245,1.2409039768929062,20,145787__482177
145787,J. Andersen,475597,S. Botman,1.2831951333737468,0.1843804550902832,1.1619932091204601,1.2407744598850965,21,145787__475597
145787,J. Andersen,402884,K. Walker-Peters,1.1991610022340102,0.1971662395096645,1.3069806297846245,1.2368978718767252,22,145787__402884
145787,J. Andersen,393247,I. Konaté,1.2017781505564635,0.190417065276159,1.2304467753387702,1.2118121692302708,23,145787__393247
145787,J. Andersen,594120,J. O'Brien,1.191471338764232,0.18764415084118405,1.1990026575230481,1.1941073003298177,24,145787__594120
145787,J. Andersen,769441,L. Yoro,1.1225314115584175,0.1971662395096645,1.3069806297846245,1.18708863793759,25,145787__769441
145787,J. Andersen,7953,C. Coady,1.1169332580377804,0.1971662395096645,1.3069806297846245,1.1834498381491758,26,7953__145787
145787,J. Andersen,557788,W. Fofana,0.9840904354223066,0.19208284537629058,1.2493362820119522,1.0769264817286825,27,145787__557788
145787,J. Andersen,520300,N. Wood,0.9428781544086886,0.1971662395096645,1.3069806297846245,1.0703140207902662,28,145787__520300
145787,J. Andersen,558243,S. van den Berg,0.8427866418895287,0.1971662395096645,1.3069806297846245,1.0052545376528121,29,145787__558243
145787,J. Andersen,415917,Gabriel Magalhaes,1.1830072072729185,0.1391512466772751,0.6491059234140354,0.9961417579223094,30,145787__415917
145787,J. Andersen,15806,J. Vestergaard,1.0496414607263183,0.143969101866546,0.70373912964634,0.9285756448483259,31,15806__145787
145787,J. Andersen,653730,A. Khusanov,1.0738036147285266,0.1312178032560902,0.5591427689532827,0.8936723187071912,32,145787__653730
145787,J. Andersen,590781,J. van Hecke,1.435176125266309,0.06600214968423904,-0.18038552967635646,0.8697295460363762,33,145787__590781
145787,J. Andersen,270866,Diego Carlos,1.0683280317231112,0.11107979399632002,0.3307830591290479,0.8101872913151891,34,145787__270866
145787,J. Andersen,239411,T. Mings,1.0200988964152988,0.11140935969494774,0.33452024716664563,0.7801463691782702,35,145787__239411
145787,J. Andersen,619747,L. Colwill,1.109788456742105,0.09597343855193168,0.15948097552767987,0.7771808383170563,36,145787__619747
145787,J. Andersen,400549,Pau Torres,1.131760119592197,0.08967475580397315,0.08805557562620325,0.7664635292040991,37,145787__400549
145787,J. Andersen,192792,D. Burn,0.8531041394539497,0.12333002279754024,0.46969742043662926,0.7189117877978876,38,145787__192792
145787,J. Andersen,349142,N. Mazraoui,1.1783459128047777,0.049658646815021,-0.36571653854534203,0.6379240548322358,39,145787__349142
145787,J. Andersen,447424,C. Bassey,1.0062864115460735,0.07067162577170807,-0.12743490329563334,0.609483951351476,40,145787__447424
145787,J. Andersen,415847,C. Romero,1.236830685758546,0.030378061776006594,-0.5843532840128562,0.5994162963385552,41,145787__415847
145787,J. Andersen,257899,J. Gomez,1.2909610108492195,0.0,-0.9288324866344323,0.5140332867299414,42,145787__257899
145787,J. Andersen,496001,M. Kilman,0.9204081652662298,0.059281781483608686,-0.2565927313124072,0.5084578514637069,43,145787__496001
145787,J. Andersen,549884,T. Harwood-Bellis,1.115318419017041,0.019018925611532126,-0.7131628900127576,0.4753499608566116,44,145787__549884
145787,J. Andersen,234399,A. Webster,1.213024151726642,0.0,-0.9288324866344323,0.46337432830026604,45,145787__234399
145787,J. Andersen,285382,W. Faes,0.8936005984480027,0.040470701308082946,-0.46990541554803356,0.41637349354939,46,145787__285382
145787,J. Andersen,620468,J. Greaves,0.8073254570811209,0.042913602803011854,-0.44220355736954936,0.36999030202338634,47,145787__620468
145787,J. Andersen,136441,B. Davies,0.9285579828068227,0.020827989571290693,-0.6926485821894299,0.3611356850581343,48,136441__145787
145787,J. Andersen,365443,M. de Ligt,0.735167449151678,0.04393083681874393,-0.4306683921176406,0.3271249047074165,49,145787__365443
145787,J. Andersen,412968,M. Senesi,0.9245760492394131,0.0,-0.9288324866344323,0.27588306168356724,50,145787__412968
145787,J. Andersen,777938,Dean Huijsen,0.8919290553292453,0.0,-0.9288324866344323,0.2546625156419582,51,145787__777938
145787,J. Andersen,413002,K. Mavropanos,0.8789201574931702,0.0,-0.9288324866344323,0.2462067320485094,52,145787__413002
145787,J. Andersen,62126,M. Doherty,0.8585880900766889,0.0,-0.9288324866344323,0.23299088822779657,53,62126__145787
145787,J. Andersen,8360,C. Dawson,0.8549966847322483,0.0,-0.9288324866344323,0.23065647475391016,54,8360__145787
145787,J. Andersen,364003,S. Bueno,0.6672111280943985,0.030143341610314404,-0.587014948740285,0.2282320012022593,55,145787__364003
145787,J. Andersen,501419,J. Todibo,0.7174072938623539,0.01896597678456833,-0.7137633157353308,0.21649758050316428,56,145787__501419
145787,J. Andersen,8582,A. Cresswell,0.8270697844516266,0.0,-0.9288324866344323,0.21250398957150607,57,8582__145787
145787,J. Andersen,590703,I. Zabarnyi,0.8162051454322332,0.0,-0.9288324866344323,0.2054419742089003,58,145787__590703
145787,J. Andersen,645877,Y. Mosquera,0.7671186382589783,0.004379715002347387,-0.8791676744800897,0.19091842880030457,59,145787__645877
145787,J. Andersen,8135,L. Shaw,0.7872633177421509,0.0,-0.9288324866344323,0.18662978621034676,60,8135__145787
145787,J. Andersen,327391,J. Bree,0.769972324644804,0.0,-0.9288324866344323,0.17539064069707133,61,145787__327391
145787,J. Andersen,590874,Toti,0.7619229030368968,0.0,-0.9288324866344323,0.17015851665193166,62,145787__590874
145787,J. Andersen,366217,K. Danso,0.7513186885207024,0.0,-0.9288324866344323,0.16326577721640528,63,145787__366217
145787,J. Andersen,397074,M. Guéhi,0.7350015049064221,0.0,-0.9288324866344323,0.15265960786712313,64,145787__397074
145787,J. Andersen,286380,I. Diop,0.71913129776001,0.0,-0.9288324866344323,0.1423439732219552,65,145787__286380
145787,J. Andersen,8653,H. Maguire,0.7098100512523259,0.0,-0.9288324866344323,0.13628516299196058,66,8653__145787
145787,J. Andersen,623641,E. Agbadou,0.7040922219561729,0.0,-0.9288324866344323,0.13256857394946114,67,145787__623641
145787,J. Andersen,604320,J. Branthwaite,0.6978395972353806,0.0,-0.9288324866344323,0.1285043678809461,68,145787__604320
145787,J. Andersen,479155,N. Collins,0.6817413029846047,0.0,-0.9288324866344323,0.11804047661794176,69,145787__479155
145787,J. Andersen,518805,L. Woolfenden,0.6756444609956569,0.0,-0.9288324866344323,0.11407752932512571,70,145787__518805
145787,J. Andersen,545267,R. Drăgușin,0.675273768632294,0.0,-0.9288324866344323,0.11383657928893987,71,145787__545267
145787,J. Andersen,50102,F. Schär,0.6546648444935771,0.0,-0.9288324866344323,0.10044077859877387,72,50102__145787
145787,J. Andersen,424806,E. Pinnock,0.6340216296005922,0.0,-0.9288324866344323,0.08702268891833365,73,145787__424806
145787,J. Andersen,346131,T. Chalobah,0.6298354868585203,0.0,-0.9288324866344323,0.08430169613598693,74,145787__346131
145787,J. Andersen,627012,Murillo,0.6036368396750682,0.0,-0.9288324866344323,0.06727257546674309,75,145787__627012
145787,J. Andersen,9433,J. Tarkowski,0.555339442682986,0.0,-0.9288324866344323,0.03587926742188963,76,9433__145787
145787,J. Andersen,399581,D. O'Shea,0.5545299413051891,0.0,-0.9288324866344323,0.035353091526321656,77,145787__399581
145787,J. Andersen,583655,C. Okoli,0.5496451336076841,0.0,-0.9288324866344323,0.03217796652294341,78,145787__583655
145787,J. Andersen,504375,M. Lacroix,0.4942600758386441,0.0,-0.9288324866344323,-0.0038223210269325847,79,145787__504375
145787,J. Andersen,424241,N. Milenković,0.4600092987334662,0.0,-0.9288324866344323,-0.026085326145298238,80,145787__424241
145787,J. Andersen,255738,J. Lerma,0.42643597625279106,0.0,-0.9288324866344323,-0.04790798575773708,81,145787__255738
145787,J. Andersen,7919,M. Keane,0.4186364196179281,0.0,-0.9288324866344323,-0.052977697570398,82,7919__145787
145787,J. Andersen,288080,C. Burgess,0.3800754034073214,0.0,-0.9288324866344323,-0.07804235810729235,83,145787__288080
145787,J. Andersen,534563,C. Richards,0.335754892046594,0.0,-0.9288324866344323,-0.10685069049176518,84,145787__534563
145787,J. Andersen,563725,Morato,0.32571263642975773,0.0,-0.9288324866344323,-0.11337815664270873,85,145787__563725
145787,J. Andersen,488709,L. Thomas,0.2843375062882654,0.0,-0.9288324866344323,-0.14027199123467876,86,145787__488709
145787,J. Andersen,508021,Jorge Cuenca,0.20451685457016072,0.0,-0.9288324866344323,-0.1921554148514468,87,145787__508021
192792,D. Burn,568412,J. Gvardiol,1.556935763223849,0.5793791897794536,2.1670505232347086,1.7704759292276497,1,192792__568412
192792,D. Burn,145787,J. Andersen,0.8531041394539497,0.5766254507650651,2.1523864063967326,1.3078529328839237,2,145787__192792
192792,D. Burn,590781,J. van Hecke,0.6900707104680281,0.5793791897794536,2.1670505232347086,1.2070136449363662,3,192792__590781
192792,D. Burn,258154,Rúben Dias,0.8690360901296991,0.48727052281814187,1.6765565994992149,1.1516682684090296,4,192792__258154
192792,D. Burn,257899,J. Gomez,0.6613196641394883,0.5549840129648742,2.0371421618312144,1.1428575383315924,5,192792__257899
192792,D. Burn,234399,A. Webster,0.48718266027083806,0.5781515969383172,2.1605133878134404,1.072848414910749,6,192792__234399
192792,D. Burn,415847,C. Romero,0.46058614672016307,0.5552824050019545,2.0387311489038464,1.0129368974844524,7,192792__415847
192792,D. Burn,370,V. van Dijk,0.6810541048625599,0.47662312275896185,1.6198574287816283,1.0096352682342338,8,370__192792
192792,D. Burn,297957,M. Akanji,0.85417938285202,0.4139113983151751,1.2859070981404084,1.005284083202956,9,192792__297957
192792,D. Burn,412968,M. Senesi,0.4606738097861143,0.5481022127303479,2.0004954345388253,0.999611378449563,10,192792__412968
192792,D. Burn,777938,Dean Huijsen,0.21790768448318804,0.5283772618767522,1.895456800728896,0.8050498751691858,11,192792__777938
192792,D. Burn,9097,L. Dunk,0.38183236880678695,0.45733441899068833,1.5171418830334091,0.7791906987861046,12,9097__192792
192792,D. Burn,549884,T. Harwood-Bellis,0.15357416665648893,0.4599183060969785,1.5309015102983021,0.6356387369311235,13,192792__549884
192792,D. Burn,134102,N. Aké,0.5236397845401524,0.29582048404154443,0.6570533994551998,0.570334549760419,14,134102__192792
192792,D. Burn,590703,I. Zabarnyi,-0.055812686514365106,0.44573827146524914,1.4553904747500024,0.4731084199281635,15,192792__590703
192792,D. Burn,349142,N. Mazraoui,0.06333392874681976,0.3777811944745712,1.0935077720858406,0.42389477391547703,16,192792__349142
192792,D. Burn,9380,J. Stones,0.07288376249718506,0.3444012401410632,0.9157539806643349,0.36788833885568745,17,9380__192792
192792,D. Burn,400549,Pau Torres,-0.03179334421502733,0.341086026212438,0.8980999168121574,0.2936692971444873,18,192792__400549
192792,D. Burn,488453,L. Martínez,0.035653198517587116,0.3067655246945771,0.7153375556856378,0.27354272352640485,19,192792__488453
192792,D. Burn,578325,W. Saliba,0.3065196208530652,0.20566732958481057,0.176972904042223,0.26117826996927046,20,192792__578325
192792,D. Burn,8582,A. Cresswell,-0.09836590395588116,0.33815436096231344,0.8824883132676551,0.24493307207235648,21,8582__192792
192792,D. Burn,622200,J. Quansah,0.21544420498233735,0.2160770948928975,0.2324066303089794,0.22138105384666207,22,192792__622200
192792,D. Burn,283145,T. Adarabioyo,0.08244963764745203,0.2585754654324713,0.4587174999155935,0.21414338944130157,23,192792__283145
192792,D. Burn,625787,M. van de Ven,0.026041492439290485,0.2675361386393475,0.5064345704752871,0.19417906975188928,24,192792__625787
192792,D. Burn,619747,L. Colwill,-0.09832341570162384,0.29558610782677675,0.6558053072505872,0.16562163733165,25,192792__619747
192792,D. Burn,415917,Gabriel Magalhaes,-0.09268698558129253,0.27925169611229783,0.5688218565280725,0.13884110915698522,26,192792__415917
192792,D. Burn,393247,I. Konaté,-0.07825775115022773,0.24551984349683303,0.3891941484083121,0.0853504136952612,27,192792__393247
192792,D. Burn,50102,F. Schär,-0.3603120994849204,0.32560679825051536,0.8156704613665731,0.0512817968131023,28,50102__192792
192792,D. Burn,386292,A. Disasi,0.16330669975204998,0.14018615199815504,-0.17172522377662688,0.04604552651701309,29,192792__386292
192792,D. Burn,62126,M. Doherty,-0.2540110826935962,0.2622307617558369,0.47818255890745376,0.0022566918667712987,30,62126__192792
192792,D. Burn,415953,Igor Julio,-0.08572751019337539,0.1963881741536332,0.12755986283187284,-0.011076929634538511,31,192792__415953
192792,D. Burn,8135,L. Shaw,-0.32196746624288636,0.25485189069006653,0.4388888470213808,-0.05566775660039286,32,8135__192792
192792,D. Burn,482177,J. Kiwior,-0.25281894222333307,0.22014931113457983,0.2540918569936858,-0.07540016249737647,33,192792__482177
192792,D. Burn,653730,A. Khusanov,-0.26396152553095487,0.20042372505189915,0.1490498404835544,-0.11940754742587661,34,192792__653730
192792,D. Burn,397074,M. Guéhi,-0.353225203449183,0.2292038225457185,0.30230863155001103,-0.12378836119946511,35,192792__397074
192792,D. Burn,627012,Murillo,-0.47204058682910366,0.23105802357714597,0.3121825594799556,-0.19756248562093293,36,192792__627012
192792,D. Burn,447424,C. Bassey,-0.3813665786799737,0.1577449667395495,-0.07822162392246018,-0.275265844514844,37,192792__447424
192792,D. Burn,604320,J. Branthwaite,-0.42834950916080594,0.15395086989457757,-0.09842581870582842,-0.3128762175015638,38,192792__604320
192792,D. Burn,594120,J. O'Brien,-0.3830534429830701,0.12573086334660882,-0.2487020326192102,-0.33603044935571913,39,192792__594120
192792,D. Burn,402884,K. Walker-Peters,-0.38551635527334216,0.12573086334660882,-0.2487020326192102,-0.33763134234439596,40,192792__402884
192792,D. Burn,270866,Diego Carlos,-0.3195672542095397,0.09279307347031376,-0.42410122499255204,-0.356154143983594,41,192792__270866
192792,D. Burn,8136,J. Stephens,-0.30901904183338463,0.07876971413417758,-0.4987779386141195,-0.3754346557066418,42,8136__192792
192792,D. Burn,623641,E. Agbadou,-0.520261951608317,0.14367457710818793,-0.15314878166400633,-0.39177234212780826,43,192792__623641
192792,D. Burn,7953,C. Coady,-0.5534584202907521,0.12573086334660882,-0.2487020326192102,-0.44679368460571245,44,7953__192792
192792,D. Burn,136441,B. Davies,-0.4642532638113783,0.09124409985366652,-0.43234976633026556,-0.45308703969298886,45,136441__192792
192792,D. Burn,71703,V. Lindelöf,-0.4432840959277398,0.07417996063833605,-0.523219136987988,-0.4712613602988267,46,71703__192792
192792,D. Burn,8360,C. Dawson,-0.5182604163032116,0.08491959475421766,-0.46602880462550866,-0.4999793522160155,47,8360__192792
192792,D. Burn,255738,J. Lerma,-0.861916280090455,0.1934609968303504,0.11197215824192804,-0.5210553266741209,48,192792__255738
192792,D. Burn,475597,S. Botman,-0.3427231833082317,0.010105216062269707,-0.8644277758304665,-0.5253197906910139,49,192792__475597
192792,D. Burn,15806,J. Vestergaard,-0.5089376644456217,0.06655199857047363,-0.5638392997609752,-0.5281532368059955,50,15806__192792
192792,D. Burn,413002,K. Mavropanos,-0.5108237477792428,0.06372294847287249,-0.5789044606040858,-0.5346519972679379,51,192792__413002
192792,D. Burn,767087,A. Gray,-0.48212069711176414,0.030049384207969314,-0.7582217735925492,-0.5787560738800389,52,192792__767087
192792,D. Burn,285382,W. Faes,-0.656970648712388,0.07016615798896625,-0.5445933016083081,-0.61763857722596,53,192792__285382
192792,D. Burn,545267,R. Drăgușin,-0.580076219235151,0.03862804395489126,-0.7125389880472229,-0.6264381883193761,54,192792__545267
192792,D. Burn,239411,T. Mings,-0.49054338726137947,0.007208084971883688,-0.8798554792483914,-0.6268026194568337,55,192792__239411
192792,D. Burn,769441,L. Yoro,-0.5118334304148011,0.0012275928411364097,-0.9117025914458959,-0.6517876367756843,56,192792__769441
192792,D. Burn,412027,E. Konsa,-0.5645463654490187,0.0012275928411364097,-0.9117025914458959,-0.6860510445479258,57,192792__412027
192792,D. Burn,590874,Toti,-0.6490947263309235,0.018805024981114693,-0.8180998508573946,-0.7082465199151884,58,192792__590874
192792,D. Burn,496001,M. Kilman,-0.6389754126142654,0.010925707457858206,-0.8600585231065893,-0.7163545012865787,59,192792__496001
192792,D. Burn,240032,J. Bednarek,-0.6212119468393553,0.0030495475536928916,-0.9020003805105714,-0.719487898624281,60,192792__240032
192792,D. Burn,557788,W. Fofana,-0.6962271610975194,0.027311400730184086,-0.7728019895857512,-0.7230283510684005,61,192792__557788
192792,D. Burn,399581,D. O'Shea,-0.7613842937041312,0.022454886673588192,-0.7986637321761292,-0.7744320971693305,62,192792__399581
192792,D. Burn,8653,H. Maguire,-0.7443477957213629,0.0012275928411364097,-0.9117025914458959,-0.8029219742249494,63,8653__192792
192792,D. Burn,366217,K. Danso,-0.8152932282703078,0.013537091208536519,-0.8461524716512216,-0.8260939634536276,64,192792__366217
192792,D. Burn,327391,J. Bree,-0.8688894105733033,0.03184549238813583,-0.7486571997277105,-0.8268081367773458,65,192792__327391
192792,D. Burn,286380,I. Diop,-0.7883253561282052,0.0,-0.9182397268671643,-0.8337953858868408,66,192792__286380
192792,D. Burn,479155,N. Collins,-0.7947774775876734,0.0,-0.9182397268671643,-0.8379892648354952,67,192792__479155
192792,D. Burn,346131,T. Chalobah,-0.7987935648450216,0.0,-0.9182397268671643,-0.8405997215527716,68,192792__346131
192792,D. Burn,9433,J. Tarkowski,-0.8336593306178851,0.0012275928411364097,-0.9117025914458959,-0.8609744719076888,69,9433__192792
192792,D. Burn,288080,C. Burgess,-0.9989293033155993,0.04487664705616696,-0.679264140477256,-0.8870464963221791,70,192792__288080
192792,D. Burn,620468,J. Greaves,-0.8745527518559046,0.0,-0.9182397268671643,-0.8898431931098454,71,192792__620468
192792,D. Burn,645877,Y. Mosquera,-0.884065246470273,0.0,-0.9182397268671643,-0.8960263146091849,72,192792__645877
192792,D. Burn,520300,N. Wood,-0.9633342436950072,0.0,-0.9182397268671643,-0.9475511628052622,73,192792__520300
192792,D. Burn,504375,M. Lacroix,-0.972862076789359,0.0012275928411364097,-0.9117025914458959,-0.9514562569191469,74,192792__504375
192792,D. Burn,365443,M. de Ligt,-1.0293841170840048,0.011372065199156654,-0.8576815941253986,-0.9692882340484927,75,192792__365443
192792,D. Burn,424806,E. Pinnock,-1.0420860988169036,0.0,-0.9182397268671643,-0.9987398686344948,76,192792__424806
192792,D. Burn,583655,C. Okoli,-1.06066098584427,0.0,-0.9182397268671643,-1.0108135452022828,77,192792__583655
192792,D. Burn,558243,S. van den Berg,-1.1003300954384485,0.0,-0.9182397268671643,-1.036598466438499,78,192792__558243
192792,D. Burn,501419,J. Todibo,-1.1058881437592234,0.0,-0.9182397268671643,-1.0402111978470028,79,192792__501419
192792,D. Burn,518805,L. Woolfenden,-1.111571563032076,0.0,-0.9182397268671643,-1.0439054203743567,80,192792__518805
192792,D. Burn,424241,N. Milenković,-1.1513102106346667,0.0012275928411364097,-0.9117025914458959,-1.0674475439185969,81,192792__424241
192792,D. Burn,364003,S. Bueno,-1.1893697608521472,0.0,-0.9182397268671643,-1.094474248957403,82,192792__364003
192792,D. Burn,7919,M. Keane,-1.203165026212191,0.0012275928411364097,-0.9117025914458959,-1.1011531740439877,83,7919__192792
192792,D. Burn,534563,C. Richards,-1.224467016377472,0.0,-0.9182397268671643,-1.1172874650488642,84,192792__534563
192792,D. Burn,488709,L. Thomas,-1.2775571237875245,0.0,-0.9182397268671643,-1.1517960348653984,85,192792__488709
192792,D. Burn,563725,Morato,-1.294965807477255,0.0012275928411364097,-0.9117025914458959,-1.1608236818662794,86,192792__563725
192792,D. Burn,508021,Jorge Cuenca,-1.4075231912378972,0.0,-0.9182397268671643,-1.2362739787081407,87,192792__508021
234399,A. Webster,568412,J. Gvardiol,1.9814814559740184,0.05770687394466129,1.4149077970937087,1.78318067536591,1,234399__568412
234399,A. Webster,297957,M. Akanji,1.5554604706054551,0.05770687394466129,1.4149077970937087,1.5062670348763438,2,234399__297957
234399,A. Webster,258154,Rúben Dias,1.4949345127194182,0.05770687394466129,1.4149077970937087,1.46692516225042,3,234399__258154
234399,A. Webster,134102,N. Aké,1.3639002570811418,0.05770687394466129,1.4149077970937087,1.38175289608554,4,134102__234399
234399,A. Webster,578325,W. Saliba,1.3474882234134267,0.05770687394466129,1.4149077970937087,1.3710850742015253,5,234399__578325
234399,A. Webster,370,V. van Dijk,1.3150639455763027,0.05770687394466129,1.4149077970937087,1.3500092936073949,6,370__234399
234399,A. Webster,386292,A. Disasi,1.2535079851488042,0.05770687394466129,1.4149077970937087,1.3099979193295208,7,234399__386292
234399,A. Webster,622200,J. Quansah,1.1775401029551327,0.05770687394466129,1.4149077970937087,1.2606187959036343,8,234399__622200
234399,A. Webster,590781,J. van Hecke,1.1174352037078332,0.05770687394466129,1.4149077970937087,1.2215506113928898,9,234399__590781
234399,A. Webster,9380,J. Stones,1.0494518714914496,0.05770687394466129,1.4149077970937087,1.1773614454522403,10,9380__234399
234399,A. Webster,475597,S. Botman,0.9738521542267004,0.05770687394466129,1.4149077970937087,1.1282216292301532,11,234399__475597
234399,A. Webster,8136,J. Stephens,0.9550733563603593,0.05770687394466129,1.4149077970937087,1.1160154106170315,12,8136__234399
234399,A. Webster,71703,V. Lindelöf,0.954470543091253,0.05770687394466129,1.4149077970937087,1.1156235819921125,13,71703__234399
234399,A. Webster,240032,J. Bednarek,0.9247266211661131,0.05770687394466129,1.4149077970937087,1.0962900327407716,14,234399__240032
234399,A. Webster,145787,J. Andersen,1.213024151726642,0.042258790875411484,0.7035135840697944,1.0346954530467454,15,145787__234399
234399,A. Webster,400549,Pau Torres,0.805140724792071,0.05770687394466129,1.4149077970937087,1.0185592000976442,16,234399__400549
234399,A. Webster,549884,T. Harwood-Bellis,0.8034456850746297,0.05770687394466129,1.4149077970937087,1.0174574242813073,17,234399__549884
234399,A. Webster,270866,Diego Carlos,0.7554945713150862,0.05770687394466129,1.4149077970937087,0.986289200337604,18,234399__270866
234399,A. Webster,15806,J. Vestergaard,0.7402984815792717,0.05770687394466129,1.4149077970937087,0.9764117420093246,19,15806__234399
234399,A. Webster,239411,T. Mings,0.7107559172682529,0.05770687394466129,1.4149077970937087,0.9572090752071625,20,234399__239411
234399,A. Webster,257899,J. Gomez,1.076380341132808,0.042258790875411484,0.7035135840697944,0.9458769761607533,21,234399__257899
234399,A. Webster,283145,T. Adarabioyo,0.9868936589195945,0.045021294750955475,0.8307286735866302,0.932235914053057,22,234399__283145
234399,A. Webster,496001,M. Kilman,0.5890360232191771,0.05770687394466129,1.4149077970937087,0.8780911440752632,23,234399__496001
234399,A. Webster,412027,E. Konsa,0.8843571481706938,0.04158670446475448,0.6725635703334542,0.8102293959276599,24,234399__412027
234399,A. Webster,777938,Dean Huijsen,0.7203363674833694,0.042258790875411484,0.7035135840697944,0.7144483932886181,25,234399__777938
234399,A. Webster,415953,Igor Julio,0.875496527065986,0.033539950079940845,0.3020053284260187,0.6747746075419975,26,234399__415953
234399,A. Webster,8582,A. Cresswell,0.6590778653418662,0.042258790875411484,0.7035135840697944,0.6746303668966411,27,8582__234399
234399,A. Webster,590703,I. Zabarnyi,0.6413201722174589,0.042258790875411484,0.7035135840697944,0.6630878663657762,28,234399__590703
234399,A. Webster,413002,K. Mavropanos,0.5882103158140388,0.042258790875411484,0.7035135840697944,0.6285664597035532,29,234399__413002
234399,A. Webster,8135,L. Shaw,0.5790958644994825,0.042258790875411484,0.7035135840697944,0.6226420663490917,30,8135__234399
234399,A. Webster,8360,C. Dawson,0.5774563555216322,0.042258790875411484,0.7035135840697944,0.621576385513489,31,8360__234399
234399,A. Webster,8653,H. Maguire,0.4797565006526058,0.042258790875411484,0.7035135840697944,0.5580714798486217,32,8653__234399
234399,A. Webster,488453,L. Martínez,0.8978006678440132,0.022258715991427487,-0.21750279503245037,0.5074444558372511,33,234399__488453
234399,A. Webster,9097,L. Dunk,1.043572937873721,0.015448083069249809,-0.531136844393025,0.4924245140803599,34,9097__234399
234399,A. Webster,349142,N. Mazraoui,0.8292935101278427,0.02146981850272027,-0.25383203443514,0.45019956953079876,35,234399__349142
234399,A. Webster,424241,N. Milenković,0.29201737962370544,0.042258790875411484,0.7035135840697944,0.43604105117983655,36,234399__424241
234399,A. Webster,415847,C. Romero,0.9415598396743732,0.015448083069249809,-0.531136844393025,0.4261160002507838,37,234399__415847
234399,A. Webster,604320,J. Branthwaite,0.49992128907434924,0.03303583943963064,0.2787907075159129,0.4225255855288965,38,234399__604320
234399,A. Webster,399581,D. O'Shea,0.3605688416137474,0.03812314920267396,0.513064611214233,0.41394236097391734,39,234399__399581
234399,A. Webster,625787,M. van de Ven,0.890644004836413,0.015448083069249809,-0.531136844393025,0.39302070760610974,40,234399__625787
234399,A. Webster,9433,J. Tarkowski,0.3599680316865468,0.03631008058979165,0.4295716293835488,0.3843292908804975,41,9433__234399
234399,A. Webster,767087,A. Gray,0.8616435443140841,0.015448083069249809,-0.531136844393025,0.37417040826659587,42,234399__767087
234399,A. Webster,7919,M. Keane,0.22653026139660656,0.04050782565410046,0.6228805035728178,0.36525284615828046,43,7919__234399
234399,A. Webster,393247,I. Konaté,0.8278885848911801,0.015448083069249809,-0.531136844393025,0.35222968464170834,44,234399__393247
234399,A. Webster,769441,L. Yoro,0.7593376122129236,0.017727142044667375,-0.426184705089763,0.3444048011569833,45,234399__769441
234399,A. Webster,482177,J. Kiwior,0.813745523064739,0.015448083069249809,-0.531136844393025,0.3430366944545217,46,234399__482177
234399,A. Webster,402884,K. Walker-Peters,0.7914307701574036,0.015448083069249809,-0.531136844393025,0.3285321050647536,47,234399__402884
234399,A. Webster,415917,Gabriel Magalhaes,0.778114442598485,0.015448083069249809,-0.531136844393025,0.3198764921514565,48,234399__415917
234399,A. Webster,563725,Morato,0.13360647820843552,0.04050782565410046,0.6228805035728178,0.3048523870859693,49,234399__563725
234399,A. Webster,594120,J. O'Brien,0.750309297692683,0.015448083069249809,-0.531136844393025,0.30180314796268526,50,234399__594120
234399,A. Webster,7953,C. Coady,0.7283039891917902,0.015448083069249809,-0.531136844393025,0.2874996974371049,51,7953__234399
234399,A. Webster,619747,L. Colwill,0.7231806236855083,0.015448083069249809,-0.531136844393025,0.2841695098580217,52,234399__619747
234399,A. Webster,653730,A. Khusanov,0.6759656586762126,0.015448083069249809,-0.531136844393025,0.25347978260197945,53,234399__653730
234399,A. Webster,285382,W. Faes,0.5325356679757747,0.020463974204618565,-0.3001518146735695,0.2410950490485042,54,234399__285382
234399,A. Webster,447424,C. Bassey,0.6299645874821077,0.015448083069249809,-0.531136844393025,0.22357908632581128,55,234399__447424
234399,A. Webster,557788,W. Fofana,0.5862524793699925,0.015448083069249809,-0.531136844393025,0.1951662160529364,56,234399__557788
234399,A. Webster,520300,N. Wood,0.545040198356375,0.015448083069249809,-0.531136844393025,0.168378233394085,57,234399__520300
234399,A. Webster,136441,B. Davies,0.5420021107780284,0.015448083069249809,-0.531136844393025,0.16640347646815976,58,136441__234399
234399,A. Webster,62126,M. Doherty,0.5818366376701766,0.012563812169091318,-0.6639593841196753,0.14580803004372847,59,62126__234399
234399,A. Webster,192792,D. Burn,0.48718266027083806,0.015448083069249809,-0.531136844393025,0.13077083363848604,60,192792__234399
234399,A. Webster,412968,M. Senesi,0.8631889013503891,0.0,-1.2425310574169393,0.12618691578182417,61,234399__412968
234399,A. Webster,558243,S. van den Berg,0.46163998822817554,0.015448083069249809,-0.531136844393025,0.11416809681075538,62,234399__558243
234399,A. Webster,620468,J. Greaves,0.40948750102880677,0.015448083069249809,-0.531136844393025,0.08026898013116571,63,234399__620468
234399,A. Webster,627012,Murillo,0.3920831835566196,0.015506502959296502,-0.5284465706860278,0.06989776957169302,64,234399__627012
234399,A. Webster,365443,M. de Ligt,0.33732949309936394,0.015448083069249809,-0.531136844393025,0.03336627497702785,65,234399__365443
234399,A. Webster,501419,J. Todibo,0.31956933781004,0.015448083069249809,-0.531136844393025,0.021822174038967274,66,234399__501419
234399,A. Webster,364003,S. Bueno,0.26937317204208455,0.015448083069249809,-0.531136844393025,-0.010805333710203757,67,234399__364003
234399,A. Webster,397074,M. Guéhi,0.5121404725646641,0.0009699613802242231,-1.197863708746234,-0.08636099089415022,68,234399__397074
234399,A. Webster,645877,Y. Mosquera,0.36928068220666455,0.004379715002347387,-1.040842349931548,-0.12426237904170981,69,234399__645877
234399,A. Webster,623641,E. Agbadou,0.4519893673393989,0.0,-1.2425310574169393,-0.14109278132531944,70,234399__623641
234399,A. Webster,504375,M. Lacroix,0.2759840278364312,0.006864327515649884,-0.9264243373116796,-0.14485889996540752,71,234399__504375
234399,A. Webster,590874,Toti,0.4186362277333916,0.0,-1.2425310574169393,-0.16277232206922415,72,234399__590874
234399,A. Webster,327391,J. Bree,0.4085796041895494,0.0,-1.2425310574169393,-0.16930912737272158,73,234399__327391
234399,A. Webster,545267,R. Drăgușin,0.40835777033127774,0.0,-1.2425310574169393,-0.16945331938059816,74,234399__545267
234399,A. Webster,50102,F. Schär,0.3981779484785489,0.0,-1.2425310574169393,-0.1760702035848719,75,50102__234399
234399,A. Webster,286380,I. Diop,0.3846567740475519,0.0,-1.2425310574169393,-0.18485896696501997,76,234399__286380
234399,A. Webster,479155,N. Collins,0.36758838336870503,0.0,-1.2425310574169393,-0.19595342090627044,77,234399__479155
234399,A. Webster,346131,T. Chalobah,0.3600248893391367,0.0,-1.2425310574169393,-0.20086969202548988,78,234399__346131
234399,A. Webster,366217,K. Danso,0.3571140700154823,0.0,-1.2425310574169393,-0.20276172458586522,79,234399__366217
234399,A. Webster,518805,L. Woolfenden,0.305329299058853,0.0,-1.2425310574169393,-0.23642182570767428,80,234399__518805
234399,A. Webster,424806,E. Pinnock,0.2871250938000007,0.0,-1.2425310574169393,-0.24825455912592828,81,234399__424806
234399,A. Webster,583655,C. Okoli,0.2582672827742076,0.0,-1.2425310574169393,-0.2670121362926938,82,234399__583655
234399,A. Webster,255738,J. Lerma,0.16994908023776306,0.0,-1.2425310574169393,-0.3244189679413827,83,234399__255738
234399,A. Webster,288080,C. Burgess,0.12358850739229343,0.0,-1.2425310574169393,-0.354553340290938,84,234399__288080
234399,A. Webster,534563,C. Richards,0.07926799603156565,0.0,-1.2425310574169393,-0.38336167267541105,85,234399__534563
234399,A. Webster,488709,L. Thomas,0.027850610273237097,0.0,-1.2425310574169393,-0.4167829734183246,86,234399__488709
234399,A. Webster,508021,Jorge Cuenca,-0.051970041444866666,0.0,-1.2425310574169393,-0.46866639703509205,87,234399__508021
239411,T. Mings,568412,J. Gvardiol,1.7492073748691181,0.11280827076236574,1.4678735566781091,1.650740538502265,1,239411__568412
239411,T. Mings,258154,Rúben Dias,1.0484293592082992,0.11280827076236574,1.4678735566781091,1.1952348283227328,2,239411__258154
239411,T. Mings,297957,M. Akanji,1.0285065059103748,0.11280827076236574,1.4678735566781091,1.182284973679082,3,239411__297957
239411,T. Mings,145787,J. Andersen,1.0200988964152988,0.11280827076236574,1.4678735566781091,1.1768200275072824,4,145787__239411
239411,T. Mings,370,V. van Dijk,0.864905725449449,0.11280827076236574,1.4678735566781091,1.0759444663794802,5,370__239411
239411,T. Mings,590781,J. van Hecke,0.8551252412939643,0.11280827076236574,1.4678735566781091,1.069587151678415,6,239411__590781
239411,T. Mings,257899,J. Gomez,0.8263741949654245,0.11280827076236574,1.4678735566781091,1.0508989715648642,7,239411__257899
239411,T. Mings,234399,A. Webster,0.7107559172682529,0.11280827076236574,1.4678735566781091,0.9757470910617027,8,234399__239411
239411,T. Mings,415847,C. Romero,0.6841594037175777,0.11280827076236574,1.4678735566781091,0.9584593572537636,9,239411__415847
239411,T. Mings,9097,L. Dunk,0.6146782180366203,0.11280827076236574,1.4678735566781091,0.9132965865611413,10,9097__239411
239411,T. Mings,412968,M. Senesi,0.6842470667835284,0.08949690883745336,0.9647008143324688,0.7824058784256576,11,239411__412968
239411,T. Mings,349142,N. Mazraoui,0.3837210640275903,0.11280827076236574,1.4678735566781091,0.7631744364552719,12,239411__349142
239411,T. Mings,549884,T. Harwood-Bellis,0.3302966529776431,0.11280827076236574,1.4678735566781091,0.7284485692728062,13,239411__549884
239411,T. Mings,134102,N. Aké,0.6979669075985074,0.0780528485327167,0.717682247778903,0.704867276661646,14,134102__239411
239411,T. Mings,283145,T. Adarabioyo,0.29133681123040495,0.11280827076236574,1.4678735566781091,0.7031246721371014,15,239411__283145
239411,T. Mings,488453,L. Martínez,0.2622464434137635,0.11280827076236574,1.4678735566781091,0.6842159330562845,16,239411__488453
239411,T. Mings,625787,M. van de Ven,0.25888734166912397,0.11280827076236574,1.4678735566781091,0.6820325169222687,17,239411__625787
239411,T. Mings,777938,Dean Huijsen,0.38850321018065265,0.09501637015741013,1.0838376754725016,0.6318702730327999,18,239411__777938
239411,T. Mings,393247,I. Konaté,0.15458809807960544,0.11280827076236574,1.4678735566781091,0.6142380085890817,19,239411__393247
239411,T. Mings,619747,L. Colwill,0.12524984129579086,0.11280827076236574,1.4678735566781091,0.5951681416796023,20,239411__619747
239411,T. Mings,578325,W. Saliba,0.5749166117739553,0.07197085111400842,0.5864031174574749,0.5789368887631872,21,239411__578325
239411,T. Mings,9380,J. Stones,0.39837179585636623,0.0780528485327167,0.717682247778903,0.510130454029254,22,9380__239411
239411,T. Mings,400549,Pau Torres,0.1524778283994013,0.0962349117193914,1.1101397380194784,0.4876594967664283,23,239411__400549
239411,T. Mings,8582,A. Cresswell,0.06668862687005513,0.09609830452423125,1.1071910893204326,0.43086448872768723,24,8582__239411
239411,T. Mings,590703,I. Zabarnyi,0.12331635421733028,0.08949690883745336,0.9647008143324688,0.41780091525762875,25,239411__590703
239411,T. Mings,50102,F. Schär,-0.10792944649224777,0.1084924327997185,1.37471675056015,0.4109967224760914,26,50102__239411
239411,T. Mings,415917,Gabriel Magalhaes,0.1401588636485407,0.08504027043084215,0.868504848780538,0.39507995844473975,27,239411__415917
239411,T. Mings,622200,J. Quansah,0.41901745308442206,0.059088053103262456,0.3083295829710779,0.3802766985447516,28,239411__622200
239411,T. Mings,62126,M. Doherty,-0.03995242376819211,0.08949690883745336,0.9647008143324688,0.3116762095670392,29,62126__239411
239411,T. Mings,482177,J. Kiwior,0.08898389828033326,0.0725391416931255,0.5986695963558162,0.26737389260675226,30,239411__482177
239411,T. Mings,397074,M. Guéhi,-0.1261201035905038,0.08949690883745336,0.9647008143324688,0.2556672176825366,31,239411__397074
239411,T. Mings,415953,Igor Julio,0.13887110275520906,0.05806678415456143,0.2862856243535774,0.190466185314638,32,239411__415953
239411,T. Mings,8135,L. Shaw,-0.04562682338270721,0.06311534236309276,0.3952581025322777,0.1086829006875375,33,8135__239411
239411,T. Mings,627012,Murillo,-0.25624286319373385,0.07912502340935267,0.7408250042891726,0.09273089042528337,34,239411__627012
239411,T. Mings,653730,A. Khusanov,-0.03111567630112172,0.05806678415456143,0.2862856243535774,0.07997477892802296,35,239411__653730
239411,T. Mings,447424,C. Bassey,-0.10394376476679423,0.05806678415456143,0.2862856243535774,0.032636521425335824,36,239411__447424
239411,T. Mings,270866,Diego Carlos,-0.13610404799905665,0.05806678415456143,0.2862856243535774,0.011732337324365252,37,239411__270866
239411,T. Mings,386292,A. Disasi,0.3618145590177206,0.013227695810409812,-0.6815603178559962,-0.003366647888080304,38,239411__386292
239411,T. Mings,136441,B. Davies,-0.20663344198334294,0.05806678415456143,0.2862856243535774,-0.03411176876542084,39,136441__239411
239411,T. Mings,623641,E. Agbadou,-0.21827658379921389,0.05806678415456143,0.2862856243535774,-0.04167981094573696,40,239411__623641
239411,T. Mings,767087,A. Gray,-0.04456069061261024,0.02331136192491239,-0.4639056845456287,-0.1913314384891667,41,239411__767087
239411,T. Mings,604320,J. Branthwaite,-0.2261871334828539,0.034755422229649044,-0.21688711799206298,-0.2229321280610771,42,239411__604320
239411,T. Mings,545267,R. Drăgușin,-0.3248242155782196,0.03862804395489126,-0.13329707722850714,-0.2577897171558202,43,239411__545267
239411,T. Mings,475597,S. Botman,-0.028452272799829537,0.008877623221133297,-0.7754560739769503,-0.2899036032118218,44,239411__475597
239411,T. Mings,402884,K. Walker-Peters,-0.004315461230818371,0.0,-0.9670784268912691,-0.3412824992119761,45,239411__402884
239411,T. Mings,8136,J. Stephens,-0.007373630034824941,0.00012496178474477398,-0.9643811428749612,-0.34232625952887263,46,8136__239411
239411,T. Mings,71703,V. Lindelöf,-0.029679570378299366,0.0,-0.9670784268912691,-0.35776917015783877,47,71703__239411
239411,T. Mings,557788,W. Fofana,-0.32017973185090176,0.02331136192491239,-0.4639056845456287,-0.37048381529405616,48,239411__557788
239411,T. Mings,594120,J. O'Brien,-0.06116933257452224,0.0,-0.9670784268912691,-0.37823751558538365,49,239411__594120
239411,T. Mings,240032,J. Bednarek,-0.09196798199574163,0.0018219547125564817,-0.9277517692682803,-0.3844923075411301,50,239411__240032
239411,T. Mings,15806,J. Vestergaard,-0.2316521619077115,0.01244105117898695,-0.6985399408278103,-0.3950628845297461,51,15806__239411
239411,T. Mings,255738,J. Lerma,-0.49966317616931366,0.034755422229649044,-0.21688711799206298,-0.40069155580727595,52,239411__255738
239411,T. Mings,412027,E. Konsa,-0.11465594886350977,0.0,-0.9670784268912691,-0.41300381617322557,53,239411__412027
239411,T. Mings,7953,C. Coady,-0.13570741330097386,0.0,-0.9670784268912691,-0.4266872680575772,54,7953__239411
239411,T. Mings,590874,Toti,-0.3687007594478901,0.018805024981114693,-0.5611743866166545,-0.43606652895695763,55,239411__590874
239411,T. Mings,769441,L. Yoro,-0.19449871373909144,0.0,-0.9670784268912691,-0.46490161334235364,56,239411__769441
239411,T. Mings,399581,D. O'Shea,-0.4930734441961769,0.021227293832451782,-0.5088900256877815,-0.4986092477182385,57,239411__399581
239411,T. Mings,288080,C. Burgess,-0.6616013872482991,0.034755422229649044,-0.21688711799206298,-0.5059513930086165,58,239411__288080
239411,T. Mings,366217,K. Danso,-0.4452103800084951,0.013537091208536519,-0.6748820580680871,-0.5255954673293523,59,239411__366217
239411,T. Mings,8360,C. Dawson,-0.29966266619562965,0.0,-0.9670784268912691,-0.5332581824391035,60,8360__239411
239411,T. Mings,413002,K. Mavropanos,-0.3044370944013932,0.0,-0.9670784268912691,-0.5363615607728498,61,239411__413002
239411,T. Mings,285382,W. Faes,-0.34589418266272476,0.0,-0.9670784268912691,-0.5633086681427153,62,239411__285382
239411,T. Mings,496001,M. Kilman,-0.37979968282156173,0.0,-0.9670784268912691,-0.5853472432459593,63,239411__496001
239411,T. Mings,520300,N. Wood,-0.39039187484911697,0.0,-0.9670784268912691,-0.5922321680638702,64,239411__520300
239411,T. Mings,365443,M. de Ligt,-0.5290125097053462,0.011372065199156654,-0.7216138654115744,-0.596422984202526,65,239411__365443
239411,T. Mings,8653,H. Maguire,-0.4396536441636577,0.0,-0.9670784268912691,-0.6242523181183217,66,8653__239411
239411,T. Mings,327391,J. Bree,-0.4454934004395636,0.0,-0.9670784268912691,-0.6280481596976606,67,239411__327391
239411,T. Mings,286380,I. Diop,-0.4687348617477811,0.0,-0.9670784268912691,-0.6431551095480019,68,239411__286380
239411,T. Mings,479155,N. Collins,-0.48051947975416454,0.0,-0.9670784268912691,-0.6508151112521512,69,239411__479155
239411,T. Mings,620468,J. Greaves,-0.4830420450379538,0.0,-0.9670784268912691,-0.6524547786866142,70,239411__620468
239411,T. Mings,346131,T. Chalobah,-0.48682121559122166,0.0,-0.9670784268912691,-0.6549112395462382,71,239411__346131
239411,T. Mings,192792,D. Burn,-0.49054338726137947,0.0,-0.9670784268912691,-0.6573306511318409,72,192792__239411
239411,T. Mings,645877,Y. Mosquera,-0.49327494163528096,0.0,-0.9670784268912691,-0.6591061614748768,73,239411__645877
239411,T. Mings,558243,S. van den Berg,-0.5008608848258005,0.0,-0.9670784268912691,-0.6640370245487145,74,239411__558243
239411,T. Mings,9433,J. Tarkowski,-0.5435333730633902,0.0,-0.9670784268912691,-0.6917741419031478,75,9433__239411
239411,T. Mings,501419,J. Todibo,-0.5543323375508376,0.0,-0.9670784268912691,-0.6987934688199886,76,239411__501419
239411,T. Mings,424806,E. Pinnock,-0.5600073035987221,0.0,-0.9670784268912691,-0.7024821967511136,77,239411__424806
239411,T. Mings,518805,L. Woolfenden,-0.5643363565676668,0.0,-0.9670784268912691,-0.7052960811809277,78,239411__518805
239411,T. Mings,583655,C. Okoli,-0.588865114624515,0.0,-0.9670784268912691,-0.7212397739178789,79,239411__583655
239411,T. Mings,504375,M. Lacroix,-0.6057318580719124,0.0,-0.9670784268912691,-0.7322031571586873,80,239411__504375
239411,T. Mings,364003,S. Bueno,-0.6132229144744593,0.0,-0.9670784268912691,-0.7370723438203428,81,239411__364003
239411,T. Mings,424241,N. Milenković,-0.6455502208156974,0.0,-0.9670784268912691,-0.7580850929421474,82,239411__424241
239411,T. Mings,7919,M. Keane,-0.6849828737958223,0.0,-0.9670784268912691,-0.7837163173792288,83,7919__239411
239411,T. Mings,534563,C. Richards,-0.7678644013671568,0.0,-0.9670784268912691,-0.8375893103005961,84,239411__534563
239411,T. Mings,563725,Morato,-0.7779066569839935,0.0,-0.9670784268912691,-0.84411677645154,85,239411__563725
239411,T. Mings,488709,L. Thomas,-0.7979347605182716,0.0,-0.9670784268912691,-0.8571350437488208,86,239411__488709
239411,T. Mings,508021,Jorge Cuenca,-0.8991024388435896,0.0,-0.9670784268912691,-0.9228940346602774,87,239411__508021
240032,J. Bednarek,568412,J. Gvardiol,1.7363874257211456,0.7210543719643763,2.5744579732624966,2.0297121173606185,1,240032__568412
240032,J. Bednarek,145787,J. Andersen,1.2340696003131595,0.6532450616905108,2.2529689556692722,1.590684374687799,2,145787__240032
240032,J. Bednarek,590781,J. van Hecke,1.0486532109211222,0.7210543719643763,2.5744579732624966,1.5826848777406033,3,240032__590781
240032,J. Bednarek,234399,A. Webster,0.9247266211661131,0.706537024424305,2.5056301415109665,1.4780428532868117,4,234399__240032
240032,J. Bednarek,257899,J. Gomez,1.032651396718397,0.6316036238903199,2.1503652785401486,1.42385125535601,5,240032__257899
240032,J. Bednarek,412968,M. Senesi,0.9039007772066967,0.6592904194660126,2.2816304495614275,1.3861061625308524,6,240032__412968
240032,J. Bednarek,415847,C. Romero,0.8981301076154383,0.6331296087685364,2.1576000871140537,1.3389446004399537,7,240032__415847
240032,J. Bednarek,370,V. van Dijk,0.9072071325078942,0.5020900667629135,1.5363318061787385,1.1274007682926896,8,370__240032
240032,J. Bednarek,258154,Rúben Dias,1.039211165685743,0.4476818955626164,1.2783785924152746,1.1229197650410792,9,240032__258154
240032,J. Bednarek,777938,Dean Huijsen,0.6024739140785135,0.5899504578052414,1.952884499127172,1.075117618845544,10,240032__777938
240032,J. Bednarek,297957,M. Akanji,0.9510029729454271,0.43937834231912665,1.2390108247149239,1.051805721064751,11,240032__297957
240032,J. Bednarek,9097,L. Dunk,0.7447983892016927,0.4520579939433099,1.2991260025219173,0.9388130538637713,12,9097__240032
240032,J. Bednarek,549884,T. Harwood-Bellis,0.5442673568755038,0.4502608186965833,1.2906054601040764,0.8054856930055041,13,240032__549884
240032,J. Bednarek,349142,N. Mazraoui,0.4952389361316356,0.4573908614298089,1.3244095266023883,0.785448642796399,14,240032__349142
240032,J. Bednarek,134102,N. Aké,0.6503705539349782,0.3295990782519158,0.7185391134626554,0.6742295497696653,15,134102__240032
240032,J. Bednarek,590703,I. Zabarnyi,0.3568372286570316,0.44451067862411275,1.2633436154479973,0.6741144640338697,16,240032__590703
240032,J. Bednarek,9380,J. Stones,0.3251458498714068,0.37817983435143454,0.948864115874452,0.5434472429724726,17,9380__240032
240032,J. Bednarek,400549,Pau Torres,0.3664485322972621,0.3331204304893636,0.7352341081004802,0.4955234838283884,18,240032__400549
240032,J. Bednarek,488453,L. Martínez,0.40860965983340225,0.2816741077903538,0.4913232398658691,0.4375594128447656,19,240032__488453
240032,J. Bednarek,8582,A. Cresswell,0.2674203879717829,0.3303253724343992,0.7219825285669711,0.42651713718009876,20,8582__240032
240032,J. Bednarek,415917,Gabriel Magalhaes,0.3325502977078789,0.2807136719916865,0.48676974182661964,0.38652710314943817,21,240032__415917
240032,J. Bednarek,619747,L. Colwill,0.3392205451936515,0.2655367236188074,0.4148146931356068,0.3656784969733359,22,240032__619747
240032,J. Bednarek,283145,T. Adarabioyo,0.4039653083284918,0.22729848838336558,0.2335243565919721,0.34431097522070997,23,240032__283145
240032,J. Bednarek,625787,M. van de Ven,0.33969766855883865,0.23748675443137818,0.2818276888265186,0.31944317565252667,24,240032__625787
240032,J. Bednarek,578325,W. Saliba,0.4033432109464725,0.20747496190271547,0.13953953315462583,0.3110119237193262,25,240032__578325
240032,J. Bednarek,622200,J. Quansah,0.4074080990960849,0.18480011784379177,0.03203639957102873,0.2760280042623152,26,240032__622200
240032,J. Bednarek,50102,F. Schär,0.07723186141035493,0.3066112742882502,0.6095522135361299,0.2635439846543762,27,50102__240032
240032,J. Bednarek,62126,M. Doherty,0.19356845067150896,0.26100316891470055,0.393320770809277,0.2634817627197278,28,62126__240032
240032,J. Bednarek,393247,I. Konaté,0.3071019659970729,0.2154704592888637,0.1774467849679905,0.26172265263689404,29,240032__393247
240032,J. Bednarek,397074,M. Guéhi,0.10740077084919752,0.22823386116549427,0.2379590289930847,0.15309616119955805,30,240032__397074
240032,J. Bednarek,415953,Igor Julio,0.26280719264879854,0.16511119710452746,-0.06131024796708255,0.14936608843324017,31,240032__415953
240032,J. Bednarek,386292,A. Disasi,0.260130289845457,0.14307586114207316,-0.1657814257787287,0.111061189376992,32,240032__386292
240032,J. Bednarek,653730,A. Khusanov,0.1674468562290402,0.17037434084392983,-0.03635728939253513,0.09611540526148885,33,240032__653730
240032,J. Bednarek,8135,L. Shaw,0.022300730457041923,0.22357491364096083,0.21587060991565438,0.09005018826755627,34,8135__240032
240032,J. Bednarek,482177,J. Kiwior,0.07220945731286207,0.20235165604925864,0.11524955646845596,0.08727349201731993,35,240032__482177
240032,J. Bednarek,627012,Murillo,-0.022721988754032918,0.22983043073600956,0.24552848487858456,0.0711656770173832,36,240032__627012
240032,J. Bednarek,594120,J. O'Brien,0.029254610158416655,0.19078643460608588,0.06041797559855432,0.04016178806246484,37,240032__594120
240032,J. Bednarek,604320,J. Branthwaite,0.007333740956847357,0.15272327705344116,-0.12004230454106125,-0.03724787496742065,38,240032__604320
240032,J. Bednarek,447424,C. Bassey,0.0561773822153018,0.13035543948310468,-0.22608989737351326,-0.04261616564078346,39,240032__447424
240032,J. Bednarek,270866,Diego Carlos,0.06488868791064915,0.06151609642120803,-0.5524623775440084,-0.15118418499848096,40,240032__270866
240032,J. Bednarek,402884,K. Walker-Peters,-0.1307119039315463,0.13569444078998127,-0.20077729239132944,-0.15523478989247042,41,240032__402884
240032,J. Bednarek,623641,E. Agbadou,-0.08271799071304145,0.11362519290021861,-0.3054092491896815,-0.16065993117986546,42,240032__623641
240032,J. Bednarek,7953,C. Coady,-0.18449135130842484,0.1435127676426643,-0.1637100193437148,-0.17721788512077633,43,7953__240032
240032,J. Bednarek,136441,B. Davies,-0.02670930291610287,0.06629552820494573,-0.5298027335717873,-0.2027920036455924,44,136441__240032
240032,J. Bednarek,8136,J. Stephens,-0.10736269990138197,0.07741715950829639,-0.4770742467709668,-0.23676174130573666,45,8136__240032
240032,J. Bednarek,8360,C. Dawson,-0.13198044067308978,0.08369200191308125,-0.4473247490674917,-0.24235094861113043,46,8360__240032
240032,J. Bednarek,255738,J. Lerma,-0.4501849650502589,0.1934609968303504,0.07309827537594554,-0.26703583090108735,47,240032__255738
240032,J. Bednarek,413002,K. Mavropanos,-0.1299798537610535,0.06249535563173609,-0.5478196362996234,-0.27622377764955297,48,240032__413002
240032,J. Bednarek,15806,J. Vestergaard,-0.15287668544349325,0.052883354550350266,-0.5933908531764704,-0.30705664415003525,49,15806__240032
240032,J. Bednarek,285382,W. Faes,-0.19949183632082346,0.06893856514782984,-0.5172718975140447,-0.31071485773845087,50,240032__285382
240032,J. Bednarek,475597,S. Botman,-0.05245621586944654,0.008877623221133297,-0.8020253205728142,-0.3148054025156252,51,240032__475597
240032,J. Bednarek,545267,R. Drăgușin,-0.13726938224279692,0.03862804395489126,-0.6609763481521761,-0.32056682031107964,52,240032__545267
240032,J. Bednarek,239411,T. Mings,-0.09196798199574163,0.005980492130747278,-0.8157608360105219,-0.34529548090091466,53,239411__240032
240032,J. Bednarek,71703,V. Lindelöf,-0.30863663972090066,0.07295236779719964,-0.4982421585984387,-0.374998571328039,54,71703__240032
240032,J. Bednarek,769441,L. Yoro,-0.17334772873594115,0.0,-0.8441147970237335,-0.4081162026366685,55,240032__769441
240032,J. Bednarek,590874,Toti,-0.21155076543564805,0.01116871080351425,-0.791163102787308,-0.41441508350872897,56,240032__590874
240032,J. Bednarek,496001,M. Kilman,-0.21118938864787642,0.009698114616721796,-0.798135309427647,-0.41662046092079613,57,240032__496001
240032,J. Bednarek,767087,A. Gray,-0.22908499617222167,0.0,-0.8441147970237335,-0.44434542647025077,58,240032__767087
240032,J. Bednarek,399581,D. O'Shea,-0.32965825205606697,0.021227293832451782,-0.7434746074569061,-0.47449397644636065,59,240032__399581
240032,J. Bednarek,286380,I. Diop,-0.32598999502575726,0.0,-0.8441147970237335,-0.507333675725049,60,240032__286380
240032,J. Bednarek,479155,N. Collins,-0.3324421164852255,0.0,-0.8441147970237335,-0.5115275546737033,61,240032__479155
240032,J. Bednarek,327391,J. Bree,-0.41492697535114875,0.03184549238813583,-0.6931329330099929,-0.5122990605317441,62,240032__327391
240032,J. Bednarek,346131,T. Chalobah,-0.3364582037425734,0.0,-0.8441147970237335,-0.5141380113909795,63,240032__346131
240032,J. Bednarek,8653,H. Maguire,-0.35476443273243347,0.0,-0.8441147970237335,-0.5260370602343885,64,8653__240032
240032,J. Bednarek,557788,W. Fofana,-0.36276723165741653,0.0,-0.8441147970237335,-0.5312388795356274,65,240032__557788
240032,J. Bednarek,9433,J. Tarkowski,-0.4005229776648235,0.0,-0.8441147970237335,-0.555780114440442,66,9433__240032
240032,J. Bednarek,620468,J. Greaves,-0.41221739075345665,0.0,-0.8441147970237335,-0.5633814829480535,67,240032__620468
240032,J. Bednarek,366217,K. Danso,-0.4158261857007616,0.0,-0.8441147970237335,-0.5657271996638018,68,240032__366217
240032,J. Bednarek,645877,Y. Mosquera,-0.42172988536782485,0.0,-0.8441147970237335,-0.5695646044473929,69,240032__645877
240032,J. Bednarek,412027,E. Konsa,-0.4341190812079382,0.0,-0.8441147970237335,-0.5776175817434666,70,240032__412027
240032,J. Bednarek,288080,C. Burgess,-0.5638670290416146,0.04487664705616696,-0.6313512529514461,-0.5874865074100556,71,240032__288080
240032,J. Bednarek,504375,M. Lacroix,-0.5168210868305235,0.0,-0.8441147970237335,-0.631373885398147,72,240032__504375
240032,J. Bednarek,424806,E. Pinnock,-0.5797507377144555,0.0,-0.8441147970237335,-0.6722781584727028,73,240032__424806
240032,J. Bednarek,192792,D. Burn,-0.6212119468393553,0.0,-0.8441147970237335,-0.6992279444038877,74,192792__240032
240032,J. Bednarek,365443,M. de Ligt,-0.6424442022509813,0.0,-0.8441147970237335,-0.7130289104214446,75,240032__365443
240032,J. Bednarek,583655,C. Okoli,-0.6446898723502099,0.0,-0.8441147970237335,-0.7144885959859432,76,240032__583655
240032,J. Bednarek,501419,J. Todibo,-0.6546871797555074,0.0,-0.8441147970237335,-0.7209868457993865,77,240032__501419
240032,J. Bednarek,518805,L. Woolfenden,-0.6767211662042386,0.0,-0.8441147970237335,-0.7353089369910618,78,240032__518805
240032,J. Bednarek,520300,N. Wood,-0.7925035067339171,0.0,-0.8441147970237335,-0.8105674583353528,79,240032__520300
240032,J. Bednarek,558243,S. van den Berg,-0.8056065834817794,0.0,-0.8441147970237335,-0.8190844582214634,80,240032__558243
240032,J. Bednarek,7919,M. Keane,-0.8081917468147536,0.0,-0.8441147970237335,-0.8207648143878965,81,7919__240032
240032,J. Bednarek,364003,S. Bueno,-0.8109627059980072,0.0,-0.8441147970237335,-0.8225659378570114,82,240032__364003
240032,J. Bednarek,534563,C. Richards,-0.8127357013372762,0.0,-0.8441147970237335,-0.8237183848275362,83,240032__534563
240032,J. Bednarek,424241,N. Milenković,-0.8136590750046868,0.0,-0.8441147970237335,-0.8243185777113531,84,240032__424241
240032,J. Bednarek,563725,Morato,-0.915698753361563,0.0,-0.8441147970237335,-0.8906443686433227,85,240032__563725
240032,J. Bednarek,488709,L. Thomas,-0.9246409037573557,0.0,-0.8441147970237335,-0.896456766400588,86,240032__488709
240032,J. Bednarek,508021,Jorge Cuenca,-0.989326586265477,0.0,-0.8441147970237335,-0.9385024600308667,87,240032__508021
255738,J. Lerma,568412,J. Gvardiol,1.3795684255566876,0.8900947542815143,2.574606292308364,1.7978316789197741,1,255738__568412
255738,J. Lerma,297957,M. Akanji,0.7806180932796076,0.9155532839415609,2.6783015572150646,1.4448073056570174,2,255738__297957
255738,J. Lerma,134102,N. Aké,0.5027276584899327,0.9155619238597693,2.6783367485092735,1.264190839996702,3,134102__255738
255738,J. Lerma,258154,Rúben Dias,0.7317014348131441,0.7358019020120523,1.9461553015034652,1.1567602881547563,4,255738__258154
255738,J. Lerma,370,V. van Dijk,0.5587119510081461,0.7949220549465801,2.1869578930801246,1.1285980307333385,5,370__255738
255738,J. Lerma,578325,W. Saliba,0.40074229204008477,0.8192255202190883,2.285948459433944,1.0605644506279355,6,255738__578325
255738,J. Lerma,9380,J. Stones,0.22139161063435991,0.7464395965960806,1.9894837486925618,0.8402238589547306,7,9380__255738
255738,J. Lerma,590781,J. van Hecke,0.46811038444471853,0.543722257288473,1.1637947367433428,0.711599907749237,8,255738__590781
255738,J. Lerma,386292,A. Disasi,0.1876402392838502,0.6681563095670897,1.6706276994770477,0.7066858503514692,9,255738__386292
255738,J. Lerma,9097,L. Dunk,0.2619112972902492,0.5308925050013487,1.1115378083242384,0.5592805761521454,10,9097__255738
255738,J. Lerma,145787,J. Andersen,0.42643597625279106,0.3473568125825638,0.36397765856947534,0.40457556506363057,11,145787__255738
255738,J. Lerma,257899,J. Gomez,0.3825679084981899,0.3381003073204269,0.3262749405380448,0.3628653697121391,12,255738__257899
255738,J. Lerma,283145,T. Adarabioyo,0.012654577296831115,0.5016912978416007,0.9925982249131222,0.35563485396253297,13,255738__283145
255738,J. Lerma,71703,V. Lindelöf,-0.2602627249357169,0.5740931018979403,1.287498376320035,0.2814536605037962,14,71703__255738
255738,J. Lerma,622200,J. Quansah,0.045608210912839564,0.42748099503623804,0.690331868176697,0.27126149095518964,15,255738__622200
255738,J. Lerma,488453,L. Martínez,-0.06246417325389361,0.4535250342680487,0.7964119750581778,0.23814247865533136,16,255738__488453
255738,J. Lerma,8136,J. Stephens,-0.2037568558398114,0.5045940506233908,1.0044214418343556,0.21910554834614704,17,8136__255738
255738,J. Lerma,482177,J. Kiwior,-0.1693663860976075,0.4881271376036109,0.937349975784162,0.2179843405610118,18,255738__482177
255738,J. Lerma,234399,A. Webster,0.16994908023776306,0.33154478887664873,0.2995736254697538,0.21531767106895983,19,234399__255738
255738,J. Lerma,415847,C. Romero,0.2015320931699961,0.2861108019139505,0.11451622518876974,0.1710765393765669,20,255738__415847
255738,J. Lerma,415917,Gabriel Magalhaes,-0.13732209722986394,0.424394867498231,0.6777617466157603,0.1479572481161045,21,255738__415917
255738,J. Lerma,393247,I. Konaté,-0.1497840913864175,0.4170321214275763,0.6477725086498506,0.1293607186262763,22,255738__393247
255738,J. Lerma,625787,M. van de Ven,-0.18905450584607136,0.4192128120388261,0.6566546905210203,0.10694371288241071,23,255738__625787
255738,J. Lerma,402884,K. Walker-Peters,-0.2996521543160022,0.46032056471895605,0.8240908842370631,0.09365790917757066,24,255738__402884
255738,J. Lerma,412027,E. Konsa,-0.38729001398287694,0.4775638309493759,0.8943245184451774,0.06127507236694202,25,255738__412027
255738,J. Lerma,594120,J. O'Brien,-0.4164652912854266,0.48135566435372634,0.9097690541114792,0.04771672960349044,26,255738__594120
255738,J. Lerma,240032,J. Bednarek,-0.4501849650502589,0.4922973309422896,0.9543356111975486,0.04139723663647371,27,240032__255738
255738,J. Lerma,400549,Pau Torres,-0.1806312778749474,0.3557027004600439,0.39797133636207294,0.02187963710800972,28,255738__400549
255738,J. Lerma,549884,T. Harwood-Bellis,-0.10493247183628537,0.30131420659780067,0.17644128909572918,-0.006451655510080291,29,255738__549884
255738,J. Lerma,767087,A. Gray,-0.3798529062491048,0.4188250935762676,0.6550754725056408,-0.017627973684943843,30,255738__767087
255738,J. Lerma,7953,C. Coady,-0.4093547611699107,0.384295500268938,0.514432812739499,-0.08602911030161733,31,7953__255738
255738,J. Lerma,415953,Igor Julio,-0.2410427077685048,0.29482585287434965,0.15001354298682856,-0.10417302000413814,32,255738__415953
255738,J. Lerma,777938,Dean Huijsen,-0.2919101677579079,0.26623406734365357,0.03355619787102048,-0.17799693978778297,33,255738__777938
255738,J. Lerma,349142,N. Mazraoui,-0.1713393341702995,0.2085514509761893,-0.2013911563009176,-0.18185747191601587,34,255738__349142
255738,J. Lerma,475597,S. Botman,-0.36674430309215167,0.26840573301067994,0.04240162019658743,-0.223543229941093,35,255738__475597
255738,J. Lerma,15806,J. Vestergaard,-0.43681226710616106,0.29217976252608124,0.1392357391114789,-0.23519546492998705,36,15806__255738
255738,J. Lerma,412968,M. Senesi,-0.33132557057828727,0.22359868809432862,-0.14010217928948834,-0.26439738362720766,37,255738__412968
255738,J. Lerma,619747,L. Colwill,-0.35569830811059033,0.2336421508365866,-0.0991941007969024,-0.26592183555079957,38,255738__619747
255738,J. Lerma,270866,Diego Carlos,-0.40382904291003874,0.22344132909410364,-0.14074311902291647,-0.31174896954954595,39,255738__270866
255738,J. Lerma,769441,L. Yoro,-0.5199786505721107,0.25243128097791356,-0.022664000536281315,-0.34591852305957044,40,255738__769441
255738,J. Lerma,590703,I. Zabarnyi,-0.5482787394848972,0.2625891963459107,0.018710255520514692,-0.3498325912330031,41,255738__590703
255738,J. Lerma,520300,N. Wood,-0.8023827437068279,0.36658456613604573,0.4422943180511134,-0.36674577209154857,42,255738__520300
255738,J. Lerma,653730,A. Khusanov,-0.4681203699650084,0.20999635203129294,-0.1955059225630055,-0.37270531337430735,43,255738__653730
255738,J. Lerma,239411,T. Mings,-0.49966317616931366,0.19139278809638438,-0.271280192177111,-0.41972913177204274,44,239411__255738
255738,J. Lerma,8582,A. Cresswell,-0.5628858810437045,0.2101897526560625,-0.19471818150779158,-0.434027186206135,45,8582__255738
255738,J. Lerma,62126,M. Doherty,-0.5601838978670939,0.15413812534658394,-0.42302234596350746,-0.5121773547008386,46,62126__255738
255738,J. Lerma,8360,C. Dawson,-0.6428230530258443,0.167717279833478,-0.3677130236840956,-0.5465345427562323,47,8360__255738
255738,J. Lerma,413002,K. Mavropanos,-0.6043017991692282,0.14652063355213282,-0.45404919001530086,-0.5517133859653536,48,255738__413002
255738,J. Lerma,557788,W. Fofana,-0.8143535023517159,0.21939424610647468,-0.15722731304768703,-0.5843593360953058,49,255738__557788
255738,J. Lerma,447424,C. Bassey,-0.5610078460434094,0.09806115302815288,-0.6514297433023666,-0.5926555100840444,50,255738__447424
255738,J. Lerma,496001,M. Kilman,-0.6524990767917208,0.11216825492554122,-0.593970035776083,-0.6320139124362476,51,255738__496001
255738,J. Lerma,285382,W. Faes,-0.6705497099233535,0.11442515759128154,-0.5847774342033435,-0.6405294134213501,52,255738__285382
255738,J. Lerma,558243,S. van den Berg,-0.9266018886301013,0.20883603322691824,-0.2002320229074682,-0.6723724356271797,53,255738__558243
255738,J. Lerma,8135,L. Shaw,-0.7589434676804472,0.12214382264924584,-0.5533385008242572,-0.6869817292807807,54,8135__255738
255738,J. Lerma,136441,B. Davies,-0.6430703250202784,0.045776561220011475,-0.8643903765549775,-0.7205323430574231,55,136441__255738
255738,J. Lerma,192792,D. Burn,-0.861916280090455,0.12333002279754024,-0.5485069830480052,-0.7522230261255975,56,192792__255738
255738,J. Lerma,604320,J. Branthwaite,-0.8363041211766191,0.10598820723683028,-0.6191420190278348,-0.7602973854245446,57,255738__604320
255738,J. Lerma,397074,M. Guéhi,-0.7959994714475471,0.07071041993069437,-0.7628321515248773,-0.7843909094746127,58,255738__397074
255738,J. Lerma,8653,H. Maguire,-0.8490709437713081,0.06868088842997035,-0.7710986464644632,-0.8217806397139124,59,8653__255738
255738,J. Lerma,327391,J. Bree,-0.8158278765374516,0.03184549238813583,-0.921133082918805,-0.8526846987709253,60,255738__327391
255738,J. Lerma,50102,F. Schär,-1.0511663739460664,0.11357172994887146,-0.5882535346160588,-0.8891468801805638,61,50102__255738
255738,J. Lerma,623641,E. Agbadou,-0.8950494935549058,0.03614292501574752,-0.9036291885191914,-0.8980523867924057,62,255738__623641
255738,J. Lerma,620468,J. Greaves,-0.9312094313145732,0.042913602803011854,-0.8760515068492987,-0.9119041577517272,63,255738__620468
255738,J. Lerma,545267,R. Drăgușin,-0.9207384440783971,0.02512483356396639,-0.9485070320991257,-0.9304574498856522,64,255738__545267
255738,J. Lerma,590874,Toti,-0.8841240996106556,0.007636314177600442,-1.0197396081673797,-0.9315895276055091,65,255738__590874
255738,J. Lerma,627012,Murillo,-1.175134516178441,0.11245070463939896,-0.5928195884292645,-0.9713242914662292,66,255738__627012
255738,J. Lerma,286380,I. Diop,-0.957242154044571,0.0,-1.0508431177624278,-0.9900024913458209,67,255738__286380
255738,J. Lerma,479155,N. Collins,-0.9630225557454466,0.0,-1.0508431177624278,-0.99375975245139,68,255738__479155
255738,J. Lerma,365443,M. de Ligt,-1.0907504509810484,0.055302902017900585,-0.8255885900488669,-0.9979437996547849,69,255738__365443
255738,J. Lerma,645877,Y. Mosquera,-0.9938795483965934,0.004379715002347387,-1.033004078609393,-1.0075731339710734,70,255738__645877
255738,J. Lerma,366217,K. Danso,-1.0322794323187547,0.013537091208536519,-0.9957051236331632,-1.0194784242787978,71,255738__366217
255738,J. Lerma,424241,N. Milenković,-1.206919495483359,0.08402527792039674,-0.7085993366343905,-1.0325074398862202,72,255738__424241
255738,J. Lerma,346131,T. Chalobah,-1.0236832334635466,0.0,-1.0508431177624278,-1.033189192968155,73,255738__346131
255738,J. Lerma,501419,J. Todibo,-1.0672206967116509,0.01896597678456833,-0.9735927025518214,-1.0344508987557106,74,255738__501419
255738,J. Lerma,364003,S. Bueno,-1.1183741595656214,0.030143341610314404,-0.9280661217931725,-1.0517663463452642,75,255738__364003
255738,J. Lerma,9433,J. Tarkowski,-1.1600893962061554,0.03631008058979165,-0.9029483463117821,-1.0700900287431248,76,9433__255738
255738,J. Lerma,518805,L. Woolfenden,-1.0980032569569385,0.0,-1.0508431177624278,-1.0814972082388596,77,255738__518805
255738,J. Lerma,424806,E. Pinnock,-1.1314864748046336,0.0,-1.0508431177624278,-1.1032612998398617,78,255738__424806
255738,J. Lerma,399581,D. O'Shea,-1.2784258621497533,0.03812314920267396,-0.8955635274468536,-1.1444240450037384,79,255738__399581
255738,J. Lerma,583655,C. Okoli,-1.2778609693096437,0.0,-1.0508431177624278,-1.1984047212681181,80,255738__583655
255738,J. Lerma,7919,M. Keane,-1.4459323097720327,0.04050782565410046,-0.8858504898264796,-1.249903672791089,81,7919__255738
255738,J. Lerma,504375,M. Lacroix,-1.4139397126224569,0.006864327515649884,-1.022883990913923,-1.27707021002447,82,255738__504375
255738,J. Lerma,563725,Morato,-1.7504995539185826,0.04050782565410046,-0.8858504898264796,-1.4478723814863466,83,255738__563725
255738,J. Lerma,288080,C. Burgess,-1.7858069292817862,0.0,-1.0508431177624278,-1.5285695952500107,84,255738__288080
255738,J. Lerma,534563,C. Richards,-1.8003816002592663,0.0,-1.0508431177624278,-1.5380431313853729,85,255738__534563
255738,J. Lerma,488709,L. Thomas,-1.8386630958217363,0.0,-1.0508431177624278,-1.5629261035009783,86,255738__488709
255738,J. Lerma,508021,Jorge Cuenca,-2.036863054197169,0.0,-1.0508431177624278,-1.6917560764450095,87,255738__508021
257899,J. Gomez,568412,J. Gvardiol,2.069920939436163,0.007007800782876459,0.8676223488154279,1.6491164327189056,1,257899__568412
257899,J. Gomez,297957,M. Akanji,1.6700528145682418,0.007007800782876459,0.8676223488154279,1.3892021515547568,2,257899__297957
257899,J. Gomez,258154,Rúben Dias,1.6061354470054692,0.007007800782876459,0.8676223488154279,1.3476558626389548,3,257899__258154
257899,J. Gomez,134102,N. Aké,1.5154675199002523,0.007007800782876459,0.8676223488154279,1.2887217100205637,4,134102__257899
257899,J. Gomez,370,V. van Dijk,1.4610693399773915,0.007007800782876459,0.8676223488154279,1.2533628930707041,5,370__257899
257899,J. Gomez,578325,W. Saliba,1.4466336556286403,0.007007800782876459,0.8676223488154279,1.2439796982440159,6,257899__578325
257899,J. Gomez,386292,A. Disasi,1.3939007212111632,0.007007800782876459,0.8676223488154279,1.2097032908726557,7,257899__386292
257899,J. Gomez,590781,J. van Hecke,1.250591903667127,0.007007800782876459,0.8676223488154279,1.1165525594690322,8,257899__590781
257899,J. Gomez,622200,J. Quansah,1.2476584293547843,0.007007800782876459,0.8676223488154279,1.1146458011660096,9,257899__622200
257899,J. Gomez,9380,J. Stones,1.228034081691572,0.007007800782876459,0.8676223488154279,1.1018899751849216,10,9380__257899
257899,J. Gomez,9097,L. Dunk,1.220558509437215,0.007007800782876459,0.8676223488154279,1.0970308532195894,11,9097__257899
257899,J. Gomez,283145,T. Adarabioyo,1.1043947282837436,0.007007800782876459,0.8676223488154279,1.0215243954698332,12,257899__283145
257899,J. Gomez,625787,M. van de Ven,1.0931414727182953,0.007007800782876459,0.8676223488154279,1.0142097793522917,13,257899__625787
257899,J. Gomez,475597,S. Botman,1.0817769297789839,0.007007800782876459,0.8676223488154279,1.0068228264417394,14,257899__475597
257899,J. Gomez,488453,L. Martínez,1.0759313862552213,0.007007800782876459,0.8676223488154279,1.0030232231512937,15,257899__488453
257899,J. Gomez,8136,J. Stephens,1.0692148627479858,0.007007800782876459,0.8676223488154279,0.9986574828715906,16,8136__257899
257899,J. Gomez,71703,V. Lindelöf,1.0638535641481233,0.007007800782876459,0.8676223488154279,0.9951726387816799,17,71703__257899
257899,J. Gomez,412027,E. Konsa,1.037207102537358,0.007007800782876459,0.8676223488154279,0.9778524387346823,18,257899__412027
257899,J. Gomez,240032,J. Bednarek,1.032651396718397,0.007007800782876459,0.8676223488154279,0.9748912299523578,19,240032__257899
257899,J. Gomez,415953,Igor Julio,1.0319380700488903,0.007007800782876459,0.8676223488154279,0.9744275676171785,20,257899__415953
257899,J. Gomez,402884,K. Walker-Peters,1.0242105089151288,0.007007800782876459,0.8676223488154279,0.9694046528802334,21,257899__402884
257899,J. Gomez,415847,C. Romero,1.0240775749061415,0.007007800782876459,0.8676223488154279,0.9693182457743916,22,257899__415847
257899,J. Gomez,767087,A. Gray,1.0232656752980607,0.007007800782876459,0.8676223488154279,0.9687905110291393,23,257899__767087
257899,J. Gomez,482177,J. Kiwior,1.0219357056167555,0.007007800782876459,0.8676223488154279,0.9679260307362909,24,257899__482177
257899,J. Gomez,594120,J. O'Brien,1.0165208454453507,0.007007800782876459,0.8676223488154279,0.9644063716248776,25,257899__594120
257899,J. Gomez,393247,I. Konaté,1.0099936752420018,0.007007800782876459,0.8676223488154279,0.9601637109927008,26,257899__393247
257899,J. Gomez,415917,Gabriel Magalhaes,1.0080567139540375,0.007007800782876459,0.8676223488154279,0.9589046861555242,27,257899__415917
257899,J. Gomez,400549,Pau Torres,0.9557457965254862,0.007007800782876459,0.8676223488154279,0.9249025898269658,28,257899__400549
257899,J. Gomez,349142,N. Mazraoui,0.9443010618817214,0.007007800782876459,0.8676223488154279,0.9174635123085186,29,257899__349142
257899,J. Gomez,7953,C. Coady,0.941982764718899,0.007007800782876459,0.8676223488154279,0.915956619152684,30,7953__257899
257899,J. Gomez,769441,L. Yoro,0.9307469362439561,0.007007800782876459,0.8676223488154279,0.9086533306439712,31,257899__769441
257899,J. Gomez,549884,T. Harwood-Bellis,0.9235339437025791,0.007007800782876459,0.8676223488154279,0.9039648854920761,32,257899__549884
257899,J. Gomez,619747,L. Colwill,0.9068597421363278,0.007007800782876459,0.8676223488154279,0.8931266544740128,33,257899__619747
257899,J. Gomez,653730,A. Khusanov,0.8820191394140651,0.007007800782876459,0.8676223488154279,0.876980262704542,34,257899__653730
257899,J. Gomez,270866,Diego Carlos,0.8765435564086497,0.007007800782876459,0.8676223488154279,0.873421133751022,35,257899__270866
257899,J. Gomez,15806,J. Vestergaard,0.8490067920295424,0.007007800782876459,0.8676223488154279,0.8555222369046023,36,15806__257899
257899,J. Gomez,239411,T. Mings,0.8263741949654245,0.007007800782876459,0.8676223488154279,0.8408110488129257,37,239411__257899
257899,J. Gomez,447424,C. Bassey,0.8145019362316119,0.007007800782876459,0.8676223488154279,0.8330940806359475,38,257899__447424
257899,J. Gomez,557788,W. Fofana,0.7923059601078448,0.007007800782876459,0.8676223488154279,0.8186666961554989,39,257899__557788
257899,J. Gomez,520300,N. Wood,0.7510936790942275,0.007007800782876459,0.8676223488154279,0.7918787134966476,40,257899__520300
257899,J. Gomez,136441,B. Davies,0.7367735074923611,0.007007800782876459,0.8676223488154279,0.7825706019554345,41,136441__257899
257899,J. Gomez,496001,M. Kilman,0.7286236899517684,0.007007800782876459,0.8676223488154279,0.7772732205540491,42,257899__496001
257899,J. Gomez,285382,W. Faes,0.7018161231335411,0.007007800782876459,0.8676223488154279,0.7598483021222014,43,257899__285382
257899,J. Gomez,192792,D. Burn,0.6613196641394883,0.007007800782876459,0.8676223488154279,0.7335256037760671,44,192792__257899
257899,J. Gomez,558243,S. van den Berg,0.6510021665750675,0.007007800782876459,0.8676223488154279,0.7268192303591936,45,257899__558243
257899,J. Gomez,620468,J. Greaves,0.6155409817666593,0.007007800782876459,0.8676223488154279,0.7037694602337283,46,257899__620468
257899,J. Gomez,365443,M. de Ligt,0.5433829738372165,0.007007800782876459,0.8676223488154279,0.6568667550795904,47,257899__365443
257899,J. Gomez,501419,J. Todibo,0.5256228185478924,0.007007800782876459,0.8676223488154279,0.6453226541415298,48,257899__501419
257899,J. Gomez,364003,S. Bueno,0.47542665277993695,0.007007800782876459,0.8676223488154279,0.6126951463923587,49,257899__364003
257899,J. Gomez,145787,J. Andersen,1.2909610108492195,0.0,-1.151992315943657,0.4359273464717128,50,145787__257899
257899,J. Gomez,645877,Y. Mosquera,0.5753341629445169,0.004379715002347387,0.11022059795933353,0.41254441519970275,51,257899__645877
257899,J. Gomez,234399,A. Webster,1.076380341132808,0.0,-1.151992315943657,0.2964499111560453,52,234399__257899
257899,J. Gomez,412968,M. Senesi,1.0168299186831857,0.0,-1.151992315943657,0.2577421365637908,53,257899__412968
257899,J. Gomez,777938,Dean Huijsen,0.8480609875746438,0.0,-1.151992315943657,0.14804233134323858,54,257899__777938
257899,J. Gomez,590703,I. Zabarnyi,0.7754720505413841,0.0,-1.151992315943657,0.10085952227161982,55,257899__590703
257899,J. Gomez,8582,A. Cresswell,0.7735679884167239,0.0,-1.151992315943657,0.09962188189059068,56,8582__257899
257899,J. Gomez,62126,M. Doherty,0.7518112238463799,0.0,-1.151992315943657,0.08547998491986702,57,62126__257899
257899,J. Gomez,8135,L. Shaw,0.7101127699596554,0.0,-1.151992315943657,0.05837598989349613,58,8135__257899
257899,J. Gomez,413002,K. Mavropanos,0.7027004388888967,0.0,-1.151992315943657,0.05355797469750295,59,257899__413002
257899,J. Gomez,8360,C. Dawson,0.6919464785964898,0.0,-1.151992315943657,0.046567900507438476,60,8360__257899
257899,J. Gomez,397074,M. Guéhi,0.6911334371518207,0.0,-1.151992315943657,0.04603942356840357,61,257899__397074
257899,J. Gomez,604320,J. Branthwaite,0.6539715294807789,0.0,-1.151992315943657,0.02188418358222638,62,257899__604320
257899,J. Gomez,623641,E. Agbadou,0.6515681156068871,0.0,-1.151992315943657,0.020321964564196715,63,257899__623641
257899,J. Gomez,590874,Toti,0.6312550559938179,0.0,-1.151992315943657,0.007118475815701741,64,257899__590874
257899,J. Gomez,545267,R. Drăgușin,0.6209765985917043,0.0,-1.151992315943657,0.0004374785043279039,65,257899__545267
257899,J. Gomez,50102,F. Schär,0.6107967767389757,0.0,-1.151992315943657,-0.006179405699945684,66,50102__257899
257899,J. Gomez,8653,H. Maguire,0.6060799274122239,0.0,-1.151992315943657,-0.009245357762334316,67,8653__257899
257899,J. Gomez,286380,I. Diop,0.5910163639113681,0.0,-1.151992315943657,-0.01903667403789061,68,257899__286380
257899,J. Gomez,327391,J. Bree,0.5910068119486789,0.0,-1.151992315943657,-0.01904288281363864,69,257899__327391
257899,J. Gomez,479155,N. Collins,0.5792317459049848,0.0,-1.151992315943657,-0.026696675742039766,70,257899__479155
257899,J. Gomez,366217,K. Danso,0.5697328982759088,0.0,-1.151992315943657,-0.03287092670093916,71,257899__366217
257899,J. Gomez,346131,T. Chalobah,0.5663844792029529,0.0,-1.151992315943657,-0.03504739909836052,72,257899__346131
257899,J. Gomez,627012,Murillo,0.5597687719204665,0.0,-1.151992315943657,-0.03934760883197669,73,257899__627012
257899,J. Gomez,9433,J. Tarkowski,0.5114713749283845,0.0,-1.151992315943657,-0.07074091687682998,74,9433__257899
257899,J. Gomez,399581,D. O'Shea,0.5106618735505877,0.0,-1.151992315943657,-0.0712670927723979,75,257899__399581
257899,J. Gomez,424806,E. Pinnock,0.49974392206042706,0.0,-1.151992315943657,-0.0783637612410023,76,257899__424806
257899,J. Gomez,518805,L. Woolfenden,0.4954148690914821,0.0,-1.151992315943657,-0.08117764567081653,77,257899__518805
257899,J. Gomez,583655,C. Okoli,0.4708861110346341,0.0,-1.151992315943657,-0.09712133840776771,78,257899__583655
257899,J. Gomez,504375,M. Lacroix,0.45039200808404284,0.0,-1.151992315943657,-0.11044250532565203,79,257899__504375
257899,J. Gomez,424241,N. Milenković,0.4065075026985635,0.0,-1.151992315943657,-0.13896743382621363,80,257899__424241
257899,J. Gomez,255738,J. Lerma,0.3825679084981899,0.0,-1.151992315943657,-0.15452817005645647,81,255738__257899
257899,J. Gomez,7919,M. Keane,0.3747683518633268,0.0,-1.151992315943657,-0.1595978818691175,82,7919__257899
257899,J. Gomez,288080,C. Burgess,0.33620733565271976,0.0,-1.151992315943657,-0.18466254240601207,83,257899__288080
257899,J. Gomez,534563,C. Richards,0.29188682429199236,0.0,-1.151992315943657,-0.21347087479048488,84,257899__534563
257899,J. Gomez,563725,Morato,0.2818445686751558,0.0,-1.151992315943657,-0.21999834094142864,85,257899__563725
257899,J. Gomez,488709,L. Thomas,0.24046943853366376,0.0,-1.151992315943657,-0.24689217553339846,86,257899__488709
257899,J. Gomez,508021,Jorge Cuenca,0.16064878681555966,0.0,-1.151992315943657,-0.29877559915016616,87,257899__508021
258154,Rúben Dias,568412,J. Gvardiol,2.154835325316266,0.2598205051618602,3.0992914633020816,2.4853949736113017,1,258154__568412
258154,Rúben Dias,590781,J. van Hecke,1.6917817716111596,0.2879838758934314,3.503769733713334,2.3259775583469207,2,258154__590781
258154,Rúben Dias,234399,A. Webster,1.4949345127194182,0.2338621656567454,2.726481533487577,1.9259759699882737,3,234399__258154
258154,Rúben Dias,145787,J. Andersen,1.7838977358168868,0.18218419126741886,1.9842899152122857,1.8540349986052764,4,145787__258154
258154,Rúben Dias,297957,M. Akanji,1.6629251159148501,0.18850434585814857,2.0750590643299516,1.8071719978601357,5,258154__297957
258154,Rúben Dias,257899,J. Gomez,1.6061354470054692,0.1886961964135207,2.0778143943490024,1.771223078575706,6,257899__258154
258154,Rúben Dias,412968,M. Senesi,1.4822902903962252,0.18421092761551677,2.0133976104690645,1.668177852421719,7,258154__412968
258154,Rúben Dias,415847,C. Romero,1.5251745629709683,0.1722926424480627,1.8422289170357922,1.6361435868936567,8,258154__415847
258154,Rúben Dias,134102,N. Aké,1.509761614897125,0.16087366714907647,1.6782312399528727,1.5687259836666367,9,134102__258154
258154,Rúben Dias,349142,N. Mazraoui,1.3439663444938343,0.1722926424480627,1.8422289170357922,1.5183582448835196,10,258154__349142
258154,Rúben Dias,578325,W. Saliba,1.4392124041091487,0.14731810546074864,1.48354821715683,1.4547299386758372,11,258154__578325
258154,Rúben Dias,777938,Dean Huijsen,1.281707832089086,0.16011390085097324,1.667319585907533,1.4166719459255424,12,258154__777938
258154,Rúben Dias,386292,A. Disasi,1.3881948162080362,0.13083086905979951,1.2467609047687682,1.3386929472042923,13,258154__386292
258154,Rúben Dias,622200,J. Quansah,1.375548715104562,0.11715145343846678,1.0502991096417098,1.2617113531925637,14,258154__622200
258154,Rúben Dias,370,V. van Dijk,1.4941233873901323,0.08289751617075111,0.5583490006552977,1.1666023520329403,15,370__258154
258154,Rúben Dias,549884,T. Harwood-Bellis,1.294143785477522,0.10510149020368155,0.8772392747881563,1.148227206736244,16,258154__549884
258154,Rúben Dias,9380,J. Stones,1.339393046778432,0.08580328858748937,0.6000812852079233,1.080633930228754,17,9380__258154
258154,Rúben Dias,8582,A. Cresswell,1.1489191280005535,0.09229919345463121,0.6933745344592349,0.9894785202610921,18,8582__258154
258154,Rúben Dias,475597,S. Botman,1.2547643903067547,0.07536836841262941,0.45021646595617687,0.9731726167840525,19,258154__475597
258154,Rúben Dias,594120,J. O'Brien,1.161944289504127,0.08289751617075111,0.5583490006552977,0.9506859384070367,20,258154__594120
258154,Rúben Dias,240032,J. Bednarek,1.039211165685743,0.08348182847312104,0.566740809707389,0.8738465410933192,21,240032__258154
258154,Rúben Dias,8135,L. Shaw,1.0787436050632357,0.07653059156317613,0.4669081472980724,0.8646011948454285,22,8135__258154
258154,Rúben Dias,9097,L. Dunk,1.332787733516369,0.041711275773351215,-0.03316184651782358,0.8547053805044016,23,9097__258154
258154,Rúben Dias,590703,I. Zabarnyi,1.1325585496775294,0.06571967893446133,0.3116433786271891,0.8452382398099104,24,258154__590703
258154,Rúben Dias,619747,L. Colwill,1.1702115004816278,0.0441671102059907,0.002108493570299864,0.7613754480626631,25,258154__619747
258154,Rúben Dias,415917,Gabriel Magalhaes,1.1912007883676714,0.04013802649369859,-0.05575662587235229,0.7547656933836632,26,258154__415917
258154,Rúben Dias,415953,Igor Julio,1.183653591349949,0.02311543323527408,-0.30023265627035406,0.664293404682843,27,258154__415953
258154,Rúben Dias,71703,V. Lindelöf,1.0689550876108824,0.03531409775665436,-0.12503719497552135,0.6510577887056411,28,71703__258154
258154,Rúben Dias,488453,L. Martínez,1.213047243029156,0.014812226551222992,-0.41948211367522664,0.641661968182622,29,258154__488453
258154,Rúben Dias,625787,M. van de Ven,1.190326552164263,0.017170775595141456,-0.38560897231523883,0.6387491185964373,30,258154__625787
258154,Rúben Dias,412027,E. Konsa,1.0310072233395706,0.030238461274768036,-0.1979327544238879,0.6008782311223602,31,258154__412027
258154,Rúben Dias,7953,C. Coady,1.0460718973839578,0.02640857070239608,-0.2529370907067185,0.5914187515522211,32,7953__258154
258154,Rúben Dias,413002,K. Mavropanos,1.024560931018378,0.02807456808653143,-0.229010276446189,0.5858110084057796,33,258154__413002
258154,Rúben Dias,8360,C. Dawson,1.013806970725971,0.029057724167382705,-0.2148903305449249,0.5837629152811574,34,8360__258154
258154,Rúben Dias,283145,T. Adarabioyo,1.2153477463604183,0.0,-0.6322131760711824,0.5687014235093582,35,258154__283145
258154,Rúben Dias,400549,Pau Torres,1.1773755928331762,0.004505288688068255,-0.567508869416211,0.5666660310458906,36,258154__400549
258154,Rúben Dias,402884,K. Walker-Peters,1.0630813250954292,0.018590243849713067,-0.365222773873829,0.5631748904561888,37,258154__402884
258154,Rúben Dias,15806,J. Vestergaard,1.0526450428121321,0.015396256834956502,-0.4110943549341356,0.5403362536009385,38,15806__258154
258154,Rúben Dias,8136,J. Stephens,1.1062620637693223,0.008411446469505524,-0.5114091944714763,0.5400771233850429,39,8136__258154
258154,Rúben Dias,393247,I. Konaté,1.165525857484238,0.0,-0.6322131760711824,0.5363171957398409,40,258154__393247
258154,Rúben Dias,397074,M. Guéhi,1.013067113951954,0.016497638745770746,-0.39527646670639605,0.5201468607215315,41,258154__397074
258154,Rúben Dias,255738,J. Lerma,0.7317014348131441,0.05146523296109701,0.10692308048071121,0.5130290107967926,42,255738__258154
258154,Rúben Dias,653730,A. Khusanov,1.0860192706491711,0.003110184651990875,-0.587545152463956,0.5002717225595767,43,258154__653730
258154,Rúben Dias,482177,J. Kiwior,1.1087406300371119,0.0,-0.6322131760711824,0.49940679789920894,44,258154__482177
258154,Rúben Dias,239411,T. Mings,1.0484293592082992,0.006512938175447847,-0.5386752969015041,0.492942729569868,45,239411__258154
258154,Rúben Dias,50102,F. Schär,0.9360686103936694,0.020789107867825344,-0.3336430058342534,0.49166954471389646,46,50102__258154
258154,Rúben Dias,270866,Diego Carlos,1.0937889301973132,0.0,-0.6322131760711824,0.48968819300333977,47,258154__270866
258154,Rúben Dias,447424,C. Bassey,1.0631791576936078,0.0,-0.6322131760711824,0.4697918408759313,48,258154__447424
258154,Rúben Dias,62126,M. Doherty,1.0609120678107278,0.0,-0.6322131760711824,0.4683182324520593,49,62126__258154
258154,Rúben Dias,767087,A. Gray,1.0464738413325387,0.0,-0.6322131760711824,0.4589333852412364,50,258154__767087
258154,Rúben Dias,769441,L. Yoro,1.0398136034812024,0.0,-0.6322131760711824,0.4546042306378678,51,258154__769441
258154,Rúben Dias,136441,B. Davies,1.0242220380577045,0.0,-0.6322131760711824,0.4444697131125942,52,136441__258154
258154,Rúben Dias,496001,M. Kilman,0.986160601580775,0.0,-0.6322131760711824,0.41972977940258993,53,258154__496001
258154,Rúben Dias,285382,W. Faes,0.973985398282749,0.0,-0.6322131760711824,0.411815897258873,54,258154__285382
258154,Rúben Dias,604320,J. Branthwaite,0.963072373445127,0.0,-0.6322131760711824,0.40472243111441875,55,258154__604320
258154,Rúben Dias,623641,E. Agbadou,0.9606689595712353,0.0,-0.6322131760711824,0.4031602120963892,56,258154__623641
258154,Rúben Dias,557788,W. Fofana,0.9465424007051353,0.0,-0.6322131760711824,0.3939779488334242,57,258154__557788
258154,Rúben Dias,590874,Toti,0.9403558999581663,0.0,-0.6322131760711824,0.38995672334789433,58,258154__590874
258154,Rúben Dias,545267,R. Drăgușin,0.9300774425560526,0.0,-0.6322131760711824,0.3832757260365204,59,258154__545267
258154,Rúben Dias,8653,H. Maguire,0.9161071158569448,0.0011908903347288115,-0.615109780762729,0.380181202040059,60,8653__258154
258154,Rúben Dias,286380,I. Diop,0.9001172078757164,0.0,-0.6322131760711824,0.36380157349430187,61,258154__286380
258154,Rúben Dias,327391,J. Bree,0.900107655913027,0.0,-0.6322131760711824,0.3637953647185538,62,258154__327391
258154,Rúben Dias,479155,N. Collins,0.8883325898693328,0.0,-0.6322131760711824,0.3561415717901526,63,258154__479155
258154,Rúben Dias,620468,J. Greaves,0.8858100245855436,0.0,-0.6322131760711824,0.3545019043556895,64,258154__620468
258154,Rúben Dias,366217,K. Danso,0.8788337422402571,0.0,-0.6322131760711824,0.34996732083125337,65,258154__366217
258154,Rúben Dias,645877,Y. Mosquera,0.8755771279882162,0.0,-0.6322131760711824,0.3478505215674268,66,258154__645877
258154,Rúben Dias,346131,T. Chalobah,0.8754853231673008,0.0,-0.6322131760711824,0.3477908484338317,67,258154__346131
258154,Rúben Dias,192792,D. Burn,0.8690360901296991,0.0,-0.6322131760711824,0.3435988469593906,68,192792__258154
258154,Rúben Dias,627012,Murillo,0.868869615884815,0.0,-0.6322131760711824,0.343490638700216,69,258154__627012
258154,Rúben Dias,424241,N. Milenković,0.7283679948280448,0.016853480017081923,-0.3901659256659537,0.33688112265514536,70,258154__424241
258154,Rúben Dias,9433,J. Tarkowski,0.8205722188927326,0.0,-0.6322131760711824,0.3120973306553624,71,9433__258154
258154,Rúben Dias,399581,D. O'Shea,0.8197627175149357,0.0,-0.6322131760711824,0.31157115475979447,72,258154__399581
258154,Rúben Dias,501419,J. Todibo,0.8145197320726599,0.0,-0.6322131760711824,0.3081632142223152,73,258154__501419
258154,Rúben Dias,365443,M. de Ligt,0.8128607522648791,0.0,-0.6322131760711824,0.30708487734725765,74,258154__365443
258154,Rúben Dias,424806,E. Pinnock,0.8088447660247753,0.0,-0.6322131760711824,0.3044744862911901,75,258154__424806
258154,Rúben Dias,518805,L. Woolfenden,0.8045157130558304,0.0,-0.6322131760711824,0.301660601861376,76,258154__518805
258154,Rúben Dias,558243,S. van den Berg,0.7922069932264694,0.0,-0.6322131760711824,0.2936599339722913,77,258154__558243
258154,Rúben Dias,583655,C. Okoli,0.7799869549989822,0.0,-0.6322131760711824,0.2857169091244246,78,258154__583655
258154,Rúben Dias,520300,N. Wood,0.7695924273723147,0.0,-0.6322131760711824,0.2789604661670908,79,258154__520300
258154,Rúben Dias,504375,M. Lacroix,0.7594928520483909,0.0,-0.6322131760711824,0.2723957422065403,80,258154__504375
258154,Rúben Dias,364003,S. Bueno,0.755629155149038,0.0,-0.6322131760711824,0.26988433922196087,81,258154__364003
258154,Rúben Dias,7919,M. Keane,0.6838691958276748,0.0,-0.6322131760711824,0.22324036566307479,82,7919__258154
258154,Rúben Dias,288080,C. Burgess,0.6453081796170682,0.0,-0.6322131760711824,0.19817570512618052,83,258154__288080
258154,Rúben Dias,534563,C. Richards,0.6009876682563404,0.0,-0.6322131760711824,0.16936737274170746,84,258154__534563
258154,Rúben Dias,563725,Morato,0.5909454126395037,0.0,-0.6322131760711824,0.1628399065907636,85,258154__563725
258154,Rúben Dias,488709,L. Thomas,0.5495702824980119,0.0,-0.6322131760711824,0.1359460719987939,86,258154__488709
258154,Rúben Dias,508021,Jorge Cuenca,0.46974963077990756,0.0,-0.6322131760711824,0.08406264838202612,87,258154__508021
270866,Diego Carlos,568412,J. Gvardiol,1.794202384481986,0.051725218275298246,1.3390106307266467,1.6348852706676174,1,270866__568412
270866,Diego Carlos,258154,Rúben Dias,1.0937889301973132,0.051725218275298246,1.3390106307266467,1.1796165253825799,2,258154__270866
270866,Diego Carlos,297957,M. Akanji,1.0801037742492683,0.051725218275298246,1.3390106307266467,1.1707211740163508,3,270866__297957
270866,Diego Carlos,145787,J. Andersen,1.0683280317231112,0.051725218275298246,1.3390106307266467,1.1630669413743486,4,145787__270866
270866,Diego Carlos,370,V. van Dijk,0.9099007350623164,0.051725218275298246,1.3390106307266467,1.060089198544832,5,370__270866
270866,Diego Carlos,590781,J. van Hecke,0.9052946027371892,0.051725218275298246,1.3390106307266467,1.0570952125334994,6,270866__590781
270866,Diego Carlos,257899,J. Gomez,0.8765435564086497,0.051725218275298246,1.3390106307266467,1.0384070324199486,7,257899__270866
270866,Diego Carlos,134102,N. Aké,0.8022133394595934,0.051725218275298246,1.3390106307266467,0.990092391403062,8,134102__270866
270866,Diego Carlos,412968,M. Senesi,0.7685197834775797,0.051725218275298246,1.3390106307266467,0.9681915800147531,9,270866__412968
270866,Diego Carlos,234399,A. Webster,0.7554945713150862,0.051725218275298246,1.3390106307266467,0.9597251921091323,10,234399__270866
270866,Diego Carlos,415847,C. Romero,0.728898057764411,0.051725218275298246,1.3390106307266467,0.9424374583011934,11,270866__415847
270866,Diego Carlos,578325,W. Saliba,0.7002279730097452,0.051725218275298246,1.3390106307266467,0.9238019032106607,12,270866__578325
270866,Diego Carlos,9097,L. Dunk,0.6596732276494877,0.051725218275298246,1.3390106307266467,0.8974413187264934,13,9097__270866
270866,Diego Carlos,9380,J. Stones,0.5208772916040204,0.051725218275298246,1.3390106307266467,0.8072239602969395,14,9380__270866
270866,Diego Carlos,777938,Dean Huijsen,0.4642167824406217,0.051725218275298246,1.3390106307266467,0.7703946293407304,15,270866__777938
270866,Diego Carlos,549884,T. Harwood-Bellis,0.3750353070244763,0.051725218275298246,1.3390106307266467,0.712426670320236,16,270866__549884
270866,Diego Carlos,283145,T. Adarabioyo,0.34126960139469803,0.051725218275298246,1.3390106307266467,0.6904789616608801,17,270866__283145
270866,Diego Carlos,488453,L. Martínez,0.3072414530266308,0.051725218275298246,1.3390106307266467,0.6683606652216363,18,270866__488453
270866,Diego Carlos,625787,M. van de Ven,0.3038823512819911,0.051725218275298246,1.3390106307266467,0.6661772490876205,19,270866__625787
270866,Diego Carlos,415917,Gabriel Magalhaes,0.2368376820554212,0.051725218275298246,1.3390106307266467,0.6225982140903501,20,270866__415917
270866,Diego Carlos,482177,J. Kiwior,0.23028876974205154,0.051725218275298246,1.3390106307266467,0.6183414210866598,21,270866__482177
270866,Diego Carlos,400549,Pau Torres,0.22724354742962455,0.051725218275298246,1.3390106307266467,0.6163620265835823,22,270866__400549
270866,Diego Carlos,590703,I. Zabarnyi,0.22145623492791472,0.051725218275298246,1.3390106307266467,0.6126002734574709,23,270866__590703
270866,Diego Carlos,393247,I. Konaté,0.210757694840501,0.051725218275298246,1.3390106307266467,0.605646222400652,24,270866__393247
270866,Diego Carlos,619747,L. Colwill,0.16998849534262422,0.051725218275298246,1.3390106307266467,0.5791462427270321,25,270866__619747
270866,Diego Carlos,349142,N. Mazraoui,0.4154817500862684,0.04102148874878898,0.8825975972084962,0.5789722965790481,26,270866__349142
270866,Diego Carlos,8582,A. Cresswell,0.14699131440025387,0.051725218275298246,1.3390106307266467,0.5641980751144914,27,8582__270866
270866,Diego Carlos,62126,M. Doherty,0.05818745694239219,0.051725218275298246,1.3390106307266467,0.5064755677668813,28,62126__270866
270866,Diego Carlos,397074,M. Guéhi,-0.0279802228799194,0.051725218275298246,1.3390106307266467,0.4504665758823787,29,270866__397074
270866,Diego Carlos,627012,Murillo,-0.15810298248314952,0.051725218275298246,1.3390106307266467,0.36588678214027914,30,270866__627012
270866,Diego Carlos,50102,F. Schär,-0.05567631561182408,0.04102148874878898,0.8825975972084962,0.272719553875288,31,50102__270866
270866,Diego Carlos,386292,A. Disasi,0.513288853772565,0.010703729526509265,-0.41016866915158745,0.19007872074911164,32,270866__386292
270866,Diego Carlos,622200,J. Quansah,0.45646520210552594,0.0010212689487010288,-0.8230342216015629,0.008640403808044872,33,270866__622200
270866,Diego Carlos,8136,J. Stephens,0.16378102867613636,0.010703729526509265,-0.41016866915158745,-0.03710136556356697,34,8136__270866
270866,Diego Carlos,71703,V. Lindelöf,0.15970523805808723,0.010703729526509265,-0.41016866915158745,-0.039750629465298906,35,71703__270866
270866,Diego Carlos,402884,K. Walker-Peters,0.15711292526539716,0.010703729526509265,-0.41016866915158745,-0.041435632780547446,36,270866__402884
270866,Diego Carlos,594120,J. O'Brien,0.1227847684654728,0.010703729526509265,-0.41016866915158745,-0.06374893470049828,37,270866__594120
270866,Diego Carlos,545267,R. Drăgușin,-0.21660235325642038,0.02512483356396639,0.20475529955627952,-0.06912717477197544,38,270866__545267
270866,Diego Carlos,7953,C. Coady,0.04824668773902113,0.010703729526509265,-0.41016866915158745,-0.11219868717269187,39,7953__270866
270866,Diego Carlos,653730,A. Khusanov,0.013879333311745762,0.010703729526509265,-0.41016866915158745,-0.13453746755042087,40,270866__653730
270866,Diego Carlos,415953,Igor Julio,0.17708553754394984,0.0,-0.866581702669738,-0.18819799653084085,41,270866__415953
270866,Diego Carlos,15806,J. Vestergaard,-0.07007768123449595,0.010703729526509265,-0.41016866915158745,-0.18910952700547798,42,15806__270866
270866,Diego Carlos,8360,C. Dawson,-0.11053421332527719,0.010703729526509265,-0.41016866915158745,-0.21540627286448577,43,8360__270866
270866,Diego Carlos,413002,K. Mavropanos,-0.11626825004865565,0.010703729526509265,-0.41016866915158745,-0.2191333967346818,44,270866__413002
270866,Diego Carlos,604320,J. Branthwaite,-0.12804725277226953,0.010703729526509265,-0.41016866915158745,-0.2267897485050308,45,270866__604320
270866,Diego Carlos,475597,S. Botman,0.11401422097123581,0.0,-0.866581702669738,-0.22919435230310498,46,270866__475597
270866,Diego Carlos,8135,L. Shaw,-0.013866137324028915,0.005048558208531316,-0.6513083476076544,-0.23697091092329783,47,8135__270866
270866,Diego Carlos,285382,W. Faes,-0.16219643718876411,0.010703729526509265,-0.41016866915158745,-0.2489867183757523,48,270866__285382
270866,Diego Carlos,767087,A. Gray,0.07301421577547851,0.0,-0.866581702669738,-0.25584435568034725,49,270866__767087
270866,Diego Carlos,240032,J. Bednarek,0.06488868791064915,0.0,-0.866581702669738,-0.2611259487924863,50,240032__270866
270866,Diego Carlos,412027,E. Konsa,0.06195146932295211,0.0,-0.866581702669738,-0.26303514087448937,51,270866__412027
270866,Diego Carlos,496001,M. Kilman,-0.19610193734760095,0.009698114616721796,-0.45304865321606363,-0.2860332879015629,52,270866__496001
270866,Diego Carlos,239411,T. Mings,-0.13610404799905665,0.005980492130747278,-0.6115701622000704,-0.30251718796941146,53,239411__270866
270866,Diego Carlos,327391,J. Bree,-0.2649273511805643,0.010703729526509265,-0.41016866915158745,-0.31576181247042245,54,270866__327391
270866,Diego Carlos,769441,L. Yoro,-0.05013998210507192,0.0,-0.866581702669738,-0.335894584302705,55,270866__769441
270866,Diego Carlos,447424,C. Bassey,-0.058219982889411964,0.0,-0.866581702669738,-0.341146584812526,56,270866__447424
270866,Diego Carlos,136441,B. Davies,-0.15901094140104763,0.0,-0.866581702669738,-0.40666070784508923,57,136441__270866
270866,Diego Carlos,623641,E. Agbadou,-0.17936170905825827,0.0,-0.866581702669738,-0.41988870682227614,58,270866__623641
270866,Diego Carlos,557788,W. Fofana,-0.18858095824118304,0.0,-0.866581702669738,-0.42588121879117724,59,270866__557788
270866,Diego Carlos,520300,N. Wood,-0.22979323925480033,0.0,-0.866581702669738,-0.4526692014500285,60,270866__520300
270866,Diego Carlos,590874,Toti,-0.2577763921795253,0.0,-0.866581702669738,-0.47085825085109967,61,270866__590874
270866,Diego Carlos,8653,H. Maguire,-0.2816606149046,0.0,-0.866581702669738,-0.4863829956223983,62,8653__270866
270866,Diego Carlos,286380,I. Diop,-0.2980150842619752,0.0,-0.866581702669738,-0.49701340070469213,63,270866__286380
270866,Diego Carlos,479155,N. Collins,-0.3097997022683586,0.0,-0.866581702669738,-0.5046734024088414,64,270866__479155
270866,Diego Carlos,620468,J. Greaves,-0.31232226755214787,0.0,-0.866581702669738,-0.5063130698433044,65,270866__620468
270866,Diego Carlos,366217,K. Danso,-0.3192985498974346,0.0,-0.866581702669738,-0.5108476533677407,66,270866__366217
270866,Diego Carlos,192792,D. Burn,-0.3195672542095397,0.0,-0.866581702669738,-0.511022311170609,67,192792__270866
270866,Diego Carlos,645877,Y. Mosquera,-0.3225551641494754,0.0,-0.866581702669738,-0.5129644526315673,68,270866__645877
270866,Diego Carlos,346131,T. Chalobah,-0.32264696897039047,0.0,-0.866581702669738,-0.5130241257651621,69,270866__346131
270866,Diego Carlos,558243,S. van den Berg,-0.3298847517739607,0.0,-0.866581702669738,-0.5177286845874827,70,270866__558243
270866,Diego Carlos,399581,D. O'Shea,-0.3765725334060396,0.0,-0.866581702669738,-0.548075742648334,71,270866__399581
270866,Diego Carlos,9433,J. Tarkowski,-0.37756007324495877,0.0,-0.866581702669738,-0.5487176435436315,72,9433__270866
270866,Diego Carlos,501419,J. Todibo,-0.3836125600650318,0.0,-0.866581702669738,-0.5526517599766789,73,270866__501419
270866,Diego Carlos,365443,M. de Ligt,-0.3852715398728123,0.0,-0.866581702669738,-0.5537300968517362,74,270866__365443
270866,Diego Carlos,424806,E. Pinnock,-0.3892875261129163,0.0,-0.866581702669738,-0.5563404879078038,75,270866__424806
270866,Diego Carlos,518805,L. Woolfenden,-0.39361657908186115,0.0,-0.866581702669738,-0.559154372337618,76,270866__518805
270866,Diego Carlos,255738,J. Lerma,-0.40382904291003874,0.0,-0.866581702669738,-0.5657924738259335,77,255738__270866
270866,Diego Carlos,583655,C. Okoli,-0.4181453371387092,0.0,-0.866581702669738,-0.5750980650745692,78,270866__583655
270866,Diego Carlos,504375,M. Lacroix,-0.4386394400893006,0.0,-0.866581702669738,-0.5884192319924537,79,270866__504375
270866,Diego Carlos,364003,S. Bueno,-0.4425031369886535,0.0,-0.866581702669738,-0.590930634977033,80,270866__364003
270866,Diego Carlos,424241,N. Milenković,-0.46939973593350026,0.0,-0.866581702669738,-0.6084134242911834,81,270866__424241
270866,Diego Carlos,7919,M. Keane,-0.5142630963100165,0.0,-0.866581702669738,-0.6375746085359191,82,7919__270866
270866,Diego Carlos,288080,C. Burgess,-0.5528241125206234,0.0,-0.866581702669738,-0.6626392690728135,83,270866__288080
270866,Diego Carlos,534563,C. Richards,-0.5971446238813514,0.0,-0.866581702669738,-0.6914476014572867,84,270866__534563
270866,Diego Carlos,563725,Morato,-0.6071868794981876,0.0,-0.866581702669738,-0.6979750676082301,85,270866__563725
270866,Diego Carlos,488709,L. Thomas,-0.6378872035693113,0.0,-0.866581702669738,-0.7179302782544605,86,270866__488709
270866,Diego Carlos,508021,Jorge Cuenca,-0.7283826613577837,0.0,-0.866581702669738,-0.7767523258169677,87,270866__508021
283145,T. Adarabioyo,568412,J. Gvardiol,1.9032474194545685,0.14635383439692914,1.7888638115425033,1.8632131566853458,1,283145__568412
283145,T. Adarabioyo,145787,J. Andersen,1.3176263394601089,0.1598730725549771,2.0380148755785403,1.56976232710156,2,145787__283145
283145,T. Adarabioyo,258154,Rúben Dias,1.2153477463604183,0.1598730725549771,2.0380148755785403,1.5032812415867611,3,258154__283145
283145,T. Adarabioyo,590781,J. van Hecke,1.1666674387201468,0.1598730725549771,2.0380148755785403,1.4716390416205845,4,283145__590781
283145,T. Adarabioyo,257899,J. Gomez,1.1043947282837436,0.1598730725549771,2.0380148755785403,1.4311617798369225,5,257899__283145
283145,T. Adarabioyo,370,V. van Dijk,1.0273657610932792,0.13810330712600227,1.6368117784043739,1.2406718671521624,6,370__283145
283145,T. Adarabioyo,777938,Dean Huijsen,0.7419007498779274,0.1598730725549771,2.0380148755785403,1.1955406938731419,7,283145__777938
283145,T. Adarabioyo,412968,M. Senesi,1.01087542290489,0.12499319314852986,1.3952006159309545,1.1453892404640125,8,283145__412968
283145,T. Adarabioyo,234399,A. Webster,0.9868936589195945,0.12499319314852986,1.3952006159309545,1.1298010938735703,9,234399__283145
283145,T. Adarabioyo,549884,T. Harwood-Bellis,0.6508692794471862,0.15442282250327571,1.9375701919529702,1.1012145988242106,10,283145__549884
283145,T. Adarabioyo,415847,C. Romero,0.9304181787678003,0.12499319314852986,1.3952006159309545,1.0930920317749042,11,283145__415847
283145,T. Adarabioyo,590703,I. Zabarnyi,0.491097465121824,0.1580670255341686,2.004730563868588,1.0208690496831914,12,283145__590703
283145,T. Adarabioyo,297957,M. Akanji,1.2004910390827392,0.0780862451209867,0.5307350391640939,0.9660764391112133,13,283145__297957
283145,T. Adarabioyo,349142,N. Mazraoui,0.7013544202023061,0.12499319314852986,1.3952006159309545,0.944200588707333,14,283145__349142
283145,T. Adarabioyo,622200,J. Quansah,0.7194486716325865,0.12150849742011542,1.33097986336884,0.9334845887402752,15,283145__622200
283145,T. Adarabioyo,8582,A. Cresswell,0.4668130697782851,0.13108207962057072,1.5074149674771262,0.8310237339728794,16,8582__283145
283145,T. Adarabioyo,134102,N. Aké,0.939689847527086,0.07324445454130893,0.44150388126424944,0.7653247593350931,17,134102__283145
283145,T. Adarabioyo,9097,L. Dunk,0.7695943747513718,0.08785697923118913,0.7108035290827328,0.7490175787673482,18,9097__283145
283145,T. Adarabioyo,400549,Pau Torres,0.4849425955930402,0.11130757786399413,1.1429833260017805,0.7152568512360993,19,283145__400549
283145,T. Adarabioyo,8135,L. Shaw,0.38542351783109363,0.11970245039930692,1.2976955516588877,0.7047187296708215,20,8135__283145
283145,T. Adarabioyo,50102,F. Schär,0.27852395853081685,0.12499319314852986,1.3952006159309545,0.669360788620865,21,50102__283145
283145,T. Adarabioyo,9380,J. Stones,0.6852635555404007,0.07324445454130893,0.44150388126424944,0.5999476695437478,22,9380__283145
283145,T. Adarabioyo,625787,M. van de Ven,0.5030978648563222,0.08662861801366818,0.688165603721254,0.5678715734590484,23,283145__625787
283145,T. Adarabioyo,415953,Igor Julio,0.4646067338336361,0.08662861801366818,0.688165603721254,0.5428523382943024,24,283145__415953
283145,T. Adarabioyo,619747,L. Colwill,0.4511646429653148,0.08662861801366818,0.688165603721254,0.5341149792298935,25,283145__619747
283145,T. Adarabioyo,653730,A. Khusanov,0.3669724131328583,0.08662861801366818,0.688165603721254,0.47939002983879675,26,283145__653730
283145,T. Adarabioyo,578325,W. Saliba,0.8293732202930642,0.03487987940644724,-0.2655311309454512,0.44615669735958385,27,283145__578325
283145,T. Adarabioyo,397074,M. Guéhi,0.2940202564356409,0.08662861801366818,0.688165603721254,0.43197112798560544,28,283145__397074
283145,T. Adarabioyo,386292,A. Disasi,0.7605208394750769,0.03487987940644724,-0.2655311309454512,0.4014026498278921,29,283145__386292
283145,T. Adarabioyo,447424,C. Bassey,0.33507777187153626,0.07518725710283647,0.4773085116552283,0.38485853079582844,30,283145__447424
283145,T. Adarabioyo,62126,M. Doherty,0.3243113430930678,0.06426067335693969,0.27593843926335804,0.3073808267526694,31,62126__283145
283145,T. Adarabioyo,627012,Murillo,0.14273682690443673,0.0777180466756389,0.5239493731848162,0.27616121810256955,32,283145__627012
283145,T. Adarabioyo,255738,J. Lerma,0.012654577296831115,0.08662861801366818,0.688165603721254,0.24908343654537912,33,255738__283145
283145,T. Adarabioyo,475597,S. Botman,0.4976718423288604,0.03487987940644724,-0.2655311309454512,0.2305508016828514,34,283145__475597
283145,T. Adarabioyo,415917,Gabriel Magalhaes,0.4524199155267489,0.03836457513486168,-0.20131037838333685,0.2236143126582189,35,283145__415917
283145,T. Adarabioyo,488453,L. Martínez,0.46235498259206076,0.036410609274329965,-0.23732074136017062,0.21746847920877976,36,283145__488453
283145,T. Adarabioyo,623641,E. Agbadou,0.21955380486937914,0.058457010519950406,0.16898058008240302,0.2018531761939375,37,283145__623641
283145,T. Adarabioyo,8136,J. Stephens,0.43431204352273756,0.03487987940644724,-0.2655311309454512,0.1893669324588715,38,8136__283145
283145,T. Adarabioyo,71703,V. Lindelöf,0.43370923025363134,0.03487987940644724,-0.2655311309454512,0.18897510383395247,39,71703__283145
283145,T. Adarabioyo,270866,Diego Carlos,0.34126960139469803,0.04122779344738707,-0.14854306407217513,0.16983516848129243,40,270866__283145
283145,T. Adarabioyo,240032,J. Bednarek,0.4039653083284918,0.03487987940644724,-0.2655311309454512,0.1696415545826118,41,240032__283145
283145,T. Adarabioyo,393247,I. Konaté,0.39866272629755395,0.02535591585776766,-0.4410517944808715,0.10476264402510505,42,283145__393247
283145,T. Adarabioyo,15806,J. Vestergaard,0.29555249483423784,0.03487987940644724,-0.2655311309454512,0.09917322581134669,43,15806__283145
283145,T. Adarabioyo,239411,T. Mings,0.29133681123040495,0.03487987940644724,-0.2655311309454512,0.09643303146885532,44,239411__283145
283145,T. Adarabioyo,482177,J. Kiwior,0.366108066252128,0.02546194249075894,-0.43909779025984147,0.08428601647293871,45,283145__482177
283145,T. Adarabioyo,413002,K. Mavropanos,0.2674683830404836,0.03487987940644724,-0.2655311309454512,0.08091855314540641,46,283145__413002
283145,T. Adarabioyo,8360,C. Dawson,0.25671442274807693,0.03487987940644724,-0.2655311309454512,0.0739284789553421,47,8360__283145
283145,T. Adarabioyo,8653,H. Maguire,0.1590145678790505,0.03487987940644724,-0.2655311309454512,0.010423573290474913,48,8653__283145
283145,T. Adarabioyo,604320,J. Branthwaite,0.19831680294810777,0.028065354633898282,-0.39111854039350397,-0.007985567221456324,49,283145__604320
283145,T. Adarabioyo,594120,J. O'Brien,0.382929717646172,0.0,-0.9083453905930373,-0.0690165702375512,50,283145__594120
283145,T. Adarabioyo,412027,E. Konsa,0.3662674614779665,0.0,-0.9083453905930373,-0.07984703674688479,51,283145__412027
283145,T. Adarabioyo,136441,B. Davies,0.24629108901292152,0.01112734582467753,-0.7032753992440819,-0.08605718187702965,52,136441__283145
283145,T. Adarabioyo,767087,A. Gray,0.35232603423866937,0.0,-0.9083453905930373,-0.08890896445242794,53,283145__767087
283145,T. Adarabioyo,402884,K. Walker-Peters,0.34857707450955644,0.0,-0.9083453905930373,-0.09134578827635134,54,283145__402884
283145,T. Adarabioyo,496001,M. Kilman,0.21016481058770659,0.01361514714350507,-0.6574267842222989,-0.09349224759579533,55,283145__496001
283145,T. Adarabioyo,424241,N. Milenković,-0.028724553149849508,0.03487987940644724,-0.2655311309454512,-0.1116068553783101,56,283145__424241
283145,T. Adarabioyo,7953,C. Coady,0.2670573255260027,0.0,-0.9083453905930373,-0.14433362511566125,57,7953__283145
283145,T. Adarabioyo,769441,L. Yoro,0.2598072951845646,0.0,-0.9083453905930373,-0.14904614483759604,58,283145__769441
283145,T. Adarabioyo,285382,W. Faes,0.1873989458005019,0.0,-0.9083453905930373,-0.19611157193723677,59,283145__285382
283145,T. Adarabioyo,557788,W. Fofana,0.1599559482228882,0.0,-0.9083453905930373,-0.2139495203626857,60,283145__557788
283145,T. Adarabioyo,590874,Toti,0.15376944747591892,0.0,-0.9083453905930373,-0.21797074584821574,61,283145__590874
283145,T. Adarabioyo,545267,R. Drăgușin,0.1434909900738052,0.0,-0.9083453905930373,-0.22465174315958963,62,283145__545267
283145,T. Adarabioyo,399581,D. O'Shea,0.039826908840192216,0.008549937520968299,-0.7507754146900111,-0.23688390439537893,63,283145__399581
283145,T. Adarabioyo,286380,I. Diop,0.113530755393469,0.0,-0.9083453905930373,-0.24412589570180815,64,283145__286380
283145,T. Adarabioyo,327391,J. Bree,0.11352120343077984,0.0,-0.9083453905930373,-0.24413210447755612,65,283145__327391
283145,T. Adarabioyo,9433,J. Tarkowski,0.03922609891299157,0.006736868908085986,-0.784189129929657,-0.2489692311819354,66,9433__283145
283145,T. Adarabioyo,479155,N. Collins,0.10174613738708557,0.0,-0.9083453905930373,-0.2517858974059574,67,283145__479155
283145,T. Adarabioyo,620468,J. Greaves,0.09922357210329645,0.0,-0.9083453905930373,-0.25342556484042034,68,283145__620468
283145,T. Adarabioyo,366217,K. Danso,0.09224728975800967,0.0,-0.9083453905930373,-0.25796014836485676,69,283145__366217
283145,T. Adarabioyo,645877,Y. Mosquera,0.08899067550596901,0.0,-0.9083453905930373,-0.26007694762868316,70,283145__645877
283145,T. Adarabioyo,346131,T. Chalobah,0.0888988706850537,0.0,-0.9083453905930373,-0.2601366207622781,71,283145__346131
283145,T. Adarabioyo,192792,D. Burn,0.08244963764745203,0.0,-0.9083453905930373,-0.2643286222367192,72,192792__283145
283145,T. Adarabioyo,520300,N. Wood,0.08015403803483599,0.0,-0.9083453905930373,-0.2658207619849196,73,283145__520300
283145,T. Adarabioyo,501419,J. Todibo,0.027933279590412658,0.0,-0.9083453905930373,-0.2997642549737948,74,283145__501419
283145,T. Adarabioyo,365443,M. de Ligt,0.026274299782631915,0.0,-0.9083453905930373,-0.30084259184885226,75,283145__365443
283145,T. Adarabioyo,424806,E. Pinnock,0.02225831354252799,0.0,-0.9083453905930373,-0.30345298290491984,76,283145__424806
283145,T. Adarabioyo,518805,L. Woolfenden,0.017929260573583093,0.0,-0.9083453905930373,-0.306266867334734,77,283145__518805
283145,T. Adarabioyo,7919,M. Keane,-0.09421167137694872,0.010934613972394792,-0.7068273261728412,-0.30862715055551104,78,7919__283145
283145,T. Adarabioyo,558243,S. van den Berg,0.005620540744222323,0.0,-0.9083453905930373,-0.3142675352238185,79,283145__558243
283145,T. Adarabioyo,583655,C. Okoli,-0.006599497483264979,0.0,-0.9083453905930373,-0.32221056007168525,80,283145__583655
283145,T. Adarabioyo,504375,M. Lacroix,-0.02709360043385614,0.0,-0.9083453905930373,-0.3355317269895695,81,283145__504375
283145,T. Adarabioyo,364003,S. Bueno,-0.030957297333209316,0.0,-0.9083453905930373,-0.3380431299741491,82,283145__364003
283145,T. Adarabioyo,563725,Morato,-0.1871354545651196,0.010934613972394792,-0.7068273261728412,-0.36902760962782216,83,283145__563725
283145,T. Adarabioyo,288080,C. Burgess,-0.14127827286517908,0.0,-0.9083453905930373,-0.4097517640699294,84,283145__288080
283145,T. Adarabioyo,534563,C. Richards,-0.18559878422590675,0.0,-0.9083453905930373,-0.4385600964544024,85,283145__534563
283145,T. Adarabioyo,488709,L. Thomas,-0.23701616998423536,0.0,-0.9083453905930373,-0.471981397197316,86,283145__488709
283145,T. Adarabioyo,508021,Jorge Cuenca,-0.3168368217023397,0.0,-0.9083453905930373,-0.5238648208140838,87,283145__508021
285382,W. Faes,568412,J. Gvardiol,1.6618850713768993,0.24861141362794353,1.6306584806084,1.6509557646079245,1,285382__568412
285382,W. Faes,258154,Rúben Dias,0.973985398282749,0.24861141362794353,1.6306584806084,1.2038209770967268,2,258154__285382
285382,W. Faes,145787,J. Andersen,0.8936005984480027,0.24861141362794353,1.6306584806084,1.1515708572041417,3,145787__285382
285382,W. Faes,370,V. van Dijk,0.7860034130156099,0.24861141362794353,1.6306584806084,1.0816326866730863,4,370__285382
285382,W. Faes,590781,J. van Hecke,0.7504270302649296,0.24861141362794353,1.6306584806084,1.0585080378851441,5,285382__590781
285382,W. Faes,257899,J. Gomez,0.7018161231335411,0.24861141362794353,1.6306584806084,1.0269109482497416,6,257899__285382
285382,W. Faes,297957,M. Akanji,0.9591286910050699,0.19159281333970019,1.0439801057817524,0.9888266861769088,7,285382__297957
285382,W. Faes,234399,A. Webster,0.5325356679757747,0.24861141362794353,1.6306584806084,0.9168786523971935,8,234399__285382
285382,W. Faes,415847,C. Romero,0.5059391544250994,0.24861141362794353,1.6306584806084,0.8995909185892546,9,285382__415847
285382,W. Faes,9097,L. Dunk,0.4916382256707204,0.23624342685634986,1.5034012287229626,0.8457552767390052,10,9097__285382
285382,W. Faes,349142,N. Mazraoui,0.26240263212175086,0.24861141362794353,1.6306584806084,0.741292179092078,11,285382__349142
285382,W. Faes,412968,M. Senesi,0.5060268174910504,0.20149478358673872,1.14586390830842,0.7299697992771298,12,285382__412968
285382,W. Faes,549884,T. Harwood-Bellis,0.19407062565054203,0.24861141362794353,1.6306584806084,0.6968763748857922,13,285382__549884
285382,W. Faes,777938,Dean Huijsen,0.25840414347724094,0.2070142449066955,1.2026550007017995,0.5888919435058364,14,285382__777938
285382,W. Faes,625787,M. van de Ven,0.17173716602600592,0.2196660990974207,1.3328330341441392,0.5781207198673526,15,285382__625787
285382,W. Faes,134102,N. Aké,0.6285890926932023,0.1315828403797542,0.4265227632381929,0.557865877383949,16,134102__285382
285382,W. Faes,622200,J. Quansah,0.3986121268571403,0.1651664722380951,0.7720729952646774,0.5293234307997783,17,285382__622200
285382,W. Faes,619747,L. Colwill,0.025835739459032295,0.22038939131646829,1.3402751653337943,0.485889538515199,18,285382__619747
285382,W. Faes,488453,L. Martínez,0.1406025066706369,0.19687431434006736,1.0983227660343158,0.47580459744792447,19,285382__488453
285382,W. Faes,400549,Pau Torres,0.046976919650070836,0.20823278646867677,1.2151928739506679,0.4558525036552798,20,285382__400549
285382,W. Faes,283145,T. Adarabioyo,0.1873989458005019,0.16704518302765597,0.7914035117490696,0.3988005438825006,21,283145__285382
285382,W. Faes,590703,I. Zabarnyi,-0.026082510484834148,0.20149478358673872,1.14586390830842,0.3840987360928048,22,285382__590703
285382,W. Faes,8582,A. Cresswell,-0.03942685018846584,0.19796392174160546,1.1095340040566786,0.36270944879733463,23,8582__285382
285382,W. Faes,393247,I. Konaté,0.0315481057137057,0.1787331062582922,0.9116634229251448,0.33958846673770937,24,285382__393247
285382,W. Faes,9380,J. Stones,0.2621912241402269,0.1315828403797542,0.4265227632381929,0.319707262824515,25,9380__285382
285382,W. Faes,50102,F. Schär,-0.2371772071067027,0.22049030754900387,1.3413135172224466,0.3152945464084995,26,50102__285382
285382,W. Faes,415953,Igor Julio,0.07497486146182442,0.16414520328939408,0.7615649083587213,0.3152813778757383,27,285382__415953
285382,W. Faes,578325,W. Saliba,0.4415419055459515,0.09577611923030083,0.05809861978962609,0.3073367555312376,28,285382__578325
285382,W. Faes,8135,L. Shaw,-0.13004568677699452,0.1691937614979254,0.8135107630451891,0.20019907066076975,29,8135__285382
285382,W. Faes,653730,A. Khusanov,-0.12018644213643158,0.16414520328939408,0.7615649083587213,0.18842653053687192,30,285382__653730
285382,W. Faes,62126,M. Doherty,-0.21351462369954327,0.1757163570712919,0.8806233500131153,0.1694336670998872,31,62126__285382
285382,W. Faes,415917,Gabriel Magalhaes,0.01711887128264089,0.12487882363705766,0.35754348932524116,0.13626748759755097,32,285382__415917
285382,W. Faes,397074,M. Guéhi,-0.2740716571694286,0.17362098106815804,0.8590635119610611,0.12252565202624277,33,285382__397074
285382,W. Faes,447424,C. Bassey,-0.2096994716940371,0.1444181005046341,0.5585879053580435,0.05920111027419109,34,285382__447424
285382,W. Faes,623641,E. Agbadou,-0.34752434441366875,0.14976811791596611,0.6136355477818739,-0.011118382145228839,35,285382__623641
285382,W. Faes,482177,J. Kiwior,-0.09805298540826524,0.10226386542387061,0.12485263293428225,-0.020036018988373615,36,285382__482177
285382,W. Faes,627012,Murillo,-0.4320911812669423,0.1613981744278929,0.7333000540844975,-0.024204248893938407,37,285382__627012
285382,W. Faes,270866,Diego Carlos,-0.16219643718876411,0.10685630639419172,0.17210538539286604,-0.045190799285193574,38,270866__285382
285382,W. Faes,386292,A. Disasi,0.2682560079050998,0.013227695810409812,-0.7912623720912861,-0.10257542509363526,39,285382__386292
285382,W. Faes,136441,B. Davies,-0.335881202597798,0.09124409985366652,0.011467559940285737,-0.21430913570946872,40,136441__285382
285382,W. Faes,767087,A. Gray,-0.20574672239828673,0.047116630041204796,-0.4425708090114854,-0.28863515271290624,41,285382__767087
285382,W. Faes,604320,J. Branthwaite,-0.4011289568659048,0.07977090925624152,-0.10658291446186396,-0.2980378420244905,42,285382__604320
285382,W. Faes,255738,J. Lerma,-0.6705497099233535,0.11702857324818929,0.27677033605874163,-0.33898769382962024,43,255738__285382
285382,W. Faes,475597,S. Botman,-0.0731336250544738,0.008877623221133297,-0.8360213367826889,-0.3401443241593491,44,285382__475597
285382,W. Faes,8136,J. Stephens,-0.16295724233394435,0.00012496178474477398,-0.9260796188336264,-0.43005007410883306,45,8136__285382
285382,W. Faes,240032,J. Bednarek,-0.19949183632082346,0.0018219547125564817,-0.9086188420353898,-0.44768628832092167,46,240032__285382
285382,W. Faes,402884,K. Walker-Peters,-0.19135234491941677,0.0,-0.9273653813114651,-0.44895690765663365,47,285382__402884
285382,W. Faes,71703,V. Lindelöf,-0.20469304974588798,0.0,-0.9273653813114651,-0.4576283657938399,48,71703__285382
285382,W. Faes,545267,R. Drăgușin,-0.4540719761926746,0.03862804395489126,-0.5299119549624385,-0.480615968762092,49,285382__545267
285382,W. Faes,594120,J. O'Brien,-0.27066854535720286,0.0,-0.9273653813114651,-0.5005124379411946,50,285382__594120
285382,W. Faes,557788,W. Fofana,-0.42347378345459474,0.027311400730184086,-0.6463516750187224,-0.5014810455020394,51,285382__557788
285382,W. Faes,412027,E. Konsa,-0.2779286162225678,0.0,-0.9273653813114651,-0.5052314840036818,52,285382__412027
285382,W. Faes,769441,L. Yoro,-0.29168785420206933,0.0,-0.9273653813114651,-0.5141749886903578,53,285382__769441
285382,W. Faes,15806,J. Vestergaard,-0.3680262793024145,0.01244105117898695,-0.7993563518031036,-0.5189918046776557,54,15806__285382
285382,W. Faes,239411,T. Mings,-0.34589418266272476,0.0,-0.9273653813114651,-0.5494091021897838,55,239411__285382
285382,W. Faes,7953,C. Coady,-0.34910049066456406,0.0,-0.9273653813114651,-0.5514932023909793,56,7953__285382
285382,W. Faes,590874,Toti,-0.4980276281905868,0.018805024981114693,-0.7338758631766317,-0.5805745104357025,57,285382__590874
285382,W. Faes,413002,K. Mavropanos,-0.46531538181352283,0.0,-0.9273653813114651,-0.6270328816378026,58,285382__413002
285382,W. Faes,8360,C. Dawson,-0.4910398640083102,0.0,-0.9273653813114651,-0.6437537950644143,59,8360__285382
285382,W. Faes,399581,D. O'Shea,-0.6150855704316149,0.021227293832451782,-0.7089525443664246,-0.6479390113087983,60,285382__399581
285382,W. Faes,366217,K. Danso,-0.5975797773980513,0.013537091208536519,-0.7880789268921017,-0.664254479720969,61,285382__366217
285382,W. Faes,496001,M. Kilman,-0.5414879761942409,0.0,-0.9273653813114651,-0.6765450679852694,62,285382__496001
285382,W. Faes,520300,N. Wood,-0.5515779066347934,0.0,-0.9273653813114651,-0.6831035227716284,63,285382__520300
285382,W. Faes,288080,C. Burgess,-0.8154268818379757,0.04487664705616696,-0.46561854379729184,-0.6929939635237363,64,285382__288080
285382,W. Faes,8653,H. Maguire,-0.5833759201800889,0.0,-0.9273653813114651,-0.7037722315760705,65,8653__285382
285382,W. Faes,192792,D. Burn,-0.656970648712388,0.0,-0.9273653813114651,-0.7516088051220648,66,192792__285382
285382,W. Faes,286380,I. Diop,-0.6569725369567335,0.0,-0.9273653813114651,-0.7516100324808895,67,285382__286380
285382,W. Faes,346131,T. Chalobah,-0.6789283459671457,0.0,-0.9273653813114651,-0.7658813083376574,68,285382__346131
285382,W. Faes,365443,M. de Ligt,-0.742687301696056,0.011372065199156654,-0.8103554109555364,-0.7663711399368741,69,285382__365443
285382,W. Faes,558243,S. van den Berg,-0.6805640529759607,0.0,-0.9273653813114651,-0.7669445178933871,70,285382__558243
285382,W. Faes,327391,J. Bree,-0.6819790062077636,0.0,-0.9273653813114651,-0.7678642374940592,71,285382__327391
285382,W. Faes,479155,N. Collins,-0.6938811904696779,0.0,-0.9273653813114651,-0.7756006572643034,72,285382__479155
285382,W. Faes,645877,Y. Mosquera,-0.710247782937662,0.0,-0.9273653813114651,-0.786238942368493,73,285382__645877
285382,W. Faes,9433,J. Tarkowski,-0.7143421159282287,0.0,-0.9273653813114651,-0.7889002588123615,74,9433__285382
285382,W. Faes,620468,J. Greaves,-0.7155799599482332,0.0,-0.9273653813114651,-0.7897048574253643,75,285382__620468
285382,W. Faes,504375,M. Lacroix,-0.775180569393223,0.0,-0.9273653813114651,-0.8284452535646077,76,285382__504375
285382,W. Faes,501419,J. Todibo,-0.7782265318050802,0.0,-0.9273653813114651,-0.8304251291323148,77,285382__501419
285382,W. Faes,424806,E. Pinnock,-0.7948907286754605,0.0,-0.9273653813114651,-0.8412568570980621,78,285382__424806
285382,W. Faes,518805,L. Woolfenden,-0.7992197816444054,0.0,-0.9273653813114651,-0.8440707415278763,79,285382__518805
285382,W. Faes,583655,C. Okoli,-0.823385322061058,0.0,-0.9273653813114651,-0.8597783427987005,80,285382__583655
285382,W. Faes,424241,N. Milenković,-0.8267714684318411,0.0,-0.9273653813114651,-0.8619793379397095,81,285382__424241
285382,W. Faes,364003,S. Bueno,-0.8481063395511979,0.0,-0.9273653813114651,-0.8758470041672913,82,285382__364003
285382,W. Faes,7919,M. Keane,-0.8922585866589403,0.0,-0.9273653813114651,-0.904545964787324,83,7919__285382
285382,W. Faes,563725,Morato,-0.9851823698471113,0.0,-0.9273653813114651,-0.964946423859635,84,285382__563725
285382,W. Faes,534563,C. Richards,-0.9900205658483329,0.0,-0.9273653813114651,-0.9680912512604292,85,285382__534563
285382,W. Faes,488709,L. Thomas,-1.0096965488199088,0.0,-0.9273653813114651,-0.9808806401919534,86,285382__488709
285382,W. Faes,508021,Jorge Cuenca,-1.1339858639203282,0.0,-0.9273653813114651,-1.061668695007226,87,285382__508021
286380,I. Diop,568412,J. Gvardiol,1.5880168809698663,0.36072830008704726,1.8900303750820941,1.693721603909146,1,286380__568412
286380,I. Diop,258154,Rúben Dias,0.9001172078757164,0.36072830008704726,1.8900303750820941,1.2465868163979485,2,258154__286380
286380,I. Diop,297957,M. Akanji,0.8852605005980371,0.35077035119723365,1.8000196279161729,1.2054261951593845,3,286380__297957
286380,I. Diop,370,V. van Dijk,0.712135222608577,0.36072830008704726,1.8900303750820941,1.124398525974308,4,370__286380
286380,I. Diop,590781,J. van Hecke,0.6765588398578967,0.33787033253939747,1.6834152618268932,1.0289585875470455,5,286380__590781
286380,I. Diop,145787,J. Andersen,0.71913129776001,0.27186818285515846,1.086816215841376,0.8478210190884881,6,145787__286380
286380,I. Diop,9097,L. Dunk,0.4012855755208904,0.3265162635964495,1.5807848667288058,0.8141103274436607,7,9097__286380
286380,I. Diop,134102,N. Aké,0.5547209022861695,0.2907603782372876,1.2575843771129738,0.800723118475551,8,134102__286380
286380,I. Diop,257899,J. Gomez,0.5910163639113681,0.27186818285515846,1.086816215841376,0.764546312086871,9,257899__286380
286380,I. Diop,415847,C. Romero,0.40998054858317434,0.2680342081405672,1.0521605922291057,0.6347435638592502,10,286380__415847
286380,I. Diop,283145,T. Adarabioyo,0.113530755393469,0.32481334846408594,1.5653920719755616,0.6216822161972013,11,283145__286380
286380,I. Diop,578325,W. Saliba,0.4042802551320448,0.25818310947562295,0.9631156733358293,0.5998726515033694,12,286380__578325
286380,I. Diop,9380,J. Stones,0.2249295737263201,0.2907603782372876,1.2575843771129738,0.5863587549116489,13,9380__286380
286380,I. Diop,400549,Pau Torres,-0.02689127075696207,0.33002643228018225,1.612513580081051,0.5469004270363425,14,286380__400549
286380,I. Diop,488453,L. Martínez,0.06673431626360411,0.3102690312121308,1.4339247510089053,0.5452509684244595,15,286380__488453
286380,I. Diop,234399,A. Webster,0.3846567740475519,0.2376561463645606,0.7775707074880869,0.5221766507517391,16,234399__286380
286380,I. Diop,549884,T. Harwood-Bellis,0.10351598357689316,0.2908871084666905,1.258729902437846,0.5078408551782266,17,286380__549884
286380,I. Diop,393247,I. Konaté,-0.055144719886382115,0.3036986076252277,1.3745341332423575,0.44524287870867674,18,286380__393247
286380,I. Diop,622200,J. Quansah,0.24652532272835437,0.23150121520975045,0.7219357611623443,0.4129189761802508,19,286380__622200
286380,I. Diop,625787,M. van de Ven,0.03146537171271553,0.27458812473743494,1.1114020019084274,0.4094431922812146,20,286380__625787
286380,I. Diop,412968,M. Senesi,0.3235078674233675,0.2002162756757575,0.43914853121622965,0.36398209975086926,21,286380__412968
286380,I. Diop,349142,N. Mazraoui,0.09678587559030885,0.2443249327378149,0.837850434848464,0.35615847133066314,22,286380__349142
286380,I. Diop,777938,Dean Huijsen,0.0839348427892481,0.23994777348631213,0.7982849199968044,0.3339573698118928,23,286380__777938
286380,I. Diop,619747,L. Colwill,-0.11417909515729047,0.27564175931401497,1.12092589448181,0.3181076512163946,24,286380__619747
286380,I. Diop,415917,Gabriel Magalhaes,-0.07392374579050118,0.259521084356395,0.9752097421084376,0.29327297497412735,25,286380__415917
286380,I. Diop,386292,A. Disasi,0.1943878174980669,0.18531144540813363,0.30442250243108115,0.23289995722462187,26,286380__386292
286380,I. Diop,415953,Igor Julio,-0.054646392447358416,0.21435977678114262,0.5669928409354753,0.16292733923663338,27,286380__415953
286380,I. Diop,482177,J. Kiwior,-0.16582842300564732,0.2369061261432079,0.770791210900937,0.1619884488616572,28,286380__482177
286380,I. Diop,590703,I. Zabarnyi,-0.19553428286617888,0.23442831216635535,0.7483940395695187,0.13484062998631524,29,286380__590703
286380,I. Diop,8582,A. Cresswell,-0.23233874564982104,0.23034443307602323,0.7114795090448538,0.09799764349331513,30,8582__286380
286380,I. Diop,653730,A. Khusanov,-0.2585376462575298,0.22153630209313716,0.6318620637579141,0.05310225224787554,31,286380__653730
286380,I. Diop,270866,Diego Carlos,-0.2980150842619752,0.2220281208324978,0.6363076551834069,0.028997874543908536,32,270866__286380
286380,I. Diop,8136,J. Stephens,-0.1986195656184545,0.1722087113824686,0.1859857748864265,-0.06400769644174616,33,8136__286380
286380,I. Diop,71703,V. Lindelöf,-0.23191549028513503,0.17208374959772382,0.18485623468326579,-0.08604538654619474,34,71703__286380
286380,I. Diop,62126,M. Doherty,-0.38798392438753604,0.19023111371719076,0.34889180280675586,-0.1300774198695339,35,62126__286380
286380,I. Diop,15806,J. Vestergaard,-0.42289809749134116,0.18452480077671077,0.2973119546855647,-0.17082457922942412,36,15806__286380
286380,I. Diop,447424,C. Bassey,-0.3905731218172167,0.16802907487791255,0.14820568494823724,-0.20200053944930782,37,286380__447424
286380,I. Diop,402884,K. Walker-Peters,-0.259127782516799,0.13787171310712598,-0.12438927367002325,-0.2119693044204275,38,286380__402884
286380,I. Diop,475597,S. Botman,-0.23623832375253379,0.13194977694361998,-0.1779181584478244,-0.2158262658958855,39,286380__475597
286380,I. Diop,594120,J. O'Brien,-0.34758121712542805,0.13787171310712598,-0.12438927367002325,-0.2694640369160364,40,286380__594120
286380,I. Diop,8135,L. Shaw,-0.39626355358939624,0.1466683872376919,-0.044875387845872215,-0.2732776955791628,41,8135__286380
286380,I. Diop,50102,F. Schär,-0.5199421796514521,0.1702002037627855,0.16783070364268302,-0.27922167049850477,42,50102__286380
286380,I. Diop,240032,J. Bednarek,-0.32598999502575726,0.12489410843504316,-0.24169494634254007,-0.2964867279866312,43,240032__286380
286380,I. Diop,7953,C. Coady,-0.3954405915550911,0.13787171310712598,-0.12438927367002325,-0.3005726302953174,44,7953__286380
286380,I. Diop,767087,A. Gray,-0.34426546393307444,0.12629998792069191,-0.22898708206961405,-0.3039180302808633,45,286380__767087
286380,I. Diop,627012,Murillo,-0.6117621831809175,0.17885562186399695,0.2460677642004488,-0.3115217015974393,46,286380__627012
286380,I. Diop,412027,E. Konsa,-0.361470228293371,0.1149987386273935,-0.3311400358610019,-0.3508546609420418,47,286380__412027
286380,I. Diop,397074,M. Guéhi,-0.49294679980099637,0.14067834178045405,-0.09901991832396599,-0.3550723912840357,48,286380__397074
286380,I. Diop,604320,J. Branthwaite,-0.5680711055126197,0.15201535716462747,0.003456328205563641,-0.36803650371125557,49,286380__604320
286380,I. Diop,239411,T. Mings,-0.4687348617477811,0.12905264585323395,-0.20410557284096537,-0.37611461063039564,50,239411__286380
286380,I. Diop,136441,B. Davies,-0.5335386434861764,0.11207208942495721,-0.35759426698015456,-0.47195811170906876,51,136441__286380
286380,I. Diop,769441,L. Yoro,-0.4569214217733949,0.0911391762073064,-0.5468086503766745,-0.48838195178454274,52,286380__769441
286380,I. Diop,557788,W. Fofana,-0.6170922693361303,0.11617151796207292,-0.32053918368317724,-0.5132986893575967,53,286380__557788
286380,I. Diop,623641,E. Agbadou,-0.6374751568132182,0.10611084686550717,-0.4114784456148001,-0.5583763078937719,54,286380__623641
286380,I. Diop,496001,M. Kilman,-0.6454876379648955,0.10319193259092832,-0.43786276006301716,-0.5728189306992381,55,286380__496001
286380,I. Diop,413002,K. Mavropanos,-0.6007638360772681,0.08322363236583502,-0.6183579245574523,-0.6069217670453326,56,286380__413002
286380,I. Diop,285382,W. Faes,-0.6569725369567335,0.09449818831868886,-0.5164462541412209,-0.607788337971304,57,285382__286380
286380,I. Diop,8360,C. Dawson,-0.6266426072731808,0.08322363236583502,-0.6183579245574523,-0.6237429683226758,58,8360__286380
286380,I. Diop,520300,N. Wood,-0.7085898525232026,0.08886011723188883,-0.5674092583414713,-0.6591766445595966,59,286380__520300
286380,I. Diop,192792,D. Burn,-0.7883253561282052,0.08886011723188883,-0.5674092583414713,-0.7110047219028484,60,192792__286380
286380,I. Diop,558243,S. van den Berg,-0.8196167828287415,0.08886011723188883,-0.5674092583414713,-0.7313441492581969,61,286380__558243
286380,I. Diop,545267,R. Drăgușin,-0.7397062994016828,0.03862804395489126,-1.0214612420768987,-0.8383205293380083,62,286380__545267
286380,I. Diop,399581,D. O'Shea,-0.8737762852027391,0.05543933032304963,-0.8695025944114027,-0.8722804934257713,63,286380__399581
286380,I. Diop,255738,J. Lerma,-0.957242154044571,0.06996792184975965,-0.7381774196130689,-0.8805694969935453,64,255738__286380
286380,I. Diop,365443,M. de Ligt,-0.8996992475844652,0.055302902017900585,-0.8707357814679868,-0.8895620344436977,65,286380__365443
286380,I. Diop,8653,H. Maguire,-0.8129872469993644,0.03421203649059785,-1.0613779092289006,-0.8999239787797021,66,8653__286380
286380,I. Diop,327391,J. Bree,-0.8019137069226318,0.03184549238813583,-1.0827693026996597,-0.9002131654445915,67,286380__327391
286380,I. Diop,620468,J. Greaves,-0.8640866147120623,0.042913602803011854,-0.982723711064116,-0.905609598435281,68,286380__620468
286380,I. Diop,590874,Toti,-0.7922063689920273,0.018805024981114693,-1.2006431969811946,-0.9351592587882359,69,286380__590874
286380,I. Diop,366217,K. Danso,-0.8383285171643948,0.013537091208536519,-1.2482604985095647,-0.9818047106352044,70,286380__366217
286380,I. Diop,9433,J. Tarkowski,-0.9530368767045224,0.03421203649059785,-1.0613779092289006,-0.9909562380880548,71,9433__286380
286380,I. Diop,364003,S. Bueno,-1.005624360618222,0.030143341610314404,-1.0981551883871719,-1.0380101503373544,72,286380__364003
286380,I. Diop,501419,J. Todibo,-0.9519661160690488,0.01896597678456833,-1.1991883399371517,-1.038493894422885,73,286380__501419
286380,I. Diop,424241,N. Milenković,-1.0463435853764569,0.03421203649059785,-1.0613779092289006,-1.0516055987248123,74,286380__424241
286380,I. Diop,645877,Y. Mosquera,-0.9057168504536424,0.004379715002347387,-1.3310348010812205,-1.0545781331732946,75,286380__645877
286380,I. Diop,288080,C. Burgess,-1.1046313837925754,0.04487664705616696,-0.9649795870581164,-1.0557532549355149,76,286380__288080
286380,I. Diop,479155,N. Collins,-0.926039068960272,0.0,-1.3706234175821896,-1.0816435909779432,77,286380__479155
286380,I. Diop,7919,M. Keane,-1.1118307036035562,0.03421203649059785,-1.0613779092289006,-1.0941722255724269,78,7919__286380
286380,I. Diop,346131,T. Chalobah,-0.9472205176020141,0.0,-1.3706234175821896,-1.0954115325950755,79,286380__346131
286380,I. Diop,518805,L. Woolfenden,-0.9809170078857771,0.0,-1.3706234175821896,-1.1173142512795216,80,286380__518805
286380,I. Diop,504375,M. Lacroix,-1.0313592263309652,0.006864327515649884,-1.3085761772004603,-1.1283851591352885,81,286380__504375
286380,I. Diop,563725,Morato,-1.2047544867917273,0.03421203649059785,-1.0613779092289006,-1.154572684644738,82,286380__563725
286380,I. Diop,424806,E. Pinnock,-1.0388138591120288,0.0,-1.3706234175821896,-1.154947204576585,83,286380__424806
286380,I. Diop,583655,C. Okoli,-1.0738344438293448,0.0,-1.3706234175821896,-1.1777105846428406,84,286380__583655
286380,I. Diop,534563,C. Richards,-1.2528337305719868,0.0,-1.3706234175821896,-1.2940601210255578,85,286380__534563
286380,I. Diop,488709,L. Thomas,-1.2622945107813823,0.0,-1.3706234175821896,-1.3002096281616649,86,286380__488709
286380,I. Diop,508021,Jorge Cuenca,-1.3840717680484194,0.0,-1.3706234175821896,-1.379364845385239,87,286380__508021
288080,C. Burgess,568412,J. Gvardiol,1.3332078527112183,0.768107854632619,2.1546321990589004,1.620706373932907,1,288080__568412
288080,C. Burgess,297957,M. Akanji,0.6304514723393888,0.8933377799781139,2.6780791296532147,1.3471211523992277,2,288080__297957
288080,C. Burgess,134102,N. Aké,0.34078944741094735,0.8870623903339825,2.6518487103788964,1.1496601894497294,3,134102__288080
288080,C. Burgess,258154,Rúben Dias,0.6453081796170682,0.7363452401759316,2.021868061420598,1.1271041382483036,4,258154__288080
288080,C. Burgess,578325,W. Saliba,0.238804080961099,0.914078743870977,2.7647740139417265,1.1228935575043186,5,288080__578325
288080,C. Burgess,370,V. van Dijk,0.45732619434992905,0.7080694935781389,1.9036786372390904,0.9635495493611355,6,370__288080
288080,C. Burgess,386292,A. Disasi,0.02570202820486478,0.7304228613543384,1.9971131874763148,0.7156959339498723,7,288080__386292
288080,C. Burgess,590781,J. van Hecke,0.42174981159924874,0.44795153506355795,0.8164149772051764,0.5598826195613233,8,288080__590781
288080,C. Burgess,9380,J. Stones,0.05945339955537465,0.5814773594018233,1.3745378277308156,0.5197329494167789,9,9380__288080
288080,C. Burgess,9097,L. Dunk,0.14647654726224235,0.531435843165228,1.1653699470979322,0.5030892372047338,10,9097__288080
288080,C. Burgess,622200,J. Quansah,-0.0082837055302937,0.5223342186881266,1.1273261857300572,0.3891797564108291,11,288080__622200
288080,C. Burgess,145787,J. Andersen,0.3800754034073214,0.3308815810509464,0.32707580429059663,0.3615255437164677,12,145787__288080
288080,C. Burgess,257899,J. Gomez,0.33620733565271976,0.3386436454843061,0.3595203561140366,0.34436689281418065,13,257899__288080
288080,C. Burgess,283145,T. Adarabioyo,-0.14127827286517908,0.5320504713859033,1.1679390235761107,0.31694778088927233,14,283145__288080
288080,C. Burgess,71703,V. Lindelöf,-0.39727574816086164,0.5740931018979403,1.3436724661611925,0.21205612685185726,15,71703__288080
288080,C. Burgess,488453,L. Martínez,-0.18807471199504394,0.4720641800357567,0.9172031072338902,0.19877252473508297,16,288080__488453
288080,C. Burgess,415847,C. Romero,0.15517152032452647,0.28665414007782974,0.14221010097288747,0.1506350235514528,17,288080__415847
288080,C. Burgess,8136,J. Stephens,-0.3495467584584191,0.5045940506233908,1.05317428876059,0.14140560806823407,18,8136__288080
288080,C. Burgess,234399,A. Webster,0.12358850739229343,0.2827512208735445,0.12589633992731947,0.12439624877955255,19,234399__288080
288080,C. Burgess,482177,J. Kiwior,-0.33130459717659305,0.4604376967925147,0.8686057216609842,0.08866401441655894,20,288080__482177
288080,C. Burgess,625787,M. van de Ven,-0.27120842075530577,0.4249152284002534,0.7201258196266768,0.0757585633783881,21,288080__625787
288080,C. Burgess,240032,J. Bednarek,-0.5638670290416146,0.5545638827295383,1.2620425378321534,0.07520131936420416,22,240032__288080
288080,C. Burgess,415917,Gabriel Magalhaes,-0.29926030830884964,0.39235153379747034,0.5840132575404882,0.009885439738418572,23,288080__415917
288080,C. Burgess,402884,K. Walker-Peters,-0.46159036539498766,0.46032056471895605,0.8681161228353899,0.0038069054856444406,24,288080__402884
288080,C. Burgess,393247,I. Konaté,-0.30995374814503024,0.38997553357950526,0.574081845238245,-0.0005412904608839142,25,288080__393247
288080,C. Burgess,412027,E. Konsa,-0.5243030372080216,0.4775638309493759,0.9401910263125927,-0.011730114975806671,26,288080__412027
288080,C. Burgess,767087,A. Gray,-0.5168659294742493,0.445254787117126,0.8051428756587461,-0.05416284767770091,27,288080__767087
288080,C. Burgess,549884,T. Harwood-Bellis,-0.15129304468175514,0.2796553239550241,0.11295584080169115,-0.058805934762548945,28,288080__549884
288080,C. Burgess,400549,Pau Torres,-0.2817002990156101,0.3298535142712172,0.32277860137515463,-0.07013268387884247,29,288080__400549
288080,C. Burgess,415953,Igor Julio,-0.30945542070600646,0.2993862070517006,0.19542870155263856,-0.1327459779154807,30,288080__415953
288080,C. Burgess,7953,C. Coady,-0.5463677843950554,0.384295500268938,0.5503399481326834,-0.16252007801034685,31,7953__288080
288080,C. Burgess,349142,N. Mazraoui,-0.2176999070157692,0.20909478914006852,-0.1819792177961896,-0.20519766578891635,32,288080__349142
288080,C. Burgess,475597,S. Botman,-0.5037573263172963,0.33067228479792854,0.3262009696141019,-0.21327192274130696,33,288080__475597
288080,C. Burgess,777938,Dean Huijsen,-0.3382707406033775,0.2341907336428929,-0.07708100689231118,-0.24685433380450428,34,288080__777938
288080,C. Burgess,619747,L. Colwill,-0.4104040421480012,0.26353706893774015,0.0455833570119192,-0.25080845244202904,35,288080__619747
288080,C. Burgess,594120,J. O'Brien,-0.6237179709782958,0.3484367608602297,0.40045447126535255,-0.2652576161930189,36,288080__594120
288080,C. Burgess,15806,J. Vestergaard,-0.5738252903313054,0.29217976252608124,0.1653065781302488,-0.3151291363697614,37,15806__288080
288080,C. Burgess,412968,M. Senesi,-0.42734552587705,0.19155535439356797,-0.25529207218850647,-0.36712681708605976,38,288080__412968
288080,C. Burgess,270866,Diego Carlos,-0.5528241125206234,0.22344132909410364,-0.12201230267689911,-0.40203997907531985,39,270866__288080
288080,C. Burgess,590703,I. Zabarnyi,-0.5946393123303668,0.23054586264515003,-0.09231615560710174,-0.41882620747722404,40,288080__590703
288080,C. Burgess,769441,L. Yoro,-0.656991673797255,0.25243128097791356,-0.0008375811413562312,-0.4273377413676904,41,288080__769441
288080,C. Burgess,653730,A. Khusanov,-0.587319491930664,0.20999635203129294,-0.17821078683332522,-0.44413144514659547,42,288080__653730
288080,C. Burgess,8582,A. Cresswell,-0.6092464538891742,0.20538605624848796,-0.19748130200758018,-0.4651286507306163,43,8582__288080
288080,C. Burgess,520300,N. Wood,-0.9878303497628858,0.36658456613604573,0.476310245693401,-0.47538114135318543,44,288080__520300
288080,C. Burgess,239411,T. Mings,-0.6616013872482991,0.19139278809638438,-0.25597158093247535,-0.5196309550377608,45,239411__288080
288080,C. Burgess,62126,M. Doherty,-0.6641310202645171,0.15413812534658394,-0.4116918595552471,-0.5757773140162726,46,62126__288080
288080,C. Burgess,8360,C. Dawson,-0.7959480848038559,0.1802397241757055,-0.3025901272575257,-0.6232727996626404,47,8360__288080
288080,C. Burgess,413002,K. Mavropanos,-0.7639205335571948,0.15805992181350906,-0.3952991936859352,-0.634903064602254,48,288080__413002
288080,C. Burgess,557788,W. Fofana,-0.91834272586288,0.21939424610647468,-0.13892865203900512,-0.6455478000245238,49,288080__557788
288080,C. Burgess,447424,C. Bassey,-0.656455629545244,0.09806115302815288,-0.6460872642967469,-0.65282670170827,50,288080__447424
288080,C. Burgess,8135,L. Shaw,-0.7889868090900841,0.12214382264924584,-0.5454244278469162,-0.7037399756549754,51,8135__288080
288080,C. Burgess,496001,M. Kilman,-0.7964148308048596,0.11216825492554122,-0.5871211731855633,-0.7231620506381059,52,288080__496001
288080,C. Burgess,285382,W. Faes,-0.8154268818379757,0.11442515759128154,-0.57768757518754,-0.7322181245103232,53,285382__288080
288080,C. Burgess,558243,S. van den Berg,-1.0785034757722152,0.20883603322691824,-0.18306078826058111,-0.7650985351431433,54,288080__558243
288080,C. Burgess,136441,B. Davies,-0.7883476717448245,0.045776561220011475,-0.8646309472370866,-0.8150468181671162,55,136441__288080
288080,C. Burgess,397074,M. Guéhi,-0.8695598938078378,0.07071041993069437,-0.7604102366204225,-0.8313575137922424,56,288080__397074
288080,C. Burgess,192792,D. Burn,-0.9989293033155993,0.12333002279754024,-0.540466245327984,-0.838467233019934,57,192792__288080
288080,C. Burgess,604320,J. Branthwaite,-0.9953741208496346,0.10598820723683028,-0.6129530738647136,-0.8615267544049123,58,288080__604320
288080,C. Burgess,8653,H. Maguire,-1.0110091548502935,0.06868088842997035,-0.7688934488531821,-0.9262686577513046,59,8653__288080
288080,C. Burgess,327391,J. Bree,-0.9528408997625962,0.03184549238813583,-0.9228612400351152,-0.9423480188579779,60,288080__327391
288080,C. Burgess,623641,E. Agbadou,-1.0035110459365253,0.03614292501574752,-0.9048984574801217,-0.968996639976784,61,288080__623641
288080,C. Burgess,50102,F. Schär,-1.1415452537208233,0.08152839624811081,-0.7151923185950698,-0.9923217264268096,62,50102__288080
288080,C. Burgess,620468,J. Greaves,-1.0797257200732322,0.042913602803011854,-0.8765977897602545,-1.00863094446369,63,288080__620468
288080,C. Burgess,545267,R. Drăgușin,-1.0826766551573828,0.02512483356396639,-0.9509528341439321,-1.036573317802675,64,288080__545267
288080,C. Burgess,590874,Toti,-1.046062310689641,0.007636314177600442,-1.0240528680869112,-1.0383590057786856,65,288080__590874
288080,C. Burgess,627012,Murillo,-1.293961531043434,0.11245070463939896,-0.585940565312819,-1.0461541930377187,66,288080__627012
288080,C. Burgess,365443,M. de Ligt,-1.2206069950247458,0.055302902017900585,-0.8248119196628612,-1.0820787186480862,67,288080__365443
288080,C. Burgess,286380,I. Diop,-1.1046313837925754,0.0,-1.0559717980574512,-1.087600528785282,68,286380__288080
288080,C. Burgess,479155,N. Collins,-1.1219613676904256,0.0,-1.0559717980574512,-1.0988650183188846,69,288080__479155
288080,C. Burgess,645877,Y. Mosquera,-1.1375536045486943,0.004379715002347387,-1.037665084478155,-1.1025926225240055,70,288080__645877
288080,C. Burgess,366217,K. Danso,-1.1859724338390587,0.013537091208536519,-0.9993882871854738,-1.120667982510304,71,288080__366217
288080,C. Burgess,501419,J. Todibo,-1.2139206365029784,0.01896597678456833,-0.976696159217805,-1.1308920694531677,72,288080__501419
288080,C. Burgess,424241,N. Milenković,-1.3692803469133559,0.08434347811232346,-0.7034255946500664,-1.1362311836212045,73,288080__424241
288080,C. Burgess,346131,T. Chalobah,-1.1856214445425322,0.0,-1.0559717980574512,-1.1402440682727537,74,288080__346131
288080,C. Burgess,364003,S. Bueno,-1.2778406946822818,0.030143341610314404,-0.9299760378568117,-1.1560880647933671,75,288080__364003
288080,C. Burgess,518805,L. Woolfenden,-1.2601170687246293,0.0,-1.0559717980574512,-1.188666223991117,76,288080__518805
288080,C. Burgess,9433,J. Tarkowski,-1.3473754354899927,0.03631008058979165,-0.9041997660776974,-1.1922639511956894,77,9433__288080
288080,C. Burgess,424806,E. Pinnock,-1.2823923085046371,0.0,-1.0559717980574512,-1.2031451298481222,78,288080__424806
288080,C. Burgess,399581,D. O'Shea,-1.4621630870556699,0.03812314920267396,-0.8966213442448021,-1.264223477071866,79,288080__399581
288080,C. Burgess,583655,C. Okoli,-1.3997209396594257,0.0,-1.0559717980574512,-1.2794087400987346,80,288080__583655
288080,C. Burgess,7919,M. Keane,-1.6006684272499856,0.04050782565410046,-0.8866536662675458,-1.3507632609061317,81,7919__288080
288080,C. Burgess,504375,M. Lacroix,-1.5763005640524534,0.006864327515649884,-1.027279685060114,-1.3841432564051348,82,288080__504375
288080,C. Burgess,563725,Morato,-1.8565258325553595,0.04050782565410046,-0.8866536662675458,-1.5170705743546247,83,288080__563725
288080,C. Burgess,255738,J. Lerma,-1.7858069292817862,0.0,-1.0559717980574512,-1.530364633353269,84,255738__288080
288080,C. Burgess,534563,C. Richards,-1.9645361034222237,0.0,-1.0559717980574512,-1.6465385965445534,85,288080__534563
288080,C. Burgess,488709,L. Thomas,-2.01579708697164,0.0,-1.0559717980574512,-1.679858235851674,86,288080__488709
288080,C. Burgess,508021,Jorge Cuenca,-2.1402360979031556,0.0,-1.0559717980574512,-1.760743592957159,87,288080__508021
297957,M. Akanji,568412,J. Gvardiol,2.2599802135065277,0.2525425322193962,2.4490566470398933,2.3261569652432055,1,297957__568412
297957,M. Akanji,145787,J. Andersen,1.8968974117760191,0.2525425322193962,2.4490566470398933,2.090153144118375,2,145787__297957
297957,M. Akanji,257899,J. Gomez,1.6700528145682418,0.2525425322193962,2.4490566470398933,1.9427041559333198,3,257899__297957
297957,M. Akanji,590781,J. van Hecke,1.631887511866397,0.2525425322193962,2.4490566470398933,1.9178967091771206,4,297957__590781
297957,M. Akanji,412968,M. Senesi,1.6180638851003546,0.2525425322193962,2.4490566470398933,1.9089113517791931,5,297957__412968
297957,M. Akanji,415847,C. Romero,1.5740912214374312,0.2525425322193962,2.4490566470398933,1.880329120398293,6,297957__415847
297957,M. Akanji,234399,A. Webster,1.5554604706054551,0.2525425322193962,2.4490566470398933,1.8682191323575086,7,234399__297957
297957,M. Akanji,349142,N. Mazraoui,1.4080096309907946,0.2525425322193962,2.4490566470398933,1.7723760866079792,8,297957__349142
297957,M. Akanji,777938,Dean Huijsen,1.3369127795793523,0.24209969176028062,2.322798300945669,1.6819727120575632,9,297957__777938
297957,M. Akanji,549884,T. Harwood-Bellis,1.3430604439439855,0.18708728111298892,1.657675051176937,1.4531755564755184,10,297957__549884
297957,M. Akanji,258154,Rúben Dias,1.6629251159148501,0.0819857909093074,0.38695370126185724,1.2163351207863027,11,258154__297957
297957,M. Akanji,8582,A. Cresswell,1.179530697650639,0.15075232042556536,1.2183700498457863,1.1931244709189406,12,8582__297957
297957,M. Akanji,8135,L. Shaw,1.1276602635296993,0.1585163824724835,1.3122408349884567,1.1922634635402645,13,8135__297957
297957,M. Akanji,590703,I. Zabarnyi,1.1814752081439928,0.1477054698437687,1.1815323411055294,1.1814952046805307,14,297957__590703
297957,M. Akanji,622200,J. Quansah,1.336048517462044,0.12376887593514477,0.8921288239433128,1.180676624730488,15,297957__622200
297957,M. Akanji,619747,L. Colwill,1.2191281589480911,0.1261529011152981,0.9209526939882102,1.114766746212133,16,297957__619747
297957,M. Akanji,415953,Igor Julio,1.2325702498164124,0.10510122414458146,0.6664290395056386,1.0344208262076415,17,297957__415953
297957,M. Akanji,625787,M. van de Ven,1.2392432106307263,0.09915656650444885,0.5945556210925121,1.0136025542923512,18,297957__625787
297957,M. Akanji,370,V. van Dijk,1.446416764708421,0.0627117244437868,0.15392210760933078,0.9940436347237394,19,370__297957
297957,M. Akanji,397074,M. Guéhi,1.0619837724184171,0.09848342965507814,0.5864171126446085,0.895535441497584,20,297957__397074
297957,M. Akanji,653730,A. Khusanov,1.1349359291156345,0.08509597556129826,0.4245571456260035,0.8863033548942636,21,297957__653730
297957,M. Akanji,50102,F. Schär,0.9849852688601328,0.10277489877713274,0.6383027845349684,0.8636463993463253,22,50102__297957
297957,M. Akanji,255738,J. Lerma,0.7806180932796076,0.13345102387040442,1.0091900765528374,0.8606182874252382,23,255738__297957
297957,M. Akanji,9097,L. Dunk,1.336066858134031,0.044650613516649666,-0.0644443419416744,0.8458879381075342,24,9097__297957
297957,M. Akanji,400549,Pau Torres,1.2081120070777747,0.06311891342640877,0.15884519416752516,0.8408686225591874,25,297957__400549
297957,M. Akanji,447424,C. Bassey,1.1030412878543125,0.07034546652315869,0.24621726937349023,0.8031528813860247,26,297957__447424
297957,M. Akanji,62126,M. Doherty,1.092274859075844,0.05941888277726191,0.1141102628920562,0.7499172504115184,27,62126__297957
297957,M. Akanji,488453,L. Martínez,1.211224797756346,0.03156881869465218,-0.22260875943285907,0.7093830527401241,28,297957__488453
297957,M. Akanji,627012,Murillo,0.910700342887213,0.07287625609596111,0.2768155828328921,0.6888406768682007,29,297957__627012
297957,M. Akanji,134102,N. Aké,1.3580406667517044,0.0,-0.6042890936426937,0.6712252506136651,30,134102__297957
297957,M. Akanji,623641,E. Agbadou,0.9875173208521552,0.05361521994027262,0.04394153112261191,0.6572657944468151,31,297957__623641
297957,M. Akanji,578325,W. Saliba,1.2954314334664367,0.0,-0.6042890936426937,0.6305292489782411,32,297957__578325
297957,M. Akanji,386292,A. Disasi,1.2375246150732135,0.0,-0.6042890936426937,0.5928898170226461,33,297957__386292
297957,M. Akanji,9380,J. Stones,1.222154896524919,0.0,-0.6042890936426937,0.5828994999662546,34,9380__297957
297957,M. Akanji,283145,T. Adarabioyo,1.2004910390827392,0.0,-0.6042890936426937,0.5688179926288377,35,283145__297957
297957,M. Akanji,393247,I. Konaté,1.150669150206559,0.0,-0.6042890936426937,0.5364337648593205,36,297957__393247
297957,M. Akanji,475597,S. Botman,1.1472361812125944,0.0,-0.6042890936426937,0.5342023350132437,37,297957__475597
297957,M. Akanji,415917,Gabriel Magalhaes,1.1451223655287885,0.0,-0.6042890936426937,0.5328283548187698,38,297957__415917
297957,M. Akanji,482177,J. Kiwior,1.0938839227594324,0.0,-0.6042890936426937,0.49952336701868827,39,297957__482177
297957,M. Akanji,604320,J. Branthwaite,0.9635868835929698,0.019760936296295523,-0.3653710383672514,0.4984516109068925,40,297957__604320
297957,M. Akanji,270866,Diego Carlos,1.0801037742492683,0.0015061234612620466,-0.5860794256910338,0.4969396542701626,41,270866__297957
297957,M. Akanji,8136,J. Stephens,1.084862439161853,0.0,-0.6042890936426937,0.49365940268026176,42,8136__297957
297957,M. Akanji,136441,B. Davies,1.0142546049956978,0.006285555244999746,-0.528294079391106,0.4743625654603164,43,136441__297957
297957,M. Akanji,594120,J. O'Brien,1.046966419782723,0.0,-0.6042890936426937,0.4690269900838272,44,297957__594120
297957,M. Akanji,402884,K. Walker-Peters,1.0337640337683505,0.0,-0.6042890936426937,0.460445439174485,45,297957__402884
297957,M. Akanji,767087,A. Gray,1.0316171340548594,0.0,-0.6042890936426937,0.45904995436071583,46,297957__767087
297957,M. Akanji,239411,T. Mings,1.0285065059103748,0.0,-0.6042890936426937,0.4570280460668009,47,239411__297957
297957,M. Akanji,71703,V. Lindelöf,1.0266290000030092,0.0,-0.6042890936426937,0.45580766722701316,48,71703__297957
297957,M. Akanji,15806,J. Vestergaard,1.0258122222673065,0.0,-0.6042890936426937,0.4552767616988065,49,15806__297957
297957,M. Akanji,769441,L. Yoro,1.0249568962035234,0.0,-0.6042890936426937,0.45472079975734747,50,297957__769441
297957,M. Akanji,7953,C. Coady,1.0106730520174119,0.0,-0.6042890936426937,0.445436301036375,51,7953__297957
297957,M. Akanji,412027,E. Konsa,0.9893126035318993,0.0,-0.6042890936426937,0.43155200952079176,52,297957__412027
297957,M. Akanji,413002,K. Mavropanos,0.9878661749906202,0.0,-0.6042890936426937,0.4306118309689604,53,297957__413002
297957,M. Akanji,8360,C. Dawson,0.9763474581271989,0.0,-0.6042890936426937,0.4231246650077365,54,8360__297957
297957,M. Akanji,496001,M. Kilman,0.9713038943030956,0.0,-0.6042890936426937,0.41984634852206937,55,297957__496001
297957,M. Akanji,285382,W. Faes,0.9591286910050699,0.0,-0.6042890936426937,0.4119324663783527,56,285382__297957
297957,M. Akanji,240032,J. Bednarek,0.9510029729454271,0.0,-0.6042890936426937,0.4066507496395849,57,240032__297957
297957,M. Akanji,557788,W. Fofana,0.9316856934274562,0.0,-0.6042890936426937,0.39409451795290373,58,297957__557788
297957,M. Akanji,590874,Toti,0.925499192680487,0.0,-0.6042890936426937,0.39007329246737377,59,297957__590874
297957,M. Akanji,545267,R. Drăgușin,0.9152207352783731,0.0,-0.6042890936426937,0.3833922951559997,60,297957__545267
297957,M. Akanji,8653,H. Maguire,0.900324064098893,0.0,-0.6042890936426937,0.3737094588893377,61,8653__297957
297957,M. Akanji,286380,I. Diop,0.8852605005980371,0.0,-0.6042890936426937,0.3639181426137813,62,286380__297957
297957,M. Akanji,327391,J. Bree,0.8852509486353479,0.0,-0.6042890936426937,0.36391193383803333,63,297957__327391
297957,M. Akanji,479155,N. Collins,0.8734758825916537,0.0,-0.6042890936426937,0.35625814090963215,64,297957__479155
297957,M. Akanji,620468,J. Greaves,0.8709533173078643,0.0,-0.6042890936426937,0.35461847347516906,65,297957__620468
297957,M. Akanji,366217,K. Danso,0.8639770349625776,0.0,-0.6042890936426937,0.3500838899507327,66,297957__366217
297957,M. Akanji,645877,Y. Mosquera,0.8607204207105369,0.0,-0.6042890936426937,0.34796709068690623,67,297957__645877
297957,M. Akanji,346131,T. Chalobah,0.8606286158896217,0.0,-0.6042890936426937,0.34790741755331134,68,297957__346131
297957,M. Akanji,192792,D. Burn,0.85417938285202,0.0,-0.6042890936426937,0.34371541607887024,69,192792__297957
297957,M. Akanji,9433,J. Tarkowski,0.8057155116150535,0.0,-0.6042890936426937,0.31221389977484204,70,9433__297957
297957,M. Akanji,399581,D. O'Shea,0.8049060102372564,0.0,-0.6042890936426937,0.3116877238792739,71,297957__399581
297957,M. Akanji,501419,J. Todibo,0.7996630247949806,0.0,-0.6042890936426937,0.3082797833417946,72,297957__501419
297957,M. Akanji,365443,M. de Ligt,0.7980040449871997,0.0,-0.6042890936426937,0.30720144646673697,73,297957__365443
297957,M. Akanji,424806,E. Pinnock,0.7939880587470958,0.0,-0.6042890936426937,0.30459105541066944,74,297957__424806
297957,M. Akanji,518805,L. Woolfenden,0.7896590057781511,0.0,-0.6042890936426937,0.30177717098085544,75,297957__518805
297957,M. Akanji,558243,S. van den Berg,0.7773502859487904,0.0,-0.6042890936426937,0.29377650309177095,76,297957__558243
297957,M. Akanji,583655,C. Okoli,0.7651302477213031,0.0,-0.6042890936426937,0.28583347824390426,77,297957__583655
297957,M. Akanji,520300,N. Wood,0.7547357200946355,0.0,-0.6042890936426937,0.2790770352865703,78,297957__520300
297957,M. Akanji,504375,M. Lacroix,0.7446361447707116,0.0,-0.6042890936426937,0.2725123113260198,79,297957__504375
297957,M. Akanji,364003,S. Bueno,0.7407724478713589,0.0,-0.6042890936426937,0.27000090834144047,80,297957__364003
297957,M. Akanji,424241,N. Milenković,0.7004016604641314,0.0,-0.6042890936426937,0.24375989652674268,81,297957__424241
297957,M. Akanji,7919,M. Keane,0.6690124885499955,0.0,-0.6042890936426937,0.2233569347825543,82,7919__297957
297957,M. Akanji,288080,C. Burgess,0.6304514723393888,0.0,-0.6042890936426937,0.19829227424565993,83,288080__297957
297957,M. Akanji,534563,C. Richards,0.5861309609786609,0.0,-0.6042890936426937,0.16948394186118682,84,297957__534563
297957,M. Akanji,563725,Morato,0.5760887053618244,0.0,-0.6042890936426937,0.16295647571024313,85,297957__563725
297957,M. Akanji,488709,L. Thomas,0.5347135752203325,0.0,-0.6042890936426937,0.13606264111827332,86,297957__488709
297957,M. Akanji,508021,Jorge Cuenca,0.4548929235022285,0.0,-0.6042890936426937,0.08417921750150575,87,297957__508021
327391,J. Bree,568412,J. Gvardiol,1.5880073290071772,0.3926030868323398,2.0023261658626654,1.7330189219065981,1,327391__568412
327391,J. Bree,590781,J. van Hecke,0.6765492878952073,0.3926030868323398,2.0023261658626654,1.1405711951838176,2,327391__590781
327391,J. Bree,145787,J. Andersen,0.769972324644804,0.36911547858379457,1.8255651906678516,1.1394298277528705,3,145787__327391
327391,J. Bree,258154,Rúben Dias,0.900107655913027,0.32273202285431707,1.4764966613868542,1.1018438078288666,4,258154__327391
327391,J. Bree,257899,J. Gomez,0.5910068119486789,0.36911547858379457,1.8255651906678516,1.0231022445003892,5,257899__327391
327391,J. Bree,415847,C. Romero,0.4176293588939849,0.3891580524013236,1.9763998289124631,0.9631990234004522,6,327391__415847
327391,J. Bree,370,V. van Dijk,0.712125670645888,0.30345795638879647,1.3314455881416212,0.9288876417693946,7,370__327391
327391,J. Bree,234399,A. Webster,0.4085796041895494,0.3656704441527784,1.7996388537176495,0.8954503415243844,8,234399__327391
327391,J. Bree,297957,M. Akanji,0.8852509486353479,0.24074623194500966,0.8594952110946621,0.8762364404961078,9,297957__327391
327391,J. Bree,412968,M. Senesi,0.3758171386090628,0.3463851295922375,1.6545031305487703,0.8233572357879604,10,327391__412968
327391,J. Bree,349142,N. Mazraoui,0.1596717181299505,0.3791112380886194,1.9007903979000569,0.7690632560494878,11,327391__349142
327391,J. Bree,549884,T. Harwood-Bellis,0.10350643161420386,0.3863582958518944,1.9553296674576106,0.7516445641593962,12,327391__549884
327391,J. Bree,777938,Dean Huijsen,0.1347758696740422,0.35534962534321046,1.7219673437757552,0.6902928856096416,13,327391__777938
327391,J. Bree,9097,L. Dunk,0.41117907822220967,0.2819518110306432,1.1695965319941508,0.676625187042389,14,9097__327391
327391,J. Bree,134102,N. Aké,0.5547113503234802,0.18073625898506368,0.4078774376046156,0.5033194808718775,15,134102__327391
327391,J. Bree,590703,I. Zabarnyi,-0.13057157544321732,0.34258976676316893,1.6259403229701885,0.48420758900147465,16,327391__590703
327391,J. Bree,622200,J. Quansah,0.29588121286533997,0.23101807508389405,0.7862839042888523,0.4675221548635693,17,327391__622200
327391,J. Bree,625787,M. van de Ven,0.062424846955416946,0.2574603580815075,0.9852809106922137,0.3854244692632958,18,327391__625787
327391,J. Bree,619747,L. Colwill,-0.08347657961155679,0.2851799849114044,1.1938908388994576,0.3636020168672982,19,327391__619747
327391,J. Bree,8582,A. Cresswell,-0.18149771876502682,0.29514267630994373,1.2688671850874467,0.3261299975833388,20,8582__327391
327391,J. Bree,400549,Pau Torres,-0.026900822719651357,0.24518159042252655,0.8928744416032869,0.295020519793377,21,327391__400549
327391,J. Bree,50102,F. Schär,-0.3962400576107684,0.31629869744430533,1.428081307163221,0.2422724200601279,22,50102__327391
327391,J. Bree,488453,L. Martínez,0.06672476430091487,0.19597564153896485,0.5225646417289965,0.22626872140074344,23,327391__488453
327391,J. Bree,9380,J. Stones,0.11454271454360629,0.18073625898506368,0.4078774376046156,0.21720986761495953,24,9380__327391
327391,J. Bree,415953,Igor Julio,-0.027756052529975705,0.21132915434462973,0.6381107572583833,0.20529733089594993,25,327391__415953
327391,J. Bree,283145,T. Adarabioyo,0.11352120343077984,0.16614651022655347,0.29807919032836017,0.17811649884493297,26,283145__327391
327391,J. Bree,578325,W. Saliba,0.33759118663639304,0.0948774464291983,-0.23827125816067027,0.13603933095742088,27,327391__578325
327391,J. Bree,8135,L. Shaw,-0.2825271322022712,0.23964573504736447,0.8512131883885538,0.1142819800045175,28,8135__327391
327391,J. Bree,393247,I. Konaté,-0.04891104173480522,0.1800394751515747,0.4026336431490809,0.1091295979745549,29,327391__393247
327391,J. Bree,415917,Gabriel Magalhaes,-0.06334027616587004,0.1662443713668058,0.2988156650856719,0.06341430327216964,30,327391__415917
327391,J. Bree,653730,A. Khusanov,-0.22949876120702054,0.18787887133033038,0.4616306810267531,0.012396543574800217,31,327391__653730
327391,J. Bree,397074,M. Guéhi,-0.4134401235745734,0.2160557718152171,0.6736819190656147,-0.03294740865050755,32,327391__397074
327391,J. Bree,62126,M. Doherty,-0.33279803414477005,0.1815616739913267,0.4140892732203821,-0.07138747656696681,33,62126__327391
327391,J. Bree,447424,C. Bassey,-0.31901179076462616,0.1731283622921908,0.3506225981853274,-0.0846397546321424,34,327391__447424
327391,J. Bree,386292,A. Disasi,0.19437826553537776,0.04016033848997121,-0.650056453861757,-0.1011738862536194,35,327391__386292
327391,J. Bree,482177,J. Kiwior,-0.2234722328079104,0.13150757643080832,0.03739655067203278,-0.1321681585899303,36,327391__482177
327391,J. Bree,627012,Murillo,-0.5467994757579557,0.1807008646666269,0.40761107015770337,-0.21275578468747505,37,327391__627012
327391,J. Bree,270866,Diego Carlos,-0.2649273511805643,0.10773405366131032,-0.1415161348634495,-0.22173342546957414,38,270866__327391
327391,J. Bree,623641,E. Agbadou,-0.5065871949177344,0.1329105074607595,0.04795460555616913,-0.3124975647518682,39,327391__623641
327391,J. Bree,136441,B. Davies,-0.46047277708452283,0.1064088323367773,-0.15148936888517792,-0.3523285842147521,40,136441__327391
327391,J. Bree,255738,J. Lerma,-0.8158278765374516,0.1934609968303504,0.5036401498752677,-0.35401406729299983,41,255738__327391
327391,J. Bree,475597,S. Botman,-0.18920902583729055,0.0358102659006947,-0.6827938473380116,-0.3619637133625429,42,327391__475597
327391,J. Bree,604320,J. Branthwaite,-0.503108398089658,0.08321594368725768,-0.3260323692576288,-0.4411317879984478,43,327391__604320
327391,J. Bree,8136,J. Stephens,-0.2779474760500567,0.027057604464306176,-0.7486638565221906,-0.44269820921530356,44,8136__327391
327391,J. Bree,767087,A. Gray,-0.3682053204928003,0.04277292280908611,-0.630394896706229,-0.45997167216750035,45,327391__767087
327391,J. Bree,594120,J. O'Brien,-0.34533380768735394,0.02348760824854523,-0.7755306198751081,-0.4959026919530679,46,327391__594120
327391,J. Bree,402884,K. Walker-Peters,-0.345582259594826,0.02348760824854523,-0.7755306198751081,-0.49606418569292476,47,327391__402884
327391,J. Bree,71703,V. Lindelöf,-0.36962618457469,0.026932642679561403,-0.7496042829249061,-0.5026185189972656,48,71703__327391
327391,J. Bree,240032,J. Bednarek,-0.41492697535114875,0.028754597392117887,-0.7358927764852405,-0.5272650057480808,49,240032__327391
327391,J. Bree,769441,L. Yoro,-0.40550017252496523,0.025766667223962796,-0.7583790784002007,-0.5290077895812977,50,327391__769441
327391,J. Bree,15806,J. Vestergaard,-0.47786609866229396,0.03937369385854835,-0.6559765148024312,-0.540204744311342,51,15806__327391
327391,J. Bree,239411,T. Mings,-0.4454934004395636,0.026932642679561403,-0.7496042829249061,-0.5519322093094334,52,239411__327391
327391,J. Bree,412027,E. Konsa,-0.4717149226734478,0.026932642679561403,-0.7496042829249061,-0.5689761987614582,53,327391__412027
327391,J. Bree,557788,W. Fofana,-0.5443083028323361,0.04277292280908611,-0.630394896706229,-0.5744386106881986,54,327391__557788
327391,J. Bree,7953,C. Coady,-0.5174008364594821,0.02348760824854523,-0.7755306198751081,-0.6077462606549512,55,7953__327391
327391,J. Bree,545267,R. Drăgușin,-0.6131348266967401,0.03862804395489126,-0.6615880612285138,-0.6300934587828609,56,327391__545267
327391,J. Bree,496001,M. Kilman,-0.6321238747546551,0.026932642679561403,-0.7496042829249061,-0.6732420176142431,57,327391__496001
327391,J. Bree,285382,W. Faes,-0.6819790062077636,0.026932642679561403,-0.7496042829249061,-0.7056478530587635,58,285382__327391
327391,J. Bree,413002,K. Mavropanos,-0.5917834748910419,0.0034450344310161737,-0.9263652581197197,-0.7088870990210792,59,327391__413002
327391,J. Bree,8360,C. Dawson,-0.5930193052320638,0.0034450344310161737,-0.9263652581197197,-0.7096903887427434,60,8360__327391
327391,J. Bree,590874,Toti,-0.6570904786946525,0.018805024981114693,-0.8107703929513304,-0.7108784486844897,61,327391__590874
327391,J. Bree,399581,D. O'Shea,-0.7459181832774465,0.024672328263467956,-0.7666147582448152,-0.7531619845160256,62,327391__399581
327391,J. Bree,520300,N. Wood,-0.7735944507439078,0.02348760824854523,-0.7755306198751081,-0.774272109939828,63,327391__520300
327391,J. Bree,366217,K. Danso,-0.7749574730489297,0.013537091208536519,-0.8504153453470382,-0.8013677283532676,64,327391__366217
327391,J. Bree,8653,H. Maguire,-0.7564232923567342,0.0034450344310161737,-0.9263652581197197,-0.8159029803737792,65,8653__327391
327391,J. Bree,620468,J. Greaves,-0.8379137558059688,0.02348760824854523,-0.7755306198751081,-0.8160796582301675,66,327391__620468
327391,J. Bree,288080,C. Burgess,-0.9528408997625962,0.04487664705616696,-0.6145628738999895,-0.834443590710684,67,288080__327391
327391,J. Bree,192792,D. Burn,-0.8688894105733033,0.02348760824854523,-0.7755306198751081,-0.8362138338289349,68,192792__327391
327391,J. Bree,558243,S. van den Berg,-0.8809317645056296,0.02348760824854523,-0.7755306198751081,-0.8440413638849471,69,327391__558243
327391,J. Bree,365443,M. de Ligt,-0.9319824539980848,0.03485967344770188,-0.6899477323664818,-0.8472703014270238,70,327391__365443
327391,J. Bree,286380,I. Diop,-0.8019137069226318,0.0,-0.9522915950699218,-0.8545459677741833,71,286380__327391
327391,J. Bree,346131,T. Chalobah,-0.8163423638917662,0.0,-0.9522915950699218,-0.8639245948041208,72,327391__346131
327391,J. Bree,9433,J. Tarkowski,-0.8451747287740602,0.0034450344310161737,-0.9263652581197197,-0.873591414045041,73,9433__327391
327391,J. Bree,479155,N. Collins,-0.836265986183847,0.0,-0.9522915950699218,-0.8768749492939731,74,327391__479155
327391,J. Bree,645877,Y. Mosquera,-0.8549368743852743,0.004379715002347387,-0.9193311213299772,-0.8774748608159204,75,327391__645877
327391,J. Bree,504375,M. Lacroix,-0.9350196228057379,0.0034450344310161737,-0.9263652581197197,-0.9319905951656315,76,327391__504375
327391,J. Bree,501419,J. Todibo,-1.0063111125328046,0.01896597678456833,-0.8095591160330179,-0.9374479137578793,77,327391__501419
327391,J. Bree,364003,S. Bueno,-1.0565072783007599,0.02348760824854523,-0.7755306198751081,-0.9581654478517818,78,327391__364003
327391,J. Bree,583655,C. Okoli,-0.999732797797305,0.0,-0.9522915950699218,-0.9831283768427208,79,327391__583655
327391,J. Bree,424806,E. Pinnock,-1.0041681538635896,0.0,-0.9522915950699218,-0.9860113582858059,80,327391__424806
327391,J. Bree,518805,L. Woolfenden,-1.0480739453995016,0.0,-0.9522915950699218,-1.0145501227841487,81,327391__518805
327391,J. Bree,424241,N. Milenković,-1.0703083063161978,0.0034450344310161737,-0.9263652581197197,-1.0199282394474305,82,327391__424241
327391,J. Bree,7919,M. Keane,-1.1357954245432968,0.0034450344310161737,-0.9263652581197197,-1.0624948662950449,83,7919__327391
327391,J. Bree,534563,C. Richards,-1.16636804158458,0.0,-0.9522915950699218,-1.0914412853044497,84,327391__534563
327391,J. Bree,563725,Morato,-1.2052660375312398,0.0034450344310161737,-0.9263652581197197,-1.1076507647372078,85,327391__563725
327391,J. Bree,488709,L. Thomas,-1.2208813339714277,0.0,-0.9522915950699218,-1.1268749253559007,86,327391__488709
327391,J. Bree,508021,Jorge Cuenca,-1.312915627160645,0.0,-0.9522915950699218,-1.186697215928892,87,327391__508021
346131,T. Chalobah,568412,J. Gvardiol,1.5633849962614512,0.43627039039560495,1.9637172146878623,1.703501272710695,1,346131__568412
346131,T. Chalobah,258154,Rúben Dias,0.8754853231673008,0.43627039039560495,1.9637172146878623,1.2563664851994973,2,258154__346131
346131,T. Chalobah,297957,M. Akanji,0.8606286158896217,0.4045194336806425,1.7197677073796032,1.1613272979111153,3,297957__346131
346131,T. Chalobah,370,V. van Dijk,0.6875033379001618,0.43627039039560495,1.9637172146878623,1.134178194775857,4,370__346131
346131,T. Chalobah,9097,L. Dunk,0.37665369081247524,0.4020583539050071,1.7008586960983885,0.8401254426625449,5,9097__346131
346131,T. Chalobah,590781,J. van Hecke,0.6519269551494813,0.3302817448544197,1.1493833950125185,0.8260367091015444,6,346131__590781
346131,T. Chalobah,134102,N. Aké,0.5300890175777544,0.34450946072069655,1.2586980310047162,0.7851021722771909,7,134102__346131
346131,T. Chalobah,578325,W. Saliba,0.3626964883562164,0.34450946072069655,1.2586980310047162,0.6762970282831913,8,346131__578325
346131,T. Chalobah,488453,L. Martínez,0.04210243155518893,0.4086868488068746,1.7517868643429655,0.6404919830309107,9,346131__488453
346131,T. Chalobah,283145,T. Adarabioyo,0.0888988706850537,0.3950388182920726,1.6469260770065932,0.6342083928975926,10,283145__346131
346131,T. Chalobah,145787,J. Andersen,0.6298354868585203,0.2642795951701806,0.6422745213712873,0.6341891489379887,11,145787__346131
346131,T. Chalobah,257899,J. Gomez,0.5663844792029529,0.2642795951701806,0.6422745213712873,0.59294599396187,12,257899__346131
346131,T. Chalobah,622200,J. Quansah,0.22189343801993902,0.3470448580047688,1.2781780398697296,0.5915930486673656,13,346131__622200
346131,T. Chalobah,9380,J. Stones,0.1833458069504918,0.34450946072069655,1.2586980310047162,0.5597190853694703,14,9380__346131
346131,T. Chalobah,625787,M. van de Ven,0.006833487004300358,0.38093755195304096,1.538582980239111,0.5429458096364841,15,346131__625787
346131,T. Chalobah,415847,C. Romero,0.3853486638747592,0.2604456204555894,0.6128172596247111,0.4649626723872424,16,346131__415847
346131,T. Chalobah,393247,I. Konaté,-0.07977660459479738,0.3574476901086367,1.3581052618785456,0.4234820486708727,17,346131__393247
346131,T. Chalobah,234399,A. Webster,0.3600248893391367,0.2300675586795828,0.3794160027818138,0.3668117790440737,18,234399__346131
346131,T. Chalobah,415953,Igor Julio,-0.07927827715577357,0.329903419576161,1.146476639601587,0.3497359437093026,19,346131__415953
346131,T. Chalobah,386292,A. Disasi,0.16975593278965162,0.26335064863735486,0.6351372230834605,0.33263938439248475,20,346131__386292
346131,T. Chalobah,549884,T. Harwood-Bellis,0.07888409886847778,0.28329852078171275,0.7884010640804486,0.32721503669266755,21,346131__549884
346131,T. Chalobah,400549,Pau Torres,-0.05152315546537731,0.31263252619095455,1.013780608741228,0.3213331620069345,22,346131__400549
346131,T. Chalobah,619747,L. Colwill,-0.1388109798657057,0.30525053763708077,0.9570631848588764,0.244744977787898,23,346131__619747
346131,T. Chalobah,349142,N. Mazraoui,0.07611443913421173,0.24182781981715135,0.46977264734157775,0.2138948120067898,24,346131__349142
346131,T. Chalobah,415917,Gabriel Magalhaes,-0.09855563049891641,0.2698106613153205,0.6847709057514283,0.17560865718870422,25,346131__415917
346131,T. Chalobah,412968,M. Senesi,0.23421205652187793,0.18200773101444548,0.010161892252755227,0.155794499027685,26,346131__412968
346131,T. Chalobah,482177,J. Kiwior,-0.2074121897814756,0.28003525165028254,0.7633286574763507,0.13234710675876357,27,346131__482177
346131,T. Chalobah,653730,A. Khusanov,-0.2831695309659451,0.2963069529188214,0.8883476779475243,0.12686149215376918,28,346131__653730
346131,T. Chalobah,777938,Dean Huijsen,-0.005360968112241354,0.2217392288250001,0.31542763282606084,0.10691504221616441,29,346131__777938
346131,T. Chalobah,8136,J. Stephens,-0.21304822258758901,0.25024791461168977,0.5344660672928737,0.04858177887057291,30,8136__346131
346131,T. Chalobah,71703,V. Lindelöf,-0.25460497383076736,0.250122952826945,0.5335059587174217,0.021233852561098776,31,71703__346131
346131,T. Chalobah,270866,Diego Carlos,-0.32264696897039047,0.2521481368811096,0.5490658883490594,-0.017547468908583025,32,270866__346131
346131,T. Chalobah,475597,S. Botman,-0.229754650401937,0.21508045493715539,0.26426682454555533,-0.0568471341703147,33,346131__475597
346131,T. Chalobah,590703,I. Zabarnyi,-0.2898476220743165,0.21621976750504332,0.2730204108422289,-0.09284381055352565,34,346131__590703
346131,T. Chalobah,8582,A. Cresswell,-0.32163455655131057,0.22282116319182121,0.32374036992231037,-0.09575333228554327,35,8582__346131
346131,T. Chalobah,402884,K. Walker-Peters,-0.30071154929262744,0.21591091633634715,0.27064744012794784,-0.1007359029954261,36,346131__402884
346131,T. Chalobah,767087,A. Gray,-0.3547336726498908,0.22005062289056157,0.3024537061049815,-0.1247180900856855,37,346131__767087
346131,T. Chalobah,15806,J. Vestergaard,-0.43732675446047553,0.2345423106470537,0.41379649555218656,-0.13943361695604384,38,15806__346131
346131,T. Chalobah,240032,J. Bednarek,-0.3364582037425734,0.20802478642857855,0.21005658855645834,-0.14517802643791228,39,240032__346131
346131,T. Chalobah,594120,J. O'Brien,-0.3702707006710605,0.21591091633634715,0.27064744012794784,-0.14594935139140758,40,346131__594120
346131,T. Chalobah,7953,C. Coady,-0.4098692485242255,0.21591091633634715,0.27064744012794784,-0.17168840749596487,41,7953__346131
346131,T. Chalobah,412027,E. Konsa,-0.38415971183900355,0.19812941662092892,0.13402830975906443,-0.20279390427967978,42,346131__412027
346131,T. Chalobah,447424,C. Bassey,-0.4112445582733138,0.18982208270306122,0.0702012561523929,-0.24273852322431647,43,346131__447424
346131,T. Chalobah,62126,M. Doherty,-0.4339538767142843,0.1945715431835368,0.10669239418622956,-0.2447276818991045,44,62126__346131
346131,T. Chalobah,8135,L. Shaw,-0.4678993761116399,0.17908135203917483,-0.012322113996987403,-0.30844733437151156,45,8135__346131
346131,T. Chalobah,769441,L. Yoro,-0.4504377484227981,0.1742698542008418,-0.04928989854638874,-0.3100360009660548,46,346131__769441
346131,T. Chalobah,557788,W. Fofana,-0.6106085959855335,0.19930219595560833,0.1430390285051086,-0.3468319274138088,47,346131__557788
346131,T. Chalobah,239411,T. Mings,-0.48682121559122166,0.15160188831629287,-0.22345281145824547,-0.39464227414468,48,239411__346131
346131,T. Chalobah,627012,Murillo,-0.709318820658905,0.1955571549248314,0.11426506359725055,-0.42106446116925056,49,346131__627012
346131,T. Chalobah,397074,M. Guéhi,-0.5843810710912665,0.1522056220142482,-0.218814194125112,-0.45643266415311246,50,346131__397074
346131,T. Chalobah,50102,F. Schär,-0.6092379905529417,0.1570831338657877,-0.18133920955204744,-0.4594734172026287,51,50102__346131
346131,T. Chalobah,520300,N. Wood,-0.719058061240019,0.17199079522542424,-0.06680040442407709,-0.4907678813544394,52,346131__520300
346131,T. Chalobah,604320,J. Branthwaite,-0.6656277429906072,0.1567268698067951,-0.1840764638163239,-0.4970847952796081,53,346131__604320
346131,T. Chalobah,136441,B. Davies,-0.5581705281945917,0.11207208942495721,-0.5271688553591075,-0.5473199427021722,54,136441__346131
346131,T. Chalobah,558243,S. van den Berg,-0.8383458181220558,0.17199079522542424,-0.06680040442407709,-0.5683049233277632,55,346131__558243
346131,T. Chalobah,623641,E. Agbadou,-0.7228105194623897,0.12790385469065585,-0.4055299588981647,-0.611762323264911,56,346131__623641
346131,T. Chalobah,496001,M. Kilman,-0.6564015871264759,0.10319193259092832,-0.5953970320382864,-0.6350499928456096,57,346131__496001
346131,T. Chalobah,192792,D. Burn,-0.7987935648450216,0.12333002279754024,-0.4406717042903767,-0.6734509136508959,58,192792__346131
346131,T. Chalobah,413002,K. Mavropanos,-0.6160318125395358,0.07813215760152077,-0.7879367345991527,-0.6761985352604016,59,346131__413002
346131,T. Chalobah,285382,W. Faes,-0.6789283459671457,0.08940671355437461,-0.7013118686302486,-0.6867625788992318,60,285382__346131
346131,T. Chalobah,8360,C. Dawson,-0.6441538721564364,0.07813215760152077,-0.7879367345991527,-0.694477874011387,61,8360__346131
346131,T. Chalobah,255738,J. Lerma,-1.0236832334635466,0.09176092967490834,-0.6832239140575058,-0.9045224716714323,62,255738__346131
346131,T. Chalobah,545267,R. Drăgușin,-0.8290021103031723,0.03862804395489126,-1.09145543317756,-0.920860773309208,63,346131__545267
346131,T. Chalobah,365443,M. de Ligt,-0.9101674563012815,0.055302902017900585,-0.9633388713547366,-0.9287774515699908,64,346131__365443
346131,T. Chalobah,327391,J. Bree,-0.8163423638917662,0.03184549238813583,-1.1435672522908131,-0.9308710748314326,65,327391__346131
346131,T. Chalobah,620468,J. Greaves,-0.8842390669248144,0.042913602803011854,-1.058528552298821,-0.9452403868057166,66,346131__620468
346131,T. Chalobah,8653,H. Maguire,-0.8693356549331266,0.03421203649059785,-1.1253845791511776,-0.9589527784094445,67,8653__346131
346131,T. Chalobah,590874,Toti,-0.8062531664549077,0.018805024981114693,-1.2437600001053408,-0.9593805582325594,68,346131__590874
346131,T. Chalobah,399581,D. O'Shea,-0.9673724744284085,0.05543933032304963,-0.9622906630086768,-0.9655938404315024,69,346131__399581
346131,T. Chalobah,366217,K. Danso,-0.831844843813798,0.013537091208536519,-1.2842346812272292,-0.9901812869084989,70,346131__366217
346131,T. Chalobah,501419,J. Todibo,-0.9624343247858651,0.01896597678456833,-1.2425233723871472,-1.0604654914463139,71,346131__501419
346131,T. Chalobah,364003,S. Bueno,-1.0243533959115367,0.030143341610314404,-1.1566452469900477,-1.0706555437890155,72,346131__364003
346131,T. Chalobah,645877,Y. Mosquera,-0.9244458857469569,0.004379715002347387,-1.3545927946469576,-1.0749973038619571,73,346131__645877
346131,T. Chalobah,9433,J. Tarkowski,-1.0617858948000047,0.03421203649059785,-1.1253845791511776,-1.0840454343229151,74,9433__346131
346131,T. Chalobah,286380,I. Diop,-0.9472205176020141,0.0,-1.3882430977406512,-1.101578420650537,75,286380__346131
346131,T. Chalobah,479155,N. Collins,-0.9801790591471323,0.0,-1.3882430977406512,-1.1230014726548638,76,346131__479155
346131,T. Chalobah,424241,N. Milenković,-1.1297365468628457,0.03421203649059785,-1.1253845791511776,-1.128213358163762,77,346131__424241
346131,T. Chalobah,518805,L. Woolfenden,-0.9996460431790916,0.0,-1.3882430977406512,-1.1356550122756375,78,346131__518805
346131,T. Chalobah,288080,C. Burgess,-1.1856214445425322,0.04487664705616696,-1.0434460562757697,-1.1358600586491652,79,288080__346131
346131,T. Chalobah,7919,M. Keane,-1.1952236650899448,0.03421203649059785,-1.1253845791511776,-1.1707799850113763,80,7919__346131
346131,T. Chalobah,424806,E. Pinnock,-1.0575428944053429,0.0,-1.3882430977406512,-1.1732879655727009,81,346131__424806
346131,T. Chalobah,504375,M. Lacroix,-1.0978003057499408,0.006864327515649884,-1.3355029762231099,-1.18099624041555,82,346131__504375
346131,T. Chalobah,583655,C. Okoli,-1.141919390398251,0.0,-1.3882430977406512,-1.228132687968091,83,346131__583655
346131,T. Chalobah,563725,Morato,-1.2881474482781157,0.03421203649059785,-1.1253845791511776,-1.2311804440836873,84,346131__563725
346131,T. Chalobah,534563,C. Richards,-1.3362266920583756,0.0,-1.3882430977406512,-1.354432434047172,85,346131__534563
346131,T. Chalobah,488709,L. Thomas,-1.372842582074465,0.0,-1.3882430977406512,-1.37823276255763,86,346131__488709
346131,T. Chalobah,508021,Jorge Cuenca,-1.4674647295348082,0.0,-1.3882430977406512,-1.4397371584068532,87,346131__508021
349142,N. Mazraoui,568412,J. Gvardiol,1.8806746645352788,0.12573086334660882,1.5084001008471895,1.7503785672444474,1,349142__568412
349142,N. Mazraoui,297957,M. Akanji,1.4080096309907946,0.12573086334660882,1.5084001008471895,1.4431462954405327,2,297957__349142
349142,N. Mazraoui,258154,Rúben Dias,1.3439663444938343,0.11710419694026822,1.3463116700698259,1.3447872084454313,3,258154__349142
349142,N. Mazraoui,370,V. van Dijk,1.2017203331344772,0.12573086334660882,1.5084001008471895,1.3090582518339264,4,370__349142
349142,N. Mazraoui,134102,N. Aké,1.1685159087077077,0.12573086334660882,1.5084001008471895,1.2874753759565263,5,134102__349142
349142,N. Mazraoui,145787,J. Andersen,1.1783459128047777,0.12297712433222038,1.4566594614636428,1.2757556548353803,6,145787__349142
349142,N. Mazraoui,578325,W. Saliba,1.0841315537003247,0.12573086334660882,1.5084001008471895,1.2326255452017274,7,349142__578325
349142,N. Mazraoui,590781,J. van Hecke,1.0400999489586253,0.12573086334660882,1.5084001008471895,1.2040050021196227,8,349142__590781
349142,N. Mazraoui,386292,A. Disasi,1.0331139657992119,0.12573086334660882,1.5084001008471895,1.199464113066004,9,349142__386292
349142,N. Mazraoui,9380,J. Stones,0.9083720696186547,0.12573086334660882,1.5084001008471895,1.1183818805486418,10,9380__349142
349142,N. Mazraoui,9097,L. Dunk,0.8993479057538604,0.12573086334660882,1.5084001008471895,1.1125161740365255,11,9097__349142
349142,N. Mazraoui,412968,M. Senesi,0.8532752741131382,0.12573086334660882,1.5084001008471895,1.082568963470056,12,349142__412968
349142,N. Mazraoui,234399,A. Webster,0.8292935101278427,0.12573086334660882,1.5084001008471895,1.066980816879614,13,234399__349142
349142,N. Mazraoui,257899,J. Gomez,0.9443010618817214,0.1013356865320295,1.050033480166788,0.9813074082814947,14,257899__349142
349142,N. Mazraoui,488453,L. Martínez,0.6551850068605605,0.12573086334660882,1.5084001008471895,0.9538102897558806,15,349142__488453
349142,N. Mazraoui,402884,K. Walker-Peters,0.6028504786972708,0.12573086334660882,1.5084001008471895,0.9197928464497422,16,349142__402884
349142,N. Mazraoui,594120,J. O'Brien,0.5951608152274926,0.12573086334660882,1.5084001008471895,0.9147945651943865,17,349142__594120
349142,N. Mazraoui,415917,Gabriel Magalhaes,0.5866966837361796,0.12573086334660882,1.5084001008471895,0.909292879725033,18,349142__415917
349142,N. Mazraoui,415847,C. Romero,0.7693112373366877,0.10286167141024606,1.0787055630606288,0.8775992513400671,19,349142__415847
349142,N. Mazraoui,400549,Pau Torres,0.5680488971801546,0.12160948562833647,1.430962581470695,0.8700686866818437,20,349142__400549
349142,N. Mazraoui,7953,C. Coady,0.5206227345010409,0.12573086334660882,1.5084001008471895,0.8663448127221929,21,7953__349142
349142,N. Mazraoui,283145,T. Adarabioyo,0.7013544202023061,0.10736993539691443,1.1634123780351926,0.8630747054438164,22,283145__349142
349142,N. Mazraoui,482177,J. Kiwior,0.6005756753988974,0.11212934295231676,1.252837987621542,0.828867484676823,23,349142__482177
349142,N. Mazraoui,777938,Dean Huijsen,0.622956403368282,0.09925885833191997,1.0110114746673629,0.7587756783229602,24,349142__777938
349142,N. Mazraoui,590703,I. Zabarnyi,0.4503289430012208,0.10536594629195997,1.1257589631450264,0.6867294500515527,25,349142__590703
349142,N. Mazraoui,8136,J. Stephens,0.683606140702783,0.07741715950829639,0.6006227426734121,0.6545619513925032,26,8136__349142
349142,N. Mazraoui,71703,V. Lindelöf,0.6795303500847341,0.07295236779719964,0.5167327383413172,0.6225511859745382,27,71703__349142
349142,N. Mazraoui,393247,I. Konaté,0.5706403876137143,0.07820390694637515,0.6154051222914031,0.5863080447509054,28,349142__393247
349142,N. Mazraoui,549884,T. Harwood-Bellis,0.552285326532181,0.0704213712221192,0.4691772581785348,0.5231975026084048,29,349142__549884
349142,N. Mazraoui,8360,C. Dawson,0.3615139212498644,0.08369200191308125,0.7185222082212259,0.4864668216898409,30,8360__349142
349142,N. Mazraoui,62126,M. Doherty,0.3652676595118091,0.08288652935439003,0.7033879979802309,0.4836097779757567,31,62126__349142
349142,N. Mazraoui,604320,J. Branthwaite,0.2756249363145839,0.07295236779719964,0.5167327383413172,0.3600126670239405,32,349142__604320
349142,N. Mazraoui,413002,K. Mavropanos,0.35577988452648607,0.06249535563173609,0.32025351766877663,0.34334565612628776,33,349142__413002
349142,N. Mazraoui,15806,J. Vestergaard,0.44974743079215085,0.052883354550350266,0.139651405737449,0.3412138220230052,34,15806__349142
349142,N. Mazraoui,285382,W. Faes,0.26240263212175086,0.06893856514782984,0.44131647182054484,0.3250224760163287,35,285382__349142
349142,N. Mazraoui,8582,A. Cresswell,0.41321674625261795,0.045229126242249576,-0.004165660651002987,0.26713290383635063,36,8582__349142
349142,N. Mazraoui,625787,M. van de Ven,0.6106912410746834,0.022799319158956752,-0.4256044947871822,0.24798773352303047,37,349142__625787
349142,N. Mazraoui,622200,J. Quansah,0.7834526755181084,0.0,-0.8539861767948904,0.21034907720855878,38,349142__622200
349142,N. Mazraoui,627012,Murillo,0.1519358059734737,0.052574600500398846,0.1338501544666223,0.1456058279460757,39,349142__627012
349142,N. Mazraoui,619747,L. Colwill,0.42466647018968384,0.02312966151648918,-0.4193976158110379,0.12924404008943127,40,349142__619747
349142,N. Mazraoui,653730,A. Khusanov,0.40148949796264544,0.025268392322685573,-0.3792125079254726,0.12824379590180415,41,349142__653730
349142,N. Mazraoui,412027,E. Konsa,0.5499756120764978,0.0,-0.8539861767948904,0.058588985971511964,42,349142__412027
349142,N. Mazraoui,475597,S. Botman,0.5487801118215925,0.0,-0.8539861767948904,0.057811910805823485,43,349142__475597
349142,N. Mazraoui,415953,Igor Julio,0.5390134492208262,0.0,-0.8539861767948904,0.05146358011532537,44,349142__415953
349142,N. Mazraoui,240032,J. Bednarek,0.4952389361316356,0.0,-0.8539861767948904,0.02301014660735151,45,240032__349142
349142,N. Mazraoui,327391,J. Bree,0.1596717181299505,0.03184549238813583,-0.2556338532679836,0.014314768140673576,46,327391__349142
349142,N. Mazraoui,767087,A. Gray,0.4632834215516116,0.0,-0.8539861767948904,0.0022390621303359226,47,349142__767087
349142,N. Mazraoui,239411,T. Mings,0.3837210640275903,0.005980492130747278,-0.7416173266401295,-0.010147372706111546,48,239411__349142
349142,N. Mazraoui,270866,Diego Carlos,0.4154817500862684,0.0,-0.8539861767948904,-0.028832024322137162,49,270866__349142
349142,N. Mazraoui,769441,L. Yoro,0.3800716575945403,0.0,-0.8539861767948904,-0.05184858444176041,50,349142__769441
349142,N. Mazraoui,397074,M. Guéhi,0.24525437452963073,0.013148050730501395,-0.6069444099865964,-0.05301520005104873,51,349142__397074
349142,N. Mazraoui,496001,M. Kilman,0.2648929551996754,0.009698114616721796,-0.6717660577268733,-0.06293769932461662,52,349142__496001
349142,N. Mazraoui,447424,C. Bassey,0.265119475716994,0.0,-0.8539861767948904,-0.12656750266216552,53,349142__447424
349142,N. Mazraoui,136441,B. Davies,0.22962021838806254,0.0,-0.8539861767948904,-0.14964201992597098,54,136441__349142
349142,N. Mazraoui,8135,L. Shaw,0.2002520197117578,0.0,-0.8539861767948904,-0.16873134906556905,55,8135__349142
349142,N. Mazraoui,557788,W. Fofana,0.19432022471517646,0.0,-0.8539861767948904,-0.17258701581334693,56,349142__557788
349142,N. Mazraoui,520300,N. Wood,0.1716536427449141,0.0,-0.8539861767948904,-0.18732029409401746,57,349142__520300
349142,N. Mazraoui,8653,H. Maguire,0.1524284865408677,0.0,-0.8539861767948904,-0.19981664562664764,58,8653__349142
349142,N. Mazraoui,50102,F. Schär,0.14826811037899146,0.0,-0.8539861767948904,-0.2025208901318672,59,50102__349142
349142,N. Mazraoui,545267,R. Drăgușin,0.13784344105751428,0.0,-0.8539861767948904,-0.20929692519082735,60,349142__545267
349142,N. Mazraoui,590874,Toti,0.12305904336176753,0.0,-0.8539861767948904,-0.21890678369306274,61,349142__590874
349142,N. Mazraoui,623641,E. Agbadou,0.12170159392052521,0.0,-0.8539861767948904,-0.21978912582987026,62,349142__623641
349142,N. Mazraoui,479155,N. Collins,0.11290141538567236,0.0,-0.8539861767948904,-0.22550924187752458,63,349142__479155
349142,N. Mazraoui,286380,I. Diop,0.09678587559030885,0.0,-0.8539861767948904,-0.23598434274451088,64,286380__349142
349142,N. Mazraoui,620468,J. Greaves,0.08390210921957388,0.0,-0.8539861767948904,-0.24435879088548862,65,349142__620468
349142,N. Mazraoui,346131,T. Chalobah,0.07611443913421173,0.0,-0.8539861767948904,-0.24942077644097402,66,346131__349142
349142,N. Mazraoui,192792,D. Burn,0.06333392874681976,0.0,-0.8539861767948904,-0.2577281081927788,67,192792__349142
349142,N. Mazraoui,558243,S. van den Berg,0.05301643118239888,0.0,-0.8539861767948904,-0.2644344816096524,68,349142__558243
349142,N. Mazraoui,645877,Y. Mosquera,0.05120591436236881,0.0,-0.8539861767948904,-0.2656113175426719,69,349142__645877
349142,N. Mazraoui,9433,J. Tarkowski,0.04045284497590598,0.0,-0.8539861767948904,-0.27260081264387276,70,9433__349142
349142,N. Mazraoui,366217,K. Danso,0.015825655607419678,0.0,-0.8539861767948904,-0.2886084857333888,71,349142__366217
349142,N. Mazraoui,399581,D. O'Shea,0.014072146320246948,0.0,-0.8539861767948904,-0.2897482667700511,72,349142__399581
349142,N. Mazraoui,424806,E. Pinnock,-0.025726582074917445,0.0,-0.8539861767948904,-0.31561744022690796,73,349142__424806
349142,N. Mazraoui,501419,J. Todibo,-0.04848835456017746,0.0,-0.8539861767948904,-0.330412592342327,74,349142__501419
349142,N. Mazraoui,365443,M. de Ligt,-0.05014733436795807,0.0,-0.8539861767948904,-0.3314909292173844,75,349142__365443
349142,N. Mazraoui,518805,L. Woolfenden,-0.0584923735770069,0.0,-0.8539861767948904,-0.33691520470326614,76,349142__518805
349142,N. Mazraoui,424241,N. Milenković,-0.06090856277423701,0.0,-0.8539861767948904,-0.3384857276814657,77,349142__424241
349142,N. Mazraoui,583655,C. Okoli,-0.08302113163385473,0.0,-0.8539861767948904,-0.3528588974402172,78,349142__583655
349142,N. Mazraoui,504375,M. Lacroix,-0.0928890110140056,0.0,-0.8539861767948904,-0.3592730190373153,79,349142__504375
349142,N. Mazraoui,364003,S. Bueno,-0.0933291594812575,0.0,-0.8539861767948904,-0.35955911554102904,80,349142__364003
349142,N. Mazraoui,7919,M. Keane,-0.15231358339111806,0.0,-0.8539861767948904,-0.39789899108243837,81,7919__349142
349142,N. Mazraoui,255738,J. Lerma,-0.1713393341702995,0.0,-0.8539861767948904,-0.41026572908890635,82,255738__349142
349142,N. Mazraoui,288080,C. Burgess,-0.2176999070157692,0.0,-0.8539861767948904,-0.44040010143846164,83,288080__349142
349142,N. Mazraoui,563725,Morato,-0.2452373665792888,0.0,-0.8539861767948904,-0.4582994501547494,84,349142__563725
349142,N. Mazraoui,534563,C. Richards,-0.2620204183764967,0.0,-0.8539861767948904,-0.46920843382293453,85,349142__534563
349142,N. Mazraoui,488709,L. Thomas,-0.31343780413482536,0.0,-0.8539861767948904,-0.5026297345658481,86,349142__488709
349142,N. Mazraoui,508021,Jorge Cuenca,-0.3932584558529297,0.0,-0.8539861767948904,-0.5545131581826159,87,349142__508021
364003,S. Bueno,568412,J. Gvardiol,1.4435288282431877,0.8031664351350136,2.420090418762625,1.7853253849249908,1,364003__568412
364003,S. Bueno,145787,J. Andersen,0.6672111280943985,0.8104435084405972,2.450518935822553,1.2913688607992526,2,145787__364003
364003,S. Bueno,590781,J. van Hecke,0.5320707871312185,0.8051731513858731,2.4284813469709285,1.195814483075117,3,364003__590781
364003,S. Bueno,257899,J. Gomez,0.47542665277993695,0.8276605569860814,2.522510687642052,1.1919060649816773,4,257899__364003
364003,S. Bueno,258154,Rúben Dias,0.755629155149038,0.6196509118308104,1.6527345055909182,1.0696160278036961,5,258154__364003
364003,S. Bueno,297957,M. Akanji,0.7407724478713589,0.5519361624998493,1.369590538407719,0.9608587795590848,6,297957__364003
364003,S. Bueno,415847,C. Romero,0.26549249585649626,0.7474255021907102,2.187014035193611,0.9380250346244865,7,364003__415847
364003,S. Bueno,370,V. van Dijk,0.567647169881899,0.5946452759194301,1.5481753803805167,0.9108320435564151,8,370__364003
364003,S. Bueno,234399,A. Webster,0.26937317204208455,0.7217115997600363,2.079493348520202,0.9029152338094256,9,234399__364003
364003,S. Bueno,412968,M. Senesi,0.2715876977577562,0.6650719240077169,1.8426589416748216,0.821462633128729,10,364003__412968
364003,S. Bueno,777938,Dean Huijsen,0.03201467312363662,0.6891032663219532,1.9431441338496263,0.700909984377733,11,364003__777938
364003,S. Bueno,9097,L. Dunk,0.2567975227942123,0.5148257363429113,1.2144161725605103,0.5919640502124166,12,9097__364003
364003,S. Bueno,134102,N. Aké,0.4102328495594913,0.40890027941456675,0.7714970981090112,0.5366753365518233,13,134102__364003
364003,S. Bueno,549884,T. Harwood-Bellis,-0.03231884470306222,0.5779429735321103,1.478335999658231,0.4964103508233904,14,364003__549884
364003,S. Bueno,349142,N. Mazraoui,-0.0933291594812575,0.5505732550604712,1.3638916467614852,0.41669812270370243,15,349142__364003
364003,S. Bueno,578325,W. Saliba,0.193112685872404,0.32524993848431993,0.42171969183885727,0.2731251379606626,16,364003__578325
364003,S. Bueno,622200,J. Quansah,0.10203727000167635,0.3537218157145713,0.54077263601686,0.2555946481069906,17,364003__622200
364003,S. Bueno,590703,I. Zabarnyi,-0.2524719808384385,0.5071577226914572,1.1823529687956116,0.24971675153347897,18,364003__590703
364003,S. Bueno,9380,J. Stones,-0.08374011785620007,0.418871477509249,0.8131908888118147,0.23018573447760507,19,9380__364003
364003,S. Bueno,283145,T. Adarabioyo,-0.030957297333209316,0.344032358262263,0.5002569219367525,0.15496767941127731,20,283145__364003
364003,S. Bueno,488453,L. Martínez,-0.07775373646307417,0.3410710771542842,0.487874554887593,0.12021616550965933,21,364003__488453
364003,S. Bueno,400549,Pau Torres,-0.17137932348364035,0.3752160968385334,0.6306493037933869,0.10933069606331916,22,364003__400549
364003,S. Bueno,8582,A. Cresswell,-0.28425891531543257,0.4186878077947648,0.8124228881601945,0.09957971590103687,23,8582__364003
364003,S. Bueno,625787,M. van de Ven,-0.15000908972120558,0.3014840335338971,0.32234440539317905,0.015314633568829034,24,364003__625787
364003,S. Bueno,386292,A. Disasi,0.04989976477138876,0.20265748690844196,-0.09089112676218444,0.000622952734638138,25,364003__386292
364003,S. Bueno,619747,L. Colwill,-0.29565355659121184,0.3526973818159992,0.5364890452035653,-0.004403645963039826,26,364003__619747
364003,S. Bueno,393247,I. Konaté,-0.19963277261306023,0.27429214835998916,0.2086436486245204,-0.05673602517990703,27,364003__393247
364003,S. Bueno,415917,Gabriel Magalhaes,-0.21841179851717935,0.2645653913825469,0.16797196947587414,-0.08317747971961065,28,364003__415917
364003,S. Bueno,415953,Igor Julio,-0.19913444517403656,0.24605828103366095,0.09058592438148796,-0.09773231582960298,29,364003__415953
364003,S. Bueno,8135,L. Shaw,-0.4938107055998959,0.3406701780816753,0.48619822653992767,-0.15080757935095768,30,8135__364003
364003,S. Bueno,62126,M. Doherty,-0.43990409405314734,0.27356698108379185,0.20561141795863708,-0.2139736648490228,31,62126__364003
364003,S. Bueno,50102,F. Schär,-0.6088487580243065,0.32560679825051536,0.4232118732458176,-0.2476275370797631,32,50102__364003
364003,S. Bueno,482177,J. Kiwior,-0.3918831156765861,0.21568871960670752,-0.036402038935239,-0.26746473881711463,33,364003__482177
364003,S. Bueno,653730,A. Khusanov,-0.44001210769145105,0.223884497296447,-0.002132030818065754,-0.2867540807857662,34,364003__653730
364003,S. Bueno,397074,M. Guéhi,-0.5470054298553884,0.2292038225457185,0.020110314737333736,-0.34851491924793565,35,364003__397074
364003,S. Bueno,270866,Diego Carlos,-0.4425031369886535,0.17387763151899163,-0.21123185770249459,-0.36155818923849786,36,270866__364003
364003,S. Bueno,8136,J. Stephens,-0.4224259768140458,0.15344356585778823,-0.2966753168330401,-0.3784132458206938,37,8136__364003
364003,S. Bueno,627012,Murillo,-0.702358103018493,0.24533693369530607,0.08756966648912572,-0.42588338369082646,38,364003__627012
364003,S. Bueno,447424,C. Bassey,-0.5461346540132741,0.1577449667395495,-0.2786893429921781,-0.4525287951558905,39,364003__447424
364003,S. Bueno,604320,J. Branthwaite,-0.6586670253501953,0.1857591164930718,-0.16155035072170398,-0.4846761892302234,40,364003__604320
364003,S. Bueno,475597,S. Botman,-0.4464959889157215,0.09063866289472101,-0.5592891426127642,-0.48597359270968643,41,364003__475597
364003,S. Bueno,71703,V. Lindelöf,-0.6195793415070167,0.15471340747078738,-0.2913655727144941,-0.5047045224296338,42,71703__364003
364003,S. Bueno,15806,J. Vestergaard,-0.6223445994262827,0.14708544540292492,-0.3232613038920738,-0.5176654459893096,43,15806__364003
364003,S. Bueno,8360,C. Dawson,-0.72254466498134,0.16545304158666896,-0.24645862644782052,-0.5559145514946082,44,8360__364003
364003,S. Bueno,402884,K. Walker-Peters,-0.5954231876827869,0.10766875142444443,-0.48807914958422555,-0.5578527743482904,45,364003__402884
364003,S. Bueno,594120,J. O'Brien,-0.6028800917186993,0.10766875142444443,-0.48807914958422555,-0.5626997619716335,46,364003__594120
364003,S. Bueno,413002,K. Mavropanos,-0.6967167591387939,0.1442563953053238,-0.3350907572373075,-0.5701476584732736,47,364003__413002
364003,S. Bueno,623641,E. Agbadou,-0.7250313598441324,0.14976811791596611,-0.3120439170524167,-0.5804857548670319,48,364003__623641
364003,S. Bueno,767087,A. Gray,-0.6026916662113957,0.08472455628194991,-0.584018520262823,-0.5961560651293952,49,364003__767087
364003,S. Bueno,7953,C. Coady,-0.6735993148705319,0.10766875142444443,-0.48807914958422555,-0.6086672570203248,50,7953__364003
364003,S. Bueno,239411,T. Mings,-0.6132229144744593,0.07998342840143666,-0.6038431784100489,-0.6099400068519156,51,239411__364003
364003,S. Bueno,136441,B. Davies,-0.670780668016612,0.09124409985366652,-0.5567575549730123,-0.630872578451352,52,136441__364003
364003,S. Bueno,769441,L. Yoro,-0.6252403653954621,0.002279058975417566,-0.9287579664604007,-0.7314715257681906,53,364003__769441
364003,S. Bueno,240032,J. Bednarek,-0.8109627059980072,0.08358299438614421,-0.5887918727031283,-0.7332029143447996,54,240032__364003
364003,S. Bueno,285382,W. Faes,-0.8481063395511979,0.07395445628319859,-0.6290528572534482,-0.7714376207469854,55,285382__364003
364003,S. Bueno,255738,J. Lerma,-1.1183741595656214,0.1934609968303504,-0.12934553603932522,-0.7722141413314176,56,255738__364003
364003,S. Bueno,496001,M. Kilman,-0.806886340686298,0.052886473441932536,-0.717146991857239,-0.7754775685961275,57,364003__496001
364003,S. Bueno,412027,E. Konsa,-0.7862979658026377,0.02613862139550467,-0.8289910585765706,-0.8012405482735143,58,364003__412027
364003,S. Bueno,545267,R. Drăgușin,-0.8286128777745368,0.03862804395489126,-0.7767675077810402,-0.810466998276813,59,364003__545267
364003,S. Bueno,8653,H. Maguire,-0.9302408070809141,0.06868088842997035,-0.6511038718097424,-0.8325428797360039,60,8653__364003
364003,S. Bueno,557788,W. Fofana,-0.858227971255474,0.027311400730184086,-0.8240871728392314,-0.8462786918097891,61,364003__557788
364003,S. Bueno,590874,Toti,-0.8719463788236133,0.018805024981114693,-0.8596559226277094,-0.8676447191550469,62,364003__590874
364003,S. Bueno,399581,D. O'Shea,-0.9910473118289354,0.059350443035125745,-0.690118404844048,-0.8857221943842248,63,364003__399581
364003,S. Bueno,9433,J. Tarkowski,-1.0639768468072743,0.03631008058979165,-0.7864598916333648,-0.966845912496406,64,9433__364003
364003,S. Bueno,327391,J. Bree,-1.0565072783007599,0.03184549238813583,-0.8051282205830541,-0.9685246080995629,65,327391__364003
364003,S. Bueno,286380,I. Diop,-1.005624360618222,0.0,-0.938287674627675,-0.9820565205215306,66,286380__364003
364003,S. Bueno,366217,K. Danso,-1.0497801148071524,0.013537091208536519,-0.8816833787131761,-0.9909462571742608,67,364003__366217
364003,S. Bueno,479155,N. Collins,-1.0199166290018828,0.0,-0.938287674627675,-0.9913464949709101,68,364003__479155
364003,S. Bueno,346131,T. Chalobah,-1.0243533959115367,0.0,-0.938287674627675,-0.9942303934621852,69,346131__364003
364003,S. Bueno,620468,J. Greaves,-1.1466302093169105,0.0,-0.938287674627675,-1.073710322175678,70,364003__620468
364003,S. Bueno,645877,Y. Mosquera,-1.1612339308749373,0.0,-0.938287674627675,-1.0832027411883955,71,364003__645877
364003,S. Bueno,288080,C. Burgess,-1.2778406946822818,0.04487664705616696,-0.750639459033476,-1.0933202622051996,72,288080__364003
364003,S. Bueno,504375,M. Lacroix,-1.199100626913494,0.006864327515649884,-0.9095850220441671,-1.0977701652092295,73,364003__504375
364003,S. Bueno,192792,D. Burn,-1.1893697608521472,0.0,-0.938287674627675,-1.101491030673582,74,192792__364003
364003,S. Bueno,365443,M. de Ligt,-1.2531462796794108,0.011372065199156654,-0.8907362668860981,-1.1263027752017514,75,364003__365443
364003,S. Bueno,520300,N. Wood,-1.2300751204959013,0.0,-0.938287674627675,-1.1279495144420222,76,364003__520300
364003,S. Bueno,424241,N. Milenković,-1.4605604270533288,0.08176103967358772,-0.5964102348832787,-1.1581078597938113,77,364003__424241
364003,S. Bueno,583655,C. Okoli,-1.3025637688703766,0.0,-0.938287674627675,-1.175067135885431,78,364003__583655
364003,S. Bueno,424806,E. Pinnock,-1.3207963440452795,0.0,-0.938287674627675,-1.1869183097491178,79,364003__424806
364003,S. Bueno,7919,M. Keane,-1.4194327703990384,0.04050782565410046,-0.7689073465456929,-1.1917488720503675,80,7919__364003
364003,S. Bueno,518805,L. Woolfenden,-1.3374344033064758,0.0,-0.938287674627675,-1.1977330482688955,81,364003__518805
364003,S. Bueno,501419,J. Todibo,-1.3508801128558336,0.0,-0.938287674627675,-1.206472759475978,82,364003__501419
364003,S. Bueno,558243,S. van den Berg,-1.3568076764525465,0.0,-0.938287674627675,-1.2103256758138414,83,364003__558243
364003,S. Bueno,563725,Morato,-1.5112335516641024,0.04050782565410046,-0.7689073465456929,-1.2514193798726592,84,364003__563725
364003,S. Bueno,534563,C. Richards,-1.5033784077441548,0.0,-0.938287674627675,-1.305596651153387,85,364003__534563
364003,S. Bueno,488709,L. Thomas,-1.6152836101642343,0.0,-0.938287674627675,-1.3783350327264385,86,364003__488709
364003,S. Bueno,508021,Jorge Cuenca,-1.6997497683894647,0.0,-0.938287674627675,-1.4332380355728382,87,364003__508021
365443,M. de Ligt,568412,J. Gvardiol,1.500760425359029,0.5936120919357644,2.313677448722987,1.785281383536414,1,365443__568412
365443,M. de Ligt,590781,J. van Hecke,0.5893023842470595,0.6429619543755185,2.593505811262134,1.2907735837023355,2,365443__590781
365443,M. de Ligt,297957,M. Akanji,0.7980040449871997,0.5224631340179622,1.9102417468543027,1.1872872406406856,3,297957__365443
365443,M. de Ligt,145787,J. Andersen,0.735167449151678,0.5081178393191361,1.8288996695462956,1.1179737262897942,4,145787__365443
365443,M. de Ligt,370,V. van Dijk,0.6248787669977398,0.5059785904138209,1.8167694935206011,1.0420405212807413,5,370__365443
365443,M. de Ligt,258154,Rúben Dias,0.8128607522648791,0.41904227972408054,1.3238148171989998,0.9916946749918214,6,258154__365443
365443,M. de Ligt,257899,J. Gomez,0.5433829738372165,0.4988613340569993,1.7764125382295493,0.9749433213745329,7,257899__365443
365443,M. de Ligt,234399,A. Webster,0.33732949309936394,0.4923058156132212,1.7392408035776634,0.8279984517667688,8,234399__365443
365443,M. de Ligt,134102,N. Aké,0.46746444667533243,0.41849421027020345,1.32070710077885,0.7660993756115635,9,134102__365443
365443,M. de Ligt,412968,M. Senesi,0.3526556624517744,0.44265457757199256,1.4577035519575632,0.7394224237788005,10,365443__412968
365443,M. de Ligt,415847,C. Romero,0.33326623777648606,0.4164937668745163,1.309363993177471,0.6749004521668308,11,365443__415847
365443,M. de Ligt,777938,Dean Huijsen,0.10452349338357278,0.4797704955013607,1.6681618192119387,0.6517969074235008,12,365443__777938
365443,M. de Ligt,9097,L. Dunk,0.31402911991005344,0.3559283800095324,0.9659402794099152,0.542198025735005,13,9097__365443
365443,M. de Ligt,549884,T. Harwood-Bellis,0.035637476354216976,0.44305630772284094,1.4599814811094782,0.5341578780185583,14,365443__549884
365443,M. de Ligt,578325,W. Saliba,0.25034428298824535,0.3484296586000252,0.9234203040863509,0.4859208903725823,15,365443__578325
365443,M. de Ligt,590703,I. Zabarnyi,-0.14152933949803323,0.46818075398233644,1.602444546028458,0.4688615204362387,16,365443__590703
365443,M. de Ligt,9380,J. Stones,0.0200516536372701,0.3918942348726863,1.1698773478457862,0.4224906466102507,17,9380__365443
365443,M. de Ligt,622200,J. Quansah,0.15926886711751728,0.32575481454110156,0.7948472104615185,0.3817212872879177,18,365443__622200
365443,M. de Ligt,8582,A. Cresswell,-0.21259168718165844,0.421348034468014,1.3368891307332966,0.3297265990885758,19,8582__365443
365443,M. de Ligt,400549,Pau Torres,-0.11054308039488861,0.38241882816048745,1.1161489803573468,0.3187991408683938,20,365443__400549
365443,M. de Ligt,386292,A. Disasi,0.10713136188722971,0.2840305578393829,0.5582582950363044,0.26502578848940583,21,365443__386292
365443,M. de Ligt,349142,N. Mazraoui,-0.05014733436795807,0.3196538308977407,0.7602528229921723,0.23349272070808758,22,349142__365443
365443,M. de Ligt,488453,L. Martínez,-0.020522139347232984,0.2884847407125315,0.5835148335193585,0.19089080115607404,23,365443__488453
365443,M. de Ligt,283145,T. Adarabioyo,0.026274299782631915,0.25687170006507126,0.4042595132018668,0.1585691244793641,24,283145__365443
365443,M. de Ligt,415917,Gabriel Magalhaes,-0.1611802014013382,0.2566819661514096,0.4031836656158091,0.03634715205466332,25,365443__415917
365443,M. de Ligt,625787,M. van de Ven,-0.1036558481074947,0.23748675443137818,0.2943411197877242,0.035643090655831905,26,365443__625787
365443,M. de Ligt,619747,L. Colwill,-0.24285146950019015,0.2655367236188074,0.4533927677345457,0.0008340135319673536,27,365443__619747
365443,M. de Ligt,393247,I. Konaté,-0.14240117549721928,0.2154704592888637,0.16950219391575402,-0.033234996202678634,28,365443__393247
365443,M. de Ligt,62126,M. Doherty,-0.3437557981995858,0.27356698108379185,0.49892671020373863,-0.04881692025842227,29,62126__365443
365443,M. de Ligt,415953,Igor Julio,-0.1419028480581954,0.1832030641152185,-0.013463510717518858,-0.0969490799889586,30,365443__415953
365443,M. de Ligt,8135,L. Shaw,-0.4834944748094543,0.2862219577083052,0.5706841824992662,-0.1145319447514021,31,8135__365443
365443,M. de Ligt,482177,J. Kiwior,-0.334651518560745,0.20235165604925864,0.09511468709152573,-0.18423334658245022,32,365443__482177
365443,M. de Ligt,397074,M. Guéhi,-0.4389418564328508,0.2292038225457185,0.24737443838274598,-0.1987311532473919,33,365443__397074
365443,M. de Ligt,50102,F. Schär,-0.5628103087935414,0.2552371925563961,0.394991370656001,-0.22757972098620158,34,50102__365443
365443,M. de Ligt,594120,J. O'Brien,-0.5060538139697571,0.22904614354138914,0.24648035164355486,-0.24266685600509794,35,365443__594120
365443,M. de Ligt,627012,Murillo,-0.5577572398127716,0.24533693369530607,0.33885396542625906,-0.2439433179791109,36,365443__627012
365443,M. de Ligt,8136,J. Stephens,-0.35644572177035794,0.15331860407304346,-0.1829172661191127,-0.2957107622924221,37,8136__365443
365443,M. de Ligt,653730,A. Khusanov,-0.4197669192828528,0.17037434084392983,-0.08620617805230624,-0.3030206598521615,38,365443__653730
365443,M. de Ligt,475597,S. Botman,-0.35934681801382073,0.14983231991844306,-0.20268553168457312,-0.30451536779858407,39,365443__475597
365443,M. de Ligt,71703,V. Lindelöf,-0.40754874223563053,0.1549712279761326,-0.17354639824163792,-0.3256479218377331,40,71703__365443
365443,M. de Ligt,604320,J. Branthwaite,-0.514066162144474,0.1857591164930718,0.001030064666448242,-0.33378248276065126,41,365443__604320
365443,M. de Ligt,270866,Diego Carlos,-0.3852715398728123,0.12853742154600795,-0.32343392382590175,-0.36362837425639366,42,270866__365443
365443,M. de Ligt,8360,C. Dawson,-0.6039770692868796,0.1802397241757055,-0.03026652742163004,-0.40317837963404224,43,8360__365443
365443,M. de Ligt,402884,K. Walker-Peters,-0.48586679766675417,0.13569444078998127,-0.28285150116672736,-0.4148114438917448,44,365443__402884
365443,M. de Ligt,447424,C. Bassey,-0.4889030568974329,0.13035543948310468,-0.3131252227018483,-0.4273808149289783,45,365443__447424
365443,M. de Ligt,7953,C. Coady,-0.5530883400934477,0.1435127676426643,-0.2385192681508205,-0.44298916491352813,46,7953__365443
365443,M. de Ligt,413002,K. Mavropanos,-0.6027412389458577,0.15805992181350906,-0.1560325877431195,-0.4463932110248994,47,365443__413002
365443,M. de Ligt,15806,J. Vestergaard,-0.5478516775493075,0.1357696094805483,-0.28242527238805015,-0.4549524357428675,48,15806__365443
365443,M. de Ligt,240032,J. Bednarek,-0.6424442022509813,0.14095469669730976,-0.253024289411445,-0.5061472327571436,49,240032__365443
365443,M. de Ligt,239411,T. Mings,-0.5290125097053462,0.07998342840143666,-0.5987494713204659,-0.553420446270638,50,239411__365443
365443,M. de Ligt,623641,E. Agbadou,-0.657075038786853,0.11362519290021861,-0.4079906848271058,-0.5698955149009415,51,365443__623641
365443,M. de Ligt,136441,B. Davies,-0.6028243469593325,0.06629552820494573,-0.6763639267459347,-0.6285631998846433,52,136441__365443
365443,M. de Ligt,412027,E. Konsa,-0.5371034802438666,0.02613862139550467,-0.9040655032364687,-0.6655401882912773,53,365443__412027
365443,M. de Ligt,255738,J. Lerma,-1.0907504509810484,0.1934609968303504,0.044702011389383324,-0.6933420891513973,54,255738__365443
365443,M. de Ligt,285382,W. Faes,-0.742687301696056,0.07395445628319859,-0.6329355320759603,-0.7042741823290225,55,285382__365443
365443,M. de Ligt,767087,A. Gray,-0.5302738199567728,0.0,-1.0522792420906355,-0.7129757177036247,56,365443__767087
365443,M. de Ligt,769441,L. Yoro,-0.5555204823407346,0.002279058975417566,-1.0393563014846754,-0.7248630190411138,57,365443__769441
365443,M. de Ligt,496001,M. Kilman,-0.7127511987992772,0.052886473441932536,-0.7523972458278759,-0.7266273152592868,58,365443__496001
365443,M. de Ligt,545267,R. Drăgușin,-0.7497263010662357,0.03862804395489126,-0.8332467716114482,-0.7789584657570601,59,365443__545267
365443,M. de Ligt,8653,H. Maguire,-0.8484375221869437,0.06868088842997035,-0.662838226514257,-0.7834777687015033,60,8653__365443
365443,M. de Ligt,399581,D. O'Shea,-0.8471009466877991,0.059350443035125745,-0.7157446203220955,-0.801126232459803,61,365443__399581
365443,M. de Ligt,590874,Toti,-0.8010841711049453,0.01116871080351425,-0.9889493379873355,-0.8668369795137819,62,365443__590874
365443,M. de Ligt,9433,J. Tarkowski,-0.9193759836015528,0.03631008058979165,-0.8463903116501543,-0.8938309984185634,63,9433__365443
365443,M. de Ligt,327391,J. Bree,-0.9319824539980848,0.03184549238813583,-0.8717058514331901,-0.9108856431003717,64,327391__365443
365443,M. de Ligt,557788,W. Fofana,-0.8784747880541035,0.0,-1.0522792420906355,-0.9393063469668896,65,365443__557788
365443,M. de Ligt,424241,N. Milenković,-1.1524430822820955,0.08434347811232346,-0.5740266957975112,-0.9499973470124911,66,365443__424241
365443,M. de Ligt,286380,I. Diop,-0.8996992475844652,0.0,-1.0522792420906355,-0.9531022456616247,67,286380__365443
365443,M. de Ligt,346131,T. Chalobah,-0.9101674563012815,0.0,-1.0522792420906355,-0.9599065813275554,68,346131__365443
365443,M. de Ligt,479155,N. Collins,-0.9114351417163966,0.0,-1.0522792420906355,-0.9607305768473802,69,365443__479155
365443,M. de Ligt,620468,J. Greaves,-0.9944548086573574,0.0,-1.0522792420906355,-1.0146933603590047,70,365443__620468
365443,M. de Ligt,645877,Y. Mosquera,-1.0096856975763402,0.0,-1.0522792420906355,-1.0245934381563435,71,365443__645877
365443,M. de Ligt,504375,M. Lacroix,-1.035784355210885,0.006864327515649884,-1.0133564683750724,-1.0279345948183507,72,365443__504375
365443,M. de Ligt,192792,D. Burn,-1.0293841170840048,0.0,-1.0522792420906355,-1.0373974108363255,73,192792__365443
365443,M. de Ligt,520300,N. Wood,-1.029752354982925,0.0,-1.0522792420906355,-1.0376367654706238,74,365443__520300
365443,M. de Ligt,366217,K. Danso,-1.0484724947371171,0.0,-1.0522792420906355,-1.0498048563108486,75,365443__366217
365443,M. de Ligt,558243,S. van den Berg,-1.0720987326853288,0.0,-1.0522792420906355,-1.0651619109771862,76,365443__558243
365443,M. de Ligt,288080,C. Burgess,-1.2206069950247458,0.04487664705616696,-0.7978153380158306,-1.0726299150716254,77,288080__365443
365443,M. de Ligt,424806,E. Pinnock,-1.1317685105156747,0.0,-1.0522792420906355,-1.103947266566911,78,365443__424806
365443,M. de Ligt,7919,M. Keane,-1.274387256893159,0.04050782565410046,-0.8225878516304062,-1.1162574650511954,79,7919__365443
365443,M. de Ligt,583655,C. Okoli,-1.1893311529614923,0.0,-1.0522792420906355,-1.1413629841566924,80,365443__583655
365443,M. de Ligt,518805,L. Woolfenden,-1.192322152065194,0.0,-1.0522792420906355,-1.1433071335740985,81,365443__518805
365443,M. de Ligt,501419,J. Todibo,-1.2226696392976233,0.0,-1.0522792420906355,-1.1630330002751776,82,365443__501419
365443,M. de Ligt,364003,S. Bueno,-1.2531462796794108,0.0,-1.0522792420906355,-1.1828428165233396,83,364003__365443
365443,M. de Ligt,563725,Morato,-1.38643925448327,0.04050782565410046,-0.8225878516304062,-1.1890912634847677,84,365443__563725
365443,M. de Ligt,534563,C. Richards,-1.4480536761375962,0.0,-1.0522792420906355,-1.30953262422116,85,365443__534563
365443,M. de Ligt,488709,L. Thomas,-1.5489831955178412,0.0,-1.0522792420906355,-1.3751368118183194,86,365443__488709
365443,M. de Ligt,508021,Jorge Cuenca,-1.6010519396417844,0.0,-1.0522792420906355,-1.4089814954988824,87,365443__508021
366217,K. Danso,568412,J. Gvardiol,1.566733415334407,0.37111433749848927,1.8705660147091436,1.673074825115565,1,366217__568412
366217,K. Danso,297957,M. Akanji,0.8639770349625776,0.4395384104796849,2.4143528867915083,1.4066085831027033,2,297957__366217
366217,K. Danso,590781,J. van Hecke,0.6552753742224374,0.42046419993824347,2.2627643473220522,1.2178965148073027,3,366217__590781
366217,K. Danso,134102,N. Aké,0.5334374366507102,0.42140851722478967,2.270269123362575,1.141328526999863,4,134102__366217
366217,K. Danso,370,V. van Dijk,0.6908517569731176,0.381938913217766,1.9565922027968052,1.1338609130114083,5,370__366217
366217,K. Danso,258154,Rúben Dias,0.8788337422402571,0.3300928752508397,1.5445560057752326,1.1118365344774985,6,258154__366217
366217,K. Danso,145787,J. Andersen,0.7513186885207024,0.3198653933574726,1.463275103517316,1.0005034337695171,7,145787__366217
366217,K. Danso,578325,W. Saliba,0.42653219609823556,0.34695191852673923,1.6785399387665076,0.8647349060321308,8,366217__578325
366217,K. Danso,257899,J. Gomez,0.5697328982759088,0.3106088880953357,1.3897108472022222,0.8567251804001185,9,257899__366217
366217,K. Danso,9380,J. Stones,0.247181514692511,0.3765765999379706,1.9139762719043687,0.8305596797166612,10,9380__366217
366217,K. Danso,9097,L. Dunk,0.38000210988543115,0.30431415292894937,1.3396846766225081,0.715891008243408,11,9097__366217
366217,K. Danso,234399,A. Webster,0.3571140700154823,0.3000614538556611,1.305887186554845,0.6891846608042591,12,234399__366217
366217,K. Danso,412968,M. Senesi,0.3704909862701943,0.254402131610329,0.9430186968054349,0.5708756849575285,13,366217__412968
366217,K. Danso,415847,C. Romero,0.38869708294771504,0.24836035162557596,0.8950028378164269,0.5659040971517642,14,366217__415847
366217,K. Danso,386292,A. Disasi,0.21367080926307663,0.282552817766097,1.166740742346693,0.5472452858423422,15,366217__386292
366217,K. Danso,777938,Dean Huijsen,0.12235881720199268,0.2915180495396971,1.2379901598579721,0.5128297871315854,16,366217__777938
366217,K. Danso,549884,T. Harwood-Bellis,0.08223251794143374,0.27382278737270954,1.0973605415786272,0.43752732621445145,17,366217__549884
366217,K. Danso,400549,Pau Torres,-0.04288600597011518,0.29340862762924946,1.2530151576541082,0.41067940129836294,18,366217__400549
366217,K. Danso,415917,Gabriel Magalhaes,-0.09520721142596057,0.2957286704050286,1.2714532416378685,0.3831239471463796,19,366217__415917
366217,K. Danso,590703,I. Zabarnyi,-0.12369401567961316,0.29339263986191105,1.2528880980153914,0.3581097241136384,20,366217__590703
366217,K. Danso,283145,T. Adarabioyo,0.09224728975800967,0.23582220353991984,0.795358370129182,0.3383361678879199,21,283145__366217
366217,K. Danso,488453,L. Martínez,0.045450850628144746,0.23102463491305006,0.757230636372044,0.29457377563850945,22,366217__488453
366217,K. Danso,622200,J. Quansah,0.22524185709289513,0.15449788071511833,0.1490492978050497,0.1985744613421492,23,366217__622200
366217,K. Danso,482177,J. Kiwior,-0.14357648203945647,0.22247068676198187,0.6892498146179454,0.14791272179063417,24,366217__482177
366217,K. Danso,393247,I. Konaté,-0.07642818552184143,0.20243887926544252,0.5300509615521124,0.1358395159540424,25,366217__393247
366217,K. Danso,8582,A. Cresswell,-0.19475636336323843,0.2245853962248962,0.706056052453527,0.12052798217262944,26,8582__366217
366217,K. Danso,349142,N. Mazraoui,0.015825655607419678,0.15152041564880037,0.12538647937574454,0.05417194392633337,27,349142__366217
366217,K. Danso,8136,J. Stephens,-0.16753420940441807,0.17343763478576668,0.29956927089869373,-0.004047991298328946,28,8136__366217
366217,K. Danso,71703,V. Lindelöf,-0.19345785342193383,0.1750902586888558,0.3127031745649715,-0.01630149362651699,29,71703__366217
366217,K. Danso,594120,J. O'Brien,-0.3702748810849872,0.19480083506577764,0.4693491064417907,-0.07640648545061496,30,366217__594120
366217,K. Danso,625787,M. van de Ven,-0.03768285813211708,0.1124389008221001,-0.18520617870370645,-0.08931602033217337,31,366217__625787
366217,K. Danso,402884,K. Walker-Peters,-0.25705285216211776,0.1558134715027045,0.15950469702570796,-0.11125770994637876,32,366217__402884
366217,K. Danso,62126,M. Doherty,-0.32592047438116584,0.16813778048897748,0.2574497204981306,-0.12174090617341211,33,62126__366217
366217,K. Danso,7953,C. Coady,-0.3647383821152055,0.16363179835538752,0.2216393130884855,-0.15950618879391365,34,7953__366217
366217,K. Danso,475597,S. Botman,-0.30310824984274537,0.14835457984515707,0.10022662153356869,-0.16194104486103547,35,366217__475597
366217,K. Danso,619747,L. Colwill,-0.1768784795248124,0.11349253539868015,-0.17683262498564953,-0.1768624304361054,36,366217__619747
366217,K. Danso,15806,J. Vestergaard,-0.423240772714517,0.15588864019327153,0.1601020854204796,-0.2190707723672682,37,15806__366217
366217,K. Danso,8360,C. Dawson,-0.5365684774917802,0.1802397241757055,0.3536275394556678,-0.22499987156017343,38,8360__366217
366217,K. Danso,240032,J. Bednarek,-0.4158261857007616,0.1394769566240238,0.029673455774603407,-0.25990131118438387,39,240032__366217
366217,K. Danso,415953,Igor Julio,-0.07592985808281767,0.05221055286580778,-0.6638591369226838,-0.2817051056767708,40,366217__415953
366217,K. Danso,413002,K. Mavropanos,-0.5358088116052035,0.15805992181350906,0.17735791935780423,-0.28620045576815084,41,366217__413002
366217,K. Danso,270866,Diego Carlos,-0.3192985498974346,0.10114001097991668,-0.2750018850623835,-0.3037947172051667,42,270866__366217
366217,K. Danso,604320,J. Branthwaite,-0.4962308383260539,0.11998786237922382,-0.12521229038684947,-0.36637434654733236,43,366217__604320
366217,K. Danso,627012,Murillo,-0.5399219159943516,0.1264503597817925,-0.0738528624067435,-0.37679774723868875,44,366217__627012
366217,K. Danso,50102,F. Schär,-0.5466590694245173,0.1253796495026067,-0.08236212191523405,-0.38415513779626814,45,50102__366217
366217,K. Danso,239411,T. Mings,-0.4452103800084951,0.10010245911415987,-0.28324762459703784,-0.38852341561448506,46,239411__366217
366217,K. Danso,397074,M. Guéhi,-0.42110653261443076,0.0847100750730879,-0.4055755715739056,-0.41567069625024694,47,366217__397074
366217,K. Danso,653730,A. Khusanov,-0.34605258795014526,0.059387078177802324,-0.6068251124660877,-0.4373229715307251,48,366217__653730
366217,K. Danso,8135,L. Shaw,-0.4618298355018628,0.08169525741826926,-0.42953524235911406,-0.45052672790190074,49,8135__366217
366217,K. Danso,412027,E. Konsa,-0.3230125914301699,0.04625765210822788,-0.7111686457218858,-0.4588672104322704,50,366217__412027
366217,K. Danso,285382,W. Faes,-0.5975797773980513,0.0940734869959218,-0.33116169558415165,-0.5043334487631864,51,285382__366217
366217,K. Danso,496001,M. Kilman,-0.5881215435129945,0.07300550415465575,-0.49859534855429105,-0.5567873752774483,52,366217__496001
366217,K. Danso,447424,C. Bassey,-0.4229300669220552,0.03411868585511675,-0.8076406942494089,-0.5575787864866291,53,366217__447424
366217,K. Danso,767087,A. Gray,-0.36713397619695715,0.020119030712723213,-0.9189002020282887,-0.5602521552379232,54,366217__767087
366217,K. Danso,769441,L. Yoro,-0.4838452323473186,0.02239808968814078,-0.9007878287430248,-0.6297751410858157,55,366217__769441
366217,K. Danso,136441,B. Davies,-0.5548221091216358,0.03411868585511675,-0.8076406942494089,-0.6433086139163564,56,136441__366217
366217,K. Danso,8653,H. Maguire,-0.7298943250223786,0.06868088842997035,-0.5329643820745723,-0.6609688449906465,57,8653__366217
366217,K. Danso,545267,R. Drăgușin,-0.7318909772478157,0.03862804395489126,-0.771803457012018,-0.7458603451652865,58,366217__545267
366217,K. Danso,623641,E. Agbadou,-0.6409237994178285,0.013999655142393538,-0.96753273668318,-0.7552369274607015,59,366217__623641
366217,K. Danso,399581,D. O'Shea,-0.8292656228693793,0.0521228043450675,-0.6645565010453417,-0.7716174302309662,60,366217__399581
366217,K. Danso,424241,N. Milenković,-0.9881739440747521,0.08434347811232346,-0.4084890288693196,-0.7852842237528507,61,366217__424241
366217,K. Danso,327391,J. Bree,-0.7749574730489297,0.03184549238813583,-0.8257064525591683,-0.7927196158775132,62,327391__366217
366217,K. Danso,9433,J. Tarkowski,-0.8380092991866523,0.03631008058979165,-0.790225015288086,-0.8212847998221542,63,9433__366217
366217,K. Danso,557788,W. Fofana,-0.7700016816945248,0.020119030712723213,-0.9189002020282887,-0.8221161638113421,64,366217__557788
366217,K. Danso,520300,N. Wood,-0.7988622288019616,0.020119030712723213,-0.9189002020282887,-0.8408755194311761,65,366217__520300
366217,K. Danso,192792,D. Burn,-0.8152932282703078,0.020119030712723213,-0.9189002020282887,-0.8515556690856011,66,192792__366217
366217,K. Danso,590874,Toti,-0.7832488472865251,0.01116871080351425,-0.9900311104280681,-0.8556226393860652,67,366217__590874
366217,K. Danso,558243,S. van den Berg,-0.8580078438716321,0.020119030712723213,-0.9189002020282887,-0.879320169226462,68,366217__558243
366217,K. Danso,620468,J. Greaves,-0.8626153865561043,0.020119030712723213,-0.9189002020282887,-0.8823150719713688,69,366217__620468
366217,K. Danso,479155,N. Collins,-0.8159471678445196,0.0,-1.07879224446206,-0.9079429446606586,70,366217__479155
366217,K. Danso,346131,T. Chalobah,-0.831844843813798,0.0,-1.07879224446206,-0.9182764340406897,71,346131__366217
366217,K. Danso,286380,I. Diop,-0.8383285171643948,0.0,-1.07879224446206,-0.9224908217185777,72,286380__366217
366217,K. Danso,645877,Y. Mosquera,-0.9252855036381245,0.004379715002347387,-1.043985320261666,-0.966830439456364,73,366217__645877
366217,K. Danso,7919,M. Keane,-1.11447678547214,0.04050782565410046,-0.7568642614062321,-0.9893124020490722,74,7919__366217
366217,K. Danso,501419,J. Todibo,-1.0279978855810312,0.01896597678456833,-0.9280638715032985,-0.9930209806538248,75,366217__501419
366217,K. Danso,365443,M. de Ligt,-1.0484724947371171,0.020119030712723213,-0.9189002020282887,-1.0031221922890272,76,365443__366217
366217,K. Danso,364003,S. Bueno,-1.0497801148071524,0.020119030712723213,-0.9189002020282887,-1.0039721453345503,77,364003__366217
366217,K. Danso,255738,J. Lerma,-1.0322794323187547,0.013999655142393538,-0.96753273668318,-1.0096180888463036,78,255738__366217
366217,K. Danso,504375,M. Lacroix,-1.020154392314521,0.006864327515649884,-1.0242393506331584,-1.0215841277260442,79,366217__504375
366217,K. Danso,424806,E. Pinnock,-1.015584347341536,0.0,-1.07879224446206,-1.0377071113337193,80,366217__424806
366217,K. Danso,518805,L. Woolfenden,-1.0280530138578503,0.0,-1.07879224446206,-1.0458117445693236,81,366217__518805
366217,K. Danso,563725,Morato,-1.2105796662055333,0.04050782565410046,-0.7568642614062321,-1.051779274525778,82,366217__563725
366217,K. Danso,583655,C. Okoli,-1.0981528275967727,0.0,-1.07879224446206,-1.0913766234996232,83,366217__583655
366217,K. Danso,288080,C. Burgess,-1.1859724338390587,0.013999655142393538,-0.96753273668318,-1.109518539834501,84,288080__366217
366217,K. Danso,488709,L. Thomas,-1.3109039857234812,0.0,-1.07879224446206,-1.2296648762819837,85,366217__488709
366217,K. Danso,534563,C. Richards,-1.3248903860429488,0.0,-1.07879224446206,-1.2387560364896377,86,366217__534563
366217,K. Danso,508021,Jorge Cuenca,-1.4561284235193819,0.0,-1.07879224446206,-1.3240607608493191,87,366217__508021
386292,A. Disasi,568412,J. Gvardiol,2.0651687897038364,0.10838523335368666,1.3764799820554536,1.8241277070269026,1,386292__568412
386292,A. Disasi,145787,J. Andersen,1.5784849428103458,0.10838523335368666,1.3764799820554536,1.5077832065461336,2,145787__386292
386292,A. Disasi,257899,J. Gomez,1.3939007212111632,0.10838523335368666,1.3764799820554536,1.3878034625066649,3,257899__386292
386292,A. Disasi,258154,Rúben Dias,1.3881948162080362,0.10838523335368666,1.3764799820554536,1.3840946242546324,4,258154__386292
386292,A. Disasi,590781,J. van Hecke,1.3774345749038126,0.10838523335368666,1.3764799820554536,1.377100467406887,5,386292__590781
386292,A. Disasi,415847,C. Romero,1.2581924314013844,0.10838523335368666,1.3764799820554536,1.2995930741303086,6,386292__415847
386292,A. Disasi,234399,A. Webster,1.2535079851488042,0.10838523335368666,1.3764799820554536,1.2965481840661315,7,234399__386292
386292,A. Disasi,412968,M. Senesi,1.252485740834003,0.10838523335368666,1.3764799820554536,1.2958837252615107,8,386292__412968
386292,A. Disasi,370,V. van Dijk,1.235988496490585,0.10838523335368666,1.3764799820554536,1.285160516438289,9,370__386292
386292,A. Disasi,297957,M. Akanji,1.2375246150732135,0.10255350285053311,1.2527002410627412,1.2428360841695483,10,297957__386292
386292,A. Disasi,9097,L. Dunk,1.0735797531843831,0.10838523335368666,1.3764799820554536,1.1795948332892578,11,9097__386292
386292,A. Disasi,349142,N. Mazraoui,1.0331139657992119,0.10838523335368666,1.3764799820554536,1.1532920714888966,12,349142__386292
386292,A. Disasi,777938,Dean Huijsen,0.9713346353130013,0.10838523335368666,1.3764799820554536,1.1131355066728597,13,386292__777938
386292,A. Disasi,549884,T. Harwood-Bellis,0.9295636523753498,0.10838523335368666,1.3764799820554536,1.085984367763386,14,386292__549884
386292,A. Disasi,625787,M. van de Ven,0.7620371944773583,0.10838523335368666,1.3764799820554536,0.9770921701296917,15,386292__625787
386292,A. Disasi,619747,L. Colwill,0.7613031114152038,0.10838523335368666,1.3764799820554536,0.9766150161392912,16,386292__619747
386292,A. Disasi,488453,L. Martínez,0.7460714901614962,0.10838523335368666,1.3764799820554536,0.9667144623243813,17,386292__488453
386292,A. Disasi,590703,I. Zabarnyi,0.7238236359257967,0.10838523335368666,1.3764799820554536,0.9522533570711766,18,386292__590703
386292,A. Disasi,400549,Pau Torres,0.7169757690435079,0.10838523335368666,1.3764799820554536,0.9478022435976889,19,386292__400549
386292,A. Disasi,8582,A. Cresswell,0.6774670175456975,0.10838523335368666,1.3764799820554536,0.9221215551241122,20,8582__386292
386292,A. Disasi,283145,T. Adarabioyo,0.7605208394750769,0.09771171227085532,1.149932189012087,0.8968148118130304,21,283145__386292
386292,A. Disasi,62126,M. Doherty,0.57804066934948,0.10838523335368666,1.3764799820554536,0.8574944287965707,22,62126__386292
386292,A. Disasi,397074,M. Guéhi,0.5461196761102263,0.10838523335368666,1.3764799820554536,0.8367457831910559,23,386292__397074
386292,A. Disasi,50102,F. Schär,0.5414634552793738,0.10838523335368666,1.3764799820554536,0.8337192396510018,24,50102__386292
386292,A. Disasi,393247,I. Konaté,0.6863445479002683,0.08969379576912506,0.9797501774550222,0.7890365182444321,25,386292__393247
386292,A. Disasi,627012,Murillo,0.3853286293487164,0.10838523335368666,1.3764799820554536,0.7322316027960745,26,386292__627012
386292,A. Disasi,622200,J. Quansah,0.8506999253763797,0.06686297241180057,0.4951610147199105,0.7262613066466155,27,386292__622200
386292,A. Disasi,415953,Igor Julio,0.7050099653466861,0.06584170346309955,0.4734843604428045,0.6239760036303276,28,386292__415953
386292,A. Disasi,134102,N. Aké,0.9625233384074603,0.04254352989058712,-0.02102441167027306,0.6182816258802536,29,134102__386292
386292,A. Disasi,8135,L. Shaw,0.6037660783889143,0.07089026167163086,0.5806411001276568,0.5956723359974742,30,8135__386292
386292,A. Disasi,653730,A. Khusanov,0.5878657919553676,0.06584170346309955,0.4734843604428045,0.5478322909259705,31,386292__653730
386292,A. Disasi,9380,J. Stones,0.8213184678321961,0.04254352989058712,-0.02102441167027306,0.5264984600063319,32,9380__386292
386292,A. Disasi,447424,C. Bassey,0.5454491370048273,0.06584170346309955,0.4734843604428045,0.5202614652081193,33,386292__447424
386292,A. Disasi,578325,W. Saliba,0.7824910641415874,0.04254352989058712,-0.02102441167027306,0.5012606476074363,34,386292__578325
386292,A. Disasi,415917,Gabriel Magalhaes,0.6613316616905695,0.04953095178871257,0.12728512908938183,0.4744153752801538,35,386292__415917
386292,A. Disasi,270866,Diego Carlos,0.513288853772565,0.06151609642120803,0.3816724156020664,0.4672231004128905,36,270866__386292
386292,A. Disasi,136441,B. Davies,0.4427594597882787,0.06584170346309955,0.4734843604428045,0.45351317501736277,37,136441__386292
386292,A. Disasi,623641,E. Agbadou,0.4311163179724077,0.06584170346309955,0.4734843604428045,0.4459451328370465,38,386292__623641
386292,A. Disasi,604320,J. Branthwaite,0.3995333342362162,0.06584170346309955,0.4734843604428045,0.4254161934085221,39,386292__604320
386292,A. Disasi,482177,J. Kiwior,0.5098390966613706,0.04254352989058712,-0.02102441167027306,0.32403686874529536,40,386292__482177
386292,A. Disasi,255738,J. Lerma,0.1876402392838502,0.06584170346309955,0.4734843604428045,0.2876856816894842,41,255738__386292
386292,A. Disasi,545267,R. Drăgușin,0.3387036179302319,0.03862804395489126,-0.10413144734672615,0.18371134508329662,42,386292__545267
386292,A. Disasi,475597,S. Botman,0.5013338579011977,0.008877623221133297,-0.7355905607020912,0.06841031139004655,43,386292__475597
386292,A. Disasi,288080,C. Burgess,0.02570202820486478,0.04487664705616696,0.028496504686365262,0.026680094973389946,44,288080__386292
386292,A. Disasi,594120,J. O'Brien,0.4360126125868754,0.0,-0.9240200332829221,-0.03999881346755374,45,386292__594120
386292,A. Disasi,399581,D. O'Shea,0.18474168375703653,0.021227293832451782,-0.4734661314631731,-0.04563105157003684,46,386292__399581
386292,A. Disasi,590874,Toti,0.29452973501339075,0.01116871080351425,-0.6869617313373975,-0.04899227820938512,47,386292__590874
386292,A. Disasi,767087,A. Gray,0.3963589102634941,0.0,-0.9240200332829221,-0.06577371997775155,48,386292__767087
386292,A. Disasi,8136,J. Stephens,0.3939897560618828,0.0,-0.9240200332829221,-0.06731367020879891,49,8136__386292
386292,A. Disasi,402884,K. Walker-Peters,0.37071377703542185,0.0,-0.9240200332829221,-0.08244305657599854,50,386292__402884
386292,A. Disasi,769441,L. Yoro,0.36765135956101547,0.0,-0.9240200332829221,-0.08443362793436268,51,386292__769441
386292,A. Disasi,239411,T. Mings,0.3618145590177206,0.0,-0.9240200332829221,-0.08822754828750437,52,239411__386292
386292,A. Disasi,71703,V. Lindelöf,0.3357563169030392,0.0,-0.9240200332829221,-0.10516540566204727,53,71703__386292
386292,A. Disasi,15806,J. Vestergaard,0.3349395391673365,0.0,-0.9240200332829221,-0.10569631119025402,54,15806__386292
386292,A. Disasi,7953,C. Coady,0.320140220466706,0.0,-0.9240200332829221,-0.11531586834566385,55,7953__386292
386292,A. Disasi,412027,E. Konsa,0.30233812746086175,0.0,-0.9240200332829221,-0.1268872287994626,56,386292__412027
386292,A. Disasi,413002,K. Mavropanos,0.29699349189065,0.0,-0.9240200332829221,-0.13036124192010023,57,386292__413002
386292,A. Disasi,8360,C. Dawson,0.28547477502722884,0.0,-0.9240200332829221,-0.137848407881324,58,8360__386292
386292,A. Disasi,496001,M. Kilman,0.28043121120312564,0.0,-0.9240200332829221,-0.14112672436699109,59,386292__496001
386292,A. Disasi,557788,W. Fofana,0.26984396865461574,0.0,-0.9240200332829221,-0.1480084320235225,60,386292__557788
386292,A. Disasi,285382,W. Faes,0.2682560079050998,0.0,-0.9240200332829221,-0.14904060651070788,61,285382__386292
386292,A. Disasi,240032,J. Bednarek,0.260130289845457,0.0,-0.9240200332829221,-0.1543223232494757,62,240032__386292
386292,A. Disasi,366217,K. Danso,0.21367080926307663,0.0,-0.9240200332829221,-0.18452098562802294,63,366217__386292
386292,A. Disasi,8653,H. Maguire,0.2094513809989229,0.0,-0.9240200332829221,-0.18726361399972286,64,8653__386292
386292,A. Disasi,286380,I. Diop,0.1943878174980669,0.0,-0.9240200332829221,-0.19705493027527926,65,286380__386292
386292,A. Disasi,327391,J. Bree,0.19437826553537776,0.0,-0.9240200332829221,-0.1970611390510272,66,327391__386292
386292,A. Disasi,479155,N. Collins,0.18260319949168335,0.0,-0.9240200332829221,-0.20471493197942858,67,386292__479155
386292,A. Disasi,620468,J. Greaves,0.1800806342078942,0.0,-0.9240200332829221,-0.2063545994138915,68,386292__620468
386292,A. Disasi,645877,Y. Mosquera,0.16984773761056693,0.0,-0.9240200332829221,-0.21300598220215422,69,386292__645877
386292,A. Disasi,346131,T. Chalobah,0.16975593278965162,0.0,-0.9240200332829221,-0.21306565533574917,70,346131__386292
386292,A. Disasi,192792,D. Burn,0.16330669975204998,0.0,-0.9240200332829221,-0.21725765681019027,71,192792__386292
386292,A. Disasi,9433,J. Tarkowski,0.11484282851508353,0.0,-0.9240200332829221,-0.24875917311421847,72,9433__386292
386292,A. Disasi,501419,J. Todibo,0.10879034169501045,0.0,-0.9240200332829221,-0.25269328954726594,73,386292__501419
386292,A. Disasi,365443,M. de Ligt,0.10713136188722971,0.0,-0.9240200332829221,-0.2537716264223234,74,365443__386292
386292,A. Disasi,424806,E. Pinnock,0.10311537564712589,0.0,-0.9240200332829221,-0.2563820174783909,75,386292__424806
386292,A. Disasi,518805,L. Woolfenden,0.09878632267818102,0.0,-0.9240200332829221,-0.2591959019082051,76,386292__518805
386292,A. Disasi,558243,S. van den Berg,0.08647760284882022,0.0,-0.9240200332829221,-0.2671965697972896,77,386292__558243
386292,A. Disasi,504375,M. Lacroix,0.08157155738125128,0.0,-0.9240200332829221,-0.2703854993512094,78,386292__504375
386292,A. Disasi,583655,C. Okoli,0.07425756462133297,0.0,-0.9240200332829221,-0.2751395946451563,79,386292__583655
386292,A. Disasi,520300,N. Wood,0.06386303699466532,0.0,-0.9240200332829221,-0.28189603760249027,80,386292__520300
386292,A. Disasi,364003,S. Bueno,0.04989976477138876,0.0,-0.9240200332829221,-0.29097216454762004,81,364003__386292
386292,A. Disasi,424241,N. Milenković,0.009528977364161445,0.0,-0.9240200332829221,-0.31721317636231783,82,386292__424241
386292,A. Disasi,7919,M. Keane,-0.021860194549974454,0.0,-0.9240200332829221,-0.33761613810650615,83,7919__386292
386292,A. Disasi,534563,C. Richards,-0.104741722121309,0.0,-0.9240200332829221,-0.3914891310278736,84,386292__534563
386292,A. Disasi,563725,Morato,-0.11478397773814536,0.0,-0.9240200332829221,-0.3980165971788172,85,386292__563725
386292,A. Disasi,488709,L. Thomas,-0.14430036877237368,0.0,-0.9240200332829221,-0.41720225135106564,86,386292__488709
386292,A. Disasi,508021,Jorge Cuenca,-0.2359797595977417,0.0,-0.9240200332829221,-0.47679385538755487,87,386292__508021
393247,I. Konaté,568412,J. Gvardiol,1.8534255305783882,0.011471208881341849,1.0485134649503431,1.5717063076085727,1,393247__568412
393247,I. Konaté,145787,J. Andersen,1.2017781505564635,0.011471208881341849,1.0485134649503431,1.1481355105943214,2,145787__393247
393247,I. Konaté,258154,Rúben Dias,1.165525857484238,0.011471208881341849,1.0485134649503431,1.124571520097375,3,258154__393247
393247,I. Konaté,297957,M. Akanji,1.150669150206559,0.011471208881341849,1.0485134649503431,1.1149146603668834,4,297957__393247
393247,I. Konaté,590781,J. van Hecke,1.0391192616269973,0.011471208881341849,1.0485134649503431,1.0424072327901683,5,393247__590781
393247,I. Konaté,257899,J. Gomez,1.0099936752420018,0.011471208881341849,1.0485134649503431,1.0234756016399214,6,257899__393247
393247,I. Konaté,370,V. van Dijk,0.977543872217099,0.011471208881341849,1.0485134649503431,1.0023832296737345,7,370__393247
393247,I. Konaté,134102,N. Aké,0.8627756795984902,0.011471208881341849,1.0485134649503431,0.9277839044716387,8,134102__393247
393247,I. Konaté,578325,W. Saliba,0.7930378461158446,0.011471208881341849,1.0485134649503431,0.8824543127079191,9,393247__578325
393247,I. Konaté,386292,A. Disasi,0.6863445479002683,0.011471208881341849,1.0485134649503431,0.8131036688677945,10,386292__393247
393247,I. Konaté,622200,J. Quansah,0.6666630532953587,0.011471208881341849,1.0485134649503431,0.8003106973746033,11,393247__622200
393247,I. Konaté,777938,Dean Huijsen,0.6080433004278518,0.011471208881341849,1.0485134649503431,0.7622078580107238,12,393247__777938
393247,I. Konaté,9380,J. Stones,0.5856463955676613,0.011471208881341849,1.0485134649503431,0.7476498698515999,13,9380__393247
393247,I. Konaté,549884,T. Harwood-Bellis,0.5083018913556533,0.011471208881341849,1.0485134649503431,0.6973759421137947,14,393247__549884
393247,I. Konaté,283145,T. Adarabioyo,0.39866272629755395,0.011471208881341849,1.0485134649503431,0.6261104848260302,15,283145__393247
393247,I. Konaté,590703,I. Zabarnyi,0.361990467546246,0.011471208881341849,1.0485134649503431,0.60227351663768,16,393247__590703
393247,I. Konaté,475597,S. Botman,0.36092312917806113,0.011471208881341849,1.0485134649503431,0.6015797466983599,17,393247__475597
393247,I. Konaté,400549,Pau Torres,0.3587434029350877,0.011471208881341849,1.0485134649503431,0.6001629246404271,18,393247__400549
393247,I. Konaté,415953,Igor Julio,0.3500986809118437,0.011471208881341849,1.0485134649503431,0.5945438553253185,19,393247__415953
393247,I. Konaté,8136,J. Stephens,0.3374487011913187,0.011471208881341849,1.0485134649503431,0.5863213685069772,20,8136__393247
393247,I. Konaté,71703,V. Lindelöf,0.3368458879222125,0.011471208881341849,1.0485134649503431,0.5859295398820582,21,71703__393247
393247,I. Konaté,8582,A. Cresswell,0.3288542684343968,0.011471208881341849,1.0485134649503431,0.5807349872149781,22,8582__393247
393247,I. Konaté,240032,J. Bednarek,0.3071019659970729,0.011471208881341849,1.0485134649503431,0.5665959906307174,23,240032__393247
393247,I. Konaté,412027,E. Konsa,0.26673249300165297,0.011471208881341849,1.0485134649503431,0.5403558331836945,24,393247__412027
393247,I. Konaté,8135,L. Shaw,0.25491161127689677,0.011471208881341849,1.0485134649503431,0.532672260062603,25,8135__393247
393247,I. Konaté,270866,Diego Carlos,0.210757694840501,0.011471208881341849,1.0485134649503431,0.5039722143789458,26,270866__393247
393247,I. Konaté,62126,M. Doherty,0.18421094497198776,0.011471208881341849,1.0485134649503431,0.48671682696441215,27,62126__393247
393247,I. Konaté,15806,J. Vestergaard,0.15880378168343845,0.011471208881341849,1.0485134649503431,0.4702021708268551,28,15806__393247
393247,I. Konaté,239411,T. Mings,0.15458809807960544,0.011471208881341849,1.0485134649503431,0.4674619764843636,29,239411__393247
393247,I. Konaté,413002,K. Mavropanos,0.13071966988968423,0.011471208881341849,1.0485134649503431,0.45194749816091484,30,393247__413002
393247,I. Konaté,8360,C. Dawson,0.1242346723488536,0.011471208881341849,1.0485134649503431,0.4477322497593749,31,8360__393247
393247,I. Konaté,496001,M. Kilman,0.07341609743690719,0.011471208881341849,1.0485134649503431,0.41470017606660975,32,393247__496001
393247,I. Konaté,604320,J. Branthwaite,0.06780489639391102,0.011471208881341849,1.0485134649503431,0.41105289538866224,33,393247__604320
393247,I. Konaté,349142,N. Mazraoui,0.5706403876137143,0.0060217354334704595,0.07605843850621964,0.3975367054260912,34,349142__393247
393247,I. Konaté,8653,H. Maguire,0.022265854728251294,0.011471208881341849,1.0485134649503431,0.3814525183059834,35,8653__393247
393247,I. Konaté,627012,Murillo,0.0012830077307364476,0.011471208881341849,1.0485134649503431,0.3678136677575988,36,393247__627012
393247,I. Konaté,488453,L. Martínez,0.356985747461324,0.0068106329221776785,0.21683668719043764,0.30793357636651375,37,393247__488453
393247,I. Konaté,399581,D. O'Shea,-0.09692180431060712,0.011471208881341849,1.0485134649503431,0.3039805399307255,38,393247__399581
393247,I. Konaté,9433,J. Tarkowski,-0.09752261423780774,0.011471208881341849,1.0485134649503431,0.30359001347804504,39,9433__393247
393247,I. Konaté,424241,N. Milenković,-0.16547326630064874,0.011471208881341849,1.0485134649503431,0.2594220896371984,40,393247__424241
393247,I. Konaté,7919,M. Keane,-0.23096038452774798,0.011471208881341849,1.0485134649503431,0.2168554627895839,41,7919__393247
393247,I. Konaté,412968,M. Senesi,0.8561754694960535,0.0,-0.9985163706402278,0.20703332544835507,42,393247__412968
393247,I. Konaté,234399,A. Webster,0.8278885848911801,0.0,-0.9985163706402278,0.18864685045518736,43,234399__393247
393247,I. Konaté,415847,C. Romero,0.8012920713405053,0.0,-0.9985163706402278,0.17135911664724868,44,393247__415847
393247,I. Konaté,563725,Morato,-0.32388416771591877,0.011471208881341849,1.0485134649503431,0.1564550037172729,45,393247__563725
393247,I. Konaté,9097,L. Dunk,0.6703540496791546,0.0,-0.9985163706402278,0.08624940256737074,46,9097__393247
393247,I. Konaté,285382,W. Faes,0.0315481057137057,0.005015891135368755,-0.10343382856615832,-0.015695571284246708,47,285382__393247
393247,I. Konaté,504375,M. Lacroix,-0.1815066180879234,0.006864327515649884,0.22641845280768563,-0.03873284327446025,48,393247__504375
393247,I. Konaté,625787,M. van de Ven,0.38457044504221144,0.0,-0.9985163706402278,-0.0995099404466423,49,393247__625787
393247,I. Konaté,769441,L. Yoro,0.1417129570438831,0.002279058975417566,-0.5918197645537985,-0.11502349551530545,50,393247__769441
393247,I. Konaté,619747,L. Colwill,0.311570201762886,0.0,-0.9985163706402278,-0.1469600985782038,51,393247__619747
393247,I. Konaté,415917,Gabriel Magalhaes,0.28670816970794505,0.0,-0.9985163706402278,-0.16312041941391545,52,393247__415917
393247,I. Konaté,767087,A. Gray,0.2444887543388309,0.0,-0.9985163706402278,-0.19056303940383965,53,393247__767087
393247,I. Konaté,402884,K. Walker-Peters,0.24247402080569633,0.0,-0.9985163706402278,-0.1918726162003771,54,393247__402884
393247,I. Konaté,482177,J. Kiwior,0.2402816912527047,0.0,-0.9985163706402278,-0.19329763040982167,55,393247__482177
393247,I. Konaté,594120,J. O'Brien,0.23694129312293127,0.0,-0.9985163706402278,-0.1954688891941744,56,393247__594120
393247,I. Konaté,397074,M. Guéhi,0.1412590610386313,0.0009699613802242231,-0.8254273871487743,-0.1970811958269606,57,393247__397074
393247,I. Konaté,653730,A. Khusanov,0.2045337444496096,0.0,-0.9985163706402278,-0.2165337958318335,58,393247__653730
393247,I. Konaté,447424,C. Bassey,0.17263910318828754,0.0,-0.9985163706402278,-0.23726531265169282,59,393247__447424
393247,I. Konaté,7953,C. Coady,0.16148040349251905,0.0,-0.9985163706402278,-0.24451846745394235,60,7953__393247
393247,I. Konaté,50102,F. Schär,0.09636196855200496,0.0,-0.9985163706402278,-0.2868454501652765,61,50102__393247
393247,I. Konaté,136441,B. Davies,0.08385242032967283,0.0,-0.9985163706402278,-0.2949766565097924,62,136441__393247
393247,I. Konaté,623641,E. Agbadou,0.057115136186130455,0.0,-0.9985163706402278,-0.3123558912030949,63,393247__623641
393247,I. Konaté,557788,W. Fofana,-0.007423785412017159,0.0,-0.9985163706402278,-0.35430619024189086,64,393247__557788
393247,I. Konaté,590874,Toti,-0.014906027803932173,0.0,-0.9985163706402278,-0.3591696477966356,65,393247__590874
393247,I. Konaté,545267,R. Drăgușin,-0.02518448520604591,0.0,-0.9985163706402278,-0.3658506451080096,66,393247__545267
393247,I. Konaté,520300,N. Wood,-0.04863606642563456,0.0,-0.9985163706402278,-0.3810941729007422,67,393247__520300
393247,I. Konaté,327391,J. Bree,-0.04891104173480522,0.0,-0.9985163706402278,-0.3812729068517031,68,327391__393247
393247,I. Konaté,286380,I. Diop,-0.055144719886382115,0.0,-0.9985163706402278,-0.3853247976502281,69,286380__393247
393247,I. Konaté,479155,N. Collins,-0.06692933789276559,0.0,-0.9985163706402278,-0.39298479935437736,70,393247__479155
393247,I. Konaté,620468,J. Greaves,-0.06945190317655478,0.0,-0.9985163706402278,-0.39462446678884033,71,393247__620468
393247,I. Konaté,366217,K. Danso,-0.07642818552184143,0.0,-0.9985163706402278,-0.39915905031327664,72,366217__393247
393247,I. Konaté,192792,D. Burn,-0.07825775115022773,0.0,-0.9985163706402278,-0.40034826797172773,73,192792__393247
393247,I. Konaté,645877,Y. Mosquera,-0.07968479977388215,0.0,-0.9985163706402278,-0.40127584957710316,74,393247__645877
393247,I. Konaté,346131,T. Chalobah,-0.07977660459479738,0.0,-0.9985163706402278,-0.40133552271069806,75,346131__393247
393247,I. Konaté,501419,J. Todibo,-0.14074219568943863,0.0,-0.9985163706402278,-0.4409631569222148,76,393247__501419
393247,I. Konaté,365443,M. de Ligt,-0.14240117549721928,0.0,-0.9985163706402278,-0.44204149379727226,77,365443__393247
393247,I. Konaté,424806,E. Pinnock,-0.14641716173732308,0.0,-0.9985163706402278,-0.44465188485333973,78,393247__424806
393247,I. Konaté,558243,S. van den Berg,-0.14872757894479466,0.0,-0.9985163706402278,-0.44615365603819623,79,393247__558243
393247,I. Konaté,255738,J. Lerma,-0.1497840913864175,0.0,-0.9985163706402278,-0.4468403891252511,80,255738__393247
393247,I. Konaté,518805,L. Woolfenden,-0.150746214706268,0.0,-0.9985163706402278,-0.44746576928315396,81,393247__518805
393247,I. Konaté,583655,C. Okoli,-0.17527497276311604,0.0,-0.9985163706402278,-0.46340946202010513,82,393247__583655
393247,I. Konaté,364003,S. Bueno,-0.19963277261306023,0.0,-0.9985163706402278,-0.47924203192256887,83,364003__393247
393247,I. Konaté,288080,C. Burgess,-0.30995374814503024,0.0,-0.9985163706402278,-0.5509506660183494,84,288080__393247
393247,I. Konaté,534563,C. Richards,-0.3542742595057582,0.0,-0.9985163706402278,-0.5797589984028225,85,393247__534563
393247,I. Konaté,488709,L. Thomas,-0.4056916452640863,0.0,-0.9985163706402278,-0.6131802991457358,86,393247__488709
393247,I. Konaté,508021,Jorge Cuenca,-0.48551229698219084,0.0,-0.9985163706402278,-0.6650637227625038,87,393247__508021
397074,M. Guéhi,568412,J. Gvardiol,1.6881339542103189,0.2828889110520089,1.5546231055511124,1.6414051571795967,1,397074__568412
397074,M. Guéhi,297957,M. Akanji,1.0619837724184171,0.2828889110520089,1.5546231055511124,1.2344075390148603,2,297957__397074
397074,M. Guéhi,258154,Rúben Dias,1.013067113951954,0.2828889110520089,1.5546231055511124,1.2026117110116594,3,258154__397074
397074,M. Guéhi,370,V. van Dijk,0.8400776301469552,0.2828889110520089,1.5546231055511124,1.0901685465384103,4,370__397074
397074,M. Guéhi,134102,N. Aké,0.7840933376287428,0.2828889110520089,1.5546231055511124,1.0537787564015721,5,134102__397074
397074,M. Guéhi,578325,W. Saliba,0.6882786614369758,0.2828889110520089,1.5546231055511124,0.9914992168769237,6,397074__578325
397074,M. Guéhi,9380,J. Stones,0.5027572897731697,0.274531584270863,1.4801317122214588,0.8448383376300709,7,9380__397074
397074,M. Guéhi,9097,L. Dunk,0.5566142742650401,0.25939499707341834,1.3452147106346377,0.8326244269943992,8,9097__397074
397074,M. Guéhi,622200,J. Quansah,0.42469036650008646,0.2828889110520089,1.5546231055511124,0.8201668251679455,9,397074__622200
397074,M. Guéhi,386292,A. Disasi,0.5461196761102263,0.25592757334903177,1.3143085092549622,0.8149857677108838,10,386292__397074
397074,M. Guéhi,283145,T. Adarabioyo,0.2940202564356409,0.2818819509290932,1.5456477639678905,0.7320898840719282,11,283145__397074
397074,M. Guéhi,625787,M. van de Ven,0.15978255523593587,0.2828889110520089,1.5546231055511124,0.6479767478462477,12,397074__625787
397074,M. Guéhi,767087,A. Gray,0.09799872286491837,0.2828889110520089,1.5546231055511124,0.6078172568050862,13,397074__767087
397074,M. Guéhi,482177,J. Kiwior,0.13936591831786183,0.26049753262394315,1.3550419450487992,0.5648525276736899,14,397074__482177
397074,M. Guéhi,488453,L. Martínez,0.2189015058849161,0.2385132559824108,1.1590894064850559,0.547967271094965,15,397074__488453
397074,M. Guéhi,8136,J. Stephens,0.1864197745576308,0.24282483932336674,1.197519859061028,0.5403048041338199,16,8136__397074
397074,M. Guéhi,415953,Igor Julio,0.10812599411657131,0.25862815663595407,1.338379628778427,0.5387147662482208,17,397074__415953
397074,M. Guéhi,71703,V. Lindelöf,0.1509853895021702,0.24269987753862196,1.196406036698643,0.5168826160209357,18,71703__397074
397074,M. Guéhi,590781,J. van Hecke,0.7766759130983492,0.10619118319762601,-0.02033743993710924,0.4977212395359388,19,397074__590781
397074,M. Guéhi,240032,J. Bednarek,0.10740077084919752,0.24452183225117843,1.2126456727301125,0.4942364865075177,20,240032__397074
397074,M. Guéhi,402884,K. Walker-Peters,0.09535789012723507,0.24269987753862196,1.196406036698643,0.4807247414272279,21,397074__402884
397074,M. Guéhi,393247,I. Konaté,0.1412590610386313,0.23060609878954597,1.0886105114989335,0.47283206869973704,22,393247__397074
397074,M. Guéhi,412027,E. Konsa,0.03435268259995064,0.24269987753862196,1.196406036698643,0.441071356534493,23,397074__412027
397074,M. Guéhi,7953,C. Coady,-0.001957904975819177,0.24078273262627367,1.1793179414888375,0.4114886412868106,24,7953__397074
397074,M. Guéhi,769441,L. Yoro,-0.06030741747815887,0.24269987753862196,1.196406036698643,0.3795422914837218,25,397074__769441
397074,M. Guéhi,475597,S. Botman,0.13582174411568254,0.1843804550902832,0.6765873015789242,0.3250896892278171,26,397074__475597
397074,M. Guéhi,415917,Gabriel Magalhaes,0.15807084666823906,0.17257643807765788,0.5713745107926307,0.3027271291117761,27,397074__415917
397074,M. Guéhi,594120,J. O'Brien,0.0626862879385367,0.18764415084118405,0.7056776136195094,0.28773325192687715,28,397074__594120
397074,M. Guéhi,145787,J. Andersen,0.7350015049064221,0.04018903351338697,-0.608634657633935,0.2647288480172971,29,145787__397074
397074,M. Guéhi,520300,N. Wood,-0.24783246137158832,0.24269987753862196,1.196406036698643,0.25765101295299264,30,397074__520300
397074,M. Guéhi,257899,J. Gomez,0.6911334371518207,0.04018903351338697,-0.608634657633935,0.23621460397680624,31,257899__397074
397074,M. Guéhi,557788,W. Fofana,-0.17762031837337297,0.21939424610647468,0.9886758613362798,0.23058334452500545,32,397074__557788
397074,M. Guéhi,415847,C. Romero,0.5211902272690996,0.07056709528939356,-0.33786576135790125,0.22052063124964932,33,397074__415847
397074,M. Guéhi,653730,A. Khusanov,-0.05810029350378727,0.17140683676947716,0.5609494988996985,0.1585671338374327,34,397074__653730
397074,M. Guéhi,15806,J. Vestergaard,-0.037858757315255676,0.15641015304553293,0.42727949948780924,0.12493963256581704,35,15806__397074
397074,M. Guéhi,234399,A. Webster,0.5121404725646641,0.04018903351338697,-0.608634657633935,0.11986917699515445,36,234399__397074
397074,M. Guéhi,270866,Diego Carlos,-0.0279802228799194,0.151268827509707,0.38145330257649396,0.11532151102982527,37,270866__397074
397074,M. Guéhi,349142,N. Mazraoui,0.24525437452963073,0.08984768032840798,-0.16601204767912078,0.1013111267565677,38,349142__397074
397074,M. Guéhi,619747,L. Colwill,0.013575469176511451,0.13616247206531865,0.24680576579186808,0.09520607299188627,39,397074__619747
397074,M. Guéhi,558243,S. van den Berg,-0.3714299160602579,0.20883603322691824,0.894567301378617,0.07166911004334828,40,397074__558243
397074,M. Guéhi,400549,Pau Torres,0.1007344012638623,0.09641275868591119,-0.10749550920032845,0.027853932601395542,41,397074__400549
397074,M. Guéhi,549884,T. Harwood-Bellis,0.20363305681734556,0.05920795912491909,-0.43911319394865334,-0.021328130950754032,42,397074__549884
397074,M. Guéhi,239411,T. Mings,-0.1261201035905038,0.11140935969494774,0.026173752948452225,-0.0728172538018692,43,239411__397074
397074,M. Guéhi,447424,C. Bassey,-0.15536357084668012,0.09806115302815288,-0.09280286949317744,-0.1334673253729542,44,397074__447424
397074,M. Guéhi,412968,M. Senesi,0.3088618227772811,0.0,-0.9668517264864043,-0.13763791946500875,45,397074__412968
397074,M. Guéhi,192792,D. Burn,-0.353225203449183,0.12333002279754024,0.13242624578250034,-0.18324719621809385,46,192792__397074
397074,M. Guéhi,777938,Dean Huijsen,0.06438631067028769,0.005519461319956779,-0.9176550904184853,-0.27932817971078283,47,397074__777938
397074,M. Guéhi,496001,M. Kilman,-0.25776473475748696,0.059281781483608686,-0.4384551928315886,-0.32100639508342255,48,397074__496001
397074,M. Guéhi,136441,B. Davies,-0.23499071829084417,0.045776561220011475,-0.5588313251767791,-0.34833493070092136,49,136441__397074
397074,M. Guéhi,8135,L. Shaw,-0.2586656057153792,0.04018903351338697,-0.608634657633935,-0.38115477388687374,50,8135__397074
397074,M. Guéhi,285382,W. Faes,-0.2740716571694286,0.040470701308082946,-0.6061240669830669,-0.390290000604202,51,285382__397074
397074,M. Guéhi,365443,M. de Ligt,-0.4389418564328508,0.055302902017900585,-0.4739201546612496,-0.45118426081279034,52,365443__397074
397074,M. Guéhi,620468,J. Greaves,-0.40689110086866614,0.042913602803011854,-0.5843497435792147,-0.4690016258173581,53,397074__620468
397074,M. Guéhi,590703,I. Zabarnyi,-0.2172212753739196,0.0,-0.9668517264864043,-0.4795919332632892,54,397074__590703
397074,M. Guéhi,8582,A. Cresswell,-0.2518872777687815,0.0066013956867778945,-0.9080114806152211,-0.4815307487650353,55,8582__397074
397074,M. Guéhi,413002,K. Mavropanos,-0.22795400054114512,0.0,-0.9668517264864043,-0.4865682046219858,56,397074__413002
397074,M. Guéhi,8360,C. Dawson,-0.2494775295158831,0.0,-0.9668517264864043,-0.5005584984555655,57,8360__397074
397074,M. Guéhi,623641,E. Agbadou,-0.4507488533001538,0.03614292501574752,-0.6446988522556016,-0.5186313529345605,58,397074__623641
397074,M. Guéhi,62126,M. Doherty,-0.2788182187282843,0.0,-0.9668517264864043,-0.5196299464436263,59,62126__397074
397074,M. Guéhi,366217,K. Danso,-0.42110653261443076,0.013537091208536519,-0.8461915187236271,-0.5698862777526494,60,366217__397074
397074,M. Guéhi,590874,Toti,-0.4150922892090205,0.007636314177600442,-0.8987869376025063,-0.5843854161467406,61,397074__590874
397074,M. Guéhi,50102,F. Schär,-0.47773934224601144,0.018995523962265146,-0.7975388488126259,-0.5896691695443266,62,50102__397074
397074,M. Guéhi,501419,J. Todibo,-0.4912087249174344,0.01896597678456833,-0.7978022117866047,-0.598516445321644,63,397074__501419
397074,M. Guéhi,364003,S. Bueno,-0.5470054298553884,0.030143341610314404,-0.6981749623768934,-0.5999147662379151,64,364003__397074
397074,M. Guéhi,327391,J. Bree,-0.4134401235745734,0.0,-0.9668517264864043,-0.6071341845937142,65,327391__397074
397074,M. Guéhi,8653,H. Maguire,-0.4254766803413556,0.0,-0.9668517264864043,-0.6149579464921227,66,8653__397074
397074,M. Guéhi,645877,Y. Mosquera,-0.44709791969080853,0.004379715002347387,-0.9278139957077461,-0.6153485462967367,67,397074__645877
397074,M. Guéhi,604320,J. Branthwaite,-0.480333663817392,0.0,-0.9668517264864043,-0.6506149857515463,68,397074__604320
397074,M. Guéhi,286380,I. Diop,-0.49294679980099637,0.0,-0.9668517264864043,-0.6588135241408891,69,286380__397074
397074,M. Guéhi,545267,R. Drăgușin,-0.5115270501607445,0.0,-0.9668517264864043,-0.6708906868747254,70,397074__545267
397074,M. Guéhi,479155,N. Collins,-0.5324752549651821,0.0,-0.9668517264864043,-0.6845070199976099,71,397074__479155
397074,M. Guéhi,518805,L. Woolfenden,-0.5385720969541302,0.0,-0.9668517264864043,-0.6884699672904262,72,397074__518805
397074,M. Guéhi,424806,E. Pinnock,-0.5801949283491946,0.0,-0.9668517264864043,-0.715524807697218,73,397074__424806
397074,M. Guéhi,346131,T. Chalobah,-0.5843810710912665,0.0,-0.9668517264864043,-0.7182458004795647,74,346131__397074
397074,M. Guéhi,627012,Murillo,-0.6040227941585021,0.0,-0.9668517264864043,-0.7310129204732678,75,397074__627012
397074,M. Guéhi,583655,C. Okoli,-0.6645714243421028,0.0,-0.9668517264864043,-0.7703695300926083,76,397074__583655
397074,M. Guéhi,399581,D. O'Shea,-0.6662054232596538,0.0,-0.9668517264864043,-0.7714316293890164,77,397074__399581
397074,M. Guéhi,9433,J. Tarkowski,-0.6668062331868544,0.0,-0.9668517264864043,-0.7718221558416969,78,9433__397074
397074,M. Guéhi,424241,N. Milenković,-0.7117719301442694,0.0,-0.9668517264864043,-0.8010498588640167,79,397074__424241
397074,M. Guéhi,504375,M. Lacroix,-0.7507902370369701,0.0,-0.9668517264864043,-0.826411758344272,80,397074__504375
397074,M. Guéhi,255738,J. Lerma,-0.7959994714475471,0.0,-0.9668517264864043,-0.8557977607111471,81,255738__397074
397074,M. Guéhi,7919,M. Keane,-0.8002440034767947,0.0,-0.9668517264864043,-0.858556706530158,82,7919__397074
397074,M. Guéhi,288080,C. Burgess,-0.8695598938078378,0.0,-0.9668517264864043,-0.9036120352453361,83,288080__397074
397074,M. Guéhi,563725,Morato,-0.8931677866649655,0.0,-0.9668517264864043,-0.9189571656024691,84,397074__563725
397074,M. Guéhi,534563,C. Richards,-0.9138804051685658,0.0,-0.9668517264864043,-0.9324203676298093,85,397074__534563
397074,M. Guéhi,488709,L. Thomas,-0.965297790926894,0.0,-0.9668517264864043,-0.9658416683727227,86,397074__488709
397074,M. Guéhi,508021,Jorge Cuenca,-1.0451184426449984,0.0,-0.9668517264864043,-1.0177250919894905,87,397074__508021
399581,D. O'Shea,568412,J. Gvardiol,1.5076623906090858,0.6121434818304293,2.1788940209749397,1.7425934612371345,1,399581__568412
399581,D. O'Shea,297957,M. Akanji,0.8049060102372564,0.6420154303983839,2.3347127462168142,1.3403383678301015,2,297957__399581
399581,D. O'Shea,258154,Rúben Dias,0.8197627175149357,0.6075131352873829,2.1547411039288917,1.2870051527598203,3,258154__399581
399581,D. O'Shea,134102,N. Aké,0.4968481287095078,0.6608518384980299,2.432967638814319,1.1744899572461915,4,134102__399581
399581,D. O'Shea,578325,W. Saliba,0.39486276225965955,0.6665132421216915,2.4624987788305757,1.1185353680594803,5,399581__578325
399581,D. O'Shea,370,V. van Dijk,0.6317807322477966,0.5412805450566727,1.809257187613908,1.0438974916259356,6,370__399581
399581,D. O'Shea,386292,A. Disasi,0.18474168375703653,0.5252011715188035,1.7253836002696106,0.7239663545364374,7,386292__399581
399581,D. O'Shea,9097,L. Dunk,0.36316831564640767,0.4283824605985695,1.2203556781428204,0.6631838925201521,8,9097__399581
399581,D. O'Shea,9380,J. Stones,0.215512080853935,0.4106133553291241,1.1276680744039778,0.53476667859645,9,9380__399581
399581,D. O'Shea,283145,T. Adarabioyo,0.039826908840192216,0.4508694144542443,1.33765262903952,0.49406591090995694,10,283145__399581
399581,D. O'Shea,590781,J. van Hecke,0.5962043494971163,0.24719958613297938,0.27526552204993415,0.48387575989060255,11,399581__590781
399581,D. O'Shea,622200,J. Quansah,0.16617083236757396,0.3714801026691161,0.9235403279270704,0.4312501558133977,12,399581__622200
399581,D. O'Shea,71703,V. Lindelöf,-0.22268720749800128,0.4920742417190074,1.552586169233636,0.3986584743580717,13,71703__399581
399581,D. O'Shea,625787,M. van de Ven,0.007377439278911158,0.408105580322215,1.1145869624075144,0.3949007723739223,14,399581__625787
399581,D. O'Shea,488453,L. Martínez,0.010736541023550886,0.39801547972199525,1.0619547543173085,0.378662915676366,15,399581__488453
399581,D. O'Shea,145787,J. Andersen,0.5545299413051891,0.19672021365440667,0.011953891985770699,0.3646283240433927,16,145787__399581
399581,D. O'Shea,257899,J. Gomez,0.5106618735505877,0.20917649703853813,0.07692863555670242,0.35885524025272786,17,257899__399581
399581,D. O'Shea,415847,C. Romero,0.369618596318183,0.23955455881454474,0.23538735981730008,0.322637663542874,18,399581__415847
399581,D. O'Shea,8136,J. Stephens,-0.17495821779555892,0.4286926060586438,1.22197346581805,0.3139678714692042,19,8136__399581
399581,D. O'Shea,482177,J. Kiwior,-0.1189793579510565,0.4086327302985241,1.117336693886628,0.3137312601921331,20,399581__482177
399581,D. O'Shea,767087,A. Gray,-0.3045040352380345,0.445254787117126,1.3083654845337724,0.2600002966820979,21,399581__767087
399581,D. O'Shea,402884,K. Walker-Peters,-0.21227871746220817,0.4087721249431585,1.118063807345031,0.25334116622032554,22,399581__402884
399581,D. O'Shea,393247,I. Konaté,-0.09692180431060712,0.36615390902364775,0.8957577176852145,0.2505160283879304,23,393247__399581
399581,D. O'Shea,412027,E. Konsa,-0.34039222659276314,0.4514252095538712,1.3405517798506077,0.2479381756624166,24,399581__412027
399581,D. O'Shea,234399,A. Webster,0.3605688416137474,0.18228298731282502,-0.06335389047964693,0.21219588538105938,25,234399__399581
399581,D. O'Shea,240032,J. Bednarek,-0.32965825205606697,0.40827205302189284,1.1154553210213614,0.17613149852103294,26,240032__399581
399581,D. O'Shea,415917,Gabriel Magalhaes,-0.10027442960067934,0.2954336868218298,0.5268653152615336,0.11922448110109517,27,399581__415917
399581,D. O'Shea,415953,Igor Julio,-0.11941937445913015,0.28129434004100956,0.45311133881341886,0.080966375186262,28,399581__415953
399581,D. O'Shea,7953,C. Coady,-0.3344359646786923,0.3249287336404574,0.6807180371813294,0.020867935972315288,29,7953__399581
399581,D. O'Shea,549884,T. Harwood-Bellis,0.02316149321611242,0.19683085836271508,0.012531039384245723,0.019440834374959075,30,399581__549884
399581,D. O'Shea,619747,L. Colwill,-0.138267027591095,0.2441335960927753,0.25927263633034026,0.000871854781407333,31,399581__619747
399581,D. O'Shea,400549,Pau Torres,-0.10724576111774262,0.21927000743008304,0.1295786298765686,-0.02435722426973369,32,399581__400549
399581,D. O'Shea,349142,N. Mazraoui,0.014072146320246948,0.17468914283937542,-0.10296507161321816,-0.026890879956465837,33,349142__399581
399581,D. O'Shea,594120,J. O'Brien,-0.3056745634829352,0.27179015185536776,0.4035353801451492,-0.05745108321310566,34,399581__594120
399581,D. O'Shea,520300,N. Wood,-0.6559915516265367,0.36658456613604573,0.8980041209326473,-0.11209306623082232,35,399581__520300
399581,D. O'Shea,412968,M. Senesi,-0.009666976047227827,0.12285724874417187,-0.3733317551395311,-0.13694964872953397,36,399581__412968
399581,D. O'Shea,653730,A. Khusanov,-0.2826255786913342,0.20999635203129294,0.08120518147949782,-0.15528481263154298,37,399581__653730
399581,D. O'Shea,769441,L. Yoro,-0.4545214935176286,0.250152222002496,0.2906671272128817,-0.19370547626195,38,399581__769441
399581,D. O'Shea,475597,S. Botman,-0.3012372787895823,0.1843804550902832,-0.052413032216719786,-0.21414879248908042,39,399581__475597
399581,D. O'Shea,777938,Dean Huijsen,-0.16381620270550978,0.12837671006412865,-0.3445410177378166,-0.22706988796681715,40,399581__777938
399581,D. O'Shea,15806,J. Vestergaard,-0.39923674966844536,0.2092935075958832,0.07753898863908913,-0.2323652412608083,41,15806__399581
399581,D. O'Shea,270866,Diego Carlos,-0.3765725334060396,0.15642000396930372,-0.1982609617867555,-0.3141634833392902,42,270866__399581
399581,D. O'Shea,557788,W. Fofana,-0.5857794086283212,0.21939424610647468,0.13022668643494958,-0.3351772753561764,43,399581__557788
399581,D. O'Shea,590703,I. Zabarnyi,-0.42018477443249935,0.12285724874417187,-0.3733317551395311,-0.4037862176799605,44,399581__590703
399581,D. O'Shea,62126,M. Doherty,-0.46979492812728657,0.12159777708437819,-0.3799014393387683,-0.43833220705130516,45,62126__399581
399581,D. O'Shea,239411,T. Mings,-0.4930734441961769,0.11738985182569502,-0.4018509130475065,-0.4611455582941422,46,239411__399581
399581,D. O'Shea,447424,C. Bassey,-0.4409914273121381,0.09806115302815288,-0.5026737033775649,-0.4625802239350375,47,399581__447424
399581,D. O'Shea,8582,A. Cresswell,-0.4347919159913066,0.09054176965901561,-0.5418964788359035,-0.4722785129869156,48,8582__399581
399581,D. O'Shea,558243,S. van den Berg,-0.8085613481238433,0.20883603322691824,0.07515270061904948,-0.49926143106383086,49,399581__558243
399581,D. O'Shea,285382,W. Faes,-0.6150855704316149,0.10940926645591278,-0.44347942068150215,-0.5550234180190754,50,285382__399581
399581,D. O'Shea,8360,C. Dawson,-0.6213595441409956,0.08369200191308125,-0.5776263903261564,-0.6060529403058019,51,8360__399581
399581,D. O'Shea,8135,L. Shaw,-0.554912034869529,0.05949677858190143,-0.7038340546112803,-0.607034741779142,52,8135__399581
399581,D. O'Shea,413002,K. Mavropanos,-0.5893319928943347,0.06249535563173609,-0.6881928100375666,-0.6239332788944658,53,399581__413002
399581,D. O'Shea,192792,D. Burn,-0.7613842937041312,0.12333002279754024,-0.3708656605640228,-0.6247027721050933,54,192792__399581
399581,D. O'Shea,496001,M. Kilman,-0.6218262901419996,0.06897989610033048,-0.6543680052278912,-0.6332158904220617,55,399581__496001
399581,D. O'Shea,136441,B. Davies,-0.5626494215468903,0.045776561220011475,-0.7754017588240731,-0.6371127395939044,56,136441__399581
399581,D. O'Shea,397074,M. Guéhi,-0.6662054232596538,0.05185929846048955,-0.7436728489862551,-0.6933190222639642,57,397074__399581
399581,D. O'Shea,604320,J. Branthwaite,-0.8144867921507895,0.07295236779719964,-0.6336467096466045,-0.7511927632743247,58,399581__604320
399581,D. O'Shea,327391,J. Bree,-0.7459181832774465,0.03184549238813583,-0.8480693111834909,-0.7816710780445622,59,327391__399581
399581,D. O'Shea,50102,F. Schär,-0.8306528853182618,0.0577067716922533,-0.7131711285247765,-0.7895342704405419,60,50102__399581
399581,D. O'Shea,623641,E. Agbadou,-0.7712643631959124,0.03614292501574752,-0.8256529471380054,-0.7903003675756449,61,399581__623641
399581,D. O'Shea,620468,J. Greaves,-0.811884212776153,0.042913602803011854,-0.7903355864564606,-0.8043421935642606,62,399581__620468
399581,D. O'Shea,365443,M. de Ligt,-0.8471009466877991,0.055302902017900585,-0.7257102472050712,-0.8046142018688444,63,365443__399581
399581,D. O'Shea,627012,Murillo,-0.9991681424550749,0.09128584823038699,-0.5380151995746215,-0.8377646124469162,64,399581__627012
399581,D. O'Shea,545267,R. Drăgușin,-0.8316037496671154,0.02512483356396639,-0.8831257618326809,-0.8496364539250634,65,399581__545267
399581,D. O'Shea,590874,Toti,-0.8098872989217544,0.007636314177600442,-0.97434976722196,-0.8674491628268264,66,399581__590874
399581,D. O'Shea,366217,K. Danso,-0.8292656228693793,0.013537091208536519,-0.9435700022928202,-0.8692721556675836,67,366217__399581
399581,D. O'Shea,8653,H. Maguire,-0.8433670220648579,0.0,-1.0141824797747865,-0.9031524322633329,68,8653__399581
399581,D. O'Shea,501419,J. Todibo,-0.8993678151723827,0.01896597678456833,-0.9152517281093695,-0.9049271847003281,69,399581__501419
399581,D. O'Shea,645877,Y. Mosquera,-0.869712097251615,0.004379715002347387,-0.9913369125686158,-0.9122807826125653,70,399581__645877
399581,D. O'Shea,286380,I. Diop,-0.8737762852027391,0.0,-1.0141824797747865,-0.9229184533029557,71,286380__399581
399581,D. O'Shea,479155,N. Collins,-0.8858224964281263,0.0,-1.0141824797747865,-0.9307484905994574,72,399581__479155
399581,D. O'Shea,364003,S. Bueno,-0.9910473118289354,0.030143341610314404,-0.8569481080844111,-0.9441125905183518,73,364003__399581
399581,D. O'Shea,346131,T. Chalobah,-0.9673724744284085,0.0,-1.0141824797747865,-0.9837559762996408,74,346131__399581
399581,D. O'Shea,518805,L. Woolfenden,-0.982613978927677,0.0,-1.0141824797747865,-0.9936629542241653,75,399581__518805
399581,D. O'Shea,424806,E. Pinnock,-1.0163306069706697,0.0,-1.0141824797747865,-1.0155787624521107,76,399581__424806
399581,D. O'Shea,583655,C. Okoli,-1.0907524003932805,0.0,-1.0141824797747865,-1.0639529281768076,77,399581__583655
399581,D. O'Shea,9433,J. Tarkowski,-1.178634844422326,0.0,-1.0141824797747865,-1.121076516795687,78,9433__399581
399581,D. O'Shea,424241,N. Milenković,-1.1847137447681326,0.0,-1.0141824797747865,-1.1250278020204614,79,399581__424241
399581,D. O'Shea,255738,J. Lerma,-1.2784258621497533,0.0,-1.0141824797747865,-1.185940678318515,80,255738__399581
399581,D. O'Shea,504375,M. Lacroix,-1.3514719171439649,0.0,-1.0141824797747865,-1.2334206140647523,81,399581__504375
399581,D. O'Shea,7919,M. Keane,-1.362910835886517,0.0,-1.0141824797747865,-1.2408559112474113,82,7919__399581
399581,D. O'Shea,288080,C. Burgess,-1.4621630870556699,0.0,-1.0141824797747865,-1.3053698745073608,83,288080__399581
399581,D. O'Shea,534563,C. Richards,-1.524879455015705,0.0,-1.0141824797747865,-1.3461355136813835,84,399581__534563
399581,D. O'Shea,563725,Morato,-1.5330667691624216,0.0,-1.0141824797747865,-1.3514572678767494,85,399581__563725
399581,D. O'Shea,488709,L. Thomas,-1.5674190759203814,0.0,-1.0141824797747865,-1.3737862672694232,86,399581__488709
399581,D. O'Shea,508021,Jorge Cuenca,-1.6557417842795603,0.0,-1.0141824797747865,-1.4311960277028895,87,399581__508021
400549,Pau Torres,568412,J. Gvardiol,1.8617707876500478,0.08451972376282704,1.5954185548991375,1.7685475061872293,1,400549__568412
400549,Pau Torres,297957,M. Akanji,1.2081120070777747,0.08451972376282704,1.5954185548991375,1.3436692988152517,2,297957__400549
400549,Pau Torres,258154,Rúben Dias,1.1773755928331762,0.08451972376282704,1.5954185548991375,1.3236906295562627,3,258154__400549
400549,Pau Torres,370,V. van Dijk,0.986205864806313,0.08451972376282704,1.5954185548991375,1.1994303063388014,4,370__400549
400549,Pau Torres,134102,N. Aké,0.9302215722881002,0.08451972376282704,1.5954185548991375,1.1630405162019632,5,134102__400549
400549,Pau Torres,578325,W. Saliba,0.8591347543702574,0.08451972376282704,1.5954185548991375,1.1168340845553653,6,400549__578325
400549,Pau Torres,9097,L. Dunk,0.740335206503316,0.08451972376282704,1.5954185548991375,1.0396143784418534,7,9097__400549
400549,Pau Torres,622200,J. Quansah,0.7074227355900022,0.08451972376282704,1.5954185548991375,1.0182212723481996,8,400549__622200
400549,Pau Torres,9380,J. Stones,0.6488855244325271,0.08451972376282704,1.5954185548991375,0.9801720850958406,9,9380__400549
400549,Pau Torres,283145,T. Adarabioyo,0.4849425955930402,0.08451972376282704,1.5954185548991375,0.8736091813501742,10,283145__400549
400549,Pau Torres,625787,M. van de Ven,0.4726002982020125,0.08451972376282704,1.5954185548991375,0.8655866880460061,11,400549__625787
400549,Pau Torres,488453,L. Martínez,0.42157301774760353,0.08451972376282704,1.5954185548991375,0.8324189557506403,12,400549__488453
400549,Pau Torres,415953,Igor Julio,0.4151326364840978,0.08451972376282704,1.5954185548991375,0.8282327079293617,13,400549__415953
400549,Pau Torres,767087,A. Gray,0.3908151907533809,0.08451972376282704,1.5954185548991375,0.8124263682043956,14,400549__767087
400549,Pau Torres,393247,I. Konaté,0.3587434029350877,0.08451972376282704,1.5954185548991375,0.7915797061225051,15,393247__400549
400549,Pau Torres,386292,A. Disasi,0.7169757690435079,0.059656370636660384,0.8460910407848391,0.7621661141529739,16,386292__400549
400549,Pau Torres,145787,J. Andersen,1.131760119592197,0.03135304605463843,-0.006909748875202802,0.733225665628607,17,145787__400549
400549,Pau Torres,415917,Gabriel Magalhaes,0.341791778906515,0.0761636793917467,1.3435855087030966,0.6924195843353185,18,400549__415917
400549,Pau Torres,590781,J. van Hecke,0.9687266906062748,0.03135304605463843,-0.006909748875202802,0.6272539367877576,19,400549__590781
400549,Pau Torres,257899,J. Gomez,0.9557457965254862,0.03135304605463843,-0.006909748875202802,0.6188163556352451,20,257899__400549
400549,Pau Torres,653730,A. Khusanov,0.24238331081448758,0.07289609350675547,1.2451075602167916,0.5933367981052939,21,400549__653730
400549,Pau Torres,482177,J. Kiwior,0.33046106259311425,0.06422632991157176,0.9838196973218781,0.5591365847481816,22,400549__482177
400549,Pau Torres,234399,A. Webster,0.805140724792071,0.03135304605463843,-0.006909748875202802,0.5209230590085252,23,234399__400549
400549,Pau Torres,557788,W. Fofana,0.11519614951508941,0.07374007555643466,1.270543347901343,0.5195676689502782,24,400549__557788
400549,Pau Torres,415847,C. Romero,0.793127362782327,0.03135304605463843,-0.006909748875202802,0.5131143737021916,25,400549__415847
400549,Pau Torres,475597,S. Botman,0.4155740653578489,0.053166677708188614,0.650505777414265,0.49780016457759446,26,400549__475597
400549,Pau Torres,8136,J. Stephens,0.39679526749150784,0.053166677708188614,0.650505777414265,0.4855939459644728,27,8136__400549
400549,Pau Torres,71703,V. Lindelöf,0.3961924542224015,0.053166677708188614,0.650505777414265,0.48520211733955376,28,71703__400549
400549,Pau Torres,240032,J. Bednarek,0.3664485322972621,0.053166677708188614,0.650505777414265,0.4658685680882131,29,240032__400549
400549,Pau Torres,412027,E. Konsa,0.3440940941828425,0.053166677708188614,0.650505777414265,0.45133818331384035,30,400549__412027
400549,Pau Torres,402884,K. Walker-Peters,0.3153273483128624,0.053166677708188614,0.650505777414265,0.4326397984983533,31,400549__402884
400549,Pau Torres,594120,J. O'Brien,0.3076376848430842,0.053166677708188614,0.650505777414265,0.4276415172429974,32,400549__594120
400549,Pau Torres,15806,J. Vestergaard,0.18645655879323017,0.05886972600523752,0.8223832784744088,0.4090309106816427,33,15806__400549
400549,Pau Torres,769441,L. Yoro,0.23763392788944052,0.053166677708188614,0.650505777414265,0.38213907522312907,34,400549__769441
400549,Pau Torres,7953,C. Coady,0.23309960411663244,0.053166677708188614,0.650505777414265,0.3791917647708038,35,7953__400549
400549,Pau Torres,270866,Diego Carlos,0.22724354742962455,0.052758084246985304,0.6381916570696274,0.37107538580362553,36,270866__400549
400549,Pau Torres,349142,N. Mazraoui,0.5680488971801546,0.03135304605463843,-0.006909748875202802,0.36681337106077955,37,349142__400549
400549,Pau Torres,549884,T. Harwood-Bellis,0.4720472700495671,0.03135304605463843,-0.006909748875202802,0.30441231342589764,38,400549__549884
400549,Pau Torres,619747,L. Colwill,0.3261362524456204,0.03765172880259696,0.18291888211323784,0.27601017282928647,39,400549__619747
400549,Pau Torres,520300,N. Wood,0.05798067073971186,0.053166677708188614,0.650505777414265,0.26536445807580544,40,400549__520300
400549,Pau Torres,558243,S. van den Berg,-0.04211084177944828,0.053166677708188614,0.650505777414265,0.20030497493835134,41,400549__558243
400549,Pau Torres,412968,M. Senesi,0.7881388719711753,0.0,-0.9518225263600755,0.17915238255523758,42,400549__412968
400549,Pau Torres,8135,L. Shaw,0.2139060645926881,0.03135304605463843,-0.006909748875202802,0.13662052987892628,43,8135__400549
400549,Pau Torres,623641,E. Agbadou,0.05653335723966954,0.029404922133809474,-0.06562197676231984,0.01377899033897326,44,400549__623641
400549,Pau Torres,777938,Dean Huijsen,0.5148971491096771,0.0,-0.9518225263600755,0.0015452626952637272,45,400549__777938
400549,Pau Torres,192792,D. Burn,-0.03179334421502733,0.03365526699356709,0.06247419480911694,0.0012002944434231604,46,192792__400549
400549,Pau Torres,239411,T. Mings,0.1524778283994013,0.02173460389097459,-0.2967887253582748,-0.004765465415785319,47,239411__400549
400549,Pau Torres,447424,C. Bassey,0.1578558858644435,0.020651524374506763,-0.32943039189233647,-0.012694311350429477,48,400549__447424
400549,Pau Torres,136441,B. Davies,0.11137880988479909,0.01821056876678274,-0.40299549746428953,-0.06865219768738191,49,136441__400549
400549,Pau Torres,50102,F. Schär,0.07639838666031648,0.012257521080327103,-0.5824074376663964,-0.154183651854033,50,50102__400549
400549,Pau Torres,590703,I. Zabarnyi,0.2640938643535736,0.0,-0.9518225263600755,-0.16147687239620356,51,400549__590703
400549,Pau Torres,8582,A. Cresswell,0.2507369110807093,0.0,-0.9518225263600755,-0.17015889202356538,52,8582__400549
400549,Pau Torres,62126,M. Doherty,0.13390358917804973,0.0,-0.9518225263600755,-0.2461005512602941,53,62126__400549
400549,Pau Torres,413002,K. Mavropanos,0.11170294815394674,0.0,-0.9518225263600755,-0.26053096792596103,54,400549__413002
400549,Pau Torres,8360,C. Dawson,0.10094898786154,0.0,-0.9518225263600755,-0.2675210421160254,55,8360__400549
400549,Pau Torres,397074,M. Guéhi,0.1007344012638623,0.0,-0.9518225263600755,-0.2676605234045159,56,397074__400549
400549,Pau Torres,366217,K. Danso,-0.04288600597011518,0.006799088326598475,-0.7469127570236227,-0.2892953688388428,57,366217__400549
400549,Pau Torres,496001,M. Kilman,0.059152122948096575,0.0,-0.9518225263600755,-0.29468900430976364,58,400549__496001
400549,Pau Torres,285382,W. Faes,0.046976919650070836,0.0,-0.9518225263600755,-0.3026028864534804,59,285382__400549
400549,Pau Torres,604320,J. Branthwaite,0.03606389481244879,0.0,-0.9518225263600755,-0.3096963525979347,60,400549__604320
400549,Pau Torres,590874,Toti,0.01404618063700977,0.0008983112956623985,-0.9247493730865097,-0.31453226316622207,61,400549__590874
400549,Pau Torres,8653,H. Maguire,0.0032491329925137258,0.0,-0.9518225263600755,-0.3310259477808925,62,8653__400549
400549,Pau Torres,545267,R. Drăgușin,0.003068963923374038,0.0,-0.9518225263600755,-0.3311430576758333,63,400549__545267
400549,Pau Torres,286380,I. Diop,-0.02689127075696207,0.0,-0.9518225263600755,-0.35061721021805176,64,286380__400549
400549,Pau Torres,327391,J. Bree,-0.026900822719651357,0.0,-0.9518225263600755,-0.3506234189937998,65,327391__400549
400549,Pau Torres,365443,M. de Ligt,-0.11054308039488861,0.00463406231721861,-0.8121619432202367,-0.3561096823837604,66,365443__400549
400549,Pau Torres,479155,N. Collins,-0.03867588876334552,0.0,-0.9518225263600755,-0.358277211922201,67,400549__479155
400549,Pau Torres,620468,J. Greaves,-0.041198454047134764,0.0,-0.9518225263600755,-0.359916879356664,68,400549__620468
400549,Pau Torres,627012,Murillo,-0.0505490282673419,0.0,-0.9518225263600755,-0.36599475259979863,69,400549__627012
400549,Pau Torres,645877,Y. Mosquera,-0.051431350644462054,0.0,-0.9518225263600755,-0.36656826214492677,70,400549__645877
400549,Pau Torres,346131,T. Chalobah,-0.05152315546537731,0.0,-0.9518225263600755,-0.36662793527852167,71,346131__400549
400549,Pau Torres,9433,J. Tarkowski,-0.10643625973994561,0.0,-0.9518225263600755,-0.4023214530569911,72,9433__400549
400549,Pau Torres,399581,D. O'Shea,-0.10724576111774262,0.0,-0.9518225263600755,-0.4028476289525591,73,399581__400549
400549,Pau Torres,501419,J. Todibo,-0.11248874656001853,0.0,-0.9518225263600755,-0.4062555694900385,74,400549__501419
400549,Pau Torres,424806,E. Pinnock,-0.11816371260790309,0.0,-0.9518225263600755,-0.40994429742116345,75,400549__424806
400549,Pau Torres,518805,L. Woolfenden,-0.12249276557684802,0.0,-0.9518225263600755,-0.4127581818509776,76,400549__518805
400549,Pau Torres,583655,C. Okoli,-0.14702152363369592,0.0,-0.9518225263600755,-0.42870187458792874,77,400549__583655
400549,Pau Torres,504375,M. Lacroix,-0.16751562658428748,0.0,-0.9518225263600755,-0.4420230415058133,78,400549__504375
400549,Pau Torres,364003,S. Bueno,-0.17137932348364035,0.0,-0.9518225263600755,-0.44453444449039264,79,364003__400549
400549,Pau Torres,255738,J. Lerma,-0.1806312778749474,0.0,-0.9518225263600755,-0.4505482148447422,80,255738__400549
400549,Pau Torres,424241,N. Milenković,-0.1844899880363861,0.0,-0.9518225263600755,-0.4530563764496774,81,400549__424241
400549,Pau Torres,7919,M. Keane,-0.2431392828050036,0.0,-0.9518225263600755,-0.49117841804927875,82,7919__400549
400549,Pau Torres,288080,C. Burgess,-0.2817002990156101,0.0,-0.9518225263600755,-0.516243078586173,83,288080__400549
400549,Pau Torres,534563,C. Richards,-0.32602081037633784,0.0,-0.9518225263600755,-0.545051410970646,84,400549__534563
400549,Pau Torres,563725,Morato,-0.33606306599317437,0.0,-0.9518225263600755,-0.5515788771215897,85,400549__563725
400549,Pau Torres,488709,L. Thomas,-0.37743819613466667,0.0,-0.9518225263600755,-0.5784727117135597,86,400549__488709
400549,Pau Torres,508021,Jorge Cuenca,-0.45725884785277066,0.0,-0.9518225263600755,-0.6303561353303273,87,400549__508021
402884,K. Walker-Peters,568412,J. Gvardiol,1.7365204141401795,0.33478485515229073,2.0726963734153254,1.8541819998864806,1,402884__568412
402884,K. Walker-Peters,145787,J. Andersen,1.1991610022340102,0.3553596217448313,2.259472845255827,1.570270147291646,2,145787__402884
402884,K. Walker-Peters,590781,J. van Hecke,1.026235297223796,0.3656120418957735,2.352543687882722,1.4904432339544202,3,402884__590781
402884,K. Walker-Peters,257899,J. Gomez,1.0242105089151288,0.3656120418957735,2.352543687882722,1.4891271215537865,4,257899__402884
402884,K. Walker-Peters,777938,Dean Huijsen,0.5824140082695735,0.34817726323617687,2.1942718343133043,1.1465642473848792,5,402884__777938
402884,K. Walker-Peters,415847,C. Romero,0.8129067721475784,0.2838510022221858,1.6103219739420873,1.0920020927756564,6,402884__415847
402884,K. Walker-Peters,234399,A. Webster,0.7914307701574036,0.2838510022221858,1.6103219739420873,1.078042691482043,7,234399__402884
402884,K. Walker-Peters,258154,Rúben Dias,1.0630813250954292,0.2243340670339615,1.0700308790605255,1.065513668983213,8,258154__402884
402884,K. Walker-Peters,412968,M. Senesi,0.7988351373877368,0.2757782602110496,1.537038116060304,1.0572061799231354,9,402884__412968
402884,K. Walker-Peters,549884,T. Harwood-Bellis,0.5405119824392097,0.32094840017885307,1.94708988203206,1.0328142472967072,10,402884__549884
402884,K. Walker-Peters,349142,N. Mazraoui,0.6028504786972708,0.28987273765565624,1.6649869196444755,0.9745982330287926,11,349142__402884
402884,K. Walker-Peters,622200,J. Quansah,0.5566669210241934,0.2746338995285157,1.526649679825301,0.896160886604581,12,402884__622200
402884,K. Walker-Peters,370,V. van Dijk,0.8606387557788905,0.19932843112258103,0.8430312467366733,0.8544761276141144,13,370__402884
402884,K. Walker-Peters,8582,A. Cresswell,0.3081679202960933,0.3059002918042073,1.8104840752323443,0.8339785745237811,14,8582__402884
402884,K. Walker-Peters,297957,M. Akanji,1.0337640337683505,0.1566193177030003,0.45532052914159726,0.8313088071489868,15,297957__402884
402884,K. Walker-Peters,590703,I. Zabarnyi,0.3210379090697891,0.2771380499293895,1.5493822038969354,0.7509584122592903,16,402884__590703
402884,K. Walker-Peters,8135,L. Shaw,0.21754908370756473,0.2942946997194414,1.7051292206116113,0.7382021316239811,17,8135__402884
402884,K. Walker-Peters,619747,L. Colwill,0.2627570236229678,0.20101117914471064,0.8583071302883195,0.47119956095584087,18,402884__619747
402884,K. Walker-Peters,400549,Pau Torres,0.3153273483128624,0.18594084999774707,0.7214996046775339,0.45748763804049747,19,400549__402884
402884,K. Walker-Peters,415953,Igor Julio,0.28514339476600264,0.19127580612635467,0.7699300098849714,0.45481871005764174,20,402884__415953
402884,K. Walker-Peters,9097,L. Dunk,0.6317911040302714,0.11950889154606222,0.1184343518469623,0.45211624076611323,21,9097__402884
402884,K. Walker-Peters,134102,N. Aké,0.7032244354564828,0.09660934474305428,-0.08944633245508597,0.42578966668743373,22,134102__402884
402884,K. Walker-Peters,625787,M. van de Ven,0.26349110668512243,0.1740148445338614,0.6132360570121771,0.38590183929959154,23,402884__625787
402884,K. Walker-Peters,578325,W. Saliba,0.48610427176939563,0.09660934474305428,-0.08944633245508597,0.28466156029082706,24,402884__578325
402884,K. Walker-Peters,50102,F. Schär,0.04291736748713798,0.1776331768065453,0.6460830559221692,0.2540253584393989,25,50102__402884
402884,K. Walker-Peters,397074,M. Guéhi,0.09535789012723507,0.16623892705357876,0.5426467540542214,0.25190899250168025,26,397074__402884
402884,K. Walker-Peters,488453,L. Martínez,0.31642165388275223,0.11323772964624242,0.06150512794929836,0.22720086980604337,27,402884__488453
402884,K. Walker-Peters,653730,A. Khusanov,0.10256847862362786,0.15317869053238042,0.4240867262716325,0.21509986530042946,28,402884__653730
402884,K. Walker-Peters,283145,T. Adarabioyo,0.34857707450955644,0.09958969913144043,-0.062390857731064626,0.20473829822533907,29,283145__402884
402884,K. Walker-Peters,270866,Diego Carlos,0.15711292526539716,0.13661016355714412,0.2736786524735671,0.19791092978825664,30,270866__402884
402884,K. Walker-Peters,62126,M. Doherty,0.1362972617774423,0.13876823096462965,0.29326945631336676,0.19123752986501585,31,62126__402884
402884,K. Walker-Peters,386292,A. Disasi,0.37071377703542185,0.08983378168472388,-0.15095447919764035,0.18812988735385008,32,386292__402884
402884,K. Walker-Peters,447424,C. Bassey,0.10259897939579685,0.13842818149424085,0.2901825080340372,0.16825321441918095,33,402884__447424
402884,K. Walker-Peters,9380,J. Stones,0.2888400315390171,0.08524407558144637,-0.19261955028844863,0.12032917789940412,34,9380__402884
402884,K. Walker-Peters,627012,Murillo,-0.054125780410965246,0.15516829507353402,0.4421482345217061,0.11957012481546972,35,402884__627012
402884,K. Walker-Peters,475597,S. Botman,0.2359599165448034,0.09063866289472101,-0.14364781683635347,0.1030972098613985,36,402884__475597
402884,K. Walker-Peters,255738,J. Lerma,-0.2996521543160022,0.1934609968303504,0.7897670373503988,0.08164456276723814,37,255738__402884
402884,K. Walker-Peters,623641,E. Agbadou,-0.014592132465343764,0.12169793491135476,0.1383063535358385,0.038922337635070026,38,402884__623641
402884,K. Walker-Peters,393247,I. Konaté,0.24247402080569633,0.06199857094800451,-0.4036408186006926,0.016333827013460228,39,393247__402884
402884,K. Walker-Peters,604320,J. Branthwaite,-0.026285727566048064,0.11280674869587215,0.057592709260193574,0.003071725323136508,40,402884__604320
402884,K. Walker-Peters,15806,J. Vestergaard,-0.040506295809526624,0.08983378168472388,-0.15095447919764035,-0.07916315999536643,41,15806__402884
402884,K. Walker-Peters,136441,B. Davies,0.0016795298674406253,0.07436827021608189,-0.29134944573733507,-0.10088061159423087,42,136441__402884
402884,K. Walker-Peters,239411,T. Mings,-0.004315461230818371,0.07400293627068938,-0.29466592493320226,-0.10593812352665273,43,239411__402884
402884,K. Walker-Peters,8136,J. Stephens,-0.024583277161165512,0.07602640634949184,-0.2762969874051057,-0.11268307574654457,44,8136__402884
402884,K. Walker-Peters,413002,K. Mavropanos,-0.061135937670896,0.08176103967358772,-0.22423833707942362,-0.11822177746388066,45,402884__413002
402884,K. Walker-Peters,8360,C. Dawson,-0.07236606241774764,0.08176103967358772,-0.22423833707942362,-0.12552135854933422,46,8360__402884
402884,K. Walker-Peters,415917,Gabriel Magalhaes,0.21885304561314575,0.021835726967592017,-0.7682366580724096,-0.1266283506767986,47,402884__415917
402884,K. Walker-Peters,71703,V. Lindelöf,-0.1086646585413133,0.08176103967358772,-0.22423833707942362,-0.1491154460296519,48,71703__402884
402884,K. Walker-Peters,240032,J. Bednarek,-0.1307119039315463,0.08358299438614421,-0.20769874371228178,-0.1576572978548037,49,240032__402884
402884,K. Walker-Peters,8653,H. Maguire,-0.21992217284659318,0.06868088842997035,-0.3429791494932441,-0.262992114672921,50,8653__402884
402884,K. Walker-Peters,496001,M. Kilman,-0.12631498746294811,0.043188358825210736,-0.5743987729650745,-0.2831443123886923,51,402884__496001
402884,K. Walker-Peters,399581,D. O'Shea,-0.21227871746220817,0.059350443035125745,-0.42768036171410845,-0.28766929295037325,52,399581__402884
402884,K. Walker-Peters,482177,J. Kiwior,-0.03649683749013918,0.014848305069466567,-0.8316680463957208,-0.31480676060709273,53,402884__482177
402884,K. Walker-Peters,767087,A. Gray,-0.06252093298052427,0.008072742011136159,-0.8931761931382752,-0.3532502740357371,54,402884__767087
402884,K. Walker-Peters,769441,L. Yoro,-0.048892209860644076,0.002279058975417566,-0.9457708931319078,-0.36279974900558637,55,402884__769441
402884,K. Walker-Peters,412027,E. Konsa,-0.1787780534618728,0.02613862139550467,-0.7291752458161435,-0.37141707078586755,56,402884__412027
402884,K. Walker-Peters,590874,Toti,-0.1548582255548159,0.018805024981114693,-0.7957491852103583,-0.3791700614342557,57,402884__590874
402884,K. Walker-Peters,594120,J. O'Brien,-0.06617778959265415,0.0,-0.9664600510200585,-0.38127658109224566,58,402884__594120
402884,K. Walker-Peters,545267,R. Drăgușin,-0.17397740159883388,0.020278773449255275,-0.7823705868179257,-0.386915016425516,59,402884__545267
402884,K. Walker-Peters,424241,N. Milenković,-0.5065881206727119,0.08176103967358772,-0.22423833707942362,-0.407765696415061,60,402884__424241
402884,K. Walker-Peters,9433,J. Tarkowski,-0.3038124788726344,0.03631008058979165,-0.6368393617985176,-0.42037188789669355,61,9433__402884
402884,K. Walker-Peters,557788,W. Fofana,-0.20087969277057846,0.008072742011136159,-0.8931761931382752,-0.4431834678992723,62,402884__557788
402884,K. Walker-Peters,285382,W. Faes,-0.19135234491941677,0.005015891135368755,-0.9209260982927464,-0.44670315860008214,63,285382__402884
402884,K. Walker-Peters,7953,C. Coady,-0.2005909318272425,0.0,-0.9664600510200585,-0.4686451235447281,64,7953__402884
402884,K. Walker-Peters,366217,K. Danso,-0.25705285216211776,0.008072742011136159,-0.8931761931382752,-0.4796960215037729,65,366217__402884
402884,K. Walker-Peters,288080,C. Burgess,-0.46159036539498766,0.04487664705616696,-0.5590725957367909,-0.4957091460146188,66,288080__402884
402884,K. Walker-Peters,286380,I. Diop,-0.259127782516799,0.0,-0.9664600510200585,-0.5066940764929398,67,286380__402884
402884,K. Walker-Peters,346131,T. Chalobah,-0.30071154929262744,0.0,-0.9664600510200585,-0.5337235248972283,68,346131__402884
402884,K. Walker-Peters,504375,M. Lacroix,-0.3367828178951531,0.006864327515649884,-0.904146105966821,-0.5353599687202368,69,402884__504375
402884,K. Walker-Peters,479155,N. Collins,-0.31031341664745243,0.0,-0.9664600510200585,-0.5399647386778645,70,402884__479155
402884,K. Walker-Peters,7919,M. Keane,-0.5305170928596321,0.04050782565410046,-0.5987324890293396,-0.5543924815190298,71,7919__402884
402884,K. Walker-Peters,645877,Y. Mosquera,-0.33935022733031056,0.0,-0.9664600510200585,-0.5588386656217224,72,402884__645877
402884,K. Walker-Peters,327391,J. Bree,-0.345582259594826,0.0,-0.9664600510200585,-0.5628894865936573,73,327391__402884
402884,K. Walker-Peters,620468,J. Greaves,-0.34658263667120537,0.0,-0.9664600510200585,-0.563539731693304,74,402884__620468
402884,K. Walker-Peters,192792,D. Burn,-0.38551635527334216,0.0,-0.9664600510200585,-0.5888466487846928,75,192792__402884
402884,K. Walker-Peters,563725,Morato,-0.5971022153757116,0.04050782565410046,-0.5987324890293396,-0.5976728111544815,76,402884__563725
402884,K. Walker-Peters,583655,C. Okoli,-0.43399456210008514,0.0,-0.9664600510200585,-0.6203574832220757,77,402884__583655
402884,K. Walker-Peters,365443,M. de Ligt,-0.48586679766675417,0.008072742011136159,-0.8931761931382752,-0.6284250860817866,78,365443__402884
402884,K. Walker-Peters,424806,E. Pinnock,-0.4512329057957999,0.0,-0.9664600510200585,-0.6315624066242904,79,402884__424806
402884,K. Walker-Peters,518805,L. Woolfenden,-0.4596318284347631,0.0,-0.9664600510200585,-0.6370217063396164,80,402884__518805
402884,K. Walker-Peters,501419,J. Todibo,-0.5108947671933265,0.0,-0.9664600510200585,-0.6703426165326827,81,402884__501419
402884,K. Walker-Peters,558243,S. van den Berg,-0.5114268769037618,0.0,-0.9664600510200585,-0.6706884878444657,82,402884__558243
402884,K. Walker-Peters,520300,N. Wood,-0.5488221735868238,0.0,-0.9664600510200585,-0.694995430688456,83,402884__520300
402884,K. Walker-Peters,364003,S. Bueno,-0.5954231876827869,0.0,-0.9664600510200585,-0.725286089850832,84,364003__402884
402884,K. Walker-Peters,534563,C. Richards,-0.6191230102409813,0.0,-0.9664600510200585,-0.7406909745136583,85,402884__534563
402884,K. Walker-Peters,508021,Jorge Cuenca,-0.7656705958170466,0.0,-0.9664600510200585,-0.8359469051381008,86,402884__508021
402884,K. Walker-Peters,488709,L. Thomas,-0.801482060333813,0.0,-0.9664600510200585,-0.8592243570739989,87,402884__488709
412027,E. Konsa,568412,J. Gvardiol,1.7153051408083042,0.5635196629816687,2.3788088794376905,1.9475314493285896,1,412027__568412
412027,E. Konsa,145787,J. Andersen,1.2289915778518192,0.5635196629816687,2.3788088794376905,1.6314276334068742,2,145787__412027
412027,E. Konsa,590781,J. van Hecke,1.0659581488658973,0.5635196629816687,2.3788088794376905,1.525455904566025,3,412027__590781
412027,E. Konsa,257899,J. Gomez,1.037207102537358,0.5635196629816687,2.3788088794376905,1.5067677244524744,4,257899__412027
412027,E. Konsa,415847,C. Romero,0.8577606346200185,0.5635196629816687,2.3788088794376905,1.3901275203062036,5,412027__415847
412027,E. Konsa,234399,A. Webster,0.8843571481706938,0.5497219595428336,2.3011009450724744,1.380217477086317,6,234399__412027
412027,E. Konsa,412968,M. Senesi,0.8578482976859689,0.5107741652688543,2.0817490323046024,1.2862135548024907,7,412027__412968
412027,E. Konsa,258154,Rúben Dias,1.0310072233395706,0.35243635388982775,1.18999887194515,1.0866543003515234,8,258154__412027
412027,E. Konsa,349142,N. Mazraoui,0.5499756120764978,0.5101363591426232,2.0781569420111268,1.0848390775536179,9,349142__412027
412027,E. Konsa,777938,Dean Huijsen,0.5937951228810575,0.4653242183479434,1.8257773405017463,1.0249888990482985,10,412027__777938
412027,E. Konsa,370,V. van Dijk,0.8945448386534328,0.3331622874243072,1.081448351310106,0.9599610680832684,11,370__412027
412027,E. Konsa,549884,T. Harwood-Bellis,0.5294616050543586,0.4360492047530822,1.6609020157743477,0.9254657488063547,12,412027__549884
412027,E. Konsa,297957,M. Akanji,0.9893126035318993,0.27045056298052034,0.7282592435277795,0.8979439275304574,13,297957__412027
412027,E. Konsa,9097,L. Dunk,0.7044289162062726,0.31510117649717007,0.9797291319696916,0.8007839917234691,14,9097__412027
412027,E. Konsa,590703,I. Zabarnyi,0.30930846891898256,0.34260899189795646,1.1346516901454498,0.598178596348246,15,412027__590703
412027,E. Konsa,134102,N. Aké,0.6443155074463698,0.19502240092444795,0.3034518331985561,0.525013221459635,16,134102__412027
412027,E. Konsa,622200,J. Quansah,0.4881439584118944,0.23754561555660614,0.5429403238942749,0.5073226863307276,17,412027__622200
412027,E. Konsa,619747,L. Colwill,0.29885107219823176,0.2986168193809363,0.8868901065101602,0.5046647342074067,18,412027__619747
412027,E. Konsa,8582,A. Cresswell,0.2775215344419883,0.2951619014447312,0.8674321918351582,0.4839902645295977,19,8582__412027
412027,E. Konsa,625787,M. van de Ven,0.2993281955634187,0.2708971925510395,0.7307746375935616,0.4503344502739688,20,412027__625787
412027,E. Konsa,50102,F. Schär,0.05832510155665954,0.32560679825051536,1.0388962367921495,0.401524998889081,21,50102__412027
412027,E. Konsa,400549,Pau Torres,0.3440940941828425,0.2217132073087688,0.4537730399024021,0.38248172518468837,22,400549__412027
412027,E. Konsa,488453,L. Martínez,0.3682401868379822,0.20596744157748062,0.36509372197090184,0.3671389241345041,23,412027__488453
412027,E. Konsa,8135,L. Shaw,0.14902612109526575,0.27632041135377516,0.7613179184112256,0.3633282501558517,24,8135__412027
412027,E. Konsa,9380,J. Stones,0.3192021880573437,0.21044059002057436,0.3902862568853313,0.34408161214713934,25,9380__412027
412027,E. Konsa,283145,T. Adarabioyo,0.3662674614779665,0.1761383102650692,0.19709763563148,0.3070580224316962,26,283145__412027
412027,E. Konsa,415953,Igor Julio,0.22243771965337852,0.21785669481734182,0.43205336598051164,0.2958031958678751,27,412027__415953
412027,E. Konsa,393247,I. Konaté,0.26673249300165297,0.19347630962110662,0.29474432893487396,0.27653663557828034,28,393247__412027
412027,E. Konsa,415917,Gabriel Magalhaes,0.29218082471245904,0.16036089952390614,0.10824009468183442,0.22780156920174044,29,412027__415917
412027,E. Konsa,578325,W. Saliba,0.4271953437592826,0.10486924646771409,-0.20428595377423955,0.20617688962254987,30,412027__578325
412027,E. Konsa,653730,A. Khusanov,0.12707738323362017,0.2013157057998623,0.3388953926551639,0.20121368653116045,31,412027__653730
412027,E. Konsa,397074,M. Guéhi,0.03435268259995064,0.21855007000079654,0.4359584182586115,0.1749146900804819,32,397074__412027
412027,E. Konsa,62126,M. Doherty,0.13243563999123809,0.1815808991261142,0.2277500075907549,0.16579566865106896,33,62126__412027
412027,E. Konsa,447424,C. Bassey,0.06231078328211337,0.1577449667395495,0.09350729990828868,0.07322956410127474,34,412027__447424
412027,E. Konsa,627012,Murillo,-0.1055372326891851,0.1807200898014144,0.22290197510467732,0.009416490038666736,35,412027__627012
412027,E. Konsa,623641,E. Agbadou,-0.05202203575030638,0.14976811791596611,0.04858211017855481,-0.016810584675204965,36,412027__623641
412027,E. Konsa,270866,Diego Carlos,0.06195146932295211,0.10685630639419172,-0.19309493760035437,-0.027314773100205143,37,270866__412027
412027,E. Konsa,482177,J. Kiwior,0.03183998431744202,0.11148422774806678,-0.16703072985675993,-0.03776476564352866,38,412027__482177
412027,E. Konsa,386292,A. Disasi,0.30233812746086175,0.016691955376213503,-0.70089578301256,-0.04879374120483582,39,386292__412027
412027,E. Konsa,136441,B. Davies,-0.040378893934435445,0.09124409985366652,-0.28102205724931506,-0.1246040010946433,40,136441__412027
412027,E. Konsa,255738,J. Lerma,-0.38729001398287694,0.1934609968303504,0.2946580881090504,-0.14860817825070238,41,255738__412027
412027,E. Konsa,604320,J. Branthwaite,-0.0701164414954963,0.08323516882204521,-0.32612793227407316,-0.1597204632679982,42,412027__604320
412027,E. Konsa,475597,S. Botman,0.07636614777297687,0.008877623221133297,-0.7449056874801281,-0.21107899456560986,43,412027__475597
412027,E. Konsa,545267,R. Drăgușin,-0.15856966752931212,0.03862804395489126,-0.5773528949473145,-0.30514379712561296,44,412027__545267
412027,E. Konsa,594120,J. O'Brien,-0.0535606337767361,0.003464259565803692,-0.7753934646300127,-0.3062021245753829,45,412027__594120
412027,E. Konsa,767087,A. Gray,-0.2123518018735786,0.052745497712814365,-0.4978441437346356,-0.31227412152494854,46,412027__767087
412027,E. Konsa,8136,J. Stephens,-0.11034374573417963,0.003589221350548466,-0.774689686482428,-0.3428648249960665,47,8136__412027
412027,E. Konsa,15806,J. Vestergaard,-0.14910451452251933,0.01590531074479064,-0.7053261238774972,-0.3437820777967615,48,15806__412027
412027,E. Konsa,239411,T. Mings,-0.11465594886350977,0.003464259565803692,-0.7753934646300127,-0.34591407938178576,49,239411__412027
412027,E. Konsa,413002,K. Mavropanos,-0.13493630938137305,0.003464259565803692,-0.7753934646300127,-0.3590963137183969,50,412027__413002
412027,E. Konsa,590874,Toti,-0.20252531952722425,0.018805024981114693,-0.6889950870094388,-0.3727897381459993,51,412027__590874
412027,E. Konsa,8360,C. Dawson,-0.16002734863790186,0.003464259565803692,-0.7753934646300127,-0.3754054892351406,52,8360__412027
412027,E. Konsa,769441,L. Yoro,-0.16824068890849797,0.0,-0.7949039908677235,-0.38757284459422686,53,412027__769441
412027,E. Konsa,402884,K. Walker-Peters,-0.1787780534618728,0.003464259565803692,-0.7753934646300127,-0.38759344737072177,54,402884__412027
412027,E. Konsa,557788,W. Fofana,-0.25742650965030195,0.027311400730184086,-0.6410876297050544,-0.3917079016694653,55,412027__557788
412027,E. Konsa,7953,C. Coady,-0.24764555174557595,0.003464259565803692,-0.7753934646300127,-0.4323573212551288,56,7953__412027
412027,E. Konsa,496001,M. Kilman,-0.2677714816689715,0.003464259565803692,-0.7753934646300127,-0.4454391757053359,57,412027__496001
412027,E. Konsa,285382,W. Faes,-0.2779286162225678,0.003464259565803692,-0.7753934646300127,-0.4520413131651735,58,285382__412027
412027,E. Konsa,399581,D. O'Shea,-0.34039222659276314,0.021227293832451782,-0.6753529972407301,-0.45762849631955155,59,399581__412027
412027,E. Konsa,366217,K. Danso,-0.3230125914301699,0.013537091208536519,-0.7186638107687582,-0.4614905181986758,60,366217__412027
412027,E. Konsa,8653,H. Maguire,-0.3248700390591969,0.0,-0.7949039908677235,-0.48938192219218124,61,8653__412027
412027,E. Konsa,71703,V. Lindelöf,-0.3495493335380979,0.003464259565803692,-0.7753934646300127,-0.4985947794202681,62,71703__412027
412027,E. Konsa,286380,I. Diop,-0.361470228293371,0.0,-0.7949039908677235,-0.5131720451943944,63,286380__412027
412027,E. Konsa,346131,T. Chalobah,-0.38415971183900355,0.0,-0.7949039908677235,-0.5279202094990555,64,346131__412027
412027,E. Konsa,288080,C. Burgess,-0.5243030372080216,0.04487664705616696,-0.5421610935130597,-0.530553356914785,65,288080__412027
412027,E. Konsa,479155,N. Collins,-0.39837888180631525,0.0,-0.7949039908677235,-0.537162669977808,66,412027__479155
412027,E. Konsa,240032,J. Bednarek,-0.4341190812079382,0.0018219547125564817,-0.7846428385065819,-0.5568023962624635,67,240032__412027
412027,E. Konsa,9433,J. Tarkowski,-0.4396487720893766,0.0,-0.7949039908677235,-0.563988098661798,68,9433__412027
412027,E. Konsa,645877,Y. Mosquera,-0.4480758533696848,0.0,-0.7949039908677235,-0.5694657014939983,69,412027__645877
412027,E. Konsa,620468,J. Greaves,-0.46102665701519435,0.0,-0.7949039908677235,-0.5778837238635796,70,412027__620468
412027,E. Konsa,327391,J. Bree,-0.4717149226734478,0.003464259565803692,-0.7753934646300127,-0.5780024123582455,71,327391__412027
412027,E. Konsa,365443,M. de Ligt,-0.5371034802438666,0.011372065199156654,-0.7308571224877468,-0.6049172550292247,72,365443__412027
412027,E. Konsa,504375,M. Lacroix,-0.5145009877626814,0.0,-0.7949039908677235,-0.6126420388494461,73,412027__504375
412027,E. Konsa,192792,D. Burn,-0.5645463654490187,0.0,-0.7949039908677235,-0.6451715343455653,74,192792__412027
412027,E. Konsa,583655,C. Okoli,-0.5860347197366921,0.0,-0.7949039908677235,-0.6591389646325531,75,412027__583655
412027,E. Konsa,424806,E. Pinnock,-0.5909638562483928,0.0,-0.7949039908677235,-0.6623429033651584,76,412027__424806
412027,E. Konsa,501419,J. Todibo,-0.6241125894788512,0.0,-0.7949039908677235,-0.6838895799649565,77,412027__501419
412027,E. Konsa,518805,L. Woolfenden,-0.6371571743706456,0.0,-0.7949039908677235,-0.6923685601446228,78,412027__518805
412027,E. Konsa,520300,N. Wood,-0.7476270968561928,0.0,-0.7949039908677235,-0.7641740097602285,79,412027__520300
412027,E. Konsa,7919,M. Keane,-0.7484885232698545,0.0,-0.7949039908677235,-0.7647339369291086,80,7919__412027
412027,E. Konsa,534563,C. Richards,-0.749840750269894,0.0,-0.7949039908677235,-0.7656128844791343,81,412027__534563
412027,E. Konsa,424241,N. Milenković,-0.7552906090012105,0.0,-0.7949039908677235,-0.76915529265449,82,412027__424241
412027,E. Konsa,558243,S. van den Berg,-0.7582856288574532,0.0,-0.7949039908677235,-0.7711020555610477,83,412027__558243
412027,E. Konsa,364003,S. Bueno,-0.7862979658026377,0.0,-0.7949039908677235,-0.7893100745754178,84,364003__412027
412027,E. Konsa,563725,Morato,-0.8150736457859337,0.0,-0.7949039908677235,-0.80801426656456,85,412027__563725
412027,E. Konsa,488709,L. Thomas,-0.8617459526899737,0.0,-0.7949039908677235,-0.8383512660521861,86,412027__488709
412027,E. Konsa,508021,Jorge Cuenca,-0.8997113295454481,0.0,-0.7949039908677235,-0.8630287610082445,87,412027__508021
412968,M. Senesi,568412,J. Gvardiol,1.8505589041795707,0.4137835726173213,1.8981065152869554,1.8672005680671553,1,412968__568412
412968,M. Senesi,297957,M. Akanji,1.6180638851003546,0.4436555211852759,2.0947927813499785,1.784918998787723,2,297957__412968
412968,M. Senesi,134102,N. Aké,1.4265036715760413,0.47866796338501766,2.3253256676245,1.7410913701930018,3,134102__412968
412968,M. Senesi,578325,W. Saliba,1.3946447261607529,0.48024700548031474,2.3357225753780666,1.7240219733868125,4,412968__578325
412968,M. Senesi,258154,Rúben Dias,1.4822902903962252,0.40915322607427485,1.8676188632994104,1.61715529091234,5,258154__412968
412968,M. Senesi,386292,A. Disasi,1.252485740834003,0.43864406251964005,2.061795767772816,1.5357442502625878,6,386292__412968
412968,M. Senesi,370,V. van Dijk,1.3776673600712024,0.3429206358435646,1.4315227434053255,1.3965167442381454,7,370__412968
412968,M. Senesi,412027,E. Konsa,0.8578482976859689,0.4567577901235121,2.181062224019673,1.3209731719027653,8,412027__412968
412968,M. Senesi,71703,V. Lindelöf,0.9279616926065284,0.4244544544914486,1.968366943951231,1.2921035305771742,9,71703__412968
412968,M. Senesi,240032,J. Bednarek,0.9039007772066967,0.4136046335915337,1.896928324692691,1.2514604188267946,10,240032__412968
412968,M. Senesi,622200,J. Quansah,1.2015218669404282,0.2949561732514789,1.1157096979491197,1.1714876077934702,11,412968__622200
412968,M. Senesi,8136,J. Stephens,0.9329274915845271,0.35660802711998824,1.52164481482558,1.1389785547188955,12,8136__412968
412968,M. Senesi,767087,A. Gray,0.8895962417495435,0.36601423809096534,1.5835782541348324,1.1324899460843947,13,412968__767087
412968,M. Senesi,9380,J. Stones,1.1073786569678181,0.24515913858290614,0.787830423930835,0.9955367754048741,14,9380__412968
412968,M. Senesi,625787,M. van de Ven,0.9433491450221043,0.28808174158654043,1.0704462866116804,0.9878331445784561,15,412968__625787
412968,M. Senesi,402884,K. Walker-Peters,0.7988351373877368,0.3246261239289748,1.311065946630232,0.9781159206226101,16,402884__412968
412968,M. Senesi,283145,T. Adarabioyo,1.01087542290489,0.2525095052411363,0.8362275403396501,0.949748664007056,17,283145__412968
412968,M. Senesi,9097,L. Dunk,1.0991642509841548,0.22468997081582062,0.6530550118626524,0.9430260172916289,18,9097__412968
412968,M. Senesi,520300,N. Wood,0.5472547240720467,0.36658456613604573,1.587333472625608,0.9112822860657931,19,412968__520300
412968,M. Senesi,482177,J. Kiwior,0.8278106554086981,0.2734618337248203,0.9741842339047497,0.8790414078823162,20,412968__482177
412968,M. Senesi,415953,Igor Julio,0.8994782910512811,0.2292557109479972,0.6831172750045776,0.8237519354349349,21,412968__415953
412968,M. Senesi,488453,L. Martínez,0.9240335094887696,0.20914081029445394,0.5506744685778729,0.7933578451699558,22,412968__488453
412968,M. Senesi,769441,L. Yoro,0.7361925888793405,0.25243128097791356,0.8357124872886644,0.7710245533226039,23,412968__769441
412968,M. Senesi,475597,S. Botman,0.9473433037419757,0.18971303565992406,0.4227559150865617,0.7637377177125808,24,412968__475597
412968,M. Senesi,7953,C. Coady,0.7166073931915073,0.24078273262627367,0.7590147963052097,0.7314499842813031,25,7953__412968
412968,M. Senesi,393247,I. Konaté,0.8561754694960535,0.19590107253194824,0.4634998881102835,0.7187390160110341,26,393247__412968
412968,M. Senesi,594120,J. O'Brien,0.7911454739179591,0.18764415084118405,0.4091337294100312,0.6574413633401843,27,412968__594120
412968,M. Senesi,590781,J. van Hecke,1.1442680703446848,0.07681873750966915,-0.32057550544218344,0.631572818819281,28,412968__590781
412968,M. Senesi,415917,Gabriel Magalhaes,0.8129472034885514,0.14463525393306434,0.12594968063249962,0.5724980704889333,29,412968__415917
412968,M. Senesi,557788,W. Fofana,0.6139772005112525,0.19756685263207982,0.4744679060563388,0.5651489474520327,30,412968__557788
412968,M. Senesi,15806,J. Vestergaard,0.7277327948411858,0.1547856896919761,0.19278332905658174,0.5405004818165744,31,15806__412968
412968,M. Senesi,653730,A. Khusanov,0.724069311485888,0.13670181051187943,0.07371340418118542,0.4964447439292421,32,412968__653730
412968,M. Senesi,270866,Diego Carlos,0.7685197834775797,0.12189638182175014,-0.02377017577006651,0.49121829774090353,33,270866__412968
412968,M. Senesi,558243,S. van den Berg,0.44716321155288674,0.20883603322691824,0.5486677209009054,0.48268978982469324,34,412968__558243
412968,M. Senesi,400549,Pau Torres,0.7881388719711753,0.10049134362940326,-0.16470765185776667,0.4546425886310457,35,400549__412968
412968,M. Senesi,619747,L. Colwill,0.7758857638711995,0.10145744580772091,-0.15834653250673458,0.4489044601389226,36,412968__619747
412968,M. Senesi,239411,T. Mings,0.6842470667835284,0.11674194026458862,-0.05770863349109198,0.4245625716874113,37,239411__412968
412968,M. Senesi,349142,N. Mazraoui,0.8532752741131382,0.060475234640451105,-0.4281862475544417,0.40476374152948524,38,349142__412968
412968,M. Senesi,257899,J. Gomez,1.0168299186831857,0.010816587825430105,-0.7551543325981721,0.39663543073471047,39,257899__412968
412968,M. Senesi,415847,C. Romero,0.9029279928876406,0.035862069031795826,-0.590247039422252,0.3803167315791782,40,412968__415847
412968,M. Senesi,145787,J. Andersen,0.9245760492394131,0.010816587825430105,-0.7551543325981721,0.33667041559625827,41,145787__412968
412968,M. Senesi,549884,T. Harwood-Bellis,0.8274274490599249,0.02983551343696223,-0.6299277691367048,0.3173531226911046,42,412968__549884
412968,M. Senesi,447424,C. Bassey,0.6362339480379451,0.07615563302749731,-0.32494159305482573,0.29982250865547533,43,412968__447424
412968,M. Senesi,192792,D. Burn,0.4606738097861143,0.12333002279754024,-0.014330634530845245,0.2944222542751785,44,192792__412968
412968,M. Senesi,234399,A. Webster,0.8631889013503891,0.005484007255789232,-0.790265713375255,0.2844797861964137,45,234399__412968
412968,M. Senesi,496001,M. Kilman,0.5625271727344527,0.06461436205324957,-0.40093293618339254,0.2253161346132069,46,412968__496001
412968,M. Senesi,285382,W. Faes,0.5060268174910504,0.0454865924434517,-0.526876162622287,0.14451077445138236,47,285382__412968
412968,M. Senesi,136441,B. Davies,0.5566068005937812,0.026311996827079926,-0.653127706155619,0.13319972323149115,48,136441__412968
412968,M. Senesi,620468,J. Greaves,0.4117020267444783,0.042913602803011854,-0.5438175323439746,0.0772701810635198,49,412968__620468
412968,M. Senesi,413002,K. Mavropanos,0.5430683278613992,0.0053325805696408735,-0.7912627541077356,0.07605244917220211,50,412968__413002
412968,M. Senesi,8360,C. Dawson,0.5191448551004775,0.0053325805696408735,-0.7912627541077356,0.06050219187760297,51,8360__412968
412968,M. Senesi,8135,L. Shaw,0.49113724233867273,0.010816587825430105,-0.7551543325981721,0.05493519111077705,52,8135__412968
412968,M. Senesi,365443,M. de Ligt,0.3526556624517744,0.04941484407453316,-0.5010113234499859,0.0538722173861583,53,365443__412968
412968,M. Senesi,777938,Dean Huijsen,0.4778859123555043,0.010816587825430105,-0.7551543325981721,0.04632182662171758,54,412968__777938
412968,M. Senesi,8582,A. Cresswell,0.4627668774934354,0.010816587825430105,-0.7551543325981721,0.0364944539613728,55,8582__412968
412968,M. Senesi,62126,M. Doherty,0.4768855256238736,0.0053325805696408735,-0.7912627541077356,0.03303362771781043,56,62126__412968
412968,M. Senesi,590703,I. Zabarnyi,0.41842865489059716,0.0053325805696408735,-0.7912627541077356,-0.004963338258819283,57,412968__590703
412968,M. Senesi,590874,Toti,0.3765052296756046,0.005484007255789232,-0.790265713375255,-0.031864600392196185,58,412968__590874
412968,M. Senesi,8653,H. Maguire,0.3717586462160957,0.0053325805696408735,-0.7912627541077356,-0.03529884389724519,59,8653__412968
412968,M. Senesi,366217,K. Danso,0.3704909862701943,0.005484007255789232,-0.790265713375255,-0.035773858605712916,60,366217__412968
412968,M. Senesi,501419,J. Todibo,0.32178386352571164,0.01896597678456833,-0.7014962030850669,-0.03636415978806082,61,412968__501419
412968,M. Senesi,645877,Y. Mosquera,0.3714952079223359,0.004379715002347387,-0.7975367194657248,-0.03766596666348529,62,412968__645877
412968,M. Senesi,364003,S. Bueno,0.2715876977577562,0.030143341610314404,-0.6279009320233538,-0.04323332266563229,63,364003__412968
412968,M. Senesi,327391,J. Bree,0.3758171386090628,0.0,-0.8263741348848187,-0.044949807113795676,64,327391__412968
412968,M. Senesi,623641,E. Agbadou,0.34084866558447147,0.005484007255789232,-0.790265713375255,-0.055041367051432755,65,412968__623641
412968,M. Senesi,286380,I. Diop,0.3235078674233675,0.0,-0.8263741348848187,-0.07895083338449763,66,286380__412968
412968,M. Senesi,397074,M. Guéhi,0.3088618227772811,0.0009699613802242231,-0.8199876053396287,-0.08623547706363727,67,397074__412968
412968,M. Senesi,604320,J. Branthwaite,0.2843110920067795,0.0053325805696408735,-0.7912627541077356,-0.09213975413330075,68,412968__604320
412968,M. Senesi,479155,N. Collins,0.2861178726479624,0.0,-0.8263741348848187,-0.10325432998851095,69,412968__479155
412968,M. Senesi,545267,R. Drăgușin,0.2800704687238807,0.0,-0.8263741348848187,-0.10718514253916406,70,412968__545267
412968,M. Senesi,518805,L. Woolfenden,0.28002103065901446,0.0,-0.8263741348848187,-0.1072172772813271,71,412968__518805
412968,M. Senesi,424806,E. Pinnock,0.23839819926394967,0.0,-0.8263741348848187,-0.13427211768811922,72,412968__424806
412968,M. Senesi,346131,T. Chalobah,0.23421205652187793,0.0,-0.8263741348848187,-0.13699311047046583,73,346131__412968
412968,M. Senesi,583655,C. Okoli,0.15402170327104153,0.0,-0.8263741348848187,-0.1891168400835095,74,412968__583655
412968,M. Senesi,424241,N. Milenković,0.11172368494174928,0.0053325805696408735,-0.7912627541077356,-0.2043215687255704,75,412968__424241
412968,M. Senesi,9433,J. Tarkowski,0.08941076539969817,0.0053325805696408735,-0.7912627541077356,-0.2188249664279036,76,9433__412968
412968,M. Senesi,50102,F. Schär,0.05444013279948202,0.005484007255789232,-0.790265713375255,-0.2412069133616759,77,50102__412968
412968,M. Senesi,399581,D. O'Shea,-0.009666976047227827,0.0053325805696408735,-0.7912627541077356,-0.2832254983684055,78,399581__412968
412968,M. Senesi,7919,M. Keane,-0.06647340617663544,0.0053325805696408735,-0.7912627541077356,-0.3201496779525205,79,7919__412968
412968,M. Senesi,627012,Murillo,-0.07735011398991906,0.0053325805696408735,-0.7912627541077356,-0.32721953803115483,80,412968__627012
412968,M. Senesi,504375,M. Lacroix,-0.07934943574485406,0.0053325805696408735,-0.7912627541077356,-0.32851909717186256,81,412968__504375
412968,M. Senesi,563725,Morato,-0.32233081148200904,0.0053325805696408735,-0.7912627541077356,-0.4864569914010133,82,412968__563725
412968,M. Senesi,534563,C. Richards,-0.3206946954494438,0.0,-0.8263741348848187,-0.49768249925182495,83,412968__534563
412968,M. Senesi,255738,J. Lerma,-0.33132557057828727,0.0,-0.8263741348848187,-0.5045925680855732,84,255738__412968
412968,M. Senesi,488709,L. Thomas,-0.3993633032168113,0.0,-0.8263741348848187,-0.5488170943006139,85,412968__488709
412968,M. Senesi,288080,C. Burgess,-0.42734552587705,0.0,-0.8263741348848187,-0.567005539029769,86,288080__412968
412968,M. Senesi,508021,Jorge Cuenca,-0.500319212520874,0.0,-0.8263741348848187,-0.6144384353482546,87,412968__508021
413002,K. Mavropanos,568412,J. Gvardiol,1.725338946679197,0.20411286461914982,1.6584762478282902,1.7019370020813798,1,413002__568412
413002,K. Mavropanos,258154,Rúben Dias,1.024560931018378,0.20411286461914982,1.6584762478282902,1.2464312919018474,2,258154__413002
413002,K. Mavropanos,297957,M. Akanji,0.9878661749906202,0.18700490701470562,1.4195547003793294,1.1389571588766685,3,297957__413002
413002,K. Mavropanos,370,V. van Dijk,0.8410372972595277,0.20411286461914982,1.6584762478282902,1.1271409299585946,4,370__413002
413002,K. Mavropanos,590781,J. van Hecke,0.77916451425048,0.20411286461914982,1.6584762478282902,1.0869236210027136,5,413002__590781
413002,K. Mavropanos,9097,L. Dunk,0.5908097898466991,0.20411286461914982,1.6584762478282902,0.964493050140256,6,9097__413002
413002,K. Mavropanos,145787,J. Andersen,0.8789201574931702,0.16471038468526267,1.1082000724486287,0.9591681277275808,7,145787__413002
413002,K. Mavropanos,415847,C. Romero,0.5972600705184743,0.19508844646126927,1.532445543231079,0.9245749859678859,8,413002__415847
413002,K. Mavropanos,257899,J. Gomez,0.7027004388888967,0.16471038468526267,1.1082000724486287,0.844625310634803,9,257899__413002
413002,K. Mavropanos,349142,N. Mazraoui,0.35577988452648607,0.20411286461914982,1.6584762478282902,0.8117236116821175,10,349142__413002
413002,K. Mavropanos,234399,A. Webster,0.5882103158140388,0.16471038468526267,1.1082000724486287,0.7702067306361453,11,234399__413002
413002,K. Mavropanos,625787,M. van de Ven,0.26589682323031744,0.19411901430121042,1.5189069176871461,0.7044503562902075,12,413002__625787
413002,K. Mavropanos,488453,L. Martínez,0.2383780152238421,0.19677701113744822,1.556027229293682,0.6995552401482861,13,413002__488453
413002,K. Mavropanos,283145,T. Adarabioyo,0.2674683830404836,0.1814087409152448,1.3414013231511053,0.6433449120792012,14,283145__413002
413002,K. Mavropanos,549884,T. Harwood-Bellis,0.2345615161945273,0.1837293102967948,1.3738092844298129,0.6332982350768772,15,413002__549884
413002,K. Mavropanos,412968,M. Senesi,0.5430683278613992,0.14263267669035617,0.7998733697392949,0.6329500925186627,16,412968__413002
413002,K. Mavropanos,134102,N. Aké,0.6573265766787526,0.12699493405475965,0.5814841408500001,0.6307817241386893,17,134102__413002
413002,K. Mavropanos,619747,L. Colwill,0.11999539666334388,0.19484230652025802,1.5290080706259255,0.6131498325502474,18,413002__619747
413002,K. Mavropanos,400549,Pau Torres,0.11170294815394674,0.18877315950618137,1.4442492683290489,0.5780941602152325,19,400549__413002
413002,K. Mavropanos,622200,J. Quansah,0.42233770387102343,0.13961938744188482,0.7577912143586274,0.5397464325416848,20,413002__622200
413002,K. Mavropanos,393247,I. Konaté,0.13071966988968423,0.1741451999332976,1.2399621863768269,0.5189545506601841,21,393247__413002
413002,K. Mavropanos,777938,Dean Huijsen,0.24732447125852358,0.14815213801031296,0.8769555247305015,0.4676953399737158,22,413002__777938
413002,K. Mavropanos,578325,W. Saliba,0.501324232604044,0.11013967711788966,0.34609168997318257,0.4469928426832425,23,413002__578325
413002,K. Mavropanos,9380,J. Stones,0.34155131941628847,0.12699493405475965,0.5814841408500001,0.42552780691808756,24,9380__413002
413002,K. Mavropanos,415953,Igor Julio,0.15896325627164415,0.1385981184931838,0.7435286610353811,0.36356114793895206,25,413002__415953
413002,K. Mavropanos,415917,Gabriel Magalhaes,0.1162904354586195,0.1339823559528851,0.6790671306596786,0.31326227877899016,26,413002__415917
413002,K. Mavropanos,590703,I. Zabarnyi,-0.01690277618718372,0.14263267669035617,0.7998733697392949,0.26896887488708376,27,413002__590703
413002,K. Mavropanos,8582,A. Cresswell,-0.07429836704651144,0.14923407237713407,0.8920653022466651,0.26392891720610034,28,8582__413002
413002,K. Mavropanos,653730,A. Khusanov,-0.026026784932119865,0.1385981184931838,0.7435286610353811,0.24331762115650543,29,413002__653730
413002,K. Mavropanos,50102,F. Schär,-0.2051476037080205,0.16162820065262132,1.0651557654876476,0.23945857551046332,30,50102__413002
413002,K. Mavropanos,482177,J. Kiwior,0.032163421840255474,0.12271488114517436,0.5217109704947088,0.20350506386931413,31,413002__482177
413002,K. Mavropanos,447424,C. Bassey,-0.11553981448972547,0.1385981184931838,0.7435286610353811,0.1851341519440618,32,413002__447424
413002,K. Mavropanos,62126,M. Doherty,-0.18017155417270628,0.13580571438749278,0.704531281835586,0.12947443843019601,33,62126__413002
413002,K. Mavropanos,270866,Diego Carlos,-0.11626825004865565,0.12299628435000168,0.5256409129641112,0.10839995700581272,34,270866__413002
413002,K. Mavropanos,397074,M. Guéhi,-0.22795400054114512,0.13371033838435892,0.6752682634945708,0.08817379187135543,35,397074__413002
413002,K. Mavropanos,386292,A. Disasi,0.29699349189065,0.052630175744296966,-0.45705848019251566,0.033075301661542045,36,386292__413002
413002,K. Mavropanos,8135,L. Shaw,-0.14284498059847991,0.10424419676782795,0.2637582331831225,-0.0005338557749190731,37,8135__413002
413002,K. Mavropanos,136441,B. Davies,-0.25700080080962207,0.10920122577114291,0.33298572763948764,-0.050505515852433694,38,136441__413002
413002,K. Mavropanos,627012,Murillo,-0.3887450473026549,0.12148753174409378,0.5045703962106955,-0.0760846420729823,39,413002__627012
413002,K. Mavropanos,623641,E. Agbadou,-0.3154947410149865,0.09919563855929664,0.19325248565571965,-0.13743321168023934,40,413002__623641
413002,K. Mavropanos,767087,A. Gray,-0.06580065964808843,0.06148018792879364,-0.3334634459429088,-0.15948263485127553,41,413002__767087
413002,K. Mavropanos,475597,S. Botman,-0.032552487797370036,0.048280103155020446,-0.5178095118805568,-0.2023924462264854,42,413002__475597
413002,K. Mavropanos,402884,K. Walker-Peters,-0.061135937670896,0.03940247993388715,-0.6417901486522426,-0.2643649115143673,43,402884__413002
413002,K. Mavropanos,8136,J. Stephens,-0.07405095208620455,0.03952744171863193,-0.640044992177489,-0.2721488661181541,44,8136__413002
413002,K. Mavropanos,604320,J. Branthwaite,-0.36640626388736786,0.07711793056439016,-0.11507421705361409,-0.27844004749555407,45,413002__604320
413002,K. Mavropanos,71703,V. Lindelöf,-0.10015576924282049,0.03940247993388715,-0.6417901486522426,-0.2897278020361182,46,71703__413002
413002,K. Mavropanos,240032,J. Bednarek,-0.1299798537610535,0.04122443464644363,-0.6163456011866327,-0.3002078653600062,47,240032__413002
413002,K. Mavropanos,594120,J. O'Brien,-0.1254102747987418,0.03940247993388715,-0.6417901486522426,-0.30614323064746707,48,413002__594120
413002,K. Mavropanos,412027,E. Konsa,-0.13493630938137305,0.03940247993388715,-0.6417901486522426,-0.3123351531261774,49,412027__413002
413002,K. Mavropanos,557788,W. Fofana,-0.3145725637769387,0.06148018792879364,-0.3334634459429088,-0.32118437253502824,50,413002__557788
413002,K. Mavropanos,769441,L. Yoro,-0.18278663452441313,0.03940247993388715,-0.6417901486522426,-0.3434378644691534,51,413002__769441
413002,K. Mavropanos,7953,C. Coady,-0.19994835552519347,0.03940247993388715,-0.6417901486522426,-0.35459298311966064,52,7953__413002
413002,K. Mavropanos,15806,J. Vestergaard,-0.29628590064363264,0.051843531112874104,-0.46804438259989267,-0.35640136932832367,53,15806__413002
413002,K. Mavropanos,239411,T. Mings,-0.3044370944013932,0.03940247993388715,-0.6417901486522426,-0.42251066338919047,54,239411__413002
413002,K. Mavropanos,255738,J. Lerma,-0.6043017991692282,0.07711793056439016,-0.11507421705361409,-0.43307214542876327,55,255738__413002
413002,K. Mavropanos,520300,N. Wood,-0.41163184388459517,0.03940247993388715,-0.6417901486522426,-0.4921872505532717,56,413002__520300
413002,K. Mavropanos,545267,R. Drăgușin,-0.42204237279399226,0.03862804395489126,-0.652605550863304,-0.5027394851182514,57,413002__545267
413002,K. Mavropanos,496001,M. Kilman,-0.44351972196696277,0.03940247993388715,-0.6417901486522426,-0.5129143713068107,58,413002__496001
413002,K. Mavropanos,285382,W. Faes,-0.46531538181352283,0.03940247993388715,-0.6417901486522426,-0.5270815502070747,59,285382__413002
413002,K. Mavropanos,192792,D. Burn,-0.5108237477792428,0.03940247993388715,-0.6417901486522426,-0.5566619880847927,60,192792__413002
413002,K. Mavropanos,365443,M. de Ligt,-0.6027412389458577,0.0507745451330438,-0.48297332914088437,-0.560822470514117,61,365443__413002
413002,K. Mavropanos,558243,S. van den Berg,-0.5211412453436639,0.03940247993388715,-0.6417901486522426,-0.5633683615016665,62,413002__558243
413002,K. Mavropanos,620468,J. Greaves,-0.5566024301520718,0.03940247993388715,-0.6417901486522426,-0.5864181316271315,63,413002__620468
413002,K. Mavropanos,590874,Toti,-0.4659980247919046,0.018805024981114693,-0.9294443458749588,-0.6282042371709735,64,413002__590874
413002,K. Mavropanos,288080,C. Burgess,-0.7639205335571948,0.04487664705616696,-0.5653405507464376,-0.6944175395734298,65,288080__413002
413002,K. Mavropanos,399581,D. O'Shea,-0.5893319928943347,0.021227293832451782,-0.8956160984780553,-0.6965314298486369,66,399581__413002
413002,K. Mavropanos,366217,K. Danso,-0.5358088116052035,0.013537091208536519,-1.0030137875291782,-0.6993305531785947,67,366217__413002
413002,K. Mavropanos,364003,S. Bueno,-0.6967167591387939,0.030143341610314404,-0.7710988427383973,-0.7227504883986551,68,364003__413002
413002,K. Mavropanos,8360,C. Dawson,-0.49798582188189044,0.0,-1.192066324031904,-0.7409139976343952,69,8360__413002
413002,K. Mavropanos,501419,J. Todibo,-0.6465205933708387,0.01896597678456833,-0.9271965700249734,-0.7447571851997858,70,413002__501419
413002,K. Mavropanos,645877,Y. Mosquera,-0.5968092489742142,0.004379715002347387,-1.1309013205907896,-0.7837414740400155,71,413002__645877
413002,K. Mavropanos,8653,H. Maguire,-0.5698238496295869,0.0,-1.192066324031904,-0.7876087156703979,72,8653__413002
413002,K. Mavropanos,327391,J. Bree,-0.5917834748910419,0.0,-1.192066324031904,-0.8018824720903437,73,327391__413002
413002,K. Mavropanos,286380,I. Diop,-0.6007638360772681,0.0,-1.192066324031904,-0.8077197068613907,74,286380__413002
413002,K. Mavropanos,346131,T. Chalobah,-0.6160318125395358,0.0,-1.192066324031904,-0.8176438915618647,75,346131__413002
413002,K. Mavropanos,479155,N. Collins,-0.6181101510042355,0.0,-1.192066324031904,-0.8189948115639195,76,413002__479155
413002,K. Mavropanos,9433,J. Tarkowski,-0.6727439700117044,0.0,-1.192066324031904,-0.8545067939187743,77,9433__413002
413002,K. Mavropanos,518805,L. Woolfenden,-0.6882834262375358,0.0,-1.192066324031904,-0.8646074404655647,78,413002__518805
413002,K. Mavropanos,424806,E. Pinnock,-0.697597974848793,0.0,-1.192066324031904,-0.8706618970628819,79,413002__424806
413002,K. Mavropanos,504375,M. Lacroix,-0.7103704810718269,0.0,-1.192066324031904,-0.878964026107854,80,413002__504375
413002,K. Mavropanos,583655,C. Okoli,-0.7264557858745859,0.0,-1.192066324031904,-0.8894194742296473,81,413002__583655
413002,K. Mavropanos,424241,N. Milenković,-0.7911843731317574,0.0,-1.192066324031904,-0.9314930559468088,82,413002__424241
413002,K. Mavropanos,7919,M. Keane,-0.8225735450458934,0.0,-1.192066324031904,-0.9518960176909972,83,7919__413002
413002,K. Mavropanos,534563,C. Richards,-0.9054550726172281,0.0,-1.192066324031904,-1.0057690106123647,84,413002__534563
413002,K. Mavropanos,563725,Morato,-0.9154973282340644,0.0,-1.192066324031904,-1.0122964767633083,85,413002__563725
413002,K. Mavropanos,488709,L. Thomas,-0.9271453574665858,0.0,-1.192066324031904,-1.019867695764447,86,413002__488709
413002,K. Mavropanos,508021,Jorge Cuenca,-1.0366931100936607,0.0,-1.192066324031904,-1.091073734972046,87,413002__508021
415847,C. Romero,568412,J. Gvardiol,1.990810170525283,0.013290475090082297,1.0587188341092795,1.6645782027796818,1,415847__568412
415847,C. Romero,297957,M. Akanji,1.5740912214374312,0.013290475090082297,1.0587188341092795,1.3937108858725782,2,297957__415847
415847,C. Romero,258154,Rúben Dias,1.5251745629709683,0.013290475090082297,1.0587188341092795,1.3619150578693773,3,258154__415847
415847,C. Romero,134102,N. Aké,1.3797592300904733,0.013290475090082297,1.0587188341092795,1.2673950914970555,4,134102__415847
415847,C. Romero,370,V. van Dijk,1.3521850791659693,0.013290475090082297,1.0587188341092795,1.2494718933961277,5,370__415847
415847,C. Romero,578325,W. Saliba,1.3310301051826936,0.013290475090082297,1.0587188341092795,1.2357211603069986,6,415847__578325
415847,C. Romero,386292,A. Disasi,1.2581924314013844,0.013290475090082297,1.0587188341092795,1.1883766723491476,7,386292__415847
415847,C. Romero,145787,J. Andersen,1.236830685758546,0.013290475090082297,1.0587188341092795,1.1744915376813028,8,145787__415847
415847,C. Romero,590781,J. van Hecke,1.147459880040858,0.013290475090082297,1.0587188341092795,1.1164005139648054,9,415847__590781
415847,C. Romero,622200,J. Quansah,1.1175578301639777,0.013290475090082297,1.0587188341092795,1.0969641815448332,10,415847__622200
415847,C. Romero,9380,J. Stones,1.0818264242487694,0.013290475090082297,1.0587188341092795,1.073738767699948,11,9380__415847
415847,C. Romero,257899,J. Gomez,1.0240775749061415,0.013290475090082297,1.0587188341092795,1.0362020156272398,12,257899__415847
415847,C. Romero,475597,S. Botman,0.947255640676025,0.013290475090082297,1.0587188341092795,0.986267758377664,13,415847__475597
415847,C. Romero,283145,T. Adarabioyo,0.9304181787678003,0.013290475090082297,1.0587188341092795,0.9753234081373179,14,283145__415847
415847,C. Romero,8136,J. Stephens,0.9284768428096841,0.013290475090082297,1.0587188341092795,0.9740615397645425,15,8136__415847
415847,C. Romero,71703,V. Lindelöf,0.927874029540578,0.013290475090082297,1.0587188341092795,0.9736697111396235,16,71703__415847
415847,C. Romero,240032,J. Bednarek,0.8981301076154383,0.013290475090082297,1.0587188341092795,0.9543361618882826,17,240032__415847
415847,C. Romero,412027,E. Konsa,0.8577606346200185,0.013290475090082297,1.0587188341092795,0.9280960044412598,18,412027__415847
415847,C. Romero,415953,Igor Julio,0.84623236373494,0.013290475090082297,1.0587188341092795,0.9206026283659587,19,415847__415953
415847,C. Romero,400549,Pau Torres,0.793127362782327,0.013290475090082297,1.0587188341092795,0.8860843777467604,20,400549__415847
415847,C. Romero,549884,T. Harwood-Bellis,0.7784870005435269,0.013290475090082297,1.0587188341092795,0.8765681422915403,21,415847__549884
415847,C. Romero,777938,Dean Huijsen,0.7553163685267448,0.013290475090082297,1.0587188341092795,0.8615072314806319,22,415847__777938
415847,C. Romero,270866,Diego Carlos,0.728898057764411,0.013290475090082297,1.0587188341092795,0.8443353294851149,23,270866__415847
415847,C. Romero,15806,J. Vestergaard,0.7137019680285965,0.013290475090082297,1.0587188341092795,0.8344578711568356,24,15806__415847
415847,C. Romero,239411,T. Mings,0.6841594037175777,0.013290475090082297,1.0587188341092795,0.8152552043546732,25,239411__415847
415847,C. Romero,8582,A. Cresswell,0.6681276200463016,0.013290475090082297,1.0587188341092795,0.8048345449683438,26,8582__415847
415847,C. Romero,590703,I. Zabarnyi,0.6523178990788268,0.013290475090082297,1.0587188341092795,0.7945582263394853,27,415847__590703
415847,C. Romero,413002,K. Mavropanos,0.5972600705184743,0.013290475090082297,1.0587188341092795,0.7587706377752561,28,413002__415847
415847,C. Romero,8135,L. Shaw,0.588145619203918,0.013290475090082297,1.0587188341092795,0.7528462444207944,29,8135__415847
415847,C. Romero,8360,C. Dawson,0.5865061102260676,0.013290475090082297,1.0587188341092795,0.7517805635851917,30,8360__415847
415847,C. Romero,496001,M. Kilman,0.5624395096685022,0.013290475090082297,1.0587188341092795,0.7361372732227742,31,415847__496001
415847,C. Romero,62126,M. Doherty,0.5908863923746122,0.012563812169091318,0.9466834943494283,0.7154153780657978,32,62126__415847
415847,C. Romero,604320,J. Branthwaite,0.5089710437787849,0.013290475090082297,1.0587188341092795,0.701382770394458,33,415847__604320
415847,C. Romero,8653,H. Maguire,0.4888062553570415,0.013290475090082297,1.0587188341092795,0.6882756579203247,34,8653__415847
415847,C. Romero,627012,Murillo,0.40113293826105517,0.013290475090082297,1.0587188341092795,0.6312880018079337,35,415847__627012
415847,C. Romero,399581,D. O'Shea,0.369618596318183,0.013290475090082297,1.0587188341092795,0.6108036795450668,36,399581__415847
415847,C. Romero,9433,J. Tarkowski,0.3690177863909824,0.013290475090082297,1.0587188341092795,0.6104131530923864,37,9433__415847
415847,C. Romero,488453,L. Martínez,0.8802634724627331,0.0068106329221776785,0.0596705850512865,0.5930559618687268,38,415847__488453
415847,C. Romero,424241,N. Milenković,0.30106713432814125,0.013290475090082297,1.0587188341092795,0.5662452292515396,39,415847__424241
415847,C. Romero,7919,M. Keane,0.23558001610104196,0.013290475090082297,1.0587188341092795,0.523678602403925,40,7919__415847
415847,C. Romero,349142,N. Mazraoui,0.7693112373366877,0.0060217354334704595,-0.061959947661836254,0.47836632258720435,41,349142__415847
415847,C. Romero,563725,Morato,0.14265623291287133,0.013290475090082297,1.0587188341092795,0.46327814333161416,42,415847__563725
415847,C. Romero,9097,L. Dunk,1.0576291178385815,0.0,-0.9903782771849036,0.3408265295803618,43,9097__415847
415847,C. Romero,234399,A. Webster,0.9415598396743732,0.0,-0.9903782771849036,0.2653814987736263,44,234399__415847
415847,C. Romero,285382,W. Faes,0.5059391544250994,0.005015891135368755,-0.2170388768710678,0.2528968434714409,45,285382__415847
415847,C. Romero,769441,L. Yoro,0.7327410986622482,0.002279058975417566,-0.6389978237892154,0.252632475804236,46,415847__769441
415847,C. Romero,412968,M. Senesi,0.9029279928876406,0.0,-0.9903782771849036,0.24027079836225024,47,412968__415847
415847,C. Romero,625787,M. van de Ven,0.8830247366575648,0.0,-0.9903782771849036,0.22733368181270092,48,415847__625787
415847,C. Romero,504375,M. Lacroix,0.28503378254086675,0.006864327515649884,0.06794910298463828,0.2090541446961868,49,415847__504375
415847,C. Romero,767087,A. Gray,0.815368123759765,0.0,-0.9903782771849036,0.1833568834291311,50,415847__767087
415847,C. Romero,402884,K. Walker-Peters,0.8129067721475784,0.0,-0.9903782771849036,0.18175700488120977,51,402884__415847
415847,C. Romero,482177,J. Kiwior,0.8106319688492052,0.0,-0.9903782771849036,0.1802783827372672,52,415847__482177
415847,C. Romero,594120,J. O'Brien,0.8052171086778003,0.0,-0.9903782771849036,0.17675872362585404,53,415847__594120
415847,C. Romero,393247,I. Konaté,0.8012920713405053,0.0,-0.9903782771849036,0.1742074493566122,54,393247__415847
415847,C. Romero,415917,Gabriel Magalhaes,0.7967529771864873,0.0,-0.9903782771849036,0.17125703815650056,55,415847__415917
415847,C. Romero,7953,C. Coady,0.733328286993635,0.0,-0.9903782771849036,0.1300309895311465,56,7953__415847
415847,C. Romero,619747,L. Colwill,0.6967430060755977,0.0,-0.9903782771849036,0.10625055693442231,57,415847__619747
415847,C. Romero,653730,A. Khusanov,0.6719024033533347,0.0,-0.9903782771849036,0.0901041651649514,58,415847__653730
415847,C. Romero,447424,C. Bassey,0.6043852001708816,0.0,-0.9903782771849036,0.04621798309635683,59,415847__447424
415847,C. Romero,397074,M. Guéhi,0.5211902272690996,0.0009699613802242231,-0.8408316997440767,0.04448255281448793,60,397074__415847
415847,C. Romero,557788,W. Fofana,0.5821892240471145,0.0,-0.9903782771849036,0.03179059861590822,61,415847__557788
415847,C. Romero,520300,N. Wood,0.5409769430334972,0.0,-0.9903782771849036,0.005002615957056977,62,415847__520300
415847,C. Romero,136441,B. Davies,0.5340853787651629,0.0,-0.9903782771849036,0.000523099182639708,63,136441__415847
415847,C. Romero,623641,E. Agbadou,0.4705323002786935,0.0,-0.9903782771849036,-0.04078640183356541,64,415847__623641
415847,C. Romero,192792,D. Burn,0.46058614672016307,0.0,-0.9903782771849036,-0.04725140164661018,65,192792__415847
415847,C. Romero,590874,Toti,0.4502192406656242,0.0,-0.9903782771849036,-0.053989890582060496,66,415847__590874
415847,C. Romero,558243,S. van den Berg,0.4408854305143371,0.0,-0.9903782771849036,-0.0600568671803971,67,415847__558243
415847,C. Romero,545267,R. Drăgușin,0.4399407832635106,0.0,-0.9903782771849036,-0.06067088789343433,68,415847__545267
415847,C. Romero,50102,F. Schär,0.42976096141078196,0.0,-0.9903782771849036,-0.06728777209770792,69,50102__415847
415847,C. Romero,327391,J. Bree,0.4176293588939849,0.0,-0.9903782771849036,-0.07517331373362601,70,327391__415847
415847,C. Romero,286380,I. Diop,0.40998054858317434,0.0,-0.9903782771849036,-0.0801450404356529,71,286380__415847
415847,C. Romero,620468,J. Greaves,0.40542424570592883,0.0,-0.9903782771849036,-0.08310663730586249,72,415847__620468
415847,C. Romero,479155,N. Collins,0.39819593057679104,0.0,-0.9903782771849036,-0.087805042139802,73,415847__479155
415847,C. Romero,366217,K. Danso,0.38869708294771504,0.0,-0.9903782771849036,-0.0939792930987014,74,366217__415847
415847,C. Romero,645877,Y. Mosquera,0.3854404686956744,0.0,-0.9903782771849036,-0.09609609236252786,75,415847__645877
415847,C. Romero,346131,T. Chalobah,0.3853486638747592,0.0,-0.9903782771849036,-0.0961557654961227,76,346131__415847
415847,C. Romero,365443,M. de Ligt,0.33326623777648606,0.0,-0.9903782771849036,-0.13000934246000026,77,365443__415847
415847,C. Romero,501419,J. Todibo,0.32438307278011796,0.0,-0.9903782771849036,-0.13578339970763953,78,415847__501419
415847,C. Romero,424806,E. Pinnock,0.3187081067322334,0.0,-0.9903782771849036,-0.13947212763876451,79,415847__424806
415847,C. Romero,518805,L. Woolfenden,0.31437905376328845,0.0,-0.9903782771849036,-0.14228601206857872,80,415847__518805
415847,C. Romero,583655,C. Okoli,0.28985029570644055,0.0,-0.9903782771849036,-0.15822970480552984,81,415847__583655
415847,C. Romero,364003,S. Bueno,0.26549249585649626,0.0,-0.9903782771849036,-0.17406227470799363,82,364003__415847
415847,C. Romero,255738,J. Lerma,0.2015320931699961,0.0,-0.9903782771849036,-0.21563653645421874,83,255738__415847
415847,C. Romero,288080,C. Burgess,0.15517152032452647,0.0,-0.9903782771849036,-0.245770908803774,84,288080__415847
415847,C. Romero,534563,C. Richards,0.1108510089637984,0.0,-0.9903782771849036,-0.2745792411882472,85,415847__534563
415847,C. Romero,488709,L. Thomas,0.05943362320547019,0.0,-0.9903782771849036,-0.3080005419311606,86,415847__488709
415847,C. Romero,508021,Jorge Cuenca,-0.020387028512634242,0.0,-0.9903782771849036,-0.35988396554792845,87,415847__508021
415917,Gabriel Magalhaes,568412,J. Gvardiol,1.8478787459006178,0.01706321567050313,1.0807405164372645,1.579380365588444,1,415917__568412
415917,Gabriel Magalhaes,258154,Rúben Dias,1.1912007883676714,0.01706321567050313,1.0807405164372645,1.152539693192029,2,258154__415917
415917,Gabriel Magalhaes,145787,J. Andersen,1.1830072072729185,0.01706321567050313,1.0807405164372645,1.1472138654804396,3,145787__415917
415917,Gabriel Magalhaes,297957,M. Akanji,1.1451223655287885,0.01706321567050313,1.0807405164372645,1.122588718346755,4,297957__415917
415917,Gabriel Magalhaes,257899,J. Gomez,1.0080567139540375,0.01706321567050313,1.0807405164372645,1.033496044823167,5,257899__415917
415917,Gabriel Magalhaes,590781,J. van Hecke,0.9933203707509004,0.01706321567050313,1.0807405164372645,1.0239174217411278,6,415917__590781
415917,Gabriel Magalhaes,370,V. van Dijk,0.9719970875393285,0.01706321567050313,1.0807405164372645,1.010057287653606,7,370__415917
415917,Gabriel Magalhaes,134102,N. Aké,0.8259878748600471,0.01706321567050313,1.0807405164372645,0.9151512994120732,8,134102__415917
415917,Gabriel Magalhaes,578325,W. Saliba,0.7767604190988708,0.01706321567050313,1.0807405164372645,0.8831534531673086,9,415917__578325
415917,Gabriel Magalhaes,622200,J. Quansah,0.7431072932811642,0.01706321567050313,1.0807405164372645,0.8612789213857993,10,415917__622200
415917,Gabriel Magalhaes,386292,A. Disasi,0.6613316616905695,0.01706321567050313,1.0807405164372645,0.8081247608519126,11,386292__415917
415917,Gabriel Magalhaes,777938,Dean Huijsen,0.5879669299363058,0.01706321567050313,1.0807405164372645,0.7604376852116413,12,415917__777938
415917,Gabriel Magalhaes,9380,J. Stones,0.5446518270044742,0.01706321567050313,1.0807405164372645,0.7322828683059508,13,9380__415917
415917,Gabriel Magalhaes,549884,T. Harwood-Bellis,0.5243581874781182,0.01706321567050313,1.0807405164372645,0.7190920026138194,14,415917__549884
415917,Gabriel Magalhaes,283145,T. Adarabioyo,0.4524199155267489,0.01706321567050313,1.0807405164372645,0.6723321258454293,15,283145__415917
415917,Gabriel Magalhaes,415953,Igor Julio,0.4265429208976491,0.01706321567050313,1.0807405164372645,0.6555120793365145,16,415917__415953
415917,Gabriel Magalhaes,475597,S. Botman,0.3831461404278016,0.01706321567050313,1.0807405164372645,0.6273041720311137,17,415917__475597
415917,Gabriel Magalhaes,8136,J. Stephens,0.36289703290212466,0.01706321567050313,1.0807405164372645,0.6141422521394235,18,8136__415917
415917,Gabriel Magalhaes,71703,V. Lindelöf,0.36229421963301833,0.01706321567050313,1.0807405164372645,0.6137504235145045,19,71703__415917
415917,Gabriel Magalhaes,8582,A. Cresswell,0.3456660540640046,0.01706321567050313,1.0807405164372645,0.6029421158946455,20,8582__415917
415917,Gabriel Magalhaes,400549,Pau Torres,0.341791778906515,0.01706321567050313,1.0807405164372645,0.6004238370422773,21,400549__415917
415917,Gabriel Magalhaes,590703,I. Zabarnyi,0.33716364518020225,0.01706321567050313,1.0807405164372645,0.597415550120174,22,415917__590703
415917,Gabriel Magalhaes,240032,J. Bednarek,0.3325502977078789,0.01706321567050313,1.0807405164372645,0.5944168742631638,23,240032__415917
415917,Gabriel Magalhaes,412027,E. Konsa,0.29218082471245904,0.01706321567050313,1.0807405164372645,0.5681767168161409,24,412027__415917
415917,Gabriel Magalhaes,8135,L. Shaw,0.2880763441779058,0.01706321567050313,1.0807405164372645,0.5655088044686813,25,8135__415917
415917,Gabriel Magalhaes,270866,Diego Carlos,0.2368376820554212,0.01706321567050313,1.0807405164372645,0.5322036740890663,26,270866__415917
415917,Gabriel Magalhaes,15806,J. Vestergaard,0.14812215812103718,0.01706321567050313,1.0807405164372645,0.47453858353171674,27,15806__415917
415917,Gabriel Magalhaes,239411,T. Mings,0.1401588636485407,0.01706321567050313,1.0807405164372645,0.469362442124594,28,239411__415917
415917,Gabriel Magalhaes,413002,K. Mavropanos,0.1162904354586195,0.01706321567050313,1.0807405164372645,0.4538479638011452,29,413002__415917
415917,Gabriel Magalhaes,8360,C. Dawson,0.10553647516621273,0.01706321567050313,1.0807405164372645,0.4468578896110808,30,8360__415917
415917,Gabriel Magalhaes,604320,J. Branthwaite,0.0846166820235187,0.01706321567050313,1.0807405164372645,0.4332600240683297,31,415917__604320
415917,Gabriel Magalhaes,496001,M. Kilman,0.058986863005842355,0.01706321567050313,1.0807405164372645,0.4166006417068401,32,415917__496001
415917,Gabriel Magalhaes,8653,H. Maguire,0.00783662029718643,0.01706321567050313,1.0807405164372645,0.3833529839462137,33,8653__415917
415917,Gabriel Magalhaes,627012,Murillo,0.018094793360344166,0.015506502959296502,0.8931037216080321,0.3243479182470349,34,415917__627012
415917,Gabriel Magalhaes,62126,M. Doherty,0.1973803117366193,0.012563812169091318,0.5384094584516538,0.31674051308688134,35,62126__415917
415917,Gabriel Magalhaes,399581,D. O'Shea,-0.10027442960067934,0.01706321567050313,1.0807405164372645,0.313080801512601,36,399581__415917
415917,Gabriel Magalhaes,9433,J. Tarkowski,-0.11195184866887262,0.01706321567050313,1.0807405164372645,0.3054904791182753,37,9433__415917
415917,Gabriel Magalhaes,349142,N. Mazraoui,0.5866966837361796,0.0060217354334704595,-0.25013315532793684,0.29380624006373884,38,349142__415917
415917,Gabriel Magalhaes,424241,N. Milenković,-0.1799025007317138,0.01706321567050313,1.0807405164372645,0.2613225552774286,39,415917__424241
415917,Gabriel Magalhaes,7919,M. Keane,-0.2453896189588128,0.01706321567050313,1.0807405164372645,0.2187559284298142,40,7919__415917
415917,Gabriel Magalhaes,488453,L. Martínez,0.39164923587202755,0.0068106329221776785,-0.15504419307804526,0.20030653573950205,41,415917__488453
415917,Gabriel Magalhaes,412968,M. Senesi,0.8129472034885514,0.0,-0.9759569556425227,0.1868307477926755,42,412968__415917
415917,Gabriel Magalhaes,415847,C. Romero,0.7967529771864873,0.0,-0.9759569556425227,0.17630450069633385,43,415847__415917
415917,Gabriel Magalhaes,234399,A. Webster,0.778114442598485,0.0,-0.9759569556425227,0.16418945321413236,44,234399__415917
415917,Gabriel Magalhaes,563725,Morato,-0.33831340214698374,0.01706321567050313,1.0807405164372645,0.1583554693575031,45,415917__563725
415917,Gabriel Magalhaes,9097,L. Dunk,0.661147440451642,0.0,-0.9759569556425227,0.08816090181868436,46,9097__415917
415917,Gabriel Magalhaes,625787,M. van de Ven,0.4566648935549626,0.0,-0.9759569556425227,-0.04475275366415721,47,415917__625787
415917,Gabriel Magalhaes,619747,L. Colwill,0.3437870841337663,0.0,-0.9759569556425227,-0.11812332978793483,48,415917__619747
415917,Gabriel Magalhaes,285382,W. Faes,0.01711887128264089,0.005015891135368755,-0.3713715821965486,-0.11885278743507541,49,285382__415917
415917,Gabriel Magalhaes,769441,L. Yoro,0.167161288754689,0.002279058975417566,-0.7012528832111481,-0.13678367143335396,50,415917__769441
415917,Gabriel Magalhaes,767087,A. Gray,0.2896919742639636,0.0,-0.9759569556425227,-0.15328515120330657,51,415917__767087
415917,Gabriel Magalhaes,393247,I. Konaté,0.28670816970794505,0.0,-0.9759569556425227,-0.15522462416471863,52,393247__415917
415917,Gabriel Magalhaes,504375,M. Lacroix,-0.19593585251898832,0.006864327515649884,-0.14857216946941557,-0.17935856345163786,53,415917__504375
415917,Gabriel Magalhaes,482177,J. Kiwior,0.2349085601238708,0.0,-0.9759569556425227,-0.1888943703943669,54,415917__482177
415917,Gabriel Magalhaes,653730,A. Khusanov,0.23261900463826135,0.0,-0.9759569556425227,-0.19038258146001302,55,415917__653730
415917,Gabriel Magalhaes,397074,M. Guéhi,0.15807084666823906,0.0009699613802242231,-0.8590436400492165,-0.19791922368287035,56,397074__415917
415917,Gabriel Magalhaes,402884,K. Walker-Peters,0.21885304561314575,0.0,-0.9759569556425227,-0.19933045482633818,57,402884__415917
415917,Gabriel Magalhaes,594120,J. O'Brien,0.19440225063156352,0.0,-0.9759569556425227,-0.21522347156436664,58,415917__594120
415917,Gabriel Magalhaes,447424,C. Bassey,0.18701863041921266,0.0,-0.9759569556425227,-0.2200228247023947,59,415917__447424
415917,Gabriel Magalhaes,7953,C. Coady,0.1361276657335557,0.0,-0.9759569556425227,-0.2531019517480717,60,7953__415917
415917,Gabriel Magalhaes,136441,B. Davies,0.09631441448622649,0.0,-0.9759569556425227,-0.2789805650588357,61,136441__415917
415917,Gabriel Magalhaes,50102,F. Schär,0.08831358498708926,0.0,-0.9759569556425227,-0.2841811042332749,62,50102__415917
415917,Gabriel Magalhaes,623641,E. Agbadou,0.07169114324571906,0.0,-0.9759569556425227,-0.2949856913651655,63,415917__623641
415917,Gabriel Magalhaes,557788,W. Fofana,0.01367475482573452,0.0,-0.9759569556425227,-0.3326963438381555,64,415917__557788
415917,Gabriel Magalhaes,520300,N. Wood,-0.02753752618788277,0.0,-0.9759569556425227,-0.35948432649700673,65,415917__520300
415917,Gabriel Magalhaes,590874,Toti,-0.03043260150032348,0.0,-0.9759569556425227,-0.36136612545009317,66,415917__590874
415917,Gabriel Magalhaes,545267,R. Drăgușin,-0.03889514794559615,0.0,-0.9759569556425227,-0.36686678063952044,67,415917__545267
415917,Gabriel Magalhaes,327391,J. Bree,-0.06334027616587004,0.0,-0.9759569556425227,-0.38275611398269843,68,327391__415917
415917,Gabriel Magalhaes,286380,I. Diop,-0.07392374579050118,0.0,-0.9759569556425227,-0.3896353692387087,69,286380__415917
415917,Gabriel Magalhaes,479155,N. Collins,-0.08570836379688451,0.0,-0.9759569556425227,-0.39729537094285783,70,415917__479155
415917,Gabriel Magalhaes,620468,J. Greaves,-0.08823092908067373,0.0,-0.9759569556425227,-0.39893503837732086,71,415917__620468
415917,Gabriel Magalhaes,192792,D. Burn,-0.09268698558129253,0.0,-0.9759569556425227,-0.40183147510272305,72,192792__415917
415917,Gabriel Magalhaes,366217,K. Danso,-0.09520721142596057,0.0,-0.9759569556425227,-0.4034696219017573,73,366217__415917
415917,Gabriel Magalhaes,645877,Y. Mosquera,-0.09846382567800119,0.0,-0.9759569556425227,-0.4055864211655837,74,415917__645877
415917,Gabriel Magalhaes,346131,T. Chalobah,-0.09855563049891641,0.0,-0.9759569556425227,-0.4056460942991786,75,346131__415917
415917,Gabriel Magalhaes,558243,S. van den Berg,-0.12762903870704312,0.0,-0.9759569556425227,-0.4245438096344609,76,415917__558243
415917,Gabriel Magalhaes,255738,J. Lerma,-0.13732209722986394,0.0,-0.9759569556425227,-0.4308442976742945,77,255738__415917
415917,Gabriel Magalhaes,501419,J. Todibo,-0.15952122159355758,0.0,-0.9759569556425227,-0.44527372851069535,78,415917__501419
415917,Gabriel Magalhaes,365443,M. de Ligt,-0.1611802014013382,0.0,-0.9759569556425227,-0.4463520653857528,79,365443__415917
415917,Gabriel Magalhaes,424806,E. Pinnock,-0.165196187641442,0.0,-0.9759569556425227,-0.4489624564418202,80,415917__424806
415917,Gabriel Magalhaes,518805,L. Woolfenden,-0.16659058129656645,0.0,-0.9759569556425227,-0.44986881231765113,81,415917__518805
415917,Gabriel Magalhaes,583655,C. Okoli,-0.19405399866723494,0.0,-0.9759569556425227,-0.4677200336085856,82,415917__583655
415917,Gabriel Magalhaes,364003,S. Bueno,-0.21841179851717935,0.0,-0.9759569556425227,-0.4835526035110495,83,364003__415917
415917,Gabriel Magalhaes,288080,C. Burgess,-0.29926030830884964,0.0,-0.9759569556425227,-0.5361041348756352,84,288080__415917
415917,Gabriel Magalhaes,534563,C. Richards,-0.3730532854098769,0.0,-0.9759569556425227,-0.5840695699913029,85,415917__534563
415917,Gabriel Magalhaes,488709,L. Thomas,-0.4244706711682055,0.0,-0.9759569556425227,-0.6174908707342166,86,415917__488709
415917,Gabriel Magalhaes,508021,Jorge Cuenca,-0.5042913228863097,0.0,-0.9759569556425227,-0.6693742943509843,87,415917__508021
415953,Igor Julio,568412,J. Gvardiol,1.8535727221855254,0.010807986047932585,1.3174635360512004,1.6659345070385116,1,415953__568412
415953,Igor Julio,297957,M. Akanji,1.2325702498164124,0.010807986047932585,1.3174635360512004,1.262282899998588,2,297957__415953
415953,Igor Julio,145787,J. Andersen,1.2237225453633516,0.010807986047932585,1.3174635360512004,1.2565318921040987,3,145787__415953
415953,Igor Julio,258154,Rúben Dias,1.183653591349949,0.010807986047932585,1.3174635360512004,1.230487071995387,4,258154__415953
415953,Igor Julio,590781,J. van Hecke,1.0642011714080435,0.010807986047932585,1.3174635360512004,1.1528429990331484,5,415953__590781
415953,Igor Julio,257899,J. Gomez,1.0319380700488903,0.010807986047932585,1.3174635360512004,1.1318719831496988,6,257899__415953
415953,Igor Julio,370,V. van Dijk,1.0106641075449507,0.010807986047932585,1.3174635360512004,1.118043907522138,7,370__415953
415953,Igor Julio,134102,N. Aké,0.9546798150267379,0.010807986047932585,1.3174635360512004,1.0816541173852996,8,134102__415953
415953,Igor Julio,412968,M. Senesi,0.8994782910512811,0.010807986047932585,1.3174635360512004,1.0457731268012527,9,412968__415953
415953,Igor Julio,234399,A. Webster,0.875496527065986,0.010807986047932585,1.3174635360512004,1.030184980210811,10,234399__415953
415953,Igor Julio,578325,W. Saliba,0.8526944485768897,0.010807986047932585,1.3174635360512004,1.0153636291928985,11,415953__578325
415953,Igor Julio,415847,C. Romero,0.84623236373494,0.010807986047932585,1.3174635360512004,1.011163274045631,12,415847__415953
415953,Igor Julio,9097,L. Dunk,0.7405191759643432,0.010807986047932585,1.3174635360512004,0.9424497019947432,13,9097__415953
415953,Igor Julio,9380,J. Stones,0.6806880459700669,0.010807986047932585,1.3174635360512004,0.9035594674984636,14,9380__415953
415953,Igor Julio,777938,Dean Huijsen,0.633125210208898,0.010807986047932585,1.3174635360512004,0.8726436242537038,15,415953__777938
415953,Igor Julio,549884,T. Harwood-Bellis,0.5241925725658907,0.010807986047932585,1.3174635360512004,0.801837409785749,16,415953__549884
415953,Igor Julio,283145,T. Adarabioyo,0.4646067338336361,0.010807986047932585,1.3174635360512004,0.7631066146097836,17,283145__415953
415953,Igor Julio,415917,Gabriel Magalhaes,0.4265429208976491,0.010807986047932585,1.3174635360512004,0.738365136201392,18,415917__415953
415953,Igor Julio,400549,Pau Torres,0.4151326364840978,0.010807986047932585,1.3174635360512004,0.7309484513325837,19,400549__415953
415953,Igor Julio,488453,L. Martínez,0.4139097417565526,0.010807986047932585,1.3174635360512004,0.7301535697596793,20,415953__488453
415953,Igor Julio,590703,I. Zabarnyi,0.38707237732729194,0.010807986047932585,1.3174635360512004,0.7127092828806598,21,415953__590703
415953,Igor Julio,482177,J. Kiwior,0.3583192392426572,0.010807986047932585,1.3174635360512004,0.6940197431256473,22,415953__482177
415953,Igor Julio,393247,I. Konaté,0.3500986809118437,0.010807986047932585,1.3174635360512004,0.6886763802106185,23,393247__415953
415953,Igor Julio,625787,M. van de Ven,0.3423303665334317,0.010807986047932585,1.3174635360512004,0.6836269758646507,24,415953__625787
415953,Igor Julio,8582,A. Cresswell,0.31601002964366665,0.010807986047932585,1.3174635360512004,0.6665187568863034,25,8582__415953
415953,Igor Julio,619747,L. Colwill,0.28732280131315324,0.010807986047932585,1.3174635360512004,0.6478720584714697,26,415953__619747
415953,Igor Julio,349142,N. Mazraoui,0.5390134492208262,0.008071503885586065,0.7528624683349063,0.6138606059107542,27,349142__415953
415953,Igor Julio,62126,M. Doherty,0.22468037397601529,0.010807986047932585,1.3174635360512004,0.60715448070233,28,62126__415953
415953,Igor Julio,397074,M. Guéhi,0.10812599411657131,0.010807986047932585,1.3174635360512004,0.5313941337936914,29,397074__415953
415953,Igor Julio,627012,Murillo,-0.0020780011868085212,0.010807986047932585,1.3174635360512004,0.45976153684649457,30,415953__627012
415953,Igor Julio,386292,A. Disasi,0.7050099653466861,0.0027364821623465205,-0.34787884205162223,0.33649888275727824,31,386292__415953
415953,Igor Julio,50102,F. Schär,0.08328913769413442,0.008071503885586065,0.7528624683349063,0.3176398034184046,32,50102__415953
415953,Igor Julio,545267,R. Drăgușin,0.0011359041543924225,0.008071503885586065,0.7528624683349063,0.2642402016175723,33,415953__545267
415953,Igor Julio,8135,L. Shaw,0.15086265255328793,0.005048558208531316,0.12915719431626277,0.1432657421703291,34,8135__415953
415953,Igor Julio,8136,J. Stephens,0.35550214025025734,0.0027364821623465205,-0.34787884205162223,0.10931879644459952,35,8136__415953
415953,Igor Julio,71703,V. Lindelöf,0.35142634963220826,0.0027364821623465205,-0.34787884205162223,0.1066695325428676,36,71703__415953
415953,Igor Julio,622200,J. Quansah,0.5345467141636162,0.0010212689487010288,-0.7017679428506323,0.10183658420862926,37,415953__622200
415953,Igor Julio,594120,J. O'Brien,0.3003998113566471,0.0027364821623465205,-0.34787884205162223,0.07350228266375286,38,415953__594120
415953,Igor Julio,402884,K. Walker-Peters,0.28514339476600264,0.0027364821623465205,-0.34787884205162223,0.06358561187983397,39,402884__415953
415953,Igor Julio,7953,C. Coady,0.20190759164343072,0.0027364821623465205,-0.34787884205162223,0.009482339850162197,40,7953__415953
415953,Igor Julio,15806,J. Vestergaard,0.17957058881258375,0.0027364821623465205,-0.34787884205162223,-0.005036711989888323,41,15806__415953
415953,Igor Julio,8360,C. Dawson,0.16469729299502256,0.0027364821623465205,-0.34787884205162223,-0.014704354271303108,42,8360__415953
415953,Igor Julio,413002,K. Mavropanos,0.15896325627164415,0.0027364821623465205,-0.34787884205162223,-0.018431478141499064,43,413002__415953
415953,Igor Julio,653730,A. Khusanov,0.15062022291748106,0.0027364821623465205,-0.34787884205162223,-0.02385444982170508,44,415953__653730
415953,Igor Julio,239411,T. Mings,0.13887110275520906,0.0027364821623465205,-0.34787884205162223,-0.031491377927181874,45,239411__415953
415953,Igor Julio,604320,J. Branthwaite,0.08091824525804607,0.0027364821623465205,-0.34787884205162223,-0.06916073530033781,46,415953__604320
415953,Igor Julio,285382,W. Faes,0.07497486146182442,0.0027364821623465205,-0.34787884205162223,-0.0730239347678819,47,285382__415953
415953,Igor Julio,496001,M. Kilman,0.060590887333671434,0.0027364821623465205,-0.34787884205162223,-0.08237351795118134,48,415953__496001
415953,Igor Julio,475597,S. Botman,0.3384255590295381,0.0,-0.9124799097679164,-0.09939135504957092,49,415953__475597
415953,Igor Julio,327391,J. Bree,-0.027756052529975705,0.0027364821623465205,-0.34787884205162223,-0.13979902886255197,50,327391__415953
415953,Igor Julio,240032,J. Bednarek,0.26280719264879854,0.0,-0.9124799097679164,-0.14854329319705162,51,240032__415953
415953,Igor Julio,412027,E. Konsa,0.22243771965337852,0.0,-0.9124799097679164,-0.17478345064407463,52,412027__415953
415953,Igor Julio,767087,A. Gray,0.21924831124074448,0.0,-0.9124799097679164,-0.17685656611228676,53,415953__767087
415953,Igor Julio,270866,Diego Carlos,0.17708553754394984,0.0,-0.9124799097679164,-0.20426236901520328,54,270866__415953
415953,Igor Julio,769441,L. Yoro,0.10971831496336631,0.0,-0.9124799097679164,-0.24805106369258256,55,415953__769441
415953,Igor Julio,447424,C. Bassey,0.1084155573705331,0.0,-0.9124799097679164,-0.24889785612792417,56,415953__447424
415953,Igor Julio,136441,B. Davies,0.06945843773463012,0.0,-0.9124799097679164,-0.2742199838912611,57,136441__415953
415953,Igor Julio,623641,E. Agbadou,0.005905359248160796,0.0,-0.9124799097679164,-0.3155294849074662,58,415953__623641
415953,Igor Julio,8653,H. Maguire,-0.00023171542027178305,0.0,-0.9124799097679164,-0.31951858344194733,59,8653__415953
415953,Igor Julio,557788,W. Fofana,-0.008221199617939184,0.0,-0.9124799097679164,-0.32471174817043114,60,415953__557788
415953,Igor Julio,590874,Toti,-0.014407700364908474,0.0,-0.9124799097679164,-0.3287329736559612,61,415953__590874
415953,Igor Julio,286380,I. Diop,-0.054646392447358416,0.0,-0.9124799097679164,-0.3548881235095537,62,286380__415953
415953,Igor Julio,479155,N. Collins,-0.0664310104537418,0.0,-0.9124799097679164,-0.36254812521370283,63,415953__479155
415953,Igor Julio,620468,J. Greaves,-0.06895357573753097,0.0,-0.9124799097679164,-0.3641877926481658,64,415953__620468
415953,Igor Julio,520300,N. Wood,-0.06993494218636231,0.0,-0.9124799097679164,-0.3648256808399062,65,415953__520300
415953,Igor Julio,366217,K. Danso,-0.07592985808281767,0.0,-0.9124799097679164,-0.3687223761726022,66,366217__415953
415953,Igor Julio,645877,Y. Mosquera,-0.0791864723348584,0.0,-0.9124799097679164,-0.37083917543642864,67,415953__645877
415953,Igor Julio,346131,T. Chalobah,-0.07927827715577357,0.0,-0.9124799097679164,-0.37089884857002353,68,346131__415953
415953,Igor Julio,192792,D. Burn,-0.08572751019337539,0.0,-0.9124799097679164,-0.3750908500444647,69,192792__415953
415953,Igor Julio,399581,D. O'Shea,-0.11941937445913015,0.0,-0.9124799097679164,-0.39699056181720527,70,399581__415953
415953,Igor Julio,9433,J. Tarkowski,-0.12002018438633077,0.0,-0.9124799097679164,-0.3973810882698857,71,9433__415953
415953,Igor Julio,501419,J. Todibo,-0.14024386825041477,0.0,-0.9124799097679164,-0.4105264827815403,72,415953__501419
415953,Igor Julio,365443,M. de Ligt,-0.1419028480581954,0.0,-0.9124799097679164,-0.4116048196565977,73,365443__415953
415953,Igor Julio,424806,E. Pinnock,-0.1459188342982993,0.0,-0.9124799097679164,-0.4142152107126652,74,415953__424806
415953,Igor Julio,518805,L. Woolfenden,-0.1502478872672442,0.0,-0.9124799097679164,-0.41702909514247943,75,415953__518805
415953,Igor Julio,558243,S. van den Berg,-0.1625566070966049,0.0,-0.9124799097679164,-0.42502976303156387,76,415953__558243
415953,Igor Julio,583655,C. Okoli,-0.17477664532409226,0.0,-0.9124799097679164,-0.43297278787943067,77,415953__583655
415953,Igor Julio,424241,N. Milenković,-0.18797083644917184,0.0,-0.9124799097679164,-0.4415490121107324,78,415953__424241
415953,Igor Julio,504375,M. Lacroix,-0.19527074827468366,0.0,-0.9124799097679164,-0.44629395479731504,79,415953__504375
415953,Igor Julio,364003,S. Bueno,-0.19913444517403656,0.0,-0.9124799097679164,-0.44880535778189445,80,364003__415953
415953,Igor Julio,255738,J. Lerma,-0.2410427077685048,0.0,-0.9124799097679164,-0.47604572846829885,81,255738__415953
415953,Igor Julio,7919,M. Keane,-0.253457954676271,0.0,-0.9124799097679164,-0.48411563895834686,82,7919__415953
415953,Igor Julio,288080,C. Burgess,-0.30945542070600646,0.0,-0.9124799097679164,-0.5205139918776749,83,288080__415953
415953,Igor Julio,563725,Morato,-0.34638173786444176,0.0,-0.9124799097679164,-0.5445160980306578,84,415953__563725
415953,Igor Julio,534563,C. Richards,-0.35377593206673413,0.0,-0.9124799097679164,-0.5493223242621479,85,415953__534563
415953,Igor Julio,488709,L. Thomas,-0.40519331782506274,0.0,-0.9124799097679164,-0.5827436250050615,86,415953__488709
415953,Igor Julio,508021,Jorge Cuenca,-0.48501396954316717,0.0,-0.9124799097679164,-0.6346270486218293,87,415953__508021
424241,N. Milenković,568412,J. Gvardiol,1.429146010488864,1.0120045712454437,2.864463517628937,1.9315071379878894,1,424241__568412
424241,N. Milenković,258154,Rúben Dias,0.7283679948280448,0.8454903913314982,2.211929370406593,1.2476144762805366,2,258154__424241
424241,N. Milenković,297957,M. Akanji,0.7004016604641314,0.7134308548936321,1.6944157446205164,1.0483065899188662,3,297957__424241
424241,N. Milenković,370,V. van Dijk,0.5448443610691948,0.7560658697903647,1.8614934259436873,1.005671533775267,4,370__424241
424241,N. Milenković,590781,J. van Hecke,0.49169999972399125,0.7431023872007853,1.810692256571838,0.9533472896207376,5,424241__590781
424241,N. Milenković,257899,J. Gomez,0.4065075026985635,0.7469521265381944,1.8257785776098592,0.903252378917517,6,257899__424241
424241,N. Milenković,145787,J. Andersen,0.4600092987334662,0.6926230147222124,1.6128741831221913,0.8635120082695199,7,145787__424241
424241,N. Milenković,9097,L. Dunk,0.29461685365636614,0.7673656651708596,1.9057749540766595,0.8585221888034688,8,9097__424241
424241,N. Milenković,415847,C. Romero,0.30106713432814125,0.7514839288524973,1.843537760401812,0.840931853453926,9,415847__424241
424241,N. Milenković,234399,A. Webster,0.29201737962370544,0.6781857883806308,1.55629772108197,0.734515499134098,10,234399__424241
424241,N. Milenković,134102,N. Aké,0.3698620621522639,0.5250326726705767,0.9561227821911631,0.5750533141658786,11,134102__424241
424241,N. Milenković,412968,M. Senesi,0.11172368494174928,0.6187600498119776,1.3234207152918676,0.5358176455642907,12,412968__424241
424241,N. Milenković,349142,N. Mazraoui,-0.06090856277423701,0.6286614473737617,1.3622222156663535,0.43718720967996966,13,349142__424241
424241,N. Milenković,578325,W. Saliba,0.15274189846517713,0.4846189661802085,0.7977499426262971,0.3784947139215691,14,424241__578325
424241,N. Milenković,622200,J. Quansah,0.06166648259444893,0.505979956630687,0.8814591840532502,0.3485939281050293,15,424241__622200
424241,N. Milenković,777938,Dean Huijsen,-0.18402017166112647,0.6178792320689621,1.319968975295346,0.3423760297736389,16,424241__777938
424241,N. Milenković,283145,T. Adarabioyo,-0.028724553149849508,0.5329599692435576,0.9871881948287053,0.3268449086426447,17,283145__424241
424241,N. Milenković,549884,T. Harwood-Bellis,-0.06163141999580568,0.5379590581071909,1.0067785756011147,0.3123120784631164,18,424241__549884
424241,N. Milenković,9380,J. Stones,-0.11326155870930268,0.5463691399268669,1.0397359223634657,0.29028755966616626,19,9380__424241
424241,N. Milenković,488453,L. Martínez,-0.057814920966490935,0.5173272305432772,0.925926770595592,0.2864946710802381,20,424241__488453
424241,N. Milenković,625787,M. van de Ven,-0.06117402271113054,0.5146349026213479,0.9153761021450915,0.2806185209885471,21,424241__625787
424241,N. Milenković,393247,I. Konaté,-0.16547326630064874,0.4647092136361482,0.7197277981791368,0.1443471062672762,22,393247__424241
424241,N. Milenković,415953,Igor Julio,-0.18797083644917184,0.44111728311042075,0.6272759705036185,0.09736554598430475,23,415953__424241
424241,N. Milenković,619747,L. Colwill,-0.2068184895811368,0.4496999430129842,0.6609096145771322,0.09688634687425732,24,424241__619747
424241,N. Milenković,386292,A. Disasi,0.009528977364161445,0.3187898801644519,0.14790053470275044,0.05795902243266759,25,386292__424241
424241,N. Milenković,400549,Pau Torres,-0.1844899880363861,0.4003350188135295,0.46745883019448004,0.043692098344417035,26,400549__424241
424241,N. Milenković,415917,Gabriel Magalhaes,-0.1799025007317138,0.38845920190196886,0.42091999449316747,0.030385372596994628,27,415917__424241
424241,N. Milenković,482177,J. Kiwior,-0.34003445737375404,0.41358215253630515,0.5193715688657397,-0.03924234818993125,28,424241__482177
424241,N. Milenković,590703,I. Zabarnyi,-0.46521454025430276,0.431556047598744,0.5898074938595975,-0.09595682831443769,29,424241__590703
424241,N. Milenković,653730,A. Khusanov,-0.351177040681376,0.3551023005525372,0.29020129421622914,-0.12669462346721422,30,424241__653730
424241,N. Milenković,8582,A. Cresswell,-0.513878236037713,0.33692676812117706,0.21897519466399293,-0.2573795352921159,31,8582__424241
424241,N. Milenković,8136,J. Stephens,-0.456230054464829,0.29069299038049196,0.03779471654208929,-0.2833213846124076,32,8136__424241
424241,N. Milenković,402884,K. Walker-Peters,-0.5065881206727119,0.3055621843540421,0.09606396913324086,-0.2956598892406284,33,402884__424241
424241,N. Milenković,594120,J. O'Brien,-0.5140450247086241,0.2800554661077753,-0.003891510020966299,-0.33549129456794385,34,424241__594120
424241,N. Milenković,767087,A. Gray,-0.5693362122621852,0.2978754253694007,0.06594117285523705,-0.3469891274710874,35,424241__767087
424241,N. Milenković,62126,M. Doherty,-0.5383463901173283,0.26100316891470055,-0.078553466786058,-0.3774188669513837,36,62126__424241
424241,N. Milenković,7953,C. Coady,-0.6406739354411732,0.3055621843540421,0.09606396913324086,-0.3828156688401283,37,7953__424241
424241,N. Milenković,270866,Diego Carlos,-0.46939973593350026,0.21793610039051173,-0.24732427565843917,-0.3916733248372289,38,270866__424241
424241,N. Milenković,50102,F. Schär,-0.7092622243292848,0.32560679825051536,0.17461460693535455,-0.399905333386661,39,50102__424241
424241,N. Milenković,447424,C. Bassey,-0.5095428893021798,0.22841659251125757,-0.20625342516381037,-0.40339157685375054,40,424241__447424
424241,N. Milenković,71703,V. Lindelöf,-0.6581419044885564,0.28610323688465045,0.019808435224080757,-0.4208592855891334,41,71703__424241
424241,N. Milenković,8135,L. Shaw,-0.6489688704406797,0.27802313401433093,-0.011855793243894804,-0.425979293421805,42,8135__424241
424241,N. Milenković,475597,S. Botman,-0.47499864593570845,0.1932580783114165,-0.3440322683401359,-0.42916041377725805,43,424241__475597
424241,N. Milenković,769441,L. Yoro,-0.60177662540284,0.21315086908745082,-0.2660765935043922,-0.4842816142383833,44,424241__769441
424241,N. Milenković,15806,J. Vestergaard,-0.6615818730144224,0.2092935075958832,-0.28119278416592747,-0.5284456919174492,45,15806__424241
424241,N. Milenković,397074,M. Guéhi,-0.7117719301442694,0.22823386116549427,-0.2069695109826882,-0.535091083437716,46,397074__424241
424241,N. Milenković,557788,W. Fofana,-0.7575247738581586,0.21939424610647468,-0.24161010842184993,-0.5769546409554506,47,424241__557788
424241,N. Milenković,412027,E. Konsa,-0.7552906090012105,0.21315086908745082,-0.2660765935043922,-0.5840657035773241,48,412027__424241
424241,N. Milenković,240032,J. Bednarek,-0.8136590750046868,0.2149728238000073,-0.2589367351136523,-0.6195062560428247,49,240032__424241
424241,N. Milenković,136441,B. Davies,-0.6312008835369323,0.11207208942495721,-0.662183131238459,-0.6420446702324666,50,136441__424241
424241,N. Milenković,239411,T. Mings,-0.6455502208156974,0.11738985182569502,-0.6413439357111484,-0.6440780210291053,51,239411__424241
424241,N. Milenković,627012,Murillo,-0.9016688833395504,0.22983043073600956,-0.2007128896924428,-0.6563342855630628,52,424241__627012
424241,N. Milenković,604320,J. Branthwaite,-0.8501973340866059,0.15272327705344116,-0.5028796529014367,-0.7286361456717967,53,424241__604320
424241,N. Milenković,623641,E. Agbadou,-0.8462450722903962,0.14976811791596611,-0.514460301760742,-0.7301204026050172,54,424241__623641
424241,N. Milenković,285382,W. Faes,-0.8267714684318411,0.10940926645591278,-0.6726181759668266,-0.7728178160690861,55,285382__424241
424241,N. Milenković,8360,C. Dawson,-0.8301817914428185,0.08369200191308125,-0.7733987418983325,-0.8103077241022484,56,8360__424241
424241,N. Milenković,520300,N. Wood,-1.1077648636662265,0.21315086908745082,-0.2660765935043922,-0.8131739691095845,57,424241__520300
424241,N. Milenković,413002,K. Mavropanos,-0.7911843731317574,0.06249535563173609,-0.8564639529951853,-0.8140322260839572,58,413002__424241
424241,N. Milenković,496001,M. Kilman,-0.8152442579921172,0.06897989610033048,-0.831052398934205,-0.8207771073218479,59,424241__496001
424241,N. Milenković,255738,J. Lerma,-1.206919495483359,0.1934609968303504,-0.34323707322356034,-0.9046306476924295,60,255738__424241
424241,N. Milenković,545267,R. Drăgușin,-0.906163457633581,0.03862804395489126,-0.9499949416448522,-0.9215044770375258,61,424241__545267
424241,N. Milenković,558243,S. van den Berg,-1.27936698505816,0.20883603322691824,-0.28298553026948997,-0.9306334758821254,62,424241__558243
424241,N. Milenković,590874,Toti,-0.8988112877268648,0.018805024981114693,-1.0276771954211403,-0.9439143554198612,63,424241__590874
424241,N. Milenković,192792,D. Burn,-1.1513102106346667,0.12333002279754024,-0.6180656515345627,-0.9646746149496304,64,192792__424241
424241,N. Milenković,366217,K. Danso,-0.9881739440747521,0.013537091208536519,-1.0483211230055034,-1.009225456700515,65,366217__424241
424241,N. Milenković,620468,J. Greaves,-1.0577951423068357,0.042913602803011854,-0.9332007353509812,-1.0141870998722866,66,424241__620468
424241,N. Milenković,327391,J. Bree,-1.0703083063161978,0.03184549238813583,-0.976574338696152,-1.0375014176491817,67,327391__424241
424241,N. Milenković,365443,M. de Ligt,-1.1524430822820955,0.055302902017900585,-0.8846496701981642,-1.0587153880527196,68,365443__424241
424241,N. Milenković,286380,I. Diop,-1.0463435853764569,0.0,-1.1013701442492112,-1.065602880981921,69,286380__424241
424241,N. Milenković,8653,H. Maguire,-1.0753810049518866,0.0,-1.1013701442492112,-1.0844772037059502,70,8653__424241
424241,N. Milenković,479155,N. Collins,-1.0809574578566759,0.0,-1.1013701442492112,-1.088101898094063,71,424241__479155
424241,N. Milenković,645877,Y. Mosquera,-1.0924393265394607,0.004379715002347387,-1.0842069597347712,-1.0895579981578194,72,424241__645877
424241,N. Milenković,346131,T. Chalobah,-1.1297365468628457,0.0,-1.1013701442492112,-1.1198083059480737,73,346131__424241
424241,N. Milenković,399581,D. O'Shea,-1.1847137447681326,0.021227293832451782,-1.0181848318274371,-1.126428625238889,74,399581__424241
424241,N. Milenković,501419,J. Todibo,-1.2588713266141844,0.01896597678456833,-1.0270464590606405,-1.1777326229704441,75,424241__501419
424241,N. Milenković,288080,C. Burgess,-1.3692803469133559,0.04487664705616696,-0.9255079766420575,-1.2139600173184015,76,288080__424241
424241,N. Milenković,9433,J. Tarkowski,-1.280241361534541,0.0,-1.1013701442492112,-1.2176364354846756,77,9433__424241
424241,N. Milenković,424806,E. Pinnock,-1.3240566031289394,0.0,-1.1013701442492112,-1.2461163425210344,78,424241__424806
424241,N. Milenković,518805,L. Woolfenden,-1.3330921361041552,0.0,-1.1013701442492112,-1.2519894389549249,79,424241__518805
424241,N. Milenković,583655,C. Okoli,-1.3622775701633416,0.0,-1.1013701442492112,-1.2709599710933959,80,424241__583655
424241,N. Milenković,504375,M. Lacroix,-1.3634018818954872,0.0,-1.1013701442492112,-1.2716907737192906,81,424241__504375
424241,N. Milenković,364003,S. Bueno,-1.4605604270533288,0.030143341610314404,-0.98324471059375,-1.2934999262924762,82,364003__424241
424241,N. Milenković,534563,C. Richards,-1.6080128400989409,0.0,-1.1013701442492112,-1.4306878965515355,83,424241__534563
424241,N. Milenković,7919,M. Keane,-1.6630620968890544,0.0,-1.1013701442492112,-1.4664699134651094,84,7919__424241
424241,N. Milenković,488709,L. Thomas,-1.710106572496989,0.0,-1.1013701442492112,-1.497048822610267,85,424241__488709
424241,N. Milenković,563725,Morato,-1.7660185767924172,0.0,-1.1013701442492112,-1.5333916254022952,86,424241__563725
424241,N. Milenković,508021,Jorge Cuenca,-1.7902421240817112,0.0,-1.1013701442492112,-1.5491369311403362,87,424241__508021
424806,E. Pinnock,568412,J. Gvardiol,1.4967444391189253,0.6171344721272867,2.0901260622596363,1.7044280072181741,1,424806__568412
424806,E. Pinnock,258154,Rúben Dias,0.8088447660247753,0.6163237093613181,2.0857892917151033,1.25577535001639,2,258154__424806
424806,E. Pinnock,297957,M. Akanji,0.7939880587470958,0.5412937287714352,1.6844538784017327,1.1056510956262187,3,297957__424806
424806,E. Pinnock,590781,J. van Hecke,0.5852863980069556,0.6078962010214861,2.0407105443107034,1.0946848492132673,4,424806__590781
424806,E. Pinnock,370,V. van Dijk,0.6208627807576359,0.5913180734499376,1.9520341295151709,1.086772752822773,5,370__424806
424806,E. Pinnock,145787,J. Andersen,0.6340216296005922,0.5544796396508928,1.7549853239800877,1.0263589226334155,6,145787__424806
424806,E. Pinnock,257899,J. Gomez,0.49974392206042706,0.5597090516277973,1.782957451929963,0.9488686575147647,7,257899__424806
424806,E. Pinnock,415847,C. Romero,0.3187081067322334,0.5156413049891377,1.5472390474739166,0.7486939359918224,8,415847__424806
424806,E. Pinnock,134102,N. Aké,0.46344846043522847,0.45952416485581327,1.2470684296447954,0.7377154496585769,9,134102__424806
424806,E. Pinnock,9097,L. Dunk,0.31001313366994954,0.5114985338734188,1.5250793621732126,0.7352863136460915,10,9097__424806
424806,E. Pinnock,234399,A. Webster,0.2871250938000007,0.4685337937866656,1.2952609404562843,0.6399726401296999,11,234399__424806
424806,E. Pinnock,549884,T. Harwood-Bellis,0.012243541725952066,0.509227316871066,1.5129306210007203,0.537484019472121,12,424806__549884
424806,E. Pinnock,412968,M. Senesi,0.23839819926394967,0.4091080552180124,0.9773926275179406,0.49704624915284645,13,412968__424806
424806,E. Pinnock,777938,Dean Huijsen,-0.0011748253701697048,0.48150705824313966,1.3646549401845043,0.47686559257396616,14,424806__777938
424806,E. Pinnock,9380,J. Stones,0.06412064243037092,0.45449208574116035,1.2201518352990797,0.46873155993441895,15,9380__424806
424806,E. Pinnock,578325,W. Saliba,0.2463282967481414,0.3693710103990794,0.7648391498164038,0.4278070953220332,16,424806__578325
424806,E. Pinnock,622200,J. Quansah,0.15525288087741346,0.39192231314289483,0.8854660823610794,0.41082750139669655,17,424806__622200
424806,E. Pinnock,283145,T. Adarabioyo,0.02225831354252799,0.39576747746347407,0.9060338687276079,0.3315797578573059,18,283145__424806
424806,E. Pinnock,349142,N. Mazraoui,-0.025726582074917445,0.41222469504520964,0.9940635359116684,0.3311999592203876,19,349142__424806
424806,E. Pinnock,400549,Pau Torres,-0.11816371260790309,0.4376578702142875,1.1301056058696282,0.3187305488592328,20,400549__424806
424806,E. Pinnock,488453,L. Martínez,-0.024538125587336902,0.40283403001635754,0.9438328627725905,0.31439172033863766,21,424806__488453
424806,E. Pinnock,625787,M. van de Ven,-0.09110326212127698,0.38242140951794756,0.8346457429022301,0.2329088896369505,22,424806__625787
424806,E. Pinnock,590703,I. Zabarnyi,-0.2856614793322446,0.44261215421228894,1.1566060740875002,0.21913216436466604,23,424806__590703
424806,E. Pinnock,619747,L. Colwill,-0.23674772899128324,0.39582908532309113,0.9063634092074051,0.16334116937825763,24,424806__619747
424806,E. Pinnock,393247,I. Konaté,-0.14641716173732308,0.3552295243440396,0.6891963320235127,0.14604756107896943,25,393247__424806
424806,E. Pinnock,386292,A. Disasi,0.10311537564712589,0.2577840290252744,0.16796031634265385,0.1258111048905607,26,386292__424806
424806,E. Pinnock,415953,Igor Julio,-0.1459188342982993,0.32124713171354247,0.5074244924933182,0.08275133007876681,27,415953__424806
424806,E. Pinnock,415917,Gabriel Magalhaes,-0.165196187641442,0.32700716475830094,0.5382349128685106,0.08100469753704137,28,415917__424806
424806,E. Pinnock,8582,A. Cresswell,-0.3174484138092388,0.35997295495069037,0.7145689453185797,0.04375766188549762,29,8582__424806
424806,E. Pinnock,653730,A. Khusanov,-0.3811062800915224,0.3048218732804974,0.41956577481568186,-0.10087106087400094,30,424806__653730
424806,E. Pinnock,482177,J. Kiwior,-0.3266373543015967,0.2781304929824615,0.2767935648324496,-0.1154365326046805,31,424806__482177
424806,E. Pinnock,270866,Diego Carlos,-0.3892875261129163,0.2548150075030421,0.1520790183549255,-0.19980923554917165,32,270866__424806
424806,E. Pinnock,62126,M. Doherty,-0.47309359254695377,0.27356698108379185,0.2523833368194087,-0.21917666726872692,33,62126__424806
424806,E. Pinnock,8136,J. Stephens,-0.3610278240438003,0.23292530569175776,0.03499098961401409,-0.22242123926356527,34,8136__424806
424806,E. Pinnock,8135,L. Shaw,-0.5126132375630994,0.2815064944496043,0.2948517988011919,-0.23000047483559746,35,8135__424806
424806,E. Pinnock,50102,F. Schär,-0.6363480397939215,0.3221845983137951,0.5124390019270392,-0.2342725751915853,36,50102__424806
424806,E. Pinnock,71703,V. Lindelöf,-0.46886928219531016,0.22833555219591622,0.010440395281214388,-0.30111089507852656,37,71703__424806
424806,E. Pinnock,447424,C. Bassey,-0.49291904313753676,0.22841659251125757,0.01087387997888934,-0.3165915200467876,38,424806__447424
424806,E. Pinnock,475597,S. Botman,-0.3788934115093814,0.1642608076198499,-0.3322954537115511,-0.3625841262801408,39,424806__475597
424806,E. Pinnock,397074,M. Guéhi,-0.5801949283491946,0.2292038225457185,0.01508477392780341,-0.3718470325522453,40,397074__424806
424806,E. Pinnock,15806,J. Vestergaard,-0.5691289885505457,0.22070759012805383,-0.030361578612099753,-0.3805603950720896,41,15806__424806
424806,E. Pinnock,402884,K. Walker-Peters,-0.4512329057957999,0.17011052480019845,-0.30100531283874277,-0.3986532482608299,42,402884__424806
424806,E. Pinnock,627012,Murillo,-0.726986900095642,0.24533693369530607,0.10138079560268227,-0.43705820660122857,43,424806__627012
424806,E. Pinnock,594120,J. O'Brien,-0.5360620009568186,0.17011052480019845,-0.30100531283874277,-0.45379216011549206,44,424806__594120
424806,E. Pinnock,239411,T. Mings,-0.5600073035987221,0.16092080438548712,-0.350161133110537,-0.4865611439278573,45,239411__424806
424806,E. Pinnock,767087,A. Gray,-0.5494760553356586,0.1570925639791692,-0.37063839344904914,-0.4868828736753452,46,424806__767087
424806,E. Pinnock,7953,C. Coady,-0.5980396597970445,0.17011052480019845,-0.30100531283874277,-0.4940776383616389,47,7953__424806
424806,E. Pinnock,240032,J. Bednarek,-0.5797507377144555,0.15720513911127307,-0.37003622899669947,-0.5063506596632409,48,240032__424806
424806,E. Pinnock,604320,J. Branthwaite,-0.6832958224273444,0.1857591164930718,-0.21730098604223083,-0.5201976296925547,49,424806__604320
424806,E. Pinnock,8360,C. Dawson,-0.7365953931598541,0.1581378103277474,-0.3650473700738214,-0.6065535850797427,50,8360__424806
424806,E. Pinnock,412027,E. Konsa,-0.5909638562483928,0.10707599737955512,-0.6381770396136273,-0.6074884704262249,51,412027__424806
424806,E. Pinnock,136441,B. Davies,-0.6248110853371174,0.11207208942495721,-0.6114529401239432,-0.6201357345125065,52,136441__424806
424806,E. Pinnock,413002,K. Mavropanos,-0.697597974848793,0.13694116404640225,-0.47842824434967135,-0.6208885691741004,53,413002__424806
424806,E. Pinnock,623641,E. Agbadou,-0.7538248407869214,0.14976811791596611,-0.4098168600427547,-0.633422047526463,54,424806__623641
424806,E. Pinnock,769441,L. Yoro,-0.572024754519725,0.08321643495946801,-0.7658018539886029,-0.6398467393338323,55,424806__769441
424806,E. Pinnock,496001,M. Kilman,-0.7536707298105607,0.11216825492554122,-0.6109385508009028,-0.7037144671571804,56,424806__496001
424806,E. Pinnock,285382,W. Faes,-0.7948907286754605,0.11442515759128154,-0.5988663770239436,-0.7262822055974296,57,285382__424806
424806,E. Pinnock,557788,W. Fofana,-0.7849351771249427,0.10824877671423452,-0.6319038422156207,-0.73137420990668,58,424806__557788
424806,E. Pinnock,255738,J. Lerma,-1.1314864748046336,0.15936267180035849,-0.35849558528729725,-0.8609396634735659,59,255738__424806
424806,E. Pinnock,545267,R. Drăgușin,-0.8561121595441522,0.03862804395489126,-1.0043051854850387,-0.9079797186234624,60,424806__545267
424806,E. Pinnock,520300,N. Wood,-0.9936467871949526,0.08093737598405044,-0.7779925418799454,-0.9181678013347001,61,424806__520300
424806,E. Pinnock,8653,H. Maguire,-0.9634303055747204,0.06868088842997035,-0.8435525015069401,-0.9214730741509973,62,8653__424806
424806,E. Pinnock,192792,D. Burn,-1.0420860988169036,0.08093737598405044,-0.7779925418799454,-0.9496533538889682,63,192792__424806
424806,E. Pinnock,399581,D. O'Shea,-1.0163306069706697,0.059350443035125745,-0.8934610597858786,-0.9733262654559929,64,399581__424806
424806,E. Pinnock,590874,Toti,-0.9051358773174196,0.018805024981114693,-1.1103385264297139,-0.9769568045067227,65,424806__590874
424806,E. Pinnock,558243,S. van den Berg,-1.1034925742727468,0.08093737598405044,-0.7779925418799454,-0.9895675629352663,66,424806__558243
424806,E. Pinnock,327391,J. Bree,-1.0041681538635896,0.03184549238813583,-1.0405850580767968,-1.0169140703382122,67,327391__424806
424806,E. Pinnock,620468,J. Greaves,-1.087724381716982,0.042913602803011854,-0.9813817285140106,-1.050504453095942,68,424806__620468
424806,E. Pinnock,365443,M. de Ligt,-1.1317685105156747,0.055302902017900585,-0.9151113592299107,-1.0559385075656573,69,365443__424806
424806,E. Pinnock,366217,K. Danso,-1.015584347341536,0.013537091208536519,-1.138516707488849,-1.0586106733930956,70,366217__424806
424806,E. Pinnock,9433,J. Tarkowski,-1.0886056438844234,0.03631008058979165,-1.0167039729812324,-1.0634400590683066,71,9433__424806
424806,E. Pinnock,286380,I. Diop,-1.0388138591120288,0.0,-1.210926616868079,-1.0990533243266465,72,286380__424806
424806,E. Pinnock,479155,N. Collins,-1.0531061274956892,0.0,-1.210926616868079,-1.1083432987760258,73,424806__479155
424806,E. Pinnock,346131,T. Chalobah,-1.0575428944053429,0.0,-1.210926616868079,-1.1112271972673007,74,346131__424806
424806,E. Pinnock,424241,N. Milenković,-1.3240566031289394,0.07444580841466615,-0.8127159408869526,-1.145087371344244,75,424241__424806
424806,E. Pinnock,645877,Y. Mosquera,-1.1223685659496072,0.004379715002347387,-1.1874995185689377,-1.145164399366373,76,424806__645877
424806,E. Pinnock,288080,C. Burgess,-1.2823923085046371,0.04487664705616696,-0.9708814035705884,-1.17336349177772,77,288080__424806
424806,E. Pinnock,501419,J. Todibo,-1.2266351191597487,0.01896597678456833,-1.1094775951319213,-1.1856299857500092,78,424806__501419
424806,E. Pinnock,504375,M. Lacroix,-1.2093424574600404,0.006864327515649884,-1.174209324674308,-1.197045860985034,79,424806__504375
424806,E. Pinnock,364003,S. Bueno,-1.3207963440452795,0.030143341610314404,-1.0496898636567513,-1.2259090759092945,80,364003__424806
424806,E. Pinnock,518805,L. Woolfenden,-1.2500842680047557,0.0,-1.210926616868079,-1.2363790901069187,81,424806__518805
424806,E. Pinnock,7919,M. Keane,-1.385948292698705,0.04050782565410046,-0.9942502319949832,-1.2488539714524023,82,7919__424806
424806,E. Pinnock,583655,C. Okoli,-1.3213663008335803,0.0,-1.210926616868079,-1.282712411445655,83,424806__583655
424806,E. Pinnock,563725,Morato,-1.4824675045442093,0.04050782565410046,-0.9942502319949832,-1.3115914591519802,84,424806__563725
424806,E. Pinnock,534563,C. Richards,-1.50793002156651,0.0,-1.210926616868079,-1.403978829922059,85,424806__534563
424806,E. Pinnock,488709,L. Thomas,-1.5095919249384522,0.0,-1.210926616868079,-1.4050590671138217,86,424806__488709
424806,E. Pinnock,508021,Jorge Cuenca,-1.6627333158361413,0.0,-1.210926616868079,-1.5046009711973194,87,424806__508021
447424,C. Bassey,568412,J. Gvardiol,1.7510788307877574,0.08905971093844064,1.3562514717433731,1.612889255122223,1,447424__568412
447424,C. Bassey,297957,M. Akanji,1.1030412878543125,0.08905971093844064,1.3562514717433731,1.1916648522154838,2,297957__447424
447424,C. Bassey,258154,Rúben Dias,1.0631791576936078,0.08905971093844064,1.3562514717433731,1.1657544676110256,3,258154__447424
447424,C. Bassey,145787,J. Andersen,1.0062864115460735,0.08905971093844064,1.3562514717433731,1.1287741826151283,4,145787__447424
447424,C. Bassey,370,V. van Dijk,0.8811351455828509,0.08905971093844064,1.3562514717433731,1.0474258597390338,5,370__447424
447424,C. Bassey,590781,J. van Hecke,0.8432529825601516,0.08905971093844064,1.3562514717433731,1.022802453774279,6,447424__590781
447424,C. Bassey,134102,N. Aké,0.8251508530646379,0.08905971093844064,1.3562514717433731,1.0110360696021952,7,134102__447424
447424,C. Bassey,257899,J. Gomez,0.8145019362316119,0.08905971093844064,1.3562514717433731,1.0041142736607283,8,257899__447424
447424,C. Bassey,578325,W. Saliba,0.7231654866147896,0.08905971093844064,1.3562514717433731,0.9447455814097938,9,447424__578325
447424,C. Bassey,9380,J. Stones,0.543814805209065,0.08905971093844064,1.3562514717433731,0.8281676384960728,10,9380__447424
447424,C. Bassey,412968,M. Senesi,0.6362339480379451,0.07446163826082615,0.9594759166339559,0.7493686370465489,11,412968__447424
447424,C. Bassey,234399,A. Webster,0.6299645874821077,0.07446163826082615,0.9594759166339559,0.7452935526852545,12,234399__447424
447424,C. Bassey,415847,C. Romero,0.6043852001708816,0.07446163826082615,0.9594759166339559,0.7286669509329575,13,415847__447424
447424,C. Bassey,777938,Dean Huijsen,0.3881017789697434,0.08905971093844064,1.3562514717433731,0.7269541714405138,14,447424__777938
447424,C. Bassey,386292,A. Disasi,0.5454491370048273,0.07784551704260165,1.05144972795227,0.7225493438364323,15,386292__447424
447424,C. Bassey,9097,L. Dunk,0.5855620580160139,0.07446163826082615,0.9594759166339559,0.7164319085322937,16,9097__447424
447424,C. Bassey,283145,T. Adarabioyo,0.33507777187153626,0.08905971093844064,1.3562514717433731,0.6924885668266791,17,283145__447424
447424,C. Bassey,549884,T. Harwood-Bellis,0.3067564387486127,0.08905971093844064,1.3562514717433731,0.6740797002967788,18,447424__549884
447424,C. Bassey,400549,Pau Torres,0.1578558858644435,0.08905971093844064,1.3562514717433731,0.5772943409220688,19,400549__447424
447424,C. Bassey,488453,L. Martínez,0.2599590213208114,0.08127227118300383,1.1445888913410465,0.5695794758278936,20,447424__488453
447424,C. Bassey,590703,I. Zabarnyi,0.14204894608813745,0.08905971093844064,1.3562514717433731,0.5670198300674699,21,447424__590703
447424,C. Bassey,8136,J. Stephens,0.19594131190839859,0.07784551704260165,1.05144972795227,0.4953692575237536,22,8136__447424
447424,C. Bassey,71703,V. Lindelöf,0.19186552129034962,0.07784551704260165,1.05144972795227,0.4927199936220218,23,71703__447424
447424,C. Bassey,415917,Gabriel Magalhaes,0.18701863041921266,0.07446163826082615,0.9594759166339559,0.45737868059437276,24,415917__447424
447424,C. Bassey,482177,J. Kiwior,0.1757748238724513,0.07446163826082615,0.9594759166339559,0.4500702063389779,25,447424__482177
447424,C. Bassey,393247,I. Konaté,0.17263910318828754,0.07446163826082615,0.9594759166339559,0.44803198789427146,26,393247__447424
447424,C. Bassey,62126,M. Doherty,-0.05167817371782646,0.08702545042991747,1.3009602795201578,0.421745284915468,27,62126__447424
447424,C. Bassey,8582,A. Cresswell,0.07098659840451227,0.07104139281570307,0.8665136595559944,0.34942106980753096,28,8582__447424
447424,C. Bassey,8360,C. Dawson,-0.10980577776634705,0.07784551704260165,1.05144972795227,0.29663364923516894,29,8360__447424
447424,C. Bassey,402884,K. Walker-Peters,0.10259897939579685,0.06324744436498715,0.6546741728428529,0.29582529710226646,30,402884__447424
447424,C. Bassey,594120,J. O'Brien,0.09145668804179408,0.06324744436498715,0.6546741728428529,0.28858280772216466,31,447424__594120
447424,C. Bassey,413002,K. Mavropanos,-0.11553981448972547,0.07709342830935058,1.0310079592875043,0.28575190633230496,32,413002__447424
447424,C. Bassey,15806,J. Vestergaard,-0.03791739800223359,0.06748142722796475,0.7697538095785854,0.244767524651053,33,15806__447424
447424,C. Bassey,604320,J. Branthwaite,-0.19114025654544137,0.07784551704260165,1.05144972795227,0.24376623802875763,34,447424__604320
447424,C. Bassey,7953,C. Coady,0.020584992597077897,0.06324744436498715,0.6546741728428529,0.24251620568309912,35,7953__447424
447424,C. Bassey,627012,Murillo,-0.2741789542266007,0.07838686707385234,1.0661636195667001,0.19494094660105457,36,447424__627012
447424,C. Bassey,285382,W. Faes,-0.2096994716940371,0.0682633355003559,0.7910060731940683,0.14054746901679976,37,285382__447424
447424,C. Bassey,625787,M. van de Ven,0.20978421512234496,0.03401351305479575,-0.13990395947586035,0.08739335401297312,38,447424__625787
447424,C. Bassey,622200,J. Quansah,0.40958727254624594,0.015619341626315519,-0.6398574629616142,0.04228161511849493,39,447424__622200
447424,C. Bassey,619747,L. Colwill,0.06413974825233873,0.03434385541232818,-0.1309252555619475,-0.00413300308266145,40,447424__619747
447424,C. Bassey,349142,N. Mazraoui,0.265119475716994,0.01723592932930946,-0.5959186158683214,-0.036243856337866365,41,349142__447424
447424,C. Bassey,415953,Igor Julio,0.1084155573705331,0.014598072677614489,-0.6676155487709992,-0.16319532977900317,42,415953__447424
447424,C. Bassey,475597,S. Botman,0.10530291527588848,0.014598072677614489,-0.6676155487709992,-0.16521854714052217,43,447424__475597
447424,C. Bassey,653730,A. Khusanov,-0.07042265627162883,0.025268392322685573,-0.37759630487038304,-0.1779334332811928,44,447424__653730
447424,C. Bassey,412027,E. Konsa,0.06231078328211337,0.014598072677614489,-0.6676155487709992,-0.19316343293647598,45,412027__447424
447424,C. Bassey,240032,J. Bednarek,0.0561773822153018,0.014598072677614489,-0.6676155487709992,-0.19715014362990352,46,240032__447424
447424,C. Bassey,397074,M. Guéhi,-0.15536357084668012,0.025332206006564616,-0.37586184920600546,-0.232537968272444,47,397074__447424
447424,C. Bassey,239411,T. Mings,-0.10394376476679423,0.020578564808361767,-0.5050657973477506,-0.24433647617012894,48,239411__447424
447424,C. Bassey,8135,L. Shaw,-0.12018191927271193,0.019646630886145804,-0.5303957575060911,-0.2637567626543946,49,8135__447424
447424,C. Bassey,270866,Diego Carlos,-0.058219982889411964,0.014598072677614489,-0.6676155487709992,-0.27150843094796745,50,270866__447424
447424,C. Bassey,327391,J. Bree,-0.31901179076462616,0.03184549238813583,-0.19883075224500343,-0.2769484272827582,51,327391__447424
447424,C. Bassey,496001,M. Kilman,-0.21391218342769816,0.024296187294336285,-0.4040208335271681,-0.28045021096251266,52,447424__496001
447424,C. Bassey,767087,A. Gray,0.018013953004777997,0.0,-1.0643911038804161,-0.36082781690503996,53,447424__767087
447424,C. Bassey,50102,F. Schär,-0.21100082327060943,0.011214193895839,-0.759589360089313,-0.4030068111571557,54,50102__447424
447424,C. Bassey,769441,L. Yoro,-0.10921162673788837,0.002279058975417566,-1.0024462903376619,-0.4218437589978091,55,447424__769441
447424,C. Bassey,8653,H. Maguire,-0.318891212475344,0.014598072677614489,-0.6676155487709992,-0.4409447301788233,56,8653__447424
447424,C. Bassey,545267,R. Drăgușin,-0.32124892547071454,0.011214193895839,-0.759589360089313,-0.474668077587224,57,447424__545267
447424,C. Bassey,9433,J. Tarkowski,-0.4308668540403056,0.014598072677614489,-0.6676155487709992,-0.5137288971960483,58,9433__447424
447424,C. Bassey,399581,D. O'Shea,-0.4409914273121381,0.014598072677614489,-0.6676155487709992,-0.5203098698227395,59,399581__447424
447424,C. Bassey,136441,B. Davies,-0.2577387790194631,0.0,-1.0643911038804161,-0.5400670927207967,60,136441__447424
447424,C. Bassey,557788,W. Fofana,-0.26078062759247134,0.0,-1.0643911038804161,-0.542044294293252,61,447424__557788
447424,C. Bassey,424241,N. Milenković,-0.5095428893021798,0.014598072677614489,-0.6676155487709992,-0.5648683201162665,62,424241__447424
447424,C. Bassey,520300,N. Wood,-0.30199290860608874,0.0,-1.0643911038804161,-0.5688322769521033,63,447424__520300
447424,C. Bassey,623641,E. Agbadou,-0.33428594245465004,0.0,-1.0643911038804161,-0.5898227489536682,64,447424__623641
447424,C. Bassey,7919,M. Keane,-0.5750300075292789,0.014598072677614489,-0.6676155487709992,-0.607434946963881,65,7919__447424
447424,C. Bassey,590874,Toti,-0.36140790920414584,0.0,-1.0643911038804161,-0.6074520273408405,66,447424__590874
447424,C. Bassey,479155,N. Collins,-0.3744575820218532,0.0,-1.0643911038804161,-0.6159343146723502,67,447424__479155
447424,C. Bassey,192792,D. Burn,-0.3813665786799737,0.0,-1.0643911038804161,-0.6204251625001286,68,192792__447424
447424,C. Bassey,286380,I. Diop,-0.3905731218172167,0.0,-1.0643911038804161,-0.6264094155393365,69,286380__447424
447424,C. Bassey,558243,S. van den Berg,-0.4020844211252489,0.0,-1.0643911038804161,-0.6338917600895575,70,447424__558243
447424,C. Bassey,620468,J. Greaves,-0.40345688818795167,0.0,-1.0643911038804161,-0.6347838636803143,71,447424__620468
447424,C. Bassey,346131,T. Chalobah,-0.4112445582733138,0.0,-1.0643911038804161,-0.6398458492357997,72,346131__447424
447424,C. Bassey,366217,K. Danso,-0.4229300669220552,0.0,-1.0643911038804161,-0.6474414298574815,73,366217__447424
447424,C. Bassey,504375,M. Lacroix,-0.5255762410894543,0.006864327515649884,-0.8778187103444292,-0.6488611053286955,74,447424__504375
447424,C. Bassey,645877,Y. Mosquera,-0.42618668117409586,0.0,-1.0643911038804161,-0.649558229121308,75,447424__645877
447424,C. Bassey,563725,Morato,-0.66795379071745,0.014598072677614489,-0.6676155487709992,-0.6678354060361922,76,447424__563725
447424,C. Bassey,501419,J. Todibo,-0.4872440770896523,0.0,-1.0643911038804161,-0.6892455364664196,77,447424__501419
447424,C. Bassey,365443,M. de Ligt,-0.4889030568974329,0.0,-1.0643911038804161,-0.690323873341477,78,365443__447424
447424,C. Bassey,424806,E. Pinnock,-0.49291904313753676,0.0,-1.0643911038804161,-0.6929342643975445,79,424806__447424
447424,C. Bassey,518805,L. Woolfenden,-0.4962309698670325,0.0,-1.0643911038804161,-0.6950870167717168,80,447424__518805
447424,C. Bassey,583655,C. Okoli,-0.5217768541633298,0.0,-1.0643911038804161,-0.71169184156431,81,447424__583655
447424,C. Bassey,364003,S. Bueno,-0.5461346540132741,0.0,-1.0643911038804161,-0.7275244114667738,82,364003__447424
447424,C. Bassey,255738,J. Lerma,-0.5610078460434094,0.0,-1.0643911038804161,-0.7371919862863617,83,255738__447424
447424,C. Bassey,288080,C. Burgess,-0.656455629545244,0.0,-1.0643911038804161,-0.7992330455625543,84,288080__447424
447424,C. Bassey,534563,C. Richards,-0.7007761409059714,0.0,-1.0643911038804161,-0.828041377947027,85,447424__534563
447424,C. Bassey,488709,L. Thomas,-0.7521935266643001,0.0,-1.0643911038804161,-0.8614626786899406,86,447424__488709
447424,C. Bassey,508021,Jorge Cuenca,-0.8320141783824044,0.0,-1.0643911038804161,-0.9133461023067085,87,447424__508021
475597,S. Botman,568412,J. Gvardiol,1.9555424059675741,0.2519813507455826,1.7197163248206855,1.8730032775661631,1,475597__568412
475597,S. Botman,145787,J. Andersen,1.2831951333737468,0.2519813507455826,1.7197163248206855,1.4359775503801753,2,145787__475597
475597,S. Botman,258154,Rúben Dias,1.2547643903067547,0.24903134808620797,1.6889080935576182,1.4067146864445568,3,258154__475597
475597,S. Botman,297957,M. Akanji,1.1472361812125944,0.2519813507455826,1.7197163248206855,1.3476042314754264,4,297957__475597
475597,S. Botman,590781,J. van Hecke,1.097778743981709,0.2519813507455826,1.7197163248206855,1.3154568972753506,5,475597__590781
475597,S. Botman,370,V. van Dijk,1.0712407565479045,0.2519813507455826,1.7197163248206855,1.298207205443378,6,370__475597
475597,S. Botman,257899,J. Gomez,1.0817769297789839,0.23326283767796924,1.524230304611459,1.23663561097035,7,257899__475597
475597,S. Botman,234399,A. Webster,0.9738521542267004,0.2519813507455826,1.7197163248206855,1.234904613934595,8,234399__475597
475597,S. Botman,134102,N. Aké,0.885110321849303,0.2519813507455826,1.7197163248206855,1.1772224228892867,9,134102__475597
475597,S. Botman,415847,C. Romero,0.947255640676025,0.2347888225561858,1.5401668648320541,1.1547745691306353,10,415847__475597
475597,S. Botman,9097,L. Dunk,0.8210132491350762,0.2519813507455826,1.7197163248206855,1.1355593256250396,11,9097__475597
475597,S. Botman,412968,M. Senesi,0.9473433037419757,0.22718592859020428,1.4607663548602452,1.12704137163337,12,412968__475597
475597,S. Botman,9380,J. Stones,0.6386471736319881,0.2519813507455826,1.7197163248206855,1.017021376548032,13,9380__475597
475597,S. Botman,777938,Dean Huijsen,0.6515994471391001,0.21191004864243818,1.3012333318366662,0.8789713067832483,14,475597__777938
475597,S. Botman,578325,W. Saliba,0.7503237131654499,0.19350911094411724,1.1090638969157693,0.8758827774780618,15,475597__578325
475597,S. Botman,415917,Gabriel Magalhaes,0.3831461404278016,0.2519813507455826,1.7197163248206855,0.8509457049653109,16,415917__475597
475597,S. Botman,549884,T. Harwood-Bellis,0.5933928899360905,0.20234852236805895,1.20137792602784,0.8061876525682029,17,475597__549884
475597,S. Botman,400549,Pau Torres,0.4155740653578489,0.21517426095625325,1.33532299868364,0.7374861920218757,18,400549__475597
475597,S. Botman,488453,L. Martínez,0.4685814745122191,0.20302851439928563,1.2084793947971988,0.7275457466119619,19,475597__488453
475597,S. Botman,283145,T. Adarabioyo,0.4976718423288604,0.19692572815847573,1.1447451980640357,0.7241475168361717,20,283145__475597
475597,S. Botman,590703,I. Zabarnyi,0.3852582019235165,0.2124976752825214,1.3073701864481333,0.7079973965071323,21,475597__590703
475597,S. Botman,482177,J. Kiwior,0.3292592760559549,0.22014931113457983,1.3872797302995163,0.6995664350412014,22,475597__482177
475597,S. Botman,393247,I. Konaté,0.36092312917806113,0.1931156155657041,1.10495444413932,0.6213340894145017,23,393247__475597
475597,S. Botman,349142,N. Mazraoui,0.5487801118215925,0.13192715114593973,0.4659352363140313,0.519784405393946,24,349142__475597
475597,S. Botman,386292,A. Disasi,0.5013338579011977,0.1332818954100527,0.4800834522346076,0.4938962159178911,25,386292__475597
475597,S. Botman,625787,M. van de Ven,0.4652223727675794,0.10311563712236169,0.16504337635019323,0.3601597240214942,26,475597__625787
475597,S. Botman,8582,A. Cresswell,0.3165459210323695,0.12616447473566575,0.4057529625870036,0.3477683855764915,27,8582__475597
475597,S. Botman,62126,M. Doherty,0.22198942393799415,0.14157431317749264,0.5666849756255785,0.3426328670286487,28,62126__475597
475597,S. Botman,619747,L. Colwill,0.38834607825423845,0.10416927169894172,0.17604696565167643,0.31404138884334176,29,475597__619747
475597,S. Botman,402884,K. Walker-Peters,0.2359599165448034,0.12005419959964288,0.34194055588515015,0.27305314031392475,30,402884__475597
475597,S. Botman,50102,F. Schär,0.12635739447094185,0.12612725295282656,0.40536423843108155,0.22400978985699072,31,50102__475597
475597,S. Botman,594120,J. O'Brien,0.13897507171265164,0.12005419959964288,0.34194055588515015,0.2100129911730261,32,475597__594120
475597,S. Botman,7953,C. Coady,0.06266136618904589,0.12005419959964288,0.34194055588515015,0.16040908258268238,33,7953__475597
475597,S. Botman,622200,J. Quansah,0.5127556490504117,0.02581669110407936,-0.6422249824612,0.10851242802134767,34,475597__622200
475597,S. Botman,8136,J. Stephens,0.20921607036013584,0.07754212129304117,-0.10203258284451548,0.10027904173850788,35,8136__475597
475597,S. Botman,71703,V. Lindelöf,0.16245395247141892,0.07295236779719964,-0.14996548442716467,0.053107149556914666,36,71703__475597
475597,S. Botman,627012,Murillo,0.005698984512452487,0.09694420168010247,0.1005922445093432,0.038911625511364234,37,475597__627012
475597,S. Botman,397074,M. Guéhi,0.13582174411568254,0.06974045855047015,-0.1835089263473845,0.024056009453609084,38,397074__475597
475597,S. Botman,653730,A. Khusanov,0.2165723892896269,0.050063814478063906,-0.38900114823991117,0.004621651154288586,39,475597__653730
475597,S. Botman,415953,Igor Julio,0.3384255590295381,0.02479542215537833,-0.6528905626610636,-0.008535083562172474,40,415953__475597
475597,S. Botman,604320,J. Branthwaite,0.035754714223332415,0.07295236779719964,-0.14996548442716467,-0.029247355304341565,41,475597__604320
475597,S. Botman,8360,C. Dawson,-0.03619090802483743,0.08369200191308125,-0.03780655790167147,-0.036756385481729346,42,8360__475597
475597,S. Botman,15806,J. Vestergaard,-0.0076046352595257605,0.06532440572933722,-0.22962779208841597,-0.08531274014963733,43,15806__475597
475597,S. Botman,413002,K. Mavropanos,-0.032552487797370036,0.06249535563173609,-0.2591728602546174,-0.11186961815740659,44,413002__475597
475597,S. Botman,285382,W. Faes,-0.0731336250544738,0.06893856514782984,-0.19188346706800466,-0.1146960697592096,45,285382__475597
475597,S. Botman,8135,L. Shaw,0.11943222441129492,0.029843980363909645,-0.6001661529595272,-0.1324272076684928,46,8135__475597
475597,S. Botman,270866,Diego Carlos,0.11401422097123581,0.02479542215537833,-0.6528905626610636,-0.15440245330006896,47,270866__475597
475597,S. Botman,447424,C. Bassey,0.10530291527588848,0.02479542215537833,-0.6528905626610636,-0.16006480200204473,48,447424__475597
475597,S. Botman,767087,A. Gray,0.09051312798207456,0.02479542215537833,-0.6528905626610636,-0.16967816374302377,49,475597__767087
475597,S. Botman,136441,B. Davies,0.022416230144483906,0.02479542215537833,-0.6528905626610636,-0.2139411473374577,50,136441__475597
475597,S. Botman,623641,E. Agbadou,-0.033592457652454825,0.02479542215537833,-0.6528905626610636,-0.25034679440546787,51,475597__623641
475597,S. Botman,412027,E. Konsa,0.07636614777297687,0.0,-0.9118405326215041,-0.26950619036509144,52,412027__475597
475597,S. Botman,545267,R. Drăgușin,-0.0934067252792888,0.02512483356396639,-0.6494503681838746,-0.2880220002958938,53,475597__545267
475597,S. Botman,239411,T. Mings,-0.028452272799829537,0.005980492130747278,-0.8493835093895062,-0.3157782056062164,54,239411__475597
475597,S. Botman,327391,J. Bree,-0.18920902583729055,0.03184549238813583,-0.5792634445764634,-0.32572807239600104,55,327391__475597
475597,S. Botman,240032,J. Bednarek,-0.05245621586944654,0.0018219547125564817,-0.8928130236269275,-0.3465810985845649,56,240032__475597
475597,S. Botman,769441,L. Yoro,-0.050826293497110264,0.0,-0.9118405326215041,-0.35218127719064807,57,475597__769441
475597,S. Botman,496001,M. Kilman,-0.10800054311479389,0.009698114616721796,-0.810558672085474,-0.35389588825453194,58,475597__496001
475597,S. Botman,557788,W. Fofana,-0.21258538032197893,0.02479542215537833,-0.6528905626610636,-0.36669219414065857,59,475597__557788
475597,S. Botman,590874,Toti,-0.16242523237506135,0.007636314177600442,-0.8320910000462259,-0.396808251059969,60,475597__590874
475597,S. Botman,8653,H. Maguire,-0.19355406164587344,0.0,-0.9118405326215041,-0.4449543264873441,61,8653__475597
475597,S. Botman,479155,N. Collins,-0.20857320176019511,0.0,-0.9118405326215041,-0.45471676756165325,62,475597__479155
475597,S. Botman,366217,K. Danso,-0.30310824984274537,0.013537091208536519,-0.7704664781756547,-0.4666836297592636,63,366217__475597
475597,S. Botman,346131,T. Chalobah,-0.229754650401937,0.0,-0.9118405326215041,-0.4684847091787855,64,346131__475597
475597,S. Botman,286380,I. Diop,-0.23623832375253379,0.0,-0.9118405326215041,-0.47269909685667333,65,286380__475597
475597,S. Botman,620468,J. Greaves,-0.2692647202148901,0.0,-0.9118405326215041,-0.494166254557205,66,475597__620468
475597,S. Botman,520300,N. Wood,-0.27477583885729634,0.0,-0.9118405326215041,-0.49774848167476904,67,475597__520300
475597,S. Botman,9433,J. Tarkowski,-0.2907753523967698,0.0,-0.9118405326215041,-0.5081481654754267,68,9433__475597
475597,S. Botman,365443,M. de Ligt,-0.35934681801382073,0.011372065199156654,-0.7930768381275576,-0.5111523250536286,69,365443__475597
475597,S. Botman,399581,D. O'Shea,-0.3012372787895823,0.0,-0.9118405326215041,-0.5149484176307548,70,399581__475597
475597,S. Botman,645877,Y. Mosquera,-0.30196091507209516,0.0,-0.9118405326215041,-0.5154187812143882,71,475597__645877
475597,S. Botman,192792,D. Burn,-0.3427231833082317,0.0,-0.9118405326215041,-0.541914255567877,72,192792__475597
475597,S. Botman,255738,J. Lerma,-0.36674430309215167,0.0,-0.9118405326215041,-0.5575279834274249,73,255738__475597
475597,S. Botman,424806,E. Pinnock,-0.3788934115093814,0.0,-0.9118405326215041,-0.5654249038986243,74,424806__475597
475597,S. Botman,501419,J. Todibo,-0.397239541365271,0.0,-0.9118405326215041,-0.5773498883049526,75,475597__501419
475597,S. Botman,558243,S. van den Berg,-0.400529294500226,0.0,-0.9118405326215041,-0.5794882278426733,76,475597__558243
475597,S. Botman,518805,L. Woolfenden,-0.4072435603821006,0.0,-0.9118405326215041,-0.5838525006658918,77,475597__518805
475597,S. Botman,583655,C. Okoli,-0.43177231843894864,0.0,-0.9118405326215041,-0.5997961934028431,78,475597__583655
475597,S. Botman,364003,S. Bueno,-0.4464959889157215,0.0,-0.9118405326215041,-0.6093665792127454,79,364003__475597
475597,S. Botman,504375,M. Lacroix,-0.4467112580816229,0.0,-0.9118405326215041,-0.6095065041705813,80,475597__504375
475597,S. Botman,424241,N. Milenković,-0.47499864593570845,0.0,-0.9118405326215041,-0.6278933062757369,81,424241__475597
475597,S. Botman,288080,C. Burgess,-0.5037573263172963,0.0,-0.9118405326215041,-0.646586448523769,82,288080__475597
475597,S. Botman,7919,M. Keane,-0.5278900776102562,0.0,-0.9118405326215041,-0.662272736864193,83,7919__475597
475597,S. Botman,488709,L. Thomas,-0.6000897552993647,0.0,-0.9118405326215041,-0.7092025273621134,84,475597__488709
475597,S. Botman,534563,C. Richards,-0.6107716051815906,0.0,-0.9118405326215041,-0.7161457297855602,85,475597__534563
475597,S. Botman,563725,Morato,-0.620813860798427,0.0,-0.9118405326215041,-0.722673195936504,86,475597__563725
475597,S. Botman,508021,Jorge Cuenca,-0.7420096426580233,0.0,-0.9118405326215041,-0.8014504541452415,87,475597__508021
479155,N. Collins,568412,J. Gvardiol,1.5762322629634828,0.3968698575938478,1.9820329766797486,1.7182625127641757,1,479155__568412
479155,N. Collins,258154,Rúben Dias,0.8883325898693328,0.3968698575938478,1.9820329766797486,1.2711277252529785,2,258154__479155
479155,N. Collins,370,V. van Dijk,0.7003506046021937,0.3968698575938478,1.9820329766797486,1.1489394348293378,3,370__479155
479155,N. Collins,297957,M. Akanji,0.8734758825916537,0.3430514482217725,1.5249484972477896,1.1014912977213012,4,297957__479155
479155,N. Collins,590781,J. van Hecke,0.6647742218515134,0.341094118787875,1.5083247263892974,0.9600168984397377,5,479155__590781
479155,N. Collins,9097,L. Dunk,0.3895009575145071,0.3466973105073972,1.5559131259751866,0.7977452164757448,6,9097__479155
479155,N. Collins,145787,J. Andersen,0.6817413029846047,0.275091969103636,0.9477626699888685,0.7748487814360969,7,145787__479155
479155,N. Collins,134102,N. Aké,0.5429362842797862,0.28304147526182655,1.0152785242560711,0.7082560682714859,8,134102__479155
479155,N. Collins,257899,J. Gomez,0.5792317459049848,0.275091969103636,0.9477626699888685,0.7082175693343441,9,257899__479155
479155,N. Collins,622200,J. Quansah,0.2491109101210619,0.3183585863986732,1.3152298522007848,0.6222525398489649,10,479155__622200
479155,N. Collins,415847,C. Romero,0.39819593057679104,0.2644652796486176,0.857509262756947,0.5589555968398456,11,415847__479155
479155,N. Collins,625787,M. van de Ven,0.014396981033868904,0.3449971610587579,1.5414736073280402,0.5488738002368289,12,479155__625787
479155,N. Collins,283145,T. Adarabioyo,0.10174613738708557,0.3251496475868669,1.3729069315536113,0.5466524153453696,13,283145__479155
479155,N. Collins,488453,L. Martínez,0.05494969825722061,0.3322162001397503,1.4329237832721842,0.5372406280124579,14,479155__488453
479155,N. Collins,578325,W. Saliba,0.3583783936738544,0.26531212333883103,0.8647015806239684,0.5355915091063943,15,479155__578325
479155,N. Collins,400549,Pau Torres,-0.03867588876334552,0.33077843239283305,1.4207126954713487,0.4721101157187974,16,400549__479155
479155,N. Collins,9380,J. Stones,0.1790277122681298,0.28304147526182655,1.0152785242560711,0.4717154964639092,17,9380__479155
479155,N. Collins,234399,A. Webster,0.36758838336870503,0.234087217872611,0.5995057149924427,0.4487594494370132,18,234399__479155
479155,N. Collins,549884,T. Harwood-Bellis,0.09173136557050955,0.2941108947151681,1.1092920762632386,0.4478776143129647,19,479155__549884
479155,N. Collins,349142,N. Mazraoui,0.11290141538567236,0.2766239010893184,0.9607735029430683,0.40965664603076096,20,349142__479155
479155,N. Collins,619747,L. Colwill,-0.13124748583613713,0.31991600333952536,1.3284571311184201,0.37964913009795787,21,479155__619747
479155,N. Collins,415953,Igor Julio,-0.0664310104537418,0.29442443322963824,1.1119549864149982,0.34600408845031716,22,415953__479155
479155,N. Collins,393247,I. Konaté,-0.06692933789276559,0.2891869899093395,1.0674729201193842,0.3301114524114868,23,393247__479155
479155,N. Collins,412968,M. Senesi,0.2861178726479624,0.19336092247589687,0.2536137098627219,0.2747414156731282,24,412968__479155
479155,N. Collins,777938,Dean Huijsen,0.04654484801384289,0.23988513502687864,0.6487479348047421,0.25731592839065764,25,479155__777938
479155,N. Collins,653730,A. Khusanov,-0.2756060369363765,0.2894762652507313,1.0699297610103595,0.1953314923449811,26,479155__653730
479155,N. Collins,386292,A. Disasi,0.18260319949168335,0.1891540345634307,0.2178842411932904,0.19495156408724582,27,386292__479155
479155,N. Collins,415917,Gabriel Magalhaes,-0.08570836379688451,0.24172304193259567,0.6643574396386023,0.17681466740553584,28,415917__479155
479155,N. Collins,270866,Diego Carlos,-0.3097997022683586,0.25432693704526715,0.7714034282437522,0.06862139341088011,29,270866__479155
479155,N. Collins,590703,I. Zabarnyi,-0.23548065189331308,0.23436567370692185,0.6018706648591478,0.05759230897004819,30,479155__590703
479155,N. Collins,8582,A. Cresswell,-0.2697287404252262,0.24096706939369975,0.6579368984439123,0.054954233178972245,31,8582__479155
479155,N. Collins,482177,J. Kiwior,-0.21173028446383774,0.21910808371940863,0.4722866125209648,0.027675629480843122,32,479155__482177
479155,N. Collins,447424,C. Bassey,-0.3744575820218532,0.21188953536017413,0.4109788470642785,-0.0995548318417071,33,447424__479155
479155,N. Collins,475597,S. Botman,-0.20857320176019511,0.1716602629423701,0.06930810176426064,-0.11131474552663559,34,475597__479155
479155,N. Collins,8136,J. Stephens,-0.23297184487966976,0.17605130053776566,0.10660156987071397,-0.11412114971703545,35,8136__479155
479155,N. Collins,71703,V. Lindelöf,-0.26882414379807906,0.17592633875302088,0.1055402584533871,-0.1377966030100659,36,71703__479155
479155,N. Collins,8135,L. Shaw,-0.40575339056305443,0.20060798716829167,0.315163667042463,-0.15343242040112334,37,8135__479155
479155,N. Collins,62126,M. Doherty,-0.42110661001225236,0.19822367735599922,0.29491351431458085,-0.17049956649786077,38,62126__479155
479155,N. Collins,240032,J. Bednarek,-0.3324421164852255,0.16460459443379327,0.009383689190285857,-0.21280308449879654,39,240032__479155
479155,N. Collins,15806,J. Vestergaard,-0.45210613390995535,0.18836738993200783,0.21120319922183386,-0.21994786731382912,40,15806__479155
479155,N. Collins,767087,A. Gray,-0.3507175853925427,0.16250418388692595,-0.008455282132162718,-0.23092577925140972,41,479155__767087
479155,N. Collins,50102,F. Schär,-0.5486824707487017,0.19921274740637793,0.30331377315488894,-0.250483785382445,42,50102__479155
479155,N. Collins,397074,M. Guéhi,-0.5324752549651821,0.18453445056399834,0.1786497083966307,-0.2835815177885477,43,397074__479155
479155,N. Collins,402884,K. Walker-Peters,-0.31031341664745243,0.1349215875219959,-0.2427166965430387,-0.28665456461090766,44,402884__479155
479155,N. Collins,412027,E. Konsa,-0.39837888180631525,0.14791650988571647,-0.13234967913798862,-0.3052686608724009,45,412027__479155
479155,N. Collins,594120,J. O'Brien,-0.37308649580665215,0.1349215875219959,-0.2427166965430387,-0.32745706606438746,46,479155__594120
479155,N. Collins,239411,T. Mings,-0.48051947975416454,0.15839460305671998,-0.043358313202287724,-0.32751307146100767,47,239411__479155
479155,N. Collins,627012,Murillo,-0.6517085522080516,0.18684818550280546,0.19830046252309755,-0.3542053970521494,48,479155__627012
479155,N. Collins,7953,C. Coady,-0.42979287081630624,0.1349215875219959,-0.2427166965430387,-0.3643162098206626,49,7953__479155
479155,N. Collins,769441,L. Yoro,-0.4292562997810562,0.12405694746562938,-0.3349910391392106,-0.3962634585564102,50,479155__769441
479155,N. Collins,557788,W. Fofana,-0.5947109200162547,0.1490892892203959,-0.12238916120490653,-0.42939830443228283,51,479155__557788
479155,N. Collins,623641,E. Agbadou,-0.6469649937868764,0.14976811791596611,-0.1166238094496542,-0.46134557926884867,52,479155__623641
479155,N. Collins,136441,B. Davies,-0.526152616306578,0.11207208942495721,-0.4367794915015538,-0.49487202262481955,53,136441__479155
479155,N. Collins,604320,J. Branthwaite,-0.608017474539754,0.12595044772765623,-0.31890937504562444,-0.5068296397168086,54,479155__604320
479155,N. Collins,496001,M. Kilman,-0.6591598480341628,0.10998464733135546,-0.4545083206109735,-0.5875318134360465,55,479155__496001
479155,N. Collins,520300,N. Wood,-0.7203257466551343,0.12177788849021182,-0.35434728726188347,-0.5922332858674965,56,479155__520300
479155,N. Collins,192792,D. Burn,-0.7947774775876734,0.12177788849021182,-0.35434728726188347,-0.6406269109736469,57,192792__479155
479155,N. Collins,558243,S. van den Berg,-0.8286252785399387,0.12177788849021182,-0.35434728726188347,-0.6626279815926194,58,479155__558243
479155,N. Collins,413002,K. Mavropanos,-0.6181101510042355,0.054148450262809046,-0.9287300482374934,-0.7268271150358758,59,413002__479155
479155,N. Collins,8360,C. Dawson,-0.6412076807393544,0.054148450262809046,-0.9287300482374934,-0.741840509363703,60,8360__479155
479155,N. Collins,285382,W. Faes,-0.6938811904696779,0.05863029147523577,-0.8906653770333363,-0.7627556557669584,61,285382__479155
479155,N. Collins,255738,J. Lerma,-0.9630225557454466,0.11382838233202125,-0.4218631415290861,-0.7736167607697204,62,255738__479155
479155,N. Collins,545267,R. Drăgușin,-0.7655772398346734,0.03862804395489126,-1.060546222676644,-0.8688163838293631,63,479155__545267
479155,N. Collins,399581,D. O'Shea,-0.8858224964281263,0.059350443035125745,-0.8845490665606746,-0.8853767959745182,64,399581__479155
479155,N. Collins,365443,M. de Ligt,-0.9114351417163966,0.055302902017900585,-0.9189251880481633,-0.9140566579325149,65,365443__479155
479155,N. Collins,8653,H. Maguire,-0.8553737606643477,0.041004751231024976,-1.0403606389563378,-0.9201191680665441,66,8653__479155
479155,N. Collins,620468,J. Greaves,-0.8798023000151607,0.042913602803011854,-1.0241485948384526,-0.9303235032033128,67,479155__620468
479155,N. Collins,590874,Toti,-0.7813746018691269,0.018805024981114693,-1.2289048645264322,-0.9380101937991838,68,479155__590874
479155,N. Collins,366217,K. Danso,-0.8159471678445196,0.013537091208536519,-1.2736458889122313,-0.9761417202182187,69,366217__479155
479155,N. Collins,327391,J. Bree,-0.836265986183847,0.01314369903178407,-1.276987003233919,-0.9905183421513721,70,327391__479155
479155,N. Collins,9433,J. Tarkowski,-0.9850790419247398,0.03631008058979165,-1.0802328891991342,-1.018382888470778,71,9433__479155
479155,N. Collins,501419,J. Todibo,-0.9637020102009803,0.01896597678456833,-1.2275378867180282,-1.0560445669819472,72,479155__501419
479155,N. Collins,364003,S. Bueno,-1.0199166290018828,0.030143341610314404,-1.1326075451786488,-1.059358449663751,73,364003__479155
479155,N. Collins,645877,Y. Mosquera,-0.9045878316042647,0.004379715002347387,-1.351420289623903,-1.060979191911138,74,479155__645877
479155,N. Collins,424241,N. Milenković,-1.0809574578566759,0.041004751231024976,-1.0403606389563378,-1.0667485712415574,75,424241__479155
479155,N. Collins,288080,C. Burgess,-1.1219613676904256,0.04487664705616696,-1.007476287517886,-1.0818915896300367,76,288080__479155
479155,N. Collins,286380,I. Diop,-0.926039068960272,0.0,-1.3886175939527636,-1.0879415527076441,77,286380__479155
479155,N. Collins,7919,M. Keane,-1.1464445760837751,0.04050782565410046,-1.044581071542419,-1.1107923494943006,78,7919__479155
479155,N. Collins,346131,T. Chalobah,-0.9801790591471323,0.0,-1.3886175939527636,-1.1231325463291033,79,346131__479155
479155,N. Collins,518805,L. Woolfenden,-0.9899255035969745,0.0,-1.3886175939527636,-1.1294677352215008,80,479155__518805
479155,N. Collins,504375,M. Lacroix,-1.0318558553593773,0.006864327515649884,-1.3303182572434686,-1.1363176960188093,81,479155__504375
479155,N. Collins,424806,E. Pinnock,-1.0531061274956892,0.0,-1.3886175939527636,-1.1705351407556652,82,424806__479155
479155,N. Collins,563725,Morato,-1.239368359271946,0.04050782565410046,-1.044581071542419,-1.1711928085666115,83,479155__563725
479155,N. Collins,583655,C. Okoli,-1.1137320889820272,0.0,-1.3886175939527636,-1.209942015721785,84,479155__583655
479155,N. Collins,534563,C. Richards,-1.2824934116704259,0.0,-1.3886175939527636,-1.319636875469244,85,479155__534563
479155,N. Collins,488709,L. Thomas,-1.3137417381310397,0.0,-1.3886175939527636,-1.339948287668643,86,479155__488709
479155,N. Collins,508021,Jorge Cuenca,-1.4239694132011018,0.0,-1.3886175939527636,-1.4115962764641834,87,479155__508021
482177,J. Kiwior,568412,J. Gvardiol,1.7966403031312617,0.20904043433396022,1.7384247042337013,1.7762648435171156,1,482177__568412
482177,J. Kiwior,145787,J. Andersen,1.2053242407204425,0.20904043433396022,1.7384247042337013,1.3919094029500831,2,145787__482177
482177,J. Kiwior,590781,J. van Hecke,1.0422908117345209,0.20904043433396022,1.7384247042337013,1.2859376741092339,3,482177__590781
482177,J. Kiwior,257899,J. Gomez,1.0219357056167555,0.20904043433396022,1.7384247042337013,1.2727068551326866,4,257899__482177
482177,J. Kiwior,258154,Rúben Dias,1.1087406300371119,0.17620780035985123,1.3145702100458658,1.1807809830401759,5,258154__482177
482177,J. Kiwior,622200,J. Quansah,0.636349497214818,0.20904043433396022,1.7384247042337013,1.0220758196714272,6,482177__622200
482177,J. Kiwior,412968,M. Senesi,0.8278106554086981,0.17482839784336238,1.2967627457903674,0.9919438870422823,7,412968__482177
482177,J. Kiwior,777938,Dean Huijsen,0.5896899055620164,0.20904043433396022,1.7384247042337013,0.9917470850971061,8,482177__777938
482177,J. Kiwior,234399,A. Webster,0.813745523064739,0.17482839784336238,1.2967627457903674,0.9828015510187089,9,234399__482177
482177,J. Kiwior,415847,C. Romero,0.8106319688492052,0.17482839784336238,1.2967627457903674,0.980777740778612,10,415847__482177
482177,J. Kiwior,370,V. van Dijk,0.9207586447699724,0.15693373389433063,1.0657507062823803,0.9715058662993152,11,370__482177
482177,J. Kiwior,549884,T. Harwood-Bellis,0.5382371791408365,0.20904043433396022,1.7384247042337013,0.9583028129233391,12,482177__549884
482177,J. Kiwior,349142,N. Mazraoui,0.6005756753988974,0.18085013327683283,1.3745006339019121,0.8714494108749525,13,349142__482177
482177,J. Kiwior,590703,I. Zabarnyi,0.3388866208059127,0.20904043433396022,1.7384247042337013,0.8287249500056386,14,482177__590703
482177,J. Kiwior,8582,A. Cresswell,0.32696112571362734,0.20904043433396022,1.7384247042337013,0.8209733781956532,15,8582__482177
482177,J. Kiwior,297957,M. Akanji,1.0938839227594324,0.09422200945054383,0.2561706322399192,0.8006842710776028,16,297957__482177
482177,J. Kiwior,8135,L. Shaw,0.28152743186453616,0.20904043433396022,1.7384247042337013,0.7914414771937439,17,8135__482177
482177,J. Kiwior,415953,Igor Julio,0.3583192392426572,0.1832030641152185,1.4048759096458372,0.7246140738837702,18,415953__482177
482177,J. Kiwior,619747,L. Colwill,0.32389881130303033,0.17482839784336238,1.2967627457903674,0.6644011883735983,19,482177__619747
482177,J. Kiwior,625787,M. van de Ven,0.33656773697125014,0.15916653946439482,1.0945752189993811,0.6018703556810959,20,482177__625787
482177,J. Kiwior,400549,Pau Torres,0.33046106259311425,0.1573409228769526,1.071007332369833,0.5896522570149658,21,400549__482177
482177,J. Kiwior,9097,L. Dunk,0.6478466185409963,0.10466058647659565,0.39092795292600724,0.5579250855757502,22,9097__482177
482177,J. Kiwior,397074,M. Guéhi,0.13936591831786183,0.15946336399524835,1.0984070897986193,0.47503032833612696,23,397074__482177
482177,J. Kiwior,653730,A. Khusanov,0.21273073180752528,0.14510594852124425,0.9130593324917444,0.45784574204700196,24,482177__653730
482177,J. Kiwior,50102,F. Schär,0.07762897289600781,0.16278487173707873,1.141286256452281,0.4499090221407034,25,50102__482177
482177,J. Kiwior,62126,M. Doherty,0.17867538338624211,0.1319926679062992,0.7437727950006104,0.376459477451271,26,62126__482177
482177,J. Kiwior,447424,C. Bassey,0.1757748238724513,0.13035543948310468,0.7226369145917985,0.3671765556242228,27,447424__482177
482177,J. Kiwior,255738,J. Lerma,-0.1693663860976075,0.17482839784336238,1.2967627457903674,0.34377881006318367,28,255738__482177
482177,J. Kiwior,488453,L. Martínez,0.35446365987285616,0.09838942457677585,0.30997008164725975,0.33889090749389744,29,482177__488453
482177,J. Kiwior,627012,Murillo,-0.0006101349900330261,0.14839273201520362,0.9554902247690942,0.33402499092566146,30,482177__627012
482177,J. Kiwior,134102,N. Aké,0.763344324447565,0.03421203649059785,-0.5185310488747124,0.31468794378476794,31,134102__482177
482177,J. Kiwior,283145,T. Adarabioyo,0.366108066252128,0.08474139406197387,0.13378016416841002,0.2847933005228267,32,283145__482177
482177,J. Kiwior,270866,Diego Carlos,0.23028876974205154,0.09572813291180587,0.2756140067301006,0.2461526026878687,33,270866__482177
482177,J. Kiwior,604320,J. Branthwaite,0.06591175367314138,0.11280674869587215,0.49609123253818455,0.21647457127590647,34,482177__604320
482177,J. Kiwior,623641,E. Agbadou,0.058583712011310934,0.11362519290021861,0.5066569780256709,0.2154093551163369,35,482177__623641
482177,J. Kiwior,578325,W. Saliba,0.5785541674730621,0.03421203649059785,-0.5185310488747124,0.19457434175134106,36,482177__578325
482177,J. Kiwior,386292,A. Disasi,0.5098390966613706,0.03421203649059785,-0.5185310488747124,0.14990954572374163,37,386292__482177
482177,J. Kiwior,475597,S. Botman,0.3292592760559549,0.04308965971173115,-0.4039249376820828,0.07264480124764172,38,475597__482177
482177,J. Kiwior,9380,J. Stones,0.37814984983754835,0.03421203649059785,-0.5185310488747124,0.06431153528825712,39,9380__482177
482177,J. Kiwior,393247,I. Konaté,0.2402816912527047,0.04715026587853795,-0.3515043437606471,0.03315657899803158,40,393247__482177
482177,J. Kiwior,136441,B. Davies,0.07485537434409509,0.06629552820494573,-0.10434764333106435,0.012134318157789287,41,136441__482177
482177,J. Kiwior,8136,J. Stephens,0.10640380111185177,0.03421203649059785,-0.5185310488747124,-0.11232339638344566,42,8136__482177
482177,J. Kiwior,71703,V. Lindelöf,0.10195337923800149,0.03421203649059785,-0.5185310488747124,-0.11521617060144834,43,71703__482177
482177,J. Kiwior,239411,T. Mings,0.08898389828033326,0.03421203649059785,-0.5185310488747124,-0.12364633322393268,44,239411__482177
482177,J. Kiwior,240032,J. Bednarek,0.07220945731286207,0.03421203649059785,-0.5185310488747124,-0.13454971985278896,45,240032__482177
482177,J. Kiwior,415917,Gabriel Magalhaes,0.2349085601238708,0.00698742189812545,-0.8699885425576971,-0.15180542581467793,46,415917__482177
482177,J. Kiwior,15806,J. Vestergaard,0.03683622994538782,0.03421203649059785,-0.5185310488747124,-0.15754231764164722,47,15806__482177
482177,J. Kiwior,413002,K. Mavropanos,0.032163421840255474,0.03421203649059785,-0.5185310488747124,-0.16057964290998325,48,413002__482177
482177,J. Kiwior,399581,D. O'Shea,-0.1189793579510565,0.05543933032304963,-0.24449626088220916,-0.16291027397695992,49,399581__482177
482177,J. Kiwior,8360,C. Dawson,0.02093329709340376,0.03421203649059785,-0.5185310488747124,-0.16787922399543687,50,8360__482177
482177,J. Kiwior,412027,E. Konsa,0.03183998431744202,0.02613862139550467,-0.6227551959290615,-0.1972683287688342,51,412027__482177
482177,J. Kiwior,496001,M. Kilman,-0.033015627951796744,0.03421203649059785,-0.5185310488747124,-0.2029460252748172,52,482177__496001
482177,J. Kiwior,8653,H. Maguire,-0.12790116314508812,0.03421203649059785,-0.5185310488747124,-0.26462162315045656,53,8653__482177
482177,J. Kiwior,594120,J. O'Brien,0.0824382964348386,0.0,-0.9601930073180465,-0.28248265987867116,54,482177__594120
482177,J. Kiwior,769441,L. Yoro,0.039029652489767475,0.002279058975417566,-0.9307713840023047,-0.30040071028245774,55,482177__769441
482177,J. Kiwior,767087,A. Gray,0.054719285976487314,0.0,-0.9601930073180465,-0.30050001667659954,56,482177__767087
482177,J. Kiwior,9433,J. Tarkowski,-0.21051311936148287,0.03421203649059785,-0.5185310488747124,-0.31831939469111314,57,9433__482177
482177,J. Kiwior,545267,R. Drăgușin,-0.07093943681333977,0.013503210390924865,-0.785872652311783,-0.32116606223779487,58,482177__545267
482177,J. Kiwior,590874,Toti,-0.06247689036806709,0.01116871080351425,-0.8160099889197421,-0.3262134748611533,59,482177__590874
482177,J. Kiwior,288080,C. Burgess,-0.33130459717659305,0.04487664705616696,-0.38085573715454707,-0.3486474961688769,60,288080__482177
482177,J. Kiwior,402884,K. Walker-Peters,-0.03649683749013918,0.0,-0.9601930073180465,-0.3597904969299067,61,402884__482177
482177,J. Kiwior,285382,W. Faes,-0.09805298540826524,0.005015891135368755,-0.8954401153703736,-0.3771384808950032,62,285382__482177
482177,J. Kiwior,7953,C. Coady,-0.07864736080849472,0.0,-0.9601930073180465,-0.3871883370868378,63,7953__482177
482177,J. Kiwior,557788,W. Fofana,-0.09071743958668108,0.0,-0.9601930073180465,-0.39503388829265895,64,482177__557788
482177,J. Kiwior,424241,N. Milenković,-0.34003445737375404,0.03421203649059785,-0.5185310488747124,-0.40250826439908943,65,424241__482177
482177,J. Kiwior,366217,K. Danso,-0.14357648203945647,0.0,-0.9601930073180465,-0.429392265886963,66,366217__482177
482177,J. Kiwior,286380,I. Diop,-0.16582842300564732,0.0,-0.9601930073180465,-0.44385602751498704,67,286380__482177
482177,J. Kiwior,7919,M. Keane,-0.4055215756008531,0.03421203649059785,-0.5185310488747124,-0.44507489124670385,68,7919__482177
482177,J. Kiwior,504375,M. Lacroix,-0.2434834583840016,0.006864327515649884,-0.8715776355090175,-0.4633164203777571,69,482177__504375
482177,J. Kiwior,346131,T. Chalobah,-0.2074121897814756,0.0,-0.9601930073180465,-0.47088547591927543,70,346131__482177
482177,J. Kiwior,645877,Y. Mosquera,-0.209064459111916,0.0,-0.9601930073180465,-0.47195945098406167,71,482177__645877
482177,J. Kiwior,479155,N. Collins,-0.21173028446383774,0.0,-0.9601930073180465,-0.4736922374628108,72,479155__482177
482177,J. Kiwior,620468,J. Greaves,-0.21629686845281096,0.0,-0.9601930073180465,-0.4766605170556434,73,482177__620468
482177,J. Kiwior,327391,J. Bree,-0.2234722328079104,0.0,-0.9601930073180465,-0.48132450388645803,74,327391__482177
482177,J. Kiwior,192792,D. Burn,-0.25281894222333307,0.0,-0.9601930073180465,-0.5003998650064827,75,192792__482177
482177,J. Kiwior,563725,Morato,-0.4984453587890241,0.03421203649059785,-0.5185310488747124,-0.5054753503190149,76,482177__563725
482177,J. Kiwior,520300,N. Wood,-0.3012177271002661,0.0,-0.9601930073180465,-0.5318590751764892,77,482177__520300
482177,J. Kiwior,583655,C. Okoli,-0.3222019982353121,0.0,-0.9601930073180465,-0.5454988514142691,78,482177__583655
482177,J. Kiwior,424806,E. Pinnock,-0.3266373543015967,0.0,-0.9601930073180465,-0.5483818328573541,79,424806__482177
482177,J. Kiwior,518805,L. Woolfenden,-0.32672253793860684,0.0,-0.9601930073180465,-0.5484372022214107,80,482177__518805
482177,J. Kiwior,501419,J. Todibo,-0.33299253875296436,0.0,-0.9601930073180465,-0.552512702750743,81,482177__501419
482177,J. Kiwior,365443,M. de Ligt,-0.334651518560745,0.0,-0.9601930073180465,-0.5535910396258005,82,365443__482177
482177,J. Kiwior,558243,S. van den Berg,-0.34487321360480405,0.0,-0.9601930073180465,-0.5602351414044389,83,482177__558243
482177,J. Kiwior,364003,S. Bueno,-0.3918831156765861,0.0,-0.9601930073180465,-0.5907915777510973,84,364003__482177
482177,J. Kiwior,534563,C. Richards,-0.4888372420225869,0.0,-0.9601930073180465,-0.6538117598759978,85,482177__534563
482177,J. Kiwior,488709,L. Thomas,-0.5979419883276123,0.0,-0.9601930073180465,-0.7247298449742643,86,482177__488709
482177,J. Kiwior,508021,Jorge Cuenca,-0.635384827598652,0.0,-0.9601930073180465,-0.7490676905004401,87,482177__508021
488453,L. Martínez,568412,J. Gvardiol,1.8894250959291072,0.11044352076398056,1.8865121733775265,1.8884055730360538,1,488453__568412
488453,L. Martínez,145787,J. Andersen,1.2531929318668427,0.11637229547990613,2.0424251391016583,1.529424204399028,2,145787__488453
488453,L. Martínez,258154,Rúben Dias,1.213047243029156,0.11637229547990613,2.0424251391016583,1.5033295066545316,3,258154__488453
488453,L. Martínez,590781,J. van Hecke,1.095280518957789,0.11637229547990613,2.0424251391016583,1.4267811360081433,4,488453__590781
488453,L. Martínez,257899,J. Gomez,1.0759313862552213,0.11637229547990613,2.0424251391016583,1.4142041997514743,5,257899__488453
488453,L. Martínez,370,V. van Dijk,1.0135434375678178,0.11399621206237182,1.979939679595061,1.351782122277353,6,370__488453
488453,L. Martínez,297957,M. Akanji,1.211224797756346,0.0828533063132372,1.1609537964627707,1.1936299473035945,7,297957__488453
488453,L. Martínez,777938,Dean Huijsen,0.6896075309340607,0.11637229547990613,2.0424251391016583,1.1630936937927199,8,488453__777938
488453,L. Martínez,549884,T. Harwood-Bellis,0.5985760605033196,0.11637229547990613,2.0424251391016583,1.1039232380127382,9,488453__549884
488453,L. Martínez,134102,N. Aké,0.9333343629666715,0.0828533063132372,1.1609537964627707,1.013001164690306,10,134102__488453
488453,L. Martínez,590703,I. Zabarnyi,0.4388042461779573,0.11637229547990613,2.0424251391016583,1.0000715587012525,11,488453__590703
488453,L. Martínez,622200,J. Quansah,0.7196005886319814,0.08357098389052176,1.1798270451304216,0.8806798484064355,12,488453__622200
488453,L. Martínez,400549,Pau Torres,0.42157301774760353,0.10424102531111072,1.723400989822223,0.8772128079737203,13,400549__488453
488453,L. Martínez,412968,M. Senesi,0.9240335094887696,0.0663203007560533,0.7261742589927459,0.8547827718151613,14,412968__488453
488453,L. Martínez,9380,J. Stones,0.6702161194180868,0.0828533063132372,1.1609537964627707,0.8419743063837262,15,9380__488453
488453,L. Martínez,234399,A. Webster,0.8978006678440132,0.0663203007560533,0.7261742589927459,0.8377314247460697,16,234399__488453
488453,L. Martínez,8582,A. Cresswell,0.4145198508344185,0.09972604405289562,1.6046674990275245,0.8310715277020055,17,8582__488453
488453,L. Martínez,415847,C. Romero,0.8802634724627331,0.0663203007560533,0.7261742589927459,0.8263322477482375,18,415847__488453
488453,L. Martínez,349142,N. Mazraoui,0.6551850068605605,0.0663203007560533,0.7261742589927459,0.6800312451068253,19,349142__488453
488453,L. Martínez,578325,W. Saliba,0.8387537478948281,0.05005199472385283,0.2983557024915337,0.6496144320036752,20,488453__578325
488453,L. Martínez,8135,L. Shaw,0.3280108385935922,0.08357098389052176,1.1798270451304216,0.6261465108814825,21,8135__488453
488453,L. Martínez,386292,A. Disasi,0.7460714901614962,0.05005199472385283,0.2983557024915337,0.5893709644770093,22,386292__488453
488453,L. Martínez,9097,L. Dunk,0.7205743058457019,0.045883106411381866,0.18872365005006275,0.5344265763172282,23,9097__488453
488453,L. Martínez,475597,S. Botman,0.4685814745122191,0.05005199472385283,0.2983557024915337,0.4090024543049792,24,475597__488453
488453,L. Martínez,8136,J. Stephens,0.43895639502764805,0.05005199472385283,0.2983557024915337,0.389746152640008,25,8136__488453
488453,L. Martínez,50102,F. Schär,0.20852466827372657,0.0663203007560533,0.7261742589927459,0.3897020250253833,26,50102__488453
488453,L. Martínez,71703,V. Lindelöf,0.43835358175854167,0.05005199472385283,0.2983557024915337,0.38935432401508885,27,71703__488453
488453,L. Martínez,240032,J. Bednarek,0.40860965983340225,0.05005199472385283,0.2983557024915337,0.37002077476374823,28,240032__488453
488453,L. Martínez,415953,Igor Julio,0.4139097417565526,0.04480022325518228,0.1602463452939436,0.32512755299463947,29,415953__488453
488453,L. Martínez,270866,Diego Carlos,0.3072414530266308,0.05005199472385283,0.2983557024915337,0.3041314403393468,30,270866__488453
488453,L. Martínez,15806,J. Vestergaard,0.2664621270175964,0.05005199472385283,0.2983557024915337,0.2776248784334745,31,15806__488453
488453,L. Martínez,239411,T. Mings,0.2622464434137635,0.05005199472385283,0.2983557024915337,0.2748846840909831,32,239411__488453
488453,L. Martínez,413002,K. Mavropanos,0.2383780152238421,0.05005199472385283,0.2983557024915337,0.25937020576753417,33,413002__488453
488453,L. Martínez,8360,C. Dawson,0.2276240549314353,0.05005199472385283,0.2983557024915337,0.25238013157746975,34,8360__488453
488453,L. Martínez,625787,M. van de Ven,0.46171383362714896,0.03351898916666892,-0.13642383497849117,0.2523656496151749,35,488453__625787
488453,L. Martínez,283145,T. Adarabioyo,0.46235498259206076,0.029344056721446538,-0.24621483403332783,0.21435554677317475,36,283145__488453
488453,L. Martínez,619747,L. Colwill,0.38487907941316546,0.03351898916666892,-0.13642383497849117,0.20242305937608565,37,488453__619747
488453,L. Martínez,415917,Gabriel Magalhaes,0.39164923587202755,0.03280131158938438,-0.15529708364614173,0.2002180240406683,38,415917__488453
488453,L. Martínez,8653,H. Maguire,0.12992420006240923,0.05005199472385283,0.2983557024915337,0.1888752259126028,39,8653__488453
488453,L. Martínez,393247,I. Konaté,0.356985747461324,0.03193739381968621,-0.17801610875154947,0.16973509778681828,40,393247__488453
488453,L. Martínez,482177,J. Kiwior,0.35446365987285616,0.03204342045267749,-0.1752278552611596,0.16907162957595065,41,482177__488453
488453,L. Martínez,653730,A. Khusanov,0.29185366258213324,0.03351898916666892,-0.13642383497849117,0.14195653843591471,42,488453__653730
488453,L. Martínez,62126,M. Doherty,0.2540635988856105,0.03411213450836157,-0.1208254940463687,0.12285241635941777,43,62126__488453
488453,L. Martínez,447424,C. Bassey,0.2599590213208114,0.03351898916666892,-0.13642383497849117,0.1212250216160555,44,447424__488453
488453,L. Martínez,496001,M. Kilman,0.18107444277106508,0.03637772590303306,-0.06124571738299474,0.09626238671714415,45,488453__496001
488453,L. Martínez,397074,M. Guéhi,0.2189015058849161,0.03351898916666892,-0.13642383497849117,0.09453763658272357,46,397074__488453
488453,L. Martínez,627012,Murillo,0.0743822350474319,0.042214859203787744,0.09225729257336804,0.08063850518150954,47,488453__627012
488453,L. Martínez,424241,N. Milenković,-0.057814920966490935,0.05005199472385283,0.2983557024915337,0.06684479724381769,48,424241__488453
488453,L. Martínez,412027,E. Konsa,0.3682401868379822,0.019327988473326993,-0.5096140995282447,0.06099118660980282,49,412027__488453
488453,L. Martínez,604320,J. Branthwaite,0.15008898848415267,0.026225206517452967,-0.3282333299710737,-0.017323822975176553,50,488453__604320
488453,L. Martínez,623641,E. Agbadou,0.14443505431865405,0.02204640124562044,-0.4381261753451677,-0.05946137606368353,51,488453__623641
488453,L. Martínez,399581,D. O'Shea,0.010736541023550886,0.031312516280496284,-0.19444893256720172,-0.06107837473321252,52,399581__488453
488453,L. Martínez,9433,J. Tarkowski,0.010135731096350103,0.029499447667613973,-0.2421284140857854,-0.07815671971739731,53,9433__488453
488453,L. Martínez,255738,J. Lerma,-0.06246417325389361,0.03351898916666892,-0.13642383497849117,-0.08835005485750276,54,255738__488453
488453,L. Martínez,7919,M. Keane,-0.12330203919359012,0.03369719273192278,-0.13173749628413828,-0.12625444917528197,55,7919__488453
488453,L. Martínez,767087,A. Gray,0.34540204614554326,0.0,-1.0178951776173788,-0.1317519821714794,56,488453__767087
488453,L. Martínez,594120,J. O'Brien,0.3170395776978159,0.0,-1.0178951776173788,-0.1501875866625022,57,488453__594120
488453,L. Martínez,402884,K. Walker-Peters,0.31642165388275223,0.0,-1.0178951776173788,-0.15058923714229358,58,402884__488453
488453,L. Martínez,563725,Morato,-0.2162258223817607,0.03369719273192278,-0.13173749628413828,-0.18665490824759284,59,488453__563725
488453,L. Martínez,769441,L. Yoro,0.24674557537625139,0.0,-1.0178951776173788,-0.19587868817151913,60,488453__769441
488453,L. Martínez,7953,C. Coady,0.23419390968652232,0.0,-1.0178951776173788,-0.20403727086984302,61,7953__488453
488453,L. Martínez,136441,B. Davies,0.19083914644559247,0.0,-1.0178951776173788,-0.23221786697644742,62,136441__488453
488453,L. Martínez,285382,W. Faes,0.1406025066706369,0.0,-1.0178951776173788,-0.26487168283016854,63,285382__488453
488453,L. Martínez,557788,W. Fofana,0.11315950909302316,0.0,-1.0178951776173788,-0.2827096312556175,64,488453__557788
488453,L. Martínez,590874,Toti,0.10697300834605393,0.0,-1.0178951776173788,-0.2867308567411475,65,488453__590874
488453,L. Martínez,545267,R. Drăgușin,0.09669455094394036,0.0,-1.0178951776173788,-0.2934118540525213,66,488453__545267
488453,L. Martínez,520300,N. Wood,0.06709231822652292,0.0,-1.0178951776173788,-0.3126533053188426,67,488453__520300
488453,L. Martínez,286380,I. Diop,0.06673431626360411,0.0,-1.0178951776173788,-0.31288600659473986,68,286380__488453
488453,L. Martínez,327391,J. Bree,0.06672476430091487,0.0,-1.0178951776173788,-0.3128922153704879,69,327391__488453
488453,L. Martínez,479155,N. Collins,0.05494969825722061,0.0,-1.0178951776173788,-0.32054600829888913,70,479155__488453
488453,L. Martínez,620468,J. Greaves,0.05242713297343134,0.0,-1.0178951776173788,-0.32218567573335216,71,488453__620468
488453,L. Martínez,366217,K. Danso,0.045450850628144746,0.0,-1.0178951776173788,-0.32672025925778847,72,366217__488453
488453,L. Martínez,645877,Y. Mosquera,0.04219423637610398,0.0,-1.0178951776173788,-0.32883705852161493,73,488453__645877
488453,L. Martínez,346131,T. Chalobah,0.04210243155518893,0.0,-1.0178951776173788,-0.3288967316552097,74,346131__488453
488453,L. Martínez,192792,D. Burn,0.035653198517587116,0.0,-1.0178951776173788,-0.3330887331296509,75,192792__488453
488453,L. Martínez,501419,J. Todibo,-0.018863159539452504,0.0,-1.0178951776173788,-0.36852436586672666,76,488453__501419
488453,L. Martínez,365443,M. de Ligt,-0.020522139347232984,0.0,-1.0178951776173788,-0.369602702741784,77,365443__488453
488453,L. Martínez,424806,E. Pinnock,-0.024538125587336902,0.0,-1.0178951776173788,-0.3722130937978515,78,424806__488453
488453,L. Martínez,518805,L. Woolfenden,-0.028867178556281813,0.0,-1.0178951776173788,-0.37502697822766573,79,488453__518805
488453,L. Martínez,558243,S. van den Berg,-0.03299919429263712,0.0,-1.0178951776173788,-0.3777127884562967,80,488453__558243
488453,L. Martínez,583655,C. Okoli,-0.053395936613129885,0.0,-1.0178951776173788,-0.39097067096461696,81,488453__583655
488453,L. Martínez,504375,M. Lacroix,-0.07384827275376557,5.369459347220468e-05,-1.016483134874531,-0.4037704744960334,82,488453__504375
488453,L. Martínez,364003,S. Bueno,-0.07775373646307417,0.0,-1.0178951776173788,-0.40680324086708075,83,364003__488453
488453,L. Martínez,288080,C. Burgess,-0.18807471199504394,0.0,-1.0178951776173788,-0.4785118749628611,84,288080__488453
488453,L. Martínez,534563,C. Richards,-0.2323952233557719,0.0,-1.0178951776173788,-0.5073202073473343,85,488453__534563
488453,L. Martínez,488709,L. Thomas,-0.2838126091141002,0.0,-1.0178951776173788,-0.5407415080902477,86,488453__488709
488453,L. Martínez,508021,Jorge Cuenca,-0.36363326083220443,0.0,-1.0178951776173788,-0.5926249317070154,87,488453__508021
488709,L. Thomas,568412,J. Gvardiol,1.237469955592162,1.1136297922780902,2.8451651107820237,1.8001632599086137,1,488709__568412
488709,L. Thomas,297957,M. Akanji,0.5347135752203325,1.0381152285426622,2.5728997811550505,1.2480787472974837,2,297957__488709
488709,L. Thomas,258154,Rúben Dias,0.5495702824980119,0.8474558159906874,1.8854834042715163,1.0171398751187384,3,258154__488709
488709,L. Thomas,370,V. van Dijk,0.3615882972308724,0.8752238291126085,1.9856000820585198,0.929992421920549,4,370__488709
488709,L. Thomas,134102,N. Aké,0.20417397690846506,0.9018492766596561,2.081597276430996,0.8612721317413508,5,134102__488709
488709,L. Thomas,590781,J. van Hecke,0.32601191448019184,0.7891239554561588,1.6751697581272946,0.7982171597566777,6,488709__590781
488709,L. Thomas,578325,W. Saliba,-0.012946186778622026,0.9081714320761428,2.104391604349693,0.7281220401162882,7,488709__578325
488709,L. Thomas,145787,J. Andersen,0.2843375062882654,0.5967361752583127,0.9815218073122949,0.5283520116466757,8,145787__488709
488709,L. Thomas,257899,J. Gomez,0.24046943853366376,0.6088477569445429,1.0251897253533602,0.5151215389205575,9,257899__488709
488709,L. Thomas,386292,A. Disasi,-0.14430036877237368,0.7876640110710444,1.669905975625116,0.4906718517667477,10,386292__488709
488709,L. Thomas,622200,J. Quansah,-0.10402160264934979,0.7453277330549163,1.5172638875422773,0.4634283189177197,11,488709__622200
488709,L. Thomas,9097,L. Dunk,0.05073865014318624,0.605211241587326,1.012078386249355,0.38720755778034527,12,9097__488709
488709,L. Thomas,415847,C. Romero,0.05943362320547019,0.5568582515380665,0.8377432365378952,0.3318419878718189,13,415847__488709
488709,L. Thomas,234399,A. Webster,0.027850610273237097,0.5664869252108161,0.8724591096318138,0.32346358504873896,14,234399__488709
488709,L. Thomas,9380,J. Stones,-0.28979899050722635,0.6215604802796898,1.0710250402659516,0.1864894202633859,15,9380__488709
488709,L. Thomas,283145,T. Adarabioyo,-0.23701616998423536,0.5563334657116741,0.8358511381274895,0.1384873878548683,16,283145__488709
488709,L. Thomas,488453,L. Martínez,-0.2838126091141002,0.5327622460245681,0.7508658640245437,0.07832485648442511,17,488453__488709
488709,L. Thomas,625787,M. van de Ven,-0.36694631787436205,0.5558590390350994,0.8341406080112856,0.053434106185614644,18,488709__625787
488709,L. Thomas,549884,T. Harwood-Bellis,-0.2470309418008112,0.4915178727205911,0.6021606032458613,0.05018609896552417,19,488709__549884
488709,L. Thomas,349142,N. Mazraoui,-0.31343780413482536,0.47929890060030533,0.5581054924504371,-0.00839765032998352,20,349142__488709
488709,L. Thomas,777938,Dean Huijsen,-0.43400863772243364,0.5000453278502592,0.6329060683179063,-0.0605884906083147,21,488709__777938
488709,L. Thomas,415953,Igor Julio,-0.40519331782506274,0.4644974041562281,0.5047391733065113,-0.08671694592901186,22,415953__488709
488709,L. Thomas,412968,M. Senesi,-0.3993633032168113,0.4574099486009343,0.47918558036330966,-0.091871193963769,23,412968__488709
488709,L. Thomas,400549,Pau Torres,-0.37743819613466667,0.41774769535020395,0.33618460252686655,-0.12767021660313005,24,400549__488709
488709,L. Thomas,71703,V. Lindelöf,-0.718610059537766,0.5740931018979403,0.8998829349243287,-0.15213751147603288,25,71703__488709
488709,L. Thomas,8136,J. Stephens,-0.5849289167867424,0.5045940506233908,0.6493063419068188,-0.15294657624399602,26,8136__488709
488709,L. Thomas,393247,I. Konaté,-0.4056916452640863,0.40189109415067525,0.2790141371385098,-0.1660446214231777,27,393247__488709
488709,L. Thomas,619747,L. Colwill,-0.5061419392670573,0.42075392196438766,0.34702345584940925,-0.20753405097629404,28,488709__619747
488709,L. Thomas,415917,Gabriel Magalhaes,-0.4244706711682055,0.36410425038822786,0.1427748878648096,-0.22593472550665028,29,415917__488709
488709,L. Thomas,482177,J. Kiwior,-0.5979419883276123,0.42520299148514673,0.3630644328435529,-0.2615897409177045,30,482177__488709
488709,L. Thomas,475597,S. Botman,-0.6000897552993647,0.4018164598063105,0.27874504541149986,-0.2924975750505621,31,475597__488709
488709,L. Thomas,240032,J. Bednarek,-0.9246409037573557,0.5619478252252453,0.856093530693808,-0.3013838516994485,32,240032__488709
488709,L. Thomas,767087,A. Gray,-0.7428835603367836,0.445254787117126,0.4353605367643949,-0.33049812635137116,33,488709__767087
488709,L. Thomas,402884,K. Walker-Peters,-0.801482060333813,0.46032056471895605,0.489679713118512,-0.3495754396254993,34,402884__488709
488709,L. Thomas,590703,I. Zabarnyi,-0.6903772094494233,0.40302660014149677,0.2831081674499023,-0.3496573275346594,35,488709__590703
488709,L. Thomas,412027,E. Konsa,-0.8617459526899737,0.4775638309493759,0.5518497546553919,-0.3669874551190957,36,412027__488709
488709,L. Thomas,8582,A. Cresswell,-0.7049843510082305,0.38091364432663133,0.20338061681404454,-0.3870566122704343,37,8582__488709
488709,L. Thomas,653730,A. Khusanov,-0.6830573890497199,0.3551023005525372,0.11031864739857578,-0.40537577629281646,38,488709__653730
488709,L. Thomas,594120,J. O'Brien,-0.8225881709408107,0.4237545870454642,0.3578422572432941,-0.40943752107637404,39,488709__594120
488709,L. Thomas,7953,C. Coady,-0.7959114450266208,0.384295500268938,0.21557378959206702,-0.44189161291008006,40,7953__488709
488709,L. Thomas,270866,Diego Carlos,-0.6378872035693113,0.28495742551531167,-0.14258644241383045,-0.464531937164893,41,270866__488709
488709,L. Thomas,15806,J. Vestergaard,-0.7604614179293183,0.29217976252608124,-0.11654653872315032,-0.5350912102071596,42,15806__488709
488709,L. Thomas,8135,L. Shaw,-0.9010419376449731,0.3406701780816753,0.058284094229296354,-0.5652778264889788,43,8135__488709
488709,L. Thomas,769441,L. Yoro,-0.7778780392063434,0.25243128097791356,-0.25985840991133413,-0.5965711689530901,44,488709__769441
488709,L. Thomas,62126,M. Doherty,-0.7598689173835733,0.24217736423916691,-0.29682857676052193,-0.5978047981655054,45,62126__488709
488709,L. Thomas,447424,C. Bassey,-0.7521935266643001,0.22841659251125757,-0.34644259642893,-0.6101807010819206,46,447424__488709
488709,L. Thomas,239411,T. Mings,-0.7979347605182716,0.19139278809638438,-0.4799307318881677,-0.6866333504977352,47,239411__488709
488709,L. Thomas,397074,M. Guéhi,-0.965297790926894,0.19990958170422746,-0.4492237065899945,-0.7846718614089792,48,397074__488709
488709,L. Thomas,8360,C. Dawson,-0.9596490731676917,0.1802397241757055,-0.5201427449688937,-0.8058218582981125,49,8360__488709
488709,L. Thomas,413002,K. Mavropanos,-0.9271453574665858,0.15805992181350906,-0.6001113086801532,-0.8126834403913343,50,413002__488709
488709,L. Thomas,520300,N. Wood,-1.3737078480757519,0.36658456613604573,0.15171758648152406,-0.8398089459807053,51,488709__520300
488709,L. Thomas,557788,W. Fofana,-1.0910845284341144,0.21939424610647468,-0.3789723760687015,-0.84184527510622,52,488709__557788
488709,L. Thomas,136441,B. Davies,-0.8840855688638809,0.11207208942495721,-0.7659189585523969,-0.8427272552548615,53,136441__488709
488709,L. Thomas,604320,J. Branthwaite,-1.0911120179686908,0.1857591164930718,-0.5002427535726206,-0.8843077754300663,54,488709__604320
488709,L. Thomas,496001,M. Kilman,-0.9675151320535258,0.11216825492554122,-0.765572236934472,-0.8968351187618571,55,488709__496001
488709,L. Thomas,285382,W. Faes,-1.0096965488199088,0.11442515759128154,-0.7574350469961622,-0.9214050231815974,56,285382__488709
488709,L. Thomas,623641,E. Agbadou,-1.0992489430555814,0.14976811791596611,-0.6300071408175982,-0.9350143122722874,57,488709__623641
488709,L. Thomas,50102,F. Schär,-1.2372831508398794,0.20907856267782157,-0.41616524073080746,-0.9498918823017042,58,50102__488709
488709,L. Thomas,627012,Murillo,-1.3795867304080773,0.22826549949408015,-0.3469873574404651,-1.018176949869413,59,488709__627012
488709,L. Thomas,558243,S. van den Berg,-1.4159463912541674,0.20883603322691824,-0.4170396728618835,-1.066329039816868,60,488709__558243
488709,L. Thomas,192792,D. Burn,-1.2775571237875245,0.12333002279754024,-0.7253288420373386,-1.0842772251749595,61,192792__488709
488709,L. Thomas,8653,H. Maguire,-1.2327911564610203,0.06868088842997035,-0.9223645374900108,-1.1241418398211669,62,8653__488709
488709,L. Thomas,590874,Toti,-1.1465940866058135,0.018805024981114693,-1.1021903582404224,-1.1310527816779268,63,488709__590874
488709,L. Thomas,545267,R. Drăgușin,-1.2028186548521698,0.03862804395489126,-1.0307191011991141,-1.1425838110736004,64,488709__545267
488709,L. Thomas,327391,J. Bree,-1.2208813339714277,0.03184549238813583,-1.0551733726228958,-1.1628835474994417,65,327391__488709
488709,L. Thomas,620468,J. Greaves,-1.27355010921903,0.042913602803011854,-1.015267656673693,-1.183151250828162,66,488709__620468
488709,L. Thomas,286380,I. Diop,-1.2622945107813823,0.0,-1.1699912706983806,-1.2299883767523316,67,286380__488709
488709,L. Thomas,366217,K. Danso,-1.3109039857234812,0.013537091208536519,-1.1211837239449396,-1.2445018941009918,68,366217__488709
488709,L. Thomas,645877,Y. Mosquera,-1.31391268775627,0.004379715002347387,-1.1542003491886683,-1.2580133692576094,69,488709__645877
488709,L. Thomas,479155,N. Collins,-1.3137417381310397,0.0,-1.1699912706983806,-1.263429074529609,70,479155__488709
488709,L. Thomas,346131,T. Chalobah,-1.372842582074465,0.0,-1.1699912706983806,-1.3018446230928356,71,346131__488709
488709,L. Thomas,365443,M. de Ligt,-1.5489831955178412,0.055302902017900585,-0.9705984370194932,-1.3465485300434195,72,365443__488709
488709,L. Thomas,399581,D. O'Shea,-1.5674190759203814,0.059350443035125745,-0.9560051581243854,-1.3534242046917828,73,399581__488709
488709,L. Thomas,255738,J. Lerma,-1.8386630958217363,0.1934609968303504,-0.47247387184904305,-1.3604968674312936,74,255738__488709
488709,L. Thomas,501419,J. Todibo,-1.5007668636580136,0.01896597678456833,-1.101610051692206,-1.361061979469981,75,488709__501419
488709,L. Thomas,9433,J. Tarkowski,-1.5392249018534234,0.03631008058979165,-1.039076443524142,-1.364172941438175,76,9433__488709
488709,L. Thomas,424806,E. Pinnock,-1.5095919249384522,0.0,-1.1699912706983806,-1.3907316959544271,77,424806__488709
488709,L. Thomas,518805,L. Woolfenden,-1.5389567666427015,0.0,-1.1699912706983806,-1.4098188430621892,78,488709__518805
488709,L. Thomas,424241,N. Milenković,-1.710106572496989,0.08434347811232346,-0.8658935743838934,-1.4146320231574057,79,424241__488709
488709,L. Thomas,364003,S. Bueno,-1.6152836101642343,0.030143341610314404,-1.0613104224802192,-1.4213929944748291,80,364003__488709
488709,L. Thomas,583655,C. Okoli,-1.6127185497810876,0.0,-1.1699912706983806,-1.4577640021021403,81,488709__583655
488709,L. Thomas,504375,M. Lacroix,-1.7063292903101748,0.006864327515649884,-1.1452421587222612,-1.509948794254405,82,488709__504375
488709,L. Thomas,7919,M. Keane,-1.8826023959844054,0.04050782565410046,-1.0239416087705664,-1.5820711204595617,83,7919__488709
488709,L. Thomas,288080,C. Burgess,-2.01579708697164,0.04487664705616696,-1.0081899637861307,-1.663134593856712,84,288080__488709
488709,L. Thomas,563725,Morato,-2.160830979458863,0.04050782565410046,-1.0239416087705664,-1.7629196997179593,85,488709__563725
488709,L. Thomas,534563,C. Richards,-2.2117508469997533,0.0,-1.1699912706983806,-1.8471349952942728,86,488709__534563
488709,L. Thomas,508021,Jorge Cuenca,-2.4229740085989615,0.0,-1.1699912706983806,-1.9844300503337582,87,488709__508021
496001,M. Kilman,568412,J. Gvardiol,1.674060274674925,0.2090150902093002,1.5970941756658639,1.6471221400217533,1,496001__568412
496001,M. Kilman,258154,Rúben Dias,0.986160601580775,0.2090150902093002,1.5970941756658639,1.199987352510556,2,258154__496001
496001,M. Kilman,145787,J. Andersen,0.9204081652662298,0.2090150902093002,1.5970941756658639,1.1572482689061017,3,145787__496001
496001,M. Kilman,370,V. van Dijk,0.7981786163136357,0.2090150902093002,1.5970941756658639,1.0777990620869156,4,370__496001
496001,M. Kilman,297957,M. Akanji,0.9713038943030956,0.18178257306632944,1.2667311021413838,1.0747034170464964,5,297957__496001
496001,M. Kilman,590781,J. van Hecke,0.7626022335629554,0.2090150902093002,1.5970941756658639,1.0546744132989734,6,496001__590781
496001,M. Kilman,257899,J. Gomez,0.7286236899517684,0.2090150902093002,1.5970941756658639,1.0325883599517018,7,257899__496001
496001,M. Kilman,234399,A. Webster,0.5890360232191771,0.2090150902093002,1.5970941756658639,0.9418563765755175,8,234399__496001
496001,M. Kilman,415847,C. Romero,0.5624395096685022,0.2090150902093002,1.5970941756658639,0.9245686427675788,9,415847__496001
496001,M. Kilman,9097,L. Dunk,0.533506217393922,0.2090150902093002,1.5970941756658639,0.9057620027891016,10,9097__496001
496001,M. Kilman,412968,M. Senesi,0.5625271727344527,0.17294468047996225,1.1595168720728604,0.7714735675028954,11,412968__496001
496001,M. Kilman,349142,N. Mazraoui,0.2648929551996754,0.2090150902093002,1.5970941756658639,0.7311633823628413,12,349142__496001
496001,M. Kilman,549884,T. Harwood-Bellis,0.22087819246876897,0.2090150902093002,1.5970941756658639,0.7025537865877521,13,496001__549884
496001,M. Kilman,777938,Dean Huijsen,0.2852117102954679,0.17846414179991904,1.2264745534464703,0.6146537053983187,14,496001__777938
496001,M. Kilman,134102,N. Aké,0.6407642959912283,0.12177260010638347,0.538738202877354,0.6050551634013723,15,134102__496001
496001,M. Kilman,488453,L. Martínez,0.18107444277106508,0.1814917924765191,1.2632035850607306,0.559819642572448,16,488453__496001
496001,M. Kilman,625787,M. van de Ven,0.17771534102642544,0.1788337956402813,1.2309588975928842,0.546350585824686,17,496001__625787
496001,M. Kilman,400549,Pau Torres,0.059152122948096575,0.1796826833619003,1.241256923123133,0.4728888030093593,18,400549__496001
496001,M. Kilman,283145,T. Adarabioyo,0.21016481058770659,0.1559989627157891,0.9539450046520175,0.47048787851021534,19,283145__496001
496001,M. Kilman,619747,L. Colwill,0.032070874156419404,0.1795570878593289,1.2397332991396244,0.45475272290054114,20,496001__619747
496001,M. Kilman,622200,J. Quansah,0.3647066266983034,0.12433416878095571,0.5698131011665174,0.4364938927621783,21,496001__622200
496001,M. Kilman,393247,I. Konaté,0.07341609743690719,0.1689228659849214,1.1107274417476525,0.436475067945668,22,393247__496001
496001,M. Kilman,590703,I. Zabarnyi,0.0068078318453390005,0.17294468047996225,1.1595168720728604,0.4102559959249714,23,496001__590703
496001,M. Kilman,9380,J. Stones,0.29753579317151974,0.12177260010638347,0.538738202877354,0.3819566365685617,24,9380__496001
496001,M. Kilman,8582,A. Cresswell,-0.03106187814360129,0.16817783859633292,1.1016893665428587,0.3654010574966597,25,8582__496001
496001,M. Kilman,578325,W. Saliba,0.47688647457724426,0.084729898918434,0.08936583851409007,0.3412542519551403,26,496001__578325
496001,M. Kilman,50102,F. Schär,-0.22675755532016278,0.1919402044422274,1.3899553455505729,0.3390919599845946,27,50102__496001
496001,M. Kilman,415917,Gabriel Magalhaes,0.058986863005842355,0.12611480367555372,0.5914143366863921,0.24533647879403475,28,415917__496001
496001,M. Kilman,415953,Igor Julio,0.060590887333671434,0.12331289983225469,0.5574238847376177,0.23448243642505262,29,415953__496001
496001,M. Kilman,62126,M. Doherty,-0.16288548496027816,0.14593027392601934,0.831799741418119,0.1852543442721608,30,62126__496001
496001,M. Kilman,653730,A. Khusanov,-0.1122876769438198,0.12331289983225469,0.5574238847376177,0.12211136964468332,31,496001__653730
496001,M. Kilman,8135,L. Shaw,-0.14931882341563005,0.128361458040786,0.6186689469506108,0.11947689621255424,32,8135__496001
496001,M. Kilman,397074,M. Guéhi,-0.25776473475748696,0.1438348979228855,0.8063803190066504,0.11468603405996108,33,397074__496001
496001,M. Kilman,482177,J. Kiwior,-0.033015627951796744,0.1034998454623667,0.317067787532944,0.08951356746786251,34,482177__496001
496001,M. Kilman,447424,C. Bassey,-0.21391218342769816,0.11463201735936154,0.4521143755360414,0.01919711220961068,35,447424__496001
496001,M. Kilman,627012,Murillo,-0.3878874943607174,0.13161209128262036,0.6581030243454886,-0.021790812813545307,36,496001__627012
496001,M. Kilman,623641,E. Agbadou,-0.33710469262712867,0.12331289983225469,0.5574238847376177,-0.024019690549467454,37,496001__623641
496001,M. Kilman,270866,Diego Carlos,-0.19610193734760095,0.09758650615054598,0.2453318940204168,-0.04160009636879475,38,270866__496001
496001,M. Kilman,386292,A. Disasi,0.28043121120312564,0.013227695810409812,-0.7780415869003359,-0.09003426813308585,39,386292__496001
496001,M. Kilman,136441,B. Davies,-0.3254615508112579,0.09124409985366652,0.1683909037043986,-0.15261319173077814,40,136441__496001
496001,M. Kilman,604320,J. Branthwaite,-0.3578317646498371,0.07977090925624152,0.029207350124011232,-0.2223680744789902,41,496001__604320
496001,M. Kilman,767087,A. Gray,-0.18775148630016397,0.036070409729337956,-0.5009320880508918,-0.2973646969129187,42,496001__767087
496001,M. Kilman,475597,S. Botman,-0.10800054311479389,0.008877623221133297,-0.8308131813549794,-0.3609849664988588,43,475597__496001
496001,M. Kilman,255738,J. Lerma,-0.6524990767917208,0.08724249010291674,0.11984658114461436,-0.38217809651400353,44,255738__496001
496001,M. Kilman,402884,K. Walker-Peters,-0.12631498746294811,0.0,-0.9385093916438954,-0.4105830289262796,45,402884__496001
496001,M. Kilman,8136,J. Stephens,-0.12761267330265152,0.00012496178474477398,-0.9369934554171906,-0.4108959470427402,46,8136__496001
496001,M. Kilman,71703,V. Lindelöf,-0.16171749936950247,0.0,-0.9385093916438954,-0.43359466166553995,47,71703__496001
496001,M. Kilman,545267,R. Drăgușin,-0.44365232440613434,0.03862804395489126,-0.4699049193441134,-0.45284073263442703,48,496001__545267
496001,M. Kilman,240032,J. Bednarek,-0.21118938864787642,0.0018219547125564817,-0.9164068972067282,-0.45801551664347456,49,240032__496001
496001,M. Kilman,594120,J. O'Brien,-0.2171766506011445,0.0,-0.9385093916438954,-0.46964310996610725,50,496001__594120
496001,M. Kilman,557788,W. Fofana,-0.4286479130897392,0.027311400730184086,-0.6071893656575621,-0.4911374214884772,51,496001__557788
496001,M. Kilman,412027,E. Konsa,-0.2677714816689715,0.0,-0.9385093916438954,-0.5025297501601949,52,412027__496001
496001,M. Kilman,15806,J. Vestergaard,-0.35376535378100676,0.01244105117898695,-0.787584529142657,-0.5056020651575843,53,15806__496001
496001,M. Kilman,7953,C. Coady,-0.28502455110957875,0.0,-0.9385093916438954,-0.5137442452965896,54,7953__496001
496001,M. Kilman,769441,L. Yoro,-0.29686198383721357,0.0,-0.9385093916438954,-0.5214385765695522,55,496001__769441
496001,M. Kilman,590874,Toti,-0.4876079764040469,0.018805024981114693,-0.7103818991374146,-0.5655788493607256,56,496001__590874
496001,M. Kilman,239411,T. Mings,-0.37979968282156173,0.0,-0.9385093916438954,-0.5753480809093785,57,239411__496001
496001,M. Kilman,413002,K. Mavropanos,-0.44351972196696277,0.0,-0.9385093916438954,-0.6167661063538892,58,413002__496001
496001,M. Kilman,8360,C. Dawson,-0.4556398979435072,0.0,-0.9385093916438954,-0.6246442207386431,59,8360__496001
496001,M. Kilman,399581,D. O'Shea,-0.6218262901419996,0.021227293832451782,-0.6809968746672515,-0.6425359947258378,60,399581__496001
496001,M. Kilman,366217,K. Danso,-0.5881215435129945,0.013537091208536519,-0.7742882498833111,-0.6532798907426054,61,366217__496001
496001,M. Kilman,288080,C. Burgess,-0.7964148308048596,0.04487664705616696,-0.39410187422219467,-0.6556052960009269,62,288080__496001
496001,M. Kilman,520300,N. Wood,-0.5335826705366707,0.0,-0.9385093916438954,-0.6753070229241993,63,496001__520300
496001,M. Kilman,285382,W. Faes,-0.5414879761942409,0.0,-0.9385093916438954,-0.6804454716016199,64,285382__496001
496001,M. Kilman,8653,H. Maguire,-0.5794796910854573,0.0,-0.9385093916438954,-0.7051400862809106,65,8653__496001
496001,M. Kilman,327391,J. Bree,-0.6321238747546551,0.0,-0.9385093916438954,-0.7393588056658893,66,327391__496001
496001,M. Kilman,365443,M. de Ligt,-0.7127511987992772,0.011372065199156654,-0.8005526103522366,-0.743481692842813,67,365443__496001
496001,M. Kilman,192792,D. Burn,-0.6389754126142654,0.0,-0.9385093916438954,-0.7438123052746359,68,192792__496001
496001,M. Kilman,286380,I. Diop,-0.6454876379648955,0.0,-0.9385093916438954,-0.7480452517525454,69,286380__496001
496001,M. Kilman,558243,S. van den Berg,-0.6539764176312621,0.0,-0.9385093916438954,-0.7535629585356838,70,496001__558243
496001,M. Kilman,346131,T. Chalobah,-0.6564015871264759,0.0,-0.9385093916438954,-0.7551393187075728,71,346131__496001
496001,M. Kilman,479155,N. Collins,-0.6591598480341628,0.0,-0.9385093916438954,-0.7569321882975693,72,479155__496001
496001,M. Kilman,620468,J. Greaves,-0.6767054712497924,0.0,-0.9385093916438954,-0.7683368433877285,73,496001__620468
496001,M. Kilman,645877,Y. Mosquera,-0.6869383678471198,0.0,-0.9385093916438954,-0.7749882261759913,74,496001__645877
496001,M. Kilman,9433,J. Tarkowski,-0.7131137445986444,0.0,-0.9385093916438954,-0.7920022210644823,75,9433__496001
496001,M. Kilman,501419,J. Todibo,-0.7455989321867562,0.0,-0.9385093916438954,-0.8131175929967549,76,496001__501419
496001,M. Kilman,424806,E. Pinnock,-0.7536707298105607,0.0,-0.9385093916438954,-0.8183642614522278,77,424806__496001
496001,M. Kilman,518805,L. Woolfenden,-0.7579997827795056,0.0,-0.9385093916438954,-0.821178145882042,78,496001__518805
496001,M. Kilman,504375,M. Lacroix,-0.7585677586943196,0.0,-0.9385093916438954,-0.8215473302266711,79,496001__504375
496001,M. Kilman,583655,C. Okoli,-0.7825285408363538,0.0,-0.9385093916438954,-0.8371218386189934,80,496001__583655
496001,M. Kilman,364003,S. Bueno,-0.806886340686298,0.0,-0.9385093916438954,-0.8529544085214571,81,364003__496001
496001,M. Kilman,424241,N. Milenković,-0.8152442579921172,0.0,-0.9385093916438954,-0.8583870547702395,82,424241__496001
496001,M. Kilman,7919,M. Keane,-0.8786463000076611,0.0,-0.9385093916438954,-0.899598382080343,83,7919__496001
496001,M. Kilman,534563,C. Richards,-0.9615278275789956,0.0,-0.9385093916438954,-0.9534713750017105,84,496001__534563
496001,M. Kilman,488709,L. Thomas,-0.9675151320535258,0.0,-0.9385093916438954,-0.9573631229101551,85,488709__496001
496001,M. Kilman,563725,Morato,-0.971570083195832,0.0,-0.9385093916438954,-0.9599988411526541,86,496001__563725
496001,M. Kilman,508021,Jorge Cuenca,-1.0927658650554286,0.0,-0.9385093916438954,-1.038776099361392,87,496001__508021
501419,J. Todibo,568412,J. Gvardiol,1.5024194051668103,0.596663446726181,2.0918613910176607,1.7087241002146079,1,501419__568412
501419,J. Todibo,145787,J. Andersen,0.7174072938623539,0.6107357340940724,2.1656767532789174,1.2243016046581512,2,145787__501419
501419,J. Todibo,590781,J. van Hecke,0.5909613640548405,0.6422081820739225,2.330763642719641,1.1998921615875207,3,501419__590781
501419,J. Todibo,258154,Rúben Dias,0.8145197320726599,0.506796761928162,1.6204709396885035,1.0966026547382053,4,258154__501419
501419,J. Todibo,257899,J. Gomez,0.5256228185478924,0.6014792288319356,2.1171222950494135,1.0826476353234247,5,257899__501419
501419,J. Todibo,297957,M. Akanji,0.7996630247949806,0.4661749678180607,1.4073916889917772,1.0123680572638594,6,297957__501419
501419,J. Todibo,370,V. van Dijk,0.6265377468055208,0.4941665326333827,1.5542198089047405,0.9512264685402476,7,370__501419
501419,J. Todibo,234399,A. Webster,0.31956933781004,0.545729593796076,1.824690837495869,0.8463618627000801,8,234399__501419
501419,J. Todibo,415847,C. Romero,0.32438307278011796,0.5191116616494525,1.6850680275942145,0.8006228069650516,9,415847__501419
501419,J. Todibo,412968,M. Senesi,0.32178386352571164,0.5122833823838485,1.6492506871409751,0.7863972517910538,10,412968__501419
501419,J. Todibo,777938,Dean Huijsen,0.08221083889159195,0.5549187616331734,1.8728920811915108,0.7089492736965635,11,501419__777938
501419,J. Todibo,134102,N. Aké,0.46912342648311295,0.3977599254436261,1.048524576278401,0.6719138289114637,12,134102__501419
501419,J. Todibo,549884,T. Harwood-Bellis,0.017918507773836762,0.5311986828389879,1.7484697919584624,0.6236114572384558,13,501419__549884
501419,J. Todibo,9097,L. Dunk,0.3156880997178341,0.4143469930568639,1.1355310715775775,0.6026331398687443,14,9097__501419
501419,J. Todibo,590703,I. Zabarnyi,-0.19379620798261685,0.5071577226914572,1.6223643383100756,0.44185998321982545,15,501419__590703
501419,J. Todibo,578325,W. Saliba,0.25200326279602586,0.3076067709868922,0.5756314650701437,0.3652731335919671,16,501419__578325
501419,J. Todibo,9380,J. Stones,0.010148997757035268,0.3800821770922481,0.9557969788092328,0.3411257911253044,17,9380__501419
501419,J. Todibo,349142,N. Mazraoui,-0.04848835456017746,0.39608046561359944,1.0397150677375573,0.33238284324402967,18,349142__501419
501419,J. Todibo,622200,J. Quansah,0.16092784692529802,0.31426779608471855,0.6105714835456936,0.31830311974243647,19,501419__622200
501419,J. Todibo,400549,Pau Torres,-0.11248874656001853,0.3891568310424255,1.0033975465929943,0.2780714560435359,20,400549__501419
501419,J. Todibo,8582,A. Cresswell,-0.23406274954747727,0.4279494301547919,1.2068818616638064,0.270267864376472,21,8582__501419
501419,J. Todibo,488453,L. Martínez,-0.018863159539452504,0.31903701074098995,0.6355881207384229,0.21019478855780385,22,488453__501419
501419,J. Todibo,283145,T. Adarabioyo,0.027933279590412658,0.28986079002815157,0.48254595744047113,0.18704771683793311,23,283145__501419
501419,J. Todibo,386292,A. Disasi,0.10879034169501045,0.2391858876451257,0.21673371390345209,0.146570521967965,24,386292__501419
501419,J. Todibo,625787,M. van de Ven,-0.1019968682997142,0.2704758443944585,0.3808633562429783,0.06700421029022814,25,501419__625787
501419,J. Todibo,415917,Gabriel Magalhaes,-0.15952122159355758,0.28594014207766943,0.46198042738854633,0.05800435555017877,26,415917__501419
501419,J. Todibo,619747,L. Colwill,-0.24119248969240947,0.29852581358188773,0.5279978328818973,0.028024123208597873,27,501419__619747
501419,J. Todibo,393247,I. Konaté,-0.14074219568943863,0.24845954925194402,0.265378164737899,0.0013999304601295254,28,393247__501419
501419,J. Todibo,415953,Igor Julio,-0.14024386825041477,0.2161921540782988,0.09612142617780264,-0.05751601520053868,29,415953__501419
501419,J. Todibo,8135,L. Shaw,-0.4605803022501041,0.31921104767138553,0.6365010213016461,-0.07660183900699155,30,8135__501419
501419,J. Todibo,62126,M. Doherty,-0.3897079282851922,0.27356698108379185,0.3970777333770627,-0.114332946703403,31,62126__501419
501419,J. Todibo,50102,F. Schär,-0.5701007663800215,0.32560679825051536,0.6700495577683122,-0.13604815292810474,32,50102__501419
501419,J. Todibo,482177,J. Kiwior,-0.33299253875296436,0.22014931113457983,0.11687846261386566,-0.17553768827457386,33,482177__501419
501419,J. Todibo,653730,A. Khusanov,-0.3925697048914997,0.20336343080701014,0.02882910682251098,-0.245080120791596,34,501419__653730
501419,J. Todibo,397074,M. Guéhi,-0.4912087249174344,0.2292038225457185,0.1643733738844297,-0.261754990336782,35,397074__501419
501419,J. Todibo,627012,Murillo,-0.6100241082973552,0.24533693369530607,0.2489986670421805,-0.3093661369285177,36,501419__627012
501419,J. Todibo,270866,Diego Carlos,-0.3836125600650318,0.16152651150908826,-0.19062401214359176,-0.31606656829252777,37,270866__501419
501419,J. Todibo,8136,J. Stephens,-0.363535399890424,0.15344356585778823,-0.23302263191240913,-0.3178559310981188,38,8136__501419
501419,J. Todibo,604320,J. Branthwaite,-0.5663330306290575,0.1857591164930718,-0.06351329668819092,-0.3903461237497542,39,501419__604320
501419,J. Todibo,447424,C. Bassey,-0.4872440770896523,0.1577449667395495,-0.21045988457663814,-0.3903696097100973,40,447424__501419
501419,J. Todibo,71703,V. Lindelöf,-0.49455785147061515,0.1549712279761326,-0.22500936941070074,-0.4002158827496451,41,71703__501419
501419,J. Todibo,475597,S. Botman,-0.397239541365271,0.10535621149897977,-0.485262043273487,-0.4280474170331466,42,475597__501419
501419,J. Todibo,15806,J. Vestergaard,-0.5634540225026611,0.14821066065953525,-0.2604715307864615,-0.45741015040199123,43,15806__501419
501419,J. Todibo,402884,K. Walker-Peters,-0.5108947671933265,0.1294796035568694,-0.35872419784926723,-0.45763506792290576,44,402884__501419
501419,J. Todibo,8360,C. Dawson,-0.6562439377714631,0.18017059019092774,-0.09282758531198392,-0.45904821441064536,45,8360__501419
501419,J. Todibo,594120,J. O'Brien,-0.5139482982202705,0.1294796035568694,-0.35872419784926723,-0.4596198630904194,46,501419__594120
501419,J. Todibo,413002,K. Mavropanos,-0.6465205933708387,0.15805992181350906,-0.20880780611401434,-0.4933211178309502,47,413002__501419
501419,J. Todibo,7953,C. Coady,-0.6147087379469102,0.1294796035568694,-0.35872419784926723,-0.5251141489127351,48,7953__501419
501419,J. Todibo,623641,E. Agbadou,-0.674835194076177,0.14661428286329892,-0.26884523736694815,-0.5327387092279469,49,501419__623641
501419,J. Todibo,239411,T. Mings,-0.5543323375508376,0.07998342840143666,-0.6183534964934383,-0.5767397431807478,50,239411__501419
501419,J. Todibo,136441,B. Davies,-0.6191361192892327,0.09124409985366652,-0.5592863014581876,-0.5981886830483669,51,136441__501419
501419,J. Todibo,240032,J. Bednarek,-0.6546871797555074,0.09830054299040296,-0.5222721407324317,-0.6083419160974309,52,240032__501419
501419,J. Todibo,767087,A. Gray,-0.543801089287774,0.032989089963080316,-0.8648595566219665,-0.6561715528547414,53,501419__767087
501419,J. Todibo,255738,J. Lerma,-1.0672206967116509,0.1934609968303504,-0.02311353278866687,-0.7017831893386065,54,255738__501419
501419,J. Todibo,412027,E. Konsa,-0.6241125894788512,0.02613862139550467,-0.9007932897639379,-0.7209508345786315,55,412027__501419
501419,J. Todibo,769441,L. Yoro,-0.5663497884718405,0.002279058975417566,-1.0259472322176937,-0.7272088937828891,56,501419__769441
501419,J. Todibo,285382,W. Faes,-0.7782265318050802,0.07395445628319859,-0.6499781179452557,-0.7333395869541416,57,285382__501419
501419,J. Todibo,496001,M. Kilman,-0.7455989321867562,0.052886473441932536,-0.7604889926087691,-0.7508104533344607,58,496001__501419
501419,J. Todibo,545267,R. Drăgușin,-0.7801779695640694,0.03862804395489126,-0.8352807524945141,-0.7994639435897251,59,501419__545267
501419,J. Todibo,8653,H. Maguire,-0.8800446413129588,0.06868088842997035,-0.6776403104032888,-0.8092031254945743,60,8653__501419
501419,J. Todibo,399581,D. O'Shea,-0.8993678151723827,0.059350443035125745,-0.7265826172844569,-0.8388929959116087,61,399581__501419
501419,J. Todibo,557788,W. Fofana,-0.8214047303648079,0.027311400730184086,-0.8946415441963055,-0.8470376152058321,62,501419__557788
501419,J. Todibo,590874,Toti,-0.821750213055658,0.018805024981114693,-0.9392612418355536,-0.8628790731286214,63,501419__590874
501419,J. Todibo,9433,J. Tarkowski,-0.9716428520861365,0.03631008058979165,-0.8474394940714909,-0.9281716767810106,64,9433__501419
501419,J. Todibo,327391,J. Bree,-1.0063111125328046,0.03184549238813583,-0.8708582309716838,-0.9589026039864124,65,327391__501419
501419,J. Todibo,286380,I. Diop,-0.9519661160690488,0.0,-1.0379019030886896,-0.982043641525923,66,286380__501419
501419,J. Todibo,346131,T. Chalobah,-0.9624343247858651,0.0,-1.0379019030886896,-0.9888479771918537,67,346131__501419
501419,J. Todibo,479155,N. Collins,-0.9637020102009803,0.0,-1.0379019030886896,-0.9896719727116785,68,479155__501419
501419,J. Todibo,366217,K. Danso,-1.0279978855810312,0.013537091208536519,-0.9668938810522889,-1.0066114839959714,69,366217__501419
501419,J. Todibo,424241,N. Milenković,-1.2588713266141844,0.08434347811232346,-0.5954831101466862,-1.02668545085056,70,424241__501419
501419,J. Todibo,620468,J. Greaves,-1.0565520497981082,0.0,-1.0379019030886896,-1.0500244984498117,71,501419__620468
501419,J. Todibo,520300,N. Wood,-1.064259930624889,0.0,-1.0379019030886896,-1.0550346209872192,72,501419__520300
501419,J. Todibo,645877,Y. Mosquera,-1.0846924151183597,0.0,-1.0379019030886896,-1.0683157359079751,73,501419__645877
501419,J. Todibo,288080,C. Burgess,-1.2139206365029784,0.04487664705616696,-0.8025040695367818,-1.0699248380648096,74,288080__501419
501419,J. Todibo,504375,M. Lacroix,-1.1108455982576106,0.006864327515649884,-1.001895473643273,-1.0727130546425925,75,501419__504375
501419,J. Todibo,192792,D. Burn,-1.1058881437592234,0.0,-1.0379019030886896,-1.0820929595245365,76,192792__501419
501419,J. Todibo,558243,S. van den Berg,-1.1448518887772734,0.0,-1.0379019030886896,-1.107419393786269,77,501419__558243
501419,J. Todibo,365443,M. de Ligt,-1.2226696392976233,0.011372065199156654,-0.978250398653831,-1.137122905072296,78,365443__501419
501419,J. Todibo,7919,M. Keane,-1.3372720351723477,0.04050782565410046,-0.8254204672777831,-1.15812398640925,79,7919__501419
501419,J. Todibo,424806,E. Pinnock,-1.2266351191597487,0.0,-1.0379019030886896,-1.160578493534878,80,424806__501419
501419,J. Todibo,583655,C. Okoli,-1.2407495044128005,0.0,-1.0379019030886896,-1.1697528439493616,81,501419__583655
501419,J. Todibo,518805,L. Woolfenden,-1.2620661710035017,0.0,-1.0379019030886896,-1.1836086772333174,82,501419__518805
501419,J. Todibo,563725,Morato,-1.4038571576884271,0.04050782565410046,-0.8254204672777831,-1.2014043160447017,83,501419__563725
501419,J. Todibo,364003,S. Bueno,-1.3508801128558336,0.0,-1.0379019030886896,-1.2413377394373333,84,364003__501419
501419,J. Todibo,534563,C. Richards,-1.4373261266773671,0.0,-1.0379019030886896,-1.29752764842133,85,501419__534563
501419,J. Todibo,488709,L. Thomas,-1.5007668636580136,0.0,-1.0379019030886896,-1.3387641274587503,86,488709__501419
501419,J. Todibo,508021,Jorge Cuenca,-1.5838737122534323,0.0,-1.0379019030886896,-1.3927835790457723,87,501419__508021
504375,M. Lacroix,568412,J. Gvardiol,1.4473925251425412,0.7636536756160165,2.3793143451311334,1.7735651621385484,1,504375__568412
504375,M. Lacroix,297957,M. Akanji,0.7446361447707116,0.7935256241839711,2.5145378129694267,1.364101728640262,2,297957__504375
504375,M. Lacroix,258154,Rúben Dias,0.7594928520483909,0.75902332907297,2.3583538270912925,1.3190941933134064,3,258154__504375
504375,M. Lacroix,370,V. van Dijk,0.5715108667812517,0.6927907388422598,2.0585340642614542,1.0919689858993227,4,370__504375
504375,M. Lacroix,134102,N. Aké,0.41409654645884414,0.7535053280223977,2.3333751004475887,1.0858440403549046,5,134102__504375
504375,M. Lacroix,578325,W. Saliba,0.29467361013748583,0.6956762678452215,2.0715961930154863,0.9165965141447859,6,504375__578325
504375,M. Lacroix,9097,L. Dunk,0.27858350186909137,0.5798926543841567,1.54747029960626,0.7226938810771003,7,9097__504375
504375,M. Lacroix,590781,J. van Hecke,0.5359344840305715,0.38910341025465767,0.68381109911092,0.5876912993086935,8,504375__590781
504375,M. Lacroix,386292,A. Disasi,0.08157155738125128,0.5539677608742087,1.4301142457894578,0.5535614983241236,9,386292__504375
504375,M. Lacroix,9380,J. Stones,0.11532292873176125,0.5224250196083838,1.2873274821677991,0.5255245224343745,10,9380__504375
504375,M. Lacroix,145787,J. Andersen,0.4942600758386441,0.33862403777608496,0.45530254415926386,0.480624939750861,11,145787__504375
504375,M. Lacroix,257899,J. Gomez,0.45039200808404284,0.3491097869865658,0.5027691286674117,0.468724000288222,12,257899__504375
504375,M. Lacroix,283145,T. Adarabioyo,-0.02709360043385614,0.5398410012194972,1.3661656411149892,0.46054713410823966,13,283145__504375
504375,M. Lacroix,415847,C. Romero,0.28503378254086675,0.38101383364078895,0.6471914390113315,0.4117889623055294,14,415847__504375
504375,M. Lacroix,622200,J. Quansah,0.10590096690102911,0.4111786321754434,0.7837405715602277,0.3431448285317486,15,504375__622200
504375,M. Lacroix,488453,L. Martínez,-0.07384827275376557,0.4763418738340952,1.0787196383801387,0.3295504961431009,16,488453__504375
504375,M. Lacroix,234399,A. Webster,0.2759840278364312,0.32418681143450334,0.38994852791777507,0.31587160286490157,17,234399__504375
504375,M. Lacroix,625787,M. van de Ven,-0.07720737449840506,0.45500738824267195,0.9821433095994586,0.2935653649358472,18,504375__625787
504375,M. Lacroix,482177,J. Kiwior,-0.2434834583840016,0.4881271376036109,1.1320688275928072,0.23795984170788148,19,482177__504375
504375,M. Lacroix,393247,I. Konaté,-0.1815066180879234,0.44765110760002874,0.9488431123717143,0.21411578757294975,20,393247__504375
504375,M. Lacroix,71703,V. Lindelöf,-0.3874736987155214,0.4920742417190074,1.1499364636858636,0.1506198581249633,21,71703__504375
504375,M. Lacroix,415917,Gabriel Magalhaes,-0.19593585251898832,0.40896047700496657,0.7736994912579842,0.14343651780295205,22,415917__504375
504375,M. Lacroix,8136,J. Stephens,-0.3098255377424099,0.4286926060586438,0.8630223190742238,0.10067121214341185,23,8136__504375
504375,M. Lacroix,402884,K. Walker-Peters,-0.3367828178951531,0.4375387142985637,0.903066624532024,0.09716448695435889,24,402884__504375
504375,M. Lacroix,549884,T. Harwood-Bellis,-0.03710837225043223,0.30996809312898815,0.3255836474978154,0.08983383466145442,25,504375__549884
504375,M. Lacroix,400549,Pau Torres,-0.16751562658428748,0.32779956737259097,0.4063026464075769,0.03332076896286504,26,400549__504375
504375,M. Lacroix,349142,N. Mazraoui,-0.0928890110140056,0.29670287761695563,0.2655350557871414,0.032559412366395854,27,349142__504375
504375,M. Lacroix,767087,A. Gray,-0.48599734934296573,0.445254787117126,0.9379955185157963,0.01240015440760095,28,504375__767087
504375,M. Lacroix,412968,M. Senesi,-0.07934943574485406,0.26476107286585016,0.12094182318859242,-0.009247495118147799,29,412968__504375
504375,M. Lacroix,415953,Igor Julio,-0.19527074827468366,0.3113864998834281,0.33200444993406436,-0.010724428901621869,30,415953__504375
504375,M. Lacroix,412027,E. Konsa,-0.5145009877626814,0.4381785703282614,0.9059631061946157,-0.01733855487762742,31,412027__504375
504375,M. Lacroix,619747,L. Colwill,-0.2228518413684113,0.2936292287801586,0.2516213516414836,-0.05678622381494809,32,504375__619747
504375,M. Lacroix,240032,J. Bednarek,-0.5168210868305235,0.40827205302189284,0.7705831535968333,-0.06622960268094868,33,240032__504375
504375,M. Lacroix,777938,Dean Huijsen,-0.22408606817205473,0.256626802148138,0.08411984311982328,-0.11621399921989742,34,504375__777938
504375,M. Lacroix,7953,C. Coady,-0.5235374042069837,0.3536953229958626,0.5235267996865587,-0.15706493284424386,35,7953__504375
504375,M. Lacroix,594120,J. O'Brien,-0.48163056971550866,0.30055674121077297,0.28298061339936825,-0.21401665562530175,36,504375__594120
504375,M. Lacroix,653730,A. Khusanov,-0.3672103924686505,0.24008851187371144,0.009254791784559664,-0.23544757798002697,37,504375__653730
504375,M. Lacroix,590703,I. Zabarnyi,-0.4804546398990442,0.2572144287882212,0.08677989430079844,-0.28192255292909923,38,504375__590703
504375,M. Lacroix,520300,N. Wood,-0.8588944416056972,0.36658456613604573,0.5818734506009298,-0.35462567933337785,39,504375__520300
504375,M. Lacroix,475597,S. Botman,-0.4467112580816229,0.1932580783114165,-0.2027358526241429,-0.3613198661715049,40,475597__504375
504375,M. Lacroix,270866,Diego Carlos,-0.4386394400893006,0.18651216381172223,-0.2332730621508044,-0.36676120781082694,41,270866__504375
504375,M. Lacroix,769441,L. Yoro,-0.6178099771901144,0.250152222002496,0.05481090205429499,-0.3823926694545712,42,504375__769441
504375,M. Lacroix,15806,J. Vestergaard,-0.5584901910849576,0.2092935075958832,-0.13014713779060705,-0.40857012243193486,43,15806__504375
504375,M. Lacroix,8582,A. Cresswell,-0.49506178145785146,0.15625663457808428,-0.37023291178861184,-0.4513716770736176,44,8582__504375
504375,M. Lacroix,62126,M. Doherty,-0.5499463478331944,0.17166647301991117,-0.3004761033838512,-0.4626317622759243,45,62126__504375
504375,M. Lacroix,447424,C. Bassey,-0.5255762410894543,0.12815331287057138,-0.49745021100228975,-0.5157321305589467,46,447424__504375
504375,M. Lacroix,557788,W. Fofana,-0.7797729514540179,0.21939424610647468,-0.08442340851921924,-0.5364006114268384,47,504375__557788
504375,M. Lacroix,239411,T. Mings,-0.6057318580719124,0.11738985182569502,-0.5461739333640754,-0.5848865844241695,48,239411__504375
504375,M. Lacroix,8135,L. Shaw,-0.6375582438930104,0.08958893842431995,-0.6720222994542232,-0.6496206633394349,49,8135__504375
504375,M. Lacroix,136441,B. Davies,-0.6472342353242068,0.07586872106242999,-0.7341305803033743,-0.6776479560669154,50,136441__504375
504375,M. Lacroix,50102,F. Schär,-0.9003353450158883,0.17084400645852638,-0.304199221089363,-0.6916877016416044,51,50102__504375
504375,M. Lacroix,397074,M. Guéhi,-0.7507902370369701,0.09983261839288866,-0.6256515069488595,-0.7069916815061315,52,397074__504375
504375,M. Lacroix,285382,W. Faes,-0.775180569393223,0.10940926645591278,-0.5823002150703577,-0.7076724453802202,53,285382__504375
504375,M. Lacroix,558243,S. van den Berg,-1.0200391312090713,0.20883603322691824,-0.1322180194566574,-0.7093017420957265,54,504375__558243
504375,M. Lacroix,8360,C. Dawson,-0.748891734928443,0.08369200191308125,-0.6987163801184946,-0.731330360744961,55,8360__504375
504375,M. Lacroix,413002,K. Mavropanos,-0.7103704810718269,0.06249535563173609,-0.7946687419198932,-0.7398748723686501,56,413002__504375
504375,M. Lacroix,496001,M. Kilman,-0.7585677586943196,0.06897989610033048,-0.7653147127541579,-0.760929192615263,57,496001__504375
504375,M. Lacroix,604320,J. Branthwaite,-0.8811894484183118,0.10304452763961816,-0.6111119296013486,-0.7866623168323748,58,504375__604320
504375,M. Lacroix,192792,D. Burn,-0.972862076789359,0.12333002279754024,-0.5192841402011691,-0.8141097989834924,59,192792__504375
504375,M. Lacroix,623641,E. Agbadou,-0.8641556054853257,0.06623508485816604,-0.7777398444419239,-0.8339100891201351,60,504375__623641
504375,M. Lacroix,627012,Murillo,-1.0696006090743297,0.12703636152252096,-0.5025063938738705,-0.8711176337541691,61,504375__627012
504375,M. Lacroix,545267,R. Drăgușin,-0.9221968094208555,0.03862804395489126,-0.9027105941471896,-0.9153766340750724,62,504375__545267
504375,M. Lacroix,327391,J. Bree,-0.9350196228057379,0.03184549238813583,-0.9334136512832951,-0.9344575327728829,63,327391__504375
504375,M. Lacroix,590874,Toti,-0.9148446395141391,0.018805024981114693,-0.9924448598098561,-0.94200471661764,64,504375__590874
504375,M. Lacroix,620468,J. Greaves,-1.0009856523044443,0.042913602803011854,-0.8833108510152795,-0.9597994718532367,65,504375__620468
504375,M. Lacroix,365443,M. de Ligt,-1.035784355210885,0.055302902017900585,-0.8272273317191624,-0.9627893969887822,66,365443__504375
504375,M. Lacroix,8653,H. Maguire,-0.9551396256739069,0.0,-1.077570899878764,-0.9979905716456069,67,8653__504375
504375,M. Lacroix,366217,K. Danso,-1.020154392314521,0.013537091208536519,-1.0162915891736934,-1.0188024112152314,68,366217__504375
504375,M. Lacroix,286380,I. Diop,-1.0313592263309652,0.0,-1.077570899878764,-1.0475333120726948,69,286380__504375
504375,M. Lacroix,479155,N. Collins,-1.0318558553593773,0.0,-1.077570899878764,-1.0478561209411628,70,479155__504375
504375,M. Lacroix,645877,Y. Mosquera,-1.0587590112752001,0.004379715002347387,-1.0577449334067897,-1.0584040840212565,71,504375__645877
504375,M. Lacroix,501419,J. Todibo,-1.1108455982576106,0.01896597678456833,-0.991716267867877,-1.069150332621204,72,501419__504375
504375,M. Lacroix,346131,T. Chalobah,-1.0978003057499408,0.0,-1.077570899878764,-1.0907200136950288,73,346131__504375
504375,M. Lacroix,364003,S. Bueno,-1.199100626913494,0.030143341610314404,-0.9411188979108144,-1.108807021762556,74,364003__504375
504375,M. Lacroix,518805,L. Woolfenden,-1.1973935367285202,0.0,-1.077570899878764,-1.1554556138311054,75,504375__518805
504375,M. Lacroix,424806,E. Pinnock,-1.2093424574600404,0.0,-1.077570899878764,-1.1632224123065937,76,424806__504375
504375,M. Lacroix,9433,J. Tarkowski,-1.295429490741078,0.0,-1.077570899878764,-1.2191789839392682,77,9433__504375
504375,M. Lacroix,399581,D. O'Shea,-1.3514719171439649,0.021227293832451782,-0.9814798036345165,-1.221974677415658,78,399581__504375
504375,M. Lacroix,583655,C. Okoli,-1.3022301834785084,0.0,-1.077570899878764,-1.2235994342185978,79,504375__583655
504375,M. Lacroix,255738,J. Lerma,-1.4139397126224569,0.03009215984241851,-0.9413505860489094,-1.2485335183217152,80,255738__504375
504375,M. Lacroix,424241,N. Milenković,-1.3634018818954872,0.0,-1.077570899878764,-1.263361038189634,81,424241__504375
504375,M. Lacroix,288080,C. Burgess,-1.5763005640524534,0.03009215984241851,-0.9413505860489094,-1.354068071751213,82,288080__504375
504375,M. Lacroix,7919,M. Keane,-1.5575460694663663,0.0,-1.077570899878764,-1.3895547601107054,83,7919__504375
504375,M. Lacroix,488709,L. Thomas,-1.7063292903101748,0.0,-1.077570899878764,-1.486263853659181,84,488709__504375
504375,M. Lacroix,563725,Morato,-1.7127996486625805,0.0,-1.077570899878764,-1.4904695865882447,85,504375__563725
504375,M. Lacroix,534563,C. Richards,-1.7289272828266358,0.0,-1.077570899878764,-1.5009525487948807,86,504375__534563
504375,M. Lacroix,508021,Jorge Cuenca,-1.8523172132850985,0.0,-1.077570899878764,-1.5811560035928813,87,504375__508021
508021,Jorge Cuenca,568412,J. Gvardiol,1.1576493038740578,1.1886369175225209,2.735129901782436,1.70976751314199,1,508021__568412
508021,Jorge Cuenca,297957,M. Akanji,0.4548929235022285,1.2563584978774591,2.9538935715235937,1.3295431503097064,2,297957__508021
508021,Jorge Cuenca,258154,Rúben Dias,0.46974963077990756,1.0343440652530589,2.236711666407684,1.0881863432496293,3,258154__508021
508021,Jorge Cuenca,370,V. van Dijk,0.2817676455127684,1.0934642181875867,2.4276898087344034,1.0328404026403406,4,370__508021
508021,Jorge Cuenca,134102,N. Aké,0.12435332519036096,1.0133637533270083,2.1689381442128153,0.8399580118482199,5,134102__508021
508021,Jorge Cuenca,590781,J. van Hecke,0.24619126276208786,0.8310268005143493,1.5799279539949356,0.7129991046935845,6,508021__590781
508021,Jorge Cuenca,578325,W. Saliba,-0.06527614946095972,0.9201379475973206,1.8677871777245447,0.6112960150539668,7,508021__578325
508021,Jorge Cuenca,9097,L. Dunk,-0.02908200157491786,0.8137469431927825,1.5241081550407918,0.5145345532405804,8,9097__508021
508021,Jorge Cuenca,145787,J. Andersen,0.20451685457016072,0.633925695564644,0.9432245456745127,0.46306454645668393,9,145787__508021
508021,Jorge Cuenca,257899,J. Gomez,0.16064878681555966,0.6366424705614335,0.9520006502049111,0.43762193900183266,10,257899__508021
508021,Jorge Cuenca,9380,J. Stones,-0.2446268308666844,0.8392567903548229,1.6065136120672694,0.4032723241601993,11,9380__508021
508021,Jorge Cuenca,386292,A. Disasi,-0.2359797595977417,0.7876640110710444,1.4398514392545534,0.35056116000056153,12,386292__508021
508021,Jorge Cuenca,234399,A. Webster,-0.051970041444866666,0.6036764455171473,0.8455092101400294,0.26214769660984694,13,234399__508021
508021,Jorge Cuenca,622200,J. Quansah,-0.1838422543674541,0.6725023889965531,1.06784034727591,0.25424665620772324,14,508021__622200
508021,Jorge Cuenca,415847,C. Romero,-0.020387028512634242,0.5639700605237717,0.7172441217032287,0.2377838740629178,15,415847__508021
508021,Jorge Cuenca,283145,T. Adarabioyo,-0.3168368217023397,0.5844008626499386,0.7832425408991535,0.06819095520818291,16,283145__508021
508021,Jorge Cuenca,488453,L. Martínez,-0.36363326083220443,0.5636429716903548,0.7161875138515719,0.014304010307117254,17,488453__508021
508021,Jorge Cuenca,625787,M. van de Ven,-0.4467669695924665,0.5452635399264216,0.6568157165697911,-0.060513029435676324,18,508021__625787
508021,Jorge Cuenca,549884,T. Harwood-Bellis,-0.3268515935189153,0.4702129565968758,0.41437688186842736,-0.06742162713334537,19,508021__549884
508021,Jorge Cuenca,777938,Dean Huijsen,-0.5138292894405379,0.5372348481565904,0.6308803195282063,-0.11318092630147741,20,508021__777938
508021,Jorge Cuenca,400549,Pau Torres,-0.45725884785277066,0.4760510119862121,0.43323578053011846,-0.14558572791875948,21,400549__508021
508021,Jorge Cuenca,412968,M. Senesi,-0.500319212520874,0.49459946890726547,0.49315358638784196,-0.15260373290282342,22,412968__508021
508021,Jorge Cuenca,393247,I. Konaté,-0.48551229698219084,0.4647092136361482,0.3965979257204698,-0.17677371903625966,23,393247__508021
508021,Jorge Cuenca,415917,Gabriel Magalhaes,-0.5042913228863097,0.4532901100693444,0.35971034884563124,-0.20189073778013042,24,415917__508021
508021,Jorge Cuenca,349142,N. Mazraoui,-0.3932584558529297,0.38289139194506183,0.13229861626017955,-0.20931348061334146,25,349142__508021
508021,Jorge Cuenca,415953,Igor Julio,-0.48501396954316717,0.41973451857786886,0.25131440922732223,-0.22729903697349588,26,415953__508021
508021,Jorge Cuenca,71703,V. Lindelöf,-0.7809765089852455,0.5740931018979403,0.749944978185725,-0.24515398847540582,27,71703__508021
508021,Jorge Cuenca,482177,J. Kiwior,-0.635384827598652,0.4881271376036109,0.4722457614323839,-0.24771412143778948,28,482177__508021
508021,Jorge Cuenca,8136,J. Stephens,-0.6697752973408558,0.5045940506233908,0.5254394746126583,-0.2514501271571259,29,8136__508021
508021,Jorge Cuenca,475597,S. Botman,-0.7420096426580233,0.47155499780802895,0.4187121300826154,-0.33575702219879977,30,475597__508021
508021,Jorge Cuenca,619747,L. Colwill,-0.5859625909851616,0.3815318447908244,0.1279068179133556,-0.3361082978706806,31,508021__619747
508021,Jorge Cuenca,402884,K. Walker-Peters,-0.7656705958170466,0.46032056471895605,0.3824211014748067,-0.36383850176489796,32,402884__508021
508021,Jorge Cuenca,240032,J. Bednarek,-0.989326586265477,0.5619478252252453,0.7107116159249066,-0.39431321549884274,33,240032__508021
508021,Jorge Cuenca,590703,I. Zabarnyi,-0.7701978611675273,0.4197905914139107,0.251495543502704,-0.4126051695329464,34,508021__590703
508021,Jorge Cuenca,412027,E. Konsa,-0.8997113295454481,0.4775638309493759,0.4381226987960711,-0.43146941962591645,35,412027__508021
508021,Jorge Cuenca,767087,A. Gray,-0.8594055142039948,0.445254787117126,0.33375353083622306,-0.4417998484399186,36,508021__767087
508021,Jorge Cuenca,594120,J. O'Brien,-0.9623506654798581,0.48135566435372634,0.4503716065480049,-0.46789787027010615,37,508021__594120
508021,Jorge Cuenca,653730,A. Khusanov,-0.7628780407678244,0.33034466355746117,-0.03744513565338819,-0.5089765239777717,38,508021__653730
508021,Jorge Cuenca,8582,A. Cresswell,-0.7848050027263348,0.3375354482954488,-0.014216462468915293,-0.5150990136362379,39,8582__508021
508021,Jorge Cuenca,270866,Diego Carlos,-0.7283826613577837,0.28495742551531167,-0.18406130588267716,-0.5378701869414965,40,270866__508021
508021,Jorge Cuenca,7953,C. Coady,-0.9067871330940998,0.384295500268938,0.1368343622961602,-0.5415196097075088,41,7953__508021
508021,Jorge Cuenca,62126,M. Doherty,-0.8396895691016777,0.27356698108379185,-0.22085630403189424,-0.6230979263272536,42,62126__508021
508021,Jorge Cuenca,15806,J. Vestergaard,-0.9082241237954132,0.29217976252608124,-0.16073070815736695,-0.6466014283220971,43,15806__508021
508021,Jorge Cuenca,447424,C. Bassey,-0.8320141783824044,0.21840946455432111,-0.39903378699306513,-0.6804710413961357,44,447424__508021
508021,Jorge Cuenca,769441,L. Yoro,-0.9111198897645927,0.25243128097791356,-0.28913178274158957,-0.6934240523065416,45,508021__769441
508021,Jorge Cuenca,8135,L. Shaw,-0.9808625893630774,0.24249213417541404,-0.32123859739675487,-0.7499941921748645,46,8135__508021
508021,Jorge Cuenca,239411,T. Mings,-0.8991024388435896,0.19139278809638438,-0.4863068136290539,-0.7546239700185021,47,239411__508021
508021,Jorge Cuenca,397074,M. Guéhi,-1.0451184426449984,0.1910587314568626,-0.4873859298572955,-0.8499120631693025,48,397074__508021
508021,Jorge Cuenca,413002,K. Mavropanos,-1.0366931100936607,0.15805992181350906,-0.5939832752948125,-0.8817446679140639,49,413002__508021
508021,Jorge Cuenca,8360,C. Dawson,-1.0756905284047218,0.1802397241757055,-0.5223349922296955,-0.8820160907434625,50,8360__508021
508021,Jorge Cuenca,136441,B. Davies,-0.963906220581985,0.11207208942495721,-0.7425395689316792,-0.8864278925043779,51,136441__508021
508021,Jorge Cuenca,50102,F. Schär,-1.317103802557984,0.28317023803960484,-0.1898345274857751,-0.9225595562827109,52,50102__508021
508021,Jorge Cuenca,604320,J. Branthwaite,-1.16808137914283,0.1857591164930718,-0.5045054833529116,-0.9358298156163585,53,508021__604320
508021,Jorge Cuenca,557788,W. Fofana,-1.226896043841686,0.21939424610647468,-0.3958526086284525,-0.9360308415170543,54,508021__557788
508021,Jorge Cuenca,520300,N. Wood,-1.4963656402286492,0.36658456613604573,0.0796220390581525,-0.9447699524782687,55,508021__520300
508021,Jorge Cuenca,496001,M. Kilman,-1.0927658650554286,0.11216825492554122,-0.742228921753926,-0.9700779348999027,56,496001__508021
508021,Jorge Cuenca,623641,E. Agbadou,-1.1790695947736856,0.14976811791596611,-0.6207686137333633,-0.9836642514095728,57,508021__623641
508021,Jorge Cuenca,285382,W. Faes,-1.1339858639203282,0.11442515759128154,-0.7349383608010029,-0.9943192378285644,58,285382__508021
508021,Jorge Cuenca,627012,Murillo,-1.465595557290096,0.2327990161655672,-0.35255065562035737,-1.0760298417056875,59,508021__627012
508021,Jorge Cuenca,558243,S. van den Berg,-1.5059345679846943,0.20883603322691824,-0.4299592166451937,-1.1293431950158692,60,508021__558243
508021,Jorge Cuenca,192792,D. Burn,-1.4075231912378972,0.12333002279754024,-0.7061726264389068,-1.1620504935582505,61,192792__508021
508021,Jorge Cuenca,8653,H. Maguire,-1.3150893852723526,0.06868088842997035,-0.8827078626186903,-1.163755852343571,62,8653__508021
508021,Jorge Cuenca,590874,Toti,-1.2478408730593733,0.018805024981114693,-1.0438238150579913,-1.1764349027588896,63,508021__590874
508021,Jorge Cuenca,545267,R. Drăgușin,-1.2826393065702741,0.03862804395489126,-0.979788741550795,-1.1766416088134566,64,508021__545267
508021,Jorge Cuenca,327391,J. Bree,-1.312915627160645,0.03184549238813583,-1.0016986831554562,-1.2039896967588288,65,327391__508021
508021,Jorge Cuenca,620468,J. Greaves,-1.4325097336860408,0.042913602803011854,-0.9659449331873036,-1.2692120535114828,66,508021__620468
508021,Jorge Cuenca,286380,I. Diop,-1.3840717680484194,0.0,-1.1045704227549986,-1.286246297195722,67,286380__508021
508021,Jorge Cuenca,479155,N. Collins,-1.4239694132011018,0.0,-1.1045704227549986,-1.3121797665449657,68,479155__508021
508021,Jorge Cuenca,366217,K. Danso,-1.4561284235193819,0.013537091208536519,-1.060841027562521,-1.3177778349344806,69,366217__508021
508021,Jorge Cuenca,645877,Y. Mosquera,-1.4671539179186663,0.004379715002347387,-1.0904224580838808,-1.3352979069764914,70,508021__645877
508021,Jorge Cuenca,346131,T. Chalobah,-1.4674647295348082,0.0,-1.1045704227549986,-1.340451722161875,71,346131__508021
508021,Jorge Cuenca,365443,M. de Ligt,-1.6010519396417844,0.055302902017900585,-0.9259232953642479,-1.3647569141446467,72,365443__508021
508021,Jorge Cuenca,501419,J. Todibo,-1.5838737122534323,0.01896597678456833,-1.0433038861521617,-1.3946742731179875,73,501419__508021
508021,Jorge Cuenca,399581,D. O'Shea,-1.6557417842795603,0.059350443035125745,-0.9128483653092309,-1.3957290876399449,74,399581__508021
508021,Jorge Cuenca,9433,J. Tarkowski,-1.6283382698191877,0.03631008058979165,-0.9872765492690593,-1.403966667626643,75,9433__508021
508021,Jorge Cuenca,518805,L. Woolfenden,-1.6220720618029136,0.0,-1.1045704227549986,-1.4409464881361433,76,508021__518805
508021,Jorge Cuenca,424241,N. Milenković,-1.7902421240817112,0.08434347811232346,-0.8321123865739303,-1.4548967159539878,77,424241__508021
508021,Jorge Cuenca,364003,S. Bueno,-1.6997497683894647,0.030143341610314404,-1.007197207387427,-1.4573563720387515,78,364003__508021
508021,Jorge Cuenca,424806,E. Pinnock,-1.6627333158361413,0.0,-1.1045704227549986,-1.4673763032577414,79,424806__508021
508021,Jorge Cuenca,583655,C. Okoli,-1.7907811071870954,0.0,-1.1045704227549986,-1.5506073676358616,80,508021__583655
508021,Jorge Cuenca,255738,J. Lerma,-2.036863054197169,0.12034831152616823,-0.7158045649792534,-1.5744925829708984,81,255738__508021
508021,Jorge Cuenca,504375,M. Lacroix,-1.8523172132850985,0.006864327515649884,-1.08239631710421,-1.5828448996217874,82,504375__508021
508021,Jorge Cuenca,7919,M. Keane,-1.9811142172857013,0.04050782565410046,-0.9737164092059802,-1.628524984457799,83,7919__508021
508021,Jorge Cuenca,288080,C. Burgess,-2.1402360979031556,0.04487664705616696,-0.9596036345579195,-1.7270147357323231,84,288080__508021
508021,Jorge Cuenca,563725,Morato,-2.3108971201812354,0.04050782565410046,-0.9737164092059802,-1.8428838713398963,85,508021__563725
508021,Jorge Cuenca,534563,C. Richards,-2.379676358459509,0.0,-1.1045704227549986,-1.9333892809629305,86,508021__534563
508021,Jorge Cuenca,488709,L. Thomas,-2.4229740085989615,0.0,-1.1045704227549986,-1.9615327535535745,87,488709__508021
518805,L. Woolfenden,568412,J. Gvardiol,1.4924153861499803,0.6539229476265279,2.2896419104493027,1.771444669654743,1,518805__568412
518805,L. Woolfenden,590781,J. van Hecke,0.5809573450380108,0.6216991900804782,2.126665733183921,1.1219552808890794,2,518805__590781
518805,L. Woolfenden,145787,J. Andersen,0.6756444609956569,0.5775439488416886,1.9033444022359463,1.1053394404297583,3,145787__518805
518805,L. Woolfenden,258154,Rúben Dias,0.8045157130558304,0.5264801484946088,1.6450820637946015,1.0987139358144002,4,258154__518805
518805,L. Woolfenden,297957,M. Akanji,0.7896590057781511,0.4881827706640789,1.4513876993435233,1.0212640485260314,5,297957__518805
518805,L. Woolfenden,370,V. van Dijk,0.6165337277886912,0.5508944951078656,1.7685610490052628,1.0197432902144912,6,370__518805
518805,L. Woolfenden,257899,J. Gomez,0.4954148690914821,0.572603491381881,1.8783573451060935,0.9794447356965961,7,257899__518805
518805,L. Woolfenden,234399,A. Webster,0.305329299058853,0.5876317330968499,1.9543647871998855,0.8824917199082143,8,234399__518805
518805,L. Woolfenden,415847,C. Romero,0.31437905376328845,0.582701533927646,1.9294296128147892,0.8796467494313136,9,415847__518805
518805,L. Woolfenden,9097,L. Dunk,0.30792877309151323,0.51756577178522,1.5999963522129044,0.7601524257840001,10,9097__518805
518805,L. Woolfenden,412968,M. Senesi,0.28002103065901446,0.49643586661687333,1.4931288906700986,0.7046087816628939,11,412968__518805
518805,L. Woolfenden,134102,N. Aké,0.4591194074662836,0.4154161061832933,1.0833600789617754,0.6776036424897057,12,134102__518805
518805,L. Woolfenden,549884,T. Harwood-Bellis,0.00791448875700717,0.5299024290467333,1.6623907280966421,0.5869811725258793,13,518805__549884
518805,L. Woolfenden,777938,Dean Huijsen,0.040448006024894845,0.4854821792511101,1.43772907917136,0.5294963816261576,14,518805__777938
518805,L. Woolfenden,349142,N. Mazraoui,-0.0584923735770069,0.4652248163653553,1.33527462270768,0.42932607512263343,15,349142__518805
518805,L. Woolfenden,578325,W. Saliba,0.24199924377919638,0.3331919150010466,0.6674996896676281,0.3909243998401475,16,518805__578325
518805,L. Woolfenden,9380,J. Stones,0.008151507977168987,0.39102240828099083,0.9599855275053711,0.34129341481203973,17,9380__518805
518805,L. Woolfenden,488453,L. Martínez,-0.028867178556281813,0.38718128197896173,0.9405584920268549,0.310431806147816,18,488453__518805
518805,L. Woolfenden,590703,I. Zabarnyi,-0.24403864793718016,0.45780115371419505,1.2977284067375254,0.29557982119896675,19,518805__590703
518805,L. Woolfenden,622200,J. Quansah,0.15092382790846856,0.31051707094212294,0.5528184828117549,0.2915869571246188,20,518805__622200
518805,L. Woolfenden,283145,T. Adarabioyo,0.017929260573583093,0.3530154414816967,0.7677599576118137,0.28037000453696376,21,283145__518805
518805,L. Woolfenden,400549,Pau Torres,-0.12249276557684802,0.37501144121901464,0.879007814016998,0.2280324372809981,22,400549__518805
518805,L. Woolfenden,625787,M. van de Ven,-0.047862103275983295,0.3233465662915278,0.6177054565081642,0.18508654264846833,23,518805__625787
518805,L. Woolfenden,619747,L. Colwill,-0.1935065701459894,0.3755890372186832,0.881929086866548,0.18289590980839868,24,518805__619747
518805,L. Woolfenden,415917,Gabriel Magalhaes,-0.16659058129656645,0.3360013961497,0.6817090349636366,0.1303142843945046,25,415917__518805
518805,L. Woolfenden,8582,A. Cresswell,-0.27582558241417426,0.35021724321125935,0.7536076770562399,0.08447605840047062,26,8582__518805
518805,L. Woolfenden,393247,I. Konaté,-0.150746214706268,0.2961546811176199,0.4801786801243223,0.07007749848443857,27,393247__518805
518805,L. Woolfenden,386292,A. Disasi,0.09878632267818102,0.191456564800196,-0.04934674036444356,0.046939750613262415,28,386292__518805
518805,L. Woolfenden,415953,Igor Julio,-0.1502478872672442,0.26311942187068293,0.31309821909048335,0.01192324995796043,29,415953__518805
518805,L. Woolfenden,50102,F. Schär,-0.5471549965846185,0.32344363028609996,0.6181963712862707,-0.13928201782980731,30,50102__518805
518805,L. Woolfenden,482177,J. Kiwior,-0.32672253793860684,0.24201184389221056,0.2063436804446919,-0.14014936150445229,31,482177__518805
518805,L. Woolfenden,653730,A. Khusanov,-0.3378651212462288,0.24574703005407772,0.2252349087927741,-0.1407801107325778,32,518805__653730
518805,L. Woolfenden,62126,M. Doherty,-0.4314707611518893,0.27356698108379185,0.3659382164083921,-0.15237761900579083,33,62126__518805
518805,L. Woolfenden,8135,L. Shaw,-0.5267002315296426,0.29131360910441323,0.45569427884208985,-0.1828621528995363,34,8135__518805
518805,L. Woolfenden,397074,M. Guéhi,-0.5385720969541302,0.2292038225457185,0.1415653145324715,-0.30052400293381965,35,397074__518805
518805,L. Woolfenden,594120,J. O'Brien,-0.500733105273477,0.18265514277667638,-0.09386116776611104,-0.35832792714589895,36,518805__594120
518805,L. Woolfenden,270866,Diego Carlos,-0.39361657908186115,0.14200931424190472,-0.2994331513224893,-0.360652379366081,37,270866__518805
518805,L. Woolfenden,447424,C. Bassey,-0.4962309698670325,0.17960749949718022,-0.10927505147135587,-0.3607963984285457,38,447424__518805
518805,L. Woolfenden,402884,K. Walker-Peters,-0.4596318284347631,0.157556973547612,-0.22079868184922521,-0.3760402271298248,39,402884__518805
518805,L. Woolfenden,627012,Murillo,-0.696572046768265,0.24312090582609186,0.21195291686214637,-0.378588309497621,40,518805__627012
518805,L. Woolfenden,8136,J. Stephens,-0.37353941890725345,0.11269512914075418,-0.44769375751057766,-0.3994934374184169,41,8136__518805
518805,L. Woolfenden,7953,C. Coady,-0.6247127569637395,0.16537530040029502,-0.18125639627807014,-0.46950303072375527,42,7953__518805
518805,L. Woolfenden,604320,J. Branthwaite,-0.6520547767157396,0.16601375214352346,-0.17802733696271586,-0.4861451728021813,43,518805__604320
518805,L. Woolfenden,71703,V. Lindelöf,-0.5101298853234854,0.10810537564491265,-0.4709070801118822,-0.49640190349942426,44,71703__518805
518805,L. Woolfenden,767087,A. Gray,-0.5538051083046035,0.10658708903958063,-0.47858602775095355,-0.527478430110826,45,518805__767087
518805,L. Woolfenden,475597,S. Botman,-0.4072435603821006,0.04403063106884631,-0.7949740954293802,-0.5429492476486484,46,475597__518805
518805,L. Woolfenden,623641,E. Agbadou,-0.7071048487080152,0.14976811791596611,-0.2601919125829017,-0.5506853210642254,47,518805__623641
518805,L. Woolfenden,15806,J. Vestergaard,-0.5734580415194904,0.10047741357705023,-0.5094865690609589,-0.5510680261590044,48,15806__518805
518805,L. Woolfenden,136441,B. Davies,-0.6178889641017848,0.11207208942495721,-0.45084486833370224,-0.5594235305829559,49,136441__518805
518805,L. Woolfenden,8360,C. Dawson,-0.7141113320800817,0.09698247700316355,-0.5271627013922998,-0.6486793113393581,50,8360__518805
518805,L. Woolfenden,239411,T. Mings,-0.5643363565676668,0.04113349997846029,-0.8096267426097423,-0.6501879916823932,51,239411__518805
518805,L. Woolfenden,413002,K. Mavropanos,-0.6882834262375358,0.07578583072181838,-0.6343677154830166,-0.6694129274734542,52,413002__518805
518805,L. Woolfenden,769441,L. Yoro,-0.5763538074886698,0.024141591733048282,-0.8955657038349782,-0.6880779712098777,53,518805__769441
518805,L. Woolfenden,285382,W. Faes,-0.7992197816444054,0.0958169890408293,-0.5330573203695749,-0.7060629201982148,54,285382__518805
518805,L. Woolfenden,412027,E. Konsa,-0.6371571743706456,0.03515300784771301,-0.8398739210848788,-0.7081080357206272,55,412027__518805
518805,L. Woolfenden,255738,J. Lerma,-1.0980032569569385,0.1934609968303504,-0.039209043995669206,-0.7274252824204942,56,255738__518805
518805,L. Woolfenden,240032,J. Bednarek,-0.6767211662042386,0.03697496256026949,-0.8306591293654846,-0.7305994533106747,57,240032__518805
518805,L. Woolfenden,496001,M. Kilman,-0.7579997827795056,0.04485112246443481,-0.7908243450180242,-0.7694883795629871,58,496001__518805
518805,L. Woolfenden,545267,R. Drăgușin,-0.766919116334849,0.03862804395489126,-0.8222984381574847,-0.7863018789727715,59,518805__545267
518805,L. Woolfenden,557788,W. Fofana,-0.7974038436412568,0.049173933487814805,-0.7689611214437925,-0.7874488908721442,60,518805__557788
518805,L. Woolfenden,590874,Toti,-0.8359376234306217,0.018805024981114693,-0.922556139314415,-0.8662541039899494,61,518805__590874
518805,L. Woolfenden,8653,H. Maguire,-0.9218074741796559,0.013290475090082297,-0.9504467495045932,-0.9318312205433841,62,8653__518805
518805,L. Woolfenden,399581,D. O'Shea,-0.982613978927677,0.03451776892253408,-0.8430867311219417,-0.9337794421956697,63,399581__518805
518805,L. Woolfenden,520300,N. Wood,-0.9972282179986786,0.021862532757630716,-0.9070923645307432,-0.9656806692849011,64,518805__520300
518805,L. Woolfenden,327391,J. Bree,-1.0480739453995016,0.03184549238813583,-0.8566021448209751,-0.9810588151970174,65,327391__518805
518805,L. Woolfenden,286380,I. Diop,-0.9809170078857771,0.0,-1.0176651929504577,-0.9937788726584154,66,286380__518805
518805,L. Woolfenden,620468,J. Greaves,-1.0444832228716883,0.021862532757630716,-0.9070923645307432,-0.9963964224523574,67,518805__620468
518805,L. Woolfenden,479155,N. Collins,-0.9899255035969745,0.0,-1.0176651929504577,-0.9996343948706936,68,479155__518805
518805,L. Woolfenden,366217,K. Danso,-1.0280530138578503,0.013537091208536519,-0.9491994538662661,-1.0004542678607957,69,366217__518805
518805,L. Woolfenden,346131,T. Chalobah,-0.9996460431790916,0.0,-1.0176651929504577,-1.0059527455990698,70,346131__518805
518805,L. Woolfenden,9433,J. Tarkowski,-1.0581907905570462,0.013290475090082297,-0.9504467495045932,-1.0204803761886876,71,9433__518805
518805,L. Woolfenden,192792,D. Burn,-1.111571563032076,0.021862532757630716,-0.9070923645307432,-1.0400038435566095,72,192792__518805
518805,L. Woolfenden,645877,Y. Mosquera,-1.0791274071043135,0.004379715002347387,-0.9955141695145853,-1.0498627739479087,73,518805__645877
518805,L. Woolfenden,365443,M. de Ligt,-1.192322152065194,0.03323459795678737,-0.8495765484089689,-1.0723611907855153,74,365443__518805
518805,L. Woolfenden,558243,S. van den Berg,-1.1855156570980028,0.021862532757630716,-0.9070923645307432,-1.088067504699462,75,518805__558243
518805,L. Woolfenden,288080,C. Burgess,-1.2601170687246293,0.04487664705616696,-0.790695250812272,-1.095819432455304,76,288080__518805
518805,L. Woolfenden,504375,M. Lacroix,-1.1973935367285202,0.006864327515649884,-0.9829478929459665,-1.1223375614046263,77,504375__518805
518805,L. Woolfenden,501419,J. Todibo,-1.2620661710035017,0.01896597678456833,-0.9217421029745079,-1.1429527471933538,78,501419__518805
518805,L. Woolfenden,424806,E. Pinnock,-1.2500842680047557,0.0,-1.0176651929504577,-1.1687375917357514,79,424806__518805
518805,L. Woolfenden,364003,S. Bueno,-1.3374344033064758,0.021862532757630716,-0.9070923645307432,-1.1868146897349694,80,364003__518805
518805,L. Woolfenden,583655,C. Okoli,-1.291404034729782,0.0,-1.0176651929504577,-1.1955954401070186,81,518805__583655
518805,L. Woolfenden,424241,N. Milenković,-1.3330921361041552,0.013290475090082297,-0.9504467495045932,-1.1991662507943086,82,424241__518805
518805,L. Woolfenden,7919,M. Keane,-1.4438564703121224,0.013290475090082297,-0.9504467495045932,-1.2711630680294872,83,7919__518805
518805,L. Woolfenden,563725,Morato,-1.5104415928282018,0.013290475090082297,-0.9504467495045932,-1.3144433976649388,84,518805__563725
518805,L. Woolfenden,534563,C. Richards,-1.4792019591550414,0.0,-1.0176651929504577,-1.3176640909834372,85,518805__534563
518805,L. Woolfenden,488709,L. Thomas,-1.5389567666427015,0.0,-1.0176651929504577,-1.3565047158504162,86,488709__518805
518805,L. Woolfenden,508021,Jorge Cuenca,-1.6220720618029136,0.0,-1.0176651929504577,-1.410529657704554,87,508021__518805
520300,N. Wood,568412,J. Gvardiol,1.4574921004664643,0.8114904955302467,2.5831027018662827,1.8514558109564008,1,520300__568412
520300,N. Wood,145787,J. Andersen,0.9428781544086886,0.8320652621227873,2.6721317746812483,1.5481169215040844,2,145787__520300
520300,N. Wood,257899,J. Gomez,0.7510936790942275,0.8352394128526857,2.6858666423496986,1.4282642162336423,3,257899__520300
520300,N. Wood,590781,J. van Hecke,0.779844725422767,0.789695786550823,2.4887948163316986,1.377977257240893,4,520300__590781
520300,N. Wood,412968,M. Senesi,0.5472547240720467,0.750586388311414,2.319564538654178,1.1675631591757925,5,412968__520300
520300,N. Wood,415847,C. Romero,0.5409769430334972,0.7329644329093488,2.2433125751834804,1.1367944142859914,6,415847__520300
520300,N. Wood,234399,A. Webster,0.545040198356375,0.644511705774498,1.860568778341287,1.0054752013510941,7,234399__520300
520300,N. Wood,297957,M. Akanji,0.7547357200946355,0.5518669763936954,1.459685768521064,1.0014682370438854,8,297957__520300
520300,N. Wood,258154,Rúben Dias,0.7695924273723147,0.5147160982167336,1.29893020303359,0.9548606488537611,9,258154__520300
520300,N. Wood,777938,Dean Huijsen,0.30768169943792706,0.6671387324314331,1.958478185710058,0.8854604696331728,10,520300__777938
520300,N. Wood,370,V. van Dijk,0.6084314152103023,0.4897104623053532,1.190728315526107,0.812235330320834,11,370__520300
520300,N. Wood,549884,T. Harwood-Bellis,0.24334818161122818,0.5192339140217626,1.3184792438677326,0.6196440534010047,12,520300__549884
520300,N. Wood,9097,L. Dunk,0.38540053222924275,0.4098909227288344,0.8453411846902559,0.5463797605905973,13,9097__520300
520300,N. Wood,134102,N. Aké,0.4241961217827679,0.3658994613427083,0.6549857315011975,0.5049724851842182,14,134102__520300
520300,N. Wood,349142,N. Mazraoui,0.1716536427449141,0.47338285115200707,1.120077109072435,0.5036018559595464,15,349142__520300
520300,N. Wood,590703,I. Zabarnyi,0.04958005556322925,0.5036806520088489,1.2511787235906304,0.47013958937281963,16,520300__590703
520300,N. Wood,622200,J. Quansah,0.18013109277856748,0.3759273500589934,0.6983774089079389,0.36151730342384747,17,520300__622200
520300,N. Wood,8582,A. Cresswell,-0.008591889001141939,0.4279494301547919,0.9234821524297419,0.31763402549966735,18,8582__520300
520300,N. Wood,578325,W. Saliba,0.2070759580956808,0.31791494195773484,0.4473519169885824,0.29117254370819634,19,520300__578325
520300,N. Wood,400549,Pau Torres,0.05798067073971186,0.36943622102344076,0.6702896443659551,0.27228881150889694,20,400549__520300
520300,N. Wood,9380,J. Stones,0.033088764614213104,0.36964830015540795,0.6712073319809041,0.2564302631925549,21,9380__520300
520300,N. Wood,386292,A. Disasi,0.06386303699466532,0.31539210932243095,0.43643536785650755,0.19426335279631007,22,386292__520300
520300,N. Wood,488453,L. Martínez,0.06709231822652292,0.26842744711911976,0.23321457736915613,0.12523510892644454,23,488453__520300
520300,N. Wood,283145,T. Adarabioyo,0.08015403803483599,0.26136089456623635,0.20263689771715324,0.12302303892364702,24,283145__520300
520300,N. Wood,619747,L. Colwill,-0.07562255795153922,0.27550697790753514,0.2638484151443139,0.04319228263200936,25,520300__619747
520300,N. Wood,415917,Gabriel Magalhaes,-0.02753752618788277,0.2353305784557992,0.09000111650577002,0.013600998754895698,26,415917__520300
520300,N. Wood,625787,M. van de Ven,-0.08159428006366277,0.2474570087201059,0.14247339307477738,-0.0031705944652087245,27,520300__625787
520300,N. Wood,62126,M. Doherty,-0.1526464031383235,0.27356698108379185,0.2554538548607254,-0.009811312838656397,28,62126__520300
520300,N. Wood,393247,I. Konaté,-0.04863606642563456,0.22544071357759143,0.04720668205073474,-0.015091104458905307,29,393247__520300
520300,N. Wood,8135,L. Shaw,-0.21364775224479204,0.29619221199703294,0.3533554918669327,-0.015196616805688401,30,8135__520300
520300,N. Wood,475597,S. Botman,-0.27477583885729634,0.2884890077382685,0.3200229566093648,-0.06659626044396497,31,475597__520300
520300,N. Wood,50102,F. Schär,-0.35509960353653053,0.3165815285769779,0.4415821039297603,-0.07626100592332877,32,50102__520300
520300,N. Wood,415953,Igor Julio,-0.06993494218636231,0.19317331840394622,-0.0924175640636897,-0.0778038598434269,33,415953__520300
520300,N. Wood,397074,M. Guéhi,-0.24783246137158832,0.2292038225457185,0.06349003092019401,-0.1388695890694645,34,397074__520300
520300,N. Wood,627012,Murillo,-0.36664784475150924,0.24533693369530607,0.13329961640483817,-0.19166623334678765,35,520300__627012
520300,N. Wood,482177,J. Kiwior,-0.3012177271002661,0.2020814429950214,-0.05387121801905707,-0.21464644892184295,36,482177__520300
520300,N. Wood,653730,A. Khusanov,-0.2799531455985741,0.18034459513265755,-0.14792873271318882,-0.23374460108868925,37,520300__653730
520300,N. Wood,604320,J. Branthwaite,-0.32295676708321147,0.1857591164930718,-0.12449955725759582,-0.253496743644246,38,520300__604320
520300,N. Wood,270866,Diego Carlos,-0.22979323925480033,0.13850767583473567,-0.3289612668017611,-0.2645020488962366,39,270866__520300
520300,N. Wood,447424,C. Bassey,-0.30199290860608874,0.1403256937718324,-0.32109452136031436,-0.3086784730700677,40,447424__520300
520300,N. Wood,8360,C. Dawson,-0.41286767422561693,0.1802397241757055,-0.14838251983250636,-0.32029787018802824,41,8360__520300
520300,N. Wood,8136,J. Stephens,-0.39645716917731016,0.15344356585778823,-0.26433217687075994,-0.3502134218700176,42,8136__520300
520300,N. Wood,413002,K. Mavropanos,-0.41163184388459517,0.15805992181350906,-0.24435674294915843,-0.3530855585571923,43,413002__520300
520300,N. Wood,15806,J. Vestergaard,-0.4352179379656498,0.14573986376927603,-0.29766686628743655,-0.3870750628782752,44,15806__520300
520300,N. Wood,623641,E. Agbadou,-0.44936433352984206,0.12359544718894633,-0.3934879715868702,-0.4298076068498019,45,520300__623641
520300,N. Wood,239411,T. Mings,-0.39039187484911697,0.07998342840143666,-0.5822015387020633,-0.4575252571976482,46,239411__520300
520300,N. Wood,71703,V. Lindelöf,-0.5698155224672485,0.1549712279761326,-0.25772183009676275,-0.4605827301375785,47,71703__520300
520300,N. Wood,136441,B. Davies,-0.39511364170232144,0.07626578249367345,-0.598288164362376,-0.4662247246333405,48,136441__520300
520300,N. Wood,594120,J. O'Brien,-0.4643044734607579,0.10188887560935178,-0.48741447777740066,-0.4723929749715829,49,520300__594120
520300,N. Wood,7953,C. Coady,-0.5481679299323973,0.10188887560935178,-0.48741447777740066,-0.5269042216781485,50,7953__520300
520300,N. Wood,402884,K. Walker-Peters,-0.5488221735868238,0.10188887560935178,-0.48741447777740066,-0.5273294800535258,51,402884__520300
520300,N. Wood,255738,J. Lerma,-0.8023827437068279,0.1934609968303504,-0.09117275074070806,-0.553459246168686,52,255738__520300
520300,N. Wood,285382,W. Faes,-0.5515779066347934,0.07395445628319859,-0.6082895040405675,-0.5714269657268144,53,285382__520300
520300,N. Wood,496001,M. Kilman,-0.5335826705366707,0.052886473441932536,-0.6994527728924019,-0.5916372063611767,54,496001__520300
520300,N. Wood,240032,J. Bednarek,-0.7925035067339171,0.15549772691590885,-0.255443616526975,-0.6045325451614874,55,240032__520300
520300,N. Wood,545267,R. Drăgușin,-0.5547071090177345,0.03862804395489126,-0.7611504233284014,-0.6269622690264679,56,520300__545267
520300,N. Wood,8653,H. Maguire,-0.6545737807666236,0.06868088842997035,-0.6311087595732128,-0.6463610233489299,57,8653__520300
520300,N. Wood,769441,L. Yoro,-0.5207091742130263,0.002279058975417566,-0.9184361167496288,-0.6599136041008372,58,520300__769441
520300,N. Wood,399581,D. O'Shea,-0.6559915516265367,0.059350443035125745,-0.6714825299738377,-0.6614133940480921,59,399581__520300
520300,N. Wood,590874,Toti,-0.5962793525093228,0.018805024981114693,-0.84692660901153,-0.6840058922850953,60,520300__590874
520300,N. Wood,767087,A. Gray,-0.5840189762317283,0.00997025428872772,-0.8851555454001065,-0.6894167754406606,61,520300__767087
520300,N. Wood,9433,J. Tarkowski,-0.7282665885402906,0.03631008058979165,-0.7711804826384638,-0.7432864514746512,62,9433__520300
520300,N. Wood,557788,W. Fofana,-0.7091326532869727,0.00997025428872772,-0.8851555454001065,-0.7707406655265696,63,520300__557788
520300,N. Wood,412027,E. Konsa,-0.7476270968561928,0.02613862139550467,-0.8151934038626072,-0.7712753043084378,64,412027__520300
520300,N. Wood,327391,J. Bree,-0.7735944507439078,0.03184549238813583,-0.7904992023092939,-0.7795111137917929,65,327391__520300
520300,N. Wood,286380,I. Diop,-0.7085898525232026,0.0,-0.9282978328745453,-0.7854876456461726,66,286380__520300
520300,N. Wood,346131,T. Chalobah,-0.719058061240019,0.0,-0.9282978328745453,-0.7922919813121032,67,346131__520300
520300,N. Wood,479155,N. Collins,-0.7203257466551343,0.0,-0.9282978328745453,-0.793115976831928,68,479155__520300
520300,N. Wood,366217,K. Danso,-0.7988622288019616,0.00997025428872772,-0.8851555454001065,-0.8290648896113124,69,366217__520300
520300,N. Wood,620468,J. Greaves,-0.8318036569581451,0.0,-0.9282978328745453,-0.8655766185288851,70,520300__620468
520300,N. Wood,645877,Y. Mosquera,-0.8413161515725134,0.0,-0.9282978328745453,-0.8717597400282244,71,520300__645877
520300,N. Wood,504375,M. Lacroix,-0.8588944416056972,0.006864327515649884,-0.8985952011840292,-0.8727897074581135,72,504375__520300
520300,N. Wood,288080,C. Burgess,-0.9878303497628858,0.04487664705616696,-0.7341120927600739,-0.8990289598119017,73,288080__520300
520300,N. Wood,424241,N. Milenković,-1.1077648636662265,0.08434347811232346,-0.5633351675361253,-0.9172144700206911,74,424241__520300
520300,N. Wood,192792,D. Burn,-0.9633342436950072,0.0,-0.9282978328745453,-0.9510714999078456,75,192792__520300
520300,N. Wood,583655,C. Okoli,-0.9808729875495339,0.0,-0.9282978328745453,-0.9624716834132878,76,520300__583655
520300,N. Wood,7919,M. Keane,-1.079226585091241,0.04050782565410046,-0.7530164199110401,-0.9650530272781708,77,7919__520300
520300,N. Wood,424806,E. Pinnock,-0.9936467871949526,0.0,-0.9282978328745453,-0.9707746531828101,78,424806__520300
520300,N. Wood,518805,L. Woolfenden,-0.9972282179986786,0.0,-0.9282978328745453,-0.9731025832052318,79,518805__520300
520300,N. Wood,365443,M. de Ligt,-1.029752354982925,0.00997025428872772,-0.8851555454001065,-0.9791434716289387,80,365443__520300
520300,N. Wood,501419,J. Todibo,-1.064259930624889,0.0,-0.9282978328745453,-1.0166731964122686,81,501419__520300
520300,N. Wood,563725,Morato,-1.1710273663563053,0.04050782565410046,-0.7530164199110401,-1.0247235351004624,82,520300__563725
520300,N. Wood,558243,S. van den Berg,-1.2170873976512573,0.0,-0.9282978328745453,-1.116011049979408,83,520300__558243
520300,N. Wood,534563,C. Richards,-1.2290161588162842,0.0,-0.9282978328745453,-1.1237647447366756,84,520300__534563
520300,N. Wood,364003,S. Bueno,-1.2300751204959013,0.0,-0.9282978328745453,-1.1244530698284267,85,364003__520300
520300,N. Wood,488709,L. Thomas,-1.3737078480757519,0.0,-0.9282978328745453,-1.2178143427553296,86,488709__520300
520300,N. Wood,508021,Jorge Cuenca,-1.4963656402286492,0.0,-0.9282978328745453,-1.2975419076547128,87,508021__520300
534563,C. Richards,568412,J. Gvardiol,1.2888873413504907,1.033124114848389,2.510186908319969,1.716342189789808,1,534563__568412
534563,C. Richards,297957,M. Akanji,0.5861309609786609,1.1378142430075413,2.878543722488312,1.3884754275070386,2,297957__534563
534563,C. Richards,258154,Rúben Dias,0.6009876682563404,0.9414008321692735,2.1874545095079467,1.1562510626944027,3,258154__534563
534563,C. Richards,370,V. van Dijk,0.4130056829892012,0.9730857537939089,2.2989392979216285,1.0730824482155508,4,370__534563
534563,C. Richards,134102,N. Aké,0.255591362666794,1.0133637533270083,2.4406592083847376,1.020365108668074,5,134102__534563
534563,C. Richards,578325,W. Saliba,0.0812714361151054,0.9421461881294475,2.1900770771916322,0.8193534104918898,6,534563__578325
534563,C. Richards,590781,J. van Hecke,0.3774293002385211,0.6960048441837714,1.3240179474033087,0.7087353267461967,7,534563__590781
534563,C. Richards,9097,L. Dunk,0.10215603590151462,0.7364914351585699,1.46647179601587,0.579666551941539,8,9097__534563
534563,C. Richards,257899,J. Gomez,0.29188682429199236,0.543699237477648,0.7881239805819538,0.4655698289934788,9,257899__534563
534563,C. Richards,145787,J. Andersen,0.335754892046594,0.5189742219487316,0.7011279274617508,0.46363545444189885,10,145787__534563
534563,C. Richards,386292,A. Disasi,-0.104741722121309,0.7505397473163725,1.5159013993785075,0.4624833704036268,11,386292__534563
534563,C. Richards,9380,J. Stones,-0.09807924529061945,0.7288640124137139,1.4396343740734778,0.4401205214868146,12,9380__534563
534563,C. Richards,622200,J. Quansah,-0.05260421689102135,0.6600807118540402,1.1976173099274923,0.38497331749545843,13,534563__622200
534563,C. Richards,415847,C. Romero,0.1108510089637984,0.48621106363439665,0.5858493158966317,0.27710041639029004,14,415847__534563
534563,C. Richards,234399,A. Webster,0.07926799603156565,0.488724971901235,0.5946946125503552,0.25966731181314195,15,234399__534563
534563,C. Richards,283145,T. Adarabioyo,-0.18559878422590675,0.6060338493838419,1.007451050458869,0.2319686579137647,16,283145__534563
534563,C. Richards,488453,L. Martínez,-0.2323952233557719,0.5636429716903548,0.8582968853857827,0.14934701470377224,17,488453__534563
534563,C. Richards,625787,M. van de Ven,-0.31552893211603356,0.5255818845085762,0.724377278402879,0.04843824156558585,18,534563__625787
534563,C. Richards,549884,T. Harwood-Bellis,-0.19561355604248287,0.4505313011790304,0.46030850455707695,0.03395916516736305,19,534563__549884
534563,C. Richards,400549,Pau Torres,-0.32602081037633784,0.45636935656836664,0.4808499588657869,-0.0436160411415942,20,400549__534563
534563,C. Richards,393247,I. Konaté,-0.3542742595057582,0.4647092136361482,0.5101941122652093,-0.05171032938591957,21,393247__534563
534563,C. Richards,415917,Gabriel Magalhaes,-0.3730532854098769,0.4532901100693444,0.47001549481111954,-0.07797921233252816,22,415917__534563
534563,C. Richards,349142,N. Mazraoui,-0.2620204183764967,0.38521797705934335,0.23050070492483418,-0.08963802522103091,23,349142__534563
534563,C. Richards,71703,V. Lindelöf,-0.6228134612227342,0.5740931018979403,0.8950661275158395,-0.09155560516423344,24,71703__534563
534563,C. Richards,482177,J. Kiwior,-0.4888372420225869,0.4881271376036109,0.5925911063158553,-0.11033732010413216,25,482177__534563
534563,C. Richards,8136,J. Stephens,-0.5232277117647904,0.5045940506233908,0.6505306630420836,-0.11241228058238456,26,8136__534563
534563,C. Richards,777938,Dean Huijsen,-0.38259125196410504,0.4222833745406781,0.36091693396365754,-0.12236338688938814,27,534563__777938
534563,C. Richards,415953,Igor Julio,-0.35377593206673413,0.4000528631600234,0.28269790325369126,-0.13101008970458528,28,415953__534563
534563,C. Richards,412968,M. Senesi,-0.3206946954494438,0.3796479952913532,0.21090247942726378,-0.13463568424259614,29,412968__534563
534563,C. Richards,402884,K. Walker-Peters,-0.6191230102409813,0.46032056471895605,0.4947524582901308,-0.22926659625509205,30,402884__534563
534563,C. Richards,240032,J. Bednarek,-0.8127357013372762,0.5619478252252453,0.8523324380934153,-0.22996185253653423,31,240032__534563
534563,C. Richards,619747,L. Colwill,-0.45472455350872876,0.3642037250460629,0.15656113621998927,-0.24077456210367748,32,534563__619747
534563,C. Richards,412027,E. Konsa,-0.749840750269894,0.4775638309493759,0.5554236478872823,-0.2929982109148824,33,412027__534563
534563,C. Richards,767087,A. Gray,-0.7128579286279297,0.445254787117126,0.44174285807317165,-0.3087476532825443,34,534563__767087
534563,C. Richards,590703,I. Zabarnyi,-0.6389598236910945,0.4001089359960652,0.282895197990157,-0.3163105661026565,35,534563__590703
534563,C. Richards,475597,S. Botman,-0.6107716051815906,0.359666793981096,0.14059774499505945,-0.3477923326197631,36,475597__534563
534563,C. Richards,7953,C. Coady,-0.7602395475180348,0.384295500268938,0.22725492982040998,-0.41461648044957916,37,7953__534563
534563,C. Richards,653730,A. Khusanov,-0.6316400032913916,0.3106630081396157,-0.0318242278514544,-0.42170448188741355,38,534563__653730
534563,C. Richards,594120,J. O'Brien,-0.8233655149913238,0.40839742908265786,0.3120586249657376,-0.4259670660063523,39,534563__594120
534563,C. Richards,8582,A. Cresswell,-0.653566965249902,0.3178537928776033,-0.006523135914412231,-0.4271016249824806,40,8582__534563
534563,C. Richards,270866,Diego Carlos,-0.5971446238813514,0.28495742551531167,-0.12227044936562641,-0.43093866280084764,41,270866__534563
534563,C. Richards,15806,J. Vestergaard,-0.771892365107338,0.29217976252608124,-0.09685833937094959,-0.5356304560996021,42,15806__534563
534563,C. Richards,62126,M. Doherty,-0.7084515316252451,0.25480478145490676,-0.2283638518682744,-0.5404208437103054,43,62126__534563
534563,C. Richards,769441,L. Yoro,-0.7798818522881599,0.25243128097791356,-0.2367151175463824,-0.5897734951285378,44,534563__769441
534563,C. Richards,447424,C. Bassey,-0.7007761409059714,0.19872780913647567,-0.4256731420051762,-0.6044900912906931,45,447424__534563
534563,C. Richards,239411,T. Mings,-0.7678644013671568,0.19139278809638438,-0.451481735706373,-0.6571304683858825,46,239411__534563
534563,C. Richards,8135,L. Shaw,-0.8496245518866448,0.2228104787575686,-0.3409372111750162,-0.6715839826375748,47,8135__534563
534563,C. Richards,520300,N. Wood,-1.2290161588162842,0.36658456613604573,0.16493823016731848,-0.7411321226720233,48,520300__534563
534563,C. Richards,397074,M. Guéhi,-0.9138804051685658,0.17137707603901717,-0.5219078977180784,-0.7766900275608952,49,397074__534563
534563,C. Richards,8360,C. Dawson,-0.9444524909282888,0.1802397241757055,-0.4907242809804758,-0.7856476174465543,50,8360__534563
534563,C. Richards,413002,K. Mavropanos,-0.9054550726172281,0.15805992181350906,-0.5687648897817357,-0.7876135086248057,51,413002__534563
534563,C. Richards,136441,B. Davies,-0.8326681831055522,0.11207208942495721,-0.7305750979362448,-0.7969356032962946,52,136441__534563
534563,C. Richards,557788,W. Fofana,-1.0956580063652532,0.21939424610647468,-0.35295737580698405,-0.8357127856698591,53,534563__557788
534563,C. Richards,50102,F. Schär,-1.185865765081551,0.2634885826217594,-0.19780951604942454,-0.8400460779203067,54,50102__534563
534563,C. Richards,604320,J. Branthwaite,-1.0396946322103622,0.1857591164930718,-0.4713040566869349,-0.8407579307771627,55,534563__604320
534563,C. Richards,496001,M. Kilman,-0.9615278275789956,0.11216825492554122,-0.7302367353986217,-0.8805759453158647,56,496001__534563
534563,C. Richards,285382,W. Faes,-0.9900205658483329,0.11442515759128154,-0.7222957242406611,-0.8963168712856477,57,285382__534563
534563,C. Richards,623641,E. Agbadou,-1.047831557297253,0.1368095811240703,-0.6435351468632219,-0.9063278136453421,58,534563__623641
534563,C. Richards,627012,Murillo,-1.310729592662741,0.21311736074772175,-0.37504287263754654,-0.983239240653923,59,534563__627012
534563,C. Richards,558243,S. van den Berg,-1.3040411888340881,0.20883603322691824,-0.39010691156561966,-0.9841641917901243,60,534563__558243
534563,C. Richards,192792,D. Burn,-1.224467016377472,0.12333002279754024,-0.6909635648895006,-1.037740808356682,61,192792__534563
534563,C. Richards,8653,H. Maguire,-1.1685417996962872,0.06868088842997035,-0.8832489444822457,-1.0686893003713727,62,8653__534563
534563,C. Richards,545267,R. Drăgușin,-1.1514012690938413,0.03862804395489126,-0.9889911977604886,-1.0945577441271679,63,534563__545267
534563,C. Richards,590874,Toti,-1.1166028355829405,0.018805024981114693,-1.0587393606940403,-1.0963506193718253,64,534563__590874
534563,C. Richards,327391,J. Bree,-1.16636804158458,0.03184549238813583,-1.012855903353975,-1.1126387932038684,65,327391__534563
534563,C. Richards,620468,J. Greaves,-1.288989713450181,0.042913602803011854,-0.9739122707214004,-1.1787126084951078,66,534563__620468
534563,C. Richards,286380,I. Diop,-1.2528337305719868,0.0,-1.1249056670516844,-1.208058908339881,67,286380__534563
534563,C. Richards,479155,N. Collins,-1.2824934116704259,0.0,-1.1249056670516844,-1.2273377010538664,68,479155__534563
534563,C. Richards,366217,K. Danso,-1.3248903860429488,0.013537091208536519,-1.0772748170530844,-1.2382249368964962,69,366217__534563
534563,C. Richards,645877,Y. Mosquera,-1.3359158804422337,0.004379715002347387,-1.109495447448386,-1.256668728894387,70,534563__645877
534563,C. Richards,346131,T. Chalobah,-1.3362266920583756,0.0,-1.1249056670516844,-1.2622643333060337,71,346131__534563
534563,C. Richards,365443,M. de Ligt,-1.4480536761375962,0.055302902017900585,-0.930319977266215,-1.2668468815326128,72,365443__534563
534563,C. Richards,501419,J. Todibo,-1.4373261266773671,0.01896597678456833,-1.058173044704201,-1.304622547986759,73,501419__534563
534563,C. Richards,399581,D. O'Shea,-1.524879455015705,0.059350443035125745,-0.9160785264194434,-1.3117991300070135,74,399581__534563
534563,C. Richards,9433,J. Tarkowski,-1.5142195350569652,0.03631008058979165,-0.9971470536710766,-1.3332441665719044,75,9433__534563
534563,C. Richards,364003,S. Bueno,-1.5033784077441548,0.030143341610314404,-1.0188449956282657,-1.3337917135035937,76,364003__534563
534563,C. Richards,424241,N. Milenković,-1.6080128400989409,0.08434347811232346,-0.8281394347465546,-1.3350571482256057,77,424241__534563
534563,C. Richards,518805,L. Woolfenden,-1.4792019591550414,0.0,-1.1249056670516844,-1.3551982569188665,78,518805__534563
534563,C. Richards,424806,E. Pinnock,-1.50793002156651,0.0,-1.1249056670516844,-1.373871497486321,79,424806__534563
534563,C. Richards,255738,J. Lerma,-1.8003816002592663,0.10066665610832277,-0.7707056160146837,-1.4399950057736624,80,255738__534563
534563,C. Richards,583655,C. Okoli,-1.644349813501223,0.0,-1.1249056670516844,-1.4625443622438845,81,534563__583655
534563,C. Richards,504375,M. Lacroix,-1.7289272828266358,0.006864327515649884,-1.100753229190218,-1.5090663640538895,82,504375__534563
534563,C. Richards,7919,M. Keane,-1.847025654387614,0.04050782565410046,-0.9823771032873212,-1.5443986615025114,83,7919__534563
534563,C. Richards,288080,C. Burgess,-1.9645361034222237,0.04487664705616696,-0.967005213295084,-1.6154002918777248,84,288080__534563
534563,C. Richards,563725,Morato,-2.1146480348298566,0.04050782565410046,-0.9823771032873212,-1.718353208789969,85,534563__563725
534563,C. Richards,488709,L. Thomas,-2.2117508469997533,0.0,-1.1249056670516844,-1.8313550340179292,86,488709__534563
534563,C. Richards,508021,Jorge Cuenca,-2.379676358459509,0.0,-1.1249056670516844,-1.9405066164667706,87,508021__534563
545267,R. Drăgușin,568412,J. Gvardiol,1.6179771156502023,0.2743816230440814,1.4354687870283835,1.5540992006325658,1,545267__568412
545267,R. Drăgușin,297957,M. Akanji,0.9152207352783731,0.3074730480343732,1.7545704387950591,1.2089931315092133,2,297957__545267
545267,R. Drăgușin,258154,Rúben Dias,0.9300774425560526,0.290937768209218,1.595120215476505,1.162842413078211,3,258154__545267
545267,R. Drăgușin,370,V. van Dijk,0.7420954572889131,0.2852061987633582,1.5398505110764722,1.0213097261145587,4,370__545267
545267,R. Drăgușin,134102,N. Aké,0.6011546077742008,0.3074730480343732,1.7545704387950591,1.0048501486315011,5,134102__545267
545267,R. Drăgușin,578325,W. Saliba,0.49916924132435225,0.3074730480343732,1.7545704387950591,0.9385596604390997,6,545267__578325
545267,R. Drăgușin,386292,A. Disasi,0.3387036179302319,0.3074730480343732,1.7545704387950591,0.8342570052329215,7,386292__545267
545267,R. Drăgușin,9380,J. Stones,0.3198185599186278,0.2938435406259563,1.6231406702653592,0.7759812985399838,8,9380__545267
545267,R. Drăgușin,622200,J. Quansah,0.2952347263183045,0.27272796343586353,1.419522495425741,0.6887354455059073,9,545267__622200
545267,R. Drăgușin,590781,J. van Hecke,0.7065190745382329,0.18971640800266276,0.619039456021225,0.6759012080572802,10,545267__590781
545267,R. Drăgușin,9097,L. Dunk,0.43124581020122676,0.22344777011397648,0.9443120415692299,0.6108189911800279,11,9097__545267
545267,R. Drăgușin,71703,V. Lindelöf,-0.029014929521075997,0.3005227344933921,1.6875483467614274,0.5717822171778001,12,71703__545267
545267,R. Drăgușin,8136,J. Stephens,-0.02099628362236347,0.294530280663951,1.6297629260468103,0.5567694397618472,13,8136__545267
545267,R. Drăgușin,283145,T. Adarabioyo,0.1434909900738052,0.25302098179568216,1.2294874517682883,0.5235897516668743,14,283145__545267
545267,R. Drăgușin,475597,S. Botman,-0.0934067252792888,0.2677840676363462,1.3718483527663925,0.4194325520366996,15,475597__545267
545267,R. Drăgușin,488453,L. Martínez,0.09669455094394036,0.23025840303615416,1.009987189003376,0.4163469742647428,16,488453__545267
545267,R. Drăgușin,257899,J. Gomez,0.6209765985917043,0.12358253245872652,-0.01869158547949724,0.39709273416678376,17,257899__545267
545267,R. Drăgușin,240032,J. Bednarek,-0.13726938224279692,0.2696060223489027,1.3894175193523406,0.39707103331550114,18,240032__545267
545267,R. Drăgușin,145787,J. Andersen,0.675273768632294,0.11119759992067253,-0.13811987939767426,0.39058599182180515,19,145787__545267
545267,R. Drăgușin,15806,J. Vestergaard,-0.2452748154952501,0.266544337194771,1.359893593134006,0.31653412752498944,20,15806__545267
545267,R. Drăgușin,393247,I. Konaté,-0.02518448520604591,0.22344777011397648,0.9443120415692299,0.3141392991653006,21,393247__545267
545267,R. Drăgușin,625787,M. van de Ven,0.022677940128321042,0.21150200467442357,0.8291186497918457,0.30493218851055465,22,545267__625787
545267,R. Drăgușin,482177,J. Kiwior,-0.07093943681333977,0.22344777011397648,0.9443120415692299,0.28439858062055956,23,482177__545267
545267,R. Drăgușin,415953,Igor Julio,0.0011359041543924225,0.20679455252615786,0.7837245406966686,0.2750419269441891,24,415953__545267
545267,R. Drăgușin,402884,K. Walker-Peters,-0.17397740159883388,0.21850387431445917,0.8966378989098812,0.20073795357921637,25,402884__545267
545267,R. Drăgușin,594120,J. O'Brien,-0.18342832262609965,0.21850387431445917,0.8966378989098812,0.19459485491149361,26,545267__594120
545267,R. Drăgușin,7953,C. Coady,-0.2002954582143474,0.21850387431445917,0.8966378989098812,0.18363121677913258,27,7953__545267
545267,R. Drăgușin,412027,E. Konsa,-0.15856966752931212,0.20989741111145416,0.8136455036064538,0.18170564236820597,28,412027__545267
545267,R. Drăgușin,400549,Pau Torres,0.003068963923374038,0.17866213387312402,0.512442742979937,0.18134978659317105,29,400549__545267
545267,R. Drăgușin,415917,Gabriel Magalhaes,-0.03889514794559615,0.1788402270753021,0.5141601013288177,0.1546741893004487,30,415917__545267
545267,R. Drăgușin,767087,A. Gray,-0.15554485115011427,0.18870268551546682,0.6092640981999118,0.11213828112239484,31,545267__767087
545267,R. Drăgușin,415847,C. Romero,0.4399407832635106,0.07006704217403358,-0.5347431411305139,0.09880140972560203,32,415847__545267
545267,R. Drăgușin,549884,T. Harwood-Bellis,0.13347621825722927,0.11771074704601064,-0.07531339685712166,0.06039985296720645,33,545267__549884
545267,R. Drăgușin,270866,Diego Carlos,-0.21660235325642038,0.18304501492063727,0.5547070027441703,0.05335592134378633,34,270866__545267
545267,R. Drăgușin,239411,T. Mings,-0.3248242155782196,0.19139278809638438,0.6352048419800431,0.011185954567172335,35,239411__545267
545267,R. Drăgușin,769441,L. Yoro,-0.3049775705701534,0.18603784869136705,0.5835669929072758,0.006013026646946779,36,545267__769441
545267,R. Drăgușin,234399,A. Webster,0.40835777033127774,0.03968898039802699,-0.8276797460980457,-0.024255360418985406,37,234399__545267
545267,R. Drăgușin,653730,A. Khusanov,-0.22926230038635584,0.1614300913782931,0.346273615327462,-0.027824729886519628,38,545267__653730
545267,R. Drăgușin,777938,Dean Huijsen,0.04007731366153219,0.10656852210319746,-0.1827582223564961,-0.0379151239447777,39,545267__777938
545267,R. Drăgușin,619747,L. Colwill,-0.12296652674168501,0.12404699586793817,-0.014212750219060433,-0.08490270495876641,40,545267__619747
545267,R. Drăgușin,557788,W. Fofana,-0.4884047630067579,0.18870268551546682,0.6092640981999118,-0.10422066158442353,41,545267__557788
545267,R. Drăgușin,412968,M. Senesi,0.2800704687238807,0.03474508459850967,-0.8753538887573944,-0.12432805639456557,42,412968__545267
545267,R. Drăgușin,349142,N. Mazraoui,0.13784344105751428,0.06062427804800879,-0.6258000125327462,-0.12943176769907686,43,349142__545267
545267,R. Drăgușin,520300,N. Wood,-0.5547071090177345,0.1837587897159495,0.5615899555405631,-0.16400313642233036,44,520300__545267
545267,R. Drăgușin,8582,A. Cresswell,-0.27619627477753694,0.12371425831842373,-0.017421348872216226,-0.1856250507106747,45,8582__545267
545267,R. Drăgușin,558243,S. van den Berg,-0.6056188912778133,0.1837587897159495,0.5615899555405631,-0.1970957948913816,46,545267__558243
545267,R. Drăgușin,590703,I. Zabarnyi,-0.21411453322592683,0.09739212866585407,-0.27124647283154274,-0.2341107120878924,47,545267__590703
545267,R. Drăgușin,413002,K. Mavropanos,-0.42204237279399226,0.11877036251890641,-0.06509549153156487,-0.2971109643521427,48,413002__545267
545267,R. Drăgușin,8360,C. Dawson,-0.429477848539129,0.11877036251890641,-0.06509549153156487,-0.3019440235864816,49,8360__545267
545267,R. Drăgușin,496001,M. Kilman,-0.44365232440613434,0.11216825492554122,-0.12875982266273284,-0.33343994879594385,50,496001__545267
545267,R. Drăgușin,447424,C. Bassey,-0.32124892547071454,0.07561552157122539,-0.48123897982719416,-0.3772454444954824,51,447424__545267
545267,R. Drăgușin,192792,D. Burn,-0.580076219235151,0.12333002279754024,-0.021126544082676946,-0.384443832931785,52,192792__545267
545267,R. Drăgușin,285382,W. Faes,-0.4540719761926746,0.08023167704196137,-0.4367252474643305,-0.4480006211377542,53,285382__545267
545267,R. Drăgușin,8135,L. Shaw,-0.39055386751294807,0.06759093986686172,-0.5586202735415121,-0.4493771096229455,54,8135__545267
545267,R. Drăgușin,62126,M. Doherty,-0.3638612957377604,0.047308896767600986,-0.7542006529321169,-0.5004800707557852,55,62126__545267
545267,R. Drăgușin,604320,J. Branthwaite,-0.5629392311492571,0.06778092403814032,-0.5567882502036744,-0.5607863878183031,56,545267__604320
545267,R. Drăgușin,8653,H. Maguire,-0.6689913828051688,0.06868088842997035,-0.5481098652731854,-0.6266828516689746,57,8653__545267
545267,R. Drăgușin,136441,B. Davies,-0.46093968410241837,0.025771885370808014,-0.9618827310792676,-0.6362697505443156,58,136441__545267
545267,R. Drăgușin,627012,Murillo,-0.6303424335406652,0.05025158755780617,-0.7258241931069946,-0.6637610493888806,59,545267__627012
545267,R. Drăgușin,397074,M. Guéhi,-0.5115270501607445,0.014118012110725619,-1.0742613973912436,-0.7084840716914191,60,397074__545267
545267,R. Drăgușin,327391,J. Bree,-0.6131348266967401,0.03184549238813583,-0.9033147476219349,-0.7146977990205583,61,327391__545267
545267,R. Drăgușin,620468,J. Greaves,-0.6884985487878149,0.042913602803011854,-0.7965846108460468,-0.7263286705081962,62,545267__620468
545267,R. Drăgușin,424241,N. Milenković,-0.906163457633581,0.08402527792039674,-0.4001434349008829,-0.7290564496771366,63,424241__545267
545267,R. Drăgușin,365443,M. de Ligt,-0.7497263010662357,0.04887473261826125,-0.7391012485852881,-0.7460075326979041,64,365443__545267
545267,R. Drăgușin,50102,F. Schär,-0.6025473750438987,0.0049438957995173215,-1.1627276894673637,-0.7986104850921114,65,50102__545267
545267,R. Drăgușin,623641,E. Agbadou,-0.6363509651080789,0.0049438957995173215,-1.1627276894673637,-0.8205828186338285,66,545267__623641
545267,R. Drăgușin,399581,D. O'Shea,-0.8316037496671154,0.03812314920267396,-0.8427791055536004,-0.8355151242273852,67,399581__545267
545267,R. Drăgușin,9433,J. Tarkowski,-0.8382128055707397,0.03631008058979165,-0.8602625832009604,-0.845930227741317,68,9433__545267
545267,R. Drăgușin,364003,S. Bueno,-0.8286128777745368,0.030143341610314404,-0.9197286410979063,-0.8605033949377161,69,364003__545267
545267,R. Drăgușin,590874,Toti,-0.6984304702382211,0.0049438957995173215,-1.1627276894673637,-0.860934496968421,70,545267__590874
545267,R. Drăgușin,501419,J. Todibo,-0.7801779695640694,0.01896597678456833,-1.0275123215934034,-0.8667449927743363,71,501419__545267
545267,R. Drăgușin,645877,Y. Mosquera,-0.7287053676099573,0.004379715002347387,-1.1681681026355721,-0.8825173248689224,72,545267__645877
545267,R. Drăgușin,366217,K. Danso,-0.7318909772478157,0.0049438957995173215,-1.1627276894673637,-0.8826838265246575,73,366217__545267
545267,R. Drăgușin,286380,I. Diop,-0.7397062994016828,0.0,-1.2104018321267125,-0.9044497358554431,74,286380__545267
545267,R. Drăgușin,7919,M. Keane,-0.9716505758606802,0.04050782565410046,-0.8197835955445107,-0.9184971327500209,75,7919__545267
545267,R. Drăgușin,479155,N. Collins,-0.7655772398346734,0.0,-1.2104018321267125,-0.9212658471368871,76,479155__545267
545267,R. Drăgușin,518805,L. Woolfenden,-0.766919116334849,0.0,-1.2104018321267125,-0.9221380668620012,77,518805__545267
545267,R. Drăgușin,346131,T. Chalobah,-0.8290021103031723,0.0,-1.2104018321267125,-0.9624920129414114,78,346131__545267
545267,R. Drăgușin,563725,Morato,-1.0645743590488508,0.04050782565410046,-0.8197835955445107,-0.9788975918223317,79,545267__563725
545267,R. Drăgușin,424806,E. Pinnock,-0.8561121595441522,0.0,-1.2104018321267125,-0.9801135449480483,80,424806__545267
545267,R. Drăgușin,504375,M. Lacroix,-0.9221968094208555,0.006864327515649884,-1.144208906039246,-0.9999010432372921,81,504375__545267
545267,R. Drăgușin,255738,J. Lerma,-0.9207384440783971,0.0,-1.2104018321267125,-1.0221206298953076,82,255738__545267
545267,R. Drăgușin,583655,C. Okoli,-0.9276856679076301,0.0,-1.2104018321267125,-1.026636325384309,83,545267__583655
545267,R. Drăgușin,288080,C. Burgess,-1.0826766551573828,0.0,-1.2104018321267125,-1.127380467096648,84,288080__545267
545267,R. Drăgușin,534563,C. Richards,-1.1514012690938413,0.0,-1.2104018321267125,-1.1720514661553463,85,534563__545267
545267,R. Drăgușin,488709,L. Thomas,-1.2028186548521698,0.0,-1.2104018321267125,-1.2054727668982597,86,488709__545267
545267,R. Drăgușin,508021,Jorge Cuenca,-1.2826393065702741,0.0,-1.2104018321267125,-1.2573561905150277,87,508021__545267
549884,T. Harwood-Bellis,568412,J. Gvardiol,1.9065658767042497,0.20152686987315802,1.409159484691953,1.7324736394999458,1,549884__568412
549884,T. Harwood-Bellis,297957,M. Akanji,1.3430604439439855,0.20865293036098134,1.492054577155504,1.3952083905680168,2,297957__549884
549884,T. Harwood-Bellis,258154,Rúben Dias,1.294143785477522,0.20865293036098134,1.492054577155504,1.3634125625648157,3,258154__549884
549884,T. Harwood-Bellis,370,V. van Dijk,1.1211543016725236,0.20428245748608817,1.4412143192468354,1.2331753078235326,4,370__549884
549884,T. Harwood-Bellis,134102,N. Aké,1.0651700091543108,0.20865293036098134,1.492054577155504,1.2145796079547284,5,134102__549884
549884,T. Harwood-Bellis,578325,W. Saliba,1.028589110832699,0.20865293036098134,1.492054577155504,1.1908020240456807,6,549884__578325
549884,T. Harwood-Bellis,386292,A. Disasi,0.9295636523753498,0.20865293036098134,1.492054577155504,1.1264354760484037,7,386292__549884
549884,T. Harwood-Bellis,9097,L. Dunk,0.8828323296628013,0.20152686987315802,1.409159484691953,1.0670468339230044,8,9097__549884
549884,T. Harwood-Bellis,9380,J. Stones,0.795708564881709,0.20865293036098134,1.492054577155504,1.039429669177537,9,9380__549884
549884,T. Harwood-Bellis,622200,J. Quansah,0.7898828641000832,0.18649383944911574,1.23428523977953,0.9454236955878896,10,549884__622200
549884,T. Harwood-Bellis,283145,T. Adarabioyo,0.6508692794471862,0.20152686987315802,1.409159484691953,0.9162708512828546,11,283145__549884
549884,T. Harwood-Bellis,488453,L. Martínez,0.5985760605033196,0.20146438776935732,1.4084326511517768,0.8820258672302796,12,488453__549884
549884,T. Harwood-Bellis,402884,K. Walker-Peters,0.5405119824392097,0.20152686987315802,1.409159484691953,0.8445386082276698,13,402884__549884
549884,T. Harwood-Bellis,482177,J. Kiwior,0.5382371791408365,0.20152686987315802,1.409159484691953,0.8430599860837272,14,482177__549884
549884,T. Harwood-Bellis,8136,J. Stephens,0.5800558272789211,0.19348962773529294,1.315664919032747,0.8375190093927602,15,8136__549884
549884,T. Harwood-Bellis,71703,V. Lindelöf,0.575980036660872,0.18902483602419617,1.2637274814605728,0.8166916423407673,16,71703__549884
549884,T. Harwood-Bellis,594120,J. O'Brien,0.5328223189694314,0.1907843161415175,1.2841949286934942,0.7958027323728534,17,549884__594120
549884,T. Harwood-Bellis,7953,C. Coady,0.4582842382429798,0.20152686987315802,1.409159484691953,0.7910905745001204,18,7953__549884
549884,T. Harwood-Bellis,240032,J. Bednarek,0.5442673568755038,0.18649383944911574,1.23428523977953,0.785773615891913,19,240032__549884
549884,T. Harwood-Bellis,625787,M. van de Ven,0.5853959752352956,0.1793677789612924,1.151390147315979,0.7834939354635349,20,549884__625787
549884,T. Harwood-Bellis,475597,S. Botman,0.5933928899360905,0.1724875899665744,1.0713551961871732,0.7606796971239695,21,475597__549884
549884,T. Harwood-Bellis,412027,E. Konsa,0.5294616050543586,0.1793677789612924,1.151390147315979,0.7471365948459258,22,412027__549884
549884,T. Harwood-Bellis,767087,A. Gray,0.5280011102542658,0.1793677789612924,1.151390147315979,0.7461872732258654,23,549884__767087
549884,T. Harwood-Bellis,415953,Igor Julio,0.5241925725658907,0.1793677789612924,1.151390147315979,0.7437117237284216,24,415953__549884
549884,T. Harwood-Bellis,393247,I. Konaté,0.5083018913556533,0.17918067538888285,1.1492136336642,0.7326210011636447,25,393247__549884
549884,T. Harwood-Bellis,769441,L. Yoro,0.42300143876095664,0.1793677789612924,1.151390147315979,0.6779374867552145,26,549884__769441
549884,T. Harwood-Bellis,590781,J. van Hecke,0.9968736823152666,0.07626837547239584,-0.04793093615682605,0.6311920658500342,27,549884__590781
549884,T. Harwood-Bellis,415917,Gabriel Magalhaes,0.5243581874781182,0.14229141197760858,0.7200930969223179,0.592865405783588,28,415917__549884
549884,T. Harwood-Bellis,557788,W. Fofana,0.2845604626248456,0.17306391976475843,1.0780594491178914,0.5622851078974116,29,549884__557788
549884,T. Harwood-Bellis,520300,N. Wood,0.24334818161122818,0.1793677789612924,1.151390147315979,0.561162869607891,30,520300__549884
549884,T. Harwood-Bellis,145787,J. Andersen,1.115318419017041,0.02928515139968893,-0.5944711613482638,0.5168920658891843,31,145787__549884
549884,T. Harwood-Bellis,558243,S. van den Berg,0.14325666909206788,0.1793677789612924,1.151390147315979,0.4961033864704368,32,549884__558243
549884,T. Harwood-Bellis,15806,J. Vestergaard,0.35983921728866186,0.1320762367428372,0.6012633596411512,0.4443376671120331,33,15806__549884
549884,T. Harwood-Bellis,257899,J. Gomez,0.9235339437025791,0.02928515139968893,-0.5944711613482638,0.3922321569347841,34,257899__549884
549884,T. Harwood-Bellis,653730,A. Khusanov,0.3742736419310657,0.11219887764455806,0.3700366498484649,0.3727906947021554,35,549884__653730
549884,T. Harwood-Bellis,400549,Pau Torres,0.4720472700495671,0.09281492110430663,0.14454952797246104,0.35742306032258,36,400549__549884
549884,T. Harwood-Bellis,270866,Diego Carlos,0.3750353070244763,0.09918692887261123,0.2186729758486966,0.32030849111295345,37,270866__549884
549884,T. Harwood-Bellis,415847,C. Romero,0.7784870005435269,0.03351822707634007,-0.5452291993664918,0.3151863305750204,38,415847__549884
549884,T. Harwood-Bellis,412968,M. Senesi,0.8274274490599249,0.022159090911865603,-0.6773662538118147,0.30074965305481616,39,412968__549884
549884,T. Harwood-Bellis,239411,T. Mings,0.3302966529776431,0.09951649457123894,0.22250670405058898,0.29257017085317416,40,239411__549884
549884,T. Harwood-Bellis,234399,A. Webster,0.8034456850746297,0.022159090911865603,-0.6773662538118147,0.2851615064643742,41,234399__549884
549884,T. Harwood-Bellis,619747,L. Colwill,0.4142906323759215,0.07695451294039955,-0.03994932711069692,0.2553066465556051,42,549884__619747
549884,T. Harwood-Bellis,192792,D. Burn,0.15357416665648893,0.10431109718600812,0.2782807222134176,0.19722146110141398,43,192792__549884
549884,T. Harwood-Bellis,349142,N. Mazraoui,0.552285326532181,0.030639721203488877,-0.5787139011725747,0.15643559683551653,44,349142__549884
549884,T. Harwood-Bellis,777938,Dean Huijsen,0.5292514086466562,0.02928515139968893,-0.5944711613482638,0.13594850914843423,45,549884__777938
549884,T. Harwood-Bellis,447424,C. Bassey,0.3067564387486127,0.051652700160175945,-0.3342769031249645,0.08239476909286068,46,447424__549884
549884,T. Harwood-Bellis,590703,I. Zabarnyi,0.3148533164687799,0.02580329394275848,-0.634974451536489,-0.01758640233306419,47,549884__590703
549884,T. Harwood-Bellis,496001,M. Kilman,0.22087819246876897,0.04026285587207656,-0.46677117496292947,-0.01979908613232545,48,496001__549884
549884,T. Harwood-Bellis,8360,C. Dawson,0.2341302322503472,0.020396691178785377,-0.697867663964179,-0.09206903142473694,49,8360__549884
549884,T. Harwood-Bellis,62126,M. Doherty,0.2740069759735315,0.012465158132270839,-0.7901325509086571,-0.09844185843523445,50,62126__549884
549884,T. Harwood-Bellis,8582,A. Cresswell,0.30542906572235473,0.007126060487823327,-0.8522404987242378,-0.09975528183395263,51,8582__549884
549884,T. Harwood-Bellis,285382,W. Faes,0.19407062565054203,0.021451775696550816,-0.6855942165514778,-0.11381206912016487,52,285382__549884
549884,T. Harwood-Bellis,413002,K. Mavropanos,0.2345615161945273,0.007126060487823327,-0.8522404987242378,-0.14581918902704047,53,413002__549884
549884,T. Harwood-Bellis,620468,J. Greaves,0.10779548428366,0.023894677191479727,-0.6571767556489906,-0.1599447996927677,54,549884__620468
549884,T. Harwood-Bellis,8135,L. Shaw,0.22544706487997093,0.003644203030892879,-0.892743788912463,-0.1659197339473809,55,8135__549884
549884,T. Harwood-Bellis,136441,B. Davies,0.2290280100093617,0.0018090639597585665,-0.9140913516008651,-0.17106376655421762,56,136441__549884
549884,T. Harwood-Bellis,397074,M. Guéhi,0.20363305681734556,0.0,-0.9351355911877887,-0.19493596998445142,57,397074__549884
549884,T. Harwood-Bellis,365443,M. de Ligt,0.035637476354216976,0.0249119112072118,-0.6453436105423405,-0.2027059040595781,58,365443__549884
549884,T. Harwood-Bellis,604320,J. Branthwaite,0.16843990700653277,0.0025309965750804466,-0.9056933495067458,-0.2075067327731147,59,549884__604320
549884,T. Harwood-Bellis,8653,H. Maguire,0.12610770103309443,0.007126060487823327,-0.8522404987242378,-0.21631416888197183,60,8653__549884
549884,T. Harwood-Bellis,623641,E. Agbadou,0.16406773527241217,0.0,-0.9351355911877887,-0.22065342898865814,61,549884__623641
549884,T. Harwood-Bellis,590874,Toti,0.14375467565934297,0.0,-0.9351355911877887,-0.2338569177371531,62,549884__590874
549884,T. Harwood-Bellis,545267,R. Drăgușin,0.13347621825722927,0.0,-0.9351355911877887,-0.240537915048527,63,545267__549884
549884,T. Harwood-Bellis,50102,F. Schär,0.13191834560136395,0.0,-0.9351355911877887,-0.24155053227483947,64,50102__549884
549884,T. Harwood-Bellis,286380,I. Diop,0.10351598357689316,0.0,-0.9351355911877887,-0.26001206759074547,65,286380__549884
549884,T. Harwood-Bellis,327391,J. Bree,0.10350643161420386,0.0,-0.9351355911877887,-0.26001827636649355,66,327391__549884
549884,T. Harwood-Bellis,479155,N. Collins,0.09173136557050955,0.0,-0.9351355911877887,-0.26767206929489484,67,479155__549884
549884,T. Harwood-Bellis,366217,K. Danso,0.08223251794143374,0.0,-0.9351355911877887,-0.2738463202537941,68,366217__549884
549884,T. Harwood-Bellis,645877,Y. Mosquera,0.07897590368939295,0.0,-0.9351355911877887,-0.27596311951762065,69,549884__645877
549884,T. Harwood-Bellis,346131,T. Chalobah,0.07888409886847778,0.0,-0.9351355911877887,-0.2760227926512155,70,346131__549884
549884,T. Harwood-Bellis,627012,Murillo,0.07226839158599177,0.0,-0.9351355911877887,-0.2803230023848314,71,549884__627012
549884,T. Harwood-Bellis,364003,S. Bueno,-0.03231884470306222,0.011124415998782276,-0.80572895839288,-0.30301238449449835,72,364003__549884
549884,T. Harwood-Bellis,9433,J. Tarkowski,0.023970994593909414,0.0,-0.9351355911877887,-0.3117163104296849,73,9433__549884
549884,T. Harwood-Bellis,399581,D. O'Shea,0.02316149321611242,0.0,-0.9351355911877887,-0.312242486325253,74,399581__549884
549884,T. Harwood-Bellis,501419,J. Todibo,0.017918507773836762,0.0,-0.9351355911877887,-0.31565042686273215,75,501419__549884
549884,T. Harwood-Bellis,424806,E. Pinnock,0.012243541725952066,0.0,-0.9351355911877887,-0.3193391547938572,76,424806__549884
549884,T. Harwood-Bellis,518805,L. Woolfenden,0.00791448875700717,0.0,-0.9351355911877887,-0.3221530392236714,77,518805__549884
549884,T. Harwood-Bellis,583655,C. Okoli,-0.01661426929984075,0.0,-0.9351355911877887,-0.3380967319606225,78,549884__583655
549884,T. Harwood-Bellis,424241,N. Milenković,-0.06163141999580568,0.007126060487823327,-0.8522404987242378,-0.3383445975507569,79,424241__549884
549884,T. Harwood-Bellis,504375,M. Lacroix,-0.03710837225043223,0.0,-0.9351355911877887,-0.351417898878507,80,504375__549884
549884,T. Harwood-Bellis,255738,J. Lerma,-0.10493247183628537,0.0,-0.9351355911877887,-0.39550356360931155,81,255738__549884
549884,T. Harwood-Bellis,7919,M. Keane,-0.11273202847114833,0.0,-0.9351355911877887,-0.40057327542197246,82,7919__549884
549884,T. Harwood-Bellis,288080,C. Burgess,-0.15129304468175514,0.0,-0.9351355911877887,-0.4256379359588669,83,288080__549884
549884,T. Harwood-Bellis,534563,C. Richards,-0.19561355604248287,0.0,-0.9351355911877887,-0.4544462683433399,84,534563__549884
549884,T. Harwood-Bellis,563725,Morato,-0.20565581165931945,0.0,-0.9351355911877887,-0.4609737344942837,85,549884__563725
549884,T. Harwood-Bellis,488709,L. Thomas,-0.2470309418008112,0.0,-0.9351355911877887,-0.4878675690862533,86,488709__549884
549884,T. Harwood-Bellis,508021,Jorge Cuenca,-0.3268515935189153,0.0,-0.9351355911877887,-0.539750992703021,87,508021__549884
557788,W. Fofana,568412,J. Gvardiol,1.6344420737992855,0.4003581605825269,2.073891312987311,1.7882493075150943,1,557788__568412
557788,W. Fofana,297957,M. Akanji,0.9316856934274562,0.4377438305236634,2.364855437187931,1.4332951037436223,2,297957__557788
557788,W. Fofana,590781,J. van Hecke,0.8210570064363847,0.4377438305236634,2.364855437187931,1.3613864571994259,3,557788__590781
557788,W. Fofana,370,V. van Dijk,0.7585604154379963,0.41118273630180363,2.158136511721522,1.2484120491372304,4,370__557788
557788,W. Fofana,145787,J. Andersen,0.9840904354223066,0.33636844592499315,1.5758739894381564,1.191214679327854,5,145787__557788
557788,W. Fofana,258154,Rúben Dias,0.9465424007051353,0.32647689710563693,1.4988903258113393,1.1398641744923066,6,258154__557788
557788,W. Fofana,134102,N. Aké,0.6011460951155887,0.39514005400908214,2.033279982188147,1.1023929555909842,7,134102__557788
557788,W. Fofana,257899,J. Gomez,0.7923059601078448,0.32711194066285626,1.5038327246702201,1.0413403277046762,8,257899__557788
557788,W. Fofana,234399,A. Webster,0.5862524793699925,0.3205564222190781,1.4528126229660605,0.8895485296286163,9,234399__557788
557788,W. Fofana,9380,J. Stones,0.2926402067445963,0.3772163016498205,1.8937835142684174,0.8530403643779336,10,9380__557788
557788,W. Fofana,412968,M. Senesi,0.6139772005112525,0.2709051841778495,1.066388385687743,0.772321115323024,11,412968__557788
557788,W. Fofana,578325,W. Saliba,0.471990888150321,0.2957944847739569,1.2600961234737633,0.7478277205135258,12,557788__578325
557788,W. Fofana,9097,L. Dunk,0.44771076835030954,0.3006981747837466,1.2982604220217435,0.7454031471353114,13,9097__557788
557788,W. Fofana,777938,Dean Huijsen,0.36584503144305036,0.30802110210721767,1.3552530916358854,0.7121378525105426,14,557788__777938
557788,W. Fofana,415847,C. Romero,0.5821892240471145,0.24474437348037326,0.8627847754019247,0.6803976670212981,15,415847__557788
557788,W. Fofana,549884,T. Harwood-Bellis,0.2845604626248456,0.2713069143286979,1.0695149596314661,0.5592945365771628,16,549884__557788
557788,W. Fofana,590703,I. Zabarnyi,0.11979219856144466,0.3098956924294316,1.3698425996531745,0.55730983894355,17,557788__590703
557788,W. Fofana,400549,Pau Torres,0.11519614951508941,0.3018937182887139,1.3075650638648417,0.5325252695375027,18,400549__557788
557788,W. Fofana,386292,A. Disasi,0.26984396865461574,0.2313953840133146,0.7588926414543058,0.4410110041345072,19,386292__557788
557788,W. Fofana,283145,T. Adarabioyo,0.1599559482228882,0.2443072941993843,0.8593830872577929,0.4047554468851048,20,283145__557788
557788,W. Fofana,415917,Gabriel Magalhaes,0.01367475482573452,0.26350857088763824,1.0088222350362894,0.3619763728994287,21,415917__557788
557788,W. Fofana,488453,L. Martínez,0.11315950909302316,0.23950972557251454,0.8220447071777409,0.36126932842267434,22,488453__557788
557788,W. Fofana,8582,A. Cresswell,0.0487298508778193,0.25048637843471055,0.9074734875562048,0.34929012371525425,23,8582__557788
557788,W. Fofana,393247,I. Konaté,-0.007423785412017159,0.21092396992490697,0.599568304595821,0.20502344609072617,24,393247__557788
557788,W. Fofana,622200,J. Quansah,0.2929505155577736,0.13194456833452373,-0.015110326275768549,0.18512922091603387,25,557788__622200
557788,W. Fofana,349142,N. Mazraoui,0.19432022471517646,0.14790443750359766,0.10910168764420748,0.16449373674033732,26,349142__557788
557788,W. Fofana,482177,J. Kiwior,-0.09071743958668108,0.20235165604925864,0.5328519450086316,0.12753184502167836,27,482177__557788
557788,W. Fofana,62126,M. Doherty,-0.0824342601401081,0.1967419018611652,0.48919251034050026,0.11763510952810481,28,62126__557788
557788,W. Fofana,594120,J. O'Brien,-0.28217280337243505,0.20754160558229473,0.5732441359979301,0.017223125407192758,29,557788__594120
557788,W. Fofana,625787,M. van de Ven,0.03580258222009966,0.12092399148156459,-0.10088095703497765,-0.012036656519177399,30,557788__625787
557788,W. Fofana,8136,J. Stephens,-0.11136105001287885,0.15331860407304346,0.15123890858034197,-0.019451064505251567,31,8136__557788
557788,W. Fofana,71703,V. Lindelöf,-0.12787177164206592,0.1549712279761326,0.16410090269071761,-0.02568133562559169,32,71703__557788
557788,W. Fofana,619747,L. Colwill,-0.03441027693792163,0.12197762605814463,-0.09268075994649973,-0.05480494599092396,33,557788__619747
557788,W. Fofana,8360,C. Dawson,-0.31533222966351565,0.17201152478432272,0.29672163798100876,-0.10111337598793212,34,8360__557788
557788,W. Fofana,604320,J. Branthwaite,-0.25274462408499615,0.14859198375141153,0.11445270294385472,-0.12422555962489835,35,557788__604320
557788,W. Fofana,402884,K. Walker-Peters,-0.20087969277057846,0.13569444078998127,0.014074073965931818,-0.12564587441279987,36,402884__557788
557788,W. Fofana,627012,Murillo,-0.2964357017532938,0.1550544811539802,0.1647488431453754,-0.1350211110387596,37,557788__627012
557788,W. Fofana,413002,K. Mavropanos,-0.3145725637769387,0.15081487850297756,0.13175298472556202,-0.15835862180106347,38,413002__557788
557788,W. Fofana,50102,F. Schär,-0.29060244671107516,0.1418827020701272,0.06223589710664973,-0.16710902637487146,39,50102__557788
557788,W. Fofana,7953,C. Coady,-0.29915230033533746,0.1435127676426643,0.07492232488632049,-0.16822618150775717,40,7953__557788
557788,W. Fofana,397074,M. Guéhi,-0.17762031837337297,0.1133141964452756,-0.16010625249086383,-0.17149039531449478,41,397074__557788
557788,W. Fofana,270866,Diego Carlos,-0.18858095824118304,0.10962510163938116,-0.18881763417748826,-0.18866379481888987,42,270866__557788
557788,W. Fofana,15806,J. Vestergaard,-0.3202289940164959,0.1357696094805483,0.014659094703893209,-0.20301816296435973,43,15806__557788
557788,W. Fofana,415953,Igor Julio,-0.008221199617939184,0.060695643525272264,-0.5696244232546465,-0.20471232789078672,44,415953__557788
557788,W. Fofana,8135,L. Shaw,-0.23457148853882576,0.11029937879045695,-0.1835698892249394,-0.21672092877896554,45,8135__557788
557788,W. Fofana,475597,S. Botman,-0.21258538032197893,0.09719714609237476,-0.2855415716388863,-0.23812004728289654,46,475597__557788
557788,W. Fofana,653730,A. Khusanov,-0.20685602949250564,0.06787216883726681,-0.5137711670338594,-0.31427632763197944,47,557788__653730
557788,W. Fofana,239411,T. Mings,-0.32017973185090176,0.07998342840143666,-0.4195120020221453,-0.354946026410837,48,239411__557788
557788,W. Fofana,240032,J. Bednarek,-0.36276723165741653,0.08831952287124147,-0.35463408407980723,-0.35992063000525326,49,240032__557788
557788,W. Fofana,447424,C. Bassey,-0.26078062759247134,0.042603776514581235,-0.7104292890817955,-0.4181576591137348,50,447424__557788
557788,W. Fofana,285382,W. Faes,-0.42347378345459474,0.07395445628319859,-0.4664341140232167,-0.4385098991536124,51,285382__557788
557788,W. Fofana,412027,E. Konsa,-0.25742650965030195,0.02613862139550467,-0.8385738280613699,-0.46082807109417573,52,412027__557788
557788,W. Fofana,136441,B. Davies,-0.3520634133867167,0.042603776514581235,-0.7104292890817955,-0.47749146987999425,53,136441__557788
557788,W. Fofana,496001,M. Kilman,-0.4286479130897392,0.052886473441932536,-0.6304014091321276,-0.49926163670457513,54,496001__557788
557788,W. Fofana,8653,H. Maguire,-0.5086580771941139,0.06868088842997035,-0.5074770872865829,-0.5082447307264781,55,8653__557788
557788,W. Fofana,623641,E. Agbadou,-0.4081520525162245,0.042603776514581235,-0.7104292890817955,-0.5139490853141744,56,557788__623641
557788,W. Fofana,767087,A. Gray,-0.3122623617565428,0.0,-1.0420047440815794,-0.5676721955703057,57,557788__767087
557788,W. Fofana,545267,R. Drăgușin,-0.4884047630067579,0.03862804395489126,-0.741371506891653,-0.5769431233664712,58,545267__557788
557788,W. Fofana,399581,D. O'Shea,-0.5857794086283212,0.059350443035125745,-0.5800938112074635,-0.583789449531021,59,399581__557788
557788,W. Fofana,769441,L. Yoro,-0.41218075156491774,0.002279058975417566,-1.0242673489826546,-0.6264110606611256,60,557788__769441
557788,W. Fofana,424241,N. Milenković,-0.7575247738581586,0.08434347811232346,-0.3855787316648994,-0.6273436590905179,61,424241__557788
557788,W. Fofana,327391,J. Bree,-0.5443083028323361,0.03184549238813583,-0.7941585555007528,-0.631755891266282,62,327391__557788
557788,W. Fofana,9433,J. Tarkowski,-0.6167730513583878,0.03631008058979165,-0.7594116859633998,-0.666696573470142,63,9433__557788
557788,W. Fofana,590874,Toti,-0.5397626330454673,0.01116871080351425,-0.9550812206430225,-0.6851241387046116,64,557788__590874
557788,W. Fofana,479155,N. Collins,-0.5947109200162547,0.0,-1.0420047440815794,-0.7512637584391184,65,479155__557788
557788,W. Fofana,346131,T. Chalobah,-0.6106085959855335,0.0,-1.0420047440815794,-0.7615972478191496,66,346131__557788
557788,W. Fofana,286380,I. Diop,-0.6170922693361303,0.0,-1.0420047440815794,-0.7658116354970375,67,286380__557788
557788,W. Fofana,255738,J. Lerma,-0.8143535023517159,0.042603776514581235,-0.7104292890817955,-0.7779800277072437,68,255738__557788
557788,W. Fofana,620468,J. Greaves,-0.6809967025546424,0.0,-1.0420047440815794,-0.8073495170890703,69,557788__620468
557788,W. Fofana,192792,D. Burn,-0.6962271610975194,0.0,-1.0420047440815794,-0.8172493151419404,70,192792__557788
557788,W. Fofana,520300,N. Wood,-0.7091326532869727,0.0,-1.0420047440815794,-0.8256378850650851,71,520300__557788
557788,W. Fofana,645877,Y. Mosquera,-0.7136928974118476,0.0,-1.0420047440815794,-0.8286020437462538,72,557788__645877
557788,W. Fofana,7919,M. Keane,-0.8838276152555463,0.04050782565410046,-0.7267415955737622,-0.8288475083669218,73,7919__557788
557788,W. Fofana,288080,C. Burgess,-0.91834272586288,0.042603776514581235,-0.7104292890817955,-0.8455730229895004,74,288080__557788
557788,W. Fofana,504375,M. Lacroix,-0.7797729514540179,0.006864327515649884,-0.9885812519531253,-0.8528558566287054,75,504375__557788
557788,W. Fofana,366217,K. Danso,-0.7700016816945248,0.0,-1.0420047440815794,-0.8652027535299939,76,366217__557788
557788,W. Fofana,424806,E. Pinnock,-0.7849351771249427,0.0,-1.0420047440815794,-0.8749095255597655,77,424806__557788
557788,W. Fofana,558243,S. van den Berg,-0.7924217620917643,0.0,-1.0420047440815794,-0.8797758057881996,78,557788__558243
557788,W. Fofana,518805,L. Woolfenden,-0.7974038436412568,0.0,-1.0420047440815794,-0.8830141587953697,79,518805__557788
557788,W. Fofana,501419,J. Todibo,-0.8214047303648079,0.0,-1.0420047440815794,-0.8986147351656779,80,501419__557788
557788,W. Fofana,563725,Morato,-1.0054907802629582,0.04050782565410046,-0.7267415955737622,-0.9079285656217397,81,557788__563725
557788,W. Fofana,364003,S. Bueno,-0.858227971255474,0.0,-1.0420047440815794,-0.922549841744611,82,364003__557788
557788,W. Fofana,583655,C. Okoli,-0.8757909866628375,0.0,-1.0420047440815794,-0.9339658017593971,83,557788__583655
557788,W. Fofana,365443,M. de Ligt,-0.8784747880541035,0.0,-1.0420047440815794,-0.9357102726637201,84,365443__557788
557788,W. Fofana,488709,L. Thomas,-1.0910845284341144,0.0,-1.0420047440815794,-1.0739066039107272,85,488709__557788
557788,W. Fofana,534563,C. Richards,-1.0956580063652532,0.0,-1.0420047440815794,-1.0768793645659676,86,534563__557788
557788,W. Fofana,508021,Jorge Cuenca,-1.226896043841686,0.0,-1.0420047440815794,-1.1621840889256487,87,508021__557788
558243,S. van den Berg,568412,J. Gvardiol,1.4801066663206202,0.9005078756675988,2.7132132951601213,1.9116939864144455,1,558243__568412
558243,S. van den Berg,145787,J. Andersen,0.8427866418895287,0.8721058778592374,2.6003650039051567,1.4579390685949984,2,145787__558243
558243,S. van den Berg,257899,J. Gomez,0.6510021665750675,0.8540367842814853,2.5285719438347454,1.3081515886159547,3,257899__558243
558243,S. van den Berg,590781,J. van Hecke,0.679753212903607,0.8322398058711322,2.4419670583359667,1.2965280588049328,4,558243__590781
558243,S. van den Berg,415847,C. Romero,0.4408854305143371,0.82914140333715,2.429656324635501,1.1369552434567445,5,415847__558243
558243,S. van den Berg,412968,M. Senesi,0.44716321155288674,0.7834874915419293,2.248261833657869,1.0775477292896305,6,412968__558243
558243,S. van den Berg,234399,A. Webster,0.46163998822817554,0.7676242121461759,2.185233028938229,1.0648975524766942,7,234399__558243
558243,S. van den Berg,258154,Rúben Dias,0.7922069932264694,0.5784463752618908,1.4335818324362293,1.0166881869498852,8,258154__558243
558243,S. van den Berg,297957,M. Akanji,0.7773502859487904,0.5271631653304581,1.2298207220425061,0.9357149385815908,9,297957__558243
558243,S. van den Berg,370,V. van Dijk,0.6042250079593305,0.589874889774245,1.4789901992350627,0.9103928249058368,10,370__558243
558243,S. van den Berg,777938,Dean Huijsen,0.2075901869187669,0.6487990896917989,1.713110887474265,0.7345224321131912,11,558243__777938
558243,S. van den Berg,9097,L. Dunk,0.2933753608716439,0.5510129996645327,1.3245821212044329,0.65429772698812,12,9097__558243
558243,S. van den Berg,549884,T. Harwood-Bellis,0.14325666909206788,0.539740911678234,1.2797952763947011,0.5410451816479895,13,549884__558243
558243,S. van den Berg,134102,N. Aké,0.44681068763692283,0.38485550987922157,0.6643965621461,0.5229657437151348,14,134102__558243
558243,S. van den Berg,349142,N. Mazraoui,0.05301643118239888,0.5408479059959529,1.2841936436513437,0.4839284555465295,15,349142__558243
558243,S. van den Berg,590703,I. Zabarnyi,-0.0768964670433081,0.46531145780668787,0.98406830869627,0.2944412044655442,16,558243__590703
558243,S. van den Berg,578325,W. Saliba,0.22969052394983563,0.2947023554224877,0.30619537149984694,0.2564672205923396,17,558243__578325
558243,S. van den Berg,9380,J. Stones,-0.0471622797787686,0.4094145126735429,0.7619756662276153,0.23603600132346575,18,9380__558243
558243,S. van den Berg,488453,L. Martínez,-0.03299919429263712,0.365318749221331,0.5867720910868451,0.18392075559018167,19,488453__558243
558243,S. van den Berg,622200,J. Quansah,0.1386151080791078,0.28303620615904046,0.2598428219789181,0.1810448079440414,20,558243__622200
558243,S. van den Berg,400549,Pau Torres,-0.04211084177944828,0.36065921255387673,0.5682585782519393,0.17151845523153736,21,400549__558243
558243,S. van den Berg,283145,T. Adarabioyo,0.005620540744222323,0.3255345766986143,0.42869955272267446,0.15369819493668058,22,283145__558243
558243,S. van den Berg,8582,A. Cresswell,-0.10868340152030212,0.3577275473037522,0.5566103337784215,0.12416940583425114,23,8582__558243
558243,S. van den Berg,619747,L. Colwill,-0.12386608774428627,0.342972032751481,0.4979829578083634,0.09378107819914108,24,558243__619747
558243,S. van den Berg,625787,M. van de Ven,-0.06601277894218047,0.3014840335338971,0.33314068682158976,0.0736909340751391,25,558243__625787
558243,S. van den Berg,415917,Gabriel Magalhaes,-0.12762903870704312,0.3047034178762455,0.3459321117198782,0.03811736394237933,26,415917__558243
558243,S. van den Berg,386292,A. Disasi,0.08647760284882022,0.17710433613505808,-0.16105117999618826,-0.00015747114693273612,27,386292__558243
558243,S. van den Berg,393247,I. Konaté,-0.14872757894479466,0.27429214835998916,0.2251004778693396,-0.01788775905984767,28,393247__558243
558243,S. van den Berg,415953,Igor Julio,-0.1625566070966049,0.24605828103366095,0.11292021136859598,-0.06613972063378461,29,415953__558243
558243,S. van den Berg,62126,M. Doherty,-0.2643285802580172,0.27356698108379185,0.22221920562415998,-0.09403685519925518,30,62126__558243
558243,S. van den Berg,50102,F. Schär,-0.38585477152758263,0.32560679825051536,0.4289865071397126,-0.10066032399402935,31,50102__558243
558243,S. van den Berg,8135,L. Shaw,-0.34945690736596924,0.29882391319690604,0.3225713586853259,-0.11424701424801595,32,8135__558243
558243,S. van den Berg,653730,A. Khusanov,-0.2956397767088977,0.223884497296447,0.02481818339558261,-0.18347949067232958,33,558243__653730
558243,S. van den Berg,482177,J. Kiwior,-0.34487321360480405,0.22014931113457983,0.009977347946964664,-0.220675517061685,34,482177__558243
558243,S. van den Berg,397074,M. Guéhi,-0.3714299160602579,0.2292038225457185,0.04595320245515595,-0.22534582457986305,35,397074__558243
558243,S. van den Berg,627012,Murillo,-0.5192176412488159,0.24533693369530607,0.11005411669863932,-0.2989725259672066,36,558243__627012
558243,S. van den Berg,270866,Diego Carlos,-0.3298847517739607,0.12765708557676683,-0.3575175613546338,-0.3395562351271963,37,270866__558243
558243,S. van den Berg,447424,C. Bassey,-0.4020844211252489,0.1577449667395495,-0.23797083088826904,-0.34464466454230597,38,447424__558243
558243,S. van den Berg,604320,J. Branthwaite,-0.4755265635805184,0.17352405623601627,-0.17527653384444541,-0.3704390531728929,39,558243__604320
558243,S. van den Berg,8136,J. Stephens,-0.38584813873661405,0.09834290047561628,-0.4739902024877414,-0.4166978610495086,40,8136__558243
558243,S. van den Berg,594120,J. O'Brien,-0.495482979841985,0.147806777918143,-0.2774577583302093,-0.41917415231286353,41,558243__594120
558243,S. van den Berg,402884,K. Walker-Peters,-0.5114268769037618,0.13569444078998127,-0.32558312462450295,-0.4463815636060212,42,402884__558243
558243,S. van den Berg,623641,E. Agbadou,-0.5458046236509797,0.14976811791596611,-0.26966486049190325,-0.44915570654530296,43,558243__623641
558243,S. van den Berg,136441,B. Davies,-0.4897959358540406,0.09124409985366652,-0.5021955254214286,-0.4941357922026264,44,136441__558243
558243,S. van den Berg,8360,C. Dawson,-0.5469691511862097,0.10449278109565636,-0.4495551777378544,-0.5128742604792854,45,8360__558243
558243,S. van den Berg,7953,C. Coady,-0.6370214767931005,0.1435127676426643,-0.2945189427401447,-0.517145589874566,46,7953__558243
558243,S. van den Berg,475597,S. Botman,-0.400529294500226,0.029678402403708413,-0.7468115487035154,-0.5217280834713773,47,475597__558243
558243,S. van den Berg,413002,K. Mavropanos,-0.5211412453436639,0.08329613481431121,-0.5337747924750088,-0.5255629868396346,48,413002__558243
558243,S. van den Berg,15806,J. Vestergaard,-0.5353094504848102,0.08612518491191233,-0.5225342638494137,-0.5308381351624214,49,15806__558243
558243,S. van den Berg,71703,V. Lindelöf,-0.5830015034295851,0.09375314697977476,-0.49222644920467956,-0.5512302344508682,50,71703__558243
558243,S. van den Berg,767087,A. Gray,-0.5661138281339643,0.07743530913267357,-0.5570613291467817,-0.5629454534884504,51,558243__767087
558243,S. van den Berg,239411,T. Mings,-0.5008608848258005,0.026781271313322395,-0.7583225802618464,-0.5909724782284165,52,239411__558243
558243,S. van den Berg,255738,J. Lerma,-0.9266018886301013,0.1934609968303504,-0.09606204709943192,-0.635912944094367,53,255738__558243
558243,S. van den Berg,285382,W. Faes,-0.6805640529759607,0.07395445628319859,-0.5708916342831896,-0.6421787064334907,54,285382__558243
558243,S. van den Berg,545267,R. Drăgușin,-0.6056188912778133,0.03862804395489126,-0.7112523685637969,-0.6425906083279076,55,545267__558243
558243,S. van den Berg,769441,L. Yoro,-0.5886625273180307,0.002279058975417566,-0.8556760415555046,-0.6821172573011466,56,558243__769441
558243,S. van den Berg,496001,M. Kilman,-0.6539764176312621,0.030498893799296913,-0.7435515297215302,-0.6853277068628559,57,496001__558243
558243,S. van den Berg,590874,Toti,-0.6746373983735858,0.018805024981114693,-0.790014216015488,-0.7150192845482516,58,558243__590874
558243,S. van den Berg,8653,H. Maguire,-0.7546652932857836,0.020800779182575117,-0.7820845818778,-0.7642620442929893,59,8653__558243
558243,S. van den Berg,412027,E. Konsa,-0.7582856288574532,0.020800779182575117,-0.7820845818778,-0.7666152624145746,60,412027__558243
558243,S. van den Berg,399581,D. O'Shea,-0.8085613481238433,0.042028073015026896,-0.6977431967005213,-0.7697749951256807,61,399581__558243
558243,S. van den Berg,557788,W. Fofana,-0.7924217620917643,0.027311400730184086,-0.7562162425584043,-0.7797498302550883,62,557788__558243
558243,S. van den Berg,240032,J. Bednarek,-0.8056065834817794,0.0226227338951316,-0.7748454968865532,-0.7948402031734503,63,240032__558243
558243,S. van den Berg,327391,J. Bree,-0.8809317645056296,0.03184549238813583,-0.7382011543436374,-0.8309760509489323,64,327391__558243
558243,S. van den Berg,286380,I. Diop,-0.8196167828287415,0.0,-0.8647313169196005,-0.8354068697605421,65,286380__558243
558243,S. van den Berg,479155,N. Collins,-0.8286252785399387,0.0,-0.8647313169196005,-0.8412623919728204,66,479155__558243
558243,S. van den Berg,366217,K. Danso,-0.8580078438716321,0.013537091208536519,-0.8109450437935521,-0.8415358638443041,67,366217__558243
558243,S. van den Berg,9433,J. Tarkowski,-0.8808363850375974,0.020800779182575117,-0.7820845818778,-0.8462732539316683,68,9433__558243
558243,S. van den Berg,346131,T. Chalobah,-0.8383458181220558,0.0,-0.8647313169196005,-0.8475807427011963,69,346131__558243
558243,S. van den Berg,620468,J. Greaves,-0.9335696823704034,0.0,-0.8647313169196005,-0.9094762544626223,70,558243__620468
558243,S. van den Berg,645877,Y. Mosquera,-0.9382399443782136,0.0,-0.8647313169196005,-0.9125119247676989,71,558243__645877
558243,S. van den Berg,288080,C. Burgess,-1.0785034757722152,0.04487664705616696,-0.6864250945295088,-0.9412760423372679,72,288080__558243
558243,S. van den Berg,504375,M. Lacroix,-1.0200391312090713,0.006864327515649884,-0.8374576146968828,-0.9561356004298054,73,504375__558243
558243,S. van den Berg,365443,M. de Ligt,-1.0720987326853288,0.011372065199156654,-0.8195472374606874,-0.9837057093567043,74,365443__558243
558243,S. van den Berg,192792,D. Burn,-1.1003300954384485,0.0,-0.8647313169196005,-1.0178705229568517,75,192792__558243
558243,S. van den Berg,424806,E. Pinnock,-1.1034925742727468,0.0,-0.8647313169196005,-1.0199261341991457,76,424806__558243
558243,S. van den Berg,583655,C. Okoli,-1.1292847022884782,0.0,-0.8647313169196005,-1.036691017409371,77,558243__583655
558243,S. van den Berg,501419,J. Todibo,-1.1448518887772734,0.0,-0.8647313169196005,-1.046809688627088,78,501419__558243
558243,S. van den Berg,518805,L. Woolfenden,-1.1855156570980028,0.0,-0.8647313169196005,-1.073241138035562,79,518805__558243
558243,S. van den Berg,520300,N. Wood,-1.2170873976512573,0.0,-0.8647313169196005,-1.0937627693951775,80,520300__558243
558243,S. van den Berg,7919,M. Keane,-1.2675140241905651,0.020800779182575117,-0.7820845818778,-1.0976137193810973,81,7919__558243
558243,S. van den Berg,424241,N. Milenković,-1.27936698505816,0.020800779182575117,-0.7820845818778,-1.105318143945034,82,424241__558243
558243,S. van den Berg,534563,C. Richards,-1.3040411888340881,0.0,-0.8647313169196005,-1.1502827336640176,83,534563__558243
558243,S. van den Berg,563725,Morato,-1.359314805455629,0.020800779182575117,-0.7820845818778,-1.1572842272033887,84,558243__563725
558243,S. van den Berg,364003,S. Bueno,-1.3568076764525465,0.0,-0.8647313169196005,-1.1845809506160154,85,364003__558243
558243,S. van den Berg,488709,L. Thomas,-1.4159463912541674,0.0,-0.8647313169196005,-1.223021115237069,86,488709__558243
558243,S. van den Berg,508021,Jorge Cuenca,-1.5059345679846943,0.0,-0.8647313169196005,-1.2815134301119115,87,508021__558243
563725,Morato,568412,J. Gvardiol,1.278845085733654,1.1848711734887671,3.00441624660546,1.882794992038786,1,563725__568412
563725,Morato,297957,M. Akanji,0.5760887053618244,1.0444508267141412,2.519717832923745,1.2563589000084967,2,297957__563725
563725,Morato,258154,Rúben Dias,0.5909454126395037,1.0244096622284438,2.450540389215087,1.2418036544409579,3,258154__563725
563725,Morato,370,V. van Dijk,0.4029634273723645,0.9863509562691627,2.3191705782940977,1.0736359301949712,4,370__563725
563725,Morato,134102,N. Aké,0.2455491070499573,0.8981360655282093,2.014673270123568,0.8647425641257211,5,134102__563725
563725,Morato,590781,J. van Hecke,0.367387044621684,0.7276402421992397,1.4261612987100172,0.7379580335526006,6,563725__590781
563725,Morato,9097,L. Dunk,0.13620595224109588,0.8103529056119143,1.7116661964571962,0.687617037716731,7,9097__563725
563725,Morato,578325,W. Saliba,0.02842894336286983,0.8073026721946706,1.7011374993512853,0.6138769379588153,8,563725__578325
563725,Morato,257899,J. Gomez,0.2818445686751558,0.5996104337754191,0.9842321447634089,0.5276802203060443,9,257899__563725
563725,Morato,145787,J. Andersen,0.32571263642975773,0.5669227597596279,0.8714018882776589,0.5167038745765231,10,145787__563725
563725,Morato,415847,C. Romero,0.14265623291287133,0.6056682209679385,1.0051422187667736,0.44452632796173713,11,415847__563725
563725,Morato,234399,A. Webster,0.13360647820843552,0.6081821292347769,1.0138196460560935,0.4416810869551158,12,234399__563725
563725,Morato,9380,J. Stones,-0.17116635852968864,0.7083647406235603,1.3596267454828668,0.36461122787470573,13,9380__563725
563725,Morato,622200,J. Quansah,-0.06264647250785782,0.5749057153077334,0.8989571961766532,0.273914811531721,14,563725__622200
563725,Morato,386292,A. Disasi,-0.11478397773814536,0.584131031646693,0.9308008448921948,0.2511707101824737,15,386292__563725
563725,Morato,283145,T. Adarabioyo,-0.1871354545651196,0.5764606377021362,0.9043244270322701,0.19487550399396675,16,283145__563725
563725,Morato,625787,M. van de Ven,-0.21958492412640074,0.5840817678646483,0.9306307977618643,0.182990578534492,17,563725__625787
563725,Morato,488453,L. Martínez,-0.2162258223817607,0.5568323387681772,0.836572099288556,0.15225345020285014,18,488453__563725
563725,Morato,349142,N. Mazraoui,-0.2452373665792888,0.501867394824102,0.6468458826131551,0.06699177063806655,19,349142__563725
563725,Morato,549884,T. Harwood-Bellis,-0.20565581165931945,0.4725776952677953,0.5457446445216304,0.057334348004012964,20,549884__563725
563725,Morato,412968,M. Senesi,-0.32233081148200904,0.4991051526248951,0.6373112642838815,0.013543915036052623,21,412968__563725
563725,Morato,393247,I. Konaté,-0.32388416771591877,0.4647092136361482,0.5185844739869125,-0.029020143119927816,22,393247__563725
563725,Morato,415917,Gabriel Magalhaes,-0.33831340214698374,0.4532901100693444,0.47916838143602036,-0.05219477789293231,23,415917__563725
563725,Morato,777938,Dean Huijsen,-0.3926335075809413,0.47486099016904953,0.5536260480505772,-0.06144266310990981,24,563725__777938
563725,Morato,415953,Igor Julio,-0.34638173786444176,0.44640553714553705,0.4554044351725826,-0.06575657730148324,25,415953__563725
563725,Morato,619747,L. Colwill,-0.3652293909964068,0.44525296017127935,0.4514260072317557,-0.07940000161654992,26,563725__619747
563725,Morato,400549,Pau Torres,-0.33606306599317437,0.4295331891752747,0.3971650098747822,-0.0794332394393896,27,400549__563725
563725,Morato,482177,J. Kiwior,-0.4984453587890241,0.4881271376036109,0.5994177069155131,-0.11419328579243607,28,482177__563725
563725,Morato,402884,K. Walker-Peters,-0.5971022153757116,0.46032056471895605,0.5034358775247266,-0.21191388286055826,29,402884__563725
563725,Morato,8136,J. Stephens,-0.5871097193235799,0.4286926060586438,0.39426351224600503,-0.24362908827422522,30,8136__563725
563725,Morato,71703,V. Lindelöf,-0.7075160366482496,0.4920742417190074,0.6130421933045108,-0.24532065616478343,31,71703__563725
563725,Morato,653730,A. Khusanov,-0.5095879420966458,0.3551023005525372,0.1402468746257361,-0.28214575624381216,32,563725__653730
563725,Morato,590703,I. Zabarnyi,-0.6490020793079311,0.4185111270539372,0.35911941215034343,-0.29615955729753507,33,563725__590703
563725,Morato,594120,J. O'Brien,-0.6724559261238942,0.42085938513444343,0.36722505348139234,-0.3085675832620439,34,563725__594120
563725,Morato,767087,A. Gray,-0.7277471136774551,0.445254787117126,0.45143231342437024,-0.31503431419181627,35,563725__767087
563725,Morato,412027,E. Konsa,-0.8150736457859337,0.4514252095538712,0.47273117812263704,-0.3643419574179339,36,412027__563725
563725,Morato,7953,C. Coady,-0.7941284402334812,0.384295500268938,0.24101501768938685,-0.4318282299604774,37,7953__563725
563725,Morato,8582,A. Cresswell,-0.6636092208667386,0.307880365969205,-0.022752272643559918,-0.4393092889886261,38,8582__563725
563725,Morato,240032,J. Bednarek,-0.915698753361563,0.40827205302189284,0.32377650740116964,-0.4818824120946066,39,240032__563725
563725,Morato,270866,Diego Carlos,-0.6071868794981876,0.21793610039051173,-0.33321898097416014,-0.511298115014778,40,270866__563725
563725,Morato,62126,M. Doherty,-0.6967572915325984,0.26100316891470055,-0.1845614660550466,-0.5174887526154552,41,62126__563725
563725,Morato,447424,C. Bassey,-0.66795379071745,0.22841659251125757,-0.29704275707063704,-0.5381349289410655,42,447424__563725
563725,Morato,475597,S. Botman,-0.620813860798427,0.1932580783114165,-0.4184017798297832,-0.5499696324594017,43,475597__563725
563725,Morato,769441,L. Yoro,-0.76018752681811,0.250152222002496,-0.22201641383217632,-0.5718276372730332,44,563725__769441
563725,Morato,15806,J. Vestergaard,-0.787028341935817,0.2092935075958832,-0.36305120339686137,-0.6386363434471827,45,15806__563725
563725,Morato,8135,L. Shaw,-0.8596668075034812,0.24121266981544062,-0.25287367108596354,-0.64728920975735,46,8135__563725
563725,Morato,397074,M. Guéhi,-0.8931677866649655,0.22823386116549427,-0.29767350322285635,-0.6847447874602274,47,397074__563725
563725,Morato,50102,F. Schär,-1.078882240767534,0.32560679825051536,0.03843525326945874,-0.6878211178545866,48,50102__563725
563725,Morato,520300,N. Wood,-1.1710273663563053,0.36658456613604573,0.1798809877840751,-0.6982094424071722,49,520300__563725
563725,Morato,239411,T. Mings,-0.7779066569839935,0.11738985182569502,-0.6802812714500052,-0.7437377720470976,50,239411__563725
563725,Morato,136441,B. Davies,-0.7896117849522022,0.11207208942495721,-0.698636951799597,-0.7577705933487904,51,136441__563725
563725,Morato,557788,W. Fofana,-1.0054907802629582,0.21939424610647468,-0.3281858007287191,-0.7684340374259746,52,557788__563725
563725,Morato,623641,E. Agbadou,-1.0065331551133212,0.14976811791596611,-0.5685190192394534,-0.8532282075574674,53,563725__623641
563725,Morato,604320,J. Branthwaite,-1.0439247378874892,0.15272327705344116,-0.5583184964590182,-0.8739625533875244,54,563725__604320
563725,Morato,285382,W. Faes,-0.9851823698471113,0.10940926645591278,-0.7078283980440832,-0.8881084797160514,55,285382__563725
563725,Morato,8360,C. Dawson,-0.9544947465451254,0.08369200191308125,-0.7965984204408368,-0.8992310324086245,56,8360__563725
563725,Morato,413002,K. Mavropanos,-0.9154973282340644,0.06249535563173609,-0.8697643188588925,-0.8994907749527542,57,413002__563725
563725,Morato,496001,M. Kilman,-0.971570083195832,0.06897989610033048,-0.8473811916926623,-0.9281039711697225,58,496001__563725
563725,Morato,627012,Murillo,-1.3357233797633086,0.22983043073600956,-0.2921625159910466,-0.9704770774430169,59,563725__627012
563725,Morato,558243,S. van den Berg,-1.359314805455629,0.20883603322691824,-0.3646302986350553,-1.0111752280684283,60,558243__563725
563725,Morato,545267,R. Drăgușin,-1.0645743590488508,0.03862804395489126,-0.9521487337555532,-1.0252253901961965,61,545267__563725
563725,Morato,590874,Toti,-1.0572221891421347,0.018805024981114693,-1.0205731898380692,-1.0443950393857118,62,563725__590874
563725,Morato,192792,D. Burn,-1.294965807477255,0.12333002279754024,-0.6597771813150288,-1.0726497883204757,63,192792__563725
563725,Morato,620468,J. Greaves,-1.2162060437221056,0.042913602803011854,-0.9373559802612352,-1.118608521510801,64,563725__620468
563725,Morato,327391,J. Bree,-1.2052660375312398,0.03184549238813583,-0.9755605259967247,-1.1248691084941596,65,327391__563725
563725,Morato,366217,K. Danso,-1.2105796662055333,0.013537091208536519,-1.0387568733397707,-1.1504416887025164,66,366217__563725
563725,Morato,286380,I. Diop,-1.2047544867917273,0.0,-1.085483767165018,-1.163009734922379,67,286380__563725
563725,Morato,8653,H. Maguire,-1.2118772426600553,0.0,-1.085483767165018,-1.1676395262367922,68,8653__563725
563725,Morato,479155,N. Collins,-1.239368359271946,0.0,-1.085483767165018,-1.185508752034521,69,479155__563725
563725,Morato,645877,Y. Mosquera,-1.2508502279547309,0.004379715002347387,-1.0703660085012898,-1.1876807511460266,70,563725__645877
563725,Morato,365443,M. de Ligt,-1.38643925448327,0.055302902017900585,-0.894590997735428,-1.2142923646215253,71,365443__563725
563725,Morato,346131,T. Chalobah,-1.2881474482781157,0.0,-1.085483767165018,-1.2172151598885315,72,346131__563725
563725,Morato,501419,J. Todibo,-1.4038571576884271,0.01896597678456833,-1.0200176216059353,-1.269513320059555,73,501419__563725
563725,Morato,255738,J. Lerma,-1.7504995539185826,0.1817158912335392,-0.4582427280653252,-1.2982096648699424,74,255738__563725
563725,Morato,364003,S. Bueno,-1.5112335516641024,0.030143341610314404,-0.9814359550268305,-1.3258043928410572,75,364003__563725
563725,Morato,424806,E. Pinnock,-1.4824675045442093,0.0,-1.085483767165018,-1.3435231964614922,76,424806__563725
563725,Morato,399581,D. O'Shea,-1.5330667691624216,0.021227293832451782,-1.0122120805207842,-1.3507676281378485,77,399581__563725
563725,Morato,518805,L. Woolfenden,-1.5104415928282018,0.0,-1.085483767165018,-1.3617063538460874,78,518805__563725
563725,Morato,9433,J. Tarkowski,-1.5289158345547034,0.0,-1.085483767165018,-1.3737146109683134,79,9433__563725
563725,Morato,583655,C. Okoli,-1.5929706215767818,0.0,-1.085483767165018,-1.4153502225326644,80,563725__583655
563725,Morato,504375,M. Lacroix,-1.7127996486625805,0.0,-1.085483767165018,-1.4932390901384336,81,504375__563725
563725,Morato,424241,N. Milenković,-1.7660185767924172,0.0,-1.085483767165018,-1.5278313934228276,82,424241__563725
563725,Morato,288080,C. Burgess,-1.8565258325553595,0.04487664705616696,-0.9305800075667766,-1.5324447938093555,83,288080__563725
563725,Morato,7919,M. Keane,-1.9686600336938067,0.0,-1.085483767165018,-1.6595483404087308,84,7919__563725
563725,Morato,534563,C. Richards,-2.1146480348298566,0.0,-1.085483767165018,-1.754440541147163,85,534563__563725
563725,Morato,488709,L. Thomas,-2.160830979458863,0.0,-1.085483767165018,-1.7844594551560173,86,488709__563725
563725,Morato,508021,Jorge Cuenca,-2.3108971201812354,0.0,-1.085483767165018,-1.8820024466255594,87,508021__563725
568412,J. Gvardiol,297957,M. Akanji,2.2599802135065277,0.16556476281936028,3.600221686933603,2.729064729206004,1,297957__568412
568412,J. Gvardiol,578325,W. Saliba,2.103943182847783,0.17292590280344786,3.780210134511521,2.6906366159300914,2,568412__578325
568412,J. Gvardiol,386292,A. Disasi,2.0651687897038364,0.17222530094025548,3.7630796028277356,2.6594375742972014,3,386292__568412
568412,J. Gvardiol,475597,S. Botman,1.9555424059675741,0.14736481103793672,3.1552116648157535,2.3754266465644367,4,475597__568412
568412,J. Gvardiol,134102,N. Aké,2.1340447267651457,0.12917822563639034,2.7105284662563522,2.335814035587068,5,134102__568412
568412,J. Gvardiol,622200,J. Quansah,2.0438253920124385,0.13022312499636893,2.736077472807546,2.286113620290726,6,568412__622200
568412,J. Gvardiol,240032,J. Bednarek,1.7363874257211456,0.10622503279069262,2.1492961630826213,1.8809054837976622,7,240032__568412
568412,J. Gvardiol,590781,J. van Hecke,2.1079369610803136,0.0493498624397542,0.7586319943093214,1.6356802227104663,8,568412__590781
568412,J. Gvardiol,257899,J. Gomez,2.069920939436163,0.03295969913059459,0.35787340855477334,1.4707043036276766,9,257899__568412
568412,J. Gvardiol,145787,J. Andersen,2.210956277300642,0.020574766592540608,0.05504738083348567,1.4563881635371374,10,145787__568412
568412,J. Gvardiol,71703,V. Lindelöf,1.766131347646285,0.04723989637874454,0.7070408662253339,1.3954496791489521,11,71703__568412
568412,J. Gvardiol,258154,Rúben Dias,2.154835325316266,0.016556145165136593,-0.0432125943450004,1.3855185534348229,12,258154__568412
568412,J. Gvardiol,412027,E. Konsa,1.7153051408083042,0.04845822476198007,0.7368304144220401,1.3728389865731119,13,412027__568412
568412,J. Gvardiol,8582,A. Cresswell,1.7962064962070243,0.04008880910350986,0.5321884520685565,1.3538001807585607,14,8582__568412
568412,J. Gvardiol,8360,C. Dawson,1.7145849863867904,0.0456138693325193,0.6672826107917408,1.348029154928523,15,8360__568412
568412,J. Gvardiol,413002,K. Mavropanos,1.725338946679197,0.04463071325166802,0.6432432993397462,1.3466054701103893,16,413002__568412
568412,J. Gvardiol,370,V. van Dijk,2.0884779705359486,0.010824575719276731,-0.18335614398206332,1.2933360304546444,17,370__568412
568412,J. Gvardiol,15806,J. Vestergaard,1.7534230584729513,0.0319524020000931,0.33324382031700417,1.25636032511837,18,15806__568412
568412,J. Gvardiol,9380,J. Stones,1.9108764285857958,0.019461917581874856,0.02783692616867353,1.2518126027398029,19,9380__568412
568412,J. Gvardiol,8136,J. Stephens,1.8070400794301416,0.024967591634642117,0.16245707029984585,1.231436026234538,20,8136__568412
568412,J. Gvardiol,777938,Dean Huijsen,1.8574649983485279,0.015945688775065536,-0.0581389642008141,1.187003611456258,21,568412__777938
568412,J. Gvardiol,239411,T. Mings,1.7492073748691181,0.02306908334058444,0.11603633094426916,1.1775975094954212,22,239411__568412
568412,J. Gvardiol,549884,T. Harwood-Bellis,1.9065658767042497,0.008068988106346587,-0.25073347109286065,1.151511104975261,23,549884__568412
568412,J. Gvardiol,270866,Diego Carlos,1.794202384481986,0.016087472194694984,-0.0546721944278499,1.1470962818635435,24,270866__568412
568412,J. Gvardiol,415847,C. Romero,1.990810170525283,0.0,-0.44802962982988626,1.1372162404009738,25,415847__568412
568412,J. Gvardiol,9097,L. Dunk,1.9882419253137502,0.0,-0.44802962982988626,1.1355468810134774,26,9097__568412
568412,J. Gvardiol,234399,A. Webster,1.9814814559740184,0.0,-0.44802962982988626,1.1311525759426517,27,234399__568412
568412,J. Gvardiol,590703,I. Zabarnyi,1.7784488030826173,0.011713191137239466,-0.16162846186779084,1.0994217603499745,28,568412__590703
568412,J. Gvardiol,283145,T. Adarabioyo,1.9032474194545685,0.0,-0.44802962982988626,1.0803004522050095,29,283145__568412
568412,J. Gvardiol,488453,L. Martínez,1.8894250959291072,0.0,-0.44802962982988626,1.0713159419134595,30,488453__568412
568412,J. Gvardiol,349142,N. Mazraoui,1.8806746645352788,0.0,-0.44802962982988626,1.065628161507471,31,349142__568412
568412,J. Gvardiol,8135,L. Shaw,1.7162244953646404,0.011713191137239466,-0.16162846186779084,1.0589759603332896,32,8135__568412
568412,J. Gvardiol,424241,N. Milenković,1.429146010488864,0.033409625182218516,0.36887462463430837,1.0580510254397695,33,424241__568412
568412,J. Gvardiol,625787,M. van de Ven,1.864869787026929,0.0,-0.44802962982988626,1.0553549911270437,34,568412__625787
568412,J. Gvardiol,400549,Pau Torres,1.8617707876500478,0.0,-0.44802962982988626,1.053340641532071,35,400549__568412
568412,J. Gvardiol,415953,Igor Julio,1.8535727221855254,0.0,-0.44802962982988626,1.0480118989801313,36,415953__568412
568412,J. Gvardiol,393247,I. Konaté,1.8534255305783882,0.0,-0.44802962982988626,1.0479162244354923,37,393247__568412
568412,J. Gvardiol,412968,M. Senesi,1.8505589041795707,0.0,-0.44802962982988626,1.0460529172762607,38,412968__568412
568412,J. Gvardiol,8653,H. Maguire,1.6168851315177644,0.017747035499865404,-0.014093938396773026,1.0460424570476765,39,8653__568412
568412,J. Gvardiol,415917,Gabriel Magalhaes,1.8478787459006178,0.0,-0.44802962982988626,1.0443108143949413,40,415917__568412
568412,J. Gvardiol,619747,L. Colwill,1.8237553999497806,0.0,-0.44802962982988626,1.0286306395268972,41,568412__619747
568412,J. Gvardiol,482177,J. Kiwior,1.7966403031312617,0.0,-0.44802962982988626,1.0110058265948598,42,482177__568412
568412,J. Gvardiol,653730,A. Khusanov,1.771499659363146,0.0,-0.44802962982988626,0.9946644081455847,43,568412__653730
568412,J. Gvardiol,447424,C. Bassey,1.7510788307877574,0.0,-0.44802962982988626,0.9813908695715821,44,447424__568412
568412,J. Gvardiol,62126,M. Doherty,1.7488117409048785,0.0,-0.44802962982988626,0.9799172611477109,45,62126__568412
568412,J. Gvardiol,402884,K. Walker-Peters,1.7365204141401795,0.0,-0.44802962982988626,0.9719278987506565,46,402884__568412
568412,J. Gvardiol,767087,A. Gray,1.734373514426689,0.0,-0.44802962982988626,0.9705324139368876,47,568412__767087
568412,J. Gvardiol,769441,L. Yoro,1.7277132765753525,0.0,-0.44802962982988626,0.966203259333519,48,568412__769441
568412,J. Gvardiol,594120,J. O'Brien,1.7205493287448212,0.0,-0.44802962982988626,0.9615466932436736,49,568412__594120
568412,J. Gvardiol,7953,C. Coady,1.713429432389241,0.0,-0.44802962982988626,0.9569187606125464,50,7953__568412
568412,J. Gvardiol,136441,B. Davies,1.712121711151855,0.0,-0.44802962982988626,0.9560687418082456,51,136441__568412
568412,J. Gvardiol,397074,M. Guéhi,1.6881339542103189,0.0,-0.44802962982988626,0.940476699796247,52,397074__568412
568412,J. Gvardiol,496001,M. Kilman,1.674060274674925,0.0,-0.44802962982988626,0.9313288080982409,53,496001__568412
568412,J. Gvardiol,285382,W. Faes,1.6618850713768993,0.0,-0.44802962982988626,0.9234149259545243,54,285382__568412
568412,J. Gvardiol,604320,J. Branthwaite,1.6509720465392772,0.0,-0.44802962982988626,0.91632145981007,55,568412__604320
568412,J. Gvardiol,623641,E. Agbadou,1.6485686326653852,0.0,-0.44802962982988626,0.9147592407920402,56,568412__623641
568412,J. Gvardiol,557788,W. Fofana,1.6344420737992855,0.0,-0.44802962982988626,0.9055769775290754,57,557788__568412
568412,J. Gvardiol,590874,Toti,1.6282555730523163,0.0,-0.44802962982988626,0.9015557520435453,58,568412__590874
568412,J. Gvardiol,545267,R. Drăgușin,1.6179771156502023,0.0,-0.44802962982988626,0.8948747547321714,59,545267__568412
568412,J. Gvardiol,50102,F. Schär,1.6077972937974738,0.0,-0.44802962982988626,0.8882578705278978,60,50102__568412
568412,J. Gvardiol,286380,I. Diop,1.5880168809698663,0.0,-0.44802962982988626,0.875400602189953,61,286380__568412
568412,J. Gvardiol,327391,J. Bree,1.5880073290071772,0.0,-0.44802962982988626,0.875394393414205,62,327391__568412
568412,J. Gvardiol,479155,N. Collins,1.5762322629634828,0.0,-0.44802962982988626,0.8677406004858037,63,479155__568412
568412,J. Gvardiol,620468,J. Greaves,1.5737096976796938,0.0,-0.44802962982988626,0.8661009330513407,64,568412__620468
568412,J. Gvardiol,366217,K. Danso,1.566733415334407,0.0,-0.44802962982988626,0.8615663495269044,65,366217__568412
568412,J. Gvardiol,645877,Y. Mosquera,1.563476801082366,0.0,-0.44802962982988626,0.8594495502630779,66,568412__645877
568412,J. Gvardiol,346131,T. Chalobah,1.5633849962614512,0.0,-0.44802962982988626,0.8593898771294832,67,346131__568412
568412,J. Gvardiol,192792,D. Burn,1.556935763223849,0.0,-0.44802962982988626,0.8551978756550416,68,192792__568412
568412,J. Gvardiol,627012,Murillo,1.556769288978965,0.0,-0.44802962982988626,0.8550896673958672,69,568412__627012
568412,J. Gvardiol,9433,J. Tarkowski,1.508471891986883,0.0,-0.44802962982988626,0.8236963593510137,70,9433__568412
568412,J. Gvardiol,399581,D. O'Shea,1.5076623906090858,0.0,-0.44802962982988626,0.8231701834554456,71,399581__568412
568412,J. Gvardiol,501419,J. Todibo,1.5024194051668103,0.0,-0.44802962982988626,0.8197622429179665,72,501419__568412
568412,J. Gvardiol,365443,M. de Ligt,1.500760425359029,0.0,-0.44802962982988626,0.8186839060429086,73,365443__568412
568412,J. Gvardiol,424806,E. Pinnock,1.4967444391189253,0.0,-0.44802962982988626,0.8160735149868412,74,424806__568412
568412,J. Gvardiol,518805,L. Woolfenden,1.4924153861499803,0.0,-0.44802962982988626,0.813259630557027,75,518805__568412
568412,J. Gvardiol,558243,S. van den Berg,1.4801066663206202,0.0,-0.44802962982988626,0.805258962667943,76,558243__568412
568412,J. Gvardiol,583655,C. Okoli,1.4678866280931324,0.0,-0.44802962982988626,0.7973159378200759,77,568412__583655
568412,J. Gvardiol,520300,N. Wood,1.4574921004664643,0.0,-0.44802962982988626,0.7905594948627416,78,520300__568412
568412,J. Gvardiol,504375,M. Lacroix,1.4473925251425412,0.0,-0.44802962982988626,0.7839947709021916,79,504375__568412
568412,J. Gvardiol,364003,S. Bueno,1.4435288282431877,0.0,-0.44802962982988626,0.7814833679176119,80,364003__568412
568412,J. Gvardiol,255738,J. Lerma,1.3795684255566876,0.0,-0.44802962982988626,0.7399091061713867,81,255738__568412
568412,J. Gvardiol,7919,M. Keane,1.3717688689218246,0.0,-0.44802962982988626,0.7348393943587258,82,7919__568412
568412,J. Gvardiol,288080,C. Burgess,1.3332078527112183,0.0,-0.44802962982988626,0.7097747338218318,83,288080__568412
568412,J. Gvardiol,534563,C. Richards,1.2888873413504907,0.0,-0.44802962982988626,0.6809664014373588,84,534563__568412
568412,J. Gvardiol,563725,Morato,1.278845085733654,0.0,-0.44802962982988626,0.6744389352864149,85,563725__568412
568412,J. Gvardiol,488709,L. Thomas,1.237469955592162,0.0,-0.44802962982988626,0.6475451006944452,86,488709__568412
568412,J. Gvardiol,508021,Jorge Cuenca,1.1576493038740578,0.0,-0.44802962982988626,0.5956616770776775,87,508021__568412
578325,W. Saliba,568412,J. Gvardiol,2.103943182847783,0.15568980333767968,1.4765232149726677,1.8843461940914925,1,568412__578325
578325,W. Saliba,145787,J. Andersen,1.673478252836417,0.15568980333767968,1.4765232149726677,1.604543989584105,2,145787__578325
578325,W. Saliba,590781,J. van Hecke,1.4722592184186785,0.15568980333767968,1.4765232149726677,1.4737516172125749,3,578325__590781
578325,W. Saliba,257899,J. Gomez,1.4466336556286403,0.15568980333767968,1.4765232149726677,1.45709500139905,4,257899__578325
578325,W. Saliba,412968,M. Senesi,1.3946447261607529,0.15568980333767968,1.4765232149726677,1.4233021972449231,5,412968__578325
578325,W. Saliba,234399,A. Webster,1.3474882234134267,0.15568980333767968,1.4765232149726677,1.3926504704591611,6,234399__578325
578325,W. Saliba,415847,C. Romero,1.3310301051826936,0.15568980333767968,1.4765232149726677,1.3819526936091846,7,415847__578325
578325,W. Saliba,258154,Rúben Dias,1.4392124041091487,0.1419957638692534,1.2750033889923678,1.3817392488182754,8,258154__578325
578325,W. Saliba,777938,Dean Huijsen,1.1134936206397508,0.15568980333767968,1.4765232149726677,1.2405539786562718,9,578325__777938
578325,W. Saliba,349142,N. Mazraoui,1.0841315537003247,0.15568980333767968,1.4765232149726677,1.2214686351456447,10,349142__578325
578325,W. Saliba,370,V. van Dijk,1.2906732869157755,0.12272169740373277,0.9913685616633061,1.1859166330774111,11,370__578325
578325,W. Saliba,549884,T. Harwood-Bellis,1.028589110832699,0.15568980333767968,1.4765232149726677,1.185366047281688,12,549884__578325
578325,W. Saliba,622200,J. Quansah,0.9746551499271308,0.15568980333767968,1.4765232149726677,1.1503089726930686,13,578325__622200
578325,W. Saliba,590703,I. Zabarnyi,0.8659826212525461,0.15568980333767968,1.4765232149726677,1.0796718290545888,14,578325__590703
578325,W. Saliba,625787,M. van de Ven,0.8647046146431765,0.15568980333767968,1.4765232149726677,1.0788411247584984,15,578325__625787
578325,W. Saliba,415953,Igor Julio,0.8526944485768897,0.15568980333767968,1.4765232149726677,1.0710345168154118,16,415953__578325
578325,W. Saliba,619747,L. Colwill,0.8451521821499597,0.15568980333767968,1.4765232149726677,1.0661320436379076,17,578325__619747
578325,W. Saliba,8582,A. Cresswell,0.8196260028724471,0.15568980333767968,1.4765232149726677,1.0495400271075244,18,8582__578325
578325,W. Saliba,8135,L. Shaw,0.7477844622901763,0.15568980333767968,1.4765232149726677,1.0028430257290482,19,8135__578325
578325,W. Saliba,9097,L. Dunk,1.1123541463283295,0.10466058647659565,0.725583441104877,0.9769843995001213,20,9097__578325
578325,W. Saliba,397074,M. Guéhi,0.6882786614369758,0.15568980333767968,1.4765232149726677,0.964164255174468,21,397074__578325
578325,W. Saliba,50102,F. Schär,0.6791358849457096,0.15568980333767968,1.4765232149726677,0.958221450455145,22,50102__578325
578325,W. Saliba,653730,A. Khusanov,0.7550601278761119,0.14510594852124425,1.3207724895766693,0.9530594544713069,23,578325__653730
578325,W. Saliba,400549,Pau Torres,0.8591347543702574,0.12312888638635475,0.9973607054064483,0.9075138372329241,24,400549__578325
578325,W. Saliba,297957,M. Akanji,1.2954314334664367,0.060009972959945986,0.06851042137719905,0.8660090792352035,25,297957__578325
578325,W. Saliba,447424,C. Bassey,0.7231654866147896,0.13035543948310468,1.10370578538465,0.8563545911842407,26,447424__578325
578325,W. Saliba,62126,M. Doherty,0.7201996546762293,0.11942885573720789,0.9429115025794073,0.7981488014423416,27,62126__578325
578325,W. Saliba,255738,J. Lerma,0.40074229204008477,0.15568980333767968,1.4765232149726677,0.7772656150664887,28,255738__578325
578325,W. Saliba,627012,Murillo,0.5308245416476901,0.1328862290559071,1.1409485781690432,0.7443679544301637,29,578325__627012
578325,W. Saliba,488453,L. Martínez,0.8387537478948281,0.09157879165459817,0.5330733331767394,0.7317656027434971,30,488453__578325
578325,W. Saliba,623641,E. Agbadou,0.6076415196126326,0.11362519290021861,0.8575055033010351,0.6950939139035734,31,578325__623641
578325,W. Saliba,283145,T. Adarabioyo,0.8293732202930642,0.0551681823802682,-0.0027407822796464867,0.5381333193926154,32,283145__578325
578325,W. Saliba,604320,J. Branthwaite,0.5837110823534472,0.07977090925624152,0.35930996615862665,0.50517069168526,33,578325__604320
578325,W. Saliba,270866,Diego Carlos,0.7002279730097452,0.06151609642120803,0.09067435178781108,0.48688420558206824,34,270866__578325
578325,W. Saliba,393247,I. Konaté,0.7930378461158446,0.04715026587853795,-0.12073147026317828,0.4732185853831866,35,393247__578325
578325,W. Saliba,136441,B. Davies,0.6343788037561748,0.06629552820494573,0.16100789095747878,0.4686989842766312,36,136441__578325
578325,W. Saliba,134102,N. Aké,1.0088550549827455,0.0,-0.8145890713512648,0.3706496107658419,37,134102__578325
578325,W. Saliba,9380,J. Stones,0.8500862034601309,0.0,-0.8145890713512648,0.26744985727614246,38,9380__578325
578325,W. Saliba,415917,Gabriel Magalhaes,0.7767604190988708,0.00698742189812545,-0.7117630171246958,0.25577721642062257,39,415917__578325
578325,W. Saliba,475597,S. Botman,0.7503237131654499,0.008877623221133297,-0.6839470434261733,0.24832894835838182,40,475597__578325
578325,W. Saliba,386292,A. Disasi,0.7824910641415874,0.0,-0.8145890713512648,0.22351301671908919,41,386292__578325
578325,W. Saliba,594120,J. O'Brien,0.6162317595160636,0.0,-0.8145890713512648,0.1154444687124987,42,578325__594120
578325,W. Saliba,545267,R. Drăgușin,0.49916924132435225,0.013503210390924865,-0.6158774629592619,0.10890289482508733,43,545267__578325
578325,W. Saliba,590874,Toti,0.507631787769625,0.01116871080351425,-0.6502316760963541,0.10237957541653234,44,578325__590874
578325,W. Saliba,288080,C. Burgess,0.238804080961099,0.04487664705616696,-0.15418976943678142,0.10125623332184086,45,288080__578325
578325,W. Saliba,769441,L. Yoro,0.58075341231725,0.0,-0.8145890713512648,0.09238354303326984,46,578325__769441
578325,W. Saliba,482177,J. Kiwior,0.5785541674730621,0.0,-0.8145890713512648,0.0909540338845477,47,482177__578325
578325,W. Saliba,239411,T. Mings,0.5749166117739553,0.0,-0.8145890713512648,0.08858962268012827,48,239411__578325
578325,W. Saliba,399581,D. O'Shea,0.39486276225965955,0.021227293832451782,-0.5022107866960088,0.08088702012517565,49,399581__578325
578325,W. Saliba,8136,J. Stephens,0.5372026771628982,0.0,-0.8145890713512648,0.06407556518294116,50,8136__578325
578325,W. Saliba,15806,J. Vestergaard,0.5158589761921085,0.0,-0.8145890713512648,0.050202159551927916,51,15806__578325
578325,W. Saliba,413002,K. Mavropanos,0.501324232604044,0.0,-0.8145890713512648,0.04075457621968598,52,413002__578325
578325,W. Saliba,8360,C. Dawson,0.48932935128617777,0.0,-0.8145890713512648,0.032957903363072916,53,8360__578325
578325,W. Saliba,402884,K. Walker-Peters,0.48610427176939563,0.0,-0.8145890713512648,0.030861601677164507,54,402884__578325
578325,W. Saliba,767087,A. Gray,0.4839573720559048,0.0,-0.8145890713512648,0.029466116863395453,55,578325__767087
578325,W. Saliba,71703,V. Lindelöf,0.4789692380040546,0.0,-0.8145890713512648,0.026223829729692838,56,71703__578325
578325,W. Saliba,496001,M. Kilman,0.47688647457724426,0.0,-0.8145890713512648,0.02487003350226613,57,496001__578325
578325,W. Saliba,557788,W. Fofana,0.471990888150321,0.0,-0.8145890713512648,0.021687902324765973,58,557788__578325
578325,W. Saliba,7953,C. Coady,0.4630132900184568,0.0,-0.8145890713512648,0.015852463539054285,59,7953__578325
578325,W. Saliba,285382,W. Faes,0.4415419055459515,0.0,-0.8145890713512648,0.0018960636319258484,60,285382__578325
578325,W. Saliba,412027,E. Konsa,0.4271953437592826,0.0,-0.8145890713512648,-0.0074292015294089575,61,412027__578325
578325,W. Saliba,366217,K. Danso,0.42653219609823556,0.0,-0.8145890713512648,-0.007860247509089535,62,366217__578325
578325,W. Saliba,286380,I. Diop,0.4042802551320448,0.0,-0.8145890713512648,-0.02232400913711352,63,286380__578325
578325,W. Saliba,240032,J. Bednarek,0.4033432109464725,0.0,-0.8145890713512648,-0.022933087857735512,64,240032__578325
578325,W. Saliba,346131,T. Chalobah,0.3626964883562164,0.0,-0.8145890713512648,-0.049353457541402024,65,346131__578325
578325,W. Saliba,8653,H. Maguire,0.36217135188840593,0.0,-0.8145890713512648,-0.04969479624547879,66,8653__578325
578325,W. Saliba,645877,Y. Mosquera,0.36104421902577605,0.0,-0.8145890713512648,-0.05042743260618823,67,578325__645877
578325,W. Saliba,479155,N. Collins,0.3583783936738544,0.0,-0.8145890713512648,-0.052160219084937315,68,479155__578325
578325,W. Saliba,620468,J. Greaves,0.35381180968488135,0.0,-0.8145890713512648,-0.05512849867776978,69,578325__620468
578325,W. Saliba,327391,J. Bree,0.33759118663639304,0.0,-0.8145890713512648,-0.06567190365928718,70,327391__578325
578325,W. Saliba,192792,D. Burn,0.3065196208530652,0.0,-0.8145890713512648,-0.08586842141845025,71,192792__578325
578325,W. Saliba,9433,J. Tarkowski,0.30473931215423095,0.0,-0.8145890713512648,-0.08702562207269254,72,9433__578325
578325,W. Saliba,504375,M. Lacroix,0.29467361013748583,0.0,-0.8145890713512648,-0.09356832838357687,73,504375__578325
578325,W. Saliba,501419,J. Todibo,0.25200326279602586,0.0,-0.8145890713512648,-0.12130405415552584,74,501419__578325
578325,W. Saliba,365443,M. de Ligt,0.25034428298824535,0.0,-0.8145890713512648,-0.12238239103058318,75,365443__578325
578325,W. Saliba,583655,C. Okoli,0.24790667990237997,0.0,-0.8145890713512648,-0.12396683303639569,76,578325__583655
578325,W. Saliba,424806,E. Pinnock,0.2463282967481414,0.0,-0.8145890713512648,-0.12499278208665074,77,424806__578325
578325,W. Saliba,518805,L. Woolfenden,0.24199924377919638,0.0,-0.8145890713512648,-0.12780666651646502,78,518805__578325
578325,W. Saliba,558243,S. van den Berg,0.22969052394983563,0.0,-0.8145890713512648,-0.13580733440554948,79,558243__578325
578325,W. Saliba,520300,N. Wood,0.2070759580956808,0.0,-0.8145890713512648,-0.15050680221075013,80,520300__578325
578325,W. Saliba,364003,S. Bueno,0.193112685872404,0.0,-0.8145890713512648,-0.15958292915588007,81,364003__578325
578325,W. Saliba,424241,N. Milenković,0.15274189846517713,0.0,-0.8145890713512648,-0.18582394097057753,82,424241__578325
578325,W. Saliba,7919,M. Keane,0.12135272655104096,0.0,-0.8145890713512648,-0.20622690271476604,83,7919__578325
578325,W. Saliba,534563,C. Richards,0.0812714361151054,0.0,-0.8145890713512648,-0.23227974149812414,84,534563__578325
578325,W. Saliba,563725,Morato,0.02842894336286983,0.0,-0.8145890713512648,-0.26662736178707724,85,563725__578325
578325,W. Saliba,488709,L. Thomas,-0.012946186778622026,0.0,-0.8145890713512648,-0.293521196379047,86,488709__578325
578325,W. Saliba,508021,Jorge Cuenca,-0.06527614946095972,0.0,-0.8145890713512648,-0.32753567212256646,87,508021__578325
583655,C. Okoli,568412,J. Gvardiol,1.4678866280931324,0.7220960796713107,2.299890986950173,1.7590881536930967,1,568412__583655
583655,C. Okoli,297957,M. Akanji,0.7651302477213031,0.672597110024856,2.0581778583137207,1.217696911428649,2,297957__583655
583655,C. Okoli,258154,Rúben Dias,0.7799869549989822,0.6609171290738156,2.001142231951095,1.2073913019322216,3,258154__583655
583655,C. Okoli,370,V. van Dijk,0.5920049697318432,0.7291487648232986,2.334330624897201,1.2018189490397184,4,370__583655
583655,C. Okoli,590781,J. van Hecke,0.5564285869811626,0.6378223741840138,1.8883660368226405,1.0226066944256798,5,583655__590781
583655,C. Okoli,134102,N. Aké,0.43459064940943554,0.5978037424457665,1.6929472483045933,0.8750154590227408,6,134102__583655
583655,C. Okoli,9097,L. Dunk,0.2811553226441567,0.6327408254832811,1.8635518428395026,0.8349941047125278,7,9097__583655
583655,C. Okoli,145787,J. Andersen,0.5496451336076841,0.5144789456292225,1.2860560043983453,0.8073889383844155,8,145787__583655
583655,C. Okoli,257899,J. Gomez,0.4708861110346341,0.4928375078290315,1.1803766402370752,0.7192077962554886,9,257899__583655
583655,C. Okoli,9380,J. Stones,0.0685559984966555,0.6026430757008391,1.7165786569975983,0.6453639289719855,10,9380__583655
583655,C. Okoli,234399,A. Webster,0.2582672827742076,0.5082571247409662,1.2556736387964427,0.6073595073819898,11,234399__583655
583655,C. Okoli,415847,C. Romero,0.28985029570644055,0.4667550164011619,1.053010744528671,0.5569564527942212,12,415847__583655
583655,C. Okoli,578325,W. Saliba,0.24790667990237997,0.4811302280129007,1.1232077081887681,0.5542620398026158,13,578325__583655
583655,C. Okoli,488453,L. Martínez,-0.053395936613129885,0.504153468740624,1.235634685707618,0.39776478119913183,14,488453__583655
583655,C. Okoli,283145,T. Adarabioyo,-0.006599497483264979,0.4725404280931637,1.0812620388588718,0.3741520402364829,15,283145__583655
583655,C. Okoli,412968,M. Senesi,0.15402170327104153,0.3991801481310844,0.7230294753543852,0.3531744235002118,16,412968__583655
583655,C. Okoli,549884,T. Harwood-Bellis,-0.01661426929984075,0.46008827326720897,1.0204557367732972,0.3463602328257575,17,549884__583655
583655,C. Okoli,622200,J. Quansah,0.12639506985162047,0.39123816281727486,0.6842472111679396,0.32164331931233214,18,583655__622200
583655,C. Okoli,400549,Pau Torres,-0.14702152363369592,0.47226432821843245,1.0799137892889497,0.28240583588923,19,400549__583655
583655,C. Okoli,777938,Dean Huijsen,-0.08555132136307776,0.4329225237573316,0.8878000804498136,0.2551216692714342,20,583655__777938
583655,C. Okoli,386292,A. Disasi,0.07425756462133297,0.3666012058711211,0.563940142433572,0.24564646685561664,21,386292__583655
583655,C. Okoli,415917,Gabriel Magalhaes,-0.19405399866723494,0.4532901100693444,0.987258979198875,0.2194055435859035,22,415917__583655
583655,C. Okoli,625787,M. van de Ven,-0.10715808551763976,0.41055057075346446,0.7785534679870487,0.20284095820900122,23,583655__625787
583655,C. Okoli,393247,I. Konaté,-0.17527497276311604,0.42660325919653447,0.8569418783785079,0.1860009251364523,24,393247__583655
583655,C. Okoli,349142,N. Mazraoui,-0.08302113163385473,0.35662608019966824,0.5152296571081192,0.12636664442583612,25,349142__583655
583655,C. Okoli,415953,Igor Julio,-0.17477664532409226,0.34981982252406746,0.4819933726192528,0.05509286095607849,26,415953__583655
583655,C. Okoli,590703,I. Zabarnyi,-0.37003797532515287,0.41134340166087935,0.7824250160309716,0.033324071649490666,27,583655__590703
583655,C. Okoli,619747,L. Colwill,-0.25280255238764604,0.3552665330454308,0.5085907230348107,0.013685094010213783,28,583655__619747
583655,C. Okoli,482177,J. Kiwior,-0.3222019982353121,0.37246042197112517,0.5925518380911703,-0.002038155521043278,29,482177__583655
583655,C. Okoli,653730,A. Khusanov,-0.39716110348788525,0.32655797978968154,0.3684012549380666,-0.12921427803880212,30,583655__653730
583655,C. Okoli,8136,J. Stephens,-0.35659246797751576,0.2878397702116792,0.17933268160926596,-0.16901866562214218,31,8136__583655
583655,C. Okoli,8582,A. Cresswell,-0.40182490980214697,0.3007126405761471,0.2421934197731332,-0.17641849445079893,32,8582__583655
583655,C. Okoli,594120,J. O'Brien,-0.5421621217828841,0.33764694352629665,0.4225508289041053,-0.20451258904243788,33,583655__594120
583655,C. Okoli,402884,K. Walker-Peters,-0.43399456210008514,0.28800555162652663,0.18014222461064064,-0.2190466867513311,34,402884__583655
583655,C. Okoli,270866,Diego Carlos,-0.4181453371387092,0.27592263847260445,0.12113900166807462,-0.22939581855633487,35,270866__583655
583655,C. Okoli,71703,V. Lindelöf,-0.4590074306895322,0.2832500167158377,0.15692001958672616,-0.2434328230928418,36,71703__583655
583655,C. Okoli,7953,C. Coady,-0.5936043037307599,0.29582387847920966,0.21832064039913482,-0.3094305732852968,37,7953__583655
583655,C. Okoli,62126,M. Doherty,-0.529452244882603,0.2706997531049725,0.09563463315824881,-0.31067183756830485,38,62126__583655
583655,C. Okoli,475597,S. Botman,-0.43177231843894864,0.2191752721397714,-0.1559694625314503,-0.33524131887132425,39,475597__583655
583655,C. Okoli,15806,J. Vestergaard,-0.5979867995763386,0.267280045677976,0.07893553442741594,-0.36106398267502454,40,15806__583655
583655,C. Okoli,447424,C. Bassey,-0.5217768541633298,0.21462278078654148,-0.1782001662398135,-0.40152501339009905,41,447424__583655
583655,C. Okoli,50102,F. Schär,-0.7079215481573995,0.2793835542718252,0.13803932892239948,-0.4118352411794699,42,50102__583655
583655,C. Okoli,767087,A. Gray,-0.5462226848406547,0.21566872802809248,-0.17309260173999233,-0.4156271557554229,43,583655__767087
583655,C. Okoli,8135,L. Shaw,-0.6690167903534482,0.23404494442238277,-0.0833579509201947,-0.4640361965518095,44,8135__583655
583655,C. Okoli,240032,J. Bednarek,-0.6446898723502099,0.21211960363119456,-0.1904236687909123,-0.48569670110445573,45,240032__583655
583655,C. Okoli,412027,E. Konsa,-0.5860347197366921,0.17844973223205002,-0.3548402215960097,-0.5051166453874533,46,412027__583655
583655,C. Okoli,239411,T. Mings,-0.588865114624515,0.17537638990778776,-0.3698479519361394,-0.5122091076835835,47,239411__583655
583655,C. Okoli,397074,M. Guéhi,-0.6645714243421028,0.18727204768908298,-0.3117591335214844,-0.5410871225548863,48,397074__583655
583655,C. Okoli,769441,L. Yoro,-0.600882565545518,0.15459016981196289,-0.471351121149028,-0.5555465600067465,49,583655__769441
583655,C. Okoli,627012,Murillo,-0.8014086935182531,0.22901233239778757,-0.10793317756363381,-0.5586922629341363,50,583655__627012
583655,C. Okoli,604320,J. Branthwaite,-0.7577176158499555,0.1857591164930718,-0.31914707180406926,-0.6042179254338953,51,583655__604320
583655,C. Okoli,136441,B. Davies,-0.6536688963629103,0.11207208942495721,-0.6789752051928746,-0.6625261044533978,52,136441__583655
583655,C. Okoli,8360,C. Dawson,-0.765453204185647,0.141678539995174,-0.5344011292825868,-0.684584977969576,53,8360__583655
583655,C. Okoli,557788,W. Fofana,-0.8757909866628375,0.17962251156672943,-0.34911331123382927,-0.6914538002626845,54,557788__583655
583655,C. Okoli,413002,K. Mavropanos,-0.7264557858745859,0.12048189371382884,-0.6379084896551097,-0.6954642321977693,55,413002__583655
583655,C. Okoli,623641,E. Agbadou,-0.8425973543308469,0.14976811791596611,-0.4948981415931636,-0.7209026298726579,56,583655__623641
583655,C. Okoli,496001,M. Kilman,-0.7825285408363538,0.11216825492554122,-0.6785056102865751,-0.7461205151439312,57,496001__583655
583655,C. Okoli,285382,W. Faes,-0.823385322061058,0.11442515759128154,-0.6674847141293333,-0.7688201092849544,58,285382__583655
583655,C. Okoli,520300,N. Wood,-0.9808729875495339,0.15231111083654533,-0.48248021089028525,-0.8064355157187969,59,520300__583655
583655,C. Okoli,558243,S. van den Berg,-1.1292847022884782,0.15231111083654533,-0.48248021089028525,-0.9029031302991107,60,558243__583655
583655,C. Okoli,192792,D. Burn,-1.06066098584427,0.12333002279754024,-0.6240005195195402,-0.9078298226306145,61,192792__583655
583655,C. Okoli,545267,R. Drăgușin,-0.9276856679076301,0.03862804395489126,-1.037616812019917,-0.9661615683469305,62,545267__583655
583655,C. Okoli,8653,H. Maguire,-1.0019065559090126,0.05798653808209275,-0.9430855073362566,-0.981319188908548,63,8653__583655
583655,C. Okoli,590874,Toti,-0.9376035488402988,0.018805024981114693,-1.1344164821826366,-1.006488075510117,64,583655__590874
583655,C. Okoli,327391,J. Bree,-0.999732797797305,0.03184549238813583,-1.0707373349529827,-1.0245843858017922,65,327391__583655
583655,C. Okoli,399581,D. O'Shea,-1.0907524003932805,0.059350443035125745,-0.9364252932809936,-1.03673791290398,66,399581__583655
583655,C. Okoli,255738,J. Lerma,-1.2778609693096437,0.11656162775838859,-0.6570519133656335,-1.06057779972924,67,255738__583655
583655,C. Okoli,620468,J. Greaves,-1.096214047484392,0.042913602803011854,-1.016689591826576,-1.0683804880041565,68,583655__620468
583655,C. Okoli,365443,M. de Ligt,-1.1893311529614923,0.055302902017900585,-0.9561902259562727,-1.1077318285096656,69,365443__583655
583655,C. Okoli,366217,K. Danso,-1.0981528275967727,0.013537091208536519,-1.1601408308451284,-1.1198486287336973,70,366217__583655
583655,C. Okoli,9433,J. Tarkowski,-1.1630274373070342,0.03631008058979165,-1.0489358794882846,-1.1230953920704718,71,9433__583655
583655,C. Okoli,286380,I. Diop,-1.0738344438293448,0.0,-1.22624508901501,-1.1271781696443277,72,286380__583655
583655,C. Okoli,479155,N. Collins,-1.1137320889820272,0.0,-1.22624508901501,-1.1531116389935714,73,479155__583655
583655,C. Okoli,645877,Y. Mosquera,-1.1357004643235755,0.004379715002347387,-1.2048580859457612,-1.1599056318913403,74,583655__645877
583655,C. Okoli,346131,T. Chalobah,-1.141919390398251,0.0,-1.22624508901501,-1.1714333849141165,75,346131__583655
583655,C. Okoli,501419,J. Todibo,-1.2407495044128005,0.01896597678456833,-1.1336305231162092,-1.2032578609589937,76,501419__583655
583655,C. Okoli,424241,N. Milenković,-1.3622775701633416,0.05798653808209275,-0.9430855073362566,-1.2155603481738617,77,424241__583655
583655,C. Okoli,364003,S. Bueno,-1.3025637688703766,0.030143341610314404,-1.0790492693802411,-1.2243336940488292,78,364003__583655
583655,C. Okoli,288080,C. Burgess,-1.3997209396594257,0.04487664705616696,-1.0071036636452222,-1.2623048930544545,79,288080__583655
583655,C. Okoli,504375,M. Lacroix,-1.3022301834785084,0.006864327515649884,-1.1927252381647033,-1.2639034526186765,80,504375__583655
583655,C. Okoli,518805,L. Woolfenden,-1.291404034729782,0.0,-1.22624508901501,-1.2685984037296119,81,518805__583655
583655,C. Okoli,424806,E. Pinnock,-1.3213663008335803,0.0,-1.22624508901501,-1.2880738766970807,82,424806__583655
583655,C. Okoli,7919,M. Keane,-1.4885804115607297,0.04050782565410046,-1.0284374711383852,-1.3275303824129092,83,7919__583655
583655,C. Okoli,563725,Morato,-1.5929706215767818,0.04050782565410046,-1.0284374711383852,-1.3953840189233429,84,563725__583655
583655,C. Okoli,488709,L. Thomas,-1.6127185497810876,0.0,-1.22624508901501,-1.4774528385129606,85,488709__583655
583655,C. Okoli,534563,C. Richards,-1.644349813501223,0.0,-1.22624508901501,-1.4980131599310484,86,534563__583655
583655,C. Okoli,508021,Jorge Cuenca,-1.7907811071870954,0.0,-1.22624508901501,-1.5931935008268656,87,508021__583655
590703,I. Zabarnyi,568412,J. Gvardiol,1.7784488030826173,0.31180410309236356,1.6387528600312815,1.7295552230146498,1,568412__590703
590703,I. Zabarnyi,297957,M. Akanji,1.1814752081439928,0.31180410309236356,1.6387528600312815,1.3415223863045438,2,297957__590703
590703,I. Zabarnyi,258154,Rúben Dias,1.1325585496775294,0.31180410309236356,1.6387528600312815,1.3097265583013427,3,258154__590703
590703,I. Zabarnyi,370,V. van Dijk,0.9602602831606378,0.31180410309236356,1.6387528600312815,1.197732685065363,4,370__590703
590703,I. Zabarnyi,134102,N. Aké,0.9035847733543182,0.31180410309236356,1.6387528600312815,1.1608936036912554,5,134102__590703
590703,I. Zabarnyi,578325,W. Saliba,0.8659826212525461,0.31180410309236356,1.6387528600312815,1.1364522048251033,6,578325__590703
590703,I. Zabarnyi,622200,J. Quansah,0.6544583183907628,0.31180410309236356,1.6387528600312815,0.9989614079649443,7,590703__622200
590703,I. Zabarnyi,386292,A. Disasi,0.7238236359257967,0.28114149201963845,1.3839595732302397,0.9548712139823518,8,386292__590703
590703,I. Zabarnyi,9097,L. Dunk,0.724081769117599,0.2630962704431663,1.2340114391454606,0.9025571536273506,9,9097__590703
590703,I. Zabarnyi,9380,J. Stones,0.6222487254987451,0.27823285764061095,1.3597900557753435,0.8803881910955546,10,9380__590703
590703,I. Zabarnyi,625787,M. van de Ven,0.4491641430722967,0.31180410309236356,1.6387528600312815,0.8655201940079413,11,590703__625787
590703,I. Zabarnyi,767087,A. Gray,0.39541123979973586,0.31180410309236356,1.6387528600312815,0.8305808068807767,12,590703__767087
590703,I. Zabarnyi,283145,T. Adarabioyo,0.491097465121824,0.28558322429884114,1.4208684836887826,0.8165173216202595,13,283145__590703
590703,I. Zabarnyi,482177,J. Kiwior,0.3388866208059127,0.2857114512945498,1.4219339956119432,0.7179532019880234,14,482177__590703
590703,I. Zabarnyi,8136,J. Stephens,0.3858639430348622,0.26803875799397336,1.2750814134231419,0.69709005767076,15,8136__590703
590703,I. Zabarnyi,240032,J. Bednarek,0.3568372286570316,0.2697357509217851,1.2891827045600823,0.6831581452230993,16,240032__590703
590703,I. Zabarnyi,415953,Igor Julio,0.38707237732729194,0.262329430005702,1.2276393205072254,0.6812708074402687,17,415953__590703
590703,I. Zabarnyi,71703,V. Lindelöf,0.35102346741047646,0.2679137962092286,1.2740430340175484,0.6740803157229516,18,71703__590703
590703,I. Zabarnyi,488453,L. Martínez,0.4388042461779573,0.24221452935215876,1.0604930315288672,0.6563953210507758,19,488453__590703
590703,I. Zabarnyi,402884,K. Walker-Peters,0.3210379090697891,0.2679137962092286,1.2740430340175484,0.6545897028015049,20,402884__590703
590703,I. Zabarnyi,412027,E. Konsa,0.30930846891898256,0.2679137962092286,1.2740430340175484,0.6469655667034806,21,412027__590703
590703,I. Zabarnyi,393247,I. Konaté,0.361990467546246,0.23430737215929393,0.9947879105382211,0.5834695725934372,22,393247__590703
590703,I. Zabarnyi,769441,L. Yoro,0.23608680642310848,0.250152222002496,1.1264518892138513,0.5477145853998684,23,590703__769441
590703,I. Zabarnyi,590781,J. van Hecke,0.8578795536241605,0.10989245656737395,-0.03904724445082094,0.5439551742979171,24,590703__590781
590703,I. Zabarnyi,7953,C. Coady,0.2237221139667348,0.24078273262627367,1.0485954082979567,0.5124277669826625,25,7953__590703
590703,I. Zabarnyi,520300,N. Wood,0.04958005556322925,0.2679137962092286,1.2740430340175484,0.4781420980222409,26,520300__590703
590703,I. Zabarnyi,475597,S. Botman,0.3852582019235165,0.1843804550902832,0.5799164154237082,0.45338857664858356,27,475597__590703
590703,I. Zabarnyi,594120,J. O'Brien,0.28548723896322276,0.18764415084118405,0.6070363422139715,0.3980294251009848,28,590703__594120
590703,I. Zabarnyi,415917,Gabriel Magalhaes,0.33716364518020225,0.17257643807765788,0.4818300429041313,0.3877968843835774,29,415917__590703
590703,I. Zabarnyi,557788,W. Fofana,0.11979219856144466,0.21939424610647468,0.8708661611978326,0.3826680854841804,30,557788__590703
590703,I. Zabarnyi,653730,A. Khusanov,0.22988430953608047,0.17510811013922511,0.5028671634591668,0.3254283084091607,31,590703__653730
590703,I. Zabarnyi,145787,J. Andersen,0.8162051454322332,0.04389030688313492,-0.587497101317072,0.3249093590699764,32,145787__590703
590703,I. Zabarnyi,415847,C. Romero,0.6523178990788268,0.07426836865914152,-0.3350682984275886,0.3067327299515814,33,415847__590703
590703,I. Zabarnyi,257899,J. Gomez,0.7754720505413841,0.04389030688313492,-0.587497101317072,0.29843284739092457,34,257899__590703
590703,I. Zabarnyi,270866,Diego Carlos,0.22145623492791472,0.15497010087945495,0.33552885176884933,0.26138165082224185,35,270866__590703
590703,I. Zabarnyi,619747,L. Colwill,0.28170076192139193,0.1398637454350666,0.21000144817847907,0.2566060021113724,36,590703__619747
590703,I. Zabarnyi,15806,J. Vestergaard,0.18066924629152023,0.15641015304553293,0.3474950742046922,0.23905828606113044,37,15806__590703
590703,I. Zabarnyi,349142,N. Mazraoui,0.4503289430012208,0.09354895369815593,-0.17485481817680593,0.23151462658891145,38,349142__590703
590703,I. Zabarnyi,558243,S. van den Berg,-0.0768964670433081,0.20883603322691824,0.7831318923859955,0.2241134587569481,39,558243__590703
590703,I. Zabarnyi,234399,A. Webster,0.6413201722174589,0.04389030688313492,-0.587497101317072,0.21123412648037307,40,234399__590703
590703,I. Zabarnyi,400549,Pau Torres,0.2640938643535736,0.09641275868591119,-0.15105781394071066,0.11879077695057412,41,400549__590703
590703,I. Zabarnyi,239411,T. Mings,0.12331635421733028,0.11140935969494774,-0.02644242313548619,0.07090078214384452,42,239411__590703
590703,I. Zabarnyi,549884,T. Harwood-Bellis,0.3148533164687799,0.06290923249466705,-0.429457899877463,0.054344390747594895,43,549884__590703
590703,I. Zabarnyi,447424,C. Bassey,0.14204894608813745,0.09806115302815288,-0.13736035642778546,0.04425569020756443,44,447424__590703
590703,I. Zabarnyi,192792,D. Burn,-0.055812686514365106,0.12333002279754024,0.0726132288947214,-0.010863616121184833,45,192792__590703
590703,I. Zabarnyi,412968,M. Senesi,0.41842865489059716,0.0,-0.9522069273308049,-0.06129379888689357,46,412968__590703
590703,I. Zabarnyi,496001,M. Kilman,0.0068078318453390005,0.059281781483608686,-0.45960047852561536,-0.156435076784495,47,496001__590703
590703,I. Zabarnyi,136441,B. Davies,0.06242179864397347,0.045776561220011475,-0.5718231281810071,-0.15956392574476974,48,136441__590703
590703,I. Zabarnyi,777938,Dean Huijsen,0.13072753553111766,0.005519461319956779,-0.9063425458615455,-0.23224699295631443,49,590703__777938
590703,I. Zabarnyi,285382,W. Faes,-0.026082510484834148,0.040470701308082946,-0.6159125725880652,-0.23252303222096501,50,285382__590703
590703,I. Zabarnyi,8135,L. Shaw,-0.04751694310730922,0.04389030688313492,-0.587497101317072,-0.23650999848072618,51,8135__590703
590703,I. Zabarnyi,365443,M. de Ligt,-0.14152933949803323,0.055302902017900585,-0.49266327850857977,-0.2644262181517245,52,365443__590703
590703,I. Zabarnyi,620468,J. Greaves,-0.11235765185171617,0.042913602803011854,-0.5956130977733525,-0.28149705792428886,53,590703__620468
590703,I. Zabarnyi,623641,E. Agbadou,-0.1533363363653362,0.03614292501574752,-0.6518745571512333,-0.3278247136404002,54,590703__623641
590703,I. Zabarnyi,413002,K. Mavropanos,-0.01690277618718372,0.0,-0.9522069273308049,-0.3442592290874511,55,413002__590703
590703,I. Zabarnyi,62126,M. Doherty,-0.04630067336930477,0.0,-0.9522069273308049,-0.3633678622558298,56,62126__590703
590703,I. Zabarnyi,8582,A. Cresswell,-0.08192665163743057,0.0066013956867778945,-0.8973521303756781,-0.36732556919581716,57,8582__590703
590703,I. Zabarnyi,8360,C. Dawson,-0.05779337009557446,0.0,-0.9522069273308049,-0.3708381151279051,58,8360__590703
590703,I. Zabarnyi,366217,K. Danso,-0.12369401567961316,0.013537091208536519,-0.839719443646919,-0.3743029154681702,59,366217__590703
590703,I. Zabarnyi,590874,Toti,-0.11767977227420304,0.007636314177600442,-0.888752396868886,-0.3875551908823421,60,590703__590874
590703,I. Zabarnyi,501419,J. Todibo,-0.19379620798261685,0.01896597678456833,-0.7946077081752347,-0.4040802330500331,61,501419__590703
590703,I. Zabarnyi,364003,S. Bueno,-0.2524719808384385,0.030143341610314404,-0.7017285494182864,-0.4097117798413853,62,364003__590703
590703,I. Zabarnyi,327391,J. Bree,-0.13057157544321732,0.0,-0.9522069273308049,-0.41814394860387294,63,327391__590703
590703,I. Zabarnyi,645877,Y. Mosquera,-0.15256447067385864,0.004379715002347387,-0.9158133541268401,-0.4197015798824021,64,590703__645877
590703,I. Zabarnyi,8653,H. Maguire,-0.1760402225335215,0.0,-0.9522069273308049,-0.4476985692125707,65,8653__590703
590703,I. Zabarnyi,50102,F. Schär,-0.2614903737952284,0.018995523962265146,-0.7943621836664703,-0.447995507250163,66,50102__590703
590703,I. Zabarnyi,286380,I. Diop,-0.19553428286617888,0.0,-0.9522069273308049,-0.460369708428798,67,286380__590703
590703,I. Zabarnyi,545267,R. Drăgușin,-0.21411453322592683,0.0,-0.9522069273308049,-0.4724468711626342,68,545267__590703
590703,I. Zabarnyi,397074,M. Guéhi,-0.2172212753739196,0.0,-0.9522069273308049,-0.47446625355882943,69,397074__590703
590703,I. Zabarnyi,479155,N. Collins,-0.23548065189331308,0.0,-0.9522069273308049,-0.48633484829643525,70,479155__590703
590703,I. Zabarnyi,518805,L. Woolfenden,-0.24403864793718016,0.0,-0.9522069273308049,-0.4918975457249488,71,518805__590703
590703,I. Zabarnyi,604320,J. Branthwaite,-0.2695937982430159,0.0,-0.9522069273308049,-0.508508393423742,72,590703__604320
590703,I. Zabarnyi,424806,E. Pinnock,-0.2856614793322446,0.0,-0.9522069273308049,-0.5189523861317407,73,424806__590703
590703,I. Zabarnyi,346131,T. Chalobah,-0.2898476220743165,0.0,-0.9522069273308049,-0.5216733789140875,74,346131__590703
590703,I. Zabarnyi,583655,C. Okoli,-0.37003797532515287,0.0,-0.9522069273308049,-0.5737971085271311,75,583655__590703
590703,I. Zabarnyi,627012,Murillo,-0.3710778760626201,0.0,-0.9522069273308049,-0.5744730440064848,76,590703__627012
590703,I. Zabarnyi,9433,J. Tarkowski,-0.41937527305470235,0.0,-0.9522069273308049,-0.6058663520513383,77,9433__590703
590703,I. Zabarnyi,399581,D. O'Shea,-0.42018477443249935,0.0,-0.9522069273308049,-0.6063925279469062,78,399581__590703
590703,I. Zabarnyi,424241,N. Milenković,-0.46521454025430276,0.0,-0.9522069273308049,-0.6356618757310786,79,424241__590703
590703,I. Zabarnyi,504375,M. Lacroix,-0.4804546398990442,0.0,-0.9522069273308049,-0.6455679405001604,80,504375__590703
590703,I. Zabarnyi,255738,J. Lerma,-0.5482787394848972,0.0,-0.9522069273308049,-0.689653605230965,81,255738__590703
590703,I. Zabarnyi,7919,M. Keane,-0.5560782961197601,0.0,-0.9522069273308049,-0.6947233170436258,82,7919__590703
590703,I. Zabarnyi,288080,C. Burgess,-0.5946393123303668,0.0,-0.9522069273308049,-0.7197879775805202,83,288080__590703
590703,I. Zabarnyi,534563,C. Richards,-0.6389598236910945,0.0,-0.9522069273308049,-0.7485963099649932,84,534563__590703
590703,I. Zabarnyi,563725,Morato,-0.6490020793079311,0.0,-0.9522069273308049,-0.755123776115937,85,563725__590703
590703,I. Zabarnyi,488709,L. Thomas,-0.6903772094494233,0.0,-0.9522069273308049,-0.7820176107079069,86,488709__590703
590703,I. Zabarnyi,508021,Jorge Cuenca,-0.7701978611675273,0.0,-0.9522069273308049,-0.8339010343246744,87,508021__590703
590781,J. van Hecke,568412,J. Gvardiol,2.1079369610803136,0.32429227338964234,2.030596131038157,2.0808676705655587,1,568412__590781
590781,J. van Hecke,297957,M. Akanji,1.631887511866397,0.34207029769832265,2.18197963509417,1.8244197549961174,2,297957__590781
590781,J. van Hecke,258154,Rúben Dias,1.6917817716111596,0.32429227338964234,2.030596131038157,1.8103667974106088,3,258154__590781
590781,J. van Hecke,578325,W. Saliba,1.4722592184186785,0.34207029769832265,2.18197963509417,1.7206613642551005,4,578325__590781
590781,J. van Hecke,134102,N. Aké,1.4636704969633538,0.32544469874645526,2.040409268068921,1.6655290668503024,5,134102__590781
590781,J. van Hecke,370,V. van Dijk,1.4270142925257983,0.3022111023721585,1.842570454829881,1.5724589493322272,6,370__590781
590781,J. van Hecke,386292,A. Disasi,1.3774345749038126,0.3059610936600596,1.8745023957185436,1.5514083121889684,7,386292__590781
590781,J. van Hecke,622200,J. Quansah,1.3023110979603845,0.27202466408875314,1.585526774217899,1.4014365846505146,8,590781__622200
590781,J. van Hecke,767087,A. Gray,1.0725400338804876,0.31456743792876074,1.9477871730305103,1.3788765325829955,9,590781__767087
590781,J. van Hecke,240032,J. Bednarek,1.0486532109211222,0.3059610936600596,1.8745023957185436,1.3377004256002196,10,240032__590781
590781,J. van Hecke,71703,V. Lindelöf,1.092604610476663,0.2881830693513793,1.7231188916625308,1.3132846088917167,11,71703__590781
590781,J. van Hecke,8136,J. Stephens,1.0979659090765257,0.28514833508136356,1.697277510207701,1.3077249694724369,12,8136__590781
590781,J. van Hecke,412027,E. Konsa,1.0659581488658973,0.2881830693513793,1.7231188916625308,1.295964408844719,13,412027__590781
590781,J. van Hecke,402884,K. Walker-Peters,1.026235297223796,0.25862397424473577,1.4714171661910571,1.1820489513623373,14,402884__590781
590781,J. van Hecke,625787,M. van de Ven,1.126292937153048,0.22225267604446258,1.1617081415535366,1.138688258693219,15,590781__625787
590781,J. van Hecke,283145,T. Adarabioyo,1.1666674387201468,0.21179997176973026,1.0727012320963571,1.1337792664018203,16,283145__590781
590781,J. van Hecke,9097,L. Dunk,1.2589333043530675,0.18931301791405544,0.881220232233183,1.126733729111108,17,9097__590781
590781,J. van Hecke,520300,N. Wood,0.779844725422767,0.2881830693513793,1.7231188916625308,1.1099906836066844,18,520300__590781
590781,J. van Hecke,482177,J. Kiwior,1.0422908117345209,0.201975676784792,0.9890453559496637,1.023654902209821,19,482177__590781
590781,J. van Hecke,9380,J. Stones,1.148283107260987,0.168340401073237,0.7026341210061295,0.9923059620717869,20,9380__590781
590781,J. van Hecke,769441,L. Yoro,0.9594979825724956,0.18415007231825695,0.8372566971422271,0.9167135326719016,21,590781__769441
590781,J. van Hecke,488453,L. Martínez,1.095280518957789,0.15081589358901581,0.5534093644328185,0.9056256148740494,22,488453__590781
590781,J. van Hecke,415953,Igor Julio,1.0642011714080435,0.15695200265220208,0.6056595849931227,0.9037116161628211,23,415953__590781
590781,J. van Hecke,7953,C. Coady,0.9379259989880988,0.17478058294203463,0.7574735835430642,0.8747676535823368,24,7953__590781
590781,J. van Hecke,475597,S. Botman,1.097778743981709,0.13615632971472447,0.42858018720306257,0.8635592491091828,25,475597__590781
590781,J. van Hecke,393247,I. Konaté,1.0391192616269973,0.12489641695847692,0.3326997328393299,0.7918724265513137,26,393247__590781
590781,J. van Hecke,145787,J. Andersen,1.435176125266309,0.015522777205666359,-0.5986391240355691,0.7233407880106518,27,145787__590781
590781,J. van Hecke,594120,J. O'Brien,0.9367698710147654,0.12164200115694501,0.30498771832427446,0.7156461175730936,28,590781__594120
590781,J. van Hecke,257899,J. Gomez,1.250591903667127,0.036109204038263086,-0.42334149951890215,0.6647152125520168,29,257899__590781
590781,J. van Hecke,557788,W. Fofana,0.8210570064363847,0.12608069569205152,0.3427841078719372,0.653661491938828,30,557788__590781
590781,J. van Hecke,558243,S. van den Berg,0.679753212903607,0.1428338835426792,0.48544092040078135,0.611743910527618,31,558243__590781
590781,J. van Hecke,415917,Gabriel Magalhaes,0.9933203707509004,0.07314909699303607,-0.10793925414029906,0.6078795020389807,32,415917__590781
590781,J. van Hecke,415847,C. Romero,1.147459880040858,0.036109204038263086,-0.42334149951890215,0.597679397194942,33,415847__590781
590781,J. van Hecke,15806,J. Vestergaard,0.877757838358082,0.07796695218230694,-0.06691423426617503,0.547122612939592,34,15806__590781
590781,J. van Hecke,619747,L. Colwill,0.9588295560021434,0.05982088200536925,-0.22143172397901567,0.5457381080087377,35,590781__619747
590781,J. van Hecke,653730,A. Khusanov,0.9107701857426048,0.06521565357185115,-0.17549414345062014,0.5305776705249761,36,590781__653730
590781,J. van Hecke,349142,N. Mazraoui,1.0400999489586253,0.036109204038263086,-0.42334149951890215,0.5278954419914907,37,349142__590781
590781,J. van Hecke,412968,M. Senesi,1.1442680703446848,0.0,-0.7308187388945283,0.48798768711096024,38,412968__590781
590781,J. van Hecke,234399,A. Webster,1.1174352037078332,0.0010855508640846968,-0.7215750518130601,0.4737816142755206,39,234399__590781
590781,J. van Hecke,270866,Diego Carlos,0.9052946027371892,0.04507764431208098,-0.3469734008486398,0.4670008014821491,40,270866__590781
590781,J. van Hecke,400549,Pau Torres,0.9687266906062748,0.023672606119734107,-0.5292416681064424,0.44443776505682386,41,400549__590781
590781,J. van Hecke,239411,T. Mings,0.8551252412939643,0.045407210010708694,-0.34416708168692217,0.43537292825065405,42,239411__590781
590781,J. van Hecke,549884,T. Harwood-Bellis,0.9968736823152666,0.01033912609450713,-0.6427789708141552,0.42299525371996904,43,549884__590781
590781,J. van Hecke,192792,D. Burn,0.6900707104680281,0.0573278731133012,-0.2426602033179594,0.3636148906429325,44,192792__590781
590781,J. van Hecke,777938,Dean Huijsen,0.9336034635211724,0.0,-0.7308187388945283,0.3510556926756772,45,590781__777938
590781,J. van Hecke,447424,C. Bassey,0.8432529825601516,0.004669476087469035,-0.6910571973445102,0.30624441959352,46,447424__590781
590781,J. van Hecke,590703,I. Zabarnyi,0.8578795536241605,0.0,-0.7308187388945283,0.30183515124261945,47,590703__590781
590781,J. van Hecke,8582,A. Cresswell,0.8535650237120075,0.0,-0.7308187388945283,0.29903070679971994,48,8582__590781
590781,J. van Hecke,62126,M. Doherty,0.8373536997929085,0.0,-0.7308187388945283,0.28849334625230566,49,62126__590781
590781,J. van Hecke,136441,B. Davies,0.800663670039885,0.0,-0.7308187388945283,0.26464482691284036,50,136441__590781
590781,J. van Hecke,8135,L. Shaw,0.795655245906184,0.0,-0.7308187388945283,0.2613893512259347,51,8135__590781
590781,J. van Hecke,413002,K. Mavropanos,0.77916451425048,0.0,-0.7308187388945283,0.2506703756497271,52,413002__590781
590781,J. van Hecke,397074,M. Guéhi,0.7766759130983492,0.0,-0.7308187388945283,0.2490527849008421,53,397074__590781
590781,J. van Hecke,8360,C. Dawson,0.7676457973870585,0.0,-0.7308187388945283,0.24318320968850315,54,8360__590781
590781,J. van Hecke,496001,M. Kilman,0.7626022335629554,0.0,-0.7308187388945283,0.23990489320283614,55,496001__590781
590781,J. van Hecke,285382,W. Faes,0.7504270302649296,0.0,-0.7308187388945283,0.23199101105911935,56,285382__590781
590781,J. van Hecke,604320,J. Branthwaite,0.7395140054273075,0.0,-0.7308187388945283,0.22489754491466496,57,590781__604320
590781,J. van Hecke,623641,E. Agbadou,0.7371105915534157,0.0,-0.7308187388945283,0.22333532589663535,58,590781__623641
590781,J. van Hecke,590874,Toti,0.7167975319403465,0.0,-0.7308187388945283,0.21013183714814032,59,590781__590874
590781,J. van Hecke,545267,R. Drăgușin,0.7065190745382329,0.0,-0.7308187388945283,0.20345083983676648,60,545267__590781
590781,J. van Hecke,50102,F. Schär,0.6963392526855041,0.0,-0.7308187388945283,0.19683395563249279,61,50102__590781
590781,J. van Hecke,8653,H. Maguire,0.6916224033587524,0.0,-0.7308187388945283,0.19376800357010415,62,8653__590781
590781,J. van Hecke,286380,I. Diop,0.6765588398578967,0.0,-0.7308187388945283,0.1839766872945479,63,286380__590781
590781,J. van Hecke,327391,J. Bree,0.6765492878952073,0.0,-0.7308187388945283,0.18397047851879983,64,327391__590781
590781,J. van Hecke,479155,N. Collins,0.6647742218515134,0.0,-0.7308187388945283,0.17631668559039876,65,479155__590781
590781,J. van Hecke,620468,J. Greaves,0.6622516565677239,0.0,-0.7308187388945283,0.17467701815593561,66,590781__620468
590781,J. van Hecke,366217,K. Danso,0.6552753742224374,0.0,-0.7308187388945283,0.17014243463149942,67,366217__590781
590781,J. van Hecke,645877,Y. Mosquera,0.6520187599703967,0.0,-0.7308187388945283,0.16802563536767295,68,590781__645877
590781,J. van Hecke,346131,T. Chalobah,0.6519269551494813,0.0,-0.7308187388945283,0.16796596223407795,69,346131__590781
590781,J. van Hecke,627012,Murillo,0.6453112478669953,0.0,-0.7308187388945283,0.16366575250046206,70,590781__627012
590781,J. van Hecke,9433,J. Tarkowski,0.5970138508749131,0.0,-0.7308187388945283,0.1322724444556086,71,9433__590781
590781,J. van Hecke,399581,D. O'Shea,0.5962043494971163,0.0,-0.7308187388945283,0.13174626856004068,72,399581__590781
590781,J. van Hecke,501419,J. Todibo,0.5909613640548405,0.0,-0.7308187388945283,0.1283383280225614,73,501419__590781
590781,J. van Hecke,365443,M. de Ligt,0.5893023842470595,0.0,-0.7308187388945283,0.12725999114750375,74,365443__590781
590781,J. van Hecke,424806,E. Pinnock,0.5852863980069556,0.0,-0.7308187388945283,0.12464960009143622,75,424806__590781
590781,J. van Hecke,518805,L. Woolfenden,0.5809573450380108,0.0,-0.7308187388945283,0.1218357156616221,76,518805__590781
590781,J. van Hecke,583655,C. Okoli,0.5564285869811626,0.0,-0.7308187388945283,0.10589202292467081,77,583655__590781
590781,J. van Hecke,504375,M. Lacroix,0.5359344840305715,0.0,-0.7308187388945283,0.0925708560067866,78,504375__590781
590781,J. van Hecke,364003,S. Bueno,0.5320707871312185,0.0,-0.7308187388945283,0.09005945302220708,79,364003__590781
590781,J. van Hecke,424241,N. Milenković,0.49169999972399125,0.0,-0.7308187388945283,0.0638184412075094,80,424241__590781
590781,J. van Hecke,255738,J. Lerma,0.46811038444471853,0.0,-0.7308187388945283,0.048485191275982165,81,255738__590781
590781,J. van Hecke,7919,M. Keane,0.46031082780985555,0.0,-0.7308187388945283,0.043415479463321194,82,7919__590781
590781,J. van Hecke,288080,C. Burgess,0.42174981159924874,0.0,-0.7308187388945283,0.01835081892642676,83,288080__590781
590781,J. van Hecke,534563,C. Richards,0.3774293002385211,0.0,-0.7308187388945283,-0.010457513458046186,84,534563__590781
590781,J. van Hecke,563725,Morato,0.367387044621684,0.0,-0.7308187388945283,-0.016984979608990314,85,563725__590781
590781,J. van Hecke,488709,L. Thomas,0.32601191448019184,0.0,-0.7308187388945283,-0.04387881420096021,86,488709__590781
590781,J. van Hecke,508021,Jorge Cuenca,0.24619126276208786,0.0,-0.7308187388945283,-0.0957622378177278,87,508021__590781
590874,Toti,568412,J. Gvardiol,1.6282555730523163,0.2561276276489877,1.7524378606284883,1.6717193737039764,1,568412__590874
590874,Toti,258154,Rúben Dias,0.9403558999581663,0.2561276276489877,1.7524378606284883,1.2245845861927789,2,258154__590874
590874,Toti,297957,M. Akanji,0.925499192680487,0.2561276276489877,1.7524378606284883,1.2149277264622875,3,297957__590874
590874,Toti,370,V. van Dijk,0.7523739146910269,0.2561276276489877,1.7524378606284883,1.1023962957691382,4,370__590874
590874,Toti,134102,N. Aké,0.6096171542194735,0.2561276276489877,1.7524378606284883,1.0096044014626286,5,134102__590874
590874,Toti,590781,J. van Hecke,0.7167975319403465,0.23655163534172952,1.5151033889012624,0.9962045818766669,6,590781__590874
590874,Toti,578325,W. Saliba,0.507631787769625,0.24994393036881551,1.6774682496746358,0.9170745494363788,7,578325__590874
590874,Toti,9380,J. Stones,0.32828110636390045,0.2561276276489877,1.7524378606284883,0.8267359703565061,8,9380__590874
590874,Toti,145787,J. Andersen,0.7619229030368968,0.1705494856574905,0.7149097086880666,0.7454682850148062,9,145787__590874
590874,Toti,9097,L. Dunk,0.44152426760334046,0.20738672907469852,1.1615153044140485,0.6935211304870883,10,9097__590874
590874,Toti,257899,J. Gomez,0.6312550559938179,0.1705494856574905,0.7149097086880666,0.6605341844368049,11,257899__590874
590874,Toti,283145,T. Adarabioyo,0.15376944747591892,0.2369599407564042,1.5200535824022707,0.631968894700142,12,283145__590874
590874,Toti,400549,Pau Torres,0.01404618063700977,0.2561276276489877,1.7524378606284883,0.6224832686340273,13,400549__590874
590874,Toti,386292,A. Disasi,0.29452973501339075,0.20128444117971947,1.0875326806394512,0.5720807659825119,14,386292__590874
590874,Toti,488453,L. Martínez,0.10697300834605393,0.2141973619968762,1.2440857274783128,0.5049624600423445,15,488453__590874
590874,Toti,415847,C. Romero,0.4502192406656242,0.15218664885920788,0.49228323323129997,0.46494163806361066,16,415847__590874
590874,Toti,549884,T. Harwood-Bellis,0.14375467565934297,0.18956841126902263,0.9454904420672261,0.42436219390210206,17,549884__590874
590874,Toti,393247,I. Konaté,-0.014906027803932173,0.20738672907469852,1.1615153044140485,0.39684143847236103,18,393247__590874
590874,Toti,415917,Gabriel Magalhaes,-0.03043260150032348,0.20738672907469852,1.1615153044140485,0.3867491655697067,19,415917__590874
590874,Toti,482177,J. Kiwior,-0.06247689036806709,0.20738672907469852,1.1615153044140485,0.3659203778056733,20,482177__590874
590874,Toti,8136,J. Stephens,-0.06889479090093903,0.20128444117971947,1.0875326806394512,0.3358548241381975,21,8136__590874
590874,Toti,777938,Dean Huijsen,0.1283730606074029,0.1705494856574905,0.7149097086880666,0.33366088743563516,22,590874__777938
590874,Toti,71703,V. Lindelöf,-0.0729705815189881,0.20128444117971947,1.0875326806394512,0.33320556023646564,23,71703__590874
590874,Toti,234399,A. Webster,0.4186362277333916,0.12180858708320129,0.12398715247362682,0.3155090513924739,24,234399__590874
590874,Toti,412968,M. Senesi,0.3765052296756046,0.12180858708320129,0.12398715247362682,0.2881239026549124,25,412968__590874
590874,Toti,622200,J. Quansah,0.2867640148108044,0.13534030951448744,0.2880423964878986,0.28721144839778734,26,590874__622200
590874,Toti,625787,M. van de Ven,0.06040266113461912,0.1632206476197222,0.6260566954273682,0.25838157313708127,27,590874__625787
590874,Toti,590703,I. Zabarnyi,-0.11767977227420304,0.1705494856574905,0.7149097086880666,0.1737265460625913,28,590703__590874
590874,Toti,619747,L. Colwill,-0.085241805735387,0.16355098997725462,0.6300616841749893,0.1651144157332447,29,590874__619747
590874,Toti,15806,J. Vestergaard,-0.2990160940402835,0.18720239511613668,0.916805449504419,0.12652144620036235,30,15806__590874
590874,Toti,349142,N. Mazraoui,0.12305904336176753,0.11052356871775967,-0.012829609106376628,0.07549801499791707,31,349142__590874
590874,Toti,402884,K. Walker-Peters,-0.1548582255548159,0.15254354260543027,0.49661012442501157,0.07315569693812368,32,402884__590874
590874,Toti,594120,J. O'Brien,-0.19993771101982777,0.15254354260543027,0.49661012442501157,0.043854031385865966,33,590874__594120
590874,Toti,8582,A. Cresswell,-0.18874211995782822,0.148813211285807,0.4513845134207582,0.03530220172467702,34,8582__590874
590874,Toti,7953,C. Coady,-0.2442511102122597,0.15254354260543027,0.49661012442501157,0.01505032191078523,35,7953__590874
590874,Toti,475597,S. Botman,-0.16242523237506135,0.13431904056578642,0.27566078524556537,-0.009095126207842003,36,475597__590874
590874,Toti,240032,J. Bednarek,-0.21155076543564805,0.13431904056578642,0.27566078524556537,-0.04102672269722335,37,240032__590874
590874,Toti,415953,Igor Julio,-0.014407700364908474,0.10367000900218823,-0.0959204659587802,-0.04293716832276358,38,415953__590874
590874,Toti,270866,Diego Carlos,-0.2577763921795253,0.13431904056578642,0.27566078524556537,-0.07107338008074357,39,270866__590874
590874,Toti,62126,M. Doherty,-0.3199062309757557,0.1343723992522926,0.27630769271647343,-0.11123135768347552,40,62126__590874
590874,Toti,239411,T. Mings,-0.3687007594478901,0.14029953269653367,0.3481667874058475,-0.11779711804908195,41,239411__590874
590874,Toti,412027,E. Konsa,-0.20252531952722425,0.11171676338700187,0.0016363868976850332,-0.131068722278506,42,412027__590874
590874,Toti,653730,A. Khusanov,-0.22960035683562632,0.11084653431418277,-0.008914054379440773,-0.15236015097596137,43,590874__653730
590874,Toti,767087,A. Gray,-0.23434898479300795,0.0855781419914972,-0.3152617709688744,-0.26266845995456123,44,590874__767087
590874,Toti,8360,C. Dawson,-0.47343350053704136,0.11570629918822227,0.050004528699029736,-0.2902301903044165,45,8360__590874
590874,Toti,413002,K. Mavropanos,-0.4659980247919046,0.11123625420602529,-0.00418918714409044,-0.30436493161516964,46,413002__590874
590874,Toti,496001,M. Kilman,-0.4876079764040469,0.11216825492554122,0.007110158245093021,-0.3144566292768479,47,496001__590874
590874,Toti,285382,W. Faes,-0.4980276281905868,0.11245199305738476,0.01055012892821333,-0.3200254131990068,48,285382__590874
590874,Toti,627012,Murillo,-0.5339076725889415,0.11245070463939896,0.01053450846835493,-0.3433529092188878,49,590874__627012
590874,Toti,769441,L. Yoro,-0.37534054768202396,0.08785720096691477,-0.2876310256418357,-0.3446422149679581,50,590874__769441
590874,Toti,604320,J. Branthwaite,-0.4902165949206438,0.1000012400535637,-0.1403997100575947,-0.36778068521857665,51,590874__604320
590874,Toti,447424,C. Bassey,-0.36140790920414584,0.07067162577170807,-0.49598467363395426,-0.4085097767545788,52,447424__590874
590874,Toti,397074,M. Guéhi,-0.4150922892090205,0.06896119857999383,-0.5167214683568899,-0.45066250191077484,53,397074__590874
590874,Toti,557788,W. Fofana,-0.5397626330454673,0.0855781419914972,-0.3152617709688744,-0.46118733131865985,54,557788__590874
590874,Toti,8135,L. Shaw,-0.3674374726235006,0.05378945678282052,-0.7006599000898722,-0.48406532223673066,55,8135__590874
590874,Toti,520300,N. Wood,-0.5962793525093228,0.0855781419914972,-0.3152617709688744,-0.4979231989701659,56,520300__590874
590874,Toti,192792,D. Burn,-0.6490947263309235,0.0855781419914972,-0.3152617709688744,-0.5322531919542063,57,192792__590874
590874,Toti,558243,S. van den Berg,-0.6746373983735858,0.0855781419914972,-0.3152617709688744,-0.5488559287819368,58,558243__590874
590874,Toti,50102,F. Schär,-0.48845197703511184,0.054843186469268224,-0.6878847429202591,-0.5582534450949134,59,50102__590874
590874,Toti,136441,B. Davies,-0.4932999514037266,0.020827989571290693,-1.1002765471143097,-0.7057417599024307,60,136441__590874
590874,Toti,8653,H. Maguire,-0.7043026476634883,0.048740898574289204,-0.7618673666948562,-0.724450299324467,61,8653__590874
590874,Toti,620468,J. Greaves,-0.7164431086064621,0.042913602803011854,-0.8325160542181766,-0.7570686395705621,62,590874__620468
590874,Toti,327391,J. Bree,-0.6570904786946525,0.03184549238813583,-0.9667030776447872,-0.7654548883271997,63,327391__590874
590874,Toti,365443,M. de Ligt,-0.8010841711049453,0.04393083681874393,-0.820183361501638,-0.8077688877437877,64,365443__590874
590874,Toti,545267,R. Drăgușin,-0.6984304702382211,0.02512483356396639,-1.0481826770774954,-0.820843742631967,65,545267__590874
590874,Toti,399581,D. O'Shea,-0.8098872989217544,0.03812314920267396,-0.8905943246182133,-0.838134757915515,66,399581__590874
590874,Toti,9433,J. Tarkowski,-0.812417621827762,0.03631008058979165,-0.9125755184545069,-0.8474728856471228,67,9433__590874
590874,Toti,424241,N. Milenković,-0.8988112877268648,0.048740898574289204,-0.7618673666948562,-0.8508809153656618,68,424241__590874
590874,Toti,623641,E. Agbadou,-0.6086490758473225,0.0,-1.352789922909296,-0.8690983723190131,69,590874__623641
590874,Toti,364003,S. Bueno,-0.8719463788236133,0.030143341610314404,-0.9873395311799958,-0.9123339821483472,70,364003__590874
590874,Toti,501419,J. Todibo,-0.821750213055658,0.01896597678456833,-1.1228511279656848,-0.9271355332741673,71,501419__590874
590874,Toti,7919,M. Keane,-0.9642984059539637,0.04050782565410046,-0.8616830992276199,-0.9283830485997433,72,7919__590874
590874,Toti,645877,Y. Mosquera,-0.7720388686590334,0.004379715002347387,-1.299691345320842,-0.9567172354906665,73,590874__645877
590874,Toti,479155,N. Collins,-0.7813746018691269,0.0,-1.352789922909296,-0.9813699642331861,74,479155__590874
590874,Toti,366217,K. Danso,-0.7832488472865251,0.0,-1.352789922909296,-0.982588223754495,75,366217__590874
590874,Toti,286380,I. Diop,-0.7922063689920273,0.0,-1.352789922909296,-0.9884106128630714,76,286380__590874
590874,Toti,563725,Morato,-1.0572221891421347,0.04050782565410046,-0.8616830992276199,-0.9887835076720546,77,563725__590874
590874,Toti,346131,T. Chalobah,-0.8062531664549077,0.0,-1.352789922909296,-0.9975410312139437,78,346131__590874
590874,Toti,518805,L. Woolfenden,-0.8359376234306217,0.0,-1.352789922909296,-1.0168359282481576,79,518805__590874
590874,Toti,504375,M. Lacroix,-0.9148446395141391,0.006864327515649884,-1.2695685199214437,-1.0389979976566956,80,504375__590874
590874,Toti,255738,J. Lerma,-0.8841240996106556,0.0,-1.352789922909296,-1.0481571377651797,81,255738__590874
590874,Toti,424806,E. Pinnock,-0.9051358773174196,0.0,-1.352789922909296,-1.0618147932745763,82,424806__590874
590874,Toti,583655,C. Okoli,-0.9376035488402988,0.0,-1.352789922909296,-1.0829187797644477,83,583655__590874
590874,Toti,288080,C. Burgess,-1.046062310689641,0.0,-1.352789922909296,-1.1534169749665202,84,288080__590874
590874,Toti,534563,C. Richards,-1.1166028355829405,0.0,-1.352789922909296,-1.199268316147165,85,534563__590874
590874,Toti,488709,L. Thomas,-1.1465940866058135,0.0,-1.352789922909296,-1.2187626293120324,86,488709__590874
590874,Toti,508021,Jorge Cuenca,-1.2478408730593733,0.0,-1.352789922909296,-1.2845730405068463,87,508021__590874
594120,J. O'Brien,568412,J. Gvardiol,1.7205493287448212,0.33448562417938504,1.6766834468778467,1.70519627009138,1,568412__594120
594120,J. O'Brien,297957,M. Akanji,1.046966419782723,0.4280450781684817,2.446520015194471,1.5368101781768349,2,297957__594120
594120,J. O'Brien,258154,Rúben Dias,1.161944289504127,0.35104176934452164,1.8129126084970026,1.3897832011516336,3,258154__594120
594120,J. O'Brien,145787,J. Andersen,1.191471338764232,0.342596317014807,1.7434207745648926,1.3846536412944632,4,145787__594120
594120,J. O'Brien,257899,J. Gomez,1.0165208454453507,0.36744532330997964,1.9478862018063052,1.342498720171685,5,257899__594120
594120,J. O'Brien,590781,J. van Hecke,0.9367698710147654,0.3558486356563542,1.8524650140325163,1.2572631710709783,6,590781__594120
594120,J. O'Brien,370,V. van Dijk,0.871997223230274,0.3453101998986618,1.7657514551860463,1.1848112044147943,7,370__594120
594120,J. O'Brien,622200,J. Quansah,0.6240370767519631,0.3565830657359337,1.858508135363663,1.056101947266058,8,594120__622200
594120,J. O'Brien,134102,N. Aké,0.7436548357471982,0.30073455297111845,1.3989690339761855,0.9730148051273437,9,134102__594120
594120,J. O'Brien,415847,C. Romero,0.8052171086778003,0.2835517712492801,1.2575837099830034,0.9635454191346213,10,415847__594120
594120,J. O'Brien,549884,T. Harwood-Bellis,0.5328223189694314,0.32490688741745377,1.597866592747073,0.9055878147916059,11,549884__594120
594120,J. O'Brien,578325,W. Saliba,0.6162317595160636,0.2923828507270088,1.330248605189193,0.8661376555016589,12,578325__594120
594120,J. O'Brien,234399,A. Webster,0.750309297692683,0.2566504711505798,1.0362313648351515,0.850382021192547,13,234399__594120
594120,J. O'Brien,9097,L. Dunk,0.6306671758525328,0.2835517712492801,1.2575837099830034,0.8500879627981974,14,9097__594120
594120,J. O'Brien,349142,N. Mazraoui,0.5951608152274926,0.28957350668275056,1.3071324401621445,0.8443508839546208,15,349142__594120
594120,J. O'Brien,777938,Dean Huijsen,0.5747243447997955,0.2696237356070539,1.1429794588353575,0.7736136347122422,16,594120__777938
594120,J. O'Brien,412968,M. Senesi,0.7911454739179591,0.19722473258192663,0.5472577261614558,0.705784762203183,17,412968__594120
594120,J. O'Brien,8582,A. Cresswell,0.3004782568263152,0.2643337226073428,1.0994515706272612,0.5801189166566463,18,8582__594120
594120,J. O'Brien,590703,I. Zabarnyi,0.28548723896322276,0.259871776649271,1.0627372780793751,0.557524752653876,19,590703__594120
594120,J. O'Brien,283145,T. Adarabioyo,0.382929717646172,0.23582880333551032,0.8649041433311673,0.5516207666359203,20,283145__594120
594120,J. O'Brien,400549,Pau Torres,0.3076376848430842,0.23679417110804601,0.8728474925223559,0.5054611175308292,21,400549__594120
594120,J. O'Brien,488453,L. Martínez,0.3170395776978159,0.23340232572983977,0.8449383235940806,0.5018041387615085,22,488453__594120
594120,J. O'Brien,9380,J. Stones,0.33195101093781065,0.22865834684107084,0.8059033755243538,0.4978343385431007,23,9380__594120
594120,J. O'Brien,619747,L. Colwill,0.25063785012837014,0.23494693877473943,0.857647884789267,0.463091362259684,24,594120__619747
594120,J. O'Brien,386292,A. Disasi,0.4360126125868754,0.1900867418499772,0.48852409684377934,0.4543916320767918,25,386292__594120
594120,J. O'Brien,625787,M. van de Ven,0.3187835645279797,0.21189388699085723,0.6679601352583908,0.44099536428362357,26,594120__625787
594120,J. O'Brien,8135,L. Shaw,0.20985942023778653,0.2145195347295576,0.6895647893963356,0.3777562994432787,27,8135__594120
594120,J. O'Brien,393247,I. Konaté,0.23694129312293127,0.196088241413614,0.5379063199311682,0.3422790525058142,28,393247__594120
594120,J. O'Brien,415953,Igor Julio,0.3003998113566471,0.17332279600944528,0.35058508601089405,0.3179646574856335,29,415953__594120
594120,J. O'Brien,50102,F. Schär,0.013309832190845194,0.21622025654419177,0.7035588625724337,0.25489699282440115,30,50102__594120
594120,J. O'Brien,475597,S. Botman,0.13897507171265164,0.1857366692607007,0.4527303335064356,0.248789413340476,31,475597__594120
594120,J. O'Brien,270866,Diego Carlos,0.1227847684654728,0.17387763151899163,0.35515044682092134,0.2041127558898798,32,270866__594120
594120,J. O'Brien,62126,M. Doherty,0.11554093715771943,0.1636273080725057,0.27080756654825766,0.16988425744440783,33,62126__594120
594120,J. O'Brien,415917,Gabriel Magalhaes,0.19440225063156352,0.1452616338001231,0.11968903118015241,0.16825262382356962,34,415917__594120
594120,J. O'Brien,397074,M. Guéhi,0.0626862879385367,0.14993808128050476,0.1581683096144781,0.09610499552511619,35,397074__594120
594120,J. O'Brien,240032,J. Bednarek,0.029254610158416655,0.15549772691590885,0.2039148198230004,0.09038568354102094,36,240032__594120
594120,J. O'Brien,653730,A. Khusanov,0.044643631986110696,0.14588586853282892,0.12482543059208456,0.07270726149820156,37,594120__653730
594120,J. O'Brien,447424,C. Bassey,0.09145668804179408,0.11976523933675658,-0.09010330921136482,0.027910689003188466,38,447424__594120
594120,J. O'Brien,482177,J. Kiwior,0.0824382964348386,0.10801996818226309,-0.18674708869063839,-0.011776588359078334,39,482177__594120
594120,J. O'Brien,627012,Murillo,-0.12268623412814283,0.1522518162193119,0.17720644728352788,-0.017723795634058098,40,594120__627012
594120,J. O'Brien,623641,E. Agbadou,-0.031352182986035246,0.1285186370960593,-0.018077603579122165,-0.02670608019361567,41,594120__623641
594120,J. O'Brien,8136,J. Stephens,0.0750490027013178,0.07602640634949184,-0.4500001625321838,-0.10871820513040774,42,8136__594120
594120,J. O'Brien,604320,J. Branthwaite,-0.09484618128322533,0.11280674869587215,-0.14735995541054103,-0.11322600222778582,43,594120__604320
594120,J. O'Brien,767087,A. Gray,0.010979141251099292,0.08472455628194991,-0.37842905336894134,-0.1253137268659149,44,594120__767087
594120,J. O'Brien,136441,B. Davies,-0.021467037139582805,0.09124409985366652,-0.32478420149939186,-0.12762804466551597,45,136441__594120
594120,J. O'Brien,71703,V. Lindelöf,0.014025312182747302,0.08201886017893295,-0.4006923705864294,-0.13112587678646456,46,71703__594120
594120,J. O'Brien,15806,J. Vestergaard,-0.11294035272090067,0.09532730610918498,-0.2911862981614392,-0.17532643362508915,47,15806__594120
594120,J. O'Brien,413002,K. Mavropanos,-0.1254102747987418,0.09556456618177296,-0.28923404777634215,-0.18274859534090193,48,413002__594120
594120,J. O'Brien,239411,T. Mings,-0.06116933257452224,0.07400293627068938,-0.4666499097799413,-0.20308753459641893,49,239411__594120
594120,J. O'Brien,8360,C. Dawson,-0.16772617765707293,0.09654772226262424,-0.2811443307981907,-0.20742253125646415,50,8360__594120
594120,J. O'Brien,8653,H. Maguire,-0.2242943691198051,0.06868088842997035,-0.5104413907198954,-0.3244458266798367,51,8653__594120
594120,J. O'Brien,412027,E. Konsa,-0.0535606337767361,0.02613862139550467,-0.8604925236181188,-0.33598679522122,52,412027__594120
594120,J. O'Brien,255738,J. Lerma,-0.4164652912854266,0.09237571208031177,-0.3154729407332994,-0.38111796859218205,53,255738__594120
594120,J. O'Brien,545267,R. Drăgușin,-0.18342832262609965,0.03862804395489126,-0.7577256326901866,-0.38443238114853007,54,545267__594120
594120,J. O'Brien,496001,M. Kilman,-0.2171766506011445,0.043188358825210736,-0.720201929841096,-0.3932354983351275,55,496001__594120
594120,J. O'Brien,399581,D. O'Shea,-0.3056745634829352,0.059350443035125745,-0.58721522551023,-0.40421379519248835,56,399581__594120
594120,J. O'Brien,402884,K. Walker-Peters,-0.06617778959265415,0.0,-1.0755693088886684,-0.4194648213462591,57,402884__594120
594120,J. O'Brien,769441,L. Yoro,-0.07734430863834238,0.002279058975417566,-1.056816495935836,-0.4201595741924651,58,594120__769441
594120,J. O'Brien,590874,Toti,-0.19993771101982777,0.018805024981114693,-0.9208356579178446,-0.4522519924341336,59,590874__594120
594120,J. O'Brien,424241,N. Milenković,-0.5140450247086241,0.08434347811232346,-0.3815646842203121,-0.4676769055377149,60,424241__594120
594120,J. O'Brien,557788,W. Fofana,-0.28217280337243505,0.027311400730184086,-0.8508425269592298,-0.48120720662781324,61,557788__594120
594120,J. O'Brien,7953,C. Coady,-0.18995274925763767,0.0,-1.0755693088886684,-0.4999185451284984,62,7953__594120
594120,J. O'Brien,9433,J. Tarkowski,-0.40237131074222204,0.03631008058979165,-0.7767985631786425,-0.5334208490949692,63,9433__594120
594120,J. O'Brien,285382,W. Faes,-0.27066854535720286,0.005015891135368755,-1.0342969814640974,-0.537938497994616,64,285382__594120
594120,J. O'Brien,366217,K. Danso,-0.3702748810849872,0.013537091208536519,-0.9641818713114525,-0.5781423276642501,65,366217__594120
594120,J. O'Brien,327391,J. Bree,-0.34533380768735394,0.0,-1.0755693088886684,-0.600916233107814,66,327391__594120
594120,J. O'Brien,286380,I. Diop,-0.34758121712542805,0.0,-1.0755693088886684,-0.6023770492425622,67,286380__594120
594120,J. O'Brien,346131,T. Chalobah,-0.3702707006710605,0.0,-1.0755693088886684,-0.6171252135472233,68,346131__594120
594120,J. O'Brien,479155,N. Collins,-0.37308649580665215,0.0,-1.0755693088886684,-0.6189554803853579,69,479155__594120
594120,J. O'Brien,192792,D. Burn,-0.3830534429830701,0.0,-1.0755693088886684,-0.6254339960500295,70,192792__594120
594120,J. O'Brien,7919,M. Keane,-0.5795321429357234,0.04050782565410046,-0.7422581985528276,-0.6364862624017099,71,7919__594120
594120,J. O'Brien,288080,C. Burgess,-0.6237179709782958,0.04487664705616696,-0.7063101640960742,-0.6526252385695183,72,288080__594120
594120,J. O'Brien,504375,M. Lacroix,-0.48163056971550866,0.006864327515649884,-1.0190874664543899,-0.6697404835741171,73,504375__594120
594120,J. O'Brien,365443,M. de Ligt,-0.5060538139697571,0.011372065199156654,-0.9819963852094438,-0.6726337139036475,74,365443__594120
594120,J. O'Brien,620468,J. Greaves,-0.46239741417889696,0.0,-1.0755693088886684,-0.677007577327317,75,594120__620468
594120,J. O'Brien,520300,N. Wood,-0.4643044734607579,0.0,-1.0755693088886684,-0.6782471658605266,76,520300__594120
594120,J. O'Brien,645877,Y. Mosquera,-0.4677880781696663,0.0,-1.0755693088886684,-0.680511508921317,77,594120__645877
594120,J. O'Brien,563725,Morato,-0.6724559261238942,0.04050782565410046,-0.7422581985528276,-0.6968867214740209,78,563725__594120
594120,J. O'Brien,558243,S. van den Berg,-0.495482979841985,0.0,-1.0755693088886684,-0.6985131950083242,79,558243__594120
594120,J. O'Brien,518805,L. Woolfenden,-0.500733105273477,0.0,-1.0755693088886684,-0.7019257765387941,80,518805__594120
594120,J. O'Brien,501419,J. Todibo,-0.5139482982202705,0.0,-1.0755693088886684,-0.7105156519542097,81,501419__594120
594120,J. O'Brien,424806,E. Pinnock,-0.5360620009568186,0.0,-1.0755693088886684,-0.724889558732966,82,424806__594120
594120,J. O'Brien,583655,C. Okoli,-0.5421621217828841,0.0,-1.0755693088886684,-0.7288546372699086,83,583655__594120
594120,J. O'Brien,364003,S. Bueno,-0.6028800917186993,0.0,-1.0755693088886684,-0.7683213177281885,84,364003__594120
594120,J. O'Brien,488709,L. Thomas,-0.8225881709408107,0.0,-1.0755693088886684,-0.9111315692225609,85,488709__594120
594120,J. O'Brien,534563,C. Richards,-0.8233655149913238,0.0,-1.0755693088886684,-0.9116368428553944,86,534563__594120
594120,J. O'Brien,508021,Jorge Cuenca,-0.9623506654798581,0.0,-1.0755693088886684,-1.0019771906729418,87,508021__594120
604320,J. Branthwaite,568412,J. Gvardiol,1.6509720465392772,0.35341389179174276,1.7938955134619647,1.7009952599622178,1,568412__604320
604320,J. Branthwaite,297957,M. Akanji,0.9635868835929698,0.35341389179174276,1.7938955134619647,1.254194904047118,2,297957__604320
604320,J. Branthwaite,258154,Rúben Dias,0.963072373445127,0.35341389179174276,1.7938955134619647,1.25386047245102,3,258154__604320
604320,J. Branthwaite,370,V. van Dijk,0.7750903881779881,0.35341389179174276,1.7938955134619647,1.1316721820273798,4,370__604320
604320,J. Branthwaite,134102,N. Aké,0.6856964488032953,0.3445699279718038,1.7246489278480799,1.04932981646897,5,134102__604320
604320,J. Branthwaite,578325,W. Saliba,0.5837110823534472,0.35341389179174276,1.7938955134619647,1.0072756332414283,6,578325__604320
604320,J. Branthwaite,622200,J. Quansah,0.39082127357563856,0.3490761508239849,1.7599318115054394,0.8700099618510688,7,604320__622200
604320,J. Branthwaite,9097,L. Dunk,0.5025207631070097,0.3140667819671339,1.4858149893212056,0.8466737422819782,8,9097__604320
604320,J. Branthwaite,9380,J. Stones,0.4043604009477224,0.29311511650141103,1.3217673602304225,0.7254528366966674,9,9380__604320
604320,J. Branthwaite,283145,T. Adarabioyo,0.19831680294810777,0.3365537358228087,1.6618836398794354,0.7105651958740724,10,283145__604320
604320,J. Branthwaite,625787,M. van de Ven,0.1857418750184152,0.327909362403618,1.5941998098415024,0.6787021522064958,11,604320__625787
604320,J. Branthwaite,386292,A. Disasi,0.3995333342362162,0.27178076919505006,1.1547234037710354,0.663849858573403,12,386292__604320
604320,J. Branthwaite,767087,A. Gray,0.022874417153295107,0.34327762966659014,1.7145304733798579,0.614954036832592,13,604320__767087
604320,J. Branthwaite,488453,L. Martínez,0.15008898848415267,0.2805172408942822,1.223128346147692,0.5256527636663915,14,488453__604320
604320,J. Branthwaite,590781,J. van Hecke,0.7395140054273075,0.12970134730526633,0.04226805544849203,0.4954779229347221,15,590781__604320
604320,J. Branthwaite,415953,Igor Julio,0.08091824525804607,0.28129434004100956,1.229212887388466,0.482821370003693,16,415953__604320
604320,J. Branthwaite,482177,J. Kiwior,0.06591175367314138,0.2817097383864203,1.232465378881534,0.4742055224960788,17,482177__604320
604320,J. Branthwaite,393247,I. Konaté,0.06780489639391102,0.2545977642637433,1.0201836830864082,0.401137471736285,18,393247__604320
604320,J. Branthwaite,8136,J. Stephens,0.03983343268362073,0.258678035169385,1.0521314425241337,0.39413773612780023,19,8136__604320
604320,J. Branthwaite,240032,J. Bednarek,0.007333740956847357,0.2603750280971967,1.0654185803340985,0.37766343473888525,20,240032__604320
604320,J. Branthwaite,71703,V. Lindelöf,-0.007895557018821837,0.25855307338464023,1.051153015078933,0.36277144321539234,21,71703__604320
604320,J. Branthwaite,402884,K. Walker-Peters,-0.026285727566048064,0.25855307338464023,1.051153015078933,0.35081783235969527,22,402884__604320
604320,J. Branthwaite,257899,J. Gomez,0.6539715294807789,0.09486081840710249,-0.23052678138027075,0.34439712067941153,23,257899__604320
604320,J. Branthwaite,415847,C. Romero,0.5089710437787849,0.12523888018310908,0.007327770988379752,0.3333958983021431,24,415847__604320
604320,J. Branthwaite,145787,J. Andersen,0.6978395972353806,0.07922197482669367,-0.3529760069697538,0.33005413576358356,25,145787__604320
604320,J. Branthwaite,412027,E. Konsa,-0.0701164414954963,0.25855307338464023,1.051153015078933,0.32232786830555393,26,412027__604320
604320,J. Branthwaite,769441,L. Yoro,-0.13645001622333222,0.250152222002496,0.9853759171274864,0.25618906044945433,27,604320__769441
604320,J. Branthwaite,7953,C. Coady,-0.12360152266910239,0.24078273262627367,0.9120145645192573,0.2388641078468235,28,7953__604320
604320,J. Branthwaite,349142,N. Mazraoui,0.2756249363145839,0.1445194652221235,0.1582911523151832,0.23455811191479364,29,349142__604320
604320,J. Branthwaite,619747,L. Colwill,0.03984044845144172,0.18952222931063561,0.5106543934775745,0.20462532921058815,30,604320__619747
604320,J. Branthwaite,415917,Gabriel Magalhaes,0.0846166820235187,0.17793544799411673,0.41993205892722535,0.20197706393981602,31,415917__604320
604320,J. Branthwaite,475597,S. Botman,0.035754714223332415,0.1843804550902832,0.47039526125971365,0.18787890568606583,32,475597__604320
604320,J. Branthwaite,234399,A. Webster,0.49992128907434924,0.06478474848511201,-0.46601679391140227,0.16184296002933624,33,234399__604320
604320,J. Branthwaite,520300,N. Wood,-0.32295676708321147,0.25855307338464023,1.051153015078933,0.15798165667353906,34,520300__604320
604320,J. Branthwaite,594120,J. O'Brien,-0.09484618128322533,0.18764415084118405,0.49594938968377,0.11193226855522304,35,594120__604320
604320,J. Branthwaite,653730,A. Khusanov,-0.09183108041156414,0.18472795970860736,0.4731161575449012,0.10590045287319871,36,604320__653730
604320,J. Branthwaite,557788,W. Fofana,-0.25274462408499615,0.21939424610647468,0.7445467081260022,0.09630734218885326,37,557788__604320
604320,J. Branthwaite,549884,T. Harwood-Bellis,0.16843990700653277,0.09305724932706658,-0.24464839056524867,0.02385900285640928,38,549884__604320
604320,J. Branthwaite,270866,Diego Carlos,-0.12804725277226953,0.15642000396930372,0.2514701489716458,0.004783837838100838,39,270866__604320
604320,J. Branthwaite,15806,J. Vestergaard,-0.16883424140866393,0.15641015304553293,0.251393018077608,-0.02175470058846876,40,15806__604320
604320,J. Branthwaite,400549,Pau Torres,0.03606389481244879,0.10177176860237004,-0.17641533156961434,-0.0383038344212733,41,400549__604320
604320,J. Branthwaite,558243,S. van den Berg,-0.4755265635805184,0.20883603322691824,0.6618778724116933,-0.07743501098324437,42,558243__604320
604320,J. Branthwaite,412968,M. Senesi,0.2843110920067795,0.005359009916458857,-0.9313092326010688,-0.14115602160596738,43,412968__604320
604320,J. Branthwaite,239411,T. Mings,-0.2261871334828539,0.11140935969494774,-0.10095479257473622,-0.18235581416501273,44,239411__604320
604320,J. Branthwaite,447424,C. Bassey,-0.19114025654544137,0.09806115302815288,-0.20546875877393506,-0.19615523232541415,45,447424__604320
604320,J. Branthwaite,192792,D. Burn,-0.42834950916080594,0.12333002279754024,-0.007618225972449214,-0.28109356004488106,46,192792__604320
604320,J. Branthwaite,777938,Dean Huijsen,0.014892855719059073,0.010878471236415636,-0.8880928809044206,-0.3011521520991588,47,604320__777938
604320,J. Branthwaite,8135,L. Shaw,-0.2894020364056026,0.05949677858190143,-0.5074206110324955,-0.3657085375250151,48,8135__604320
604320,J. Branthwaite,496001,M. Kilman,-0.3578317646498371,0.059281781483608686,-0.509103998173915,-0.4107770463832644,49,496001__604320
604320,J. Branthwaite,136441,B. Davies,-0.3101150240024674,0.045776561220011475,-0.6148473515229127,-0.41677133863462323,50,136441__604320
604320,J. Branthwaite,8582,A. Cresswell,-0.26991749373163243,0.011960405603236753,-0.879621536800573,-0.48331390880576164,51,8582__604320
604320,J. Branthwaite,285382,W. Faes,-0.4011289568659048,0.040470701308082946,-0.6563912440723481,-0.49047075738815993,52,285382__604320
604320,J. Branthwaite,590703,I. Zabarnyi,-0.2695937982430159,0.005359009916458857,-0.9313092326010688,-0.5011942002683344,53,590703__604320
604320,J. Branthwaite,365443,M. de Ligt,-0.514066162144474,0.055302902017900585,-0.5402578815659195,-0.5232332639419799,54,365443__604320
604320,J. Branthwaite,62126,M. Doherty,-0.3304424806666847,0.005359009916458857,-0.9313092326010688,-0.5407458438437192,55,62126__604320
604320,J. Branthwaite,620468,J. Greaves,-0.5076024500054714,0.042913602803011854,-0.6372637814369289,-0.5529839160064816,56,604320__620468
604320,J. Branthwaite,623641,E. Agbadou,-0.4995393078786998,0.03614292501574752,-0.6902769244806397,-0.5662974736893788,57,604320__623641
604320,J. Branthwaite,50102,F. Schär,-0.4557707610348532,0.024354533878724004,-0.7825778262866235,-0.5701532338729728,58,50102__604320
604320,J. Branthwaite,413002,K. Mavropanos,-0.36640626388736786,0.0,-0.9732692797633022,-0.5788083194439448,59,413002__604320
604320,J. Branthwaite,8360,C. Dawson,-0.406567893661816,0.0,-0.9732692797633022,-0.6049133787973362,60,8360__604320
604320,J. Branthwaite,366217,K. Danso,-0.4962308383260539,0.013537091208536519,-0.8672763828654765,-0.6260967789148518,61,366217__604320
604320,J. Branthwaite,397074,M. Guéhi,-0.480333663817392,0.005359009916458857,-0.9313092326010688,-0.6381751128916788,62,397074__604320
604320,J. Branthwaite,590874,Toti,-0.4902165949206438,0.007636314177600442,-0.9134783653905453,-0.6383582145851093,63,590874__604320
604320,J. Branthwaite,501419,J. Todibo,-0.5663330306290575,0.01896597678456833,-0.8247692223340051,-0.6567856977257891,64,501419__604320
604320,J. Branthwaite,327391,J. Bree,-0.503108398089658,0.0,-0.9732692797633022,-0.6676647066754335,65,327391__604320
604320,J. Branthwaite,645877,Y. Mosquera,-0.5429670362210558,0.004379715002347387,-0.9389769289521523,-0.6815704986769395,66,604320__645877
604320,J. Branthwaite,8653,H. Maguire,-0.5255437102337057,0.0,-0.9732692797633022,-0.6822476595690645,67,8653__604320
604320,J. Branthwaite,364003,S. Bueno,-0.6586670253501953,0.030143341610314404,-0.7372525424716725,-0.6861719563427123,68,364003__604320
604320,J. Branthwaite,545267,R. Drăgușin,-0.5629392311492571,0.005359009916458857,-0.9313092326010688,-0.6918687316573913,69,545267__604320
604320,J. Branthwaite,286380,I. Diop,-0.5680711055126197,0.0,-0.9732692797633022,-0.7098904665003586,70,286380__604320
604320,J. Branthwaite,479155,N. Collins,-0.608017474539754,0.0,-0.9732692797633022,-0.7358556063679959,71,479155__604320
604320,J. Branthwaite,518805,L. Woolfenden,-0.6520547767157396,0.0,-0.9732692797633022,-0.7644798527823865,72,518805__604320
604320,J. Branthwaite,346131,T. Chalobah,-0.6656277429906072,0.0,-0.9732692797633022,-0.7733022808610505,73,346131__604320
604320,J. Branthwaite,627012,Murillo,-0.6918146319090752,0.005359009916458857,-0.9313092326010688,-0.775637742151273,74,604320__627012
604320,J. Branthwaite,424806,E. Pinnock,-0.6832958224273444,0.0,-0.9732692797633022,-0.7847865324949297,75,424806__604320
604320,J. Branthwaite,583655,C. Okoli,-0.7577176158499555,0.0,-0.9732692797633022,-0.8331606982196268,76,583655__604320
604320,J. Branthwaite,399581,D. O'Shea,-0.8144867921507895,0.0,-0.9732692797633022,-0.8700606628151689,77,399581__604320
604320,J. Branthwaite,9433,J. Tarkowski,-0.817563184409378,0.0,-0.9732692797633022,-0.8720603177832514,78,9433__604320
604320,J. Branthwaite,255738,J. Lerma,-0.8363041211766191,0.0,-0.9732692797633022,-0.8842419266819582,79,255738__604320
604320,J. Branthwaite,424241,N. Milenković,-0.8501973340866059,0.0,-0.9732692797633022,-0.8932725150734496,80,424241__604320
604320,J. Branthwaite,504375,M. Lacroix,-0.8811894484183118,0.0,-0.9732692797633022,-0.9134173893890585,81,504375__604320
604320,J. Branthwaite,7919,M. Keane,-0.9510009546993182,0.0,-0.9732692797633022,-0.9587948684717126,82,7919__604320
604320,J. Branthwaite,288080,C. Burgess,-0.9953741208496346,0.0,-0.9732692797633022,-0.9876374264694183,83,288080__604320
604320,J. Branthwaite,534563,C. Richards,-1.0396946322103622,0.0,-0.9732692797633022,-1.0164457588538913,84,534563__604320
604320,J. Branthwaite,563725,Morato,-1.0439247378874892,0.0,-0.9732692797633022,-1.0191953275440238,85,563725__604320
604320,J. Branthwaite,488709,L. Thomas,-1.0911120179686908,0.0,-0.9732692797633022,-1.0498670595968047,86,488709__604320
604320,J. Branthwaite,508021,Jorge Cuenca,-1.16808137914283,0.0,-0.9732692797633022,-1.0998971443599952,87,508021__604320
619747,L. Colwill,568412,J. Gvardiol,1.8237553999497806,0.05093385293010494,0.6069637959472427,1.3978783385488922,1,568412__619747
619747,L. Colwill,297957,M. Akanji,1.2191281589480911,0.08745553107274817,1.6402591085002394,1.3665239912913432,2,297957__619747
619747,L. Colwill,590781,J. van Hecke,0.9588295560021434,0.08745553107274817,1.6402591085002394,1.197329899376477,3,590781__619747
619747,L. Colwill,134102,N. Aké,0.9470965066974608,0.08745553107274817,1.6402591085002394,1.1897034173284333,4,134102__619747
619747,L. Colwill,145787,J. Andersen,1.109788456742105,0.07150861952264555,1.1890786098917023,1.1375400103444642,5,145787__619747
619747,L. Colwill,258154,Rúben Dias,1.1702115004816278,0.06748999809524153,1.0753811322554494,1.1370208716024655,6,258154__619747
619747,L. Colwill,257899,J. Gomez,0.9068597421363278,0.08389355206069954,1.5394812580907722,1.1282772727203834,7,257899__619747
619747,L. Colwill,578325,W. Saliba,0.8451521821499597,0.08745553107274817,1.6402591085002394,1.1234396063725576,8,578325__619747
619747,L. Colwill,386292,A. Disasi,0.7613031114152038,0.08745553107274817,1.6402591085002394,1.0689377103949662,9,386292__619747
619747,L. Colwill,370,V. van Dijk,0.9972220166766292,0.06175842864938167,0.9132198038836328,0.9678212421990805,10,370__619747
619747,L. Colwill,622200,J. Quansah,0.569659664695638,0.08745553107274817,1.6402591085002394,0.9443694700272485,11,619747__622200
619747,L. Colwill,9380,J. Stones,0.6869526676084075,0.0703957705119798,1.1575931545462779,0.851676838036662,12,9380__619747
619747,L. Colwill,475597,S. Botman,0.38834607825423845,0.08745553107274817,1.6402591085002394,0.8265156388403387,13,475597__619747
619747,L. Colwill,240032,J. Bednarek,0.3392205451936515,0.08745553107274817,1.6402591085002394,0.7945840423509573,14,240032__619747
619747,L. Colwill,71703,V. Lindelöf,0.40771949570072585,0.08201886017893295,1.4864412437095935,0.7852721075038295,15,71703__619747
619747,L. Colwill,8136,J. Stephens,0.41179528631877493,0.07590144456474707,1.3133633020446902,0.7273440918228453,16,8136__619747
619747,L. Colwill,777938,Dean Huijsen,0.5277535948029978,0.06687954170517048,1.058109699001074,0.7133782312723245,17,619747__777938
619747,L. Colwill,8582,A. Cresswell,0.21063841423776658,0.08745553107274817,1.6402591085002394,0.711005657229632,18,8582__619747
619747,L. Colwill,8360,C. Dawson,0.12572943338672227,0.08745553107274817,1.6402591085002394,0.6558148196764533,19,8360__619747
619747,L. Colwill,413002,K. Mavropanos,0.11999539666334388,0.08745553107274817,1.6402591085002394,0.6520876958062574,20,413002__619747
619747,L. Colwill,15806,J. Vestergaard,0.1779365764081426,0.08288625493019804,1.5109821458859582,0.644502525725378,21,15806__619747
619747,L. Colwill,549884,T. Harwood-Bellis,0.4142906323759215,0.05900284103645153,0.8352569087327326,0.5616288291008054,22,549884__619747
619747,L. Colwill,239411,T. Mings,0.12524984129579086,0.07400293627068938,1.2596494580797202,0.5222897071701661,23,239411__619747
619747,L. Colwill,590703,I. Zabarnyi,0.28170076192139193,0.0626470440673444,0.9383610951040685,0.5115318785353288,24,590703__619747
619747,L. Colwill,270866,Diego Carlos,0.16998849534262422,0.06702132512479993,1.062121128660156,0.4822349170037603,25,270866__619747
619747,L. Colwill,424241,N. Milenković,-0.2068184895811368,0.08434347811232346,1.5522108615422532,0.4088417833120496,26,424241__619747
619747,L. Colwill,400549,Pau Torres,0.3261362524456204,0.04929839767112387,0.5606924212750554,0.4082309115359226,27,400549__619747
619747,L. Colwill,8135,L. Shaw,0.10543421280787521,0.0626470440673444,0.9383610951040685,0.3969586216115429,28,8135__619747
619747,L. Colwill,8653,H. Maguire,-0.019079368552236575,0.06868088842997035,1.1090745840139862,0.3757745148459414,29,8653__619747
619747,L. Colwill,283145,T. Adarabioyo,0.4511646429653148,0.029573211681705666,0.002614499923910517,0.2941720929008233,30,283145__619747
619747,L. Colwill,412968,M. Senesi,0.7758857638711995,0.0,-0.8340902344120561,0.2123941644720601,31,412968__619747
619747,L. Colwill,234399,A. Webster,0.7231806236855083,0.0,-0.8340902344120561,0.1781358233513608,32,234399__619747
619747,L. Colwill,9097,L. Dunk,0.7004213629587326,0.0,-0.8340902344120561,0.1633423038789566,33,9097__619747
619747,L. Colwill,412027,E. Konsa,0.29885107219823176,0.02613862139550467,-0.09455918496018419,0.1611574821927862,34,412027__619747
619747,L. Colwill,415847,C. Romero,0.6967430060755977,0.0,-0.8340902344120561,0.16095137190491893,35,415847__619747
619747,L. Colwill,496001,M. Kilman,0.032070874156419404,0.043188358825210736,0.38782318798462057,0.15658418399628982,36,496001__619747
619747,L. Colwill,415953,Igor Julio,0.28732280131315324,0.018091867010691032,-0.3222232466886312,0.07398168451252869,37,415953__619747
619747,L. Colwill,604320,J. Branthwaite,0.03984044845144172,0.03303583943963064,0.10058143937848454,0.0610997952759067,38,604320__619747
619747,L. Colwill,349142,N. Mazraoui,0.42466647018968384,0.0060217354334704595,-0.663719339281305,0.0437314368748378,39,349142__619747
619747,L. Colwill,488453,L. Martínez,0.38487907941316546,0.0068106329221776785,-0.6413993332294966,0.025681634988233754,40,488453__619747
619747,L. Colwill,399581,D. O'Shea,-0.138267027591095,0.03812314920267396,0.24451494952899347,-0.004293335599064044,41,399581__619747
619747,L. Colwill,9433,J. Tarkowski,-0.13886783751829546,0.03631008058979165,0.19321842115723692,-0.022637646981859133,42,9433__619747
619747,L. Colwill,7919,M. Keane,-0.2723056078082359,0.04050782565410046,0.3119837824120428,-0.0678043212311384,43,7919__619747
619747,L. Colwill,415917,Gabriel Magalhaes,0.3437870841337663,0.0,-0.8340902344120561,-0.0684699773572715,44,415917__619747
619747,L. Colwill,482177,J. Kiwior,0.32389881130303033,0.0,-0.8340902344120561,-0.08139735469724987,45,482177__619747
619747,L. Colwill,62126,M. Doherty,0.13138394404718362,0.012563812169091318,-0.4786266061687461,-0.08211974852839177,46,62126__619747
619747,L. Colwill,393247,I. Konaté,0.311570201762886,0.0,-0.8340902344120561,-0.08941095089834367,47,393247__619747
619747,L. Colwill,625787,M. van de Ven,0.26642523567252846,0.0,-0.8340902344120561,-0.1187551788570761,48,619747__625787
619747,L. Colwill,402884,K. Walker-Peters,0.2627570236229678,0.0,-0.8340902344120561,-0.12113951668929052,49,402884__619747
619747,L. Colwill,767087,A. Gray,0.2564585613379781,0.0,-0.8340902344120561,-0.12523351717453382,50,619747__767087
619747,L. Colwill,563725,Morato,-0.3652293909964068,0.04050782565410046,0.3119837824120428,-0.12820478030344945,51,563725__619747
619747,L. Colwill,594120,J. O'Brien,0.25063785012837014,0.0,-0.8340902344120561,-0.129016979460779,52,594120__619747
619747,L. Colwill,7953,C. Coady,0.23643896700745423,0.0,-0.8340902344120561,-0.13824625348937433,53,7953__619747
619747,L. Colwill,769441,L. Yoro,0.17383153624046158,0.002279058975417566,-0.7696096005503513,-0.15637286163632294,54,619747__769441
619747,L. Colwill,627012,Murillo,-0.08384868188966851,0.015506502959296502,-0.39537006500062377,-0.19288116597850286,55,619747__627012
619747,L. Colwill,285382,W. Faes,0.025835739459032295,0.005015891135368755,-0.6921773469973609,-0.2254688408007053,56,285382__619747
619747,L. Colwill,447424,C. Bassey,0.06413974825233873,0.0,-0.8340902344120561,-0.25024074568019944,57,447424__619747
619747,L. Colwill,653730,A. Khusanov,0.0569665328635231,0.0,-0.8340902344120561,-0.25490333568292955,58,619747__653730
619747,L. Colwill,397074,M. Guéhi,0.013575469176511451,0.0009699613802242231,-0.8066474497834694,-0.27350255245948185,59,397074__619747
619747,L. Colwill,136441,B. Davies,0.014948580651607507,0.0,-0.8340902344120561,-0.2822150046206747,60,136441__619747
619747,L. Colwill,557788,W. Fofana,-0.03441027693792163,0.0,-0.8340902344120561,-0.3142982620538687,61,557788__619747
619747,L. Colwill,623641,E. Agbadou,-0.04684650186544345,0.0,-0.8340902344120561,-0.32238180825675783,62,619747__623641
619747,L. Colwill,50102,F. Schär,-0.06768800817803734,0.0,-0.8340902344120561,-0.33592878735994386,63,50102__619747
619747,L. Colwill,520300,N. Wood,-0.07562255795153922,0.0,-0.8340902344120561,-0.3410862447127201,64,520300__619747
619747,L. Colwill,327391,J. Bree,-0.08347657961155679,0.0,-0.8340902344120561,-0.3461913587917315,65,327391__619747
619747,L. Colwill,590874,Toti,-0.085241805735387,0.0,-0.8340902344120561,-0.3473387557722212,66,590874__619747
619747,L. Colwill,192792,D. Burn,-0.09832341570162384,0.0,-0.8340902344120561,-0.35584180225027506,67,192792__619747
619747,L. Colwill,286380,I. Diop,-0.11417909515729047,0.0,-0.8340902344120561,-0.3661479938964584,68,286380__619747
619747,L. Colwill,504375,M. Lacroix,-0.2228518413684113,0.006864327515649884,-0.6398801705139289,-0.3688117565693424,69,504375__619747
619747,L. Colwill,545267,R. Drăgușin,-0.12296652674168501,0.0,-0.8340902344120561,-0.3718598244263148,70,545267__619747
619747,L. Colwill,558243,S. van den Berg,-0.12386608774428627,0.0,-0.8340902344120561,-0.3724445390780057,71,558243__619747
619747,L. Colwill,479155,N. Collins,-0.13124748583613713,0.0,-0.8340902344120561,-0.3772424478377087,72,479155__619747
619747,L. Colwill,346131,T. Chalobah,-0.1388109798657057,0.0,-0.8340902344120561,-0.3821587189569283,73,346131__619747
619747,L. Colwill,620468,J. Greaves,-0.16547268715470606,0.0,-0.8340902344120561,-0.39948882869477853,74,619747__620468
619747,L. Colwill,645877,Y. Mosquera,-0.17570558375203355,0.0,-0.8340902344120561,-0.4061402114830414,75,619747__645877
619747,L. Colwill,366217,K. Danso,-0.1768784795248124,0.0,-0.8340902344120561,-0.40690259373534765,76,366217__619747
619747,L. Colwill,518805,L. Woolfenden,-0.1935065701459894,0.0,-0.8340902344120561,-0.4177108526391127,77,518805__619747
619747,L. Colwill,424806,E. Pinnock,-0.23674772899128324,0.0,-0.8340902344120561,-0.4458176058885537,78,424806__619747
619747,L. Colwill,501419,J. Todibo,-0.24119248969240947,0.0,-0.8340902344120561,-0.4487067003442857,79,501419__619747
619747,L. Colwill,365443,M. de Ligt,-0.24285146950019015,0.0,-0.8340902344120561,-0.4497850372193432,80,365443__619747
619747,L. Colwill,583655,C. Okoli,-0.25280255238764604,0.0,-0.8340902344120561,-0.45625324109618953,81,583655__619747
619747,L. Colwill,364003,S. Bueno,-0.29565355659121184,0.0,-0.8340902344120561,-0.4841063938285073,82,364003__619747
619747,L. Colwill,255738,J. Lerma,-0.35569830811059033,0.0,-0.8340902344120561,-0.5231354823161033,83,255738__619747
619747,L. Colwill,288080,C. Burgess,-0.4104040421480012,0.0,-0.8340902344120561,-0.5586942094404204,84,288080__619747
619747,L. Colwill,534563,C. Richards,-0.45472455350872876,0.0,-0.8340902344120561,-0.5875025418248934,85,534563__619747
619747,L. Colwill,488709,L. Thomas,-0.5061419392670573,0.0,-0.8340902344120561,-0.6209238425678069,86,488709__619747
619747,L. Colwill,508021,Jorge Cuenca,-0.5859625909851616,0.0,-0.8340902344120561,-0.6728072661845746,87,508021__619747
620468,J. Greaves,568412,J. Gvardiol,1.5737096976796938,0.4166925819681091,1.827028916904197,1.66237142440827,1,568412__620468
620468,J. Greaves,258154,Rúben Dias,0.8858100245855436,0.4332487271332457,1.9430198876105658,1.2558334766443013,2,258154__620468
620468,J. Greaves,145787,J. Andersen,0.8073254570811209,0.4372673485606497,1.9711740138045997,1.2146724519343386,3,145787__620468
620468,J. Greaves,297957,M. Akanji,0.8709533173078643,0.3910736088950717,1.6475445305568621,1.1427602419450136,4,297957__620468
620468,J. Greaves,370,V. van Dijk,0.6978280393184044,0.42751715768738585,1.9028649906182282,1.1195909722733428,5,370__620468
620468,J. Greaves,257899,J. Gomez,0.6155409817666593,0.4475197687115919,2.0430016133778066,1.115152202830561,6,257899__620468
620468,J. Greaves,590781,J. van Hecke,0.6622516565677239,0.4327767206324937,1.9397130494754893,1.1093631440854417,7,590781__620468
620468,J. Greaves,134102,N. Aké,0.5404137189959969,0.33106363593512567,1.2271196704061713,0.780760801989558,8,134102__620468
620468,J. Greaves,415847,C. Romero,0.40542424570592883,0.36575872903800416,1.4701905958909876,0.7780924682706993,9,415847__620468
620468,J. Greaves,234399,A. Webster,0.40948750102880677,0.3521012318229907,1.374507310706657,0.7472444344160544,10,234399__620468
620468,J. Greaves,9097,L. Dunk,0.38697839223071806,0.35396318273813365,1.3875519833584664,0.7371791491254299,11,9097__620468
620468,J. Greaves,549884,T. Harwood-Bellis,0.10779548428366,0.4203576480898647,1.8527060641462159,0.7185141872355545,12,549884__620468
620468,J. Greaves,777938,Dean Huijsen,0.1721290021103588,0.3650744962794648,1.4653969183132385,0.6247727727813668,13,620468__777938
620468,J. Greaves,412968,M. Senesi,0.4117020267444783,0.29267549325433756,0.9581755479219404,0.6029677591565901,14,412968__620468
620468,J. Greaves,9380,J. Stones,0.17446112827915672,0.3000286868173273,1.0096914080847894,0.46679172621112813,15,9380__620468
620468,J. Greaves,578325,W. Saliba,0.35381180968488135,0.2506854435872675,0.6639967658254794,0.46237654433409064,16,578325__620468
620468,J. Greaves,349142,N. Mazraoui,0.08390210921957388,0.31658755699484425,1.1257014700003758,0.4485318854928545,17,349142__620468
620468,J. Greaves,622200,J. Quansah,0.23221813943818168,0.27232167718242156,0.8155784119212335,0.4363942348072498,18,620468__622200
620468,J. Greaves,590703,I. Zabarnyi,-0.11235765185171617,0.35532253732168195,1.397075508074349,0.4159439541224066,19,590703__620468
620468,J. Greaves,400549,Pau Torres,-0.041198454047134764,0.3080562707451176,1.0659319908366234,0.3462972016621806,20,400549__620468
620468,J. Greaves,283145,T. Adarabioyo,0.09922357210329645,0.26976667939274057,0.7976783107309043,0.3436827306229592,21,283145__620468
620468,J. Greaves,488453,L. Martínez,0.05242713297343134,0.276833231945624,0.8471859879094376,0.3305927322010335,22,488453__620468
620468,J. Greaves,8582,A. Cresswell,-0.14414458632871038,0.3243816471857197,1.1803062151264538,0.3194131941805971,23,8582__620468
620468,J. Greaves,625787,M. van de Ven,-0.019828220284700063,0.25877362684596844,0.7206619024300593,0.2393433226654657,24,620468__625787
620468,J. Greaves,619747,L. Colwill,-0.16547268715470606,0.2689132181036962,0.791699032197818,0.16953741461867733,25,619747__620468
620468,J. Greaves,393247,I. Konaté,-0.06945190317655478,0.24326992035453113,0.6120442292004703,0.169071743155404,26,393247__620468
620468,J. Greaves,386292,A. Disasi,0.1800806342078942,0.14217041442491465,-0.09625046825145084,0.08336474834712343,27,386292__620468
620468,J. Greaves,415917,Gabriel Magalhaes,-0.08823092908067373,0.2040783188990196,0.33747114162363057,0.06076479566583276,28,415917__620468
620468,J. Greaves,415953,Igor Julio,-0.06895357573753097,0.19740321670559968,0.2907059329801728,0.056927252313665334,29,415953__620468
620468,J. Greaves,8135,L. Shaw,-0.3066459773488478,0.23859995542571202,0.5793268448180801,0.0034445104095769397,30,8135__620468
620468,J. Greaves,62126,M. Doherty,-0.2997897650664253,0.23488940770957728,0.5533310573232306,-0.0011974772300457348,31,62126__620468
620468,J. Greaves,50102,F. Schär,-0.46873442903758433,0.2644893382756856,0.7607056994853331,-0.03843038405456323,32,50102__620468
620468,J. Greaves,653730,A. Khusanov,-0.3098312382549454,0.19523468155166895,0.27551335674902355,-0.10496063000355628,33,620468__653730
620468,J. Greaves,482177,J. Kiwior,-0.21629686845281096,0.15520164712318021,-0.004954739982815151,-0.14232712348831242,34,482177__620468
620468,J. Greaves,270866,Diego Carlos,-0.31232226755214787,0.17387763151899163,0.12588764738213595,-0.15894879732514855,35,270866__620468
620468,J. Greaves,397074,M. Guéhi,-0.40689110086866614,0.1871665527071606,0.21898871969587547,-0.1878331636710766,36,397074__620468
620468,J. Greaves,627012,Murillo,-0.551293527673769,0.22351391585638347,0.4736353111725623,-0.1925684340775531,37,620468__627012
620468,J. Greaves,8136,J. Stephens,-0.25068733819501454,0.12320808529040897,-0.22909896294794124,-0.2431314068585389,38,8136__620468
620468,J. Greaves,71703,V. Lindelöf,-0.3339993679680342,0.12894271861450485,-0.18892260068049407,-0.28322249941739513,39,71703__620468
620468,J. Greaves,447424,C. Bassey,-0.40345688818795167,0.143845660032911,-0.08451383739294305,-0.2918268204096987,40,447424__620468
620468,J. Greaves,604320,J. Branthwaite,-0.5076024500054714,0.1599884276367893,0.028581044633341816,-0.3199382268818868,41,604320__620468
620468,J. Greaves,475597,S. Botman,-0.2692647202148901,0.09063866289472101,-0.4572776169365932,-0.3350692340674862,42,475597__620468
620468,J. Greaves,15806,J. Vestergaard,-0.4921637299897772,0.1413837697934918,-0.1017616348599576,-0.3555229966943404,43,15806__620468
620468,J. Greaves,623641,E. Agbadou,-0.5478575805726696,0.14976811791596611,-0.0430215919474446,-0.3711649845538409,44,620468__623641
620468,J. Greaves,413002,K. Mavropanos,-0.5566024301520718,0.12894271861450485,-0.18892260068049407,-0.4279144898370196,45,413002__620468
620468,J. Greaves,8360,C. Dawson,-0.5824303359946177,0.12894271861450485,-0.18892260068049407,-0.4447026286346744,46,8360__620468
620468,J. Greaves,240032,J. Bednarek,-0.41221739075345665,0.08358299438614421,-0.5067090414094548,-0.44528946848305595,47,240032__620468
620468,J. Greaves,767087,A. Gray,-0.4172208654375054,0.07308323578366661,-0.5802694735231143,-0.47428787826746854,48,620468__767087
620468,J. Greaves,402884,K. Walker-Peters,-0.34658263667120537,0.047181678940917134,-0.7617336181673134,-0.4918854801948432,49,402884__620468
620468,J. Greaves,239411,T. Mings,-0.4830420450379538,0.07998342840143666,-0.5319273001601119,-0.5001518843307091,50,239411__620468
620468,J. Greaves,136441,B. Davies,-0.5306663390298897,0.09124409985366652,-0.45303597615190866,-0.5034957120225964,51,136441__620468
620468,J. Greaves,594120,J. O'Brien,-0.46239741417889696,0.047181678940917134,-0.7617336181673134,-0.5671650855748427,52,594120__620468
620468,J. Greaves,7953,C. Coady,-0.48309140420222807,0.047181678940917134,-0.7617336181673134,-0.580616179090008,53,7953__620468
620468,J. Greaves,412027,E. Konsa,-0.46102665701519435,0.02613862139550467,-0.9091595223845668,-0.6178731598944747,54,412027__620468
620468,J. Greaves,769441,L. Yoro,-0.4812697814353418,0.002279058975417566,-1.07631762459563,-0.6895365265414426,55,620468__769441
620468,J. Greaves,496001,M. Kilman,-0.6767054712497924,0.052886473441932536,-0.7217663042030381,-0.6924767627834284,56,496001__620468
620468,J. Greaves,255738,J. Lerma,-0.9312094313145732,0.1164561327764662,-0.276402578520526,-0.7020270328366568,57,255738__620468
620468,J. Greaves,8653,H. Maguire,-0.7595309329158069,0.06868088842997035,-0.6111119515183616,-0.707584289426701,58,8653__620468
620468,J. Greaves,285382,W. Faes,-0.7155799599482332,0.052197570076285886,-0.7265927036642185,-0.7194344202488281,59,285382__620468
620468,J. Greaves,545267,R. Drăgușin,-0.6884985487878149,0.03862804395489126,-0.8216596707116174,-0.7351049414611458,60,545267__620468
620468,J. Greaves,557788,W. Fofana,-0.6809967025546424,0.027311400730184086,-0.9009431282845509,-0.7579779515601104,61,557788__620468
620468,J. Greaves,399581,D. O'Shea,-0.811884212776153,0.059350443035125745,-0.6764802729286955,-0.7644928338295428,62,399581__620468
620468,J. Greaves,590874,Toti,-0.7164431086064621,0.018805024981114693,-0.9605380865605485,-0.8018763508903923,63,590874__620468
620468,J. Greaves,327391,J. Bree,-0.8379137558059688,0.03184549238813583,-0.8691776606934039,-0.848856122516571,64,327391__620468
620468,J. Greaves,424241,N. Milenković,-1.0577951423068357,0.08176103967358772,-0.5194735040053423,-0.869382568901313,65,424241__620468
620468,J. Greaves,9433,J. Tarkowski,-0.9111407582727666,0.03631008058979165,-0.8378991285140209,-0.8855061878572057,66,9433__620468
620468,J. Greaves,366217,K. Danso,-0.8626153865561043,0.013537091208536519,-0.9974447907361618,-0.9098056780191244,67,366217__620468
620468,J. Greaves,520300,N. Wood,-0.8318036569581451,0.0,-1.0922845214921617,-0.922971959545051,68,520300__620468
620468,J. Greaves,286380,I. Diop,-0.8640866147120623,0.0,-1.0922845214921617,-0.9439558820850971,69,286380__620468
620468,J. Greaves,192792,D. Burn,-0.8745527518559046,0.0,-1.0922845214921617,-0.9507588712285946,70,192792__620468
620468,J. Greaves,479155,N. Collins,-0.8798023000151607,0.0,-1.0922845214921617,-0.9541710775321111,71,479155__620468
620468,J. Greaves,346131,T. Chalobah,-0.8842390669248144,0.0,-1.0922845214921617,-0.957054976023386,72,346131__620468
620468,J. Greaves,288080,C. Burgess,-1.0797257200732322,0.04487664705616696,-0.7778824790980757,-0.9740805857319275,73,288080__620468
620468,J. Greaves,558243,S. van den Berg,-0.9335696823704034,0.0,-1.0922845214921617,-0.9891198760630188,74,558243__620468
620468,J. Greaves,365443,M. de Ligt,-0.9944548086573574,0.011372065199156654,-1.0126127821935764,-1.000810099395034,75,365443__620468
620468,J. Greaves,7919,M. Keane,-1.1232822605339348,0.04050782565410046,-0.8084900770753837,-1.0131049963234418,76,7919__620468
620468,J. Greaves,504375,M. Lacroix,-1.0009856523044443,0.006864327515649884,-1.0441936160401317,-1.0161084396119349,77,504375__620468
620468,J. Greaves,645877,Y. Mosquera,-0.9986563036283373,0.0,-1.0922845214921617,-1.0314261798806759,78,620468__645877
620468,J. Greaves,518805,L. Woolfenden,-1.0444832228716883,0.0,-1.0922845214921617,-1.0612136773888539,79,518805__620468
620468,J. Greaves,501419,J. Todibo,-1.0565520497981082,0.0,-1.0922845214921617,-1.069058414891027,80,501419__620468
620468,J. Greaves,563725,Morato,-1.2162060437221056,0.04050782565410046,-0.8084900770753837,-1.073505455395753,81,563725__620468
620468,J. Greaves,424806,E. Pinnock,-1.087724381716982,0.0,-1.0922845214921617,-1.0893204306382949,82,424806__620468
620468,J. Greaves,583655,C. Okoli,-1.096214047484392,0.0,-1.0922845214921617,-1.0948387133871114,83,583655__620468
620468,J. Greaves,364003,S. Bueno,-1.1466302093169105,0.0,-1.0922845214921617,-1.1276092185782485,84,364003__620468
620468,J. Greaves,488709,L. Thomas,-1.27355010921903,0.0,-1.0922845214921617,-1.2101071535146262,85,488709__620468
620468,J. Greaves,534563,C. Richards,-1.288989713450181,0.0,-1.0922845214921617,-1.2201428962648744,86,534563__620468
620468,J. Greaves,508021,Jorge Cuenca,-1.4325097336860408,0.0,-1.0922845214921617,-1.3134309094181833,87,508021__620468
622200,J. Quansah,568412,J. Gvardiol,2.0438253920124385,0.03161775385743636,1.0785716097513176,1.7059865682210464,1,568412__622200
622200,J. Quansah,145787,J. Andersen,1.4756529591064618,0.03161775385743636,1.0785716097513176,1.3366744868321614,2,145787__622200
622200,J. Quansah,258154,Rúben Dias,1.375548715104562,0.03161775385743636,1.0785716097513176,1.2716067282309265,3,258154__622200
622200,J. Quansah,297957,M. Akanji,1.336048517462044,0.03161775385743636,1.0785716097513176,1.2459315997632898,4,297957__622200
622200,J. Quansah,590781,J. van Hecke,1.3023110979603845,0.03161775385743636,1.0785716097513176,1.224002277087211,5,590781__622200
622200,J. Quansah,257899,J. Gomez,1.2476584293547843,0.03161775385743636,1.0785716097513176,1.188478042493571,6,257899__622200
622200,J. Quansah,370,V. van Dijk,1.2070175828078527,0.03161775385743636,1.0785716097513176,1.1620614922380654,7,370__622200
622200,J. Quansah,412968,M. Senesi,1.2015218669404282,0.03161775385743636,1.0785716097513176,1.1584892769242394,8,412968__622200
622200,J. Quansah,234399,A. Webster,1.1775401029551327,0.03161775385743636,1.0785716097513176,1.1429011303337975,9,234399__622200
622200,J. Quansah,134102,N. Aké,1.1307326280156271,0.03161775385743636,1.0785716097513176,1.1124762716231187,10,134102__622200
622200,J. Quansah,415847,C. Romero,1.1175578301639777,0.03161775385743636,1.0785716097513176,1.1039126530195467,11,415847__622200
622200,J. Quansah,9097,L. Dunk,1.0213482554229532,0.03161775385743636,1.0785716097513176,1.041376429437881,12,9097__622200
622200,J. Quansah,578325,W. Saliba,0.9746551499271308,0.03161775385743636,1.0785716097513176,1.0110259108655961,13,578325__622200
622200,J. Quansah,9380,J. Stones,0.9441967482583539,0.03161775385743636,1.0785716097513176,0.9912279497808912,14,9380__622200
622200,J. Quansah,777938,Dean Huijsen,0.89721886590347,0.03161775385743636,1.0785716097513176,0.9606923262502167,15,622200__777938
622200,J. Quansah,386292,A. Disasi,0.8506999253763797,0.03161775385743636,1.0785716097513176,0.930455014907608,16,386292__622200
622200,J. Quansah,549884,T. Harwood-Bellis,0.7898828641000832,0.03161775385743636,1.0785716097513176,0.8909239250780153,17,549884__622200
622200,J. Quansah,415917,Gabriel Magalhaes,0.7431072932811642,0.03161775385743636,1.0785716097513176,0.8605198040457179,18,415917__622200
622200,J. Quansah,488453,L. Martínez,0.7196005886319814,0.03161775385743636,1.0785716097513176,0.845240446023749,19,488453__622200
622200,J. Quansah,283145,T. Adarabioyo,0.7194486716325865,0.03161775385743636,1.0785716097513176,0.8451416999741423,20,283145__622200
622200,J. Quansah,400549,Pau Torres,0.7074227355900022,0.03161775385743636,1.0785716097513176,0.8373248415464627,21,400549__622200
622200,J. Quansah,393247,I. Konaté,0.6666630532953587,0.03161775385743636,1.0785716097513176,0.8108310480549443,22,393247__622200
622200,J. Quansah,590703,I. Zabarnyi,0.6544583183907628,0.03161775385743636,1.0785716097513176,0.802897970366957,23,590703__622200
622200,J. Quansah,482177,J. Kiwior,0.636349497214818,0.03161775385743636,1.0785716097513176,0.7911272366025929,24,482177__622200
622200,J. Quansah,594120,J. O'Brien,0.6240370767519631,0.03161775385743636,1.0785716097513176,0.7831241633017372,25,594120__622200
622200,J. Quansah,8136,J. Stephens,0.5830660390591421,0.03161775385743636,1.0785716097513176,0.7564929888014036,26,8136__622200
622200,J. Quansah,71703,V. Lindelöf,0.5742317631103364,0.03161775385743636,1.0785716097513176,0.7507507094346799,27,71703__622200
622200,J. Quansah,8582,A. Cresswell,0.5613237476705775,0.03161775385743636,1.0785716097513176,0.7423604993988365,28,8582__622200
622200,J. Quansah,402884,K. Walker-Peters,0.5566669210241934,0.03161775385743636,1.0785716097513176,0.7393335620786868,29,402884__622200
622200,J. Quansah,62126,M. Doherty,0.5412447463595302,0.03161775385743636,1.0785716097513176,0.7293091485466558,30,62126__622200
622200,J. Quansah,7953,C. Coady,0.5081646846317934,0.03161775385743636,1.0785716097513176,0.7078071084236269,31,7953__622200
622200,J. Quansah,15806,J. Vestergaard,0.45280697189489516,0.03161775385743636,1.0785716097513176,0.6718245951446431,32,15806__622200
622200,J. Quansah,8360,C. Dawson,0.4273069840233874,0.03161775385743636,1.0785716097513176,0.6552496030281629,33,8360__622200
622200,J. Quansah,413002,K. Mavropanos,0.42233770387102343,0.03161775385743636,1.0785716097513176,0.6520195709291263,34,413002__622200
622200,J. Quansah,285382,W. Faes,0.3986121268571403,0.03161775385743636,1.0785716097513176,0.6365979458701023,35,285382__622200
622200,J. Quansah,604320,J. Branthwaite,0.39082127357563856,0.03161775385743636,1.0785716097513176,0.6315338912371262,36,604320__622200
622200,J. Quansah,627012,Murillo,0.3144863711967066,0.03161775385743636,1.0785716097513176,0.5819162046908204,37,622200__627012
622200,J. Quansah,625787,M. van de Ven,0.6081000380133457,0.022799319158956752,0.507595867856506,0.5729235784584518,38,622200__625787
622200,J. Quansah,327391,J. Bree,0.29588121286533997,0.03161775385743636,1.0785716097513176,0.5698228517754321,39,327391__622200
622200,J. Quansah,619747,L. Colwill,0.569659664695638,0.02312966151648918,0.5289848647840308,0.5554234847265754,40,619747__622200
622200,J. Quansah,653730,A. Khusanov,0.4742574883127968,0.025268392322685573,0.6674633420348535,0.5418795371155166,41,622200__653730
622200,J. Quansah,397074,M. Guéhi,0.42469036650008646,0.013148050730501395,-0.11730416707978042,0.23499227974713308,42,397074__622200
622200,J. Quansah,349142,N. Mazraoui,0.7834526755181084,0.0,-0.9686137562535796,0.17022942439801758,43,349142__622200
622200,J. Quansah,496001,M. Kilman,0.3647066266983034,0.009698114616721796,-0.3406805257429147,0.11782112334387708,44,496001__622200
622200,J. Quansah,239411,T. Mings,0.41901745308442206,0.005980492130747278,-0.5813890334988437,0.06887518278027907,45,239411__622200
622200,J. Quansah,415953,Igor Julio,0.5345467141636162,0.0,-0.9686137562535796,0.008440549517597706,46,415953__622200
622200,J. Quansah,475597,S. Botman,0.5127556490504117,0.0,-0.9686137562535796,-0.005723642805985196,47,475597__622200
622200,J. Quansah,412027,E. Konsa,0.4881439584118944,0.0,-0.9686137562535796,-0.021721241721021467,48,412027__622200
622200,J. Quansah,270866,Diego Carlos,0.45646520210552594,0.0,-0.9686137562535796,-0.042312433320160936,49,270866__622200
622200,J. Quansah,767087,A. Gray,0.4523030889824007,0.0,-0.9686137562535796,-0.045017806850192355,50,622200__767087
622200,J. Quansah,447424,C. Bassey,0.40958727254624594,0.0,-0.9686137562535796,-0.07278308753369295,51,447424__622200
622200,J. Quansah,240032,J. Bednarek,0.4074080990960849,0.0,-0.9686137562535796,-0.07419955027629765,52,240032__622200
622200,J. Quansah,8135,L. Shaw,0.39578304339715575,0.0,-0.9686137562535796,-0.08175583648060158,53,8135__622200
622200,J. Quansah,769441,L. Yoro,0.3862217183338408,0.0,-0.9686137562535796,-0.08797069777175631,54,622200__769441
622200,J. Quansah,50102,F. Schär,0.37782468890651827,0.0,-0.9686137562535796,-0.09342876689951596,55,50102__622200
622200,J. Quansah,136441,B. Davies,0.37063015291034285,0.0,-0.9686137562535796,-0.09810521529702998,56,136441__622200
622200,J. Quansah,623641,E. Agbadou,0.30707707442387355,0.0,-0.9686137562535796,-0.13941471631323502,57,622200__623641
622200,J. Quansah,545267,R. Drăgușin,0.2952347263183045,0.0,-0.9686137562535796,-0.1471122425818549,58,545267__622200
622200,J. Quansah,557788,W. Fofana,0.2929505155577736,0.0,-0.9686137562535796,-0.14859697957619997,59,557788__622200
622200,J. Quansah,590874,Toti,0.2867640148108044,0.0,-0.9686137562535796,-0.15261820506173,60,590874__622200
622200,J. Quansah,8653,H. Maguire,0.2615888862292105,0.0,-0.9686137562535796,-0.168982038639766,61,8653__622200
622200,J. Quansah,479155,N. Collins,0.2491109101210619,0.0,-0.9686137562535796,-0.17709272311006258,62,479155__622200
622200,J. Quansah,286380,I. Diop,0.24652532272835437,0.0,-0.9686137562535796,-0.17877335491532248,63,286380__622200
622200,J. Quansah,620468,J. Greaves,0.23221813943818168,0.0,-0.9686137562535796,-0.18807302405393472,64,620468__622200
622200,J. Quansah,366217,K. Danso,0.22524185709289513,0.0,-0.9686137562535796,-0.192607607578371,65,366217__622200
622200,J. Quansah,645877,Y. Mosquera,0.22198524284085425,0.0,-0.9686137562535796,-0.19472440684219758,66,622200__645877
622200,J. Quansah,346131,T. Chalobah,0.22189343801993902,0.0,-0.9686137562535796,-0.19478407997579247,67,346131__622200
622200,J. Quansah,192792,D. Burn,0.21544420498233735,0.0,-0.9686137562535796,-0.19897608145023354,68,192792__622200
622200,J. Quansah,520300,N. Wood,0.18013109277856748,0.0,-0.9686137562535796,-0.22192960438268397,69,520300__622200
622200,J. Quansah,9433,J. Tarkowski,0.16698033374537105,0.0,-0.9686137562535796,-0.23047759775426163,70,9433__622200
622200,J. Quansah,399581,D. O'Shea,0.16617083236757396,0.0,-0.9686137562535796,-0.23100377364982977,71,399581__622200
622200,J. Quansah,501419,J. Todibo,0.16092784692529802,0.0,-0.9686137562535796,-0.2344117141873091,72,501419__622200
622200,J. Quansah,365443,M. de Ligt,0.15926886711751728,0.0,-0.9686137562535796,-0.2354900510623666,73,365443__622200
622200,J. Quansah,424806,E. Pinnock,0.15525288087741346,0.0,-0.9686137562535796,-0.23810044211843406,74,424806__622200
622200,J. Quansah,518805,L. Woolfenden,0.15092382790846856,0.0,-0.9686137562535796,-0.24091432654824826,75,518805__622200
622200,J. Quansah,558243,S. van den Berg,0.1386151080791078,0.0,-0.9686137562535796,-0.24891499443733278,76,558243__622200
622200,J. Quansah,583655,C. Okoli,0.12639506985162047,0.0,-0.9686137562535796,-0.2568580192851995,77,583655__622200
622200,J. Quansah,504375,M. Lacroix,0.10590096690102911,0.0,-0.9686137562535796,-0.2701791862030839,78,504375__622200
622200,J. Quansah,364003,S. Bueno,0.10203727000167635,0.0,-0.9686137562535796,-0.2726905891876632,79,364003__622200
622200,J. Quansah,424241,N. Milenković,0.06166648259444893,0.0,-0.9686137562535796,-0.29893160100236105,80,424241__622200
622200,J. Quansah,255738,J. Lerma,0.045608210912839564,0.0,-0.9686137562535796,-0.3093694775954071,81,255738__622200
622200,J. Quansah,7919,M. Keane,0.03027731068031303,0.0,-0.9686137562535796,-0.31933456274654937,82,7919__622200
622200,J. Quansah,288080,C. Burgess,-0.0082837055302937,0.0,-0.9686137562535796,-0.34439922328344375,83,288080__622200
622200,J. Quansah,534563,C. Richards,-0.05260421689102135,0.0,-0.9686137562535796,-0.3732075556679167,84,534563__622200
622200,J. Quansah,563725,Morato,-0.06264647250785782,0.0,-0.9686137562535796,-0.37973502181886043,85,563725__622200
622200,J. Quansah,488709,L. Thomas,-0.10402160264934979,0.0,-0.9686137562535796,-0.4066288564108302,86,488709__622200
622200,J. Quansah,508021,Jorge Cuenca,-0.1838422543674541,0.0,-0.9686137562535796,-0.45851228002759803,87,508021__622200
623641,E. Agbadou,568412,J. Gvardiol,1.6485686326653852,0.3247937830210651,1.67996672820813,1.659557966105346,1,568412__623641
623641,E. Agbadou,297957,M. Akanji,0.9875173208521552,0.3247937830210651,1.67996672820813,1.2298746134267464,2,297957__623641
623641,E. Agbadou,258154,Rúben Dias,0.9606689595712353,0.3247937830210651,1.67996672820813,1.2124231785941486,3,258154__623641
623641,E. Agbadou,370,V. van Dijk,0.772686974304096,0.3247937830210651,1.67996672820813,1.090234888170508,4,370__623641
623641,E. Agbadou,134102,N. Aké,0.709626886062481,0.3247937830210651,1.67996672820813,1.0492458308134582,5,134102__623641
623641,E. Agbadou,578325,W. Saliba,0.6076415196126326,0.3247937830210651,1.67996672820813,0.9829553426210567,6,578325__623641
623641,E. Agbadou,9380,J. Stones,0.42829083820690794,0.3247937830210651,1.67996672820813,0.8663773997073356,7,9380__623641
623641,E. Agbadou,9097,L. Dunk,0.46881052486279723,0.29929906378068205,1.4539229598821635,0.8135998771195754,8,9097__623641
623641,E. Agbadou,386292,A. Disasi,0.4311163179724077,0.3063575078841818,1.5165052259832164,0.8110024357761907,9,386292__623641
623641,E. Agbadou,283145,T. Adarabioyo,0.21955380486937914,0.3247937830210651,1.67996672820813,0.730698328037942,10,283145__623641
623641,E. Agbadou,590781,J. van Hecke,0.7371105915534157,0.20475772700796613,0.6156913313954047,0.6946138504981119,11,590781__623641
623641,E. Agbadou,488453,L. Martínez,0.14443505431865405,0.3061096967028597,1.5143080582979715,0.6238906057114151,12,488453__623641
623641,E. Agbadou,482177,J. Kiwior,0.058583712011310934,0.29929906378068205,1.4539229598821635,0.5469524487661093,13,482177__623641
623641,E. Agbadou,8136,J. Stephens,0.08160849287597909,0.28895008444601744,1.3621658291180125,0.5298035605606908,14,8136__623641
623641,E. Agbadou,71703,V. Lindelöf,0.07753270225792978,0.28448529273492074,1.3225796570307267,0.5132991364284086,15,71703__623641
623641,E. Agbadou,393247,I. Konaté,0.057115136186130455,0.28267838778059645,1.3065590999486405,0.49442052350300897,16,393247__623641
623641,E. Agbadou,145787,J. Andersen,0.7040922219561729,0.1387555773237271,0.0304966292467357,0.4683337645078699,17,145787__623641
623641,E. Agbadou,402884,K. Walker-Peters,-0.014592132465343764,0.28086278864379877,1.2904614576572497,0.4421766240775639,18,402884__623641
623641,E. Agbadou,622200,J. Quansah,0.30707707442387355,0.21255419388642213,0.6848171270638375,0.4392860928478609,19,622200__623641
623641,E. Agbadou,257899,J. Gomez,0.6515681156068871,0.1387555773237271,0.0304966292467357,0.4341930953808341,20,257899__623641
623641,E. Agbadou,594120,J. O'Brien,-0.031352182986035246,0.28086278864379877,1.2904614576572497,0.43128259123911444,21,594120__623641
623641,E. Agbadou,415917,Gabriel Magalhaes,0.07169114324571906,0.25241210476061915,1.0382092270769636,0.4099724725866546,22,415917__623641
623641,E. Agbadou,7953,C. Coady,-0.09374782643534163,0.28086278864379877,1.2904614576572497,0.3907254229970653,23,7953__623641
623641,E. Agbadou,625787,M. van de Ven,0.09879796500456267,0.22727379999317804,0.8153255355414131,0.3495826146924603,24,623641__625787
623641,E. Agbadou,415847,C. Romero,0.4705323002786935,0.14363891985935062,0.07379379751012853,0.3316738243096958,25,415847__623641
623641,E. Agbadou,400549,Pau Torres,0.05653335723966954,0.22843033312770025,0.8255797025105142,0.32569957808446515,26,400549__623641
623641,E. Agbadou,234399,A. Webster,0.4519893673393989,0.11326085808334402,-0.19554713907923113,0.2253515900928784,27,234399__623641
623641,E. Agbadou,415953,Igor Julio,0.005905359248160796,0.20413007270802908,0.610126361574555,0.2173827100623988,28,415953__623641
623641,E. Agbadou,475597,S. Botman,-0.033592457652454825,0.20987517433066627,0.6610641423734709,0.20953735235661913,29,475597__623641
623641,E. Agbadou,412027,E. Konsa,-0.05202203575030638,0.2115329249377211,0.6757622526225056,0.2027024651801778,30,412027__623641
623641,E. Agbadou,240032,J. Bednarek,-0.08271799071304145,0.2115329249377211,0.6757622526225056,0.1827500944544,31,240032__623641
623641,E. Agbadou,15806,J. Vestergaard,-0.1522502170346532,0.22234717565727932,0.7716446179555865,0.1711129752119307,32,15806__623641
623641,E. Agbadou,412968,M. Senesi,0.34084866558447147,0.11326085808334402,-0.19554713907923113,0.15311013395217557,33,412968__623641
623641,E. Agbadou,549884,T. Harwood-Bellis,0.16406773527241217,0.13337129121091765,-0.017242053858932075,0.10060930907644168,34,549884__623641
623641,E. Agbadou,767087,A. Gray,-0.11372756639589968,0.18603820569733803,0.4497184842965387,0.08347855134645374,35,623641__767087
623641,E. Agbadou,777938,Dean Huijsen,0.09271649651626965,0.1387555773237271,0.0304966292467357,0.07093954297193276,36,623641__777938
623641,E. Agbadou,769441,L. Yoro,-0.22483726390510592,0.18831726467275559,0.469925299448458,0.018329633268641454,37,623641__769441
623641,E. Agbadou,619747,L. Colwill,-0.04684650186544345,0.13753937520530413,0.019713419308149994,-0.023550529454685748,38,619747__623641
623641,E. Agbadou,653730,A. Khusanov,-0.18702666555610048,0.15648619557877577,0.18770156754517217,-0.05587178397065505,39,623641__653730
623641,E. Agbadou,590703,I. Zabarnyi,-0.1533363363653362,0.1387555773237271,0.0304966292467357,-0.08899479840111105,40,590703__623641
623641,E. Agbadou,557788,W. Fofana,-0.4081520525162245,0.18603820569733803,0.4497184842965387,-0.10789736463175742,41,557788__623641
623641,E. Agbadou,349142,N. Mazraoui,0.12170159392052521,0.0741166573853747,-0.5426112722610317,-0.11080790924301968,42,349142__623641
623641,E. Agbadou,270866,Diego Carlos,-0.17936170905825827,0.1365745132367031,0.011158665939792946,-0.11267957780894035,43,270866__623641
623641,E. Agbadou,239411,T. Mings,-0.21827658379921389,0.1428845710660781,0.06710551660553349,-0.11839284865755233,44,239411__623641
623641,E. Agbadou,520300,N. Wood,-0.44936433352984206,0.18603820569733803,0.4497184842965387,-0.13468534729060883,45,520300__623641
623641,E. Agbadou,558243,S. van den Berg,-0.5458046236509797,0.18603820569733803,0.4497184842965387,-0.1973715358693483,46,558243__623641
623641,E. Agbadou,62126,M. Doherty,-0.3013100351858657,0.1138866166603646,-0.18999897730194917,-0.2623511649264949,47,62126__623641
623641,E. Agbadou,8582,A. Cresswell,-0.22439868404896152,0.0891601206195159,-0.4092314501082101,-0.28909015216969847,48,8582__623641
623641,E. Agbadou,285382,W. Faes,-0.34752434441366875,0.11442515759128154,-0.18522411313206202,-0.2907192634651064,49,285382__623641
623641,E. Agbadou,8360,C. Dawson,-0.3229302167601232,0.10918672115346433,-0.2316696496125989,-0.29098901825848966,50,8360__623641
623641,E. Agbadou,496001,M. Kilman,-0.33710469262712867,0.09447461534071355,-0.36211155825134556,-0.34585709559560457,51,496001__623641
623641,E. Agbadou,413002,K. Mavropanos,-0.3154947410149865,0.08799007487211916,-0.419605423924576,-0.3519334800333428,52,413002__623641
623641,E. Agbadou,192792,D. Burn,-0.520261951608317,0.12333002279754024,-0.10627092801641139,-0.37536509335115004,53,192792__623641
623641,E. Agbadou,447424,C. Bassey,-0.33428594245465004,0.07067162577170807,-0.5731559478314064,-0.4178904443365148,54,447424__623641
623641,E. Agbadou,604320,J. Branthwaite,-0.4995393078786998,0.09844708703758272,-0.3268904419306678,-0.4391122047968886,55,604320__623641
623641,E. Agbadou,627012,Murillo,-0.5695642366800746,0.0865173785965786,-0.4326627873959692,-0.5216487294306377,56,623641__627012
623641,E. Agbadou,8135,L. Shaw,-0.4223122213253265,0.03054327744891439,-0.9289458267492878,-0.599633983223713,57,8135__623641
623641,E. Agbadou,397074,M. Guéhi,-0.4507488533001538,0.03255428724760887,-0.9111156153729136,-0.6118772200256197,58,397074__623641
623641,E. Agbadou,136441,B. Davies,-0.4193189591506405,0.020827989571290693,-1.0150844604609743,-0.6278368846092574,59,136441__623641
623641,E. Agbadou,620468,J. Greaves,-0.5478575805726696,0.042913602803011854,-0.8192668405995104,-0.6428508215820639,60,620468__623641
623641,E. Agbadou,327391,J. Bree,-0.5065871949177344,0.03184549238813583,-0.9174000015430338,-0.6503716772365892,61,327391__623641
623641,E. Agbadou,50102,F. Schär,-0.5148621577194932,0.018436275136883253,-1.0362901124399424,-0.6973619418716503,62,50102__623641
623641,E. Agbadou,365443,M. de Ligt,-0.657075038786853,0.04393083681874393,-0.8102477410747265,-0.7106854845876087,63,365443__623641
623641,E. Agbadou,8653,H. Maguire,-0.5817020054844757,0.025494719240383074,-0.9737078463388891,-0.7189040497835204,64,8653__623641
623641,E. Agbadou,545267,R. Drăgușin,-0.6363509651080789,0.018436275136883253,-1.0362901124399424,-0.7763296666742311,65,545267__623641
623641,E. Agbadou,364003,S. Bueno,-0.7250313598441324,0.030143341610314404,-0.9324917769201198,-0.7976425058207279,66,364003__623641
623641,E. Agbadou,501419,J. Todibo,-0.674835194076177,0.01896597678456833,-1.031593619985868,-0.7997006431445688,67,501419__623641
623641,E. Agbadou,645877,Y. Mosquera,-0.6105276976546898,0.004379715002347387,-1.1609197579972121,-0.8031649187745726,68,623641__645877
623641,E. Agbadou,590874,Toti,-0.6086490758473225,0.0,-1.199751614664856,-0.8155349644334592,69,590874__623641
623641,E. Agbadou,9433,J. Tarkowski,-0.7448836645402533,0.025494719240383074,-0.9737078463388891,-0.8249721281697758,70,9433__623641
623641,E. Agbadou,286380,I. Diop,-0.6374751568132182,0.0,-1.199751614664856,-0.8342719170612913,71,286380__623641
623641,E. Agbadou,366217,K. Danso,-0.6409237994178285,0.0,-1.199751614664856,-0.836513534754288,72,366217__623641
623641,E. Agbadou,479155,N. Collins,-0.6469649937868764,0.0,-1.199751614664856,-0.8404403110941692,73,479155__623641
623641,E. Agbadou,399581,D. O'Shea,-0.7712643631959124,0.025494719240383074,-0.9737078463388891,-0.8421195822959542,74,399581__623641
623641,E. Agbadou,518805,L. Woolfenden,-0.7071048487080152,0.0,-1.199751614664856,-0.8795312167929095,75,518805__623641
623641,E. Agbadou,346131,T. Chalobah,-0.7228105194623897,0.0,-1.199751614664856,-0.8897399027832529,76,346131__623641
623641,E. Agbadou,424241,N. Milenković,-0.8462450722903962,0.025494719240383074,-0.9737078463388891,-0.8908570432073687,77,424241__623641
623641,E. Agbadou,424806,E. Pinnock,-0.7538248407869214,0.0,-1.199751614664856,-0.9098992116441984,78,424806__623641
623641,E. Agbadou,7919,M. Keane,-0.9136093719251503,0.025494719240383074,-0.9737078463388891,-0.9346438379699589,79,7919__623641
623641,E. Agbadou,504375,M. Lacroix,-0.8641556054853257,0.006864327515649884,-1.1388904440031542,-0.9603127989665656,80,504375__623641
623641,E. Agbadou,583655,C. Okoli,-0.8425973543308469,0.0,-1.199751614664856,-0.9676013454477501,81,583655__623641
623641,E. Agbadou,563725,Morato,-1.0065331551133212,0.025494719240383074,-0.9737078463388891,-0.9950442970422699,82,563725__623641
623641,E. Agbadou,255738,J. Lerma,-0.8950494935549058,0.0,-1.199751614664856,-1.0016952359433884,83,255738__623641
623641,E. Agbadou,288080,C. Burgess,-1.0035110459365253,0.0,-1.199751614664856,-1.0721952449914411,84,288080__623641
623641,E. Agbadou,534563,C. Richards,-1.047831557297253,0.0,-1.199751614664856,-1.1010035773759141,85,534563__623641
623641,E. Agbadou,488709,L. Thomas,-1.0992489430555814,0.0,-1.199751614664856,-1.1344248781188275,86,488709__623641
623641,E. Agbadou,508021,Jorge Cuenca,-1.1790695947736856,0.0,-1.199751614664856,-1.186308301735595,87,508021__623641
625787,M. van de Ven,297957,M. Akanji,1.2392432106307263,0.0957460406097612,1.7617595318575543,1.422123923060116,1,297957__625787
625787,M. van de Ven,568412,J. Gvardiol,1.864869787026929,0.05093385293010494,0.5522574916190334,1.4054554836341655,2,568412__625787
625787,M. van de Ven,590781,J. van Hecke,1.126292937153048,0.0957460406097612,1.7617595318575543,1.348706245299625,3,590781__625787
625787,M. van de Ven,134102,N. Aké,0.9613527758410519,0.0957460406097612,1.7617595318575543,1.2414951404468277,4,134102__625787
625787,M. van de Ven,145787,J. Andersen,1.2849259480327564,0.07150861952264555,1.1075801272601082,1.2228549107623294,5,145787__625787
625787,M. van de Ven,257899,J. Gomez,1.0931414727182953,0.08389355206069954,1.441855286510884,1.2151913075457013,6,257899__625787
625787,M. van de Ven,578325,W. Saliba,0.8647046146431765,0.0957460406097612,1.7617595318575543,1.1786738356682087,7,578325__625787
625787,M. van de Ven,258154,Rúben Dias,1.190326552164263,0.06748999809524153,0.9991156432197996,1.123402734033701,8,258154__625787
625787,M. van de Ven,386292,A. Disasi,0.7620371944773583,0.0957460406097612,1.7617595318575543,1.1119400125604268,9,386292__625787
625787,M. van de Ven,622200,J. Quansah,0.6081000380133457,0.0957460406097612,1.7617595318575543,1.0118808608588186,10,622200__625787
625787,M. van de Ven,370,V. van Dijk,1.0173370683592644,0.06175842864938167,0.8444178858129817,0.9568153544680655,11,370__625787
625787,M. van de Ven,475597,S. Botman,0.4652223727675794,0.0957460406097612,1.7617595318575543,0.9190103784490705,12,475597__625787
625787,M. van de Ven,9380,J. Stones,0.7257850871707205,0.0703957705119798,1.0775438086027915,0.8489006396719454,13,9380__625787
625787,M. van de Ven,240032,J. Bednarek,0.33969766855883865,0.0957460406097612,1.7617595318575543,0.8374193207133891,14,240032__625787
625787,M. van de Ven,8582,A. Cresswell,0.3781017953886713,0.09102266203361481,1.6342733206172686,0.8177618292186802,15,8582__625787
625787,M. van de Ven,777938,Dean Huijsen,0.6952169759539025,0.06687954170517048,0.9826391378872387,0.7958147326305702,16,625787__777938
625787,M. van de Ven,8360,C. Dawson,0.27163085995369596,0.0957460406097612,1.7617595318575543,0.7931758951200463,17,8360__625787
625787,M. van de Ven,413002,K. Mavropanos,0.26589682323031744,0.09556456618177296,1.7568614516193841,0.7877344431664908,18,413002__625787
625787,M. van de Ven,71703,V. Lindelöf,0.40845357876288046,0.08201886017893295,1.3912564701347612,0.7524345907430388,19,71703__625787
625787,M. van de Ven,8136,J. Stephens,0.4125293693809295,0.07590144456474707,1.2261445430126714,0.6972946801520392,20,8136__625787
625787,M. van de Ven,15806,J. Vestergaard,0.28650415577125715,0.08288625493019804,1.4146678627863987,0.6813614532265566,21,15806__625787
625787,M. van de Ven,549884,T. Harwood-Bellis,0.5853959752352956,0.05900284103645153,0.7700432789823479,0.6500225315467639,22,549884__625787
625787,M. van de Ven,590703,I. Zabarnyi,0.4491641430722967,0.0626470440673444,0.8684020342481462,0.5958974049838439,23,590703__625787
625787,M. van de Ven,239411,T. Mings,0.25888734166912397,0.07400293627068938,1.1749029104575401,0.5794927907450695,24,239411__625787
625787,M. van de Ven,270866,Diego Carlos,0.3038823512819911,0.06702132512479993,0.9864659391257701,0.5427866070273137,25,270866__625787
625787,M. van de Ven,400549,Pau Torres,0.4726002982020125,0.04929839767112387,0.5081157843094742,0.4850307183396241,26,400549__625787
625787,M. van de Ven,8135,L. Shaw,0.27207801507239393,0.0626470440673444,0.8684020342481462,0.4807914217839072,27,8135__625787
625787,M. van de Ven,424241,N. Milenković,-0.06117402271113054,0.08434347811232346,1.4539990024411518,0.46913653609216827,28,424241__625787
625787,M. van de Ven,8653,H. Maguire,0.12656509831776955,0.06868088842997035,1.0312583339505346,0.44320773078923725,29,8653__625787
625787,M. van de Ven,412968,M. Senesi,0.9433491450221043,0.0,-0.8224711754247719,0.3253120328656977,30,412968__625787
625787,M. van de Ven,283145,T. Adarabioyo,0.5030978648563222,0.029573211681705666,-0.024276270924116806,0.31851691733316856,31,283145__625787
625787,M. van de Ven,234399,A. Webster,0.890644004836413,0.0,-0.8224711754247719,0.29105369174499834,32,234399__625787
625787,M. van de Ven,415847,C. Romero,0.8830247366575648,0.0,-0.8224711754247719,0.28610116742874697,33,415847__625787
625787,M. van de Ven,496001,M. Kilman,0.17771534102642544,0.043188358825210736,0.34320295963558545,0.23563600753963143,34,496001__625787
625787,M. van de Ven,9097,L. Dunk,0.7698462589167252,0.0,-0.8224711754247719,0.2125351568972012,35,9097__625787
625787,M. van de Ven,349142,N. Mazraoui,0.6106912410746834,0.0060217354334704595,-0.6599417014204136,0.16596971120139947,36,349142__625787
625787,M. van de Ven,412027,E. Konsa,0.2993281955634187,0.02613862139550467,-0.11697747953816083,0.15362120927786588,37,412027__625787
625787,M. van de Ven,604320,J. Branthwaite,0.1857418750184152,0.03303583943963064,0.06918168225003891,0.1449458075494835,38,604320__625787
625787,M. van de Ven,415953,Igor Julio,0.3423303665334317,0.018091867010691032,-0.33416316829106074,0.10555762934485935,39,415953__625787
625787,M. van de Ven,399581,D. O'Shea,0.007377439278911158,0.03812314920267396,0.20649056754062736,0.07706703417051183,40,399581__625787
625787,M. van de Ven,488453,L. Martínez,0.46171383362714896,0.0068106329221776785,-0.638648986836796,0.07658684646476821,41,488453__625787
625787,M. van de Ven,9433,J. Tarkowski,0.006776629351710514,0.03631008058979165,0.15755499220005728,0.059549056348631876,42,9433__625787
625787,M. van de Ven,7919,M. Keane,-0.12666114093822964,0.04050782565410046,0.2708541075205891,0.01246919602235691,43,7919__625787
625787,M. van de Ven,62126,M. Doherty,0.2778479898035756,0.012563812169091318,-0.4833679707269987,0.01142240361787461,44,62126__625787
625787,M. van de Ven,415917,Gabriel Magalhaes,0.4566648935549626,0.0,-0.8224711754247719,0.008967269412055556,45,415917__625787
625787,M. van de Ven,393247,I. Konaté,0.38457044504221144,0.0,-0.8224711754247719,-0.03789412212123272,46,393247__625787
625787,M. van de Ven,563725,Morato,-0.21958492412640074,0.04050782565410046,0.2708541075205891,-0.04793126304995432,47,563725__625787
625787,M. van de Ven,482177,J. Kiwior,0.33656773697125014,0.0,-0.8224711754247719,-0.06909588236735756,48,482177__625787
625787,M. van de Ven,594120,J. O'Brien,0.3187835645279797,0.0,-0.8224711754247719,-0.08065559445548334,49,594120__625787
625787,M. van de Ven,627012,Murillo,0.06205274467730511,0.015506502959296502,-0.40394336106528234,-0.10104589233260047,50,625787__627012
625787,M. van de Ven,767087,A. Gray,0.27305857885083906,0.0,-0.8224711754247719,-0.11037683514562477,51,625787__767087
625787,M. van de Ven,7953,C. Coady,0.26969921549065684,0.0,-0.8224711754247719,-0.1125604213297432,52,7953__625787
625787,M. van de Ven,619747,L. Colwill,0.26642523567252846,0.0,-0.8224711754247719,-0.11468850821152665,53,619747__625787
625787,M. van de Ven,402884,K. Walker-Peters,0.26349110668512243,0.0,-0.8224711754247719,-0.11659569205334055,54,402884__625787
625787,M. van de Ven,285382,W. Faes,0.17173716602600592,0.005015891135368755,-0.6870899125145261,-0.12885231146318027,55,285382__625787
625787,M. van de Ven,769441,L. Yoro,0.1995466856284118,0.002279058975417566,-0.7609583008403681,-0.13663005963566113,56,625787__769441
625787,M. van de Ven,447424,C. Bassey,0.20978421512234496,0.0,-0.8224711754247719,-0.15150517156914592,57,447424__625787
625787,M. van de Ven,397074,M. Guéhi,0.15978255523593587,0.0009699613802242231,-0.7962914611755976,-0.1748433505081008,58,397074__625787
625787,M. van de Ven,653730,A. Khusanov,0.1690039760888138,0.0,-0.8224711754247719,-0.17801232694094118,59,625787__653730
625787,M. van de Ven,136441,B. Davies,0.16059304752161352,0.0,-0.8224711754247719,-0.18347943050962134,60,136441__625787
625787,M. van de Ven,623641,E. Agbadou,0.09879796500456267,0.0,-0.8224711754247719,-0.22364623414570442,61,623641__625787
625787,M. van de Ven,50102,F. Schär,0.07488478386293784,0.0,-0.8224711754247719,-0.23918980188776057,62,50102__625787
625787,M. van de Ven,327391,J. Bree,0.062424846955416946,0.0,-0.8224711754247719,-0.24728876087764914,63,327391__625787
625787,M. van de Ven,590874,Toti,0.06040266113461912,0.0,-0.8224711754247719,-0.24860318166116774,64,590874__625787
625787,M. van de Ven,557788,W. Fofana,0.03580258222009966,0.0,-0.8224711754247719,-0.2645932329556054,65,557788__625787
625787,M. van de Ven,286380,I. Diop,0.03146537171271553,0.0,-0.8224711754247719,-0.2674124197854051,66,286380__625787
625787,M. van de Ven,192792,D. Burn,0.026041492439290485,0.0,-0.8224711754247719,-0.2709379413131313,67,192792__625787
625787,M. van de Ven,545267,R. Drăgușin,0.022677940128321042,0.0,-0.8224711754247719,-0.2731242503152615,68,545267__625787
625787,M. van de Ven,504375,M. Lacroix,-0.07720737449840506,0.006864327515649884,-0.6371997444829376,-0.27320470399299146,69,504375__625787
625787,M. van de Ven,479155,N. Collins,0.014396981033868904,0.0,-0.8224711754247719,-0.2785068737266554,70,479155__625787
625787,M. van de Ven,346131,T. Chalobah,0.006833487004300358,0.0,-0.8224711754247719,-0.28342314484587494,71,346131__625787
625787,M. van de Ven,620468,J. Greaves,-0.019828220284700063,0.0,-0.8224711754247719,-0.3007532545837252,72,620468__625787
625787,M. van de Ven,645877,Y. Mosquera,-0.030061116882027387,0.0,-0.8224711754247719,-0.307404637371988,73,625787__645877
625787,M. van de Ven,366217,K. Danso,-0.03768285813211708,0.0,-0.8224711754247719,-0.31235876918454625,74,366217__625787
625787,M. van de Ven,518805,L. Woolfenden,-0.047862103275983295,0.0,-0.8224711754247719,-0.3189752785280593,75,518805__625787
625787,M. van de Ven,558243,S. van den Berg,-0.06601277894218047,0.0,-0.8224711754247719,-0.3307732177110875,76,558243__625787
625787,M. van de Ven,520300,N. Wood,-0.08159428006366277,0.0,-0.8224711754247719,-0.340901193440051,77,520300__625787
625787,M. van de Ven,424806,E. Pinnock,-0.09110326212127698,0.0,-0.8224711754247719,-0.3470820317775002,78,424806__625787
625787,M. van de Ven,501419,J. Todibo,-0.1019968682997142,0.0,-0.8224711754247719,-0.3541628757934844,79,501419__625787
625787,M. van de Ven,365443,M. de Ligt,-0.1036558481074947,0.0,-0.8224711754247719,-0.3552412126685417,80,365443__625787
625787,M. van de Ven,583655,C. Okoli,-0.10715808551763976,0.0,-0.8224711754247719,-0.357517666985136,81,583655__625787
625787,M. van de Ven,364003,S. Bueno,-0.15000908972120558,0.0,-0.8224711754247719,-0.3853708197174538,82,364003__625787
625787,M. van de Ven,255738,J. Lerma,-0.18905450584607136,0.0,-0.8224711754247719,-0.41075034019861656,83,255738__625787
625787,M. van de Ven,288080,C. Burgess,-0.27120842075530577,0.0,-0.8224711754247719,-0.4641503848896189,84,288080__625787
625787,M. van de Ven,534563,C. Richards,-0.31552893211603356,0.0,-0.8224711754247719,-0.49295871727409196,85,534563__625787
625787,M. van de Ven,488709,L. Thomas,-0.36694631787436205,0.0,-0.8224711754247719,-0.5263800180170055,86,488709__625787
625787,M. van de Ven,508021,Jorge Cuenca,-0.4467669695924665,0.0,-0.8224711754247719,-0.5782634416337733,87,508021__625787
627012,Murillo,568412,J. Gvardiol,1.556769288978965,0.5200005517625774,2.164849712025594,1.7695974370452854,1,568412__627012
627012,Murillo,297957,M. Akanji,0.910700342887213,0.549872500330532,2.3390865645223995,1.4106355204595282,2,297957__627012
627012,Murillo,258154,Rúben Dias,0.868869615884815,0.515370205219531,2.1378418653230407,1.313009903188194,3,258154__627012
627012,Murillo,578325,W. Saliba,0.5308245416476901,0.5864639846255709,2.552517068972094,1.2384169262112315,4,578325__627012
627012,Murillo,134102,N. Aké,0.6328099080975385,0.5485092202302922,2.3311348357224873,1.2272236327662704,5,134102__627012
627012,Murillo,370,V. van Dijk,0.6887942006157511,0.4420472452885369,1.7101643160977813,1.0462737410344618,6,370__627012
627012,Murillo,386292,A. Disasi,0.3853286293487164,0.4410551705046198,1.7043777505713325,0.846995821776632,7,386292__627012
627012,Murillo,622200,J. Quansah,0.3144863711967066,0.39216855512549315,1.4192323080668365,0.701147449101252,8,622200__627012
627012,Murillo,9097,L. Dunk,0.41663822095714514,0.33623953053071765,1.0930099598178828,0.6533683295584034,9,9097__627012
627012,Murillo,767087,A. Gray,-0.020816660515002222,0.445254787117126,1.7288732393270059,0.5915748044297006,10,627012__767087
627012,Murillo,412027,E. Konsa,-0.1055372326891851,0.4514252095538712,1.764864027859211,0.5491032085027534,11,412027__627012
627012,Murillo,71703,V. Lindelöf,-0.022100261906321417,0.4191218739218077,1.576445401170873,0.5373907201706967,12,71703__627012
627012,Murillo,240032,J. Bednarek,-0.022721988754032918,0.40827205302189284,1.5131606563054778,0.5148369370167958,13,240032__627012
627012,Murillo,9380,J. Stones,0.35147386024196553,0.2877561065849522,0.8102162489435721,0.5120336962875278,14,9380__627012
627012,Murillo,283145,T. Adarabioyo,0.14273682690443673,0.3491621493187706,1.168384902919581,0.5017136535097372,15,283145__627012
627012,Murillo,625787,M. van de Ven,0.06205274467730511,0.34659501343327004,1.1534113341346826,0.4440282509873872,16,625787__627012
627012,Murillo,8136,J. Stephens,0.02562872779612095,0.35127544655034737,1.1807113253885577,0.4299076369534738,17,8136__627012
627012,Murillo,590781,J. van Hecke,0.6453112478669953,0.1243423373888075,-0.14294222127152692,0.3694225336685126,18,590781__627012
627012,Murillo,402884,K. Walker-Peters,-0.054125780410965246,0.3246261239289748,1.0252713786386152,0.32366322525638785,19,402884__627012
627012,Murillo,488453,L. Martínez,0.0743822350474319,0.2751582309778233,0.7367354651594455,0.30620586558663665,20,488453__627012
627012,Murillo,257899,J. Gomez,0.5597687719204665,0.11703356697068629,-0.1855727564165062,0.2988992370025261,21,257899__627012
627012,Murillo,482177,J. Kiwior,-0.0006101349900330261,0.2857754815543523,0.7986636757820634,0.2791356987802007,22,482177__627012
627012,Murillo,415953,Igor Julio,-0.0020780011868085212,0.28129434004100956,0.7725261109325042,0.26903343805495095,23,415953__627012
627012,Murillo,145787,J. Andersen,0.6036368396750682,0.07386296491023482,-0.43737788410323425,0.23928168635266236,24,145787__627012
627012,Murillo,415847,C. Romero,0.40113293826105517,0.13272387904051972,-0.09405443502139109,0.227817357612199,25,415847__627012
627012,Murillo,520300,N. Wood,-0.36664784475150924,0.36658456613604573,1.2700062304410782,0.20618108156589635,26,520300__627012
627012,Murillo,393247,I. Konaté,0.0012830077307364476,0.24923875434728443,0.5855525580184522,0.20577735033143693,27,393247__627012
627012,Murillo,349142,N. Mazraoui,0.1519358059734737,0.16669221378570728,0.10407578460909295,0.13518479849594042,28,349142__627012
627012,Murillo,769441,L. Yoro,-0.18014109389162983,0.250152222002496,0.5908806245401131,0.08971650755948019,29,627012__769441
627012,Murillo,7953,C. Coady,-0.1514415755140196,0.24078273262627367,0.5362303450412216,0.0892435966803148,30,7953__627012
627012,Murillo,475597,S. Botman,0.005698984512452487,0.1843804550902832,0.207247610983335,0.07624100377726135,31,475597__627012
627012,Murillo,234399,A. Webster,0.3920831835566196,0.05942573856865316,-0.5215872175124275,0.07229854318245313,32,234399__627012
627012,Murillo,415917,Gabriel Magalhaes,0.018094793360344166,0.17257643807765788,0.13839723898902456,0.0602006493303823,33,415917__627012
627012,Murillo,619747,L. Colwill,-0.08384868188966851,0.18416321939417674,0.2059805204266732,0.017591538921051086,34,619747__627012
627012,Murillo,594120,J. O'Brien,-0.12268623412814283,0.18764415084118405,0.22628406834233683,-0.0005466282634749714,35,594120__627012
627012,Murillo,653730,A. Khusanov,-0.17683837493441706,0.18472795970860736,0.20927453302316001,-0.041698857149265106,36,627012__653730
627012,Murillo,557788,W. Fofana,-0.2964357017532938,0.21939424610647468,0.4114757592329845,-0.04866669040809643,37,557788__627012
627012,Murillo,549884,T. Harwood-Bellis,0.07226839158599177,0.08769823941060771,-0.35667961037360224,-0.07786340909986611,38,549884__627012
627012,Murillo,270866,Diego Carlos,-0.15810298248314952,0.15642000396930372,0.04416012485474507,-0.08731089491488642,39,270866__627012
627012,Murillo,15806,J. Vestergaard,-0.19864980407676536,0.15641015304553293,0.04410266646872437,-0.11368643938584395,40,15806__627012
627012,Murillo,400549,Pau Torres,-0.0505490282673419,0.09641275868591119,-0.3058496350173749,-0.13990424062985343,41,400549__627012
627012,Murillo,558243,S. van den Berg,-0.5192176412488159,0.20883603322691824,0.34989190319693636,-0.2150293006928026,42,558243__627012
627012,Murillo,239411,T. Mings,-0.25624286319373385,0.11140935969494774,-0.2183775857126293,-0.24299001607534726,43,239411__627012
627012,Murillo,447424,C. Bassey,-0.2741789542266007,0.09806115302815288,-0.2962348942443594,-0.2818985332328163,44,447424__627012
627012,Murillo,412968,M. Senesi,-0.07735011398991906,0.0,-0.8682051698681594,-0.3541493835473032,45,412968__627012
627012,Murillo,192792,D. Burn,-0.47204058682910366,0.12333002279754024,-0.14884684137750195,-0.35892277592104305,46,192792__627012
627012,Murillo,777938,Dean Huijsen,-0.11470930433563067,0.005519461319956779,-0.836011301909415,-0.36716500348645514,47,627012__777938
627012,Murillo,8135,L. Shaw,-0.368869601018759,0.05444822037337011,-0.5506200441329872,-0.4324822561087388,48,8135__627012
627012,Murillo,496001,M. Kilman,-0.3878874943607174,0.059281781483608686,-0.5224268891975774,-0.4349762825536184,49,496001__627012
627012,Murillo,136441,B. Davies,-0.3538061016707649,0.045776561220011475,-0.6012000253273568,-0.4403939749505721,50,136441__627012
627012,Murillo,285382,W. Faes,-0.4320911812669423,0.040470701308082946,-0.6321480007746347,-0.5021110680946347,51,285382__627012
627012,Murillo,8582,A. Cresswell,-0.3799712761153251,0.0066013956867778945,-0.8297006041571677,-0.53737654092997,52,8582__627012
627012,Murillo,590703,I. Zabarnyi,-0.3710778760626201,0.0,-0.8682051698681594,-0.5450724288945589,53,590703__627012
627012,Murillo,365443,M. de Ligt,-0.5577572398127716,0.055302902017900585,-0.545634864164194,-0.5535144083357695,54,365443__627012
627012,Murillo,413002,K. Mavropanos,-0.3887450473026549,0.0,-0.8682051698681594,-0.5565560902005815,55,413002__627012
627012,Murillo,620468,J. Greaves,-0.551293527673769,0.042913602803011854,-0.617899065307038,-0.5746054658454132,56,620468__627012
627012,Murillo,8360,C. Dawson,-0.4207725985493156,0.0,-0.8682051698681594,-0.577373998510911,57,8360__627012
627012,Murillo,62126,M. Doherty,-0.4278126504471325,0.0,-0.8682051698681594,-0.5819500322444919,58,62126__627012
627012,Murillo,623641,E. Agbadou,-0.5695642366800746,0.03614292501574752,-0.657391018242057,-0.6003036102267685,59,623641__627012
627012,Murillo,366217,K. Danso,-0.5399219159943516,0.013537091208536519,-0.7892461371565184,-0.62718539340111,60,366217__627012
627012,Murillo,590874,Toti,-0.5339076725889415,0.007636314177600442,-0.8236641402143667,-0.6353224362578402,61,590874__627012
627012,Murillo,327391,J. Bree,-0.5467994757579557,0.0,-0.8682051698681594,-0.659291468696527,62,327391__627012
627012,Murillo,501419,J. Todibo,-0.6100241082973552,0.01896597678456833,-0.7575805786416037,-0.6616688729178422,63,501419__627012
627012,Murillo,8653,H. Maguire,-0.5555994399445857,0.0,-0.8682051698681594,-0.6650114454178365,64,8653__627012
627012,Murillo,645877,Y. Mosquera,-0.5866581138893533,0.004379715002347387,-0.8426592047261104,-0.6762584956822183,65,627012__645877
627012,Murillo,397074,M. Guéhi,-0.6040227941585021,0.0,-0.8682051698681594,-0.6964866256568822,66,397074__627012
627012,Murillo,364003,S. Bueno,-0.702358103018493,0.030143341610314404,-0.6923853382970983,-0.6988676353660048,67,364003__627012
627012,Murillo,286380,I. Diop,-0.6117621831809175,0.0,-0.8682051698681594,-0.7015172285214522,68,286380__627012
627012,Murillo,545267,R. Drăgușin,-0.6303424335406652,0.0,-0.8682051698681594,-0.7135943912552882,69,545267__627012
627012,Murillo,479155,N. Collins,-0.6517085522080516,0.0,-0.8682051698681594,-0.7274823683890893,70,479155__627012
627012,Murillo,604320,J. Branthwaite,-0.6918146319090752,0.0,-0.8682051698681594,-0.7535513201947547,71,604320__627012
627012,Murillo,50102,F. Schär,-0.7553525040133292,0.018995523962265146,-0.7574082361099357,-0.7560720102471414,72,50102__627012
627012,Murillo,518805,L. Woolfenden,-0.696572046768265,0.0,-0.8682051698681594,-0.756643639853228,73,518805__627012
627012,Murillo,346131,T. Chalobah,-0.709318820658905,0.0,-0.8682051698681594,-0.764929042882144,74,346131__627012
627012,Murillo,424806,E. Pinnock,-0.726986900095642,0.0,-0.8682051698681594,-0.7764132945160231,75,424806__627012
627012,Murillo,583655,C. Okoli,-0.8014086935182531,0.0,-0.8682051698681594,-0.8247874602407204,76,583655__627012
627012,Murillo,424241,N. Milenković,-0.9016688833395504,0.0,-0.8682051698681594,-0.8899565836245635,77,424241__627012
627012,Murillo,9433,J. Tarkowski,-0.9239818028816015,0.0,-0.8682051698681594,-0.9044599813268968,78,9433__627012
627012,Murillo,399581,D. O'Shea,-0.9991681424550749,0.0,-0.8682051698681594,-0.9533311020496544,79,399581__627012
627012,Murillo,504375,M. Lacroix,-1.0696006090743297,0.0,-0.8682051698681594,-0.9991122053521702,80,504375__627012
627012,Murillo,7919,M. Keane,-1.0798659744579346,0.0,-0.8682051698681594,-1.0057846928515133,81,7919__627012
627012,Murillo,255738,J. Lerma,-1.175134516178441,0.0,-0.8682051698681594,-1.0677092449698424,82,255738__627012
627012,Murillo,288080,C. Burgess,-1.293961531043434,0.0,-0.8682051698681594,-1.1449468046320879,83,288080__627012
627012,Murillo,534563,C. Richards,-1.310729592662741,0.0,-0.8682051698681594,-1.1558460446846375,84,534563__627012
627012,Murillo,563725,Morato,-1.3357233797633086,0.0,-0.8682051698681594,-1.1720920063000064,85,563725__627012
627012,Murillo,488709,L. Thomas,-1.3795867304080773,0.0,-0.8682051698681594,-1.200603184219106,86,488709__627012
627012,Murillo,508021,Jorge Cuenca,-1.465595557290096,0.0,-0.8682051698681594,-1.2565089216924183,87,508021__627012
645877,Y. Mosquera,568412,J. Gvardiol,1.563476801082366,0.40954136780464895,1.789906741667,1.6427272802869881,1,568412__645877
645877,Y. Mosquera,258154,Rúben Dias,0.8755771279882162,0.42609751296978554,1.9072635071896362,1.2366673607087133,2,258154__645877
645877,Y. Mosquera,297957,M. Akanji,0.8607204207105369,0.4063754502369921,1.7674654159872834,1.178081169057398,3,297957__645877
645877,Y. Mosquera,145787,J. Andersen,0.7671186382589783,0.43011613439718954,1.9357491484953915,1.176139316841723,4,145787__645877
645877,Y. Mosquera,590781,J. van Hecke,0.6520187599703967,0.43185058594199466,1.9480436543253292,1.1056274729946232,5,590781__645877
645877,Y. Mosquera,370,V. van Dijk,0.687595142721077,0.4203659435239257,1.8666357858918732,1.1002593678308557,6,370__645877
645877,Y. Mosquera,257899,J. Gomez,0.5753341629445169,0.44036855454813173,2.008422518757167,1.0769150874789444,7,257899__645877
645877,Y. Mosquera,134102,N. Aké,0.5301808223986694,0.34636547727704614,1.3420900489900094,0.8143490517056384,8,134102__645877
645877,Y. Mosquera,415847,C. Romero,0.3854404686956744,0.358607514874544,1.4288666459284187,0.7506396307271349,9,415847__645877
645877,Y. Mosquera,9097,L. Dunk,0.37674549563339044,0.358607514874544,1.4288666459284187,0.7449878982366503,10,9097__645877
645877,Y. Mosquera,234399,A. Webster,0.36928068220666455,0.3511750971324916,1.3761826124459708,0.7216963577904217,11,234399__645877
645877,Y. Mosquera,549884,T. Harwood-Bellis,0.07897590368939295,0.41197167157245806,1.807133734217666,0.6838311443742885,12,549884__645877
645877,Y. Mosquera,777938,Dean Huijsen,0.13192218328821642,0.36414836158896574,1.468142446072437,0.5995992752626936,13,645877__777938
645877,Y. Mosquera,412968,M. Senesi,0.3714952079223359,0.2917493585638385,0.9549485390762494,0.5757038738262057,14,412968__645877
645877,Y. Mosquera,9380,J. Stones,0.1816935376200516,0.32155560763220886,1.1662274900721576,0.5262804209782888,15,9380__645877
645877,Y. Mosquera,578325,W. Saliba,0.36104421902577605,0.27333874073404596,0.8244465086683755,0.5232350204006858,16,578325__645877
645877,Y. Mosquera,283145,T. Adarabioyo,0.08899067550596901,0.29241997653951907,0.9597021550745518,0.393739693354973,17,283145__645877
645877,Y. Mosquera,590703,I. Zabarnyi,-0.15256447067385864,0.3543964026311829,1.3990165505587364,0.39048888675754956,18,590703__645877
645877,Y. Mosquera,488453,L. Martínez,0.04219423637610398,0.2994865290924025,1.0097927856368192,0.3808537286173543,19,488453__645877
645877,Y. Mosquera,622200,J. Quansah,0.22198524284085425,0.24364354220407985,0.6139547295573887,0.3591745631916413,20,622200__645877
645877,Y. Mosquera,349142,N. Mazraoui,0.05120591436236881,0.28790942201650255,0.9277294896832509,0.3579891657246775,21,349142__645877
645877,Y. Mosquera,400549,Pau Torres,-0.051431350644462054,0.31448159185947655,1.1160839571384074,0.3571990070795422,22,400549__645877
645877,Y. Mosquera,8582,A. Cresswell,-0.18435140515085266,0.30192859168033903,1.0271031295402762,0.23965768199104243,23,8582__645877
645877,Y. Mosquera,393247,I. Konaté,-0.07968479977388215,0.27214829697427073,0.8160081537379044,0.2338077339552431,24,393247__645877
645877,Y. Mosquera,625787,M. van de Ven,-0.030061116882027387,0.23632057134058782,0.5620465005593952,0.1771765492224705,25,625787__645877
645877,Y. Mosquera,386292,A. Disasi,0.16984773761056693,0.17104879104465423,0.09937327928532282,0.1451816771967315,26,386292__645877
645877,Y. Mosquera,415917,Gabriel Magalhaes,-0.09846382567800119,0.23295669551875917,0.538201965365242,0.12436920118713393,27,415917__645877
645877,Y. Mosquera,619747,L. Colwill,-0.17570558375203355,0.2402350831253545,0.5897941699038172,0.09221933002751419,28,619747__645877
645877,Y. Mosquera,415953,Igor Julio,-0.0791864723348584,0.17495016120021906,0.12702779535756425,-0.007011478642510477,29,415953__645877
645877,Y. Mosquera,62126,M. Doherty,-0.3399965838885677,0.24131472882393618,0.597447142611666,-0.011891279613485906,30,62126__645877
645877,Y. Mosquera,482177,J. Kiwior,-0.209064459111916,0.1840800237429198,0.19174401564861712,-0.06878149294572941,31,482177__645877
645877,Y. Mosquera,8135,L. Shaw,-0.3693160944308679,0.2161468999203314,0.4190472212595747,-0.09338893393921296,32,8135__645877
645877,Y. Mosquera,50102,F. Schär,-0.5089412478597268,0.23468482696544693,0.5504516717406304,-0.13815372599960185,33,50102__645877
645877,Y. Mosquera,270866,Diego Carlos,-0.3225551641494754,0.17387763151899163,0.11942526390713189,-0.16786201432966286,34,270866__645877
645877,Y. Mosquera,653730,A. Khusanov,-0.32006413485227286,0.17278162604628833,0.11165632639247301,-0.16896197341661182,35,645877__653730
645877,Y. Mosquera,8136,J. Stephens,-0.24345492885411973,0.15208646191014855,-0.035039507737548034,-0.17050953146331962,36,8136__645877
645877,Y. Mosquera,71703,V. Lindelöf,-0.3210485643225247,0.15471340747078738,-0.01641863729182322,-0.2144280898617792,37,71703__645877
645877,Y. Mosquera,627012,Murillo,-0.5866581138893533,0.20645378191048458,0.35033841458274884,-0.2587093289241176,38,627012__645877
645877,Y. Mosquera,397074,M. Guéhi,-0.44709791969080853,0.16471349720177997,0.05446611118433196,-0.2715505088845094,39,397074__645877
645877,Y. Mosquera,604320,J. Branthwaite,-0.5429670362210558,0.1857591164930718,0.20364611557615922,-0.2816524330920306,40,604320__645877
645877,Y. Mosquera,15806,J. Vestergaard,-0.4921195821966672,0.14708544540292492,-0.07048876937176939,-0.344548797707953,41,15806__645877
645877,Y. Mosquera,475597,S. Botman,-0.30196091507209516,0.09063866289472101,-0.47060677711139765,-0.360986966785851,42,475597__645877
645877,Y. Mosquera,447424,C. Bassey,-0.42618668117409586,0.12139260452753038,-0.25261019148719366,-0.3654349097836801,43,447424__645877
645877,Y. Mosquera,8360,C. Dawson,-0.6226371548167602,0.15782109523424442,0.005609931589149468,-0.40275067457469177,44,8360__645877
645877,Y. Mosquera,413002,K. Mavropanos,-0.5968092489742142,0.1442563953053238,-0.09054223988947771,-0.41961579579455643,45,413002__645877
645877,Y. Mosquera,402884,K. Walker-Peters,-0.33935022733031056,0.07606005556065669,-0.5739459412395986,-0.42145872719856137,46,402884__645877
645877,Y. Mosquera,240032,J. Bednarek,-0.42172988536782485,0.08358299438614421,-0.5206202570916371,-0.4563415154711591,47,240032__645877
645877,Y. Mosquera,623641,E. Agbadou,-0.6105276976546898,0.1301460022868331,-0.19056250839922145,-0.4635398814152759,48,623641__645877
645877,Y. Mosquera,767087,A. Gray,-0.43245175435648825,0.06685815631070552,-0.6391727873362053,-0.5048041158993892,49,645877__767087
645877,Y. Mosquera,594120,J. O'Brien,-0.4677880781696663,0.07606005556065669,-0.5739459412395986,-0.5049433302441426,50,594120__645877
645877,Y. Mosquera,7953,C. Coady,-0.4701406005567186,0.07606005556065669,-0.5739459412395986,-0.5064724697957266,51,7953__645877
645877,Y. Mosquera,239411,T. Mings,-0.49327494163528096,0.07998342840143666,-0.5461354610861109,-0.5117761234430714,52,239411__645877
645877,Y. Mosquera,136441,B. Davies,-0.5580787233736764,0.09124409985366652,-0.4663151909649241,-0.5259614870306131,53,136441__645877
645877,Y. Mosquera,412027,E. Konsa,-0.4480758533696848,0.02613862139550467,-0.9278095964224707,-0.6159826634381599,54,412027__645877
645877,Y. Mosquera,285382,W. Faes,-0.710247782937662,0.07395445628319859,-0.5888712948303385,-0.6677660121000988,55,285382__645877
645877,Y. Mosquera,496001,M. Kilman,-0.6869383678471198,0.052886473441932536,-0.7382098212612275,-0.7048833765420575,56,496001__645877
645877,Y. Mosquera,769441,L. Yoro,-0.5052923925562841,0.002279058975417566,-1.0969359869244812,-0.7123676505851531,57,645877__769441
645877,Y. Mosquera,8653,H. Maguire,-0.7918567863906081,0.06868088842997035,-0.6262525124897642,-0.7338952905253127,58,8653__645877
645877,Y. Mosquera,545267,R. Drăgușin,-0.7287053676099573,0.03862804395489126,-0.8392794331389596,-0.7674062905451081,59,545267__645877
645877,Y. Mosquera,557788,W. Fofana,-0.7136928974118476,0.027311400730184086,-0.9194964542014425,-0.7857241422882058,60,557788__645877
645877,Y. Mosquera,255738,J. Lerma,-0.9938795483965934,0.09400307727108557,-0.44675842442121727,-0.8023871550052118,61,255738__645877
645877,Y. Mosquera,399581,D. O'Shea,-0.869712097251615,0.059350443035125745,-0.6923905465250261,-0.8076495544973089,62,399581__645877
645877,Y. Mosquera,590874,Toti,-0.7720388686590334,0.018805024981114693,-0.9797931436949079,-0.8447528649215894,63,590874__645877
645877,Y. Mosquera,327391,J. Bree,-0.8549368743852743,0.03184549238813583,-0.8873569479182484,-0.8662839001218152,64,327391__645877
645877,Y. Mosquera,424241,N. Milenković,-1.0924393265394607,0.08176103967358772,-0.5335350213596266,-0.8968228197265189,65,424241__645877
645877,Y. Mosquera,9433,J. Tarkowski,-0.9469768599020729,0.03631008058979165,-0.8557101107160615,-0.915033497686969,66,9433__645877
645877,Y. Mosquera,520300,N. Wood,-0.8413161515725134,0.0,-1.1130908941883746,-0.9364373114880647,67,520300__645877
645877,Y. Mosquera,366217,K. Danso,-0.9252855036381245,0.013537091208536519,-1.0171344246737117,-0.95743262600058,68,366217__645877
645877,Y. Mosquera,192792,D. Burn,-0.884065246470273,0.0,-1.1130908941883746,-0.9642242231716085,69,192792__645877
645877,Y. Mosquera,479155,N. Collins,-0.9045878316042647,0.0,-1.1130908941883746,-0.9775639035087031,70,479155__645877
645877,Y. Mosquera,286380,I. Diop,-0.9057168504536424,0.0,-1.1130908941883746,-0.9782977657607986,71,286380__645877
645877,Y. Mosquera,346131,T. Chalobah,-0.9244458857469569,0.0,-1.1130908941883746,-0.990471638701453,72,346131__645877
645877,Y. Mosquera,558243,S. van den Berg,-0.9382399443782136,0.0,-1.1130908941883746,-0.9994377768117699,73,558243__645877
645877,Y. Mosquera,288080,C. Burgess,-1.1375536045486943,0.04487664705616696,-0.7949867646653451,-1.017655210589522,74,288080__645877
645877,Y. Mosquera,365443,M. de Ligt,-1.0096856975763402,0.011372065199156654,-1.032481019379117,-1.0176640602073121,75,365443__645877
645877,Y. Mosquera,620468,J. Greaves,-0.9986563036283373,0.0,-1.1130908941883746,-1.0387084103243502,76,620468__645877
645877,Y. Mosquera,7919,M. Keane,-1.1579264447665598,0.04050782565410046,-0.8259547674086553,-1.0417363576912932,77,7919__645877
645877,Y. Mosquera,504375,M. Lacroix,-1.0587590112752001,0.006864327515649884,-1.064433717853568,-1.0607451585776289,78,504375__645877
645877,Y. Mosquera,518805,L. Woolfenden,-1.0791274071043135,0.0,-1.1130908941883746,-1.091014627583735,79,518805__645877
645877,Y. Mosquera,501419,J. Todibo,-1.0846924151183597,0.0,-1.1130908941883746,-1.094631882792865,80,501419__645877
645877,Y. Mosquera,563725,Morato,-1.2508502279547309,0.04050782565410046,-0.8259547674086553,-1.1021368167636045,81,563725__645877
645877,Y. Mosquera,424806,E. Pinnock,-1.1223685659496072,0.0,-1.1130908941883746,-1.119121380833176,82,424806__645877
645877,Y. Mosquera,583655,C. Okoli,-1.1357004643235755,0.0,-1.1130908941883746,-1.1277871147762553,83,583655__645877
645877,Y. Mosquera,364003,S. Bueno,-1.1612339308749373,0.0,-1.1130908941883746,-1.1443838680346403,84,364003__645877
645877,Y. Mosquera,488709,L. Thomas,-1.31391268775627,0.0,-1.1130908941883746,-1.2436250600075065,85,488709__645877
645877,Y. Mosquera,534563,C. Richards,-1.3359158804422337,0.0,-1.1130908941883746,-1.2579271352533832,86,534563__645877
645877,Y. Mosquera,508021,Jorge Cuenca,-1.4671539179186663,0.0,-1.1130908941883746,-1.3432318596130641,87,508021__645877
653730,A. Khusanov,297957,M. Akanji,1.1349359291156345,0.15311797107312544,2.454239189886592,1.5966920703854695,1,297957__653730
653730,A. Khusanov,568412,J. Gvardiol,1.771499659363146,0.07474178114665286,0.7247263821668318,1.405129012344436,2,568412__653730
653730,A. Khusanov,578325,W. Saliba,0.7550601278761119,0.15311797107312544,2.454239189886592,1.34977279957978,3,578325__653730
653730,A. Khusanov,134102,N. Aké,0.8570454943259601,0.1390356160153468,2.1434864796804165,1.30729983920002,4,134102__653730
653730,A. Khusanov,590781,J. van Hecke,0.9107701857426048,0.12409164358640706,1.8137206191772575,1.2268028374447333,5,590781__653730
653730,A. Khusanov,145787,J. Andersen,1.0738036147285266,0.09531654773919347,1.1787459303360721,1.1105334251911674,6,145787__653730
653730,A. Khusanov,258154,Rúben Dias,1.0860192706491711,0.09129792631178946,1.090067758628662,1.087436241441993,7,258154__653730
653730,A. Khusanov,257899,J. Gomez,0.8820191394140651,0.10770148027724746,1.452041933464118,1.0815271173315835,8,257899__653730
653730,A. Khusanov,386292,A. Disasi,0.5878657919553676,0.12931004285657752,1.9288740654218655,1.0572186876686418,9,386292__653730
653730,A. Khusanov,622200,J. Quansah,0.4742574883127968,0.13033131180527854,1.951410217390492,0.99126094348999,10,622200__653730
653730,A. Khusanov,370,V. van Dijk,0.9130297868441728,0.08556635686592959,0.9635902815498522,0.9307259599911606,11,370__653730
653730,A. Khusanov,475597,S. Botman,0.2165723892896269,0.12931004285657752,1.9288740654218655,0.8158779759359104,12,475597__653730
653730,A. Khusanov,240032,J. Bednarek,0.1674468562290402,0.12931004285657752,1.9288740654218655,0.7839463794465291,13,240032__653730
653730,A. Khusanov,9380,J. Stones,0.5757845881129027,0.09420369872852773,1.1541888981709427,0.7782260966332166,14,9380__653730
653730,A. Khusanov,777938,Dean Huijsen,0.4759371424176865,0.0906874699217184,1.0765969309937293,0.6861680684193014,15,653730__777938
653730,A. Khusanov,8582,A. Cresswell,0.1588219618524552,0.11483059025016273,1.6093586774569903,0.6665098123140425,16,8582__653730
653730,A. Khusanov,549884,T. Harwood-Bellis,0.3742736419310657,0.08281076925299946,0.902783242143783,0.5592520020055167,17,549884__653730
653730,A. Khusanov,590703,I. Zabarnyi,0.22988430953608047,0.08645497228389233,0.9831991927248608,0.49354451865215354,18,590703__653730
653730,A. Khusanov,71703,V. Lindelöf,0.23428217624088987,0.08201886017893295,0.8853083318753403,0.4621413307129475,19,71703__653730
653730,A. Khusanov,8136,J. Stephens,0.23835796685893879,0.07590144456474707,0.7503164591547484,0.41754343916247216,20,8136__653730
653730,A. Khusanov,8360,C. Dawson,-0.020292748208741496,0.09654772226262424,1.2059140295867423,0.4088796240196778,21,8360__653730
653730,A. Khusanov,400549,Pau Torres,0.24238331081448758,0.0731063258876718,0.6886370951076632,0.39857213531709906,22,400549__653730
653730,A. Khusanov,413002,K. Mavropanos,-0.026026784932119865,0.09556456618177296,1.184218907185219,0.3975592073089487,23,413002__653730
653730,A. Khusanov,412968,M. Senesi,0.724069311485888,0.023807928216547924,-0.39922147842414757,0.3309175350173756,24,412968__653730
653730,A. Khusanov,283145,T. Adarabioyo,0.3669724131328583,0.05338113989825359,0.25336508411353875,0.3272098479760964,25,283145__653730
653730,A. Khusanov,15806,J. Vestergaard,0.0044992569483066625,0.08288625493019804,0.9044489705446763,0.31948165670703604,26,15806__653730
653730,A. Khusanov,234399,A. Webster,0.6759656586762126,0.023807928216547924,-0.39922147842414757,0.2996501606910866,27,234399__653730
653730,A. Khusanov,415847,C. Romero,0.6719024033533347,0.023807928216547924,-0.39922147842414757,0.297009044731216,28,415847__653730
653730,A. Khusanov,9097,L. Dunk,0.6162291331262764,0.023807928216547924,-0.39922147842414757,0.260821419083628,29,9097__653730
653730,A. Khusanov,239411,T. Mings,-0.03111567630112172,0.07400293627068938,0.7084224296897371,0.22772266079567888,30,239411__653730
653730,A. Khusanov,8135,L. Shaw,0.01618810297293953,0.06769560227587572,0.5692396633823902,0.20975614911624726,31,8135__653730
653730,A. Khusanov,270866,Diego Carlos,0.013879333311745762,0.06702132512479993,0.5543605148829237,0.20304774686165802,32,270866__653730
653730,A. Khusanov,349142,N. Mazraoui,0.40148949796264544,0.029829663650018386,-0.26634096245804323,0.16774883681540442,33,349142__653730
653730,A. Khusanov,488453,L. Martínez,0.29185366258213324,0.030618561138725603,-0.24893250828366853,0.10257850277910263,34,488453__653730
653730,A. Khusanov,8653,H. Maguire,-0.16343791965247578,0.06868088842997035,0.590981789714051,0.10060897862580859,35,8653__653730
653730,A. Khusanov,424241,N. Milenković,-0.351177040681376,0.08434347811232346,0.9366052435091624,0.09954675878531244,36,424241__653730
653730,A. Khusanov,415917,Gabriel Magalhaes,0.23261900463826135,0.023807928216547924,-0.39922147842414757,0.011474835566418262,37,415917__653730
653730,A. Khusanov,482177,J. Kiwior,0.21273073180752528,0.023807928216547924,-0.39922147842414757,-0.0014525417735601898,38,482177__653730
653730,A. Khusanov,393247,I. Konaté,0.2045337444496096,0.023807928216547924,-0.39922147842414757,-0.006780583556205394,39,393247__653730
653730,A. Khusanov,62126,M. Doherty,0.047631002416050755,0.03637174038563924,-0.12197817174371565,-0.011732208539867485,40,62126__653730
653730,A. Khusanov,625787,M. van de Ven,0.1690039760888138,0.023807928216547924,-0.39922147842414757,-0.029874932990722664,41,625787__653730
653730,A. Khusanov,412027,E. Konsa,0.12707738323362017,0.02613862139550467,-0.34779050547621065,-0.039126377814820604,42,412027__653730
653730,A. Khusanov,496001,M. Kilman,-0.1122876769438198,0.043188358825210736,0.028442879695983785,-0.06303198211988854,43,496001__653730
653730,A. Khusanov,415953,Igor Julio,0.15062022291748106,0.018091867010691032,-0.5253567380548333,-0.08597171342282896,44,415953__653730
653730,A. Khusanov,619747,L. Colwill,0.0569665328635231,0.023807928216547924,-0.39922147842414757,-0.10269927108716162,45,619747__653730
653730,A. Khusanov,604320,J. Branthwaite,-0.09183108041156414,0.03303583943963064,-0.19559087755167712,-0.12814700941060367,46,604320__653730
653730,A. Khusanov,627012,Murillo,-0.17683837493441706,0.039314431175844426,-0.05704236131974111,-0.1349097701692805,47,627012__653730
653730,A. Khusanov,397074,M. Guéhi,-0.05810029350378727,0.024777889596772146,-0.3778175210275823,-0.17000132313711555,48,397074__653730
653730,A. Khusanov,399581,D. O'Shea,-0.2826255786913342,0.03812314920267396,-0.08333015908251648,-0.212872181828248,49,399581__653730
653730,A. Khusanov,9433,J. Tarkowski,-0.28322638861853483,0.03631008058979165,-0.12333880699199508,-0.2272657350492459,50,9433__653730
653730,A. Khusanov,50102,F. Schär,-0.1535139758054703,0.023807928216547924,-0.39922147842414757,-0.23951160172200733,51,50102__653730
653730,A. Khusanov,767087,A. Gray,0.10896526675302665,0.0,-0.9245866028888741,-0.25277788762163855,52,653730__767087
653730,A. Khusanov,402884,K. Walker-Peters,0.10256847862362786,0.0,-0.9245866028888741,-0.2569357999057478,53,402884__653730
653730,A. Khusanov,7919,M. Keane,-0.4166641589084752,0.04050782565410046,-0.030707947300098782,-0.28157948484554346,54,7919__653730
653730,A. Khusanov,7953,C. Coady,0.06300164754761829,0.0,-0.9245866028888741,-0.282654240105154,55,7953__653730
653730,A. Khusanov,545267,R. Drăgușin,-0.22926230038635584,0.023807928216547924,-0.39922147842414757,-0.28874801269958295,56,545267__653730
653730,A. Khusanov,594120,J. O'Brien,0.044643631986110696,0.0,-0.9245866028888741,-0.2945869502201339,57,594120__653730
653730,A. Khusanov,769441,L. Yoro,0.0020578472758502053,0.002279058975417566,-0.8742950323081764,-0.3046656605785591,58,653730__769441
653730,A. Khusanov,563725,Morato,-0.5095879420966458,0.04050782565410046,-0.030707947300098782,-0.34197994391785436,59,563725__653730
653730,A. Khusanov,285382,W. Faes,-0.12018644213643158,0.005015891135368755,-0.8139018659950976,-0.36298684048696467,60,285382__653730
653730,A. Khusanov,447424,C. Bassey,-0.07042265627162883,0.0,-0.9245866028888741,-0.36938003758766463,61,447424__653730
653730,A. Khusanov,136441,B. Davies,-0.12940997044863173,0.0,-0.9245866028888741,-0.4077217918027165,62,136441__653730
653730,A. Khusanov,623641,E. Agbadou,-0.18702666555610048,0.0,-0.9245866028888741,-0.4451726436225712,63,623641__653730
653730,A. Khusanov,557788,W. Fofana,-0.20685602949250564,0.0,-0.9245866028888741,-0.4580617301812346,64,557788__653730
653730,A. Khusanov,327391,J. Bree,-0.22949876120702054,0.0,-0.9245866028888741,-0.47277950579566924,65,327391__653730
653730,A. Khusanov,590874,Toti,-0.22960035683562632,0.0,-0.9245866028888741,-0.472845542954263,66,590874__653730
653730,A. Khusanov,286380,I. Diop,-0.2585376462575298,0.0,-0.9245866028888741,-0.49165478107850025,67,286380__653730
653730,A. Khusanov,192792,D. Burn,-0.26396152553095487,0.0,-0.9245866028888741,-0.4951803026062266,68,192792__653730
653730,A. Khusanov,479155,N. Collins,-0.2756060369363765,0.0,-0.9245866028888741,-0.5027492350197507,69,479155__653730
653730,A. Khusanov,520300,N. Wood,-0.2799531455985741,0.0,-0.9245866028888741,-0.5055748556501791,70,520300__653730
653730,A. Khusanov,346131,T. Chalobah,-0.2831695309659451,0.0,-0.9245866028888741,-0.5076655061389702,71,346131__653730
653730,A. Khusanov,504375,M. Lacroix,-0.3672103924686505,0.006864327515649884,-0.7731127641396682,-0.5092762225535067,72,504375__653730
653730,A. Khusanov,558243,S. van den Berg,-0.2956397767088977,0.0,-0.9245866028888741,-0.5157711658718894,73,558243__653730
653730,A. Khusanov,620468,J. Greaves,-0.3098312382549454,0.0,-0.9245866028888741,-0.5249956158768204,74,620468__653730
653730,A. Khusanov,645877,Y. Mosquera,-0.32006413485227286,0.0,-0.9245866028888741,-0.5316469986650832,75,645877__653730
653730,A. Khusanov,518805,L. Woolfenden,-0.3378651212462288,0.0,-0.9245866028888741,-0.5432176398211546,76,518805__653730
653730,A. Khusanov,366217,K. Danso,-0.34605258795014526,0.0,-0.9245866028888741,-0.5485394931787003,77,366217__653730
653730,A. Khusanov,424806,E. Pinnock,-0.3811062800915224,0.0,-0.9245866028888741,-0.5713243930705955,78,424806__653730
653730,A. Khusanov,501419,J. Todibo,-0.3925697048914997,0.0,-0.9245866028888741,-0.5787756191905807,79,501419__653730
653730,A. Khusanov,583655,C. Okoli,-0.39716110348788525,0.0,-0.9245866028888741,-0.5817600282782314,80,583655__653730
653730,A. Khusanov,365443,M. de Ligt,-0.4197669192828528,0.0,-0.9245866028888741,-0.5964538085449602,81,365443__653730
653730,A. Khusanov,364003,S. Bueno,-0.44001210769145105,0.0,-0.9245866028888741,-0.6096131810105491,82,364003__653730
653730,A. Khusanov,255738,J. Lerma,-0.4681203699650084,0.0,-0.9245866028888741,-0.6278835514883614,83,255738__653730
653730,A. Khusanov,288080,C. Burgess,-0.587319491930664,0.0,-0.9245866028888741,-0.7053629807660375,84,288080__653730
653730,A. Khusanov,534563,C. Richards,-0.6316400032913916,0.0,-0.9245866028888741,-0.7341713131505104,85,534563__653730
653730,A. Khusanov,488709,L. Thomas,-0.6830573890497199,0.0,-0.9245866028888741,-0.7675926138934239,86,488709__653730
653730,A. Khusanov,508021,Jorge Cuenca,-0.7628780407678244,0.0,-0.9245866028888741,-0.8194760375101917,87,508021__653730
767087,A. Gray,568412,J. Gvardiol,1.734373514426689,0.35713046578561974,1.797120657186643,1.7563350143926728,1,568412__767087
767087,A. Gray,145787,J. Andersen,1.2234989346204495,0.35713046578561974,1.797120657186643,1.4242665375186172,2,145787__767087
767087,A. Gray,590781,J. van Hecke,1.0725400338804876,0.35713046578561974,1.797120657186643,1.326143252037642,3,590781__767087
767087,A. Gray,257899,J. Gomez,1.0232656752980607,0.35713046578561974,1.797120657186643,1.2941149189590644,4,257899__767087
767087,A. Gray,258154,Rúben Dias,1.0464738413325387,0.3412830953726319,1.6729953993188003,1.2657563866277304,5,258154__767087
767087,A. Gray,412968,M. Senesi,0.8895962417495435,0.3466929308865168,1.7153681848778004,1.1786164218444335,6,412968__767087
767087,A. Gray,234399,A. Webster,0.8616435443140841,0.3466929308865168,1.7153681848778004,1.1604471685113849,7,234399__767087
767087,A. Gray,415847,C. Romero,0.815368123759765,0.3466929308865168,1.7153681848778004,1.1303681451510774,8,415847__767087
767087,A. Gray,370,V. van Dijk,0.8806034114141357,0.3220090289071113,1.5220303869635656,1.1051028528564362,9,370__767087
767087,A. Gray,777938,Dean Huijsen,0.6414640726813419,0.35713046578561974,1.797120657186643,1.0459438772581973,10,767087__777938
767087,A. Gray,297957,M. Akanji,1.0316171340548594,0.2592973044633245,1.030837920007495,1.0313444091382817,11,297957__767087
767087,A. Gray,549884,T. Harwood-Bellis,0.5280011102542658,0.35067750590960756,1.746577552069064,0.9545028648894451,12,549884__767087
767087,A. Gray,590703,I. Zabarnyi,0.39541123979973586,0.35713046578561974,1.797120657186643,0.8860095358851533,13,590703__767087
767087,A. Gray,9097,L. Dunk,0.662036405346019,0.29351038308087124,1.2988134323597114,0.8849083648008114,14,9097__767087
767087,A. Gray,400549,Pau Torres,0.3908151907533809,0.29882281085826146,1.3404232673410676,0.7231780175590712,15,400549__767087
767087,A. Gray,349142,N. Mazraoui,0.4632834215516116,0.27584033522185586,1.1604119695378496,0.7072784133467949,16,349142__767087
767087,A. Gray,134102,N. Aké,0.7042408629986475,0.19928733150337855,0.5608070458511821,0.6540390269970346,17,134102__767087
767087,A. Gray,8582,A. Cresswell,0.3243488921161108,0.28784374823023195,1.2544292541807214,0.6498770188387245,18,8582__767087
767087,A. Gray,488453,L. Martínez,0.34540204614554326,0.23344264831917166,0.8283301362336497,0.5144268776763805,19,488453__767087
767087,A. Gray,62126,M. Doherty,0.19318478109818332,0.2654285055575448,1.0788608346631647,0.5031713998459268,20,62126__767087
767087,A. Gray,625787,M. van de Ven,0.27305857885083906,0.23616334924922455,0.8496401514426918,0.47486212925798754,21,625787__767087
767087,A. Gray,9380,J. Stones,0.4254434318223361,0.19928733150337855,0.5608070458511821,0.4728206967324322,22,9380__767087
767087,A. Gray,619747,L. Colwill,0.2564585613379781,0.23721698382580458,0.8578927927395273,0.46696054232852036,23,619747__767087
767087,A. Gray,283145,T. Adarabioyo,0.35232603423866937,0.20724041898368553,0.6230999694474885,0.447096911561756,24,283145__767087
767087,A. Gray,50102,F. Schär,0.045597781202873,0.2698185997883854,1.1132464497063155,0.4192748151790779,25,50102__767087
767087,A. Gray,622200,J. Quansah,0.4523030889824007,0.16930193813004518,0.3259450726822229,0.40807778327733846,26,622200__767087
767087,A. Gray,393247,I. Konaté,0.2444887543388309,0.21414088344062,0.6771481747839968,0.395919551494639,27,393247__767087
767087,A. Gray,415917,Gabriel Magalhaes,0.2896919742639636,0.19583721850240104,0.5337838770377267,0.3751241402347807,28,415917__767087
767087,A. Gray,397074,M. Guéhi,0.09799872286491837,0.22855355421293558,0.7900360817084051,0.3402117984601387,29,397074__767087
767087,A. Gray,578325,W. Saliba,0.4839573720559048,0.13597135518633038,0.06488174829728426,0.3372809037403876,30,578325__767087
767087,A. Gray,627012,Murillo,-0.020816660515002222,0.24026796563511252,0.8817897481309451,0.2950955825110793,31,627012__767087
767087,A. Gray,415953,Igor Julio,0.21924831124074448,0.16828066918134416,0.31794593665483223,0.25379248013567524,32,415953__767087
767087,A. Gray,8135,L. Shaw,0.10153273970226259,0.17332922738987547,0.35748900109795173,0.19111743119075378,33,8135__767087
767087,A. Gray,653730,A. Khusanov,0.10896526675302665,0.17037434084392983,0.3343447162779839,0.18784807408676168,34,653730__767087
767087,A. Gray,386292,A. Disasi,0.3963589102634941,0.08731186599723435,-0.3162459395091438,0.14694721284307088,35,386292__767087
767087,A. Gray,482177,J. Kiwior,0.054719285976487314,0.1670966441950733,0.3086720064750726,0.14360273815099217,36,482177__767087
767087,A. Gray,604320,J. Branthwaite,0.022874417153295107,0.16316081195254412,0.2778444193551222,0.11211391792393459,37,604320__767087
767087,A. Gray,447424,C. Bassey,0.018013953004777997,0.13035543948310468,0.020894830173905084,0.019022260013972475,38,447424__767087
767087,A. Gray,270866,Diego Carlos,0.07301421577547851,0.07195363132031098,-0.4365400192200339,-0.10532976647295081,39,270866__767087
767087,A. Gray,623641,E. Agbadou,-0.11372756639589968,0.11362519290021861,-0.1101455959141605,-0.11247387672729095,40,623641__767087
767087,A. Gray,594120,J. O'Brien,0.010979141251099292,0.07687433109813141,-0.3979984118179865,-0.13216300232308073,41,594120__767087
767087,A. Gray,8136,J. Stephens,-0.04911410974291658,0.08731186599723435,-0.3162459395091438,-0.1426102501610961,42,8136__767087
767087,A. Gray,8360,C. Dawson,-0.06703648998911027,0.08731186599723435,-0.3162459395091438,-0.154259797321122,43,8360__767087
767087,A. Gray,255738,J. Lerma,-0.3798529062491048,0.1578431342822412,0.2361934643459894,-0.16423667654082183,44,255738__767087
767087,A. Gray,71703,V. Lindelöf,-0.08279706386534244,0.08338990269630259,-0.34696489750594806,-0.1752558056395544,45,71703__767087
767087,A. Gray,402884,K. Walker-Peters,-0.06252093298052427,0.07687433109813141,-0.3979984118179865,-0.17993805057363604,46,402884__767087
767087,A. Gray,413002,K. Mavropanos,-0.06580065964808843,0.07293289053083904,-0.4288699263996731,-0.19287490301114305,47,413002__767087
767087,A. Gray,136441,B. Davies,-0.06297401342171347,0.06629552820494573,-0.4808573721899606,-0.20923318899059995,48,136441__767087
767087,A. Gray,475597,S. Botman,0.09051312798207456,0.019315158120236244,-0.8488332823581259,-0.2382581156369956,49,475597__767087
767087,A. Gray,7953,C. Coady,-0.16093095195756038,0.07687433109813141,-0.3979984118179865,-0.24390456290870954,50,7953__767087
767087,A. Gray,15806,J. Vestergaard,-0.1047445084124384,0.06332088944945322,-0.5041563670999669,-0.24453865895307336,51,15806__767087
767087,A. Gray,285382,W. Faes,-0.20574672239828673,0.07395445628319859,-0.4208684656439716,-0.28103933253427643,52,285382__767087
767087,A. Gray,239411,T. Mings,-0.04456069061261024,0.01641802702985022,-0.8715251949152016,-0.3339982671185172,53,239411__767087
767087,A. Gray,545267,R. Drăgușin,-0.15554485115011427,0.03862804395489126,-0.6975642155081391,-0.3452516286754229,54,545267__767087
767087,A. Gray,496001,M. Kilman,-0.18775148630016397,0.020135649515824743,-0.8424067457528919,-0.41688082710861873,55,496001__767087
767087,A. Gray,412027,E. Konsa,-0.2123518018735786,0.010437534899102945,-0.9183676746806287,-0.4594573573560462,56,412027__767087
767087,A. Gray,399581,D. O'Shea,-0.3045040352380345,0.031664828731554726,-0.7521039191095379,-0.4611639945930607,57,399581__767087
767087,A. Gray,769441,L. Yoro,-0.1817314836866701,0.002279058975417566,-0.9822693127092377,-0.46191972384456875,58,767087__769441
767087,A. Gray,240032,J. Bednarek,-0.22908499617222167,0.010437534899102945,-0.9183676746806287,-0.4703339336501642,59,240032__767087
767087,A. Gray,590874,Toti,-0.23434898479300795,0.01116871080351425,-0.9126407057692801,-0.4717510871347032,60,590874__767087
767087,A. Gray,327391,J. Bree,-0.3682053204928003,0.03184549238813583,-0.7506888627073667,-0.5020745602678985,61,327391__767087
767087,A. Gray,8653,H. Maguire,-0.3114969428891744,0.010437534899102945,-0.9183676746806287,-0.5239016990161834,62,8653__767087
767087,A. Gray,557788,W. Fofana,-0.3122623617565428,0.0,-1.0001201469894714,-0.5530125865880677,63,557788__767087
767087,A. Gray,288080,C. Burgess,-0.5168659294742493,0.04487664705616696,-0.6486217442307597,-0.562980464639028,64,288080__767087
767087,A. Gray,9433,J. Tarkowski,-0.38243540430378364,0.010437534899102945,-0.9183676746806287,-0.5700116989356794,65,9433__767087
767087,A. Gray,286380,I. Diop,-0.34426546393307444,0.0,-1.0001201469894714,-0.5738146030028133,66,286380__767087
767087,A. Gray,479155,N. Collins,-0.3507175853925427,0.0,-1.0001201469894714,-0.5780084819514677,67,479155__767087
767087,A. Gray,346131,T. Chalobah,-0.3547336726498908,0.0,-1.0001201469894714,-0.5806189386687439,68,346131__767087
767087,A. Gray,366217,K. Danso,-0.36713397619695715,0.0,-1.0001201469894714,-0.5886791359743371,69,366217__767087
767087,A. Gray,620468,J. Greaves,-0.4172208654375054,0.0,-1.0001201469894714,-0.6212356139806935,70,620468__767087
767087,A. Gray,645877,Y. Mosquera,-0.43245175435648825,0.0,-1.0001201469894714,-0.6311356917780323,71,645877__767087
767087,A. Gray,504375,M. Lacroix,-0.48599734934296573,0.006864327515649884,-0.9463549859081681,-0.6471225221407866,72,504375__767087
767087,A. Gray,192792,D. Burn,-0.48212069711176414,0.0,-1.0001201469894714,-0.6634205045689616,73,192792__767087
767087,A. Gray,424241,N. Milenković,-0.5693362122621852,0.010437534899102945,-0.9183676746806287,-0.6914972241086405,74,424241__767087
767087,A. Gray,365443,M. de Ligt,-0.5302738199567728,0.0,-1.0001201469894714,-0.6947200344182173,75,365443__767087
767087,A. Gray,501419,J. Todibo,-0.543801089287774,0.0,-1.0001201469894714,-0.7035127594833681,76,501419__767087
767087,A. Gray,583655,C. Okoli,-0.5462226848406547,0.0,-1.0001201469894714,-0.7050867965927405,77,583655__767087
767087,A. Gray,424806,E. Pinnock,-0.5494760553356586,0.0,-1.0001201469894714,-0.707201487414493,78,424806__767087
767087,A. Gray,518805,L. Woolfenden,-0.5538051083046035,0.0,-1.0001201469894714,-0.7100153718443072,79,518805__767087
767087,A. Gray,558243,S. van den Berg,-0.5661138281339643,0.0,-1.0001201469894714,-0.7180160397333917,80,558243__767087
767087,A. Gray,520300,N. Wood,-0.5840189762317283,0.0,-1.0001201469894714,-0.7296543859969383,81,520300__767087
767087,A. Gray,7919,M. Keane,-0.6348233304892845,0.010437534899102945,-0.9183676746806287,-0.734063850956255,82,7919__767087
767087,A. Gray,364003,S. Bueno,-0.6026916662113957,0.0,-1.0001201469894714,-0.7417916344837221,83,364003__767087
767087,A. Gray,563725,Morato,-0.7277471136774551,0.010437534899102945,-0.9183676746806287,-0.794464310028566,84,563725__767087
767087,A. Gray,534563,C. Richards,-0.7128579286279297,0.0,-1.0001201469894714,-0.8133997050544692,85,534563__767087
767087,A. Gray,488709,L. Thomas,-0.7428835603367836,0.0,-1.0001201469894714,-0.8329163656652243,86,488709__767087
767087,A. Gray,508021,Jorge Cuenca,-0.8594055142039948,0.0,-1.0001201469894714,-0.9086556356789116,87,508021__767087
769441,L. Yoro,568412,J. Gvardiol,1.7277132765753525,0.18473285458696856,1.5817417667181488,1.6766232481253311,1,568412__769441
769441,L. Yoro,145787,J. Andersen,1.1225314115584175,0.18473285458696856,1.5817417667181488,1.2832550358643235,2,145787__769441
769441,L. Yoro,258154,Rúben Dias,1.0398136034812024,0.18473285458696856,1.5817417667181488,1.2294884606141336,3,258154__769441
769441,L. Yoro,297957,M. Akanji,1.0249568962035234,0.18473285458696856,1.5817417667181488,1.2198316008836423,4,297957__769441
769441,L. Yoro,590781,J. van Hecke,0.9594979825724956,0.18473285458696856,1.5817417667181488,1.1772833070234743,5,590781__769441
769441,L. Yoro,257899,J. Gomez,0.9307469362439561,0.18473285458696856,1.5817417667181488,1.1585951269099235,6,257899__769441
769441,L. Yoro,370,V. van Dijk,0.8518316182140635,0.18473285458696856,1.5817417667181488,1.1073001701904932,7,370__769441
769441,L. Yoro,234399,A. Webster,0.7593376122129236,0.18473285458696856,1.5817417667181488,1.0471790662897524,8,234399__769441
769441,L. Yoro,415847,C. Romero,0.7327410986622482,0.18473285458696856,1.5817417667181488,1.0298913324818133,9,415847__769441
769441,L. Yoro,412968,M. Senesi,0.7361925888793405,0.18357331768413132,1.5657753603321363,1.0265465588878189,10,412968__769441
769441,L. Yoro,9097,L. Dunk,0.5794093802485026,0.18473285458696856,1.5817417667181488,0.9302257155128788,11,9097__769441
769441,L. Yoro,134102,N. Aké,0.6944172978916558,0.16204441767600103,1.269330145235875,0.8956367944621325,12,134102__769441
769441,L. Yoro,777938,Dean Huijsen,0.4873349565876554,0.18473285458696856,1.5817417667181488,0.8703773401333281,13,769441__777938
769441,L. Yoro,549884,T. Harwood-Bellis,0.42300143876095664,0.18473285458696856,1.5817417667181488,0.8285605535459739,14,549884__769441
769441,L. Yoro,9380,J. Stones,0.4137004221995025,0.16204441767600103,1.269330145235875,0.7131708252622329,15,9380__769441
769441,L. Yoro,590703,I. Zabarnyi,0.23608680642310848,0.18357331768413132,1.5657753603321363,0.7014778002912682,16,590703__769441
769441,L. Yoro,400549,Pau Torres,0.23763392788944052,0.17713949834616502,1.4771839805211087,0.6714764463105243,17,400549__769441
769441,L. Yoro,393247,I. Konaté,0.1417129570438831,0.1788737263354433,1.501063676609316,0.6174857088917846,18,393247__769441
769441,L. Yoro,578325,W. Saliba,0.58075341231725,0.11472849214962119,0.6178068572439532,0.5937221180415961,19,578325__769441
769441,L. Yoro,415917,Gabriel Magalhaes,0.167161288754689,0.16903183957412646,1.36554443332193,0.5865953893532233,20,415917__769441
769441,L. Yoro,283145,T. Adarabioyo,0.2598072951845646,0.15351781047767563,1.1519218287870856,0.5720473819454469,21,283145__769441
769441,L. Yoro,488453,L. Martínez,0.24674557537625139,0.14693633251575708,1.0612972427963734,0.5318386589732941,22,488453__769441
769441,L. Yoro,349142,N. Mazraoui,0.3800716575945403,0.11982338852928062,0.6879617491609078,0.48783318964276895,23,349142__769441
769441,L. Yoro,8582,A. Cresswell,0.17106136814858638,0.1434110528626926,1.0127554090458095,0.4656542824626144,24,8582__769441
769441,L. Yoro,482177,J. Kiwior,0.039029652489767475,0.15629131605746707,1.190112003754755,0.4419084754325131,25,482177__769441
769441,L. Yoro,62126,M. Doherty,0.033860347721555994,0.14628568679175807,1.0523380850349686,0.3903275557812504,26,62126__769441
769441,L. Yoro,625787,M. van de Ven,0.1995466856284118,0.10216818878078811,0.44485599433679685,0.28540494367634656,27,625787__769441
769441,L. Yoro,619747,L. Colwill,0.17383153624046158,0.10322182335736815,0.45936416375414624,0.2737679558702512,28,619747__769441
769441,L. Yoro,386292,A. Disasi,0.36765135956101547,0.06606900296052516,-0.052216819473774656,0.22069749689883894,29,386292__769441
769441,L. Yoro,50102,F. Schär,-0.08815714754283484,0.11982338852928062,0.6879617491609078,0.1834844663034751,30,50102__769441
769441,L. Yoro,627012,Murillo,-0.18014109389162983,0.11963263859106998,0.6853351910719624,0.12277560584562741,31,627012__769441
769441,L. Yoro,397074,M. Guéhi,-0.06030741747815887,0.09242889546143766,0.3107494258706839,0.06956247769393609,32,397074__769441
769441,L. Yoro,622200,J. Quansah,0.3862217183338408,0.024869242762505787,-0.6195227091942843,0.03421116869899701,33,622200__769441
769441,L. Yoro,604320,J. Branthwaite,-0.13645001622333222,0.08759790296865544,0.24422839562248658,-0.003212572077295639,34,604320__769441
769441,L. Yoro,8136,J. Stephens,-0.023745735562645892,0.0650344278424327,-0.0664625469981878,-0.038696619565085556,35,8136__769441
769441,L. Yoro,71703,V. Lindelöf,-0.038685950900261806,0.06490946605768792,-0.06818322585978724,-0.049009997136095704,36,71703__769441
769441,L. Yoro,402884,K. Walker-Peters,-0.048892209860644076,0.06490946605768792,-0.06818322585978724,-0.055644065460344186,37,402884__769441
769441,L. Yoro,594120,J. O'Brien,-0.07734430863834238,0.06490946605768792,-0.06818322585978724,-0.07413792966584809,38,594120__769441
769441,L. Yoro,653730,A. Khusanov,0.0020578472758502053,0.04911636613649033,-0.2856485353464825,-0.09863938664196623,39,653730__769441
769441,L. Yoro,8360,C. Dawson,-0.18354630041099004,0.06490946605768792,-0.06818322585978724,-0.14316922431806905,40,8360__769441
769441,L. Yoro,7953,C. Coady,-0.19321670075851202,0.06490946605768792,-0.06818322585978724,-0.14945498454395834,41,7953__769441
769441,L. Yoro,415953,Igor Julio,0.10971831496336631,0.023847973813804758,-0.6335852155487417,-0.15043792071587148,42,415953__769441
769441,L. Yoro,413002,K. Mavropanos,-0.18278663452441313,0.06249535563173609,-0.10142465873453495,-0.15430994299795575,43,413002__769441
769441,L. Yoro,15806,J. Vestergaard,-0.17529406331915112,0.054042891453187504,-0.21781205244982074,-0.19017535951488548,44,15806__769441
769441,L. Yoro,8135,L. Shaw,-0.005229737395165759,0.028896532022336073,-0.5640683835931438,-0.20082326356445807,45,8135__769441
769441,L. Yoro,285382,W. Faes,-0.29168785420206933,0.06490946605768792,-0.06818322585978724,-0.2134612342822706,46,285382__769441
769441,L. Yoro,270866,Diego Carlos,-0.05013998210507192,0.023847973813804758,-0.6335852155487417,-0.2543458138103563,47,270866__769441
769441,L. Yoro,447424,C. Bassey,-0.10921162673788837,0.023847973813804758,-0.6335852155487417,-0.292742382821687,48,447424__769441
769441,L. Yoro,475597,S. Botman,-0.050826293497110264,0.008877623221133297,-0.8397215624979583,-0.326939637647407,49,475597__769441
769441,L. Yoro,136441,B. Davies,-0.19209831186929277,0.023847973813804758,-0.6335852155487417,-0.3466187281570999,50,136441__769441
769441,L. Yoro,545267,R. Drăgușin,-0.3049775705701534,0.03862804395489126,-0.43006896202638006,-0.34875955757983274,51,545267__769441
769441,L. Yoro,623641,E. Agbadou,-0.22483726390510592,0.023847973813804758,-0.6335852155487417,-0.36789904698037845,52,623641__769441
769441,L. Yoro,239411,T. Mings,-0.19449871373909144,0.005980492130747278,-0.8796140163124686,-0.43428906963977343,53,239411__769441
769441,L. Yoro,240032,J. Bednarek,-0.17334772873594115,0.0011595369028372406,-0.9459968370310156,-0.4437749166392172,54,240032__769441
769441,L. Yoro,412027,E. Konsa,-0.16824068890849797,0.0,-0.9619632434170281,-0.4460435829864835,55,412027__769441
769441,L. Yoro,327391,J. Bree,-0.40550017252496523,0.03184549238813583,-0.5234622592849015,-0.4467869028909429,56,327391__769441
769441,L. Yoro,767087,A. Gray,-0.1817314836866701,0.0011595369028372406,-0.9459968370310156,-0.449224357357191,57,767087__769441
769441,L. Yoro,496001,M. Kilman,-0.29686198383721357,0.009698114616721796,-0.8284236908854741,-0.48290858130410474,58,496001__769441
769441,L. Yoro,590874,Toti,-0.37534054768202396,0.01232824770635149,-0.7922077035757359,-0.5212440522448232,59,590874__769441
769441,L. Yoro,399581,D. O'Shea,-0.4545214935176286,0.021227293832451782,-0.6696710369551889,-0.5298238337207747,60,399581__769441
769441,L. Yoro,255738,J. Lerma,-0.5199786505721107,0.022688436910967516,-0.6495516219347544,-0.565329190549036,61,255738__769441
769441,L. Yoro,8653,H. Maguire,-0.37687214794158824,0.0,-0.9619632434170281,-0.5816540313579922,62,8653__769441
769441,L. Yoro,557788,W. Fofana,-0.41218075156491774,0.0011595369028372406,-0.9459968370310156,-0.599016381478052,63,557788__769441
769441,L. Yoro,479155,N. Collins,-0.4292562997810562,0.0,-0.9619632434170281,-0.6157037300536463,64,479155__769441
769441,L. Yoro,346131,T. Chalobah,-0.4504377484227981,0.0,-0.9619632434170281,-0.6294716716707787,65,346131__769441
769441,L. Yoro,286380,I. Diop,-0.4569214217733949,0.0,-0.9619632434170281,-0.6336860593486665,66,286380__769441
769441,L. Yoro,366217,K. Danso,-0.4838452323473186,0.0011595369028372406,-0.9459968370310156,-0.6455982939866125,67,366217__769441
769441,L. Yoro,620468,J. Greaves,-0.4812697814353418,0.0,-0.9619632434170281,-0.649512493128932,68,620468__769441
769441,L. Yoro,9433,J. Tarkowski,-0.48498712210586226,0.0,-0.9619632434170281,-0.6519287645647702,69,9433__769441
769441,L. Yoro,288080,C. Burgess,-0.656991673797255,0.022688436910967516,-0.6495516219347544,-0.6543876556453798,70,288080__769441
769441,L. Yoro,645877,Y. Mosquera,-0.5052923925562841,0.0,-0.9619632434170281,-0.6651271903575445,71,645877__769441
769441,L. Yoro,192792,D. Burn,-0.5118334304148011,0.0,-0.9619632434170281,-0.6693788649655805,72,192792__769441
769441,L. Yoro,520300,N. Wood,-0.5207091742130263,0.0,-0.9619632434170281,-0.6751480984344269,73,520300__769441
769441,L. Yoro,365443,M. de Ligt,-0.5555204823407346,0.0011595369028372406,-0.9459968370310156,-0.6921872064823329,74,365443__769441
769441,L. Yoro,501419,J. Todibo,-0.5663497884718405,0.0,-0.9619632434170281,-0.7048144977026561,75,501419__769441
769441,L. Yoro,424806,E. Pinnock,-0.572024754519725,0.0,-0.9619632434170281,-0.7085032256337811,76,424806__769441
769441,L. Yoro,518805,L. Woolfenden,-0.5763538074886698,0.0,-0.9619632434170281,-0.7113171100635952,77,518805__769441
769441,L. Yoro,558243,S. van den Berg,-0.5886625273180307,0.0,-0.9619632434170281,-0.7193177779526798,78,558243__769441
769441,L. Yoro,583655,C. Okoli,-0.600882565545518,0.0,-0.9619632434170281,-0.7272608028005465,79,583655__769441
769441,L. Yoro,424241,N. Milenković,-0.60177662540284,0.0,-0.9619632434170281,-0.7278419417078059,80,424241__769441
769441,L. Yoro,504375,M. Lacroix,-0.6178099771901144,0.0,-0.9619632434170281,-0.7382636203695343,81,504375__769441
769441,L. Yoro,364003,S. Bueno,-0.6252403653954621,0.0,-0.9619632434170281,-0.7430933727030102,82,364003__769441
769441,L. Yoro,7919,M. Keane,-0.6672637436299391,0.0,-0.9619632434170281,-0.7704085685554203,83,7919__769441
769441,L. Yoro,563725,Morato,-0.76018752681811,0.0,-0.9619632434170281,-0.8308090276277313,84,563725__769441
769441,L. Yoro,488709,L. Thomas,-0.7778780392063434,0.0,-0.9619632434170281,-0.842307860680083,85,488709__769441
769441,L. Yoro,534563,C. Richards,-0.7798818522881599,0.0,-0.9619632434170281,-0.8436103391832638,86,534563__769441
769441,L. Yoro,508021,Jorge Cuenca,-0.9111198897645927,0.0,-0.9619632434170281,-0.9289150635429451,87,508021__769441
777938,Dean Huijsen,568412,J. Gvardiol,1.8574649983485279,0.3040618524392414,1.6426047366144878,1.7822639067416137,1,568412__777938
777938,Dean Huijsen,297957,M. Akanji,1.3369127795793523,0.3040618524392414,1.6426047366144878,1.4439049645416497,2,297957__777938
777938,Dean Huijsen,258154,Rúben Dias,1.281707832089086,0.3040618524392414,1.6426047366144878,1.4080217486729767,3,258154__777938
777938,Dean Huijsen,134102,N. Aké,1.1453525660550394,0.3040618524392414,1.6426047366144878,1.3193908257508462,4,134102__777938
777938,Dean Huijsen,578325,W. Saliba,1.1134936206397508,0.3040618524392414,1.6426047366144878,1.2986825112309086,5,578325__777938
777938,Dean Huijsen,370,V. van Dijk,1.112701850941093,0.3040618524392414,1.6426047366144878,1.2981678609267813,6,370__777938
777938,Dean Huijsen,386292,A. Disasi,0.9713346353130013,0.3040618524392414,1.6426047366144878,1.2062791707685216,7,386292__777938
777938,Dean Huijsen,622200,J. Quansah,0.89721886590347,0.2841395854260488,1.4785400026002524,1.1006812637473438,8,622200__777938
777938,Dean Huijsen,767087,A. Gray,0.6414640726813419,0.3040618524392414,1.6426047366144878,0.9918633050579428,9,767087__777938
777938,Dean Huijsen,8136,J. Stephens,0.6328206492727592,0.3040618524392414,1.6426047366144878,0.9862450798423641,10,8136__777938
777938,Dean Huijsen,71703,V. Lindelöf,0.6322178360036529,0.3040618524392414,1.6426047366144878,0.9858532512174452,11,71703__777938
777938,Dean Huijsen,240032,J. Bednarek,0.6024739140785135,0.3040618524392414,1.6426047366144878,0.9665197019661045,12,240032__777938
777938,Dean Huijsen,625787,M. van de Ven,0.6952169759539025,0.2825977343307512,1.4658424822993728,0.964935903174817,13,625787__777938
777938,Dean Huijsen,412027,E. Konsa,0.5937951228810575,0.3040618524392414,1.6426047366144878,0.9608784876877581,14,412027__777938
777938,Dean Huijsen,402884,K. Walker-Peters,0.5824140082695735,0.3040618524392414,1.6426047366144878,0.9534807631902935,15,402884__777938
777938,Dean Huijsen,9380,J. Stones,0.826227551446816,0.23434255075747604,1.0684492613112773,0.9110051498993775,16,9380__777938
777938,Dean Huijsen,9097,L. Dunk,0.8765233368980543,0.21920596356003139,0.9437957692770861,0.9000686882307154,17,9097__777938
777938,Dean Huijsen,283145,T. Adarabioyo,0.7419007498779274,0.2416929174157062,1.1289813257540973,0.8773789514345869,18,283145__777938
777938,Dean Huijsen,482177,J. Kiwior,0.5896899055620164,0.26797782646903107,1.3454439707716752,0.854203828385397,19,482177__777938
777938,Dean Huijsen,520300,N. Wood,0.30768169943792706,0.3040618524392414,1.6426047366144878,0.7749047624497233,20,520300__777938
777938,Dean Huijsen,415953,Igor Julio,0.633125210208898,0.2184391231225671,0.937480651006629,0.7396496144881038,21,415953__777938
777938,Dean Huijsen,769441,L. Yoro,0.4873349565876554,0.250152222002496,1.1986457648492068,0.7362937394791984,22,769441__777938
777938,Dean Huijsen,488453,L. Martínez,0.6896075309340607,0.19832422246902384,0.7718295319215883,0.7183852312796953,23,488453__777938
777938,Dean Huijsen,7953,C. Coady,0.5001862640733438,0.24078273262627367,1.1214857317394618,0.717641077756485,24,7953__777938
777938,Dean Huijsen,475597,S. Botman,0.6515994471391001,0.1843804550902832,0.6569992023895854,0.65348936147677,25,475597__777938
777938,Dean Huijsen,393247,I. Konaté,0.6080433004278518,0.190417065276159,0.7067121614538072,0.6425774017869362,26,393247__777938
777938,Dean Huijsen,594120,J. O'Brien,0.5747243447997955,0.18764415084118405,0.6838765339161812,0.6129276109905305,27,594120__777938
777938,Dean Huijsen,590781,J. van Hecke,0.9336034635211724,0.06600214968423904,-0.31787505146101447,0.49558598327740705,28,590781__777938
777938,Dean Huijsen,557788,W. Fofana,0.36584503144305036,0.19208284537629058,0.7204302673738472,0.48994986401882923,29,557788__777938
777938,Dean Huijsen,415917,Gabriel Magalhaes,0.5879669299363058,0.1391512466772751,0.2845256258111421,0.4817624734924985,30,415917__777938
777938,Dean Huijsen,558243,S. van den Berg,0.2075901869187669,0.20883603322691824,0.858396860572483,0.43537252269756754,31,558243__777938
777938,Dean Huijsen,15806,J. Vestergaard,0.42342979380422757,0.143969101866546,0.32420183984960466,0.38870000992010956,32,15806__777938
777938,Dean Huijsen,653730,A. Khusanov,0.4759371424176865,0.1312178032560902,0.21919178183385965,0.3860762662133471,33,653730__777938
777938,Dean Huijsen,270866,Diego Carlos,0.4642167824406217,0.11107979399632002,0.05335035773325285,0.3204135337930426,34,270866__777938
777938,Dean Huijsen,619747,L. Colwill,0.5277535948029978,0.09597343855193168,-0.07105416843170878,0.3181708776708505,35,619747__777938
777938,Dean Huijsen,400549,Pau Torres,0.5148971491096771,0.08967475580397315,-0.12292535904468235,0.29165927125565133,36,400549__777938
777938,Dean Huijsen,145787,J. Andersen,0.8919290553292453,0.0,-0.8614188723093984,0.27825728065572003,37,145787__777938
777938,Dean Huijsen,415847,C. Romero,0.7553163685267448,0.030378061776006594,-0.6112481150432635,0.27701879927724193,38,415847__777938
777938,Dean Huijsen,239411,T. Mings,0.38850321018065265,0.11140935969494774,0.0560644117437611,0.2721496307277406,39,239411__777938
777938,Dean Huijsen,257899,J. Gomez,0.8480609875746438,0.0,-0.8614188723093984,0.24974303661522906,40,257899__777938
777938,Dean Huijsen,349142,N. Mazraoui,0.622956403368282,0.049658646815021,-0.4524677887897292,0.24655793611297808,41,349142__777938
777938,Dean Huijsen,192792,D. Burn,0.21790768448318804,0.12333002279754024,0.15423398350509915,0.19562188914085693,42,192792__777938
777938,Dean Huijsen,234399,A. Webster,0.7203363674833694,0.0,-0.8614188723093984,0.1667220335559007,43,234399__777938
777938,Dean Huijsen,447424,C. Bassey,0.3881017789697434,0.07067162577170807,-0.2794207755611318,0.1544688848839371,44,447424__777938
777938,Dean Huijsen,549884,T. Harwood-Bellis,0.5292514086466562,0.019018925611532126,-0.704793375340291,0.09733573425122474,45,549884__777938
777938,Dean Huijsen,496001,M. Kilman,0.2852117102954679,0.059281781483608686,-0.3732189247553547,0.05476098802767998,46,496001__777938
777938,Dean Huijsen,412968,M. Senesi,0.4778859123555043,0.0,-0.8614188723093984,0.009129237722788397,47,412968__777938
777938,Dean Huijsen,285382,W. Faes,0.25840414347724094,0.040470701308082946,-0.5281327638016022,-0.01688377407035413,48,285382__777938
777938,Dean Huijsen,136441,B. Davies,0.30847463152557936,0.020827989571290693,-0.6898952918452759,-0.04095484165421995,49,136441__777938
777938,Dean Huijsen,620468,J. Greaves,0.1721290021103588,0.042913602803011854,-0.508014873416784,-0.06592135432414115,50,620468__777938
777938,Dean Huijsen,365443,M. de Ligt,0.10452349338357278,0.04393083681874393,-0.4996377028813827,-0.10693292530916164,51,365443__777938
777938,Dean Huijsen,413002,K. Mavropanos,0.24732447125852358,0.0,-0.8614188723093984,-0.1407356989902491,52,413002__777938
777938,Dean Huijsen,8360,C. Dawson,0.22340099849760187,0.0,-0.8614188723093984,-0.1562859562848482,53,8360__777938
777938,Dean Huijsen,62126,M. Doherty,0.22339163510592683,0.0,-0.8614188723093984,-0.15629204248943698,54,62126__777938
777938,Dean Huijsen,8135,L. Shaw,0.1901265266706137,0.0,-0.8614188723093984,-0.17791436297239052,55,8135__777938
777938,Dean Huijsen,501419,J. Todibo,0.08221083889159195,0.01896597678456833,-0.7052294218608213,-0.19339325237175264,56,501419__777938
777938,Dean Huijsen,364003,S. Bueno,0.03201467312363662,0.030143341610314404,-0.6131810929280879,-0.19380384499446696,57,364003__777938
777938,Dean Huijsen,8582,A. Cresswell,0.15846387645647747,0.0,-0.8614188723093984,-0.19849508561157908,58,8582__777938
777938,Dean Huijsen,645877,Y. Mosquera,0.13192218328821642,0.004379715002347387,-0.8253508497072292,-0.2031233782601895,59,645877__777938
777938,Dean Huijsen,327391,J. Bree,0.1347758696740422,0.0,-0.8614188723093984,-0.21389229002016197,60,327391__777938
777938,Dean Huijsen,590703,I. Zabarnyi,0.13072753553111766,0.0,-0.8614188723093984,-0.21652370721306294,61,590703__777938
777938,Dean Huijsen,590874,Toti,0.1283730606074029,0.0,-0.8614188723093984,-0.21805411591347754,62,590874__777938
777938,Dean Huijsen,366217,K. Danso,0.12235881720199268,0.0,-0.8614188723093984,-0.22196337412699418,63,366217__777938
777938,Dean Huijsen,623641,E. Agbadou,0.09271649651626965,0.0,-0.8614188723093984,-0.24123088257271413,64,623641__777938
777938,Dean Huijsen,286380,I. Diop,0.0839348427892481,0.0,-0.8614188723093984,-0.24693895749527817,65,286380__777938
777938,Dean Huijsen,8653,H. Maguire,0.07601478961322009,0.0,-0.8614188723093984,-0.25208699205969637,66,8653__777938
777938,Dean Huijsen,397074,M. Guéhi,0.06438631067028769,0.0,-0.8614188723093984,-0.2596455033726024,67,397074__777938
777938,Dean Huijsen,479155,N. Collins,0.04654484801384289,0.0,-0.8614188723093984,-0.27124245409929154,68,479155__777938
777938,Dean Huijsen,518805,L. Woolfenden,0.040448006024894845,0.0,-0.8614188723093984,-0.27520540139210775,69,518805__777938
777938,Dean Huijsen,545267,R. Drăgușin,0.04007731366153219,0.0,-0.8614188723093984,-0.2754463514282935,70,545267__777938
777938,Dean Huijsen,604320,J. Branthwaite,0.014892855719059073,0.0,-0.8614188723093984,-0.29181624909090104,71,604320__777938
777938,Dean Huijsen,424806,E. Pinnock,-0.0011748253701697048,0.0,-0.8614188723093984,-0.3022602417988997,72,424806__777938
777938,Dean Huijsen,346131,T. Chalobah,-0.005360968112241354,0.0,-0.8614188723093984,-0.3049812345812463,73,346131__777938
777938,Dean Huijsen,50102,F. Schär,-0.05319882612573146,0.0,-0.8614188723093984,-0.33607584229001486,74,50102__777938
777938,Dean Huijsen,583655,C. Okoli,-0.08555132136307776,0.0,-0.8614188723093984,-0.35710496419428994,75,583655__777938
777938,Dean Huijsen,627012,Murillo,-0.11470930433563067,0.0,-0.8614188723093984,-0.37605765312644934,76,627012__777938
777938,Dean Huijsen,9433,J. Tarkowski,-0.16300670132771283,0.0,-0.8614188723093984,-0.40745096117130275,77,9433__777938
777938,Dean Huijsen,399581,D. O'Shea,-0.16381620270550978,0.0,-0.8614188723093984,-0.4079771370668708,78,399581__777938
777938,Dean Huijsen,424241,N. Milenković,-0.18402017166112647,0.0,-0.8614188723093984,-0.4211097168880216,79,424241__777938
777938,Dean Huijsen,504375,M. Lacroix,-0.22408606817205473,0.0,-0.8614188723093984,-0.44715254962012496,80,504375__777938
777938,Dean Huijsen,255738,J. Lerma,-0.2919101677579079,0.0,-0.8614188723093984,-0.49123821435092957,81,255738__777938
777938,Dean Huijsen,7919,M. Keane,-0.29970972439277077,0.0,-0.8614188723093984,-0.49630792616359043,82,7919__777938
777938,Dean Huijsen,288080,C. Burgess,-0.3382707406033775,0.0,-0.8614188723093984,-0.5213725867004848,83,288080__777938
777938,Dean Huijsen,534563,C. Richards,-0.38259125196410504,0.0,-0.8614188723093984,-0.5501809190849577,84,534563__777938
777938,Dean Huijsen,563725,Morato,-0.3926335075809413,0.0,-0.8614188723093984,-0.5567083852359013,85,563725__777938
777938,Dean Huijsen,488709,L. Thomas,-0.43400863772243364,0.0,-0.8614188723093984,-0.5836022198278713,86,488709__777938
777938,Dean Huijsen,508021,Jorge Cuenca,-0.5138292894405379,0.0,-0.8614188723093984,-0.635485643444639,87,508021__777938
