anchor_player_id,anchor_player_name,partner_player_id,partner_player_name,CB_pair_fit_z_score,coverage_gain_raw,coverage_gain_z_within_anchor,companion_fit_score,companion_rank_for_anchor,pair_key
370,V. van Dijk,192792,D. Burn,1.7257528513043954,0.0,0.0,1.121739353347857,1,370__192792
370,V. van Dijk,578325,W. Saliba,1.6866239837360573,0.0,0.0,1.0963055894284373,2,370__578325
370,V. van Dijk,62126,M. Doherty,1.682604363533415,0.0,0.0,1.0936928362967198,3,370__62126
370,V. van Dijk,475597,S. Botman,1.6747702238238291,0.0,0.0,1.088600645485489,4,370__475597
370,V. van Dijk,393247,I. Konaté,1.6738220306886638,0.0,0.0,1.0879843199476316,5,370__393247
370,V. van Dijk,136441,B. Davies,1.6451745019644262,0.0,0.0,1.069363426276877,6,370__136441
370,V. van Dijk,620468,J. Greaves,1.6209170436359852,0.0,0.0,1.0535960783633904,7,370__620468
370,V. van Dijk,424806,E. Pinnock,1.61396409114103,0.0,0.0,1.0490766592416696,8,370__424806
370,V. van Dijk,590781,J. van Hecke,1.588863315225418,0.0,0.0,1.0327611548965216,9,370__590781
370,V. van Dijk,496001,M. Kilman,1.5623125944307046,0.0,0.0,1.015503186379958,10,370__496001
370,V. van Dijk,623641,E. Agbadou,1.5606927011960583,0.0,0.0,1.014450255777438,11,370__623641
370,V. van Dijk,479155,N. Collins,1.554759435562983,0.0,0.0,1.010593633115939,12,370__479155
370,V. van Dijk,8360,C. Dawson,1.5450994230232276,0.0,0.0,1.004314624965098,13,370__8360
370,V. van Dijk,399581,D. O'Shea,1.542193818568082,0.0,0.0,1.0024259820692534,14,370__399581
370,V. van Dijk,145787,J. Andersen,1.524356347487682,0.0,0.0,0.9908316258669934,15,370__145787
370,V. van Dijk,240032,J. Bednarek,1.5154450211088157,0.0,0.0,0.9850392637207303,16,370__240032
370,V. van Dijk,7919,M. Keane,1.5108148473666516,0.0,0.0,0.9820296507883236,17,370__7919
370,V. van Dijk,8653,H. Maguire,1.504827700527108,0.0,0.0,0.9781380053426203,18,370__8653
370,V. van Dijk,366217,K. Danso,1.49744800796613,0.0,0.0,0.9733412051779846,19,370__366217
370,V. van Dijk,413002,K. Mavropanos,1.485554130407712,0.0,0.0,0.9656101847650128,20,370__413002
370,V. van Dijk,365443,M. de Ligt,1.4811005958473114,0.0,0.0,0.9627153873007525,21,370__365443
370,V. van Dijk,777938,Dean Huijsen,1.4656958407902212,0.0,0.0,0.9527022965136438,22,370__777938
370,V. van Dijk,568412,J. Gvardiol,1.4635930290011987,0.0,0.0,0.9513354688507791,23,370__568412
370,V. van Dijk,9433,J. Tarkowski,1.4597406192964388,0.0,0.0,0.9488314025426853,24,370__9433
370,V. van Dijk,590874,Toti,1.4437898562724711,0.0,0.0,0.9384634065771063,25,370__590874
370,V. van Dijk,415917,Gabriel Magalhaes,1.4363126843784522,0.0,0.0,0.9336032448459939,26,370__415917
370,V. van Dijk,627012,Murillo,1.433847497003008,0.0,0.0,0.9320008730519552,27,370__627012
370,V. van Dijk,625787,M. van de Ven,1.430145180520905,0.0,0.0,0.9295943673385882,28,370__625787
370,V. van Dijk,590703,I. Zabarnyi,1.4236769977901875,0.0,0.0,0.925390048563622,29,370__590703
370,V. van Dijk,604320,J. Branthwaite,1.4110466842001383,0.0,0.0,0.9171803447300899,30,370__604320
370,V. van Dijk,234399,A. Webster,1.4086063136734066,0.0,0.0,0.9155941038877143,31,370__234399
370,V. van Dijk,346131,T. Chalobah,1.4040608068692828,0.0,0.0,0.9126395244650338,32,370__346131
370,V. van Dijk,9097,L. Dunk,1.3795100170275567,0.0,0.0,0.8966815110679119,33,370__9097
370,V. van Dijk,545267,R. Drăgușin,1.35089847049736,0.0,0.0,0.8780840058232839,34,370__545267
370,V. van Dijk,769441,L. Yoro,1.3493014757198445,0.0,0.0,0.877045959217899,35,370__769441
370,V. van Dijk,412968,M. Senesi,1.3418264845553884,0.0,0.0,0.8721872149610025,36,370__412968
370,V. van Dijk,558243,S. van den Berg,1.3181754611320584,0.0,0.0,0.856814049735838,37,370__558243
370,V. van Dijk,397074,M. Guéhi,1.30265546803966,0.0,0.0,0.8467260542257791,38,370__397074
370,V. van Dijk,283145,T. Adarabioyo,1.2999248687299807,0.0,0.0,0.8449511646744875,39,370__283145
370,V. van Dijk,424241,N. Milenković,1.2728966279304081,0.0,0.0,0.8273828081547653,40,370__424241
370,V. van Dijk,534563,C. Richards,1.2637283482317527,0.0,0.0,0.8214234263506393,41,370__534563
370,V. van Dijk,15806,J. Vestergaard,1.2502472640332971,0.0,0.0,0.8126607216216432,42,370__15806
370,V. van Dijk,349142,N. Mazraoui,1.2491726836133723,0.0,0.0,0.811962244348692,43,370__349142
370,V. van Dijk,447424,C. Bassey,1.246211077801085,0.0,0.0,0.8100372005707054,44,370__447424
370,V. van Dijk,239411,T. Mings,1.2435108248650641,0.0,0.0,0.8082820361622918,45,370__239411
370,V. van Dijk,364003,S. Bueno,1.2371394405702685,0.0,0.0,0.8041406363706746,46,370__364003
370,V. van Dijk,412027,E. Konsa,1.2370115635286574,0.0,0.0,0.8040575162936273,47,370__412027
370,V. van Dijk,288080,C. Burgess,1.2296504648092723,0.0,0.0,0.799272802126027,48,370__288080
370,V. van Dijk,619747,L. Colwill,1.2278333663675671,0.0,0.0,0.7980916881389186,49,370__619747
370,V. van Dijk,557788,W. Fofana,1.2047447803852067,0.0,0.0,0.7830841072503844,50,370__557788
370,V. van Dijk,50102,F. Schär,1.1920491359168326,0.0,0.0,0.7748319383459412,51,370__50102
370,V. van Dijk,504375,M. Lacroix,1.1860658925722762,0.0,0.0,0.7709428301719796,52,370__504375
370,V. van Dijk,583655,C. Okoli,1.1690176478077203,0.0,0.0,0.7598614710750182,53,370__583655
370,V. van Dijk,286380,I. Diop,1.1593983677755884,0.0,0.0,0.7536089390541325,54,370__286380
370,V. van Dijk,415847,C. Romero,1.1421416043670443,0.0,0.0,0.7423920428385788,55,370__415847
370,V. van Dijk,501419,J. Todibo,1.133584690670234,0.0,0.0,0.7368300489356522,56,370__501419
370,V. van Dijk,258154,Rúben Dias,1.12981219163247,0.0,0.0,0.7343779245611055,57,370__258154
370,V. van Dijk,285382,W. Faes,1.1251243869759904,0.0,0.0,0.7313308515343938,58,370__285382
370,V. van Dijk,549884,T. Harwood-Bellis,1.1242406487603014,0.0,0.0,0.730756421694196,59,370__549884
370,V. van Dijk,400549,Pau Torres,1.040286981021764,0.0,0.0,0.6761865376641467,60,370__400549
370,V. van Dijk,7953,C. Coady,1.0393702132425797,0.0,0.0,0.6755906386076769,61,370__7953
370,V. van Dijk,297957,M. Akanji,1.0132676785742365,0.0,0.0,0.6586239910732538,62,370__297957
370,V. van Dijk,518805,L. Woolfenden,1.0097666487920842,0.0,0.0,0.6563483217148548,63,370__518805
370,V. van Dijk,488453,L. Martínez,0.9683567140362896,0.0,0.0,0.6294318641235883,64,370__488453
7919,M. Keane,370,V. van Dijk,1.5108148473666516,0.1631762971377956,1.1884936201728482,1.3980024178488204,1,370__7919
7919,M. Keane,62126,M. Doherty,1.235339009271909,0.1631762971377956,1.1884936201728482,1.2189431230872376,2,7919__62126
7919,M. Keane,578325,W. Saliba,1.1639568145381012,0.1631762971377956,1.1884936201728482,1.1725446965102626,3,7919__578325
7919,M. Keane,393247,I. Konaté,1.1511548614907074,0.1631762971377956,1.1884936201728482,1.1642234270294567,4,7919__393247
7919,M. Keane,623641,E. Agbadou,0.973761953520993,0.1631762971377956,1.1884936201728482,1.0489180368491424,5,7919__623641
7919,M. Keane,8360,C. Dawson,0.8128977201811233,0.1631762971377956,1.1884936201728482,0.944356285178227,6,7919__8360
7919,M. Keane,590781,J. van Hecke,0.810245746350533,0.1631762971377956,1.1884936201728482,0.9426325021883433,7,7919__590781
7919,M. Keane,590874,Toti,0.7758436759554768,0.1631762971377956,1.1884936201728482,0.9202711564315567,8,7919__590874
7919,M. Keane,475597,S. Botman,0.7554150760684741,0.1631762971377956,1.1884936201728482,0.906992566505005,9,7919__475597
7919,M. Keane,620468,J. Greaves,0.7163773819781046,0.1631762971377956,1.1884936201728482,0.8816180653462649,10,7919__620468
7919,M. Keane,240032,J. Bednarek,0.6881684899293614,0.1631762971377956,1.1884936201728482,0.8632822855145819,11,7919__240032
7919,M. Keane,365443,M. de Ligt,0.661577154458321,0.1631762971377956,1.1884936201728482,0.8459979174584056,12,7919__365443
7919,M. Keane,627012,Murillo,0.6489849276184456,0.1631762971377956,1.1884936201728482,0.8378129700124866,13,7919__627012
7919,M. Keane,136441,B. Davies,0.6463288273202679,0.1631762971377956,1.1884936201728482,0.836086504818671,14,7919__136441
7919,M. Keane,145787,J. Andersen,0.6391863064130099,0.1631762971377956,1.1884936201728482,0.8314438662289533,15,7919__145787
7919,M. Keane,496001,M. Kilman,0.6281408521297597,0.1631762971377956,1.1884936201728482,0.8242643209448406,16,7919__496001
7919,M. Keane,366217,K. Danso,0.6174126462613222,0.1631762971377956,1.1884936201728482,0.8172909871303563,17,7919__366217
7919,M. Keane,568412,J. Gvardiol,0.5518706819958783,0.1631762971377956,1.1884936201728482,0.7746887103578177,18,7919__568412
7919,M. Keane,625787,M. van de Ven,0.5297199326227237,0.1631762971377956,1.1884936201728482,0.7602907232652673,19,7919__625787
7919,M. Keane,777938,Dean Huijsen,0.5191926611007164,0.1631762971377956,1.1884936201728482,0.7534479967759625,20,7919__777938
7919,M. Keane,769441,L. Yoro,0.495319857484347,0.1631762971377956,1.1884936201728482,0.7379306744253225,21,7919__769441
7919,M. Keane,424806,E. Pinnock,0.6032101130541399,0.14678231754773935,0.9756234660089365,0.7335547865883187,22,7919__424806
7919,M. Keane,590703,I. Zabarnyi,0.44469284439874335,0.1631762971377956,1.1884936201728482,0.70502311591968,23,7919__590703
7919,M. Keane,8653,H. Maguire,0.5087977468871254,0.15256837759706784,1.050753454303498,0.6984822444828558,24,7919__8653
7919,M. Keane,619747,L. Colwill,0.3662217232589148,0.1631762971377956,1.1884936201728482,0.6540168871787915,25,7919__619747
7919,M. Keane,346131,T. Chalobah,0.37204527492683104,0.11320888269361074,0.5396840277565381,0.43071883841722847,26,7919__346131
7919,M. Keane,413002,K. Mavropanos,0.45565715380698485,0.09789336072644653,0.34081727277847884,0.4154631954470077,27,7919__413002
7919,M. Keane,545267,R. Drăgușin,0.3188829385549077,0.11320888269361074,0.5396840277565381,0.3961633197754783,28,7919__545267
7919,M. Keane,479155,N. Collins,0.4631099372604278,0.06932698474342587,-0.0301072380156088,0.290483925913815,29,7919__479155
7919,M. Keane,234399,A. Webster,0.41217608871228884,0.046592119851471624,-0.32531159446005886,0.15405539960196718,30,7919__234399
7919,M. Keane,192792,D. Burn,0.586883697719149,0.0,-0.9302941541322699,0.055871449571152365,31,7919__192792
7919,M. Keane,9097,L. Dunk,0.27008843564729856,0.028545438278852014,-0.5596415121842873,-0.020317046093756452,32,7919__9097
7919,M. Keane,424241,N. Milenković,0.17426195408470863,0.04034369891987642,-0.4064451788764049,-0.028985542451681112,33,7919__424241
7919,M. Keane,604320,J. Branthwaite,0.28279660430798115,0.007951627475261838,-0.827045021899626,-0.10564796486468134,34,7919__604320
7919,M. Keane,399581,D. O'Shea,0.2673320920065402,0.0,-0.9302941541322699,-0.15183709414204333,35,7919__399581
7919,M. Keane,415917,Gabriel Magalhaes,0.23742310217405815,0.0,-0.9302941541322699,-0.17127793753315665,36,7919__415917
7919,M. Keane,412027,E. Konsa,0.11597907473272819,0.01584592161663812,-0.7245403431754122,-0.1782027215351209,37,7919__412027
7919,M. Keane,9433,J. Tarkowski,0.20057068618036644,0.0,-0.9302941541322699,-0.19523200792905626,38,7919__9433
7919,M. Keane,283145,T. Adarabioyo,0.13751830139652022,0.0,-0.9302941541322699,-0.23621605803855633,39,7919__283145
7919,M. Keane,349142,N. Mazraoui,0.09672244533974524,0.0,-0.9302941541322699,-0.26273336447546003,40,7919__349142
7919,M. Keane,447424,C. Bassey,0.06548486499752952,0.0,-0.9302941541322699,-0.2830377916979003,41,7919__447424
7919,M. Keane,412968,M. Senesi,0.04804936194147896,0.0,-0.9302941541322699,-0.29437086868433315,42,7919__412968
7919,M. Keane,397074,M. Guéhi,0.017946639222821442,0.0,-0.9302941541322699,-0.3139376384514605,43,7919__397074
7919,M. Keane,558243,S. van den Berg,0.01395298453696548,0.0,-0.9302941541322699,-0.3165335139972669,44,7919__558243
7919,M. Keane,534563,C. Richards,-0.020980480585086003,0.0,-0.9302941541322699,-0.33924026632660037,45,7919__534563
7919,M. Keane,15806,J. Vestergaard,-0.03446156478354201,0.0,-0.9302941541322699,-0.34800297105559674,46,7919__15806
7919,M. Keane,239411,T. Mings,-0.041198003951774635,0.0,-0.9302941541322699,-0.35238165651494796,47,7919__239411
7919,M. Keane,364003,S. Bueno,-0.047569388246570365,0.0,-0.9302941541322699,-0.3565230563065652,48,7919__364003
7919,M. Keane,288080,C. Burgess,-0.055058364007566515,0.0,-0.9302941541322699,-0.3613908905512127,49,7919__288080
7919,M. Keane,557788,W. Fofana,-0.07996404843163199,0.0,-0.9302941541322699,-0.37757958542685527,50,7919__557788
7919,M. Keane,50102,F. Schär,-0.09265969290000606,0.0,-0.9302941541322699,-0.3858317543312984,51,7919__50102
7919,M. Keane,504375,M. Lacroix,-0.0986429362445624,0.0,-0.9302941541322699,-0.38972086250526,52,7919__504375
7919,M. Keane,583655,C. Okoli,-0.11569118100911835,0.0,-0.9302941541322699,-0.4008022216022214,53,7919__583655
7919,M. Keane,286380,I. Diop,-0.1253104610412507,0.0,-0.9302941541322699,-0.4070547536231074,54,7919__286380
7919,M. Keane,415847,C. Romero,-0.1425672244497947,0.0,-0.9302941541322699,-0.418271649838661,55,7919__415847
7919,M. Keane,501419,J. Todibo,-0.15112413814660489,0.0,-0.9302941541322699,-0.4238336437415876,56,7919__501419
7919,M. Keane,258154,Rúben Dias,-0.15489663718436894,0.0,-0.9302941541322699,-0.4262857681161343,57,7919__258154
7919,M. Keane,285382,W. Faes,-0.15958444184084858,0.0,-0.9302941541322699,-0.42933284114284603,58,7919__285382
7919,M. Keane,549884,T. Harwood-Bellis,-0.16046818005653757,0.0,-0.9302941541322699,-0.4299072709830439,59,7919__549884
7919,M. Keane,400549,Pau Torres,-0.24442184779507467,0.0,-0.9302941541322699,-0.48447715501309296,60,7919__400549
7919,M. Keane,7953,C. Coady,-0.24533861557425887,0.0,-0.9302941541322699,-0.4850730540695627,61,7919__7953
7919,M. Keane,297957,M. Akanji,-0.27144115024260246,0.0,-0.9302941541322699,-0.502039701603986,62,7919__297957
7919,M. Keane,518805,L. Woolfenden,-0.27494218002475407,0.0,-0.9302941541322699,-0.5043153709623847,63,7919__518805
7919,M. Keane,488453,L. Martínez,-0.31635211478054914,0.0,-0.9302941541322699,-0.5312318285536515,64,7919__488453
7953,C. Coady,370,V. van Dijk,1.0393702132425797,1.0267967807634995,2.7772438542501505,1.6476259875952295,1,370__7953
7953,C. Coady,62126,M. Doherty,0.54743686333279,0.7041513461687833,1.5540912966478415,0.899765914993058,2,7953__62126
7953,C. Coady,620468,J. Greaves,0.2644463956322874,0.8324292919332925,2.04039446607877,0.8860282202885563,3,7953__620468
7953,C. Coady,393247,I. Konaté,0.46869490158524785,0.6187826980801945,1.2304577687791696,0.7353119051031205,4,7953__393247
7953,C. Coady,424806,E. Pinnock,0.13341298238101593,0.6988010030663823,1.533808084340895,0.6235512680669736,5,7953__424806
7953,C. Coady,590781,J. van Hecke,0.1604401632966964,0.6544986665291113,1.365857416415316,0.5823362018882132,6,7953__590781
7953,C. Coady,475597,S. Botman,0.0271543907936474,0.6732035539018082,1.4367678598199043,0.5205191049528373,7,7953__475597
7953,C. Coady,8360,C. Dawson,-0.02158191177304944,0.6601637291633974,1.3873337340914313,0.4715385642795188,8,7953__8360
7953,C. Coady,192792,D. Burn,0.03152670358919046,0.611206482614954,1.2017362487152166,0.4411000443832995,9,7953__192792
7953,C. Coady,496001,M. Kilman,0.004235018922381872,0.591482094514791,1.126960866313912,0.3971890655094174,10,7953__496001
7953,C. Coady,145787,J. Andersen,-0.031546652540978604,0.5818227009945152,1.0903419942568702,0.36111437383826844,11,7953__145787
7953,C. Coady,136441,B. Davies,-0.11614417519358719,0.5837731055676976,1.0977360004514534,0.308713886282177,12,7953__136441
7953,C. Coady,578325,W. Saliba,0.11293744295111305,0.4465553719655827,0.5775419923922807,0.2755490352555217,13,7953__578325
7953,C. Coady,623641,E. Agbadou,0.0432733994740718,0.45429506913202905,0.6068832734678915,0.2405368553719087,14,7953__623641
7953,C. Coady,479155,N. Collins,-0.12265410795867765,0.4989719306854187,0.7762537700419897,0.1919636493415559,15,7953__479155
7953,C. Coady,7919,M. Keane,-0.24533861557425887,0.5473167573651705,0.9595295646443757,0.1763652475022632,16,7919__7953
7953,C. Coady,9433,J. Tarkowski,-0.3779822498411411,0.5869753143007396,1.1098756106297805,0.14276800132368142,17,7953__9433
7953,C. Coady,365443,M. de Ligt,-0.17535184655096037,0.4692694855478081,0.6636514585208411,0.1182993102241701,18,7953__365443
7953,C. Coady,240032,J. Bednarek,-0.14492002225178982,0.45403159457483977,0.6058844383878477,0.11786153897208329,19,7953__240032
7953,C. Coady,8653,H. Maguire,-0.18907941088739352,0.4308796739548645,0.5181152407381123,0.058438717181533525,20,7953__8653
7953,C. Coady,399581,D. O'Shea,-0.37263266218280056,0.5027795425337503,0.7906884704012056,0.03452973422160155,21,7953__399581
7953,C. Coady,366217,K. Danso,-0.21977290924261303,0.4053800248280456,0.4214457772863558,0.00465363104252603,22,7953__366217
7953,C. Coady,234399,A. Webster,-0.3141659343347048,0.4275765758119522,0.5055931576452906,-0.027250252141706455,23,7953__234399
7953,C. Coady,777938,Dean Huijsen,-0.26951786252930604,0.38570028070183215,0.3468396407043408,-0.05379273639752967,24,7953__777938
7953,C. Coady,413002,K. Mavropanos,-0.2692417330804604,0.38172900713821667,0.331784496898025,-0.05888255258799052,25,7953__413002
7953,C. Coady,568412,J. Gvardiol,-0.36058199208581976,0.40387357479694086,0.4157348078726389,-0.08887111210035925,26,7953__568412
7953,C. Coady,627012,Murillo,-0.48429912934019936,0.45606154119119435,0.6135799893839717,-0.10004143778673952,27,7953__627012
7953,C. Coady,590874,Toti,-0.3254818055520972,0.3513831856851497,0.2167431383569185,-0.13570307518394173,28,7953__590874
7953,C. Coady,619747,L. Colwill,-0.4911352728001025,0.41319292024684534,0.451064553779469,-0.16136533349725246,29,7953__619747
7953,C. Coady,424241,N. Milenković,-0.5208638969928524,0.3216642575161885,0.10407833947412808,-0.3021341142294093,30,7953__424241
7953,C. Coady,415917,Gabriel Magalhaes,-0.4740459617416437,0.2801960646645588,-0.053128057105850876,-0.3267246951191162,31,7953__415917
7953,C. Coady,625787,M. van de Ven,-0.4996977443793694,0.2571367381987009,-0.14054622925116533,-0.37399471408449797,32,7953__625787
7953,C. Coady,604320,J. Branthwaite,-0.48494807470908174,0.22352512197622365,-0.2679682533666233,-0.4090051372392213,33,7953__604320
7953,C. Coady,590703,I. Zabarnyi,-0.5266001057401015,0.1712123488671265,-0.46628657857099715,-0.505490371230915,34,7953__590703
7953,C. Coady,769441,L. Yoro,-0.8359415783653801,0.30793480484755625,0.05202982632156547,-0.5251515867249491,35,7953__769441
7953,C. Coady,346131,T. Chalobah,-0.6081874508485117,0.12711179478495002,-0.6334722868859181,-0.617037143461604,36,7953__346131
7953,C. Coady,239411,T. Mings,-0.9639951171132534,0.19273584543315192,-0.3846907552600367,-0.7612385904646275,37,7953__239411
7953,C. Coady,412968,M. Senesi,-0.9047481425360252,0.153532615665537,-0.533310650708929,-0.7747450203965416,38,7953__412968
7953,C. Coady,283145,T. Adarabioyo,-0.7468176880238303,0.07437055731553885,-0.8334149254137326,-0.7771267211102961,39,7953__283145
7953,C. Coady,545267,R. Drăgușin,-0.8292993834267789,0.11320888269361074,-0.6861783867072363,-0.779207034574939,40,7953__545267
7953,C. Coady,9097,L. Dunk,-0.7102987002535311,0.035194721141734595,-0.9819309714330692,-0.8053699951663695,41,7953__9097
7953,C. Coady,558243,S. van den Berg,-1.1386065933959957,0.24053312658882142,-0.20349071204407973,-0.8113160349228251,42,7953__558243
7953,C. Coady,397074,M. Guéhi,-0.9625031282626724,0.07783054195292097,-0.8202980838139292,-0.9127313627056124,43,7953__397074
7953,C. Coady,534563,C. Richards,-1.0656869066081935,0.12506044525831572,-0.6412489765613533,-0.9171336310917995,44,7953__534563
7953,C. Coady,557788,W. Fofana,-1.146779320127961,0.05561128015496534,-0.9045315611304243,-1.061992604478823,45,7953__557788
7953,C. Coady,415847,C. Romero,-1.2902431005159718,0.09699149313390094,-0.74765869726086,-1.1003385593766826,46,7953__415847
7953,C. Coady,583655,C. Okoli,-1.273825938464126,0.08279415042653125,-0.8014809869377276,-1.1085052054298865,47,7953__583655
7953,C. Coady,15806,J. Vestergaard,-1.247926259076225,0.0,-1.115354564525862,-1.2015261659835978,48,7953__15806
7953,C. Coady,349142,N. Mazraoui,-1.252395636638904,0.0,-1.115354564525862,-1.2044312613993393,49,7953__349142
7953,C. Coady,447424,C. Bassey,-1.2647134997988048,0.0,-1.115354564525862,-1.2124378724532747,50,7953__447424
7953,C. Coady,412027,E. Konsa,-1.3029759712847657,0.01584592161663812,-1.0552824932216367,-1.2162832539626707,51,7953__412027
7953,C. Coady,364003,S. Bueno,-1.3024441071543926,0.0,-1.115354564525862,-1.236962767234407,52,7953__364003
7953,C. Coady,288080,C. Burgess,-1.3072322365170657,0.0,-1.115354564525862,-1.2400750513201444,53,7953__288080
7953,C. Coady,504375,M. Lacroix,-1.3378614469840637,0.0,-1.115354564525862,-1.259984038123693,54,7953__504375
7953,C. Coady,50102,F. Schär,-1.4100342741389078,0.023883995244168947,-1.0248100635464423,-1.2752058004315447,55,7953__50102
7953,C. Coady,286380,I. Diop,-1.4554483742360873,0.0,-1.115354564525862,-1.3364155408375085,56,7953__286380
7953,C. Coady,549884,T. Harwood-Bellis,-1.5417521825200171,0.0,-1.115354564525862,-1.392513016222063,57,7953__549884
7953,C. Coady,285382,W. Faes,-1.5992871549039311,0.0,-1.115354564525862,-1.429910748271607,58,7953__285382
7953,C. Coady,258154,Rúben Dias,-1.6213451286263818,0.0,-1.115354564525862,-1.4442484311911998,59,7953__258154
7953,C. Coady,501419,J. Todibo,-1.7331473538640039,0.0,-1.115354564525862,-1.5169198775956543,60,7953__501419
7953,C. Coady,297957,M. Akanji,-1.8813838675346848,0.0,-1.115354564525862,-1.6132736114815969,61,7953__297957
7953,C. Coady,518805,L. Woolfenden,-1.9909420941878004,0.0,-1.115354564525862,-1.6844864588061221,62,7953__518805
7953,C. Coady,400549,Pau Torres,-2.000209099916287,0.0,-1.115354564525862,-1.6905100125296384,63,7953__400549
7953,C. Coady,488453,L. Martínez,-2.183494101934036,0.0,-1.115354564525862,-1.809645263841175,64,7953__488453
8360,C. Dawson,370,V. van Dijk,1.5450994230232276,0.09381251817929702,1.4719443831382717,1.519495159063493,1,370__8360
8360,C. Dawson,192792,D. Burn,1.0714463148817561,0.09381251817929702,1.4719443831382717,1.2116206387715365,2,8360__192792
8360,C. Dawson,475597,S. Botman,0.9844033890087842,0.09381251817929702,1.4719443831382717,1.1550427369541048,3,8360__475597
8360,C. Dawson,136441,B. Davies,0.9449834783933206,0.09381251817929702,1.4719443831382717,1.1294197950540534,4,8360__136441
8360,C. Dawson,620468,J. Greaves,0.9410788992976995,0.09381251817929702,1.4719443831382717,1.1268818186418996,5,8360__620468
8360,C. Dawson,424806,E. Pinnock,0.9261266632260498,0.09381251817929702,1.4719443831382717,1.1171628651953274,6,8360__424806
8360,C. Dawson,399581,D. O'Shea,0.8736374414161054,0.09381251817929702,1.4719443831382717,1.0830448710188636,7,8360__399581
8360,C. Dawson,590781,J. van Hecke,0.8813523780686148,0.09184085796129146,1.4227006331271106,1.0708242673390882,8,8360__590781
8360,C. Dawson,479155,N. Collins,0.8438847814029612,0.09381251817929702,1.4719443831382717,1.0637056420103197,9,8360__479155
8360,C. Dawson,7919,M. Keane,0.8128977201811233,0.09381251817929702,1.4719443831382717,1.0435640522161251,10,7919__8360
8360,C. Dawson,496001,M. Kilman,0.809962345692278,0.09381251817929702,1.4719443831382717,1.0416560587983756,11,8360__496001
8360,C. Dawson,9433,J. Tarkowski,0.7687195291671545,0.09381251817929702,1.4719443831382717,1.0148482280570454,12,8360__9433
8360,C. Dawson,393247,I. Konaté,1.1460230830565863,0.04957511111867727,0.36708067764710883,0.8733932411632692,13,8360__393247
8360,C. Dawson,412968,M. Senesi,0.49794864464367633,0.09381251817929702,1.4719443831382717,0.8388471531167847,14,8360__412968
8360,C. Dawson,558243,S. van den Berg,0.49768423635640313,0.09381251817929702,1.4719443831382717,0.8386752877300571,15,8360__558243
8360,C. Dawson,8653,H. Maguire,0.676300234569338,0.07098936866452074,0.9019184431160701,0.7552666075606942,16,8360__8653
8360,C. Dawson,239411,T. Mings,0.41732975740190714,0.08575184116466804,1.2706226948452317,0.7159822855070708,17,8360__239411
8360,C. Dawson,534563,C. Richards,0.4028872811297746,0.08431231752335124,1.234669470409904,0.6940110473778198,18,8360__534563
8360,C. Dawson,145787,J. Andersen,0.6882428769170974,0.0618819168006564,0.6744527374497628,0.6834163281035303,19,8360__145787
8360,C. Dawson,777938,Dean Huijsen,0.6049126710169807,0.06544327474839637,0.7634004267510005,0.6603833855238876,20,8360__777938
8360,C. Dawson,415847,C. Romero,0.25563767047729435,0.08585910095369041,1.2733015916392292,0.6118200428839715,21,8360__415847
8360,C. Dawson,397074,M. Guéhi,0.39863306978027785,0.06966905045493832,0.8689424672079953,0.563241358879979,22,8360__397074
8360,C. Dawson,583655,C. Okoli,0.2695333748933921,0.0784051857405588,1.0871342520500862,0.555693681898235,23,8360__583655
8360,C. Dawson,62126,M. Doherty,1.0995441735703808,0.015961858111299406,-0.47243650337690907,0.5493509366388294,24,8360__62126
8360,C. Dawson,366217,K. Danso,0.5815459897849179,0.038147467678777115,0.08166637977160005,0.40658812628025665,25,8360__366217
8360,C. Dawson,283145,T. Adarabioyo,0.3911993188343939,0.05020589690263785,0.3828350440294516,0.38827182265266413,26,8360__283145
8360,C. Dawson,240032,J. Bednarek,0.6147756656310801,0.030337164097762458,-0.11340203695783789,0.35991346972495886,27,8360__240032
8360,C. Dawson,578325,W. Saliba,0.9569863077579692,0.0,-0.8710963451530732,0.31715737923910436,28,8360__578325
8360,C. Dawson,623641,E. Agbadou,0.7829486474362791,0.0,-0.8710963451530732,0.20403290003000585,29,8360__623641
8360,C. Dawson,413002,K. Mavropanos,0.5341827504588104,0.015961858111299406,-0.47243650337690907,0.18186601161630858,30,8360__413002
8360,C. Dawson,415917,Gabriel Magalhaes,0.4983711274012937,0.015961858111299406,-0.47243650337690907,0.15858845662892276,31,8360__415917
8360,C. Dawson,424241,N. Milenković,0.36724038180652563,0.023416617630529,-0.2862480765851933,0.13851942136942402,32,8360__424241
8360,C. Dawson,234399,A. Webster,0.4557917975649568,0.015961858111299406,-0.47243650337690907,0.13091189223530378,33,8360__234399
8360,C. Dawson,365443,M. de Ligt,0.5318677686987562,0.010130863995487181,-0.6180701241871248,0.12938950618869788,34,8360__365443
8360,C. Dawson,604320,J. Branthwaite,0.452735138281833,0.015961858111299406,-0.47243650337690907,0.1289250637012733,35,8360__604320
8360,C. Dawson,590874,Toti,0.5688731691753448,0.0,-0.8710963451530732,0.06488383916039853,36,8360__590874
8360,C. Dawson,50102,F. Schär,0.2241109180611033,0.023883995244168947,-0.2745749565634383,0.049570861942513755,37,8360__50102
8360,C. Dawson,627012,Murillo,0.44201442083831355,0.0,-0.8710963451530732,-0.017574347258671796,38,8360__627012
8360,C. Dawson,625787,M. van de Ven,0.4357035711511396,0.0,-0.8710963451530732,-0.021676399555334847,39,8360__625787
8360,C. Dawson,590703,I. Zabarnyi,0.4356462483351038,0.0,-0.8710963451530732,-0.021713659385758144,40,8360__590703
8360,C. Dawson,619747,L. Colwill,0.25559856335303927,0.012947194399348478,-0.5477300782248102,-0.02556646119920805,41,8360__619747
8360,C. Dawson,568412,J. Gvardiol,0.41266118258497897,0.0,-0.8710963451530732,-0.03665395212333927,42,8360__568412
8360,C. Dawson,346131,T. Chalobah,0.3966140112787757,0.0,-0.8710963451530732,-0.04708461347237142,43,8360__346131
8360,C. Dawson,9097,L. Dunk,0.3757887639952777,0.0,-0.8710963451530732,-0.060621024206645086,44,8360__9097
8360,C. Dawson,545267,R. Drăgușin,0.3386034222685512,0.0,-0.8710963451530732,-0.08479149632901731,45,8360__545267
8360,C. Dawson,769441,L. Yoro,0.28834935070421497,0.0,-0.8710963451530732,-0.11745664284583587,46,8360__769441
8360,C. Dawson,288080,C. Burgess,0.2323809174602742,0.0,-0.8710963451530732,-0.15383612445439737,47,8360__288080
8360,C. Dawson,364003,S. Bueno,0.23087827248270038,0.0,-0.8710963451530732,-0.15481284368982037,48,8360__364003
8360,C. Dawson,349142,N. Mazraoui,0.21313796547356947,0.0,-0.8710963451530732,-0.16634404324575547,49,8360__349142
8360,C. Dawson,504375,M. Lacroix,0.1957102001483607,0.0,-0.8710963451530732,-0.17767209070714116,50,8360__504375
8360,C. Dawson,15806,J. Vestergaard,0.18929513901766737,0.0,-0.8710963451530732,-0.18184188044209182,51,8360__15806
8360,C. Dawson,447424,C. Bassey,0.1852589527854553,0.0,-0.8710963451530732,-0.18446540149302967,52,8360__447424
8360,C. Dawson,557788,W. Fofana,0.18317675239762413,0.0,-0.8710963451530732,-0.18581883174511993,53,8360__557788
8360,C. Dawson,412027,E. Konsa,0.1760594385130279,0.0,-0.8710963451530732,-0.1904450857701075,54,8360__412027
8360,C. Dawson,549884,T. Harwood-Bellis,0.11732547480411887,0.0,-0.8710963451530732,-0.22862216218089837,55,8360__549884
8360,C. Dawson,286380,I. Diop,0.09844624275995871,0.0,-0.8710963451530732,-0.24089366300960247,56,8360__286380
8360,C. Dawson,501419,J. Todibo,0.07263256565460446,0.0,-0.8710963451530732,-0.25767255312808274,57,8360__501419
8360,C. Dawson,258154,Rúben Dias,0.06886006661684041,0.0,-0.8710963451530732,-0.26012467750262935,58,8360__258154
8360,C. Dawson,285382,W. Faes,0.06417226196036069,0.0,-0.8710963451530732,-0.26317175052934116,59,8360__285382
8360,C. Dawson,400549,Pau Torres,-0.020665143993865293,0.0,-0.8710963451530732,-0.31831606439958804,60,8360__400549
8360,C. Dawson,7953,C. Coady,-0.02158191177304944,0.0,-0.8710963451530732,-0.31891196345605777,61,7953__8360
8360,C. Dawson,297957,M. Akanji,-0.04768444644139319,0.0,-0.8710963451530732,-0.3358786109904812,62,8360__297957
8360,C. Dawson,518805,L. Woolfenden,-0.051185476223544746,0.0,-0.8710963451530732,-0.33815428034887973,63,8360__518805
8360,C. Dawson,488453,L. Martínez,-0.09259541097933971,0.0,-0.8710963451530732,-0.36507073794014644,64,8360__488453
8653,H. Maguire,370,V. van Dijk,1.504827700527108,0.0,0.0,0.9781380053426203,1,370__8653
8653,H. Maguire,62126,M. Doherty,1.0987415236601237,0.0,0.0,0.7141819903790804,2,8653__62126
8653,H. Maguire,393247,I. Konaté,0.964738319581625,0.0,0.0,0.6270799077280563,3,8653__393247
8653,H. Maguire,578325,W. Saliba,0.9361442320355939,0.0,0.0,0.6084937508231361,4,8653__578325
8653,H. Maguire,623641,E. Agbadou,0.7530256172737722,0.0,0.0,0.4894666512279519,5,8653__623641
8653,H. Maguire,620468,J. Greaves,0.7299038829168152,0.0,0.0,0.47443752389592986,6,8653__620468
8653,H. Maguire,8360,C. Dawson,0.676300234569338,0.0,0.0,0.4395951524700697,7,8360__8653
8653,H. Maguire,475597,S. Botman,0.6731193921289789,0.0,0.0,0.4375276048838363,8,8653__475597
8653,H. Maguire,192792,D. Burn,0.6715241567095522,0.0,0.0,0.436490701861209,9,8653__192792
8653,H. Maguire,590781,J. van Hecke,0.6258976505812242,0.0,0.0,0.4068334728777957,10,8653__590781
8653,H. Maguire,424806,E. Pinnock,0.6041605456047452,0.0,0.0,0.3927043546430844,11,8653__424806
8653,H. Maguire,136441,B. Davies,0.5617592469951953,0.0,0.0,0.36514351054687694,12,8653__136441
8653,H. Maguire,590874,Toti,0.5434240054654855,0.0,0.0,0.3532256035525656,13,8653__590874
8653,H. Maguire,7919,M. Keane,0.5087977468871254,0.0,0.0,0.33071853547663155,14,7919__8653
8653,H. Maguire,9433,J. Tarkowski,0.4983792928463838,0.0,0.0,0.32394654035014947,15,8653__9433
8653,H. Maguire,496001,M. Kilman,0.4829043595669339,0.0,0.0,0.31388783371850704,16,8653__496001
8653,H. Maguire,399581,D. O'Shea,0.47371528324390133,0.0,0.0,0.3079149341085359,17,8653__399581
8653,H. Maguire,240032,J. Bednarek,0.4557488194393703,0.0,0.0,0.2962367326355907,18,8653__240032
8653,H. Maguire,365443,M. de Ligt,0.4452691787708598,0.0,0.0,0.2894249662010589,19,8653__365443
8653,H. Maguire,479155,N. Collins,0.44396262323075725,0.0,0.0,0.2885757050999922,20,8653__479155
8653,H. Maguire,145787,J. Andersen,0.4422375910443335,0.0,0.0,0.2874544341788168,21,8653__145787
8653,H. Maguire,627012,Murillo,0.4298636405165487,0.0,0.0,0.27941136633575664,22,8653__627012
8653,H. Maguire,366217,K. Danso,0.384992975771331,0.0,0.0,0.2502454342513652,23,8653__366217
8653,H. Maguire,234399,A. Webster,0.37247052030272043,0.0,0.0,0.24210583819676829,24,8653__234399
8653,H. Maguire,413002,K. Mavropanos,0.36904791386787883,0.0,0.0,0.23988114401412125,25,8653__413002
8653,H. Maguire,568412,J. Gvardiol,0.35710608200454586,0.0,0.0,0.23211895330295482,26,8653__568412
8653,H. Maguire,415917,Gabriel Magalhaes,0.3097584253229266,0.0,0.0,0.2013429764599023,27,8653__415917
8653,H. Maguire,625787,M. van de Ven,0.29730026213273236,0.0,0.0,0.19324517038627603,28,8653__625787
8653,H. Maguire,777938,Dean Huijsen,0.2867729906107251,0.0,0.0,0.1864024438969713,29,8653__777938
8653,H. Maguire,769441,L. Yoro,0.2629001869943557,0.0,0.0,0.1708851215463312,30,8653__769441
8653,H. Maguire,604320,J. Branthwaite,0.24251361878815603,0.0,0.0,0.15763385221230142,31,8653__604320
8653,H. Maguire,590703,I. Zabarnyi,0.212273173908752,0.0,0.0,0.1379775630406888,32,8653__590703
8653,H. Maguire,346131,T. Chalobah,0.17561118273930926,0.0,0.0,0.11414726878055102,33,8653__346131
8653,H. Maguire,9097,L. Dunk,0.151060392897583,0.0,0.0,0.09818925538342894,34,8653__9097
8653,H. Maguire,412968,M. Senesi,0.14168378713859375,0.0,0.0,0.09209446164008595,35,8653__412968
8653,H. Maguire,619747,L. Colwill,0.13380205276892332,0.0,0.0,0.08697133429980015,36,8653__619747
8653,H. Maguire,424241,N. Milenković,0.12432709066350503,0.0,0.0,0.08081260893127827,37,8653__424241
8653,H. Maguire,545267,R. Drăgușin,0.12244884636738593,0.0,0.0,0.07959175013880085,38,8653__545267
8653,H. Maguire,558243,S. van den Berg,0.11803276371526426,0.0,0.0,0.07672129641492177,39,8653__558243
8653,H. Maguire,397074,M. Guéhi,0.07420584390968651,0.0,0.0,0.04823379854129624,40,8653__397074
8653,H. Maguire,283145,T. Adarabioyo,0.07147524460000729,0.0,0.0,0.04645890899000474,41,8653__283145
8653,H. Maguire,534563,C. Richards,0.047459622778330324,0.0,0.0,0.030848754805914713,42,8653__534563
8653,H. Maguire,239411,T. Mings,0.028558226329426672,0.0,0.0,0.018562847114127336,43,8653__239411
8653,H. Maguire,15806,J. Vestergaard,0.021797639903323104,0.0,0.0,0.014168465937160018,44,8653__15806
8653,H. Maguire,349142,N. Mazraoui,0.020723059483398636,0.0,0.0,0.013469988664209114,45,8653__349142
8653,H. Maguire,447424,C. Bassey,0.017761453671110948,0.0,0.0,0.011544944886222116,46,8653__447424
8653,H. Maguire,364003,S. Bueno,0.00868981644029481,0.0,0.0,0.005648380686191627,47,8653__364003
8653,H. Maguire,412027,E. Konsa,0.008561939398683611,0.0,0.0,0.005565260609144348,48,8653__412027
8653,H. Maguire,288080,C. Burgess,0.0012008406792985912,0.0,0.0,0.0007805464415440843,49,8653__288080
8653,H. Maguire,557788,W. Fofana,-0.023704843744766956,0.0,0.0,-0.015408148434098523,50,8653__557788
8653,H. Maguire,50102,F. Schär,-0.03640048821314095,0.0,0.0,-0.02366031733854162,51,8653__50102
8653,H. Maguire,504375,M. Lacroix,-0.042383731557697285,0.0,0.0,-0.027549425512503237,52,8653__504375
8653,H. Maguire,583655,C. Okoli,-0.05265184698570733,0.0,0.0,-0.034223700540709764,53,8653__583655
8653,H. Maguire,286380,I. Diop,-0.06905125635438565,0.0,0.0,-0.044883316630350674,54,8653__286380
8653,H. Maguire,415847,C. Romero,-0.07271292874509037,0.0,0.0,-0.047263403684308744,55,8653__415847
8653,H. Maguire,501419,J. Todibo,-0.09486493345973984,0.0,0.0,-0.0616622067488309,56,8653__501419
8653,H. Maguire,258154,Rúben Dias,-0.09863743249750373,0.0,0.0,-0.06411433112337743,57,8653__258154
8653,H. Maguire,285382,W. Faes,-0.10332523715398362,0.0,0.0,-0.06716140415008935,58,8653__285382
8653,H. Maguire,549884,T. Harwood-Bellis,-0.10420897536967252,0.0,0.0,-0.06773583399028714,59,8653__549884
8653,H. Maguire,400549,Pau Torres,-0.1881626431082095,0.0,0.0,-0.12230571802033617,60,8653__400549
8653,H. Maguire,7953,C. Coady,-0.18907941088739352,0.0,0.0,-0.12290161707680579,61,7953__8653
8653,H. Maguire,297957,M. Akanji,-0.21518194555573755,0.0,0.0,-0.13986826461122942,62,8653__297957
8653,H. Maguire,518805,L. Woolfenden,-0.21868297533788916,0.0,0.0,-0.14214393396962796,63,8653__518805
8653,H. Maguire,488453,L. Martínez,-0.26009291009368385,0.0,0.0,-0.1690603915608945,64,8653__488453
9097,L. Dunk,370,V. van Dijk,1.3795100170275567,0.037335384039620334,1.1088496718366752,1.2847788962107483,1,370__9097
9097,L. Dunk,393247,I. Konaté,0.8088347053702246,0.037335384039620334,1.1088496718366752,0.9138399436334823,2,9097__393247
9097,L. Dunk,620468,J. Greaves,0.604586199417264,0.037335384039620334,1.1088496718366752,0.7810784147640579,3,9097__620468
9097,L. Dunk,590781,J. van Hecke,0.5005799670816732,0.037335384039620334,1.1088496718366752,0.7134743637459238,4,9097__590781
9097,L. Dunk,424806,E. Pinnock,0.4735527861659926,0.037335384039620334,1.1088496718366752,0.6959066961507314,5,9097__424806
9097,L. Dunk,475597,S. Botman,0.4460805050592195,0.037335384039620334,1.1088496718366752,0.6780497134313289,6,9097__475597
9097,L. Dunk,192792,D. Burn,0.4252110225637903,0.037335384039620334,1.1088496718366752,0.6644845498092999,7,9097__192792
9097,L. Dunk,62126,M. Doherty,0.8875766671177666,0.02208141743630728,0.23801269471744194,0.660229276777653,8,9097__62126
9097,L. Dunk,496001,M. Kilman,0.3443748227073587,0.037335384039620334,1.1088496718366752,0.6119410199026194,9,9097__496001
9097,L. Dunk,136441,B. Davies,0.334720359925436,0.037335384039620334,1.1088496718366752,0.6056656190943697,10,9097__136441
9097,L. Dunk,145787,J. Andersen,0.3085931512439979,0.037335384039620334,1.1088496718366752,0.5886829334514349,11,9097__145787
9097,L. Dunk,7919,M. Keane,0.27008843564729856,0.037335384039620334,1.1088496718366752,0.5636548683135804,12,7919__9097
9097,L. Dunk,9433,J. Tarkowski,0.2596699816065571,0.037335384039620334,1.1088496718366752,0.5568828731870984,13,9097__9433
9097,L. Dunk,479155,N. Collins,0.21748569582629868,0.037335384039620334,1.1088496718366752,0.5294630874299304,14,9097__479155
9097,L. Dunk,399581,D. O'Shea,0.1987634395971371,0.037335384039620334,1.1088496718366752,0.5172936208809754,15,9097__399581
9097,L. Dunk,240032,J. Bednarek,0.19521978153318698,0.036456723422770336,1.0586876270787442,0.49743352747413194,16,9097__240032
9097,L. Dunk,8653,H. Maguire,0.151060392897583,0.037335384039620334,1.1088496718366752,0.4862866405262652,17,8653__9097
9097,L. Dunk,366217,K. Danso,0.12036689454236377,0.037335384039620334,1.1088496718366752,0.46633586659537274,18,9097__366217
9097,L. Dunk,777938,Dean Huijsen,0.07062194125567059,0.037335384039620334,1.1088496718366752,0.43400164695902216,19,9097__777938
9097,L. Dunk,412968,M. Senesi,-0.2424040283385625,0.037335384039620334,1.1088496718366752,0.23053476672277062,20,9097__412968
9097,L. Dunk,558243,S. van den Berg,-0.2426684366258354,0.037335384039620334,1.1088496718366752,0.23036290133604326,21,9097__558243
9097,L. Dunk,239411,T. Mings,-0.30188798877480666,0.037335384039620334,1.1088496718366752,0.1918701924392119,22,9097__239411
9097,L. Dunk,534563,C. Richards,-0.3374653918524641,0.037335384039620334,1.1088496718366752,0.1687448804387346,23,9097__534563
9097,L. Dunk,397074,M. Guéhi,-0.341719603201961,0.037335384039620334,1.1088496718366752,0.1659796430615616,24,9097__397074
9097,L. Dunk,283145,T. Adarabioyo,-0.3491533541478449,0.037335384039620334,1.1088496718366752,0.16114770494673708,25,9097__283145
9097,L. Dunk,413002,K. Mavropanos,0.07290298840326298,0.02208141743630728,0.23801269471744194,0.13069138561322563,26,9097__413002
9097,L. Dunk,424241,N. Milenković,-0.18072409320787583,0.029536176955536876,0.6635990627554275,0.1147890113792803,27,9097__424241
9097,L. Dunk,234399,A. Webster,0.037872662646252914,0.02208141743630728,0.23801269471744194,0.10792167387116908,28,9097__234399
9097,L. Dunk,415847,C. Romero,-0.48471500250494437,0.037335384039620334,1.1088496718366752,0.07303263351462241,29,9097__415847
9097,L. Dunk,415917,Gabriel Magalhaes,-0.038364976936288986,0.02208141743630728,0.23801269471744194,0.058367208142516835,30,9097__415917
9097,L. Dunk,578325,W. Saliba,0.6300377739799403,0.0,-1.0225980900580598,0.051615221566640335,31,9097__578325
9097,L. Dunk,583655,C. Okoli,-0.4708192980888467,0.03560478940058491,1.0100513826265078,0.04748544016152739,32,9097__583655
9097,L. Dunk,604320,J. Branthwaite,-0.1259797724122062,0.02208141743630728,0.23801269471744194,0.0014175910831706467,33,9097__604320
9097,L. Dunk,365443,M. de Ligt,0.1686137484432885,0.010130863995487181,-0.4442350185458941,-0.0458833200029254,34,9097__365443
9097,L. Dunk,623641,E. Agbadou,0.4469191592181186,0.0,-1.0225980900580598,-0.06741187802854381,35,9097__623641
9097,L. Dunk,8360,C. Dawson,0.3757887639952777,0.0,-1.0225980900580598,-0.11364663492339036,36,8360__9097
9097,L. Dunk,619747,L. Colwill,-0.15099546901512598,0.012947194399348478,-0.28345292695963864,-0.1973555792957054,37,9097__619747
9097,L. Dunk,590874,Toti,0.15491065897276257,0.0,-1.0225980900580598,-0.2572174031880252,38,9097__590874
9097,L. Dunk,627012,Murillo,0.12375718246089532,0.0,-1.0225980900580598,-0.2774671629207389,39,9097__627012
9097,L. Dunk,568412,J. Gvardiol,0.050999623948892125,0.0,-1.0225980900580598,-0.324759575953541,40,9097__568412
9097,L. Dunk,50102,F. Schär,-0.5218367424027287,0.01525396660331305,-0.15176111293882671,-0.392310272090363,41,9097__50102
9097,L. Dunk,625787,M. van de Ven,-0.10124775583061568,0.0,-1.0225980900580598,-0.4237203728102211,42,9097__625787
9097,L. Dunk,769441,L. Yoro,-0.144927474631506,0.0,-1.0225980900580598,-0.4521121900307998,43,9097__769441
9097,L. Dunk,590703,I. Zabarnyi,-0.17426899665832107,0.0,-1.0225980900580598,-0.4711841793482296,44,9097__590703
9097,L. Dunk,346131,T. Chalobah,-0.2615702128724735,0.0,-1.0225980900580598,-0.5279299698874287,45,9097__346131
9097,L. Dunk,545267,R. Drăgușin,-0.32136439356094526,0.0,-1.0225980900580598,-0.5667961873349353,46,9097__545267
9097,L. Dunk,15806,J. Vestergaard,-0.4994216494628143,0.0,-1.0225980900580598,-0.6825334036711502,47,9097__15806
9097,L. Dunk,557788,W. Fofana,-0.5001591839742022,0.0,-1.0225980900580598,-0.6830128011035523,48,9097__557788
9097,L. Dunk,349142,N. Mazraoui,-0.5004962298827387,0.0,-1.0225980900580598,-0.683231880944101,49,9097__349142
9097,L. Dunk,447424,C. Bassey,-0.5034578356950264,0.0,-1.0225980900580598,-0.6851569247220881,50,9097__447424
9097,L. Dunk,364003,S. Bueno,-0.5125294729258426,0.0,-1.0225980900580598,-0.6910534889221186,51,9097__364003
9097,L. Dunk,412027,E. Konsa,-0.5126573499674537,0.0,-1.0225980900580598,-0.6911366089991658,52,9097__412027
9097,L. Dunk,288080,C. Burgess,-0.5135667430035578,0.0,-1.0225980900580598,-0.6917277144726335,53,9097__288080
9097,L. Dunk,504375,M. Lacroix,-0.5502374603154715,0.0,-1.0225980900580598,-0.7155636807253773,54,9097__504375
9097,L. Dunk,286380,I. Diop,-0.590270545720523,0.0,-1.0225980900580598,-0.7415851862386609,55,9097__286380
9097,L. Dunk,501419,J. Todibo,-0.6160842228258772,0.0,-1.0225980900580598,-0.7583640763571411,56,9097__501419
9097,L. Dunk,258154,Rúben Dias,-0.6198567218636413,0.0,-1.0225980900580598,-0.7608162007316877,57,9097__258154
9097,L. Dunk,285382,W. Faes,-0.6245445265201208,0.0,-1.0225980900580598,-0.7638632737583995,58,9097__285382
9097,L. Dunk,549884,T. Harwood-Bellis,-0.6254282647358099,0.0,-1.0225980900580598,-0.7644377035985974,59,9097__549884
9097,L. Dunk,400549,Pau Torres,-0.7093819324743468,0.0,-1.0225980900580598,-0.8190075876286463,60,9097__400549
9097,L. Dunk,7953,C. Coady,-0.7102987002535311,0.0,-1.0225980900580598,-0.8196034866851162,61,7953__9097
9097,L. Dunk,297957,M. Akanji,-0.7364012349218747,0.0,-1.0225980900580598,-0.8365701342195395,62,9097__297957
9097,L. Dunk,518805,L. Woolfenden,-0.7399022647040263,0.0,-1.0225980900580598,-0.838845803577938,63,9097__518805
9097,L. Dunk,488453,L. Martínez,-0.7813121994598212,0.0,-1.0225980900580598,-0.8657622611692047,64,9097__488453
9433,J. Tarkowski,370,V. van Dijk,1.4597406192964388,0.3104426324413563,1.4933092111933721,1.4714896264603654,1,370__9433
9433,J. Tarkowski,62126,M. Doherty,1.19116081825794,0.3104426324413563,1.4933092111933721,1.2969127557853413,2,9433__62126
9433,J. Tarkowski,578325,W. Saliba,1.15353836049736,0.3104426324413563,1.4933092111933721,1.2724581582409642,3,9433__578325
9433,J. Tarkowski,393247,I. Konaté,1.140736407449966,0.3104426324413563,1.4933092111933721,1.264136888760158,4,9433__393247
9433,J. Tarkowski,623641,E. Agbadou,0.9633434994802516,0.3104426324413563,1.4933092111933721,1.1488314985798438,5,9433__623641
9433,J. Tarkowski,590781,J. van Hecke,0.7998272923097914,0.3104426324413563,1.4933092111933721,1.0425459639190446,6,9433__590781
9433,J. Tarkowski,8360,C. Dawson,0.7687195291671545,0.3104426324413563,1.4933092111933721,1.0223259178763306,7,8360__9433
9433,J. Tarkowski,240032,J. Bednarek,0.6777500358886202,0.3104426324413563,1.4933092111933721,0.9631957472452833,8,9433__240032
9433,J. Tarkowski,590874,Toti,0.7039287226244352,0.29686100043058034,1.387281881574703,0.943102328257029,9,9433__590874
9433,J. Tarkowski,627012,Murillo,0.6385664735777039,0.3104426324413563,1.4933092111933721,0.9377264317431878,10,9433__627012
9433,J. Tarkowski,475597,S. Botman,0.7424973544210381,0.2630986602121487,1.1237104070864339,0.8759219228539266,11,9433__475597
9433,J. Tarkowski,366217,K. Danso,0.6069941922205807,0.2930199604455598,1.357296146999717,0.8695998763932784,12,9433__366217
9433,J. Tarkowski,365443,M. de Ligt,0.5896622011272796,0.29686100043058034,1.387281881574703,0.8688290892838778,13,9433__365443
9433,J. Tarkowski,769441,L. Yoro,0.48490140344360566,0.3104426324413563,1.4933092111933721,0.8378441361560239,14,9433__769441
9433,J. Tarkowski,145787,J. Andersen,0.5672713530819686,0.27382223454321564,1.2074258213597862,0.7913254169792048,15,9433__145787
9433,J. Tarkowski,620468,J. Greaves,0.633345810761917,0.24478045171654716,0.9807061842768597,0.754921941492147,16,9433__620468
9433,J. Tarkowski,625787,M. van de Ven,0.5193014785819821,0.27071837020947687,1.1831949743935422,0.751664202116028,17,9433__625787
9433,J. Tarkowski,496001,M. Kilman,0.6177223980890182,0.24584574172078852,0.9890225526138572,0.7476774521727119,18,9433__496001
9433,J. Tarkowski,568412,J. Gvardiol,0.5414522279551368,0.2583620837273231,1.0867335138955287,0.732300678034274,19,9433__568412
9433,J. Tarkowski,619747,L. Colwill,0.29430676992787325,0.29686100043058034,1.387281881574703,0.6768480590042636,20,9433__619747
9433,J. Tarkowski,136441,B. Davies,0.6403071427290759,0.18441349166830953,0.5094412018334253,0.5945040634155981,21,9433__136441
9433,J. Tarkowski,777938,Dean Huijsen,0.4472777077696749,0.20673865632660843,0.6837264121924181,0.530034754317635,22,9433__777938
9433,J. Tarkowski,424806,E. Pinnock,0.5902923914067036,0.16036394955851527,0.32169434442850775,0.4962830749643351,23,9433__424806
9433,J. Tarkowski,590703,I. Zabarnyi,0.4342743903580018,0.18479398087790241,0.5124115558240093,0.4616223982711044,24,9433__590703
9433,J. Tarkowski,8653,H. Maguire,0.4983792928463838,0.16615000960784376,0.3668642102853368,0.45234901395001736,25,8653__9433
9433,J. Tarkowski,413002,K. Mavropanos,0.42911747705430875,0.11147499273722244,-0.05996564573256716,0.2579383840789022,26,9433__413002
9433,J. Tarkowski,346131,T. Chalobah,0.3616268208860894,0.12679051470438665,0.059597591925917306,0.25591659075002915,27,9433__346131
9433,J. Tarkowski,545267,R. Drăgușin,0.3084644845141662,0.12679051470438665,0.059597591925917306,0.22136107210827907,28,9433__545267
9433,J. Tarkowski,479155,N. Collins,0.4080065396206398,0.06932698474342587,-0.3890012677243052,0.1290538070499091,29,9433__479155
9433,J. Tarkowski,192792,D. Burn,0.5307659559091058,0.006430278619772508,-0.8800151449085795,0.036992570622916,30,9433__192792
9433,J. Tarkowski,234399,A. Webster,0.3065013984080197,0.046592119851471624,-0.5664848729215735,0.000956203442662118,31,9433__234399
9433,J. Tarkowski,9097,L. Dunk,0.2596699816065571,0.042127070289627935,-0.6013420448197425,-0.04168422764264776,32,9097__9433
9433,J. Tarkowski,415917,Gabriel Magalhaes,0.22093146793707452,0.013581632010775922,-0.8241868834297011,-0.14485995504129692,33,9433__415917
9433,J. Tarkowski,424241,N. Milenković,0.10234700075366739,0.04034369891987642,-0.6152642379628873,-0.14881693279712677,34,9433__424241
9433,J. Tarkowski,7919,M. Keane,0.20057068618036644,0.013581632010775922,-0.8241868834297011,-0.15809446318315717,35,7919__9433
9433,J. Tarkowski,399581,D. O'Shea,0.1984453198007237,0.013581632010775922,-0.8241868834297011,-0.15947595132992498,36,9433__399581
9433,J. Tarkowski,604320,J. Branthwaite,0.2108816509769397,0.007951627475261838,-0.8681384752684383,-0.1667753932089426,37,9433__604320
9433,J. Tarkowski,412027,E. Konsa,0.10556062069198681,0.029427553627414043,-0.7004829903315921,-0.1765546431662658,38,9433__412027
9433,J. Tarkowski,349142,N. Mazraoui,0.08630399129900371,0.013581632010775922,-0.8241868834297011,-0.23236781485604296,39,9433__349142
9433,J. Tarkowski,447424,C. Bassey,0.05506641095678819,0.013581632010775922,-0.8241868834297011,-0.25267224207848304,40,9433__447424
9433,J. Tarkowski,412968,M. Senesi,0.032859775721990156,0.013581632010775922,-0.8241868834297011,-0.26710655498110175,41,9433__412968
9433,J. Tarkowski,283145,T. Adarabioyo,0.06560334806547873,0.0,-0.9302142130483698,-0.28293279832436824,42,9433__283145
9433,J. Tarkowski,15806,J. Vestergaard,-0.04811047290364348,0.013581632010775922,-0.8241868834297011,-0.31973721658776366,43,9433__15806
9433,J. Tarkowski,364003,S. Bueno,-0.09727016389233016,0.013581632010775922,-0.8241868834297011,-0.35169101573040995,44,9433__364003
9433,J. Tarkowski,397074,M. Guéhi,-0.05396831410822009,0.0,-0.9302142130483698,-0.36065437873727246,45,9433__397074
9433,J. Tarkowski,558243,S. van den Berg,-0.11429388028036727,0.013581632010775922,-0.8241868834297011,-0.3627564313826341,46,9433__558243
9433,J. Tarkowski,534563,C. Richards,-0.1536241148519683,0.013581632010775922,-0.8241868834297011,-0.38832108385417474,47,9433__534563
9433,J. Tarkowski,288080,C. Burgess,-0.18770199827444875,0.013581632010775922,-0.8241868834297011,-0.4104717080787871,48,9433__288080
9433,J. Tarkowski,50102,F. Schär,-0.22530332716688833,0.013581632010775922,-0.8241868834297011,-0.4349125718588728,49,9433__50102
9433,J. Tarkowski,286380,I. Diop,-0.25795409530813307,0.013581632010775922,-0.8241868834297011,-0.4561355711506819,50,9433__286380
9433,J. Tarkowski,501419,J. Todibo,-0.2649171227268686,0.013581632010775922,-0.8241868834297011,-0.46066153897286,51,9433__501419
9433,J. Tarkowski,258154,Rúben Dias,-0.23248458304501854,0.0,-0.9302142130483698,-0.4766899535461915,52,9433__258154
9433,J. Tarkowski,285382,W. Faes,-0.2922280761077308,0.013581632010775922,-0.8241868834297011,-0.4784136586704204,53,9433__285382
9433,J. Tarkowski,239411,T. Mings,-0.2353381375089568,0.0,-0.9302142130483698,-0.47854476394775136,54,9433__239411
9433,J. Tarkowski,549884,T. Harwood-Bellis,-0.29311181432342004,0.013581632010775922,-0.8241868834297011,-0.4789880885106184,55,9433__549884
9433,J. Tarkowski,557788,W. Fofana,-0.2552535323021958,0.0,-0.9302142130483698,-0.49148977056335663,56,9433__557788
9433,J. Tarkowski,504375,M. Lacroix,-0.2927830698017447,0.0,-0.9302142130483698,-0.5158839699380635,57,9433__504375
9433,J. Tarkowski,583655,C. Okoli,-0.30983131456630064,0.0,-0.9302142130483698,-0.5269653290350248,58,9433__583655
9433,J. Tarkowski,400549,Pau Torres,-0.377065482061957,0.013581632010775922,-0.8241868834297011,-0.5335579725406674,59,9433__400549
9433,J. Tarkowski,7953,C. Coady,-0.3779822498411411,0.013581632010775922,-0.8241868834297011,-0.5341538715971371,60,7953__9433
9433,J. Tarkowski,415847,C. Romero,-0.3367073580069769,0.0,-0.9302142130483698,-0.5444347572714644,61,9433__415847
9433,J. Tarkowski,518805,L. Woolfenden,-0.40758581429163654,0.013581632010775922,-0.8241868834297011,-0.5533961884899592,62,9433__518805
9433,J. Tarkowski,488453,L. Martínez,-0.44899574904743134,0.013581632010775922,-0.8241868834297011,-0.5803126460812258,63,9433__488453
9433,J. Tarkowski,297957,M. Akanji,-0.46558128379978475,0.0,-0.9302142130483698,-0.6282028090367895,64,9433__297957
15806,J. Vestergaard,370,V. van Dijk,1.2502472640332971,0.4428382164220185,1.8600308579363682,1.4636715218993719,1,370__15806
15806,J. Vestergaard,620468,J. Greaves,0.47532344642300434,0.4487927177476606,1.9012218356571777,0.974387882654965,2,15806__620468
15806,J. Vestergaard,393247,I. Konaté,0.6795719523759649,0.3506610417104127,1.2223841865749407,0.8695562343456065,3,15806__393247
15806,J. Vestergaard,590781,J. van Hecke,0.3713172140874134,0.4327287933128474,1.7900977100055977,0.8678903876587778,4,15806__590781
15806,J. Vestergaard,424806,E. Pinnock,0.34429003317173273,0.4288654048927142,1.763372256833685,0.840968811453416,5,15806__424806
15806,J. Vestergaard,496001,M. Kilman,0.21511206971309893,0.4487927177476606,1.9012218356571777,0.8052504877935265,6,15806__496001
15806,J. Vestergaard,62126,M. Doherty,0.7583139141235069,0.29906842710358156,0.8654860816611571,0.7958241727616845,7,15806__62126
15806,J. Vestergaard,475597,S. Botman,0.25862331818724715,0.3917914041308359,1.5069084060612414,0.6955230989431451,8,15806__475597
15806,J. Vestergaard,136441,B. Davies,0.14726317305346362,0.3917914041308359,1.5069084060612414,0.6231390046061858,9,15806__136441
15806,J. Vestergaard,145787,J. Andersen,0.17933039824973807,0.37581738257746256,1.3964061943843007,0.605306926896835,10,15806__145787
15806,J. Vestergaard,8653,H. Maguire,0.021797639903323104,0.36997337894722304,1.3559795977359967,0.48876132514475884,11,8653__15806
15806,J. Vestergaard,479155,N. Collins,0.08822294283203902,0.3514100720884007,1.2275656941310897,0.4869929057867068,12,15806__479155
15806,J. Vestergaard,192792,D. Burn,0.24240375437990738,0.28208308734497484,0.7479879548970828,0.41935822456091876,13,15806__192792
15806,J. Vestergaard,777938,Dean Huijsen,-0.058640811738589274,0.3456712547779095,1.1878667364766051,0.3776368301367287,14,15806__777938
15806,J. Vestergaard,578325,W. Saliba,0.3422368275810369,0.22371094401951044,0.34419164623209,0.34292101410890546,15,15806__578325
15806,J. Vestergaard,240032,J. Bednarek,0.06595702853892717,0.27600001322248985,0.7059075594197519,0.2899397143472158,16,15806__240032
15806,J. Vestergaard,623641,E. Agbadou,0.2541504502647886,0.22371094401951044,0.34419164623209,0.2856648688533441,17,15806__623641
15806,J. Vestergaard,366217,K. Danso,-0.00889585845189609,0.2885480630006466,0.7927102000751262,0.27166626203256167,18,15806__366217
15806,J. Vestergaard,8360,C. Dawson,0.18929513901766737,0.22371094401951044,0.34419164623209,0.24350891654271528,19,8360__15806
15806,J. Vestergaard,7919,M. Keane,-0.03446156478354201,0.28208308734497484,0.7479879548970828,0.23939576710467667,20,7919__15806
15806,J. Vestergaard,9433,J. Tarkowski,-0.04811047290364348,0.28208308734497484,0.7479879548970828,0.23052397682661072,21,9433__15806
15806,J. Vestergaard,399581,D. O'Shea,-0.1090170149130634,0.28208308734497484,0.7479879548970828,0.19093472452048776,22,15806__399581
15806,J. Vestergaard,365443,M. de Ligt,0.0355252042397563,0.2338418080149976,0.41427311406779666,0.16808697267957043,23,15806__365443
15806,J. Vestergaard,568412,J. Gvardiol,-0.14970494129510278,0.22371094401951044,0.34419164623209,0.023158864339414664,24,15806__568412
15806,J. Vestergaard,413002,K. Mavropanos,-0.058364682289743564,0.1983837744126456,0.16898791010813705,0.021208725049514647,25,15806__413002
15806,J. Vestergaard,627012,Murillo,-0.17715824096814525,0.22371094401951044,0.34419164623209,0.0053142195519370605,26,15806__627012
15806,J. Vestergaard,590874,Toti,-0.1146047547613805,0.1944840896252983,0.142011372458869,-0.024789110234293178,27,15806__590874
15806,J. Vestergaard,619747,L. Colwill,-0.28025822200938577,0.2366581384188589,0.4337554177193756,-0.03035344810431931,28,15806__619747
15806,J. Vestergaard,234399,A. Webster,-0.10328888354398785,0.15632559277368888,-0.1219546102012693,-0.10982188787403635,29,15806__234399
15806,J. Vestergaard,424241,N. Milenković,-0.3099868462021357,0.17338852119102416,-0.003919754576406378,-0.2028633641331304,30,15806__424241
15806,J. Vestergaard,625787,M. van de Ven,-0.2888206935886526,0.16670963040268574,-0.05012178336384632,-0.2052760750099704,31,15806__625787
15806,J. Vestergaard,590703,I. Zabarnyi,-0.3157230549493847,0.16670963040268574,-0.05012178336384632,-0.22276260989444624,32,15806__590703
15806,J. Vestergaard,415917,Gabriel Magalhaes,-0.26316891095092687,0.10784095344994246,-0.4573529230013004,-0.3311333151685576,33,15806__415917
15806,J. Vestergaard,769441,L. Yoro,-0.504037331938259,0.16670963040268574,-0.05012178336384632,-0.3451668899372145,34,15806__769441
15806,J. Vestergaard,239411,T. Mings,-0.6096684432850072,0.19273584543315192,0.12991768339390422,-0.3508132989473883,35,15806__239411
15806,J. Vestergaard,604320,J. Branthwaite,-0.27407102391836485,0.09708464358902434,-0.5317609876919941,-0.3642625112391351,36,15806__604320
15806,J. Vestergaard,346131,T. Chalobah,-0.39731040005779483,0.12711179478495002,-0.324044564722289,-0.3716673576903678,37,15806__346131
15806,J. Vestergaard,558243,S. van den Berg,-0.6086433250137486,0.17514788784307356,0.008250875440119269,-0.3927303548548949,38,15806__558243
15806,J. Vestergaard,412968,M. Senesi,-0.6083789167264758,0.14956860295511737,-0.16869689840564725,-0.45449021031418585,39,15806__412968
15806,J. Vestergaard,545267,R. Drăgușin,-0.5612226754058317,0.11320888269361074,-0.42021962807185864,-0.5118716088389411,40,15806__545267
15806,J. Vestergaard,534563,C. Richards,-0.7034402802403771,0.12506044525831572,-0.3382350213244754,-0.5756184396198115,41,15806__534563
15806,J. Vestergaard,283145,T. Adarabioyo,-0.5359406372331135,0.07437055731553885,-0.6888884061729679,-0.5894723563620625,42,15806__283145
15806,J. Vestergaard,9097,L. Dunk,-0.4994216494628143,0.035194721141734595,-0.9598919557196179,-0.6605862566526957,43,9097__15806
15806,J. Vestergaard,397074,M. Guéhi,-0.7044640375105141,0.07783054195292097,-0.6649535470943396,-0.690635365864853,44,15806__397074
15806,J. Vestergaard,415847,C. Romero,-0.8506898908928576,0.09699149313390094,-0.5324053671474404,-0.7392903075819616,45,15806__415847
15806,J. Vestergaard,583655,C. Okoli,-0.8367941864767598,0.08279415042653125,-0.6306171896279562,-0.7646322375796786,46,15806__583655
15806,J. Vestergaard,557788,W. Fofana,-0.8357581928770822,0.05561128015496534,-0.8186579578652491,-0.8297731106229407,47,15806__557788
15806,J. Vestergaard,50102,F. Schär,-0.9095484761713182,0.023883995244168947,-1.0381352598980023,-0.9545538504756576,48,15806__50102
15806,J. Vestergaard,412027,E. Konsa,-0.8833781146898778,0.01584592161663812,-1.0937395991369634,-0.9570046342463578,49,15806__412027
15806,J. Vestergaard,349142,N. Mazraoui,-0.8648330692895494,0.0,-1.2033556641239411,-0.9833159774815865,50,15806__349142
15806,J. Vestergaard,288080,C. Burgess,-0.9036641186384474,0.0,-1.2033556641239411,-1.0085561595583703,51,15806__288080
15806,J. Vestergaard,504375,M. Lacroix,-0.9327801477261767,0.0,-1.2033556641239411,-1.0274815784653941,52,15806__504375
15806,J. Vestergaard,447424,C. Bassey,-0.9338723244250764,0.0,-1.2033556641239411,-1.028191493319679,53,15806__447424
15806,J. Vestergaard,364003,S. Bueno,-0.9360823045412966,0.0,-1.2033556641239411,-1.0296279803952222,54,15806__364003
15806,J. Vestergaard,549884,T. Harwood-Bellis,-1.054331672112162,0.0,-1.2033556641239411,-1.1064900693162847,55,15806__549884
15806,J. Vestergaard,286380,I. Diop,-1.0935783102050785,0.0,-1.2033556641239411,-1.1320003840766804,56,15806__286380
15806,J. Vestergaard,258154,Rúben Dias,-1.145199297280847,0.0,-1.2033556641239411,-1.1655540256759298,57,15806__258154
15806,J. Vestergaard,501419,J. Todibo,-1.153711781648571,0.0,-1.2033556641239411,-1.1710871405149506,58,15806__501419
15806,J. Vestergaard,285382,W. Faes,-1.160931610848665,0.0,-1.2033556641239411,-1.1757800294950116,59,15806__285382
15806,J. Vestergaard,400549,Pau Torres,-1.2470094912970409,0.0,-1.2033556641239411,-1.231730651786456,60,15806__400549
15806,J. Vestergaard,7953,C. Coady,-1.247926259076225,0.0,-1.2033556641239411,-1.2323265508429255,61,7953__15806
15806,J. Vestergaard,297957,M. Akanji,-1.2621961644900244,0.0,-1.2033556641239411,-1.2416019893618953,62,15806__297957
15806,J. Vestergaard,518805,L. Woolfenden,-1.2684943484890951,0.0,-1.2033556641239411,-1.2456958089612913,63,15806__518805
15806,J. Vestergaard,488453,L. Martínez,-1.318939758282515,0.0,-1.2033556641239411,-1.278485325327014,64,15806__488453
50102,F. Schär,370,V. van Dijk,1.1920491359168326,0.6737734164852442,2.1620550479244938,1.5315512051195141,1,370__50102
50102,F. Schär,62126,M. Doherty,0.7300436063981556,0.6737734164852442,2.1620550479244938,1.231247610932374,2,50102__62126
50102,F. Schär,393247,I. Konaté,0.6213738242595006,0.625133343678578,1.9310281568517984,1.0797528406668047,3,50102__393247
50102,F. Schär,578325,W. Saliba,0.4566230826650897,0.533999860916211,1.4981693229659416,0.8211642667703879,4,50102__578325
50102,F. Schär,590781,J. van Hecke,0.31311908597094923,0.5567745629189123,1.6063428575678482,0.7657474060298639,5,50102__590781
50102,F. Schär,620468,J. Greaves,0.41712531830654,0.5075006527886261,1.3723054145392832,0.7514383519880001,6,50102__620468
50102,F. Schär,623641,E. Agbadou,0.27350446790326777,0.5417395580826574,1.5349307435607562,0.7150036643833887,7,50102__623641
50102,F. Schär,8360,C. Dawson,0.2241109180611033,0.5247987515809777,1.4544665988234815,0.6547354063279357,8,8360__50102
50102,F. Schär,145787,J. Andersen,0.12113227013327395,0.4755725167752206,1.2206556003985385,0.5059654357261165,9,50102__145787
50102,F. Schär,424806,E. Pinnock,0.28609190505526866,0.3958111818112937,0.8418113228053017,0.4805937012677802,10,50102__424806
50102,F. Schär,365443,M. de Ligt,0.016935902509114156,0.4912844520916555,1.2952829469347829,0.4643573680580982,11,50102__365443
50102,F. Schär,627012,Murillo,-0.04965750885395562,0.5159870952359806,1.4126136686546218,0.46213740327404645,12,50102__627012
50102,F. Schär,240032,J. Bednarek,0.016452499836691514,0.45319125529648785,1.1143507994524335,0.40071690470220117,13,50102__240032
50102,F. Schär,496001,M. Kilman,0.15691394159663485,0.38157740943310053,0.7742048413380351,0.3729657565061249,14,50102__496001
50102,F. Schär,590874,Toti,-0.018504032342088222,0.438827674635778,1.046127764550625,0.35411709657036144,15,50102__590874
50102,F. Schär,475597,S. Botman,0.1798333134679003,0.2953732825400303,0.3647590842787924,0.24455733325171253,16,50102__475597
50102,F. Schär,366217,K. Danso,-0.06554118740500012,0.3831944152605679,0.7818851717242804,0.231058038290248,17,50102__366217
50102,F. Schär,568412,J. Gvardiol,-0.12241506736595842,0.40387357479694086,0.8801054592775869,0.2284671169592824,18,50102__568412
50102,F. Schär,413002,K. Mavropanos,-0.07877485753091135,0.3582464075292423,0.6633890360886487,0.18098250523593468,19,50102__413002
50102,F. Schär,8653,H. Maguire,-0.03640048821314095,0.3163322405601915,0.4643083372325699,0.13884760069285784,20,8653__50102
50102,F. Schär,619747,L. Colwill,-0.30772881163993604,0.41319292024684534,0.9243697722584019,0.1235056927244822,21,50102__619747
50102,F. Schär,234399,A. Webster,-0.11380518328792152,0.3093123209235505,0.4309656608003285,0.07686461214296597,22,50102__234399
50102,F. Schär,777938,Dean Huijsen,-0.11683893985505339,0.30643276414665954,0.4172885626496602,0.07010568602159634,23,50102__777938
50102,F. Schär,136441,B. Davies,0.03653474748066572,0.21668811399619112,-0.008973700506900235,0.02060679068501764,24,50102__136441
50102,F. Schär,192792,D. Burn,0.18420562626344317,0.1554471248966294,-0.2998514583204023,0.014785646659097276,25,50102__192792
50102,F. Schär,7919,M. Keane,-0.09265969290000606,0.2627202010720789,0.20966597976250198,0.013154292531871746,26,7919__50102
50102,F. Schär,479155,N. Collins,0.03002481471557493,0.20568856237760308,-0.06121852801233424,-0.0019103552391932788,27,50102__479155
50102,F. Schär,9433,J. Tarkowski,-0.22530332716688833,0.2627202010720789,0.20966597976250198,-0.07306406974160175,28,9433__50102
50102,F. Schär,424241,N. Milenković,-0.3531640613195965,0.29147700320052294,0.3462528352002796,-0.10836814753763986,29,50102__424241
50102,F. Schär,415917,Gabriel Magalhaes,-0.2902884615340497,0.2627202010720789,0.20966597976250198,-0.11530440708025662,30,50102__415917
50102,F. Schär,769441,L. Yoro,-0.4108563941622073,0.30793480484755625,0.4244228404862111,-0.11850866203526092,31,50102__769441
50102,F. Schär,625787,M. van de Ven,-0.32051543019108075,0.2571367381987009,0.18314607560480217,-0.14423390316252174,32,50102__625787
50102,F. Schär,604320,J. Branthwaite,-0.297924868670175,0.22352512197622365,0.02350019615325539,-0.18542609598197435,33,50102__604320
50102,F. Schär,399581,D. O'Shea,-0.21995373950854782,0.12412332258972253,-0.44863085452534834,-0.299990729764428,34,50102__399581
50102,F. Schär,590703,I. Zabarnyi,-0.34921504575000395,0.1712123488671265,-0.2249710054180064,-0.3057296316338048,35,50102__590703
50102,F. Schär,346131,T. Chalobah,-0.4159999504394813,0.12711179478495002,-0.43443643826563466,-0.42245272117863497,36,50102__346131
50102,F. Schär,545267,R. Drăgușin,-0.6101731759837387,0.11320888269361074,-0.5004714248925234,-0.5717775631018134,37,50102__545267
50102,F. Schär,9097,L. Dunk,-0.5218367424027287,0.035194721141734595,-0.8710171120795459,-0.6440498717896148,38,9097__50102
50102,F. Schär,283145,T. Adarabioyo,-0.5941387653495778,0.04012651852420041,-0.8475924387407474,-0.6828475510364871,39,50102__283145
50102,F. Schär,412968,M. Senesi,-0.7520692198617724,0.045856254338657504,-0.8203777785747683,-0.7759772154113209,40,50102__412968
50102,F. Schär,239411,T. Mings,-0.8912648958126018,0.07562202116894959,-0.678998619901826,-0.8169716992438303,41,50102__239411
50102,F. Schär,412027,E. Konsa,-0.7673173140217339,0.01584592161663812,-0.96291855758189,-0.8357777492677885,42,50102__412027
50102,F. Schär,397074,M. Guéhi,-0.8098242055884196,0.02412334960928205,-0.9236030643090973,-0.8496468061406568,43,50102__397074
50102,F. Schär,557788,W. Fofana,-0.9404705873218553,0.05561128015496534,-0.7740441043709212,-0.8822213182890284,44,50102__557788
50102,F. Schär,447424,C. Bassey,-0.8366537637857142,0.0,-1.038182301980969,-0.9071887521540534,45,50102__447424
50102,F. Schär,534563,C. Richards,-0.992956685307542,0.045856254338657504,-0.8203777785747683,-0.9325540679510712,46,50102__534563
50102,F. Schär,15806,J. Vestergaard,-0.9095484761713182,0.0,-1.038182301980969,-0.9545703152046959,47,15806__50102
50102,F. Schär,558243,S. van den Berg,-1.036398901680687,0.045856254338657504,-0.8203777785747683,-0.9607915085936154,48,50102__558243
50102,F. Schär,349142,N. Mazraoui,-0.9212931361080146,0.0,-1.038182301980969,-0.9622043441635486,49,50102__349142
50102,F. Schär,415847,C. Romero,-1.1375641778417191,0.027094250291509945,-0.9094921078755208,-1.0577389533535497,50,50102__415847
50102,F. Schär,364003,S. Bueno,-1.0781410514567258,0.0,-1.038182301980969,-1.064155489140211,51,50102__364003
50102,F. Schär,583655,C. Okoli,-1.2010957171634742,0.02035082279727186,-0.9415215231142753,-1.1102447492462546,52,50102__583655
50102,F. Schär,288080,C. Burgess,-1.1491962403999028,0.0,-1.038182301980969,-1.1103413619532758,53,50102__288080
50102,F. Schär,258154,Rúben Dias,-1.178585211161737,0.0,-1.038182301980969,-1.1294441929484682,54,50102__258154
50102,F. Schär,286380,I. Diop,-1.1894759025020192,0.0,-1.038182301980969,-1.1365231423196516,55,50102__286380
50102,F. Schär,504375,M. Lacroix,-1.2427137511152258,0.0,-1.038182301980969,-1.171127743918236,56,50102__504375
50102,F. Schär,285382,W. Faes,-1.2568292031456056,0.0,-1.038182301980969,-1.1803027877379828,57,50102__285382
50102,F. Schär,501419,J. Todibo,-1.2725142501338869,0.0,-1.038182301980969,-1.1904980682803656,58,50102__501419
50102,F. Schär,549884,T. Harwood-Bellis,-1.3920472524350536,0.0,-1.038182301980969,-1.268194519776124,59,50102__549884
50102,F. Schär,7953,C. Coady,-1.4100342741389078,0.0,-1.038182301980969,-1.2798860838836292,60,7953__50102
50102,F. Schär,400549,Pau Torres,-1.4421122085139084,0.0,-1.038182301980969,-1.3007367412273796,61,50102__400549
50102,F. Schär,518805,L. Woolfenden,-1.510782665109364,0.0,-1.038182301980969,-1.3453725380144257,62,50102__518805
50102,F. Schär,297957,M. Akanji,-1.516085510180853,0.0,-1.038182301980969,-1.3488193873108938,63,50102__297957
50102,F. Schär,488453,L. Martínez,-1.5609964747187994,0.0,-1.038182301980969,-1.378011514260559,64,50102__488453
62126,M. Doherty,370,V. van Dijk,1.682604363533415,0.008849781722109706,1.1354501175551446,1.4911003774410203,1,370__62126
62126,M. Doherty,192792,D. Burn,1.493887603972542,0.008849781722109706,1.1354501175551446,1.3684344837264528,2,62126__192792
62126,M. Doherty,475597,S. Botman,1.4068446780995696,0.008849781722109706,1.1354501175551446,1.3118565819090209,3,62126__475597
62126,M. Doherty,136441,B. Davies,1.3674247674841062,0.008849781722109706,1.1354501175551446,1.2862336400089698,4,62126__136441
62126,M. Doherty,620468,J. Greaves,1.3635201883884849,0.008849781722109706,1.1354501175551446,1.2836956635968158,5,62126__620468
62126,M. Doherty,424806,E. Pinnock,1.3485679523168352,0.008849781722109706,1.1354501175551446,1.2739767101502435,6,62126__424806
62126,M. Doherty,399581,D. O'Shea,1.296078730506891,0.008849781722109706,1.1354501175551446,1.2398587159737797,7,62126__399581
62126,M. Doherty,479155,N. Collins,1.2663260704937467,0.008849781722109706,1.1354501175551446,1.220519486965236,8,62126__479155
62126,M. Doherty,393247,I. Konaté,1.236455181720889,0.008849781722109706,1.1354501175551446,1.2011034092628785,9,62126__393247
62126,M. Doherty,7919,M. Keane,1.235339009271909,0.008849781722109706,1.1354501175551446,1.2003778971710415,10,7919__62126
62126,M. Doherty,496001,M. Kilman,1.2324036347830634,0.008849781722109706,1.1354501175551446,1.1984699037532918,11,62126__496001
62126,M. Doherty,590781,J. van Hecke,1.2284296177987877,0.008849781722109706,1.1354501175551446,1.1958867927135126,12,62126__590781
62126,M. Doherty,9433,J. Tarkowski,1.19116081825794,0.008849781722109706,1.1354501175551446,1.1716620730119616,13,9433__62126
62126,M. Doherty,145787,J. Andersen,1.110684166007883,0.008849781722109706,1.1354501175551446,1.1193522490494245,14,62126__145787
62126,M. Doherty,8653,H. Maguire,1.0987415236601237,0.008849781722109706,1.1354501175551446,1.111589531523381,15,8653__62126
62126,M. Doherty,240032,J. Bednarek,1.0447458921759103,0.008849781722109706,1.1354501175551446,1.0764923710586423,16,62126__240032
62126,M. Doherty,366217,K. Danso,1.033889679284093,0.008849781722109706,1.1354501175551446,1.069435832678961,17,62126__366217
62126,M. Doherty,777938,Dean Huijsen,1.0273539601077661,0.008849781722109706,1.1354501175551446,1.0651876152143487,18,62126__777938
62126,M. Doherty,412968,M. Senesi,0.9366017585493012,0.008849781722109706,1.1354501175551446,1.0061986842013464,19,62126__412968
62126,M. Doherty,558243,S. van den Berg,0.9201255254471891,0.008849781722109706,1.1354501175551446,0.9954891326849735,20,62126__558243
62126,M. Doherty,397074,M. Guéhi,0.8679166754820486,0.008849781722109706,1.1354501175551446,0.9615533802076321,21,62126__397074
62126,M. Doherty,283145,T. Adarabioyo,0.8473913143776043,0.008849781722109706,1.1354501175551446,0.9482118954897434,22,62126__283145
62126,M. Doherty,534563,C. Richards,0.8423775941890376,0.008849781722109706,1.1354501175551446,0.944952977367175,23,62126__534563
62126,M. Doherty,239411,T. Mings,0.8397710464926927,0.008849781722109706,1.1354501175551446,0.9432587213645509,24,62126__239411
62126,M. Doherty,583655,C. Okoli,0.742266124425,0.008849781722109706,1.1354501175551446,0.8798805220205506,25,62126__583655
62126,M. Doherty,50102,F. Schär,0.7300436063981556,0.008849781722109706,1.1354501175551446,0.8719358853031017,26,50102__62126
62126,M. Doherty,415847,C. Romero,0.7222050426656168,0.008849781722109706,1.1354501175551446,0.8668408188769515,27,62126__415847
62126,M. Doherty,424241,N. Milenković,0.795870185412728,0.007454759519229594,0.8186417849272964,0.803840245242827,28,62126__424241
62126,M. Doherty,578325,W. Saliba,1.193995892437326,0.0,-0.8743276377476721,0.47008265687257667,29,62126__578325
62126,M. Doherty,8360,C. Dawson,1.0995441735703808,0.0,-0.8743276377476721,0.40868903960906233,30,8360__62126
62126,M. Doherty,623641,E. Agbadou,1.0687593512862685,0.0,-0.8743276377476721,0.3886789051243894,31,62126__623641
62126,M. Doherty,413002,K. Mavropanos,0.9936207804979222,0.0,-0.8743276377476721,0.33983883411196425,32,62126__413002
62126,M. Doherty,365443,M. de Ligt,0.9891672459375211,0.0,-0.8743276377476721,0.33694403664770356,33,62126__365443
62126,M. Doherty,568412,J. Gvardiol,0.9716596790914085,0.0,-0.8743276377476721,0.32556411819773035,34,62126__568412
62126,M. Doherty,590874,Toti,0.9518565063626809,0.0,-0.8743276377476721,0.31269205592405747,35,62126__590874
62126,M. Doherty,415917,Gabriel Magalhaes,0.9443793344686624,0.0,-0.8743276377476721,0.30783189419294543,36,62126__415917
62126,M. Doherty,627012,Murillo,0.9419141470932177,0.0,-0.8743276377476721,0.30622952239890633,37,62126__627012
62126,M. Doherty,625787,M. van de Ven,0.941636259488192,0.0,-0.8743276377476721,0.3060488954556396,38,62126__625787
62126,M. Doherty,234399,A. Webster,0.937762794708248,0.0,-0.8743276377476721,0.30353114334867604,39,62126__234399
62126,M. Doherty,590703,I. Zabarnyi,0.9369653309556658,0.0,-0.8743276377476721,0.3030127919094976,40,62126__590703
62126,M. Doherty,604320,J. Branthwaite,0.9191133342903484,0.0,-0.8743276377476721,0.29140899407704124,41,62126__604320
62126,M. Doherty,346131,T. Chalobah,0.9121274569594929,0.0,-0.8743276377476721,0.28686817381198526,42,62126__346131
62126,M. Doherty,9097,L. Dunk,0.8875766671177666,0.0,-0.8743276377476721,0.27091016041486315,43,9097__62126
62126,M. Doherty,545267,R. Drăgușin,0.8589651205875698,0.0,-0.8743276377476721,0.25231265517023516,44,62126__545267
62126,M. Doherty,769441,L. Yoro,0.8573681258100544,0.0,-0.8743276377476721,0.2512746085648502,45,62126__769441
62126,M. Doherty,15806,J. Vestergaard,0.7583139141235069,0.0,-0.8743276377476721,0.18688937096859431,46,15806__62126
62126,M. Doherty,349142,N. Mazraoui,0.7572393337035823,0.0,-0.8743276377476721,0.18619089369564334,47,62126__349142
62126,M. Doherty,447424,C. Bassey,0.7542777278912948,0.0,-0.8743276377476721,0.18426584991765643,48,62126__447424
62126,M. Doherty,364003,S. Bueno,0.7452060906604785,0.0,-0.8743276377476721,0.17836928571762584,49,62126__364003
62126,M. Doherty,412027,E. Konsa,0.7450782136188673,0.0,-0.8743276377476721,0.1782861656405786,50,62126__412027
62126,M. Doherty,288080,C. Burgess,0.7383136057973265,0.0,-0.8743276377476721,0.17388917055657704,51,62126__288080
62126,M. Doherty,619747,L. Colwill,0.7359000164577774,0.0,-0.8743276377476721,0.1723203374858701,52,62126__619747
62126,M. Doherty,557788,W. Fofana,0.7128114304754168,0.0,-0.8743276377476721,0.1573127565973358,53,62126__557788
62126,M. Doherty,504375,M. Lacroix,0.7016428884854131,0.0,-0.8743276377476721,0.15005320430383334,54,62126__504375
62126,M. Doherty,286380,I. Diop,0.667465017865798,0.0,-0.8743276377476721,0.12783758840108356,55,62126__286380
62126,M. Doherty,501419,J. Todibo,0.6416513407604438,0.0,-0.8743276377476721,0.11105869828260334,56,62126__501419
62126,M. Doherty,258154,Rúben Dias,0.63787884172268,0.0,-0.8743276377476721,0.10860657390805678,57,62126__258154
62126,M. Doherty,285382,W. Faes,0.6331910370662003,0.0,-0.8743276377476721,0.10555950088134503,58,62126__285382
62126,M. Doherty,549884,T. Harwood-Bellis,0.6323072988505111,0.0,-0.8743276377476721,0.10498507104114702,59,62126__549884
62126,M. Doherty,400549,Pau Torres,0.5483536311119742,0.0,-0.8743276377476721,0.050415187011098095,60,62126__400549
62126,M. Doherty,7953,C. Coady,0.54743686333279,0.0,-0.8743276377476721,0.04981928795462831,61,7953__62126
62126,M. Doherty,297957,M. Akanji,0.5213343286644465,0.0,-0.8743276377476721,0.03285264042020508,62,62126__297957
62126,M. Doherty,518805,L. Woolfenden,0.5178332988822945,0.0,-0.8743276377476721,0.030576971061806235,63,62126__518805
62126,M. Doherty,488453,L. Martínez,0.47642336412649966,0.0,-0.8743276377476721,0.0036605134705395836,64,62126__488453
136441,B. Davies,370,V. van Dijk,1.6451745019644262,0.11445671860243159,1.2065287179177056,1.4916484775480738,1,370__136441
136441,B. Davies,62126,M. Doherty,1.3674247674841062,0.11445671860243159,1.2065287179177056,1.311111150135866,2,62126__136441
136441,B. Davies,393247,I. Konaté,1.2334215634056076,0.11445671860243159,1.2065287179177056,1.2240090674848418,3,136441__393247
136441,B. Davies,578325,W. Saliba,1.2048274758595767,0.11445671860243159,1.2065287179177056,1.205422910579922,4,136441__578325
136441,B. Davies,623641,E. Agbadou,1.021708861097755,0.11445671860243159,1.2065287179177056,1.0863958109847376,5,136441__623641
136441,B. Davies,8360,C. Dawson,0.9449834783933206,0.11445671860243159,1.2065287179177056,1.0365243122268553,6,8360__136441
136441,B. Davies,590781,J. van Hecke,0.8489284149648527,0.11445671860243159,1.2065287179177056,0.9740885209983512,7,136441__590781
136441,B. Davies,620468,J. Greaves,0.8405585742013506,0.11445671860243159,1.2065287179177056,0.9686481245020748,8,136441__620468
136441,B. Davies,424806,E. Pinnock,0.7296063045815617,0.11445671860243159,1.2065287179177056,0.896529149249212,9,136441__424806
136441,B. Davies,365443,M. de Ligt,0.7139524225948427,0.11445671860243159,1.2065287179177056,0.8863541259578447,10,136441__365443
136441,B. Davies,145787,J. Andersen,0.7101800831803464,0.11445671860243159,1.2065287179177056,0.8839021053384222,11,136441__145787
136441,B. Davies,627012,Murillo,0.6985468843405314,0.11445671860243159,1.2065287179177056,0.8763405260925423,12,136441__627012
136441,B. Davies,234399,A. Webster,0.6578516909007814,0.11445671860243159,1.2065287179177056,0.8498886503567049,13,136441__234399
136441,B. Davies,413002,K. Mavropanos,0.6544290844659401,0.11445671860243159,1.2065287179177056,0.847663956174058,14,136441__413002
136441,B. Davies,192792,D. Burn,0.6981542093983097,0.1095908705579719,1.1151256896361357,0.8440942274815488,15,136441__192792
136441,B. Davies,7919,M. Keane,0.6463288273202679,0.11445671860243159,1.2065287179177056,0.842398789029371,16,7919__136441
136441,B. Davies,9433,J. Tarkowski,0.6403071427290759,0.11445671860243159,1.2065287179177056,0.8384846940450963,17,9433__136441
136441,B. Davies,568412,J. Gvardiol,0.6257893258285284,0.11445671860243159,1.2065287179177056,0.8290481130597405,18,136441__568412
136441,B. Davies,415917,Gabriel Magalhaes,0.5951395959209875,0.11445671860243159,1.2065287179177056,0.8091257886198389,19,136441__415917
136441,B. Davies,8653,H. Maguire,0.5617592469951953,0.11445671860243159,1.2065287179177056,0.7874285618180739,20,8653__136441
136441,B. Davies,496001,M. Kilman,0.651192572103727,0.10345704538443042,0.9999042131969403,0.7732416464863516,21,136441__496001
136441,B. Davies,604320,J. Branthwaite,0.5278947893862171,0.11445671860243159,1.2065287179177056,0.7654166643722381,22,136441__604320
136441,B. Davies,424241,N. Milenković,0.40970826126156606,0.11445671860243159,1.2065287179177056,0.6885954210912149,23,136441__424241
136441,B. Davies,240032,J. Bednarek,0.6880676854327299,0.07813379890932322,0.5242170580296431,0.6307199658416495,24,136441__240032
136441,B. Davies,479155,N. Collins,0.540875850227188,0.09050532329551969,0.7566112435910238,0.6163832379045305,25,136441__479155
136441,B. Davies,619747,L. Colwill,0.3867127953651658,0.1006563176636811,0.9472936522567761,0.5829160952772294,26,136441__619747
136441,B. Davies,399581,D. O'Shea,0.5130193253739299,0.07826706825106503,0.5267204698298045,0.517814725933486,27,136441__399581
136441,B. Davies,366217,K. Danso,0.60174237408934,0.06110457741212562,0.20432987702863695,0.4626480001180939,28,136441__366217
136441,B. Davies,777938,Dean Huijsen,0.4968785723946755,0.05383785348139364,0.06782734614682662,0.3467106432079284,29,136441__777938
136441,B. Davies,590874,Toti,0.7297003608523988,0.027774459222612576,-0.42176319198383966,0.32668811735971537,30,136441__590874
136441,B. Davies,557788,W. Fofana,0.20472007241978835,0.05561128015496534,0.10114046380251036,0.16846720940374105,31,136441__557788
136441,B. Davies,239411,T. Mings,0.21985609456846847,0.02976576683029208,-0.3843572672778112,0.008381417922270595,32,136441__239411
136441,B. Davies,475597,S. Botman,0.5150056348774068,0.0,-0.9434954077525427,0.004530269956924515,33,136441__475597
136441,B. Davies,346131,T. Chalobah,0.3659029940837107,0.013902912091339287,-0.6823347106921864,-0.0009802025878532794,34,136441__346131
136441,B. Davies,625787,M. van de Ven,0.4105443634224646,0.0,-0.9434954077525427,-0.06336955648878789,35,136441__625787
136441,B. Davies,9097,L. Dunk,0.334720359925436,0.006649282862882583,-0.8185912627782207,-0.06893870802084387,36,9097__136441
136441,B. Davies,590703,I. Zabarnyi,0.3670439088657229,0.0,-0.9434954077525427,-0.09164485195067001,37,136441__590703
136441,B. Davies,769441,L. Yoro,0.33734799903227963,0.0,-0.9434954077525427,-0.11094719334240813,38,136441__769441
136441,B. Davies,283145,T. Adarabioyo,0.2505956674900541,0.001684122574108206,-0.9118598322342908,-0.15626375741346663,39,136441__283145
136441,B. Davies,545267,R. Drăgușin,0.1953840820611926,0.0,-0.9434954077525427,-0.2032237393736147,40,136441__545267
136441,B. Davies,412968,M. Senesi,0.17724380232215065,0.0,-0.9434954077525427,-0.215014921203992,41,136441__412968
136441,B. Davies,534563,C. Richards,0.1528243047123493,0.0,-0.9434954077525427,-0.23088759465036285,42,136441__534563
136441,B. Davies,397074,M. Guéhi,0.15250933709838546,0.0,-0.9434954077525427,-0.23109232359943935,43,136441__397074
136441,B. Davies,15806,J. Vestergaard,0.14726317305346362,0.0,-0.9434954077525427,-0.23450233022863853,44,15806__136441
136441,B. Davies,412027,E. Konsa,0.12258754110277814,0.0,-0.9434954077525427,-0.2505414909965841,45,136441__412027
136441,B. Davies,447424,C. Bassey,0.1129448153464237,0.0,-0.9434954077525427,-0.25680926273821447,46,136441__447424
136441,B. Davies,558243,S. van den Berg,0.09743661265864287,0.0,-0.9434954077525427,-0.26688959448527205,47,136441__558243
136441,B. Davies,349142,N. Mazraoui,0.09365829517720524,0.0,-0.9434954077525427,-0.2693455008482065,48,136441__349142
136441,B. Davies,286380,I. Diop,0.09073407113389309,0.0,-0.9434954077525427,-0.2712462464763594,49,136441__286380
136441,B. Davies,364003,S. Bueno,0.08162505213410137,0.0,-0.9434954077525427,-0.27716710882622403,50,136441__364003
136441,B. Davies,288080,C. Burgess,0.07742492977906693,0.0,-0.9434954077525427,-0.2798971883569964,51,136441__288080
136441,B. Davies,50102,F. Schär,0.03653474748066572,0.0,-0.9434954077525427,-0.3064758068509572,52,50102__136441
136441,B. Davies,504375,M. Lacroix,0.03232717616280214,0.0,-0.9434954077525427,-0.3092107282075685,53,136441__504375
136441,B. Davies,285382,W. Faes,0.023380770490306513,0.0,-0.9434954077525427,-0.31502589189469066,54,136441__285382
136441,B. Davies,583655,C. Okoli,0.013503259371553354,0.0,-0.9434954077525427,-0.3214462741218802,55,136441__583655
136441,B. Davies,415847,C. Romero,-0.013372784069122984,0.0,-0.9434954077525427,-0.33891570235831986,56,136441__415847
136441,B. Davies,501419,J. Todibo,-0.021929697765933204,0.0,-0.9434954077525427,-0.34447769626124647,57,136441__501419
136441,B. Davies,258154,Rúben Dias,-0.025702196803697147,0.0,-0.9434954077525427,-0.34692982063579303,58,136441__258154
136441,B. Davies,549884,T. Harwood-Bellis,-0.031273739675866,0.0,-0.9434954077525427,-0.3505513235027028,59,136441__549884
136441,B. Davies,400549,Pau Torres,-0.11522740741440288,0.0,-0.9434954077525427,-0.40512120753275177,60,136441__400549
136441,B. Davies,7953,C. Coady,-0.11614417519358719,0.0,-0.9434954077525427,-0.40571710658922155,61,7953__136441
136441,B. Davies,297957,M. Akanji,-0.14224670986193078,0.0,-0.9434954077525427,-0.4226837541236449,62,136441__297957
136441,B. Davies,518805,L. Woolfenden,-0.14574773964408239,0.0,-0.9434954077525427,-0.42495942348204346,63,136441__518805
136441,B. Davies,488453,L. Martínez,-0.18715767439987718,0.0,-0.9434954077525427,-0.45187588107331006,64,136441__488453
145787,J. Andersen,370,V. van Dijk,1.524356347487682,0.02978348909670067,0.6678138806674971,1.2245664841006174,1,370__145787
145787,J. Andersen,62126,M. Doherty,1.110684166007883,0.02978348909670067,0.6678138806674971,0.9556795661387479,2,62126__145787
145787,J. Andersen,578325,W. Saliba,0.9782099898292144,0.02978348909670067,0.6678138806674971,0.8695713516226133,3,145787__578325
145787,J. Andersen,393247,I. Konaté,0.9766809619293841,0.02978348909670067,0.6678138806674971,0.8685774834877237,4,145787__393247
145787,J. Andersen,623641,E. Agbadou,0.7880151288121058,0.02978348909670067,0.6678138806674971,0.7459446919614927,5,145787__623641
145787,J. Andersen,475597,S. Botman,0.7495999937958098,0.02978348909670067,0.6678138806674971,0.7209748542009004,6,145787__475597
145787,J. Andersen,424806,E. Pinnock,0.7345491051306299,0.02978348909670067,0.6678138806674971,0.7111917765685334,7,145787__424806
145787,J. Andersen,136441,B. Davies,0.7101800831803464,0.02978348909670067,0.6678138806674971,0.6953519123008491,8,136441__145787
145787,J. Andersen,8360,C. Dawson,0.6882428769170974,0.02978348909670067,0.6678138806674971,0.6810927282297373,9,8360__145787
145787,J. Andersen,590781,J. van Hecke,0.6777374056948148,0.02978348909670067,0.6678138806674971,0.6742641719352536,10,145787__590781
145787,J. Andersen,7919,M. Keane,0.6391863064130099,0.02978348909670067,0.6678138806674971,0.6492059574020804,11,7919__145787
145787,J. Andersen,399581,D. O'Shea,0.638834046203131,0.02978348909670067,0.6678138806674971,0.6489769882656591,12,145787__399581
145787,J. Andersen,496001,M. Kilman,0.5751589504793035,0.02978348909670067,0.6678138806674971,0.6075881760451712,13,145787__496001
145787,J. Andersen,240032,J. Bednarek,0.5024216652204746,0.02978348909670067,0.6678138806674971,0.5603089406269325,14,145787__240032
145787,J. Andersen,413002,K. Mavropanos,0.4918504687809489,0.02978348909670067,0.6678138806674971,0.5534376629412407,15,145787__413002
145787,J. Andersen,627012,Murillo,0.46323810290955847,0.02978348909670067,0.6678138806674971,0.534839625124837,16,145787__627012
145787,J. Andersen,8653,H. Maguire,0.4422375910443335,0.02978348909670067,0.6678138806674971,0.5211892924124407,17,8653__145787
145787,J. Andersen,415917,Gabriel Magalhaes,0.4325609802359966,0.02978348909670067,0.6678138806674971,0.5148994953870217,18,145787__415917
145787,J. Andersen,366217,K. Danso,0.4316658215524353,0.02978348909670067,0.6678138806674971,0.5143176422427069,19,145787__366217
145787,J. Andersen,568412,J. Gvardiol,0.3956010302829537,0.02978348909670067,0.6678138806674971,0.49087552791754385,20,145787__568412
145787,J. Andersen,625787,M. van de Ven,0.359228314737346,0.02978348909670067,0.6678138806674971,0.4672332628128989,21,145787__625787
145787,J. Andersen,590703,I. Zabarnyi,0.3527601320066288,0.02978348909670067,0.6678138806674971,0.4630289440379327,22,145787__590703
145787,J. Andersen,346131,T. Chalobah,0.33314394108572404,0.02978348909670067,0.6678138806674971,0.4502784199393446,23,145787__346131
145787,J. Andersen,769441,L. Yoro,0.30957303277546,0.02978348909670067,0.6678138806674971,0.43495732953767297,24,145787__769441
145787,J. Andersen,9097,L. Dunk,0.3085931512439979,0.02978348909670067,0.6678138806674971,0.4343204065422226,25,9097__145787
145787,J. Andersen,412968,M. Senesi,0.30754330178579337,0.02978348909670067,0.6678138806674971,0.43363800439438965,26,145787__412968
145787,J. Andersen,558243,S. van den Berg,0.283892278362464,0.02978348909670067,0.6678138806674971,0.4182648391692256,27,145787__558243
145787,J. Andersen,545267,R. Drăgușin,0.27998160471380096,0.02978348909670067,0.6678138806674971,0.4157229012975946,28,145787__545267
145787,J. Andersen,534563,C. Richards,0.21331913742552994,0.02978348909670067,0.6678138806674971,0.3723922975602184,29,145787__534563
145787,J. Andersen,15806,J. Vestergaard,0.17933039824973807,0.02978348909670067,0.6678138806674971,0.3502996170959537,30,15806__145787
145787,J. Andersen,349142,N. Mazraoui,0.17825581782981365,0.02978348909670067,0.6678138806674971,0.34960113982300284,31,145787__349142
145787,J. Andersen,447424,C. Bassey,0.17529421201752599,0.02978348909670067,0.6678138806674971,0.34767609604501587,32,145787__447424
145787,J. Andersen,364003,S. Bueno,0.16622257478670982,0.02978348909670067,0.6678138806674971,0.34177953184498533,33,145787__364003
145787,J. Andersen,412027,E. Konsa,0.16609469774509855,0.02978348909670067,0.6678138806674971,0.341696411767938,34,145787__412027
145787,J. Andersen,288080,C. Burgess,0.15873359902571363,0.02978348909670067,0.6678138806674971,0.33691169760033784,35,145787__288080
145787,J. Andersen,50102,F. Schär,0.12113227013327395,0.02978348909670067,0.6678138806674971,0.31247083382025204,36,50102__145787
145787,J. Andersen,286380,I. Diop,0.08848150199202942,0.02978348909670067,0.6678138806674971,0.2912478345284431,37,145787__286380
145787,J. Andersen,501419,J. Todibo,0.06266782488667522,0.02978348909670067,0.6678138806674971,0.27446894440996283,38,145787__501419
145787,J. Andersen,285382,W. Faes,0.05420752119243141,0.02978348909670067,0.6678138806674971,0.2689697470087044,39,145787__285382
145787,J. Andersen,549884,T. Harwood-Bellis,0.053323782976742506,0.02978348909670067,0.6678138806674971,0.2683953171685066,40,145787__549884
145787,J. Andersen,400549,Pau Torres,-0.030629884761794346,0.02978348909670067,0.6678138806674971,0.21382543313845764,41,145787__400549
145787,J. Andersen,7953,C. Coady,-0.031546652540978604,0.02978348909670067,0.6678138806674971,0.2132295340819879,42,7953__145787
145787,J. Andersen,518805,L. Woolfenden,-0.06115021699147394,0.02978348909670067,0.6678138806674971,0.1939872171891659,43,145787__518805
145787,J. Andersen,488453,L. Martínez,-0.10256015174726901,0.02978348909670067,0.6678138806674971,0.1670707595978991,44,145787__488453
145787,J. Andersen,192792,D. Burn,0.7934428995061749,0.006430278619772508,-1.0260954273864946,0.15660448509374064,45,145787__192792
145787,J. Andersen,620468,J. Greaves,0.699675311141242,0.0,-1.492511332735967,-0.06759001421578109,46,145787__620468
145787,J. Andersen,9433,J. Tarkowski,0.5672713530819686,0.0,-1.492511332735967,-0.15365258695430878,47,9433__145787
145787,J. Andersen,479155,N. Collins,0.559999673141391,0.0,-1.492511332735967,-0.15837917891568426,48,145787__479155
145787,J. Andersen,590874,Toti,0.5137873265797941,0.0,-1.492511332735967,-0.18841720418072222,49,145787__590874
145787,J. Andersen,234399,A. Webster,0.41896355054899465,0.0,-1.492511332735967,-0.2500526586007419,50,145787__234399
145787,J. Andersen,365443,M. de Ligt,0.39952080508263843,0.0,-1.492511332735967,-0.2626904431538734,51,145787__365443
145787,J. Andersen,777938,Dean Huijsen,0.3217255268115257,0.0,-1.492511332735967,-0.3132573740300967,52,145787__777938
145787,J. Andersen,604320,J. Branthwaite,0.28900664903443035,0.0,-1.492511332735967,-0.3345246445852087,53,145787__604320
145787,J. Andersen,397074,M. Guéhi,0.1714104453033729,0.0,-1.492511332735967,-0.410962177010396,54,145787__397074
145787,J. Andersen,424241,N. Milenković,0.17082012090977933,0.0,-1.492511332735967,-0.41134588786623183,55,145787__424241
145787,J. Andersen,283145,T. Adarabioyo,0.15269847827962651,0.0,-1.492511332735967,-0.4231249555758312,56,145787__283145
145787,J. Andersen,239411,T. Mings,0.11810821630983069,0.0,-1.492511332735967,-0.4456086258561984,57,145787__239411
145787,J. Andersen,619747,L. Colwill,0.10416537388323194,0.0,-1.492511332735967,-0.4546714734334877,58,145787__619747
145787,J. Andersen,557788,W. Fofana,0.05751838993485233,0.0,-1.492511332735967,-0.4849920129999344,59,145787__557788
145787,J. Andersen,504375,M. Lacroix,0.04152645721582315,0.0,-1.492511332735967,-0.49538676926730335,60,145787__504375
145787,J. Andersen,583655,C. Okoli,0.036898142994696514,0.0,-1.492511332735967,-0.4983951735110357,61,145787__583655
145787,J. Andersen,415847,C. Romero,0.01683706123531349,0.0,-1.492511332735967,-0.5114348766546346,62,145787__415847
145787,J. Andersen,258154,Rúben Dias,-0.017414198817884585,0.0,-1.492511332735967,-0.5336981956892134,63,145787__258154
145787,J. Andersen,297957,M. Akanji,-0.1339587118761183,0.0,-1.492511332735967,-0.6094521291770653,64,145787__297957
192792,D. Burn,370,V. van Dijk,1.7257528513043954,0.03001927492375398,0.9845835093932601,1.4663435816354982,1,370__192792
192792,D. Burn,62126,M. Doherty,1.493887603972542,0.03001927492375398,0.9845835093932601,1.3156311708697932,2,62126__192792
192792,D. Burn,393247,I. Konaté,1.359884399894043,0.03001927492375398,0.9845835093932601,1.2285290882187692,3,192792__393247
192792,D. Burn,578325,W. Saliba,1.3312903123480124,0.03001927492375398,0.9845835093932601,1.209942931313849,4,192792__578325
192792,D. Burn,623641,E. Agbadou,1.1481716975861906,0.03001927492375398,0.9845835093932601,1.090915831718665,5,192792__623641
192792,D. Burn,8360,C. Dawson,1.0714463148817561,0.03001927492375398,0.9845835093932601,1.0410443329607826,6,8360__192792
192792,D. Burn,590781,J. van Hecke,0.9753912514532884,0.03001927492375398,0.9845835093932601,0.9786085417322785,7,192792__590781
192792,D. Burn,620468,J. Greaves,0.9034685112943591,0.03001927492375398,0.9845835093932601,0.9318587606289744,8,192792__620468
192792,D. Burn,590874,Toti,0.887766242709361,0.03001927492375398,0.9845835093932601,0.9216522860487257,9,192792__590874
192792,D. Burn,240032,J. Bednarek,0.8432910768458532,0.03001927492375398,0.9845835093932601,0.8927434282374457,10,192792__240032
192792,D. Burn,627012,Murillo,0.8250097208289672,0.03001927492375398,0.9845835093932601,0.8808605468264697,11,192792__627012
192792,D. Burn,424806,E. Pinnock,0.8217275427005922,0.03001927492375398,0.9845835093932601,0.878727131043026,12,192792__424806
192792,D. Burn,475597,S. Botman,0.8045479737546504,0.03001927492375398,0.9845835093932601,0.8675604112281637,13,192792__475597
192792,D. Burn,365443,M. de Ligt,0.7972152389206709,0.03001927492375398,0.9845835093932601,0.8627941335860771,14,192792__365443
192792,D. Burn,145787,J. Andersen,0.7934428995061749,0.03001927492375398,0.9845835093932601,0.8603421129666547,15,145787__192792
192792,D. Burn,496001,M. Kilman,0.7832634390462514,0.03001927492375398,0.9845835093932601,0.8537254636677044,16,192792__496001
192792,D. Burn,366217,K. Danso,0.7725352331778139,0.03001927492375398,0.9845835093932601,0.8467521298532201,17,192792__366217
192792,D. Burn,568412,J. Gvardiol,0.7522521623169642,0.03001927492375398,0.9845835093932601,0.8335681337936678,18,192792__568412
192792,D. Burn,413002,K. Mavropanos,0.7142057485076179,0.03001927492375398,0.9845835093932601,0.8088379648175927,19,192792__413002
192792,D. Burn,136441,B. Davies,0.6981542093983097,0.03001927492375398,0.9845835093932601,0.7984044643965424,20,136441__192792
192792,D. Burn,625787,M. van de Ven,0.6848425195392153,0.03001927492375398,0.9845835093932601,0.789751865988131,21,192792__625787
192792,D. Burn,8653,H. Maguire,0.6715241567095522,0.03001927492375398,0.9845835093932601,0.78109493014885,22,8653__192792
192792,D. Burn,769441,L. Yoro,0.6504424444008388,0.03001927492375398,0.9845835093932601,0.7673918171481862,23,192792__769441
192792,D. Burn,777938,Dean Huijsen,0.6311152278546007,0.03001927492375398,0.9845835093932601,0.7548291263931315,24,192792__777938
192792,D. Burn,234399,A. Webster,0.6275246632503144,0.03001927492375398,0.9845835093932601,0.7524952594003453,25,192792__234399
192792,D. Burn,590703,I. Zabarnyi,0.5998154313152351,0.03001927492375398,0.9845835093932601,0.7344842586425439,26,192792__590703
192792,D. Burn,479155,N. Collins,0.5487843670092731,0.03001927492375398,0.9845835093932601,0.7013140668436686,27,192792__479155
192792,D. Burn,346131,T. Chalobah,0.5271678618433226,0.03001927492375398,0.9845835093932601,0.6872633384858008,28,192792__346131
192792,D. Burn,619747,L. Colwill,0.4781442900127987,0.03001927492375398,0.9845835093932601,0.6553980167959601,29,192792__619747
192792,D. Burn,545267,R. Drăgușin,0.47400552547139946,0.03001927492375398,0.9845835093932601,0.6527078198440507,30,192792__545267
192792,D. Burn,424241,N. Milenković,0.373668430607599,0.03001927492375398,0.9845835093932601,0.5874887081825804,31,192792__424241
192792,D. Burn,9097,L. Dunk,0.4252110225637903,0.028545438278852014,0.8856044399910376,0.5863487186633268,32,9097__192792
192792,D. Burn,412027,E. Konsa,0.2711016616492198,0.01584592161663812,0.03273764133197777,0.18767425453818506,33,192792__412027
192792,D. Burn,604320,J. Branthwaite,0.4622395526857924,0.007951627475261838,-0.4974228010777134,0.12635772886856542,34,192792__604320
192792,D. Burn,7919,M. Keane,0.586883697719149,0.0,-1.031433602381213,0.020472642684022324,35,7919__192792
192792,D. Burn,415917,Gabriel Magalhaes,0.5379683627054462,0.0,-1.031433602381213,-0.011322325074884454,36,192792__415917
192792,D. Burn,9433,J. Tarkowski,0.5307659559091058,0.0,-1.031433602381213,-0.016003889492505696,37,9433__192792
192792,D. Burn,399581,D. O'Shea,0.45285215524026146,0.0,-1.031433602381213,-0.06664785992725453,38,192792__399581
192792,D. Burn,412968,M. Senesi,0.32491468110492827,0.0,-1.031433602381213,-0.14980721811522113,39,192792__412968
192792,D. Burn,534563,C. Richards,0.2558848385783633,0.0,-1.031433602381213,-0.19467661575748835,40,192792__534563
192792,D. Burn,349142,N. Mazraoui,0.2518450322562369,0.0,-1.031433602381213,-0.19730248986687052,41,192792__349142
192792,D. Burn,397074,M. Guéhi,0.25161193822366335,0.0,-1.031433602381213,-0.19745400098804333,42,192792__397074
192792,D. Burn,283145,T. Adarabioyo,0.24944086815040448,0.0,-1.031433602381213,-0.1988651965356616,43,192792__283145
192792,D. Burn,558243,S. van den Berg,0.2451074914414204,0.0,-1.031433602381213,-0.20168189139650122,44,192792__558243
192792,D. Burn,15806,J. Vestergaard,0.24240375437990738,0.0,-1.031433602381213,-0.2034393204864847,45,15806__192792
192792,D. Burn,447424,C. Bassey,0.23836756814769516,0.0,-1.031433602381213,-0.20606284153742263,46,192792__447424
192792,D. Burn,364003,S. Bueno,0.22929593091687897,0.0,-1.031433602381213,-0.21195940573745317,47,192792__364003
192792,D. Burn,288080,C. Burgess,0.22180695515588286,0.0,-1.031433602381213,-0.21682723998210063,48,192792__288080
192792,D. Burn,239411,T. Mings,0.19246729504906734,0.0,-1.031433602381213,-0.2358980190515307,49,192792__239411
192792,D. Burn,50102,F. Schär,0.18420562626344317,0.0,-1.031433602381213,-0.24126810376218644,50,50102__192792
192792,D. Burn,557788,W. Fofana,0.15370125056921005,0.0,-1.031433602381213,-0.26109594796343794,51,192792__557788
192792,D. Burn,286380,I. Diop,0.1515548581221985,0.0,-1.031433602381213,-0.2624911030539955,52,192792__286380
192792,D. Burn,504375,M. Lacroix,0.13502236275627952,0.0,-1.031433602381213,-0.2732372250418428,53,192792__504375
192792,D. Burn,501419,J. Todibo,0.12574118101684437,0.0,-1.031433602381213,-0.27926999317247564,54,192792__501419
192792,D. Burn,583655,C. Okoli,0.1179741179917235,0.0,-1.031433602381213,-0.28431858413880423,55,192792__583655
192792,D. Burn,285382,W. Faes,0.11728087732260048,0.0,-1.031433602381213,-0.2847691905737342,56,192792__285382
192792,D. Burn,549884,T. Harwood-Bellis,0.11639713910691146,0.0,-1.031433602381213,-0.285343620413932,57,192792__549884
192792,D. Burn,415847,C. Romero,0.09109807455104729,0.0,-1.031433602381213,-0.3017880123752438,58,192792__415847
192792,D. Burn,258154,Rúben Dias,0.07876866181647293,0.0,-1.031433602381213,-0.3098021306527171,59,192792__258154
192792,D. Burn,400549,Pau Torres,0.03244347136837478,0.0,-1.031433602381213,-0.3399135044439809,60,192792__400549
192792,D. Burn,7953,C. Coady,0.03152670358919046,0.0,-1.031433602381213,-0.3405094035004507,61,7953__192792
192792,D. Burn,518805,L. Woolfenden,0.0019231391386951846,0.0,-1.031433602381213,-0.35975172039327263,62,192792__518805
192792,D. Burn,297957,M. Akanji,-0.03777585124176064,0.0,-1.031433602381213,-0.3855560641405689,63,192792__297957
192792,D. Burn,488453,L. Martínez,-0.039486795617099946,0.0,-1.031433602381213,-0.38666817798453945,64,192792__488453
234399,A. Webster,370,V. van Dijk,1.4086063136734066,0.08194898365095363,1.2881134236242329,1.366433802156196,1,370__234399
234399,A. Webster,393247,I. Konaté,0.9842417041944536,0.08194898365095363,1.2881134236242329,1.0905968059948763,2,234399__393247
234399,A. Webster,475597,S. Botman,0.7692118360345651,0.08194898365095363,1.2881134236242329,0.9508273916909489,3,234399__475597
234399,A. Webster,590781,J. van Hecke,0.7195709992064823,0.08194898365095363,1.2881134236242329,0.918560847752695,4,234399__590781
234399,A. Webster,136441,B. Davies,0.6578516909007814,0.08194898365095363,1.2881134236242329,0.8784432973539894,5,136441__234399
234399,A. Webster,424806,E. Pinnock,0.6170068730202307,0.08194898365095363,1.2881134236242329,0.8518941657316315,6,234399__424806
234399,A. Webster,496001,M. Kilman,0.5789968034725201,0.08194898365095363,1.2881134236242329,0.8271876205256196,7,234399__496001
234399,A. Webster,399581,D. O'Shea,0.4729158099472706,0.08194898365095363,1.2881134236242329,0.7582349747342074,8,234399__399581
234399,A. Webster,7919,M. Keane,0.41217608871228884,0.08194898365095363,1.2881134236242329,0.7187541559314692,9,7919__234399
234399,A. Webster,8653,H. Maguire,0.37247052030272043,0.08194898365095363,1.2881134236242329,0.6929455364652497,10,8653__234399
234399,A. Webster,62126,M. Doherty,0.937762794708248,0.053680623164123004,0.19402695987672886,0.6774552525172163,11,62126__234399
234399,A. Webster,578325,W. Saliba,0.903342537803016,0.053680623164123004,0.19402695987672886,0.6550820855288154,12,234399__578325
234399,A. Webster,366217,K. Danso,0.40292739873540734,0.07586623273160072,1.0526892487304644,0.6303440462336773,13,234399__366217
234399,A. Webster,240032,J. Bednarek,0.4665424421525782,0.06805592915058606,0.7504026187814895,0.5658935039726971,14,234399__240032
234399,A. Webster,623641,E. Agbadou,0.7131476767859077,0.053680623164123004,0.19402695987672886,0.5314554258676951,15,234399__623641
234399,A. Webster,412968,M. Senesi,0.09722701317484164,0.08194898365095363,1.2881134236242329,0.5140372568321285,16,234399__412968
234399,A. Webster,558243,S. van den Berg,0.09696260488756855,0.08194898365095363,1.2881134236242329,0.513865391445401,17,234399__558243
234399,A. Webster,534563,C. Richards,0.002165649660940072,0.08194898365095363,1.2881134236242329,0.4522473705480925,18,234399__534563
234399,A. Webster,8360,C. Dawson,0.4557917975649568,0.053680623164123004,0.19402695987672886,0.36417410437407705,19,8360__234399
234399,A. Webster,627012,Murillo,0.3883706508833601,0.053680623164123004,0.19402695987672886,0.3203503590310392,20,234399__627012
234399,A. Webster,50102,F. Schär,-0.11380518328792152,0.07756461840829196,1.1184228373464793,0.31747462393411874,21,50102__234399
234399,A. Webster,568412,J. Gvardiol,0.2912564052607931,0.053680623164123004,0.19402695987672886,0.25722609937637064,22,234399__568412
234399,A. Webster,625787,M. van de Ven,0.29028409274613287,0.053680623164123004,0.19402695987672886,0.2565940962418415,23,234399__625787
234399,A. Webster,769441,L. Yoro,0.2347055807492617,0.053680623164123004,0.19402695987672886,0.2204680634438752,24,234399__769441
234399,A. Webster,192792,D. Burn,0.6275246632503144,0.03469863910660313,-0.540643585381054,0.2186657762293355,25,192792__234399
234399,A. Webster,590703,I. Zabarnyi,0.20705425872034364,0.053680623164123004,0.19402695987672886,0.20249470412507847,26,234399__590703
234399,A. Webster,413002,K. Mavropanos,0.1888155298571992,0.053680623164123004,0.19402695987672886,0.19063953036403458,27,234399__413002
234399,A. Webster,346131,T. Chalobah,0.11960424882949834,0.053680623164123004,0.19402695987672886,0.14565219769602902,28,234399__346131
234399,A. Webster,415917,Gabriel Magalhaes,0.09937978764035688,0.053680623164123004,0.19402695987672886,0.13250629792308707,29,234399__415917
234399,A. Webster,620468,J. Greaves,0.6273729639238426,0.028268360486830624,-0.7895183228917635,0.13146101353838047,30,234399__620468
234399,A. Webster,545267,R. Drăgușin,0.06159365981927378,0.053680623164123004,0.19402695987672886,0.10794531483938305,31,234399__545267
234399,A. Webster,9097,L. Dunk,0.037872662646252914,0.053680623164123004,0.19402695987672886,0.0925266666769195,32,9097__234399
234399,A. Webster,15806,J. Vestergaard,-0.10328888354398785,0.053680623164123004,0.19402695987672886,0.0007716616532629922,33,15806__234399
234399,A. Webster,349142,N. Mazraoui,-0.10436346396391241,0.053680623164123004,0.19402695987672886,7.318438031203578e-05,34,234399__349142
234399,A. Webster,288080,C. Burgess,-0.10553518388875062,0.053680623164123004,0.19402695987672886,-0.0006884335708327999,35,234399__288080
234399,A. Webster,364003,S. Bueno,-0.10703782886632446,0.053680623164123004,0.19402695987672886,-0.0016651528062558013,36,234399__364003
234399,A. Webster,447424,C. Bassey,-0.10732506977620011,0.053680623164123004,0.19402695987672886,-0.0018518593976749737,37,234399__447424
234399,A. Webster,145787,J. Andersen,0.41896355054899465,0.028268360486830624,-0.7895183228917635,-0.004005105155270694,38,145787__234399
234399,A. Webster,479155,N. Collins,0.41486745720342943,0.028268360486830624,-0.7895183228917635,-0.006667565829888089,39,234399__479155
234399,A. Webster,412027,E. Konsa,-0.11652458404862749,0.053680623164123004,0.19402695987672886,-0.007831543674752778,40,234399__412027
234399,A. Webster,286380,I. Diop,-0.1941377798016966,0.053680623164123004,0.19402695987672886,-0.05828012091424771,41,234399__286380
234399,A. Webster,501419,J. Todibo,-0.2199514569070509,0.053680623164123004,0.19402695987672886,-0.07505901103272798,42,234399__501419
234399,A. Webster,549884,T. Harwood-Bellis,-0.22059062654490583,0.053680623164123004,0.19402695987672886,-0.07547447129733369,43,234399__549884
234399,A. Webster,9433,J. Tarkowski,0.3065013984080197,0.028268360486830624,-0.7895183228917635,-0.07710550404690442,44,9433__234399
234399,A. Webster,285382,W. Faes,-0.2284117606012945,0.053680623164123004,0.19402695987672886,-0.08055820843398633,45,234399__285382
234399,A. Webster,777938,Dean Huijsen,0.26829158204453313,0.028268360486830624,-0.7895183228917635,-0.10194188468317067,46,234399__777938
234399,A. Webster,400549,Pau Torres,-0.3132491665555205,0.053680623164123004,0.19402695987672886,-0.13570252230423324,47,234399__400549
234399,A. Webster,7953,C. Coady,-0.3141659343347048,0.053680623164123004,0.19402695987672886,-0.13629842136070303,48,7953__234399
234399,A. Webster,518805,L. Woolfenden,-0.34376949878520013,0.053680623164123004,0.19402695987672886,-0.155540738253525,49,234399__518805
234399,A. Webster,488453,L. Martínez,-0.3851794335409949,0.053680623164123004,0.19402695987672886,-0.1824571958447916,50,234399__488453
234399,A. Webster,397074,M. Guéhi,-0.04337988761919661,0.028268360486830624,-0.7895183228917635,-0.304528339964595,51,234399__397074
234399,A. Webster,239411,T. Mings,-0.15477556061366582,0.028268360486830624,-0.7895183228917635,-0.376935527411,52,234399__239411
234399,A. Webster,590874,Toti,0.3977641758568965,0.0,-1.8836047866392676,-0.40071496101676085,53,234399__590874
234399,A. Webster,283145,T. Adarabioyo,-0.2715733931861313,0.028268360486830624,-0.7895183228917635,-0.45285411858310254,54,234399__283145
234399,A. Webster,583655,C. Okoli,-0.2729663518078156,0.028268360486830624,-0.7895183228917635,-0.45375954168719734,55,234399__583655
234399,A. Webster,365443,M. de Ligt,0.2966229240179979,0.0,-1.8836047866392676,-0.46645677471204494,56,234399__365443
234399,A. Webster,415847,C. Romero,-0.39675966489811876,0.028268360486830624,-0.7895183228917635,-0.5342251951958944,57,234399__415847
234399,A. Webster,424241,N. Milenković,-0.1683767964926453,0.007454759519229594,-1.5950789811090298,-0.6677225611083799,58,234399__424241
234399,A. Webster,604320,J. Branthwaite,-0.023335746111171313,0.0,-1.8836047866392676,-0.674429910296005,59,234399__604320
234399,A. Webster,619747,L. Colwill,-0.1525541814672125,0.0,-1.8836047866392676,-0.7584218932774317,60,234399__619747
234399,A. Webster,504375,M. Lacroix,-0.21582847077355866,0.0,-1.8836047866392676,-0.7995501813265566,61,234399__504375
234399,A. Webster,258154,Rúben Dias,-0.351216698375925,0.0,-1.8836047866392676,-0.8875525292680948,62,234399__258154
234399,A. Webster,557788,W. Fofana,-0.42390728506973613,0.0,-1.8836047866392676,-0.9348014106190721,63,234399__557788
234399,A. Webster,297957,M. Akanji,-0.4875136081488374,0.0,-1.8836047866392676,-0.9761455206204879,64,234399__297957
239411,T. Mings,370,V. van Dijk,1.2435108248650641,0.5310339633964125,2.1307107821615654,1.5540308099188396,1,370__239411
239411,T. Mings,62126,M. Doherty,0.8397710464926927,0.5310339633964125,2.1307107821615654,1.2915999539767982,2,62126__239411
239411,T. Mings,393247,I. Konaté,0.7059111549300288,0.5310339633964125,2.1307107821615654,1.2045910244610665,3,239411__393247
239411,T. Mings,578325,W. Saliba,0.6771737548681631,0.5310339633964125,2.1307107821615654,1.185911714420854,4,239411__578325
239411,T. Mings,623641,E. Agbadou,0.4940551401063413,0.5310339633964125,2.1307107821615654,1.0668846148256697,5,239411__623641
239411,T. Mings,590781,J. van Hecke,0.3645807749191809,0.4440454195983189,1.6198206618902127,0.803914735359042,6,239411__590781
239411,T. Mings,590874,Toti,0.08640202816987642,0.47735334023228954,1.8154405313085906,0.6915655042684263,7,239411__590874
239411,T. Mings,8360,C. Dawson,0.41732975740190714,0.36161542801167923,1.1357032542760406,0.6687604813078538,8,8360__239411
239411,T. Mings,627012,Murillo,0.17089316334911792,0.43721490367144633,1.5797045391109301,0.6639771448657522,9,239411__627012
239411,T. Mings,240032,J. Bednarek,0.1604139644413163,0.3908243163347712,1.307249205234976,0.5618062987190972,10,239411__240032
239411,T. Mings,475597,S. Botman,0.33121623970225206,0.3031976513654958,0.7926113523581727,0.4927045291318243,11,239411__475597
239411,T. Mings,365443,M. de Ligt,0.07388574591148275,0.34562369300638446,1.0417826175636267,0.4126496509897331,12,239411__365443
239411,T. Mings,620468,J. Greaves,0.3744031795128703,0.24478045171654716,0.44952283918753305,0.40069506039900227,13,239411__620468
239411,T. Mings,366217,K. Danso,0.07408865309792645,0.3331189515989068,0.9683413509014708,0.38707709732916695,14,239411__366217
239411,T. Mings,496001,M. Kilman,0.20837563054486619,0.2859447328741356,0.6912836922062615,0.37739345212635456,15,239411__496001
239411,T. Mings,769441,L. Yoro,-0.07665656693775832,0.36161542801167923,1.1357032542760406,0.34766937048707125,16,239411__769441
239411,T. Mings,568412,J. Gvardiol,0.098135604837115,0.2984610748806702,0.7647930900405082,0.3314657246583026,17,239411__568412
239411,T. Mings,145787,J. Andersen,0.11810821630983069,0.27382223454321564,0.6200873672666469,0.2938009191447164,18,145787__239411
239411,T. Mings,424806,E. Pinnock,0.3375535940035001,0.20046294071186235,0.18924283519226415,0.2856448284195675,19,239411__424806
239411,T. Mings,625787,M. van de Ven,-0.042256491799381735,0.3108173613628239,0.8373624699996327,0.2656101448302733,20,239411__625787
239411,T. Mings,136441,B. Davies,0.21985609456846847,0.22451248282165662,0.33048756610145114,0.2585771096050124,21,136441__239411
239411,T. Mings,8653,H. Maguire,0.028558226329426672,0.20624900076119085,0.22322479172851653,0.09669152421910812,22,8653__239411
239411,T. Mings,619747,L. Colwill,-0.31232461217298607,0.29958940818381574,0.7714198745776558,0.06698595818973854,23,239411__619747
239411,T. Mings,590703,I. Zabarnyi,-0.12728358002336204,0.2248929720312495,0.3327222072342197,0.033718445516791554,24,239411__590703
239411,T. Mings,777938,Dean Huijsen,-0.11309329725304515,0.20673865632660843,0.22610057490392368,0.005624558001893931,25,239411__777938
239411,T. Mings,413002,K. Mavropanos,0.060089191027768496,0.15157398389056953,-0.09788560655225265,0.004798011874761095,26,239411__413002
239411,T. Mings,346131,T. Chalobah,-0.19993114949527435,0.16688950585773374,-0.007936418783523174,-0.13273299374616143,27,239411__346131
239411,T. Mings,545267,R. Drăgușin,-0.25309348586719754,0.16688950585773374,-0.007936418783523174,-0.1672885123879115,28,239411__545267
239411,T. Mings,479155,N. Collins,0.032404790615210434,0.06932698474342587,-0.580928286100625,-0.18226178623533196,29,239411__479155
239411,T. Mings,192792,D. Burn,0.19246729504906734,0.006430278619772508,-0.95032527049858,-0.20751010289260916,30,192792__239411
239411,T. Mings,7919,M. Keane,-0.041198003951774635,0.053680623164123004,-0.6728205192619565,-0.26226588431033826,31,7919__239411
239411,T. Mings,415917,Gabriel Magalhaes,-0.158144860605158,0.053680623164123004,-0.6728205192619565,-0.3382813411350375,32,239411__415917
239411,T. Mings,399581,D. O'Shea,-0.16849205056031646,0.053680623164123004,-0.6728205192619565,-0.34500701460589045,33,239411__399581
239411,T. Mings,234399,A. Webster,-0.15477556061366582,0.046592119851471624,-0.7144518209463481,-0.35066225173010457,34,234399__239411
239411,T. Mings,9097,L. Dunk,-0.30188798877480666,0.08222606144297502,-0.5051710592442019,-0.37303706343909504,35,9097__239411
239411,T. Mings,604320,J. Branthwaite,-0.24286081237335075,0.007951627475261838,-0.9413902766957216,-0.48734612488618057,36,239411__604320
239411,T. Mings,9433,J. Tarkowski,-0.2353381375089568,0.0,-0.9880907701149315,-0.49880155892104794,37,9433__239411
239411,T. Mings,412027,E. Konsa,-0.4559973496893771,0.06952654478076112,-0.5797562553133043,-0.49931296665775166,38,239411__412027
239411,T. Mings,424241,N. Milenković,-0.3721436535399788,0.04034369891987642,-0.7511492569749146,-0.5047956147422064,39,239411__424241
239411,T. Mings,349142,N. Mazraoui,-0.4752539790823598,0.053680623164123004,-0.6728205192619565,-0.5444022681452186,40,239411__349142
239411,T. Mings,412968,M. Senesi,-0.5048199997434598,0.053680623164123004,-0.6728205192619565,-0.5636201815749337,41,239411__412968
239411,T. Mings,447424,C. Bassey,-0.5064915594245756,0.053680623164123004,-0.6728205192619565,-0.5647066953676589,42,239411__447424
239411,T. Mings,15806,J. Vestergaard,-0.6096684432850072,0.053680623164123004,-0.6728205192619565,-0.6317716698769396,43,15806__239411
239411,T. Mings,364003,S. Bueno,-0.6588281342736939,0.053680623164123004,-0.6728205192619565,-0.6637254690195857,44,239411__364003
239411,T. Mings,558243,S. van den Berg,-0.7684542941772047,0.053680623164123004,-0.6728205192619565,-0.7349824729568678,45,239411__558243
239411,T. Mings,283145,T. Adarabioyo,-0.6058418095723234,0.0,-0.9880907701149315,-0.7396289457622363,46,239411__283145
239411,T. Mings,397074,M. Guéhi,-0.6214775586144519,0.0,-0.9880907701149315,-0.7497921826396197,47,239411__397074
239411,T. Mings,288080,C. Burgess,-0.8000747634632196,0.053680623164123004,-0.6728205192619565,-0.7555357779927776,48,239411__288080
239411,T. Mings,501419,J. Todibo,-0.8264750931082322,0.053680623164123004,-0.6728205192619565,-0.7726959922620358,49,239411__501419
239411,T. Mings,534563,C. Richards,-0.8658060264792949,0.053680623164123004,-0.6728205192619565,-0.7982610989532264,50,239411__534563
239411,T. Mings,50102,F. Schär,-0.8912648958126018,0.053680623164123004,-0.6728205192619565,-0.8148093640198759,51,50102__239411
239411,T. Mings,7953,C. Coady,-0.9639951171132534,0.053680623164123004,-0.6728205192619565,-0.8620840078652994,52,7953__239411
239411,T. Mings,286380,I. Diop,-0.9845325072084212,0.053680623164123004,-0.6728205192619565,-0.8754333114271586,53,239411__286380
239411,T. Mings,400549,Pau Torres,-0.9960730514882539,0.053680623164123004,-0.6728205192619565,-0.8829346652090497,54,239411__400549
239411,T. Mings,285382,W. Faes,-1.0188064880080192,0.053680623164123004,-0.6728205192619565,-0.8977113989468972,55,239411__285382
239411,T. Mings,549884,T. Harwood-Bellis,-1.019690226223708,0.053680623164123004,-0.6728205192619565,-0.898285828787095,56,239411__549884
239411,T. Mings,258154,Rúben Dias,-0.8600387965671925,0.0,-0.9880907701149315,-0.9048569873089012,57,239411__258154
239411,T. Mings,518805,L. Woolfenden,-1.0647435080837095,0.053680623164123004,-0.6728205192619565,-0.927570461996096,58,239411__518805
239411,T. Mings,557788,W. Fofana,-0.9030686676088204,0.0,-0.9880907701149315,-0.9328264034859592,59,239411__557788
239411,T. Mings,504375,M. Lacroix,-0.9943063755939692,0.0,-0.9880907701149315,-0.992130913676306,60,239411__504375
239411,T. Mings,488453,L. Martínez,-1.1755741609477197,0.053680623164123004,-0.6728205192619565,-0.9996103863577026,61,239411__488453
239411,T. Mings,415847,C. Romero,-1.0308221180245947,0.0,-0.9880907701149315,-1.0158661462562124,62,239411__415847
239411,T. Mings,583655,C. Okoli,-1.1462969137230272,0.0,-0.9880907701149315,-1.0909247634601937,63,239411__583655
239411,T. Mings,297957,M. Akanji,-1.2779083355555618,0.0,-0.9880907701149315,-1.176472187651341,64,239411__297957
240032,J. Bednarek,370,V. van Dijk,1.5154450211088157,0.0,0.0,0.9850392637207303,1,370__240032
240032,J. Bednarek,62126,M. Doherty,1.0447458921759103,0.0,0.0,0.6790848299143417,2,62126__240032
240032,J. Bednarek,393247,I. Konaté,0.9447697094514838,0.0,0.0,0.6141003111434644,3,240032__393247
240032,J. Bednarek,578325,W. Saliba,0.8479145760412927,0.0,0.0,0.5511444744268403,4,240032__578325
240032,J. Bednarek,192792,D. Burn,0.8432910768458532,0.0,0.0,0.5481391999498046,5,192792__240032
240032,J. Bednarek,620468,J. Greaves,0.8249670193243892,0.0,0.0,0.536228562560853,6,240032__620468
240032,J. Bednarek,424806,E. Pinnock,0.7835312886469814,0.0,0.0,0.5092953376205379,7,240032__424806
240032,J. Bednarek,475597,S. Botman,0.7274875960481932,0.0,0.0,0.47286693743132563,8,240032__475597
240032,J. Bednarek,7919,M. Keane,0.6881684899293614,0.0,0.0,0.44730951845408495,9,7919__240032
240032,J. Bednarek,136441,B. Davies,0.6880676854327299,0.0,0.0,0.4472439955312744,10,136441__240032
240032,J. Bednarek,9433,J. Tarkowski,0.6777500358886202,0.0,0.0,0.4405375233276031,11,9433__240032
240032,J. Bednarek,623641,E. Agbadou,0.6647959612794709,0.0,0.0,0.43211737483165613,12,240032__623641
240032,J. Bednarek,590781,J. van Hecke,0.6365149711629323,0.0,0.0,0.41373473125590604,13,240032__590781
240032,J. Bednarek,399581,D. O'Shea,0.6168434938792002,0.0,0.0,0.4009482710214802,14,240032__399581
240032,J. Bednarek,8360,C. Dawson,0.6147756656310801,0.0,0.0,0.3996041826602021,15,8360__240032
240032,J. Bednarek,479155,N. Collins,0.5982800192524045,0.0,0.0,0.3888820125140629,16,240032__479155
240032,J. Bednarek,496001,M. Kilman,0.576199077202286,0.0,0.0,0.37452940018148595,17,240032__496001
240032,J. Bednarek,145787,J. Andersen,0.5024216652204746,0.0,0.0,0.3265740823933085,18,145787__240032
240032,J. Bednarek,234399,A. Webster,0.4665424421525782,0.0,0.0,0.3032525873991758,19,234399__240032
240032,J. Bednarek,8653,H. Maguire,0.4557488194393703,0.0,0.0,0.2962367326355907,20,8653__240032
240032,J. Bednarek,413002,K. Mavropanos,0.45466909638005076,0.0,0.0,0.295534912647033,21,240032__413002
240032,J. Bednarek,590874,Toti,0.4188299716405611,0.0,0.0,0.27223948156636474,22,240032__590874
240032,J. Bednarek,415917,Gabriel Magalhaes,0.40210005546488675,0.0,0.0,0.2613650360521764,23,240032__415917
240032,J. Bednarek,365443,M. de Ligt,0.35703952277655876,0.0,0.0,0.2320756898047632,24,240032__365443
240032,J. Bednarek,568412,J. Gvardiol,0.35332224183611066,0.0,0.0,0.22965945719347194,25,240032__568412
240032,J. Bednarek,777938,Dean Huijsen,0.3479968780563898,0.0,0.0,0.22619797073665338,26,240032__777938
240032,J. Bednarek,627012,Murillo,0.3416339845222476,0.0,0.0,0.22206208993946094,27,240032__627012
240032,J. Bednarek,366217,K. Danso,0.3246301968243269,0.0,0.0,0.21100962793581252,28,240032__366217
240032,J. Bednarek,604320,J. Branthwaite,0.32303738525438314,0.0,0.0,0.20997430041534904,29,240032__604320
240032,J. Bednarek,625787,M. van de Ven,0.2458549450265351,0.0,0.0,0.15980571426724782,30,240032__625787
240032,J. Bednarek,412968,M. Senesi,0.24103285168308558,0.0,0.0,0.15667135359400564,31,240032__412968
240032,J. Bednarek,558243,S. van den Berg,0.24076844339581255,0.0,0.0,0.15649948820727816,32,240032__558243
240032,J. Bednarek,590703,I. Zabarnyi,0.2393867622958179,0.0,0.0,0.15560139549228164,33,240032__590703
240032,J. Bednarek,424241,N. Milenković,0.23289636712440293,0.0,0.0,0.1513826386308619,34,240032__424241
240032,J. Bednarek,346131,T. Chalobah,0.21977057137491318,0.0,0.0,0.14285087139369357,35,240032__346131
240032,J. Bednarek,9097,L. Dunk,0.19521978153318698,0.0,0.0,0.12689285799657155,36,9097__240032
240032,J. Bednarek,545267,R. Drăgușin,0.16660823500299007,0.0,0.0,0.10829535275194355,37,240032__545267
240032,J. Bednarek,769441,L. Yoro,0.16501124022547473,0.0,0.0,0.10725730614655858,38,240032__769441
240032,J. Bednarek,239411,T. Mings,0.1604139644413163,0.0,0.0,0.1042690768868556,39,239411__240032
240032,J. Bednarek,397074,M. Guéhi,0.15432556892058447,0.0,0.0,0.10031161979837991,40,240032__397074
240032,J. Bednarek,534563,C. Richards,0.1459714881691839,0.0,0.0,0.09488146730996953,41,240032__534563
240032,J. Bednarek,283145,T. Adarabioyo,0.13428352587380307,0.0,0.0,0.087284291817972,42,240032__283145
240032,J. Bednarek,15806,J. Vestergaard,0.06595702853892717,0.0,0.0,0.042872068550302664,43,15806__240032
240032,J. Bednarek,349142,N. Mazraoui,0.06488244811900268,0.0,0.0,0.04217359127735174,44,240032__349142
240032,J. Bednarek,619747,L. Colwill,0.06413500747608034,0.0,0.0,0.04168775485945222,45,240032__619747
240032,J. Bednarek,447424,C. Bassey,0.06192084230671503,0.0,0.0,0.040248547499364774,46,240032__447424
240032,J. Bednarek,364003,S. Bueno,0.05284920507589869,0.0,0.0,0.03435198329933415,47,240032__364003
240032,J. Bednarek,412027,E. Konsa,0.052721328034287654,0.0,0.0,0.03426886322228698,48,240032__412027
240032,J. Bednarek,288080,C. Burgess,0.04536022931490269,0.0,0.0,0.02948414905468675,49,240032__288080
240032,J. Bednarek,583655,C. Okoli,0.028675017863535657,0.0,0.0,0.01863876161129818,50,240032__583655
240032,J. Bednarek,557788,W. Fofana,0.02045454489083714,0.0,0.0,0.01329545417904414,51,240032__557788
240032,J. Bednarek,50102,F. Schär,0.016452499836691514,0.0,0.0,0.010694124893849485,52,50102__240032
240032,J. Bednarek,415847,C. Romero,0.008613936104152606,0.0,0.0,0.005599058467699194,53,240032__415847
240032,J. Bednarek,504375,M. Lacroix,0.001775657077906504,0.0,0.0,0.0011541771006392278,54,240032__504375
240032,J. Bednarek,286380,I. Diop,-0.024891867718781685,0.0,0.0,-0.016179714017208097,55,240032__286380
240032,J. Bednarek,501419,J. Todibo,-0.05070554482413575,0.0,0.0,-0.03295860413568824,56,240032__501419
240032,J. Bednarek,258154,Rúben Dias,-0.054478043861899805,0.0,0.0,-0.03541072851023488,57,240032__258154
240032,J. Bednarek,285382,W. Faes,-0.05916584851837953,0.0,0.0,-0.038457801536946695,58,240032__285382
240032,J. Bednarek,549884,T. Harwood-Bellis,-0.06004958673406871,0.0,0.0,-0.03903223137714466,59,240032__549884
240032,J. Bednarek,400549,Pau Torres,-0.14400325447260556,0.0,0.0,-0.09360211540719363,60,240032__400549
240032,J. Bednarek,7953,C. Coady,-0.14492002225178982,0.0,0.0,-0.09419801446366338,61,7953__240032
240032,J. Bednarek,297957,M. Akanji,-0.17102255692013335,0.0,0.0,-0.11116466199808668,62,240032__297957
240032,J. Bednarek,518805,L. Woolfenden,-0.17452358670228502,0.0,0.0,-0.11344033135648526,63,240032__518805
240032,J. Bednarek,488453,L. Martínez,-0.21593352145808004,0.0,0.0,-0.14035678894775203,64,240032__488453
258154,Rúben Dias,370,V. van Dijk,1.12981219163247,0.7791762575875157,2.559792577212923,1.6303053265856287,1,370__258154
258154,Rúben Dias,62126,M. Doherty,0.63787884172268,0.5998723228750434,1.6632937800886227,0.9967740701507599,2,62126__258154
258154,Rúben Dias,620468,J. Greaves,0.260704546280276,0.6561817227142113,1.944834223155619,0.850149933186646,3,258154__620468
258154,Rúben Dias,424806,E. Pinnock,0.22385496077090594,0.6582969684333028,1.9554102054720626,0.8298992964163108,4,258154__424806
258154,Rúben Dias,393247,I. Konaté,0.559136879975138,0.5182357698481637,1.2551205199349456,0.8027311539610706,5,258154__393247
258154,Rúben Dias,590781,J. van Hecke,0.2508821416865864,0.5539517382970804,1.4336962037531997,0.664867063409901,6,258154__590781
258154,Rúben Dias,496001,M. Kilman,0.09467699731227192,0.5627596403682904,1.4777346886012352,0.5787471892634091,7,258154__496001
258154,Rúben Dias,8360,C. Dawson,0.06886006661684041,0.5245148397909724,1.286515138574041,0.4950393418018606,8,8360__258154
258154,Rúben Dias,475597,S. Botman,0.11759636918353744,0.4777232160270498,1.052562467724306,0.4448345036728064,9,258154__475597
258154,Rúben Dias,7919,M. Keane,-0.15489663718436894,0.5310558796157069,1.319219576121494,0.36104403747268304,10,7919__258154
258154,Rúben Dias,145787,J. Andersen,-0.017414198817884585,0.4773816415176829,1.050854634947146,0.3564798929998761,11,145787__258154
258154,Rúben Dias,136441,B. Davies,-0.025702196803697147,0.4777232160270498,1.052562467724306,0.3516904357811039,12,136441__258154
258154,Rúben Dias,8653,H. Maguire,-0.09863743249750373,0.4845602971189875,1.0867470771395564,0.31624714587546726,13,8653__258154
258154,Rúben Dias,578325,W. Saliba,0.23408673858569815,0.346008443733552,0.3940039418672144,0.29005775973422887,14,258154__578325
258154,Rúben Dias,9433,J. Tarkowski,-0.23248458304501854,0.5143002207851044,1.2354432328374032,0.28129015251382905,15,9433__258154
258154,Rúben Dias,623641,E. Agbadou,0.1337153778639617,0.3537481408999983,0.43270152656301086,0.23836052990862888,16,258154__623641
258154,Rúben Dias,192792,D. Burn,0.07876866181647293,0.37068256697428786,0.5173716852515863,0.2322797200187626,17,192792__258154
258154,Rúben Dias,479155,N. Collins,-0.08129384261738398,0.414493725835489,0.7364223786045883,0.2049068348103063,18,258154__479155
258154,Rúben Dias,413002,K. Mavropanos,-0.17879975469057063,0.4354096303023397,0.8409994656906428,0.17812997244285406,19,258154__413002
258154,Rúben Dias,240032,J. Bednarek,-0.054478043861899805,0.35348466634280906,0.4313841844535264,0.11557373604849935,20,240032__258154
258154,Rúben Dias,366217,K. Danso,-0.12933093085272301,0.3490034946237681,0.4089788476031678,0.05907749160683877,21,258154__366217
258154,Rúben Dias,399581,D. O'Shea,-0.2318946257641385,0.3866091092117315,0.5970025421043023,0.05821938298981574,22,258154__399581
258154,Rúben Dias,568412,J. Gvardiol,-0.2701400136959298,0.3821549213109,0.5747321212032527,0.02556523351878401,23,258154__568412
258154,Rúben Dias,234399,A. Webster,-0.351216698375925,0.4007773207173301,0.6678419500210335,0.0054538285630104655,24,234399__258154
258154,Rúben Dias,777938,Dean Huijsen,-0.2613940327957234,0.34834279944160706,0.40567544861740085,-0.02791971430112991,25,258154__777938
258154,Rúben Dias,365443,M. de Ligt,-0.19732282385301686,0.3150419341516544,0.239174999402416,-0.04454858571361538,26,258154__365443
258154,Rúben Dias,627012,Murillo,-0.32381590809910177,0.35551461295916365,0.44153368118769837,-0.05594355184872171,27,258154__627012
258154,Rúben Dias,415917,Gabriel Magalhaes,-0.38360398335175366,0.33387668782868185,0.33334657484868024,-0.13267128798160183,28,258154__415917
258154,Rúben Dias,424241,N. Milenković,-0.5579146610340725,0.3216642575161885,0.2722858451849877,-0.26734448385740145,29,258154__424241
258154,Rúben Dias,619747,L. Colwill,-0.5281860368413228,0.28298468712941294,0.07889249673095104,-0.315708550091027,30,258154__619747
258154,Rúben Dias,625787,M. van de Ven,-0.4092557659894795,0.22306179823050637,-0.2207149709145766,-0.3432664877132635,31,258154__625787
258154,Rúben Dias,590874,Toti,-0.3461520672484926,0.19715563428899593,-0.35024277435576634,-0.3475838147360384,32,258154__590874
258154,Rúben Dias,590703,I. Zabarnyi,-0.4361581273502116,0.22306179823050637,-0.2207149709145766,-0.36075302259773934,33,258154__590703
258154,Rúben Dias,604320,J. Branthwaite,-0.48868992406109324,0.22352512197622365,-0.21839840613098305,-0.39408789278555467,34,258154__604320
258154,Rúben Dias,346131,T. Chalobah,-0.5177454724586219,0.18079241794907303,-0.4320569508787157,-0.48775448990565473,35,258154__346131
258154,Rúben Dias,769441,L. Yoro,-0.6858362601011132,0.22306179823050637,-0.2207149709145766,-0.5230438088858254,36,258154__769441
258154,Rúben Dias,545267,R. Drăgușin,-0.738857405036889,0.16688950585773374,-0.5015698926130812,-0.6558067756885563,37,258154__545267
258154,Rúben Dias,412968,M. Senesi,-0.8143061641461353,0.1898124338111346,-0.3869579217729265,-0.6647342793155122,38,258154__412968
258154,Rúben Dias,558243,S. van den Berg,-0.907157530418825,0.21539171869909082,-0.259064475540832,-0.6803249612115275,39,258154__558243
258154,Rúben Dias,239411,T. Mings,-0.8600387965671925,0.19273584543315192,-0.37234120403697474,-0.6893446391816164,40,239411__258154
258154,Rúben Dias,534563,C. Richards,-0.8342378436310225,0.17874106842243873,-0.44231345967233576,-0.6970643092454821,41,258154__534563
258154,Rúben Dias,9097,L. Dunk,-0.6198567218636413,0.0888753443058576,-0.8916316171484149,-0.714977935213312,42,9097__258154
258154,Rúben Dias,283145,T. Adarabioyo,-0.7838684520650506,0.07437055731553885,-0.9641538633011115,-0.846968345997672,43,258154__283145
258154,Rúben Dias,397074,M. Guéhi,-0.9395089232879505,0.07783054195292097,-0.9468543429617742,-0.9420798201737888,44,258154__397074
258154,Rúben Dias,412027,E. Konsa,-1.0422971799606398,0.06952654478076112,-0.988373361984434,-1.0234238436689678,45,258154__412027
258154,Rúben Dias,415847,C. Romero,-1.1879740090573407,0.09699149313390094,-0.8510518179750701,-1.070051242178546,46,258154__415847
258154,Rúben Dias,288080,C. Burgess,-1.0757831735398946,0.053680623164123004,-1.0676011251198174,-1.0729194565928677,47,258154__288080
258154,Rúben Dias,557788,W. Fofana,-1.0861285461592673,0.05561128015496534,-1.057948064952871,-1.0762653777370286,48,258154__557788
258154,Rúben Dias,583655,C. Okoli,-1.169869617918065,0.08279415042653125,-0.9220368785088979,-1.0831281591248565,49,258154__583655
258154,Rúben Dias,447424,C. Bassey,-1.11163362972462,0.053680623164123004,-1.0676011251198174,-1.096222253112939,50,258154__447424
258154,Rúben Dias,50102,F. Schär,-1.178585211161737,0.07756461840829196,-0.9481839297233209,-1.0979447626582912,51,50102__258154
258154,Rúben Dias,15806,J. Vestergaard,-1.145199297280847,0.053680623164123004,-1.0676011251198174,-1.1180399370244865,52,15806__258154
258154,Rúben Dias,349142,N. Mazraoui,-1.161953658249014,0.053680623164123004,-1.0676011251198174,-1.128930271653795,53,258154__349142
258154,Rúben Dias,364003,S. Bueno,-1.1783927996890924,0.053680623164123004,-1.0676011251198174,-1.1396157135898461,54,258154__364003
258154,Rúben Dias,286380,I. Diop,-1.204790111528182,0.053680623164123004,-1.0676011251198174,-1.1567739662852543,55,258154__286380
258154,Rúben Dias,549884,T. Harwood-Bellis,-1.310303119542846,0.053680623164123004,-1.0676011251198174,-1.225357421494786,56,258154__549884
258154,Rúben Dias,285382,W. Faes,-1.3108532831236295,0.053680623164123004,-1.0676011251198174,-1.2257150278222952,57,258154__285382
258154,Rúben Dias,504375,M. Lacroix,-1.1800349535797872,0.0,-1.3359979908812447,-1.2346220166352972,58,258154__504375
258154,Rúben Dias,501419,J. Todibo,-1.4716198156838958,0.053680623164123004,-1.0676011251198174,-1.3302132739864683,59,258154__501419
258154,Rúben Dias,400549,Pau Torres,-1.6204283608471974,0.053680623164123004,-1.0676011251198174,-1.4269388283426143,60,258154__400549
258154,Rúben Dias,7953,C. Coady,-1.6213451286263818,0.053680623164123004,-1.0676011251198174,-1.4275347273990842,61,7953__258154
258154,Rúben Dias,518805,L. Woolfenden,-1.6509486930768769,0.053680623164123004,-1.0676011251198174,-1.4467770442919061,62,258154__518805
258154,Rúben Dias,488453,L. Martínez,-1.6923586278326717,0.053680623164123004,-1.0676011251198174,-1.4736935018831727,63,258154__488453
258154,Rúben Dias,297957,M. Akanji,-1.7749404057258353,0.0,-1.3359979908812447,-1.6213105605302287,64,258154__297957
283145,T. Adarabioyo,370,V. van Dijk,1.2999248687299807,0.08308790880861314,1.0452521059471371,1.2107894017559855,1,370__283145
283145,T. Adarabioyo,62126,M. Doherty,0.8473913143776043,0.08308790880861314,1.0452521059471371,0.9166425914269408,2,62126__283145
283145,T. Adarabioyo,393247,I. Konaté,0.729826271567499,0.08308790880861314,1.0452521059471371,0.8402253136003723,3,283145__393247
283145,T. Adarabioyo,578325,W. Saliba,0.6510433163006499,0.08308790880861314,1.0452521059471371,0.7890163926769205,4,283145__578325
283145,T. Adarabioyo,623641,E. Agbadou,0.467924701538828,0.08308790880861314,1.0452521059471371,0.6699892930817362,5,283145__623641
283145,T. Adarabioyo,590781,J. van Hecke,0.4209948187840975,0.08308790880861314,1.0452521059471371,0.6394848692911614,6,283145__590781
283145,T. Adarabioyo,424806,E. Pinnock,0.39396763786841704,0.08308790880861314,1.0452521059471371,0.6219172016959691,7,283145__424806
283145,T. Adarabioyo,8360,C. Dawson,0.3911993188343939,0.08308790880861314,1.0452521059471371,0.620117794323854,8,8360__283145
283145,T. Adarabioyo,475597,S. Botman,0.36195581262383775,0.08308790880861314,1.0452521059471371,0.6011095152869925,9,283145__475597
283145,T. Adarabioyo,496001,M. Kilman,0.26478967440978296,0.08308790880861314,1.0452521059471371,0.5379515254478568,10,283145__496001
283145,T. Adarabioyo,136441,B. Davies,0.2505956674900541,0.08308790880861314,1.0452521059471371,0.5287254209500332,11,136441__283145
283145,T. Adarabioyo,627012,Murillo,0.14476272478160476,0.08308790880861314,1.0452521059471371,0.4599340081895411,12,283145__627012
283145,T. Adarabioyo,240032,J. Bednarek,0.13428352587380307,0.08308790880861314,1.0452521059471371,0.45312252889946997,13,240032__283145
283145,T. Adarabioyo,568412,J. Gvardiol,0.07200516626960175,0.08308790880861314,1.0452521059471371,0.41264159515673915,14,283145__568412
283145,T. Adarabioyo,8653,H. Maguire,0.07147524460000729,0.08308790880861314,1.0452521059471371,0.4122971460715027,15,8653__283145
283145,T. Adarabioyo,366217,K. Danso,0.051806520574448386,0.08308790880861314,1.0452521059471371,0.39951247545488944,16,283145__366217
283145,T. Adarabioyo,413002,K. Mavropanos,0.03857285044853706,0.08308790880861314,1.0452521059471371,0.39091058987304705,17,283145__413002
283145,T. Adarabioyo,625787,M. van de Ven,-0.09406140131022606,0.08308790880861314,1.0452521059471371,0.30469832622985105,18,283145__625787
283145,T. Adarabioyo,769441,L. Yoro,-0.12846147644860273,0.08308790880861314,1.0452521059471371,0.2823382773899062,19,283145__769441
283145,T. Adarabioyo,590703,I. Zabarnyi,-0.17908848953420625,0.08308790880861314,1.0452521059471371,0.24943071888426394,20,283145__590703
283145,T. Adarabioyo,346131,T. Chalobah,-0.240564670551764,0.08308790880861314,1.0452521059471371,0.20947120122285137,21,283145__346131
283145,T. Adarabioyo,545267,R. Drăgușin,-0.3048983953780419,0.08308790880861314,1.0452521059471371,0.16765428008577074,22,283145__545267
283145,T. Adarabioyo,9097,L. Dunk,-0.3491533541478449,0.08222606144297502,1.0162112308745073,0.12872425060997833,23,9097__283145
283145,T. Adarabioyo,7919,M. Keane,0.13751830139652022,0.053680623164123004,0.05434194867762424,0.10840657794490663,24,7919__283145
283145,T. Adarabioyo,399581,D. O'Shea,0.06619330534635882,0.053680623164123004,0.05434194867762424,0.062045330512301725,25,283145__399581
283145,T. Adarabioyo,620468,J. Greaves,0.43081722337778705,0.02940728564449013,-0.7635742979903843,0.012780190898927068,26,283145__620468
283145,T. Adarabioyo,415917,Gabriel Magalhaes,-0.13038455848742597,0.053680623164123004,0.05434194867762424,-0.0657302809796584,27,283145__415917
283145,T. Adarabioyo,412027,E. Konsa,-0.5078022592002214,0.06952654478076112,0.5882873413618082,-0.12417089900351105,28,283145__412027
283145,T. Adarabioyo,145787,J. Andersen,0.15269847827962651,0.02940728564449013,-0.7635742979903843,-0.16799699341487728,29,145787__283145
283145,T. Adarabioyo,479155,N. Collins,0.08881883448012715,0.02940728564449013,-0.7635742979903843,-0.20951876188455187,30,283145__479155
283145,T. Adarabioyo,412968,M. Senesi,-0.37951370672714696,0.053680623164123004,0.05434194867762424,-0.22766422733547706,31,283145__412968
283145,T. Adarabioyo,558243,S. van den Berg,-0.3797781150144201,0.053680623164123004,0.05434194867762424,-0.2278360927222046,32,283145__558243
283145,T. Adarabioyo,590874,Toti,0.05845097792997715,0.02940728564449013,-0.7635742979903843,-0.22925786864214937,33,283145__590874
283145,T. Adarabioyo,365443,M. de Ligt,0.04775530734396943,0.02940728564449013,-0.7635742979903843,-0.23621005452305438,34,283145__365443
283145,T. Adarabioyo,534563,C. Richards,-0.4745750702410487,0.053680623164123004,0.05434194867762424,-0.28945411361951323,35,283145__534563
283145,T. Adarabioyo,349142,N. Mazraoui,-0.5270588885932044,0.053680623164123004,0.05434194867762424,-0.3235685955484144,36,283145__349142
283145,T. Adarabioyo,777938,Dean Huijsen,-0.09128135569821222,0.02940728564449013,-0.7635742979903843,-0.32658388550047246,37,283145__777938
283145,T. Adarabioyo,15806,J. Vestergaard,-0.5359406372331135,0.053680623164123004,0.05434194867762424,-0.3293417321643553,38,15806__283145
283145,T. Adarabioyo,447424,C. Bassey,-0.5399768234653257,0.053680623164123004,0.05434194867762424,-0.33196525321529324,39,283145__447424
283145,T. Adarabioyo,364003,S. Bueno,-0.549048460696142,0.053680623164123004,0.05434194867762424,-0.33786181741532384,40,283145__364003
283145,T. Adarabioyo,288080,C. Burgess,-0.5565374364571382,0.053680623164123004,0.05434194867762424,-0.3427296516599713,41,283145__288080
283145,T. Adarabioyo,50102,F. Schär,-0.5941387653495778,0.053680623164123004,0.05434194867762424,-0.3671705154400571,42,50102__283145
283145,T. Adarabioyo,192792,D. Burn,0.24944086815040448,0.006430278619772508,-1.5378092926680238,-0.37609668813604535,43,192792__283145
283145,T. Adarabioyo,286380,I. Diop,-0.6267895334908223,0.053680623164123004,0.05434194867762424,-0.38839351473186606,44,283145__286380
283145,T. Adarabioyo,501419,J. Todibo,-0.6526032105961764,0.053680623164123004,0.05434194867762424,-0.4051724048503462,45,283145__501419
283145,T. Adarabioyo,285382,W. Faes,-0.6610635142904202,0.053680623164123004,0.05434194867762424,-0.41067160225160465,46,283145__285382
283145,T. Adarabioyo,549884,T. Harwood-Bellis,-0.6619472525061092,0.053680623164123004,0.05434194867762424,-0.4112460320918025,47,283145__549884
283145,T. Adarabioyo,234399,A. Webster,-0.2715733931861313,0.02940728564449013,-0.7635742979903843,-0.4437737098676199,48,234399__283145
283145,T. Adarabioyo,400549,Pau Torres,-0.7459009202446463,0.053680623164123004,0.05434194867762424,-0.46581591612185164,49,283145__400549
283145,T. Adarabioyo,7953,C. Coady,-0.7468176880238303,0.053680623164123004,0.05434194867762424,-0.46641181517832125,50,7953__283145
283145,T. Adarabioyo,518805,L. Woolfenden,-0.7764212524743258,0.053680623164123004,0.05434194867762424,-0.48565413207114333,51,283145__518805
283145,T. Adarabioyo,424241,N. Milenković,-0.37071190017048417,0.02940728564449013,-0.7635742979903843,-0.5082137394074492,52,283145__424241
283145,T. Adarabioyo,488453,L. Martínez,-0.8178311872301209,0.053680623164123004,0.05434194867762424,-0.5125705896624101,53,283145__488453
283145,T. Adarabioyo,619747,L. Colwill,-0.4615616424853388,0.02940728564449013,-0.7635742979903843,-0.5672660719121048,54,283145__619747
283145,T. Adarabioyo,9433,J. Tarkowski,0.06560334806547873,0.0,-1.754484455259897,-0.5714273830984028,55,9433__283145
283145,T. Adarabioyo,604320,J. Branthwaite,-0.268991250940864,0.007951627475261838,-1.4865458047052311,-0.6951353447583926,56,283145__604320
283145,T. Adarabioyo,397074,M. Guéhi,-0.533185444847153,0.0,-1.754484455259897,-0.9606400984916135,57,283145__397074
283145,T. Adarabioyo,239411,T. Mings,-0.6058418095723234,0.0,-1.754484455259897,-1.0078667355629742,58,239411__283145
283145,T. Adarabioyo,504375,M. Lacroix,-0.6737445782670285,0.0,-1.754484455259897,-1.0520035352145325,59,283145__504375
283145,T. Adarabioyo,583655,C. Okoli,-0.7627719090357721,0.0,-1.754484455259897,-1.1098713002142158,60,283145__583655
283145,T. Adarabioyo,258154,Rúben Dias,-0.7838684520650506,0.0,-1.754484455259897,-1.1235840531832468,61,258154__283145
283145,T. Adarabioyo,557788,W. Fofana,-0.8225387631442239,0.0,-1.754484455259897,-1.1487197553847095,62,283145__557788
283145,T. Adarabioyo,415847,C. Romero,-0.9059395825399946,0.0,-1.754484455259897,-1.2029302879919603,63,283145__415847
283145,T. Adarabioyo,297957,M. Akanji,-0.9201653618379629,0.0,-1.754484455259897,-1.21217704453564,64,283145__297957
285382,W. Faes,370,V. van Dijk,1.1251243869759904,0.833364086236825,2.5724495241026712,1.6316881849703286,1,370__285382
285382,W. Faes,393247,I. Konaté,0.5544490753186581,0.6911010439999447,1.947068820041925,1.0418659859718016,2,285382__393247
285382,W. Faes,62126,M. Doherty,0.6331910370662003,0.6395084293931136,1.720270453158763,1.0136688326985972,3,62126__285382
285382,W. Faes,590781,J. van Hecke,0.2461943370301065,0.6563457597333215,1.7942864543428914,0.7880265780895811,4,285382__590781
285382,W. Faes,620468,J. Greaves,0.35020056936569743,0.6021140941564498,1.5558869609285801,0.7721908064127064,5,285382__620468
285382,W. Faes,578325,W. Saliba,0.1986916166845233,0.5641509463090425,1.3890029989671717,0.6153006004834503,6,285382__578325
285382,W. Faes,475597,S. Botman,0.13474091562409024,0.566506006022355,1.399355715164286,0.5773560954631587,7,285382__475597
285382,W. Faes,623641,E. Agbadou,0.12902757320748195,0.5641509463090425,1.3890029989671717,0.5700189722233734,8,285382__623641
285382,W. Faes,424806,E. Pinnock,0.21916715611442605,0.5062016013432089,1.1342607863393224,0.5394499266931397,9,285382__424806
285382,W. Faes,496001,M. Kilman,0.0899891926557923,0.543669584508971,1.2989680309160592,0.5131317860468857,10,285382__496001
285382,W. Faes,145787,J. Andersen,0.05420752119243141,0.481573208479778,1.025995692140288,0.3943333810241812,11,145787__285382
285382,W. Faes,136441,B. Davies,0.023380770490306513,0.4878208374785158,1.0534599341563924,0.38390847777343656,12,136441__285382
285382,W. Faes,590874,Toti,-0.2397276318186871,0.5362808701530447,1.2664876388665278,0.28744771292113813,13,285382__590874
285382,W. Faes,479155,N. Collins,-0.03689993422526758,0.4419604979430184,0.8518603410630626,0.274166162125648,14,285382__479155
285382,W. Faes,192792,D. Burn,0.11728087732260048,0.37263351319959254,0.5471026341593878,0.267718492215476,15,192792__285382
285382,W. Faes,240032,J. Bednarek,-0.05916584851837953,0.44507729775223803,0.8655616258694188,0.26448876751734984,16,240032__285382
285382,W. Faes,8360,C. Dawson,0.06417226196036069,0.3635793402261666,0.5073009753464077,0.21926731164547714,17,8360__285382
285382,W. Faes,365443,M. de Ligt,-0.0895976728175503,0.411399092380482,0.7175140412281341,0.19289142709843926,18,285382__365443
285382,W. Faes,366217,K. Danso,-0.1340187355092027,0.39991998279453034,0.6670524911166191,0.14635619380983492,19,285382__366217
285382,W. Faes,8653,H. Maguire,-0.10332523715398362,0.3686166007090087,0.5294445022790863,0.11814417164759085,20,8653__285382
285382,W. Faes,777938,Dean Huijsen,-0.1837636887958959,0.38570028070183215,0.6045434433243014,0.09214380744617315,21,285382__777938
285382,W. Faes,627012,Murillo,-0.3790250857655913,0.4391788158859337,0.8396322159226192,0.04750496982528235,22,285382__627012
285382,W. Faes,7919,M. Keane,-0.15958444184084858,0.3462008732347515,0.430906166464905,0.04708727106616517,23,7919__285382
285382,W. Faes,399581,D. O'Shea,-0.28687848844939035,0.37263351319959254,0.5471026341593878,0.005014904463681968,24,285382__399581
285382,W. Faes,9433,J. Tarkowski,-0.2922280761077308,0.3413918738270821,0.40976606297697066,-0.04653012742808532,25,9433__285382
285382,W. Faes,619747,L. Colwill,-0.40538109906669234,0.36818113796177454,0.5275302313962518,-0.07886213340466192,26,285382__619747
285382,W. Faes,568412,J. Gvardiol,-0.2748278183524095,0.3004249870951575,0.229677825970704,-0.0982508428393198,27,285382__568412
285382,W. Faes,413002,K. Mavropanos,-0.18348755934705036,0.19702699617443123,-0.2248541968493956,-0.19796588247287117,28,285382__413002
285382,W. Faes,625787,M. van de Ven,-0.4139435706459592,0.2571367381987009,0.039385005384551794,-0.2552785690352804,29,285382__625787
285382,W. Faes,234399,A. Webster,-0.2284117606012945,0.15496881453547454,-0.4097397077404797,-0.2918765421000093,30,234399__285382
285382,W. Faes,769441,L. Yoro,-0.709962351293922,0.30793480484755625,0.2626905820563143,-0.3695338246213393,31,285382__769441
285382,W. Faes,424241,N. Milenković,-0.4351097232594422,0.17203174295280976,-0.3347319895081972,-0.3999775164465064,32,285382__424241
285382,W. Faes,590703,I. Zabarnyi,-0.4408459320066913,0.1712123488671265,-0.33833400196449326,-0.40496675649192204,33,285382__590703
285382,W. Faes,415917,Gabriel Magalhaes,-0.38829178800823355,0.10648417521172812,-0.6228755819609127,-0.4703961158916713,34,285382__415917
285382,W. Faes,604320,J. Branthwaite,-0.3991939009756714,0.09572786535081,-0.6701597432451614,-0.4940319457699929,35,285382__604320
285382,W. Faes,346131,T. Chalobah,-0.5224332771151015,0.12711179478495002,-0.5321976725828824,-0.5258508155288248,36,285382__346131
285382,W. Faes,412968,M. Senesi,-0.7338019973890199,0.153532615665537,-0.4160531609489191,-0.6225899046349846,37,285382__412968
285382,W. Faes,545267,R. Drăgușin,-0.6851050779689888,0.11320888269361074,-0.5933141285187757,-0.6529782456614143,38,285382__545267
285382,W. Faes,558243,S. van den Berg,-0.9740496766867083,0.21696922441063116,-0.13718923103115657,-0.6811485207072652,39,285382__558243
285382,W. Faes,283145,T. Adarabioyo,-0.6610635142904202,0.07437055731553885,-0.7640453239689341,-0.6971071476779,40,283145__285382
285382,W. Faes,9097,L. Dunk,-0.6245445265201208,0.035194721141734595,-0.9362601987763197,-0.7336450118097905,41,9097__285382
285382,W. Faes,239411,T. Mings,-1.0188064880080192,0.19273584543315192,-0.24371786537226897,-0.7475254700855066,42,239411__285382
285382,W. Faes,397074,M. Guéhi,-0.8283464400736712,0.07783054195292097,-0.748835417063088,-0.800517582019967,43,285382__397074
285382,W. Faes,534563,C. Richards,-1.096941350196278,0.12506044525831572,-0.5412152950874337,-0.9024372309081825,44,285382__534563
285382,W. Faes,415847,C. Romero,-1.1163346874061142,0.09699149313390094,-0.664604903279457,-0.9582292629617842,45,285382__415847
285382,W. Faes,557788,W. Fofana,-1.061025146394551,0.05561128015496534,-0.846510100300765,-0.9859448802617259,46,285382__557788
285382,W. Faes,349142,N. Mazraoui,-0.9897643938573428,0.0,-1.090974305411203,-1.025187862901194,47,285382__349142
285382,W. Faes,583655,C. Okoli,-1.244691756705622,0.08279415042653125,-0.7270156604130115,-1.0635051230032082,48,285382__583655
285382,W. Faes,412027,E. Konsa,-1.0912893874800549,0.01584592161663812,-1.02131648380632,-1.0667988711942478,49,285382__412027
285382,W. Faes,364003,S. Bueno,-1.0960165746301118,0.0,-1.090974305411203,-1.0942517804034937,50,285382__364003
285382,W. Faes,447424,C. Bassey,-1.1415320295056992,0.0,-1.090974305411203,-1.1238368260726257,51,285382__447424
285382,W. Faes,15806,J. Vestergaard,-1.160931610848665,0.0,-1.090974305411203,-1.1364465539455533,52,15806__285382
285382,W. Faes,288080,C. Burgess,-1.1973560421557923,0.0,-1.090974305411203,-1.1601224342951861,53,285382__288080
285382,W. Faes,50102,F. Schär,-1.2568292031456056,0.023883995244168947,-0.985981543224161,-1.1620325221731,54,50102__285382
285382,W. Faes,504375,M. Lacroix,-1.303496541564381,0.0,-1.090974305411203,-1.2291137589107688,55,285382__504375
285382,W. Faes,258154,Rúben Dias,-1.3108532831236295,0.0,-1.090974305411203,-1.2338956409242803,56,258154__285382
285382,W. Faes,501419,J. Todibo,-1.453540342931957,0.0,-1.090974305411203,-1.3266422297996932,57,285382__501419
285382,W. Faes,549884,T. Harwood-Bellis,-1.4907118554365475,0.0,-1.090974305411203,-1.3508037129276769,58,285382__549884
285382,W. Faes,286380,I. Diop,-1.5387423582263762,0.0,-1.090974305411203,-1.3820235397410656,59,285382__286380
285382,W. Faes,7953,C. Coady,-1.5992871549039311,0.0,-1.090974305411203,-1.4213776575814763,60,7953__285382
285382,W. Faes,400549,Pau Torres,-1.6176976821846336,0.0,-1.090974305411203,-1.433344500313933,61,285382__400549
285382,W. Faes,518805,L. Woolfenden,-1.6527636812322402,0.0,-1.090974305411203,-1.4561373996948772,62,285382__518805
285382,W. Faes,297957,M. Akanji,-1.7386668929852713,0.0,-1.090974305411203,-1.5119744873343475,63,285382__297957
285382,W. Faes,488453,L. Martínez,-1.8393488118339207,0.0,-1.090974305411203,-1.5774177345859697,64,285382__488453
286380,I. Diop,370,V. van Dijk,1.1593983677755884,0.7491823490117993,2.582782899396837,1.6575829538430253,1,370__286380
286380,I. Diop,393247,I. Konaté,0.588723056118256,0.6563279482494784,2.130460573348763,1.1283311871489334,2,286380__393247
286380,I. Diop,62126,M. Doherty,0.667465017865798,0.6047353336426473,1.8791370899782975,1.091550243105173,3,62126__286380
286380,I. Diop,590781,J. van Hecke,0.2804683178297045,0.6195236541378091,1.9511755444812566,0.8652158471577477,4,286380__590781
286380,I. Diop,620468,J. Greaves,0.38447455016529547,0.4975766471505229,1.3571341915433246,0.7249054246476057,5,286380__620468
286380,I. Diop,578325,W. Saliba,0.2444637149980821,0.5293778505585762,1.512047627832449,0.6881180844901105,6,286380__578325
286380,I. Diop,623641,E. Agbadou,0.16330155400707974,0.5293778505585762,1.512047627832449,0.6353626798459591,7,286380__623641
286380,I. Diop,475597,S. Botman,0.20209421626767687,0.4828494412757873,1.285393445140787,0.5812489463732654,8,286380__475597
286380,I. Diop,496001,M. Kilman,0.12426317345539,0.48357024220732747,1.288904688025294,0.5318877035548564,9,286380__496001
286380,I. Diop,424806,E. Pinnock,0.25344113691402415,0.3995785129817151,0.8797551590829304,0.47265104467314134,10,286380__424806
286380,I. Diop,145787,J. Andersen,0.08848150199202942,0.445392455460729,1.1029289543733012,0.4435381103254745,11,145787__286380
286380,I. Diop,590874,Toti,-0.20545365101908916,0.5293778505585762,1.512047627832449,0.39567179657894924,12,286380__590874
286380,I. Diop,136441,B. Davies,0.09073407113389309,0.4041642727319481,0.9020938043156154,0.37470997774749587,13,136441__286380
286380,I. Diop,240032,J. Bednarek,-0.024891867718781685,0.4088965447331889,0.9251461557552901,0.30762144049714346,14,240032__286380
286380,I. Diop,8360,C. Dawson,0.09844624275995871,0.3273985872071175,0.528144555252598,0.24884065213238243,15,8360__286380
286380,I. Diop,365443,M. de Ligt,-0.055323692017952356,0.3752183393614329,0.7610892659814781,0.23042084328184825,16,286380__365443
286380,I. Diop,366217,K. Danso,-0.09974475470960491,0.36373922977548123,0.7051709949436948,0.18197575766905,17,286380__366217
286380,I. Diop,479155,N. Collins,-0.0026259534256697775,0.3221231801774016,0.5024464261500327,0.17414937942582606,18,286380__479155
286380,I. Diop,192792,D. Burn,0.1515548581221985,0.25279619543397575,0.16473337496882812,0.15616733901851887,19,192792__286380
286380,I. Diop,8653,H. Maguire,-0.06905125635438565,0.3324358476899596,0.5526825993280894,0.1485555931344806,20,8653__286380
286380,I. Diop,627012,Murillo,-0.27555052742861674,0.4029980628668846,0.8964128376140372,0.13463665033631209,21,286380__627012
286380,I. Diop,777938,Dean Huijsen,-0.1494897079962979,0.35132620957999977,0.6447033582780533,0.12847786519972498,22,286380__777938
286380,I. Diop,7919,M. Keane,-0.1253104610412507,0.25279619543397575,0.16473337496882812,-0.02379511843772312,23,7919__286380
286380,I. Diop,619747,L. Colwill,-0.3711071182670945,0.3320003849427255,0.5505613264415151,-0.048523162619081184,24,286380__619747
286380,I. Diop,568412,J. Gvardiol,-0.24055383755281157,0.2642442340761084,0.22050028988923476,-0.07918489294809536,25,286380__568412
286380,I. Diop,399581,D. O'Shea,-0.2526045076497924,0.25279619543397575,0.16473337496882812,-0.10653624873327525,26,286380__399581
286380,I. Diop,9433,J. Tarkowski,-0.25795409530813307,0.25279619543397575,0.16473337496882812,-0.11001348071119665,27,9433__286380
286380,I. Diop,625787,M. van de Ven,-0.3498262904218933,0.2571367381987009,0.18587749289466715,-0.16232996626109714,28,286380__625787
286380,I. Diop,413002,K. Mavropanos,-0.14921357854745249,0.16084624315538215,-0.2831831045217162,-0.1961029126384448,29,286380__413002
286380,I. Diop,769441,L. Yoro,-0.5681098240605922,0.30793480484755625,0.43333048894780807,-0.21760571450765212,30,286380__769441
286380,I. Diop,234399,A. Webster,-0.1941377798016966,0.11878806151642543,-0.48806143438117666,-0.2970110589045146,31,234399__286380
286380,I. Diop,590703,I. Zabarnyi,-0.40657195120709355,0.1712123488671265,-0.23268661745053915,-0.3457120843922995,32,286380__590703
286380,I. Diop,424241,N. Milenković,-0.4008357424598443,0.1358509899337607,-0.4049426655607685,-0.4022731655451678,33,286380__424241
286380,I. Diop,346131,T. Chalobah,-0.4881592963155036,0.12711179478495002,-0.44751397122905245,-0.47393343253524567,34,286380__346131
286380,I. Diop,415917,Gabriel Magalhaes,-0.3540178072086355,0.07030342219267903,-0.7242450148735521,-0.4835973298913563,35,286380__415917
286380,I. Diop,604320,J. Branthwaite,-0.36491992017607355,0.05954711233176092,-0.7766423062893685,-0.5090227553157267,36,286380__604320
286380,I. Diop,412968,M. Senesi,-0.6664486967454331,0.153532615665537,-0.31881003195753777,-0.5447751640696696,37,286380__412968
286380,I. Diop,545267,R. Drăgușin,-0.6177517773254021,0.11320888269361074,-0.5152393292558991,-0.5818724205010761,38,286380__545267
286380,I. Diop,558243,S. van den Berg,-0.9066963760431215,0.182721301138623,-0.1766229735189529,-0.6511706851596625,39,286380__558243
286380,I. Diop,283145,T. Adarabioyo,-0.6267895334908223,0.07437055731553885,-0.7044327496064192,-0.6539646591312812,40,283145__286380
286380,I. Diop,9097,L. Dunk,-0.590270545720523,0.035194721141734595,-0.8952702887810193,-0.6970204557916967,41,9097__286380
286380,I. Diop,239411,T. Mings,-0.9845325072084212,0.1824338609624211,-0.17802318296548325,-0.702254243723393,42,239411__286380
286380,I. Diop,397074,M. Guéhi,-0.7609931394300845,0.07783054195292097,-0.6875781009691696,-0.7352978759687643,43,286380__397074
286380,I. Diop,534563,C. Richards,-1.0295880495526915,0.12506044525831572,-0.4575067252806338,-0.8293595860574713,44,286380__534563
286380,I. Diop,415847,C. Romero,-1.0489813867625275,0.09699149313390094,-0.5942392184141126,-0.8898216278405824,45,286380__415847
286380,I. Diop,412027,E. Konsa,-0.9474506068122109,0.01584592161663812,-0.9895242383577519,-0.9621763778531502,46,286380__412027
286380,I. Diop,349142,N. Mazraoui,-0.9219813450866365,0.0,-1.0667145929900514,-0.9726379818528318,47,286380__349142
286380,I. Diop,583655,C. Okoli,-1.1773384560620355,0.08279415042653125,-0.6633988384684912,-0.9974595899042951,48,286380__583655
286380,I. Diop,557788,W. Fofana,-1.0267511655949533,0.01946378235956125,-0.9719005266852616,-1.0075534419765613,49,286380__557788
286380,I. Diop,447424,C. Bassey,-0.9979448165474096,0.0,-1.0667145929900514,-1.0220142383023343,50,286380__447424
286380,I. Diop,364003,S. Bueno,-1.0286632739865254,0.0,-1.0667145929900514,-1.0419812356377594,51,286380__364003
286380,I. Diop,15806,J. Vestergaard,-1.0935783102050785,0.0,-1.0667145929900514,-1.084176009179819,52,15806__286380
286380,I. Diop,50102,F. Schär,-1.1894759025020192,0.023883995244168947,-0.9503683111178899,-1.105788245517574,53,50102__286380
286380,I. Diop,288080,C. Burgess,-1.1300027415122056,0.0,-1.0667145929900514,-1.1078518895294516,54,286380__288080
286380,I. Diop,258154,Rúben Dias,-1.204790111528182,0.0,-1.0667145929900514,-1.1564636800398365,55,258154__286380
286380,I. Diop,504375,M. Lacroix,-1.2361432409207944,0.0,-1.0667145929900514,-1.1768432141450345,56,286380__504375
286380,I. Diop,501419,J. Todibo,-1.3179283502310664,0.0,-1.0667145929900514,-1.2300035351967111,57,286380__501419
286380,I. Diop,549884,T. Harwood-Bellis,-1.4246455469402401,0.0,-1.0667145929900514,-1.2993697130576742,58,286380__549884
286380,I. Diop,7953,C. Coady,-1.4554483742360873,0.0,-1.0667145929900514,-1.3193915507999747,59,7953__286380
286380,I. Diop,400549,Pau Torres,-1.487526308611088,0.0,-1.0667145929900514,-1.3402422081437253,60,286380__400549
286380,I. Diop,285382,W. Faes,-1.5387423582263762,0.0,-1.0667145929900514,-1.3735326403936625,61,285382__286380
286380,I. Diop,518805,L. Woolfenden,-1.540237073843672,0.0,-1.0667145929900514,-1.3745042055449048,62,286380__518805
286380,I. Diop,297957,M. Akanji,-1.6331292131956192,0.0,-1.0667145929900514,-1.4348840961236704,63,286380__297957
286380,I. Diop,488453,L. Martínez,-1.6967970233133562,0.0,-1.0667145929900514,-1.4762681727001996,64,286380__488453
288080,C. Burgess,370,V. van Dijk,1.2296504648092723,0.519962505514345,1.798020340813708,1.4285799214108248,1,370__288080
288080,C. Burgess,62126,M. Doherty,0.7383136057973265,0.5117651401646034,1.7528364025110792,1.0933965846471398,2,62126__288080
288080,C. Burgess,393247,I. Konaté,0.6589751531519402,0.519962505514345,1.798020340813708,1.0576409688335588,3,288080__393247
288080,C. Burgess,590781,J. van Hecke,0.3507204148633888,0.519962505514345,1.798020340813708,0.8572753889460005,4,288080__590781
288080,C. Burgess,578325,W. Saliba,0.46250744019796064,0.46329957222567875,1.4856938343659043,0.820622678156741,5,288080__578325
288080,C. Burgess,620468,J. Greaves,0.45472664719897965,0.4123028956433288,1.204599776699113,0.7171822425240264,6,288080__620468
288080,C. Burgess,623641,E. Agbadou,0.28107902801197715,0.46329957222567875,1.4856938343659043,0.7026942102358517,7,288080__623641
288080,C. Burgess,8360,C. Dawson,0.2323809174602742,0.4187943154856717,1.240380530775437,0.5851807821205812,8,8360__288080
288080,C. Burgess,145787,J. Andersen,0.15873359902571363,0.44134467846999725,1.3646782979620333,0.5808142436534255,9,145787__288080
288080,C. Burgess,240032,J. Bednarek,0.04536022931490269,0.4613886206462295,1.4751606551575542,0.5457903783598307,10,240032__288080
288080,C. Burgess,365443,M. de Ligt,0.025205901908284936,0.46661406763998703,1.503963357549859,0.5427710113828358,11,288080__365443
288080,C. Burgess,496001,M. Kilman,0.19451527048907435,0.39238408838310923,1.0948071640841235,0.5096174332473415,12,288080__496001
288080,C. Burgess,627012,Murillo,-0.04377315132108467,0.46329957222567875,1.4856938343659043,0.49154029366936147,13,288080__627012
288080,C. Burgess,424806,E. Pinnock,0.3236932339477083,0.314304761474521,0.6644333379547744,0.4429522703501815,14,288080__424806
288080,C. Burgess,366217,K. Danso,-0.029492657675920603,0.39139178061030955,1.0893375563174266,0.3620979172217509,15,288080__366217
288080,C. Burgess,475597,S. Botman,0.21743464236033996,0.306179961490039,0.6196493804809736,0.35820980070256175,16,288080__475597
288080,C. Burgess,590874,Toti,-0.01261967480921726,0.3802145208101759,1.0277284178132349,0.35150215760864095,17,288080__590874
288080,C. Burgess,8653,H. Maguire,0.0012008406792985912,0.3200908215238495,0.696326143646594,0.24449469671785193,18,8653__288080
288080,C. Burgess,568412,J. Gvardiol,-0.11653070983308772,0.35563996235466255,0.8922732702513093,0.2365506831964512,19,288080__568412
288080,C. Burgess,619747,L. Colwill,-0.2994588122407647,0.41319292024684534,1.209505598881893,0.22867873165216546,20,288080__619747
288080,C. Burgess,777938,Dean Huijsen,-0.07923761096261385,0.3172394430966683,0.6806093247133909,0.1867088165239878,21,288080__777938
288080,C. Burgess,136441,B. Davies,0.07742492977906693,0.22749479294619984,0.18593615078713577,0.11540385713189102,22,136441__288080
288080,C. Burgess,192792,D. Burn,0.22180695515588286,0.16625380384663813,-0.15162463307542465,0.09110589927492524,23,192792__288080
288080,C. Burgess,479155,N. Collins,0.06762614360801443,0.21649524132761178,0.12530654109107267,0.08781428272708482,24,288080__479155
288080,C. Burgess,413002,K. Mavropanos,-0.07050485813174041,0.25224197143393634,0.3223427812405752,0.06699181564857004,25,288080__413002
288080,C. Burgess,769441,L. Yoro,-0.4049720366293367,0.30793480484755625,0.6293220900179881,-0.042969092302773015,26,288080__769441
288080,C. Burgess,234399,A. Webster,-0.10553518388875062,0.20591719842851164,0.06700029056747378,-0.04514776782907208,27,234399__288080
288080,C. Burgess,625787,M. van de Ven,-0.30941749281267705,0.2571367381987009,0.34932277177031934,-0.07885840020862833,28,288080__625787
288080,C. Burgess,7919,M. Keane,-0.055058364007566515,0.16752244392678164,-0.14463187959137336,-0.0864090944618989,29,7919__288080
288080,C. Burgess,9433,J. Tarkowski,-0.18770199827444875,0.16752244392678164,-0.14463187959137336,-0.17262745673537236,30,9433__288080
288080,C. Burgess,424241,N. Milenković,-0.33058364542616003,0.207123537016146,0.07364963776504252,-0.18910199630923916,31,288080__424241
288080,C. Burgess,399581,D. O'Shea,-0.1823524106161083,0.13493000153973125,-0.32428166255424856,-0.23202764879445736,32,288080__399581
288080,C. Burgess,415917,Gabriel Magalhaes,-0.2820184621348788,0.15932507857704,-0.18981581789400245,-0.2497475366505721,33,288080__415917
288080,C. Burgess,590703,I. Zabarnyi,-0.33631985417340915,0.1712123488671265,-0.12429309632946067,-0.2621104889280272,34,288080__590703
288080,C. Burgess,604320,J. Branthwaite,-0.2896548692710041,0.1509428406103151,-0.23601877542576488,-0.2708822364251704,35,288080__604320
288080,C. Burgess,346131,T. Chalobah,-0.40772995104031035,0.12711179478495002,-0.3673756758833443,-0.39360595473537224,36,288080__346131
288080,C. Burgess,545267,R. Drăgușin,-0.5963306052710098,0.11320888269361074,-0.4440086299314092,-0.5430179139021496,37,288080__545267
288080,C. Burgess,9097,L. Dunk,-0.5135667430035578,0.035194721141734595,-0.8740232641336546,-0.6397265253990916,38,9097__288080
288080,C. Burgess,283145,T. Adarabioyo,-0.5565374364571382,0.048323883873942056,-0.8016552222632339,-0.6423286614892716,39,283145__288080
288080,C. Burgess,412968,M. Senesi,-0.6797578381002594,0.05666293328866623,-0.7556903203488221,-0.7063342068872562,40,288080__412968
288080,C. Burgess,239411,T. Mings,-0.8000747634632196,0.08642870011895831,-0.591621193915077,-0.7271160141213697,41,239411__288080
288080,C. Burgess,397074,M. Guéhi,-0.7722228766959801,0.032320714959023694,-0.8898648074223258,-0.8133975524502011,42,288080__397074
288080,C. Burgess,558243,S. van den Berg,-0.8482910892423331,0.05666293328866623,-0.7556903203488221,-0.8158808201296043,43,288080__558243
288080,C. Burgess,412027,E. Konsa,-0.761432956488863,0.01584592161663812,-0.9806739899061071,-0.8381673181848984,44,288080__412027
288080,C. Burgess,534563,C. Richards,-0.90176655295816,0.05666293328866623,-0.7556903203488221,-0.8506398715448917,45,288080__534563
288080,C. Burgess,557788,W. Fofana,-0.9322005879226843,0.05561128015496534,-0.761487040182763,-0.8724508462137119,46,288080__557788
288080,C. Burgess,349142,N. Mazraoui,-0.8184910984861723,0.0,-1.068016826796626,-0.905825103394831,47,288080__349142
288080,C. Burgess,447424,C. Bassey,-0.8307694062528433,0.0,-1.068016826796626,-0.9138060034431672,48,288080__447424
288080,C. Burgess,15806,J. Vestergaard,-0.9036641186384474,0.0,-1.068016826796626,-0.9611875664938099,49,15806__288080
288080,C. Burgess,415847,C. Romero,-1.0622905281173538,0.035291615641251585,-0.8734891809372558,-0.9962100566043195,50,288080__415847
288080,C. Burgess,583655,C. Okoli,-1.0764419507053442,0.0285481881470135,-0.9106590030505901,-1.0184179190261804,51,288080__583655
288080,C. Burgess,364003,S. Bueno,-1.002065253677506,0.0,-1.068016826796626,-1.025148304269198,52,288080__364003
288080,C. Burgess,258154,Rúben Dias,-1.0757831735398946,0.0,-1.068016826796626,-1.0730649521797506,53,258154__288080
288080,C. Burgess,50102,F. Schär,-1.1491962403999028,0.008197365349741642,-1.0228328884939968,-1.1049690672328356,54,50102__288080
288080,C. Burgess,286380,I. Diop,-1.1300027415122056,0.0,-1.068016826796626,-1.1083076713617528,55,286380__288080
288080,C. Burgess,501419,J. Todibo,-1.1697122125120445,0.0,-1.068016826796626,-1.134118827511648,56,288080__501419
288080,C. Burgess,504375,M. Lacroix,-1.1724279119547611,0.0,-1.068016826796626,-1.135884032149414,57,288080__504375
288080,C. Burgess,285382,W. Faes,-1.1973560421557923,0.0,-1.068016826796626,-1.152087316780084,58,285382__288080
288080,C. Burgess,549884,T. Harwood-Bellis,-1.248721698916003,0.0,-1.068016826796626,-1.185474993674221,59,288080__549884
288080,C. Burgess,7953,C. Coady,-1.3072322365170657,0.0,-1.068016826796626,-1.2235068431149116,60,7953__288080
288080,C. Burgess,400549,Pau Torres,-1.33267536665454,0.0,-1.068016826796626,-1.24004487770427,61,288080__400549
288080,C. Burgess,297957,M. Akanji,-1.359694669102068,0.0,-1.068016826796626,-1.2576074242951631,62,288080__297957
288080,C. Burgess,518805,L. Woolfenden,-1.3631956988842198,0.0,-1.068016826796626,-1.2598830936535619,63,288080__518805
288080,C. Burgess,488453,L. Martínez,-1.4046056336400143,0.0,-1.068016826796626,-1.2867995512448285,64,288080__488453
297957,M. Akanji,370,V. van Dijk,1.0132676785742365,1.1602776170250588,3.0177877923658176,1.7148497184012896,1,370__297957
297957,M. Akanji,62126,M. Doherty,0.5213343286644465,0.9796460198999754,2.360526043558201,1.1650514288772607,2,62126__297957
297957,M. Akanji,393247,I. Konaté,0.44259236691690446,0.8966167999628295,2.0584087442230756,1.0081280989740642,3,297957__393247
297957,M. Akanji,590781,J. van Hecke,0.1343376286283527,0.774935359664893,1.6156481335627537,0.652796305355393,4,297957__590781
297957,M. Akanji,620468,J. Greaves,0.14416003322204213,0.7329086617769863,1.462726156510827,0.6056581763731168,5,297957__620468
297957,M. Akanji,578325,W. Saliba,0.11708987137652033,0.7243894738482178,1.4317275026451597,0.577213042320544,6,297957__578325
297957,M. Akanji,623641,E. Agbadou,0.017170864805728103,0.7321291710146641,1.4598898340192061,0.5221225040304454,7,297957__623641
297957,M. Akanji,424806,E. Pinnock,0.10731044771267212,0.6596246308459138,1.1960685445755592,0.4883757816146826,8,297957__424806
297957,M. Akanji,8360,C. Dawson,-0.04768444644139319,0.6644611364824112,1.2136670722050353,0.39378858508485676,9,8360__297957
297957,M. Akanji,496001,M. Kilman,-0.02186751574596152,0.6261373407413734,1.074218795100683,0.361762693050364,10,297957__496001
297957,M. Akanji,475597,S. Botman,0.0010518561253038405,0.5591867315746505,0.8306065192584688,0.2913959882219116,11,297957__475597
297957,M. Akanji,145787,J. Andersen,-0.1339587118761183,0.5818227009945152,0.9129717149587175,0.23246693751607422,12,145787__297957
297957,M. Akanji,240032,J. Bednarek,-0.17102255692013335,0.5212471844470739,0.6925564023856595,0.13123007883689414,13,240032__297957
297957,M. Akanji,136441,B. Davies,-0.14224670986193078,0.48050156303081126,0.5442958609602252,0.0980431899258238,14,136441__297957
297957,M. Akanji,7919,M. Keane,-0.27144115024260246,0.5323835420283182,0.7330781160597462,0.08014059296321954,15,7919__297957
297957,M. Akanji,8653,H. Maguire,-0.21518194555573755,0.4845602971189875,0.5590643217788079,0.055804248011353336,16,8653__297957
297957,M. Akanji,192792,D. Burn,-0.03777585124176064,0.3720102293868991,0.14952991294123297,0.02778116622228712,17,192792__297957
297957,M. Akanji,627012,Murillo,-0.44081277530827945,0.5696677184001037,0.8687435442295576,0.017531936529963488,18,297957__627012
297957,M. Akanji,366217,K. Danso,-0.24587544391095656,0.4590606479921686,0.466279093469789,0.003378644172304379,19,297957__366217
297957,M. Akanji,365443,M. de Ligt,-0.3138673369112506,0.4912844520916555,0.5835314135109856,0.00022222573653202238,20,297957__365443
297957,M. Akanji,479155,N. Collins,-0.19783835567561764,0.4158213882481002,0.3089449839958345,-0.020464186790609407,21,297957__479155
297957,M. Akanji,590874,Toti,-0.46314893445767025,0.5391869130624941,0.7578334502032685,-0.035805099826341724,22,297957__590874
297957,M. Akanji,413002,K. Mavropanos,-0.2953442677488042,0.4354096303023397,0.380220455361572,-0.05889661466017254,23,297957__413002
297957,M. Akanji,9433,J. Tarkowski,-0.46558128379978475,0.5156278831977156,0.6721095269496168,-0.06738950003749422,24,9433__297957
297957,M. Akanji,568412,J. Gvardiol,-0.3866845267541635,0.4575541979610639,0.46079759412142457,-0.09006578444770769,25,297957__568412
297957,M. Akanji,777938,Dean Huijsen,-0.37793854585395714,0.38570028070183215,0.19934371745677418,-0.1758897536952012,26,297957__777938
297957,M. Akanji,399581,D. O'Shea,-0.39873519685114445,0.3879367716243427,0.20748160672043234,-0.18655931560109257,27,297957__399581
297957,M. Akanji,234399,A. Webster,-0.4875136081488374,0.4021699876275961,0.2592718172392308,-0.2261387092630135,28,234399__297957
297957,M. Akanji,415917,Gabriel Magalhaes,-0.5001484964099875,0.33387668782868185,0.01077391115808046,-0.3213256537611637,29,297957__415917
297957,M. Akanji,619747,L. Colwill,-0.6644829466142355,0.41319292024684534,0.299380813038561,-0.3271306307357567,30,297957__619747
297957,M. Akanji,625787,M. van de Ven,-0.5258002790477131,0.3108173613628239,-0.07313174809809238,-0.36736629321534586,31,297957__625787
297957,M. Akanji,424241,N. Milenković,-0.681861978491532,0.3216642575161885,-0.033663293805689894,-0.45499243885148727,32,297957__424241
297957,M. Akanji,769441,L. Yoro,-0.8035946276517751,0.36161542801167923,0.11170648980195941,-0.483239236542968,33,297957__769441
297957,M. Akanji,590703,I. Zabarnyi,-0.5527026404084452,0.2248929720312495,-0.3857836611417968,-0.49428099766511824,34,297957__590703
297957,M. Akanji,604320,J. Branthwaite,-0.605234437119327,0.22352512197622365,-0.3907608386322351,-0.5301686776488448,35,297957__604320
297957,M. Akanji,346131,T. Chalobah,-0.6342899855168553,0.18079241794907303,-0.5462517506719151,-0.6034766033211263,36,297957__346131
297957,M. Akanji,545267,R. Drăgușin,-0.8554019180951227,0.16688950585773374,-0.5968400888149059,-0.7649052778470469,37,297957__545267
297957,M. Akanji,412968,M. Senesi,-0.930850677204369,0.19030719954058836,-0.5116304436143723,-0.7841235954478701,38,297957__412968
297957,M. Akanji,9097,L. Dunk,-0.7364012349218747,0.0888753443058576,-0.8807091630491257,-0.7869090097664125,39,9097__297957
297957,M. Akanji,283145,T. Adarabioyo,-0.9201653618379629,0.07437055731553885,-0.9334875352446457,-0.9248281225303019,40,283145__297957
297957,M. Akanji,558243,S. van den Berg,-1.262783454136613,0.21588648442854455,-0.4185554457386454,-0.9673036511973243,41,297957__558243
297957,M. Akanji,534563,C. Richards,-1.217958485631752,0.17874106842243873,-0.55371596844306,-0.9854736046157099,42,297957__534563
297957,M. Akanji,239411,T. Mings,-1.2779083355555618,0.19273584543315192,-0.5027933626607262,-1.0066180950423693,43,239411__297957
297957,M. Akanji,397074,M. Guéhi,-1.056053436346184,0.07783054195292097,-0.9208977359525621,-1.0087489412084163,44,297957__397074
297957,M. Akanji,412027,E. Konsa,-1.160055547511302,0.06952654478076112,-0.9511133781233383,-1.0869257882255146,45,297957__412027
297957,M. Akanji,447424,C. Bassey,-1.229391997275282,0.053680623164123004,-1.0087717187402785,-1.1521748997880308,46,297957__447424
297957,M. Akanji,15806,J. Vestergaard,-1.2621961644900244,0.053680623164123004,-1.0087717187402785,-1.1734976084776134,47,15806__297957
297957,M. Akanji,349142,N. Mazraoui,-1.2784981713072476,0.053680623164123004,-1.0087717187402785,-1.1840939129088084,48,297957__349142
297957,M. Akanji,557788,W. Fofana,-1.3201269939420937,0.05561128015496534,-1.001746663266346,-1.208693878205582,49,297957__557788
297957,M. Akanji,364003,S. Bueno,-1.3285466418227365,0.053680623164123004,-1.0087717187402785,-1.216625418743876,50,297957__364003
297957,M. Akanji,288080,C. Burgess,-1.359694669102068,0.053680623164123004,-1.0087717187402785,-1.2368716364754415,51,288080__297957
297957,M. Akanji,415847,C. Romero,-1.4635907743301044,0.09699149313390094,-0.8511770421068042,-1.2492459680519494,52,297957__415847
297957,M. Akanji,50102,F. Schär,-1.516085510180853,0.07756461840829196,-0.9218653483568913,-1.3081084535424665,53,50102__297957
297957,M. Akanji,583655,C. Okoli,-1.587739156906434,0.08279415042653125,-0.9028367209491779,-1.3480233043213943,54,297957__583655
297957,M. Akanji,286380,I. Diop,-1.6331292131956192,0.053680623164123004,-1.0087717187402785,-1.4146040901362498,55,286380__297957
297957,M. Akanji,504375,M. Lacroix,-1.5409709194628198,0.0,-1.204098676036138,-1.423065634263481,56,297957__504375
297957,M. Akanji,501419,J. Todibo,-1.6870797212444717,0.053680623164123004,-1.0087717187402785,-1.449671920368004,57,297957__501419
297957,M. Akanji,285382,W. Faes,-1.7386668929852713,0.053680623164123004,-1.0087717187402785,-1.4832035819995237,58,285382__297957
297957,M. Akanji,549884,T. Harwood-Bellis,-1.7727936418361838,0.053680623164123004,-1.0087717187402785,-1.5053859687526168,59,297957__549884
297957,M. Akanji,258154,Rúben Dias,-1.7749404057258353,0.0,-1.204098676036138,-1.5751458003344414,60,258154__297957
297957,M. Akanji,7953,C. Coady,-1.8813838675346848,0.053680623164123004,-1.0087717187402785,-1.5759696154566427,61,7953__297957
297957,M. Akanji,400549,Pau Torres,-1.9134618019096856,0.053680623164123004,-1.0087717187402785,-1.596820272800393,62,297957__400549
297957,M. Akanji,518805,L. Woolfenden,-1.982132258505141,0.053680623164123004,-1.0087717187402785,-1.6414560695874392,63,297957__518805
297957,M. Akanji,488453,L. Martínez,-2.157336291388798,0.053680623164123004,-1.0087717187402785,-1.7553386909618163,64,297957__488453
346131,T. Chalobah,370,V. van Dijk,1.4040608068692828,0.04442012604064213,1.1307644392442064,1.308407078200506,1,370__346131
346131,T. Chalobah,393247,I. Konaté,0.8333854952119509,0.04442012604064213,1.1307644392442064,0.9374681256232403,2,346131__393247
346131,T. Chalobah,620468,J. Greaves,0.6291369892589902,0.04442012604064213,1.1307644392442064,0.8047065967538158,3,346131__620468
346131,T. Chalobah,192792,D. Burn,0.5271678618433226,0.04442012604064213,1.1307644392442064,0.738426663933632,4,192792__346131
346131,T. Chalobah,590781,J. van Hecke,0.5251307569233996,0.04442012604064213,1.1307644392442064,0.737102545735682,5,346131__590781
346131,T. Chalobah,424806,E. Pinnock,0.4981035760077191,0.04442012604064213,1.1307644392442064,0.7195348781404897,6,346131__424806
346131,T. Chalobah,475597,S. Botman,0.4772631392174943,0.04442012604064213,1.1307644392442064,0.7059885942268436,7,346131__475597
346131,T. Chalobah,62126,M. Doherty,0.9121274569594929,0.02509131945280302,0.1971181543656454,0.6618742010516463,8,62126__346131
346131,T. Chalobah,7919,M. Keane,0.37204527492683104,0.04442012604064213,1.1307644392442064,0.6375969824379124,9,7919__346131
346131,T. Chalobah,496001,M. Kilman,0.36892561254908496,0.04442012604064213,1.1307644392442064,0.6355692018923774,10,346131__496001
346131,T. Chalobah,136441,B. Davies,0.3659029940837107,0.04442012604064213,1.1307644392442064,0.6336044998898842,11,136441__346131
346131,T. Chalobah,9433,J. Tarkowski,0.3616268208860894,0.04442012604064213,1.1307644392442064,0.6308249873114303,12,9433__346131
346131,T. Chalobah,145787,J. Andersen,0.33314394108572404,0.04442012604064213,1.1307644392442064,0.6123111154411929,13,145787__346131
346131,T. Chalobah,399581,D. O'Shea,0.3007202788766695,0.04442012604064213,1.1307644392442064,0.5912357350053075,14,346131__399581
346131,T. Chalobah,479155,N. Collins,0.28215680424987394,0.04442012604064213,1.1307644392442064,0.5791694764978903,15,346131__479155
346131,T. Chalobah,8653,H. Maguire,0.17561118273930926,0.04442012604064213,1.1307644392442064,0.5099148225160233,16,8653__346131
346131,T. Chalobah,366217,K. Danso,0.14491768438408992,0.04442012604064213,1.1307644392442064,0.48996404858513065,17,346131__366217
346131,T. Chalobah,777938,Dean Huijsen,0.09517273109739671,0.04442012604064213,1.1307644392442064,0.4576298289487801,18,346131__777938
346131,T. Chalobah,240032,J. Bednarek,0.21977057137491318,0.03946662543926607,0.8914937210753868,0.4548736737700789,19,240032__346131
346131,T. Chalobah,412968,M. Senesi,-0.1338153447424816,0.04442012604064213,1.1307644392442064,0.3087875796528592,20,346131__412968
346131,T. Chalobah,558243,S. van den Berg,-0.13407975302975467,0.04442012604064213,1.1307644392442064,0.3086157142661317,21,346131__558243
346131,T. Chalobah,239411,T. Mings,-0.19993114949527435,0.04442012604064213,1.1307644392442064,0.26581230656354393,22,239411__346131
346131,T. Chalobah,534563,C. Richards,-0.2288767082563833,0.04442012604064213,1.1307644392442064,0.2469976933688231,23,346131__534563
346131,T. Chalobah,283145,T. Adarabioyo,-0.240564670551764,0.04442012604064213,1.1307644392442064,0.23940051787682562,24,283145__346131
346131,T. Chalobah,397074,M. Guéhi,-0.23313091960588017,0.043452156197121165,1.0840082443301122,0.22786778777171712,25,346131__397074
346131,T. Chalobah,415847,C. Romero,-0.3761263189088636,0.04442012604064213,1.1307644392442064,0.15128544644471087,26,346131__415847
346131,T. Chalobah,234399,A. Webster,0.11960424882949834,0.02509131945280302,0.1971181543656454,0.1467341157671498,27,234399__346131
346131,T. Chalobah,413002,K. Mavropanos,0.10945152791645232,0.02509131945280302,0.1971181543656454,0.1401348471736699,28,346131__413002
346131,T. Chalobah,424241,N. Milenković,-0.08955416146290215,0.03254607897203261,0.5572080801539664,0.13681262310300185,29,346131__424241
346131,T. Chalobah,415917,Gabriel Magalhaes,0.06359186234324338,0.02509131945280302,0.1971181543656454,0.11032606455108407,30,346131__415917
346131,T. Chalobah,583655,C. Okoli,-0.3622306144927659,0.03967962938511098,0.901782527153445,0.08017398508340787,31,346131__583655
346131,T. Chalobah,578325,W. Saliba,0.648111129630605,0.0,-1.014876858536478,0.06606533377212603,32,346131__578325
346131,T. Chalobah,604320,J. Branthwaite,-0.024022933132673813,0.02509131945280302,0.1971181543656454,0.053376447491737894,33,346131__604320
346131,T. Chalobah,623641,E. Agbadou,0.4649925148687833,0.0,-1.014876858536478,-0.052961765823058116,34,346131__623641
346131,T. Chalobah,365443,M. de Ligt,0.1894389957267866,0.010130863995487181,-0.5255220973404313,-0.06079738684673966,35,346131__365443
346131,T. Chalobah,8360,C. Dawson,0.3966140112787757,0.0,-1.014876858536478,-0.09740779315656306,36,8360__346131
346131,T. Chalobah,619747,L. Colwill,-0.12644467917339985,0.012947194399348478,-0.3894838786016715,-0.21850839897329494,37,346131__619747
346131,T. Chalobah,590874,Toti,0.17298401462342736,0.0,-1.014876858536478,-0.24276729098253946,38,346131__590874
346131,T. Chalobah,627012,Murillo,0.14183053811155996,0.0,-1.014876858536478,-0.2630170507152533,39,346131__627012
346131,T. Chalobah,50102,F. Schär,-0.4159999504394813,0.019328806587839115,-0.08123057365791672,-0.29883066856593365,40,50102__346131
346131,T. Chalobah,568412,J. Gvardiol,0.06907297959955686,0.0,-1.014876858536478,-0.3103094637480553,41,346131__568412
346131,T. Chalobah,625787,M. van de Ven,-0.07281701330517432,0.0,-1.014876858536478,-0.40253795913613055,42,346131__625787
346131,T. Chalobah,769441,L. Yoro,-0.1202222746642929,0.0,-1.014876858536478,-0.43335137901955767,43,346131__769441
346131,T. Chalobah,590703,I. Zabarnyi,-0.14308636250004647,0.0,-1.014876858536478,-0.4482130361127975,44,346131__590703
346131,T. Chalobah,9097,L. Dunk,-0.2615702128724735,0.0,-1.014876858536478,-0.525227538854875,45,9097__346131
346131,T. Chalobah,545267,R. Drăgușin,-0.29665919359373205,0.0,-1.014876858536478,-0.5480353763236931,46,346131__545267
346131,T. Chalobah,15806,J. Vestergaard,-0.39731040005779483,0.0,-1.014876858536478,-0.6134586605253339,47,15806__346131
346131,T. Chalobah,349142,N. Mazraoui,-0.39838498047771936,0.0,-1.014876858536478,-0.6141571377982848,48,346131__349142
346131,T. Chalobah,447424,C. Bassey,-0.4013465862900071,0.0,-1.014876858536478,-0.6160821815762718,49,346131__447424
346131,T. Chalobah,557788,W. Fofana,-0.40467977888573126,0.0,-1.014876858536478,-0.6182487567634927,50,346131__557788
346131,T. Chalobah,288080,C. Burgess,-0.40772995104031035,0.0,-1.014876858536478,-0.620231368663969,51,288080__346131
346131,T. Chalobah,364003,S. Bueno,-0.40923259601788414,0.0,-1.014876858536478,-0.621208087899392,52,346131__364003
346131,T. Chalobah,412027,E. Konsa,-0.41054610056243446,0.0,-1.014876858536478,-0.6220618658533497,53,346131__412027
346131,T. Chalobah,504375,M. Lacroix,-0.444400668352224,0.0,-1.014876858536478,-0.6440673349167129,54,346131__504375
346131,T. Chalobah,286380,I. Diop,-0.4881592963155036,0.0,-1.014876858536478,-0.6725104430928446,55,286380__346131
346131,T. Chalobah,501419,J. Todibo,-0.5139729734208578,0.0,-1.014876858536478,-0.6892893332113248,56,346131__501419
346131,T. Chalobah,258154,Rúben Dias,-0.5177454724586219,0.0,-1.014876858536478,-0.6917414575858716,57,258154__346131
346131,T. Chalobah,285382,W. Faes,-0.5224332771151015,0.0,-1.014876858536478,-0.6947885306125832,58,285382__346131
346131,T. Chalobah,549884,T. Harwood-Bellis,-0.5227853936964657,0.0,-1.014876858536478,-0.6950174063904699,59,346131__549884
346131,T. Chalobah,400549,Pau Torres,-0.6072706830693275,0.0,-1.014876858536478,-0.7499328444828302,60,346131__400549
346131,T. Chalobah,7953,C. Coady,-0.6081874508485117,0.0,-1.014876858536478,-0.7505287435392999,61,7953__346131
346131,T. Chalobah,297957,M. Akanji,-0.6342899855168553,0.0,-1.014876858536478,-0.7674953910737232,62,297957__346131
346131,T. Chalobah,518805,L. Woolfenden,-0.6377910152990073,0.0,-1.014876858536478,-0.769771060432122,63,346131__518805
346131,T. Chalobah,488453,L. Martínez,-0.679200950054802,0.0,-1.014876858536478,-0.7966875180233886,64,346131__488453
349142,N. Mazraoui,370,V. van Dijk,1.2491726836133723,0.4525058024649722,2.1613496065831694,1.5684346066528012,1,370__349142
349142,N. Mazraoui,620468,J. Greaves,0.4742488660030797,0.43553978226520235,2.040783410138415,1.022535956450447,2,349142__620468
349142,N. Mazraoui,62126,M. Doherty,0.7572393337035823,0.34298010954565433,1.3830235140303915,0.9762637968179655,3,62126__349142
349142,N. Mazraoui,424806,E. Pinnock,0.34321545275180837,0.40657326233881474,1.8349376613626864,0.8653182257656156,4,349142__424806
349142,N. Mazraoui,393247,I. Konaté,0.6784973719560405,0.3136914480281862,1.174888519698197,0.8522342736657953,5,349142__393247
349142,N. Mazraoui,9433,J. Tarkowski,0.08630399129900371,0.43398832605444326,2.0297582450095675,0.7665129800977011,6,9433__349142
349142,N. Mazraoui,7919,M. Keane,0.09672244533974524,0.40759701465842935,1.8422127866910827,0.7076440648127134,7,7919__349142
349142,N. Mazraoui,590781,J. van Hecke,0.3702426336674888,0.3239541645599767,1.2478188052253516,0.6773942937127407,8,349142__590781
349142,N. Mazraoui,145787,J. Andersen,0.17825581782981365,0.32651794286182845,1.266037868667587,0.5589795356230343,9,145787__349142
349142,N. Mazraoui,496001,M. Kilman,0.2140374892931744,0.30685769779834826,1.1263256120178085,0.5333383322467963,10,349142__496001
349142,N. Mazraoui,192792,D. Burn,0.2518450322562369,0.29447404656136084,1.0383232573016323,0.5271124110221252,11,192792__349142
349142,N. Mazraoui,8360,C. Dawson,0.21313796547356947,0.2676226264615832,0.847508113122189,0.43516751715058627,12,8360__349142
349142,N. Mazraoui,479155,N. Collins,0.0871483624121146,0.29390597570943755,1.0342863564185099,0.41864666031435294,13,349142__479155
349142,N. Mazraoui,8653,H. Maguire,0.020723059483398636,0.2923983225022931,1.0235724700383906,0.3717203531776458,14,8653__349142
349142,N. Mazraoui,234399,A. Webster,-0.10436346396391241,0.3203547857669758,1.2222404193973115,0.35994789521251597,15,234399__349142
349142,N. Mazraoui,413002,K. Mavropanos,-0.059439262709668046,0.3023531228222991,1.0943146002974617,0.34437458934282733,16,349142__413002
349142,N. Mazraoui,399581,D. O'Shea,0.025397449289583873,0.263150244254454,0.8157258739516804,0.3020123979213177,17,349142__399581
349142,N. Mazraoui,475597,S. Botman,0.23695686116443995,0.20340065241391783,0.3911253522902877,0.2909158330584867,18,349142__475597
349142,N. Mazraoui,578325,W. Saliba,0.3789639219544238,0.1414641219135745,-0.04901628466899423,0.2291708496362275,19,349142__578325
349142,N. Mazraoui,136441,B. Davies,0.09365829517720524,0.20340065241391783,0.3911253522902877,0.1977717651667841,20,136441__349142
349142,N. Mazraoui,415917,Gabriel Magalhaes,-0.21173096724384233,0.2801960646645588,0.9368591572985073,0.19027557634598002,21,349142__415917
349142,N. Mazraoui,424241,N. Milenković,-0.31106142662206004,0.299838035006841,1.0764415476861933,0.1745646143858286,22,349142__424241
349142,N. Mazraoui,623641,E. Agbadou,0.26183607602527237,0.1492038190800208,0.005984584008819667,0.17228805381951395,23,349142__623641
349142,N. Mazraoui,777938,Dean Huijsen,-0.05971539215851368,0.19747910078575262,0.34904483202373693,0.08335068630527404,24,349142__777938
349142,N. Mazraoui,365443,M. de Ligt,0.034450623819831924,0.1641782354957999,0.11239777991288179,0.06173212845239938,25,349142__365443
349142,N. Mazraoui,240032,J. Bednarek,0.06488244811900268,0.14894034452283153,0.004112245956274586,0.043612877362047844,26,240032__349142
349142,N. Mazraoui,604320,J. Branthwaite,-0.27514560433828944,0.22352512197622365,0.5341365430130458,0.008103147234677865,27,349142__604320
349142,N. Mazraoui,568412,J. Gvardiol,-0.13588239343861047,0.17761059949092256,0.20785263715603058,-0.015575132730486121,28,349142__568412
349142,N. Mazraoui,366217,K. Danso,-0.009970438871820635,0.14445917280379067,-0.02773245441652641,-0.016187144312467656,29,349142__366217
349142,N. Mazraoui,627012,Murillo,-0.14148006859939485,0.15097029113918614,0.018537723448226143,-0.08547384138272751,30,349142__627012
349142,N. Mazraoui,619747,L. Colwill,-0.28133280242931025,0.1321209884735585,-0.1154117061334699,-0.22326041872576613,31,349142__619747
349142,N. Mazraoui,239411,T. Mings,-0.4752539790823598,0.17354292266697213,0.178946369377519,-0.24628385712140222,32,239411__349142
349142,N. Mazraoui,590874,Toti,-0.0838096605162718,0.046291935633141476,-0.7253415732195256,-0.30834582996241067,33,349142__590874
349142,N. Mazraoui,558243,S. van den Berg,-0.6498654553651025,0.1338020238454572,-0.10346570828055741,-0.45862554388551174,34,349142__558243
349142,N. Mazraoui,412968,M. Senesi,-0.557915949443274,0.108222738957501,-0.2852406354823718,-0.4624795895569583,35,349142__412968
349142,N. Mazraoui,534563,C. Richards,-0.5769457685773003,0.10730704613345274,-0.29174785400547315,-0.4771264984771608,36,349142__534563
349142,N. Mazraoui,625787,M. van de Ven,-0.2898952740085772,0.018517476410528904,-0.9227161411706924,-0.5113825775153175,37,349142__625787
349142,N. Mazraoui,283145,T. Adarabioyo,-0.5270588885932044,0.07437055731553885,-0.5258055254135825,-0.5266202114803367,38,283145__349142
349142,N. Mazraoui,590703,I. Zabarnyi,-0.3167976353693092,0.018517476410528904,-0.9227161411706924,-0.5288691123997933,39,349142__590703
349142,N. Mazraoui,346131,T. Chalobah,-0.39838498047771936,0.032420388501868194,-0.8239174122630545,-0.5473213316025867,40,346131__349142
349142,N. Mazraoui,397074,M. Guéhi,-0.6204420673486684,0.0747204098964709,-0.5233193563236783,-0.5864491184899219,41,349142__397074
349142,N. Mazraoui,9097,L. Dunk,-0.5004962298827387,0.025166759273411488,-0.8754641201060281,-0.63173499146089,42,9097__349142
349142,N. Mazraoui,769441,L. Yoro,-0.5026789539076468,0.018517476410528904,-0.9227161411706924,-0.6496919694497127,43,349142__769441
349142,N. Mazraoui,557788,W. Fofana,-0.7013437286744348,0.05561128015496534,-0.6591152037395573,-0.6865637449472277,44,349142__557788
349142,N. Mazraoui,415847,C. Romero,-0.8031891915725082,0.0776913105786988,-0.5022071455014724,-0.6978454754476457,45,349142__415847
349142,N. Mazraoui,583655,C. Okoli,-0.7850848004332324,0.0709478830844607,-0.5501281897067776,-0.7028499866789731,46,349142__583655
349142,N. Mazraoui,545267,R. Drăgușin,-0.6194969130559864,0.018517476410528904,-0.9227161411706924,-0.7256236428961336,47,349142__545267
349142,N. Mazraoui,412027,E. Konsa,-0.8591398737671733,0.01584592161663812,-0.9417011003007971,-0.8880363030539417,48,349142__412027
349142,N. Mazraoui,288080,C. Burgess,-0.8184910984861723,0.0,-1.0543075027442939,-0.9010268399765149,49,288080__349142
349142,N. Mazraoui,50102,F. Schär,-0.9212931361080146,0.023883995244168947,-0.884579869004171,-0.9084434926216693,50,50102__349142
349142,N. Mazraoui,504375,M. Lacroix,-0.8491203089531705,0.0,-1.0543075027442939,-0.9209358267800637,51,349142__504375
349142,N. Mazraoui,15806,J. Vestergaard,-0.8648330692895494,0.0,-1.0543075027442939,-0.93114912099871,52,15806__349142
349142,N. Mazraoui,447424,C. Bassey,-0.9002003490012257,0.0,-1.0543075027442939,-0.9541378528112996,53,349142__447424
349142,N. Mazraoui,364003,S. Bueno,-0.9211007246353702,0.0,-1.0543075027442939,-0.9677230969734935,54,349142__364003
349142,N. Mazraoui,286380,I. Diop,-0.9219813450866365,0.0,-1.0543075027442939,-0.9682955002668167,55,286380__349142
349142,N. Mazraoui,285382,W. Faes,-0.9897643938573428,0.0,-1.0543075027442939,-1.0123544819677757,56,285382__349142
349142,N. Mazraoui,549884,T. Harwood-Bellis,-1.0530110444891239,0.0,-1.0543075027442939,-1.0534648048784334,57,349142__549884
349142,N. Mazraoui,501419,J. Todibo,-1.1505309264176091,0.0,-1.0543075027442939,-1.1168527281319487,58,349142__501419
349142,N. Mazraoui,258154,Rúben Dias,-1.161953658249014,0.0,-1.0543075027442939,-1.1242775038223618,59,258154__349142
349142,N. Mazraoui,400549,Pau Torres,-1.2514788688597198,0.0,-1.0543075027442939,-1.1824688907193206,60,349142__400549
349142,N. Mazraoui,7953,C. Coady,-1.252395636638904,0.0,-1.0543075027442939,-1.1830647897757904,61,7953__349142
349142,N. Mazraoui,297957,M. Akanji,-1.2784981713072476,0.0,-1.0543075027442939,-1.2000314373102139,62,297957__349142
349142,N. Mazraoui,518805,L. Woolfenden,-1.2819992010893992,0.0,-1.0543075027442939,-1.2023071066686124,63,349142__518805
349142,N. Mazraoui,488453,L. Martínez,-1.323409135845194,0.0,-1.0543075027442939,-1.229223564259879,64,349142__488453
364003,S. Bueno,370,V. van Dijk,1.2371394405702685,0.4940852412995124,1.8120364116081749,1.4383533804335358,1,370__364003
364003,S. Bueno,62126,M. Doherty,0.7452060906604785,0.4691310351150316,1.661312803540271,1.0658434401684058,2,62126__364003
364003,S. Bueno,393247,I. Konaté,0.6664641289129365,0.47467719283416676,1.6948116412176475,1.0263857582195852,3,364003__393247
364003,S. Bueno,620468,J. Greaves,0.46221562295997587,0.4940852412995124,1.8120364116081749,0.9346528989868456,4,364003__620468
364003,S. Bueno,590781,J. van Hecke,0.358209390624385,0.42700683105347054,1.4068822688156002,0.7252448979913103,5,364003__590781
364003,S. Bueno,424806,E. Pinnock,0.3311822097087044,0.43472592920839204,1.4535056843768464,0.723995425842554,6,364003__424806
364003,S. Bueno,145787,J. Andersen,0.16622257478670982,0.4623473468007591,1.620339271015277,0.6751634184667084,7,145787__364003
364003,S. Bueno,496001,M. Kilman,0.20200424625007035,0.4099103642918421,1.3036194706934867,0.5875695748052661,8,364003__496001
364003,S. Bueno,8360,C. Dawson,0.23087827248270038,0.39377355203096054,1.2061529935515667,0.5722244248568036,9,8360__364003
364003,S. Bueno,578325,W. Saliba,0.4300892542951113,0.3290882751419053,0.8154533956756324,0.5649667037782937,10,364003__578325
364003,S. Bueno,623641,E. Agbadou,0.27957638303440346,0.33682797230835165,0.8622012294338232,0.4834950792742003,11,364003__623641
364003,S. Bueno,475597,S. Botman,0.22492361812133577,0.3064533189074117,0.6787380761459055,0.38375867842993516,12,364003__475597
364003,S. Bueno,8653,H. Maguire,0.00868981644029481,0.37078767549008584,1.0673181125206233,0.37920972006840975,13,8653__364003
364003,S. Bueno,365443,M. de Ligt,0.02370325693071141,0.3518023887241307,0.9526468262286879,0.3488335061850032,14,364003__365443
364003,S. Bueno,240032,J. Bednarek,0.05284920507589869,0.3365644977511624,0.8606098409680839,0.3355654276381635,15,240032__364003
364003,S. Bueno,777938,Dean Huijsen,-0.07174863520161752,0.3536538550326847,0.963829697772603,0.2907037813393596,16,364003__777938
364003,S. Bueno,568412,J. Gvardiol,-0.11814208642947949,0.36523475271925343,1.03377841387604,0.2850300886774523,17,364003__568412
364003,S. Bueno,366217,K. Danso,-0.022003681914924522,0.327929734120342,0.8084557984940679,0.2686571362282228,18,364003__366217
364003,S. Bueno,627012,Murillo,-0.07619133722393376,0.33859444436751696,0.8728707350209861,0.25598038806178813,19,364003__627012
364003,S. Bueno,413002,K. Mavropanos,-0.07147250575277192,0.32901438318792164,0.8150070876733152,0.23879535194635854,20,364003__413002
364003,S. Bueno,136441,B. Davies,0.08162505213410137,0.2711435489260855,0.46546677862240243,0.21596965640500676,21,136441__364003
364003,S. Bueno,479155,N. Collins,0.07511511936901058,0.2601439973074975,0.39902939749209054,0.18848511671208856,22,364003__479155
364003,S. Bueno,192792,D. Burn,0.22929593091687897,0.2099025598265238,0.09557070697442496,0.18249210253702006,23,192792__364003
364003,S. Bueno,7919,M. Keane,-0.047569388246570365,0.2879436116606527,0.5669392940132497,0.16750865054436664,24,7919__364003
364003,S. Bueno,9433,J. Tarkowski,-0.09727016389233016,0.2879436116606527,0.5669392940132497,0.13520314637462277,25,9433__364003
364003,S. Bueno,234399,A. Webster,-0.10703782886632446,0.28695620154896495,0.560975328917503,0.12676677635801514,26,234399__364003
364003,S. Bueno,619747,L. Colwill,-0.29336604547241407,0.31974514170188933,0.7590207937996856,0.07496934827282076,27,364003__619747
364003,S. Bueno,590874,Toti,-0.04503786071206664,0.2339160888614723,0.24061261741763282,0.054939806633328175,28,364003__590874
364003,S. Bueno,424241,N. Milenković,-0.32309466966516387,0.3040191299663002,0.6640355551676392,0.022400909026317195,29,364003__424241
364003,S. Bueno,415917,Gabriel Magalhaes,-0.27627673441395534,0.23847156222521854,0.26812771354070947,-0.08573517762982266,30,364003__415917
364003,S. Bueno,604320,J. Branthwaite,-0.2871788473813932,0.22352512197622365,0.1778510930204835,-0.12441836824073636,31,364003__604320
364003,S. Bueno,399581,D. O'Shea,-0.15817670590175012,0.17857875751961694,-0.0936253134158733,-0.13558371853169324,32,364003__399581
364003,S. Bueno,625787,M. van de Ven,-0.301928517051681,0.20614162963885974,0.072854658089297,-0.17075440575233872,33,364003__625787
364003,S. Bueno,769441,L. Yoro,-0.4373902225321858,0.20614162963885974,0.072854658089297,-0.25880451431466683,34,364003__769441
364003,S. Bueno,590703,I. Zabarnyi,-0.3288308784124131,0.1712123488671265,-0.13811848151738895,-0.26208153949915464,35,364003__590703
364003,S. Bueno,346131,T. Chalobah,-0.40923259601788414,0.12711179478495002,-0.40448618642130935,-0.40757135265908295,36,346131__364003
364003,S. Bueno,239411,T. Mings,-0.6588281342736939,0.130077456098844,-0.3865735679940604,-0.5635390360758221,37,239411__364003
364003,S. Bueno,545267,R. Drăgușin,-0.62549627595785,0.11320888269361074,-0.48845988839227206,-0.5775335403098977,38,364003__545267
364003,S. Bueno,283145,T. Adarabioyo,-0.549048460696142,0.0581585361798986,-0.8209644285324931,-0.6442190494388649,39,283145__364003
364003,S. Bueno,9097,L. Dunk,-0.5125294729258426,0.035194721141734595,-0.959666057907849,-0.6690272776695448,40,9097__364003
364003,S. Bueno,558243,S. van den Berg,-0.777235900299156,0.10031168926855191,-0.5663590414490199,-0.7034289997016083,41,364003__558243
364003,S. Bueno,412968,M. Senesi,-0.7069789152083368,0.07565769632601033,-0.715269359096851,-0.7098805705693167,42,364003__412968
364003,S. Bueno,534563,C. Richards,-0.7605199237686342,0.07474200350196207,-0.720800151192665,-0.7466180033670451,43,364003__534563
364003,S. Bueno,397074,M. Guéhi,-0.764733900934984,0.04215536726498023,-0.9176236987791537,-0.8182453301804433,44,364003__397074
364003,S. Bueno,557788,W. Fofana,-0.8696110239657542,0.05561128015496534,-0.8363498756155352,-0.8579696220431776,45,364003__557788
364003,S. Bueno,412027,E. Konsa,-0.7938511423917122,0.01584592161663812,-1.076532964217967,-0.8927897800309014,46,364003__412027
364003,S. Bueno,415847,C. Romero,-0.9867633467638423,0.04512626794720813,-0.8996794345246062,-0.9562839774801097,47,364003__415847
364003,S. Bueno,583655,C. Okoli,-0.9686589556245663,0.038382840452970045,-0.9404097913695365,-0.9587717481353059,48,364003__583655
364003,S. Bueno,447424,C. Bassey,-0.8631875921556926,0.0,-1.1722424595056282,-0.9713567957281701,49,364003__447424
364003,S. Bueno,349142,N. Mazraoui,-0.9211007246353702,0.0,-1.1722424595056282,-1.0090003318399605,50,349142__364003
364003,S. Bueno,15806,J. Vestergaard,-0.9360823045412966,0.0,-1.1722424595056282,-1.0187383587788126,51,15806__364003
364003,S. Bueno,288080,C. Burgess,-1.002065253677506,0.0,-1.1722424595056282,-1.0616272757173488,52,288080__364003
364003,S. Bueno,50102,F. Schär,-1.0781410514567258,0.018032017655698184,-1.0633289263834556,-1.0729568076810811,53,50102__364003
364003,S. Bueno,286380,I. Diop,-1.0286632739865254,0.0,-1.1722424595056282,-1.0789159889182114,54,286380__364003
364003,S. Bueno,504375,M. Lacroix,-1.0326944641445044,0.0,-1.1722424595056282,-1.0815362625208977,55,364003__504375
364003,S. Bueno,285382,W. Faes,-1.0960165746301118,0.0,-1.1722424595056282,-1.1226956343365426,56,285382__364003
364003,S. Bueno,258154,Rúben Dias,-1.1783927996890924,0.0,-1.1722424595056282,-1.17624018062488,57,258154__364003
364003,S. Bueno,501419,J. Todibo,-1.2082296297267385,0.0,-1.1722424595056282,-1.1956341201493499,58,364003__501419
364003,S. Bueno,549884,T. Harwood-Bellis,-1.2175736716366714,0.0,-1.1722424595056282,-1.2017077473908062,59,364003__549884
364003,S. Bueno,400549,Pau Torres,-1.3015273393752083,0.0,-1.1722424595056282,-1.2562776314208552,60,364003__400549
364003,S. Bueno,7953,C. Coady,-1.3024441071543926,0.0,-1.1722424595056282,-1.256873530477325,61,7953__364003
364003,S. Bueno,297957,M. Akanji,-1.3285466418227365,0.0,-1.1722424595056282,-1.2738401780117485,62,297957__364003
364003,S. Bueno,518805,L. Woolfenden,-1.3320476716048881,0.0,-1.1722424595056282,-1.2761158473701473,63,364003__518805
364003,S. Bueno,488453,L. Martínez,-1.373457606360683,0.0,-1.1722424595056282,-1.3030323049614139,64,364003__488453
365443,M. de Ligt,370,V. van Dijk,1.4811005958473114,0.0731190774624056,1.1202488160825268,1.3548024729296368,1,370__365443
365443,M. de Ligt,393247,I. Konaté,0.9104252841899789,0.0731190774624056,1.1202488160825268,0.9838635203523707,2,365443__393247
365443,M. de Ligt,424806,E. Pinnock,0.7569399531759409,0.0731190774624056,1.1202488160825268,0.8840980551932459,3,365443__424806
365443,M. de Ligt,475597,S. Botman,0.7533723332103058,0.0731190774624056,1.1202488160825268,0.8817791022155832,4,365443__475597
365443,M. de Ligt,136441,B. Davies,0.7139524225948427,0.0731190774624056,1.1202488160825268,0.8561561603155321,5,136441__365443
365443,M. de Ligt,7919,M. Keane,0.661577154458321,0.0731190774624056,1.1202488160825268,0.822112236026793,6,7919__365443
365443,M. de Ligt,399581,D. O'Shea,0.6426063856176273,0.0731190774624056,1.1202488160825268,0.809781236280342,7,365443__399581
365443,M. de Ligt,590781,J. van Hecke,0.6158631454236295,0.0731190774624056,1.1202488160825268,0.7923981301542435,8,365443__590781
365443,M. de Ligt,496001,M. Kilman,0.5789312898937997,0.0731190774624056,1.1202488160825268,0.7683924240598541,9,365443__496001
365443,M. de Ligt,62126,M. Doherty,0.9891672459375211,0.053680623164123004,0.3390562756109417,0.7616284063232184,10,62126__365443
365443,M. de Ligt,8653,H. Maguire,0.4452691787708598,0.0731190774624056,1.1202488160825268,0.6815120518299432,11,8653__365443
365443,M. de Ligt,366217,K. Danso,0.35051493398643985,0.0731190774624056,1.1202488160825268,0.6199217927200702,12,365443__366217
365443,M. de Ligt,578325,W. Saliba,0.768758196133551,0.053680623164123004,0.3390562756109417,0.6183625239506377,13,365443__578325
365443,M. de Ligt,412968,M. Senesi,0.2669175888451983,0.0731190774624056,1.1202488160825268,0.5655835183782633,14,365443__412968
365443,M. de Ligt,558243,S. van den Berg,0.26665318055792525,0.0731190774624056,1.1202488160825268,0.5654116529915357,15,365443__558243
365443,M. de Ligt,240032,J. Bednarek,0.35703952277655876,0.06805592915058606,0.9167710275814019,0.5529455494582539,16,240032__365443
365443,M. de Ligt,534563,C. Richards,0.17185622533129663,0.0731190774624056,1.1202488160825268,0.5037936320942271,17,365443__534563
365443,M. de Ligt,623641,E. Agbadou,0.5785633351164425,0.053680623164123004,0.3390562756109417,0.4947358642895172,18,365443__623641
365443,M. de Ligt,8360,C. Dawson,0.5318677686987562,0.053680623164123004,0.3390562756109417,0.46438374611802113,19,8360__365443
365443,M. de Ligt,50102,F. Schär,0.016935902509114156,0.0731190774624056,1.1202488160825268,0.40309542225980854,20,50102__365443
365443,M. de Ligt,413002,K. Mavropanos,0.3989834074479425,0.053680623164123004,0.3390562756109417,0.3780089113049922,21,365443__413002
365443,M. de Ligt,415917,Gabriel Magalhaes,0.3531237418747335,0.053680623164123004,0.3390562756109417,0.34820012868240635,22,365443__415917
365443,M. de Ligt,568412,J. Gvardiol,0.2704143449037867,0.053680623164123004,0.3390562756109417,0.29443902065129096,23,365443__568412
365443,M. de Ligt,627012,Murillo,0.2537863092138951,0.053680623164123004,0.3390562756109417,0.2836307974528614,24,365443__627012
365443,M. de Ligt,625787,M. van de Ven,0.2285285555991503,0.053680623164123004,0.3390562756109417,0.2672132576032773,25,365443__625787
365443,M. de Ligt,590703,I. Zabarnyi,0.22385762706662404,0.053680623164123004,0.3390562756109417,0.2641771540571352,26,365443__590703
365443,M. de Ligt,192792,D. Burn,0.7972152389206709,0.025868732918055106,-0.7786478825104282,0.24566314641978626,27,192792__365443
365443,M. de Ligt,346131,T. Chalobah,0.1894389957267866,0.053680623164123004,0.3390562756109417,0.2418050436862409,28,346131__365443
365443,M. de Ligt,9097,L. Dunk,0.1686137484432885,0.053680623164123004,0.3390562756109417,0.22826863295196712,29,9097__365443
365443,M. de Ligt,545267,R. Drăgușin,0.13617641070381922,0.053680623164123004,0.3390562756109417,0.20718436342131208,30,365443__545267
365443,M. de Ligt,769441,L. Yoro,0.1345794159263039,0.053680623164123004,0.3390562756109417,0.20614631681592713,31,365443__769441
365443,M. de Ligt,15806,J. Vestergaard,0.0355252042397563,0.053680623164123004,0.3390562756109417,0.14176107921967118,32,15806__365443
365443,M. de Ligt,349142,N. Mazraoui,0.034450623819831924,0.053680623164123004,0.3390562756109417,0.14106260194672035,33,349142__365443
365443,M. de Ligt,447424,C. Bassey,0.03148901800754424,0.053680623164123004,0.3390562756109417,0.13913755816873336,34,365443__447424
365443,M. de Ligt,288080,C. Burgess,0.025205901908284936,0.053680623164123004,0.3390562756109417,0.1350535327042148,35,288080__365443
365443,M. de Ligt,364003,S. Bueno,0.02370325693071141,0.053680623164123004,0.3390562756109417,0.13407681346879202,36,364003__365443
365443,M. de Ligt,412027,E. Konsa,0.022289503735116806,0.053680623164123004,0.3390562756109417,0.1331578738916555,37,365443__412027
365443,M. de Ligt,620468,J. Greaves,0.7041918561114473,0.019438454298282597,-1.03706789954666,0.09475094163110975,38,365443__620468
365443,M. de Ligt,286380,I. Diop,-0.055323692017952356,0.053680623164123004,0.3390562756109417,0.08270929665216056,39,286380__365443
365443,M. de Ligt,501419,J. Todibo,-0.08113736912330655,0.053680623164123004,0.3390562756109417,0.06593040653368033,40,365443__501419
365443,M. de Ligt,285382,W. Faes,-0.0895976728175503,0.053680623164123004,0.3390562756109417,0.0604312091324219,41,285382__365443
365443,M. de Ligt,549884,T. Harwood-Bellis,-0.08984954074787041,0.053680623164123004,0.3390562756109417,0.060267494977713824,42,365443__549884
365443,M. de Ligt,9433,J. Tarkowski,0.5896622011272796,0.019438454298282597,-1.03706789954666,0.020306665891400788,43,9433__365443
365443,M. de Ligt,400549,Pau Torres,-0.17443507877177644,0.053680623164123004,0.3390562756109417,0.005286895262174907,44,365443__400549
365443,M. de Ligt,7953,C. Coady,-0.17535184655096037,0.053680623164123004,0.3390562756109417,0.0046909962057053445,45,7953__365443
365443,M. de Ligt,479155,N. Collins,0.5637720125558872,0.019438454298282597,-1.03706789954666,0.003478043319995683,46,365443__479155
365443,M. de Ligt,518805,L. Woolfenden,-0.20495541100145592,0.053680623164123004,0.3390562756109417,-0.014551320687116773,47,365443__518805
365443,M. de Ligt,488453,L. Martínez,-0.2463653457572509,0.053680623164123004,0.3390562756109417,-0.04146777827838348,48,365443__488453
365443,M. de Ligt,145787,J. Andersen,0.39952080508263843,0.019438454298282597,-1.03706789954666,-0.10328524153761598,49,145787__365443
365443,M. de Ligt,777938,Dean Huijsen,0.2915634665621954,0.019438454298282597,-1.03706789954666,-0.17345751157590397,50,365443__777938
365443,M. de Ligt,397074,M. Guéhi,0.10015424056663164,0.019438454298282597,-1.03706789954666,-0.2978735084730204,51,365443__397074
365443,M. de Ligt,239411,T. Mings,0.07388574591148275,0.019438454298282597,-1.03706789954666,-0.3149480299988672,52,239411__365443
365443,M. de Ligt,283145,T. Adarabioyo,0.04775530734396943,0.019438454298282597,-1.03706789954666,-0.33193281506775085,53,283145__365443
365443,M. de Ligt,583655,C. Okoli,-0.07391063659703241,0.019438454298282597,-1.03706789954666,-0.411015678629402,54,365443__583655
365443,M. de Ligt,415847,C. Romero,-0.08780634101313006,0.019438454298282597,-1.03706789954666,-0.4200478864998655,55,365443__415847
365443,M. de Ligt,234399,A. Webster,0.2966229240179979,0.0,-1.818260440018245,-0.44358625339468705,56,234399__365443
365443,M. de Ligt,590874,Toti,0.26823210185897994,0.0,-1.818260440018245,-0.46204028779804873,57,365443__590874
365443,M. de Ligt,424241,N. Milenković,0.08756476237664156,0.007454759519229594,-1.5186685878025974,-0.47461691018609203,58,365443__424241
365443,M. de Ligt,604320,J. Branthwaite,0.17132511865691508,0.0,-1.818260440018245,-0.5250298268793909,59,365443__604320
365443,M. de Ligt,504375,M. Lacroix,-0.08508738497652307,0.0,-1.818260440018245,-0.6916979542411257,60,365443__504375
365443,M. de Ligt,619747,L. Colwill,-0.08784544813738505,0.0,-1.818260440018245,-0.693490695295686,61,365443__619747
365443,M. de Ligt,557788,W. Fofana,-0.12239023510028008,0.0,-1.818260440018245,-0.7159448068215677,62,365443__557788
365443,M. de Ligt,258154,Rúben Dias,-0.19732282385301686,0.0,-1.818260440018245,-0.7646509895108466,63,258154__365443
365443,M. de Ligt,297957,M. Akanji,-0.3138673369112506,0.0,-1.818260440018245,-0.8404049229986986,64,297957__365443
366217,K. Danso,370,V. van Dijk,1.49744800796613,0.0,0.0,0.9733412051779846,1,370__366217
366217,K. Danso,62126,M. Doherty,1.033889679284093,0.0,0.0,0.6720282915346605,2,62126__366217
366217,K. Danso,393247,I. Konaté,0.9267726963087981,0.0,0.0,0.6024022526007188,3,366217__393247
366217,K. Danso,578325,W. Saliba,0.8413899872511736,0.0,0.0,0.5469034917132629,4,366217__578325
366217,K. Danso,192792,D. Burn,0.7725352331778139,0.0,0.0,0.5021479015655791,5,192792__366217
366217,K. Danso,620468,J. Greaves,0.7542111756563501,0.0,0.0,0.4902372641766276,6,366217__620468
366217,K. Danso,424806,E. Pinnock,0.7127754449789424,0.0,0.0,0.4633040392363126,7,366217__424806
366217,K. Danso,623641,E. Agbadou,0.658271372489352,0.0,0.0,0.4278763921180788,8,366217__623641
366217,K. Danso,475597,S. Botman,0.6411622847048033,0.0,0.0,0.41675548505812215,9,366217__475597
366217,K. Danso,590781,J. van Hecke,0.6185179580202467,0.0,0.0,0.40203667271316035,10,366217__590781
366217,K. Danso,7919,M. Keane,0.6174126462613222,0.0,0.0,0.40131822006985945,11,7919__366217
366217,K. Danso,9433,J. Tarkowski,0.6069941922205807,0.0,0.0,0.3945462249433775,12,9433__366217
366217,K. Danso,136441,B. Davies,0.60174237408934,0.0,0.0,0.391132543158071,13,136441__366217
366217,K. Danso,8360,C. Dawson,0.5815459897849179,0.0,0.0,0.37800489336019666,14,8360__366217
366217,K. Danso,399581,D. O'Shea,0.5460876502111609,0.0,0.0,0.3549569726372546,15,366217__399581
366217,K. Danso,479155,N. Collins,0.5275241755843654,0.0,0.0,0.3428907141298375,16,366217__479155
366217,K. Danso,496001,M. Kilman,0.5054432335342466,0.0,0.0,0.3285381017972603,17,366217__496001
366217,K. Danso,145787,J. Andersen,0.4316658215524353,0.0,0.0,0.280582784009083,18,145787__366217
366217,K. Danso,234399,A. Webster,0.40292739873540734,0.0,0.0,0.2619028091780148,19,234399__366217
366217,K. Danso,590874,Toti,0.39673591517509155,0.0,0.0,0.2578783448638095,20,366217__590874
366217,K. Danso,413002,K. Mavropanos,0.3910540529628799,0.0,0.0,0.25418513442587193,21,366217__413002
366217,K. Danso,8653,H. Maguire,0.384992975771331,0.0,0.0,0.2502454342513652,22,8653__366217
366217,K. Danso,365443,M. de Ligt,0.35051493398643985,0.0,0.0,0.22783470709118592,23,365443__366217
366217,K. Danso,415917,Gabriel Magalhaes,0.33848501204771597,0.0,0.0,0.2200152578310154,24,366217__415917
366217,K. Danso,627012,Murillo,0.3351093957321285,0.0,0.0,0.21782110722588352,25,366217__627012
366217,K. Danso,240032,J. Bednarek,0.3246301968243269,0.0,0.0,0.21100962793581252,26,240032__366217
366217,K. Danso,568412,J. Gvardiol,0.2940388225206382,0.0,0.0,0.19112523463841483,27,366217__568412
366217,K. Danso,604320,J. Branthwaite,0.2637539659389106,0.0,0.0,0.1714400778602919,28,366217__604320
366217,K. Danso,777938,Dean Huijsen,0.2616715667129999,0.0,0.0,0.17008651836344996,29,366217__777938
366217,K. Danso,625787,M. van de Ven,0.1710020580357119,0.0,0.0,0.11115133772321273,30,366217__625787
366217,K. Danso,424241,N. Milenković,0.16928132370723215,0.0,0.0,0.1100328604097009,31,366217__424241
366217,K. Danso,590703,I. Zabarnyi,0.16453387530499464,0.0,0.0,0.10694701894824651,32,366217__590703
366217,K. Danso,412968,M. Senesi,0.15470754033969566,0.0,0.0,0.10055990122080219,33,366217__412968
366217,K. Danso,558243,S. van den Berg,0.15444313205242255,0.0,0.0,0.10038803583407466,34,366217__558243
366217,K. Danso,346131,T. Chalobah,0.14491768438408992,0.0,0.0,0.09419649484965845,35,346131__366217
366217,K. Danso,9097,L. Dunk,0.12036689454236377,0.0,0.0,0.07823848145253645,36,9097__366217
366217,K. Danso,769441,L. Yoro,0.11621209670396179,0.0,0.0,0.07553786285757516,37,366217__769441
366217,K. Danso,545267,R. Drăgușin,0.09175534801216687,0.0,0.0,0.05964097620790847,38,366217__545267
366217,K. Danso,239411,T. Mings,0.07408865309792645,0.0,0.0,0.04815762451365219,39,239411__366217
366217,K. Danso,397074,M. Guéhi,0.07233188167889282,0.0,0.0,0.04701572309128033,40,366217__397074
366217,K. Danso,534563,C. Richards,0.05964617682579405,0.0,0.0,0.038770014936766135,41,366217__534563
366217,K. Danso,283145,T. Adarabioyo,0.051806520574448386,0.0,0.0,0.03367423837339145,42,283145__366217
366217,K. Danso,619747,L. Colwill,0.02327530675676282,0.0,0.0,0.015128949391895834,43,366217__619747
366217,K. Danso,15806,J. Vestergaard,-0.00889585845189609,0.0,0.0,-0.005782307993732459,44,15806__366217
366217,K. Danso,349142,N. Mazraoui,-0.009970438871820635,0.0,0.0,-0.0064807852666834125,45,349142__366217
366217,K. Danso,447424,C. Bassey,-0.012932044684108183,0.0,0.0,-0.00840582904467032,46,366217__447424
366217,K. Danso,364003,S. Bueno,-0.022003681914924522,0.0,0.0,-0.01430239324470094,47,364003__366217
366217,K. Danso,412027,E. Konsa,-0.02213155895653572,0.0,0.0,-0.01438551332174822,48,366217__412027
366217,K. Danso,288080,C. Burgess,-0.029492657675920603,0.0,0.0,-0.019170227489348393,49,288080__366217
366217,K. Danso,583655,C. Okoli,-0.053318669378155964,0.0,0.0,-0.03465713509580138,50,366217__583655
366217,K. Danso,557788,W. Fofana,-0.05439834209998621,0.0,0.0,-0.03535892236499104,51,366217__557788
366217,K. Danso,50102,F. Schär,-0.06554118740500012,0.0,0.0,-0.042601771813250075,52,50102__366217
366217,K. Danso,504375,M. Lacroix,-0.07307722991291656,0.0,0.0,-0.047500199443395764,53,366217__504375
366217,K. Danso,415847,C. Romero,-0.07337975113753906,0.0,0.0,-0.04769683823940039,54,366217__415847
366217,K. Danso,286380,I. Diop,-0.09974475470960491,0.0,0.0,-0.06483409056124319,55,286380__366217
366217,K. Danso,501419,J. Todibo,-0.1255584318149591,0.0,0.0,-0.08161298067972342,56,366217__501419
366217,K. Danso,258154,Rúben Dias,-0.12933093085272301,0.0,0.0,-0.08406510505426996,57,258154__366217
366217,K. Danso,285382,W. Faes,-0.1340187355092027,0.0,0.0,-0.08711217808098176,58,285382__366217
366217,K. Danso,549884,T. Harwood-Bellis,-0.13490247372489175,0.0,0.0,-0.08768660792117965,59,366217__549884
366217,K. Danso,400549,Pau Torres,-0.21885614146342866,0.0,0.0,-0.14225649195122864,60,366217__400549
366217,K. Danso,7953,C. Coady,-0.21977290924261303,0.0,0.0,-0.14285239100769848,61,7953__366217
366217,K. Danso,297957,M. Akanji,-0.24587544391095656,0.0,0.0,-0.15981903854212176,62,297957__366217
366217,K. Danso,518805,L. Woolfenden,-0.24937647369310828,0.0,0.0,-0.16209470790052039,63,366217__518805
366217,K. Danso,488453,L. Martínez,-0.2907864084489032,0.0,0.0,-0.1890111654917871,64,366217__488453
393247,I. Konaté,370,V. van Dijk,1.6738220306886638,0.0,0.0,1.0879843199476316,1,370__393247
393247,I. Konaté,192792,D. Burn,1.359884399894043,0.0,0.0,0.883924859931128,2,192792__393247
393247,I. Konaté,620468,J. Greaves,1.2879533908857352,0.0,0.0,0.8371697040757279,3,393247__620468
393247,I. Konaté,475597,S. Botman,1.2728414740210707,0.0,0.0,0.827346958113696,4,393247__475597
393247,I. Konaté,424806,E. Pinnock,1.2465176602083277,0.0,0.0,0.810236479135413,5,393247__424806
393247,I. Konaté,62126,M. Doherty,1.236455181720889,0.0,0.0,0.803695868118578,6,62126__393247
393247,I. Konaté,136441,B. Davies,1.2334215634056076,0.0,0.0,0.801724016213645,7,136441__393247
393247,I. Konaté,399581,D. O'Shea,1.1620755264283922,0.0,0.0,0.7553490921784549,8,393247__399581
393247,I. Konaté,7919,M. Keane,1.1511548614907074,0.0,0.0,0.7482506599689599,9,7919__393247
393247,I. Konaté,8360,C. Dawson,1.1460230830565863,0.0,0.0,0.7449150039867811,10,8360__393247
393247,I. Konaté,9433,J. Tarkowski,1.140736407449966,0.0,0.0,0.7414786648424779,11,9433__393247
393247,I. Konaté,479155,N. Collins,1.1323228664152483,0.0,0.0,0.7360098631699113,12,393247__479155
393247,I. Konaté,578325,W. Saliba,1.1051041932107135,0.0,0.0,0.7183177255869638,13,393247__578325
393247,I. Konaté,496001,M. Kilman,1.0984004307045645,0.0,0.0,0.713960279957967,14,393247__496001
393247,I. Konaté,590781,J. van Hecke,1.094426413720289,0.0,0.0,0.7113771689181879,15,393247__590781
393247,I. Konaté,623641,E. Agbadou,0.9900173895387263,0.0,0.0,0.6435113032001721,16,393247__623641
393247,I. Konaté,234399,A. Webster,0.9842417041944536,0.0,0.0,0.6397571077263948,17,234399__393247
393247,I. Konaté,413002,K. Mavropanos,0.9808190977596121,0.0,0.0,0.6375324135437479,18,393247__413002
393247,I. Konaté,145787,J. Andersen,0.9766809619293841,0.0,0.0,0.6348426252540997,19,145787__393247
393247,I. Konaté,8653,H. Maguire,0.964738319581625,0.0,0.0,0.6270799077280563,20,8653__393247
393247,I. Konaté,240032,J. Bednarek,0.9447697094514838,0.0,0.0,0.6141003111434644,21,240032__393247
393247,I. Konaté,366217,K. Danso,0.9267726963087981,0.0,0.0,0.6024022526007188,22,366217__393247
393247,I. Konaté,415917,Gabriel Magalhaes,0.9215296092146595,0.0,0.0,0.5989942459895288,23,393247__415917
393247,I. Konaté,365443,M. de Ligt,0.9104252841899789,0.0,0.0,0.5917764347234863,24,365443__393247
393247,I. Konaté,777938,Dean Huijsen,0.9095284654317239,0.0,0.0,0.5911935025306205,25,393247__777938
393247,I. Konaté,568412,J. Gvardiol,0.8929177173438665,0.0,0.0,0.5803965162735132,26,393247__568412
393247,I. Konaté,590874,Toti,0.8731145446151389,0.0,0.0,0.5675244539998403,27,393247__590874
393247,I. Konaté,627012,Murillo,0.8631721853456757,0.0,0.0,0.5610619204746893,28,393247__627012
393247,I. Konaté,625787,M. van de Ven,0.8594698688635729,0.0,0.0,0.5586554147613224,29,393247__625787
393247,I. Konaté,604320,J. Branthwaite,0.854284802679889,0.0,0.0,0.5552851217419279,30,393247__604320
393247,I. Konaté,590703,I. Zabarnyi,0.8530016861328555,0.0,0.0,0.5544510959863561,31,393247__590703
393247,I. Konaté,346131,T. Chalobah,0.8333854952119509,0.0,0.0,0.5417005718877681,32,346131__393247
393247,I. Konaté,412968,M. Senesi,0.819036715739196,0.0,0.0,0.5323738652304775,33,393247__412968
393247,I. Konaté,9097,L. Dunk,0.8088347053702246,0.0,0.0,0.525742558490646,34,9097__393247
393247,I. Konaté,558243,S. van den Berg,0.7953856923158663,0.0,0.0,0.5170007000053132,35,393247__558243
393247,I. Konaté,545267,R. Drăgușin,0.7802231588400278,0.0,0.0,0.5071450532460181,36,393247__545267
393247,I. Konaté,769441,L. Yoro,0.7786261640625124,0.0,0.0,0.5061070066406331,37,393247__769441
393247,I. Konaté,397074,M. Guéhi,0.7503516326719434,0.0,0.0,0.4877285612367632,38,393247__397074
393247,I. Konaté,424241,N. Milenković,0.736098274555238,0.0,0.0,0.4784638784609047,39,393247__424241
393247,I. Konaté,283145,T. Adarabioyo,0.729826271567499,0.0,0.0,0.47438707651887435,40,283145__393247
393247,I. Konaté,534563,C. Richards,0.7248125513789323,0.0,0.0,0.471128158396306,41,393247__534563
393247,I. Konaté,239411,T. Mings,0.7059111549300288,0.0,0.0,0.45884225070451873,42,239411__393247
393247,I. Konaté,15806,J. Vestergaard,0.6795719523759649,0.0,0.0,0.4417217690443772,43,15806__393247
393247,I. Konaté,349142,N. Mazraoui,0.6784973719560405,0.0,0.0,0.44102329177142635,44,349142__393247
393247,I. Konaté,447424,C. Bassey,0.6755357661437528,0.0,0.0,0.43909824799343933,45,393247__447424
393247,I. Konaté,364003,S. Bueno,0.6664641289129365,0.0,0.0,0.43320168379340873,46,364003__393247
393247,I. Konaté,412027,E. Konsa,0.6663362518713253,0.0,0.0,0.4331185637163614,47,393247__412027
393247,I. Konaté,288080,C. Burgess,0.6589751531519402,0.0,0.0,0.42833384954876114,48,288080__393247
393247,I. Konaté,619747,L. Colwill,0.6571580547102351,0.0,0.0,0.42715273556165284,49,393247__619747
393247,I. Konaté,557788,W. Fofana,0.6340694687278748,0.0,0.0,0.4121451546731187,50,393247__557788
393247,I. Konaté,583655,C. Okoli,0.6247010816148946,0.0,0.0,0.40605570304968147,51,393247__583655
393247,I. Konaté,50102,F. Schär,0.6213738242595006,0.0,0.0,0.4038929857686754,52,50102__393247
393247,I. Konaté,504375,M. Lacroix,0.6153905809149446,0.0,0.0,0.400003877594714,53,393247__504375
393247,I. Konaté,415847,C. Romero,0.6046399998555115,0.0,0.0,0.3930159999060825,54,393247__415847
393247,I. Konaté,286380,I. Diop,0.588723056118256,0.0,0.0,0.38266998647686645,55,286380__393247
393247,I. Konaté,501419,J. Todibo,0.5629093790129018,0.0,0.0,0.3658910963583862,56,393247__501419
393247,I. Konaté,258154,Rúben Dias,0.559136879975138,0.0,0.0,0.3634389719838397,57,258154__393247
393247,I. Konaté,285382,W. Faes,0.5544490753186581,0.0,0.0,0.36039189895712775,58,285382__393247
393247,I. Konaté,549884,T. Harwood-Bellis,0.5535653371029691,0.0,0.0,0.3598174691169299,59,393247__549884
393247,I. Konaté,400549,Pau Torres,0.4696116693644321,0.0,0.0,0.3052475850868809,60,393247__400549
393247,I. Konaté,7953,C. Coady,0.46869490158524785,0.0,0.0,0.3046516860304111,61,7953__393247
393247,I. Konaté,297957,M. Akanji,0.44259236691690446,0.0,0.0,0.2876850384959879,62,297957__393247
393247,I. Konaté,518805,L. Woolfenden,0.4390913371347523,0.0,0.0,0.285409369137589,63,393247__518805
393247,I. Konaté,488453,L. Martínez,0.39768140237895766,0.0,0.0,0.2584929115463225,64,393247__488453
397074,M. Guéhi,370,V. van Dijk,1.30265546803966,0.2918523265423034,1.4135840170631577,1.3414804601978843,1,370__397074
397074,M. Guéhi,62126,M. Doherty,0.8679166754820486,0.2918523265423034,1.4135840170631577,1.0589002450354368,2,62126__397074
397074,M. Guéhi,393247,I. Konaté,0.7503516326719434,0.2918523265423034,1.4135840170631577,0.9824829672088684,3,393247__397074
397074,M. Guéhi,578325,W. Saliba,0.6584770672465338,0.2918523265423034,1.4135840170631577,0.9227644996823521,4,397074__578325
397074,M. Guéhi,623641,E. Agbadou,0.475358452484712,0.2918523265423034,1.4135840170631577,0.803737400087168,5,397074__623641
397074,M. Guéhi,590781,J. van Hecke,0.42372541809377673,0.2918523265423034,1.4135840170631577,0.77017592773306,6,397074__590781
397074,M. Guéhi,8360,C. Dawson,0.39863306978027785,0.2918523265423034,1.4135840170631577,0.7538659013292858,7,8360__397074
397074,M. Guéhi,620468,J. Greaves,0.4602838770141997,0.2717614440307304,1.2338464377383067,0.7310307732676371,8,397074__620468
397074,M. Guéhi,424806,E. Pinnock,0.3966982371780962,0.2754583469522472,1.2669197674802752,0.7012757727838589,9,397074__424806
397074,M. Guéhi,496001,M. Kilman,0.2675202737194622,0.2867242250337991,1.367706861037794,0.6525855792808783,10,397074__496001
397074,M. Guéhi,627012,Murillo,0.1521964757274887,0.2918523265423034,1.4135840170631577,0.5936821151949728,11,397074__627012
397074,M. Guéhi,568412,J. Gvardiol,0.07943891721548553,0.2918523265423034,1.4135840170631577,0.5463897021621708,12,397074__568412
397074,M. Guéhi,145787,J. Andersen,0.1714104453033729,0.2717614440307304,1.2338464377383067,0.5432630426555997,13,145787__397074
397074,M. Guéhi,8653,H. Maguire,0.07420584390968651,0.28124440700157566,1.3186831694361358,0.5097729078439438,14,8653__397074
397074,M. Guéhi,240032,J. Bednarek,0.15432556892058447,0.2614009785586919,1.1411593701816563,0.4997173993619596,15,240032__397074
397074,M. Guéhi,365443,M. de Ligt,0.10015424056663164,0.2717614440307304,1.2338464377383067,0.4969465095767179,16,365443__397074
397074,M. Guéhi,366217,K. Danso,0.07233188167889282,0.24437175706149428,0.9888121028115,0.3930999590753053,17,366217__397074
397074,M. Guéhi,475597,S. Botman,0.2904396455907277,0.18326717964936864,0.4421567319786375,0.34354062582649614,18,397074__475597
397074,M. Guéhi,413002,K. Mavropanos,0.05909821155298159,0.22656939013095434,0.8295481015161433,0.3287556730400882,19,397074__413002
397074,M. Guéhi,619747,L. Colwill,-0.22708538666304523,0.2638326148014767,1.1629133380237835,0.25941416697734476,20,397074__619747
397074,M. Guéhi,590874,Toti,0.11590217882418781,0.19095075636040817,0.5108957471913105,0.25414992775268075,21,397074__590874
397074,M. Guéhi,136441,B. Davies,0.15250933709838546,0.18326717964936864,0.4421567319786375,0.2538859253064737,22,136441__397074
397074,M. Guéhi,777938,Dean Huijsen,-0.06981684115661313,0.21701415061918924,0.7440647675349442,0.2150417218854319,23,397074__777938
397074,M. Guéhi,479155,N. Collins,0.09154943378980648,0.15983230803894555,0.2325030697953167,0.14088320639173507,24,397074__479155
397074,M. Guéhi,192792,D. Burn,0.25161193822366335,0.11501542551270728,-0.16843889845879875,0.1045941453848016,25,192792__397074
397074,M. Guéhi,625787,M. van de Ven,-0.13580604519057835,0.18326717964936864,0.4421567319786375,0.06648092681864717,26,397074__625787
397074,M. Guéhi,234399,A. Webster,-0.04337988761919661,0.1551772667444064,0.19085801744603703,0.03860337915363515,27,234399__397074
397074,M. Guéhi,590703,I. Zabarnyi,-0.17930649974732005,0.18326717964936864,0.4421567319786375,0.038205631356765066,28,397074__590703
397074,M. Guéhi,769441,L. Yoro,-0.20900240958076333,0.18326717964936864,0.4421567319786375,0.018903289965026937,29,397074__769441
397074,M. Guéhi,7919,M. Keane,0.017946639222821442,0.1286760294045078,-0.046228046137427814,-0.004514500653265795,30,7919__397074
397074,M. Guéhi,346131,T. Chalobah,-0.23313091960588017,0.14720267729652306,0.11951553646510435,-0.1097046599810356,31,346131__397074
397074,M. Guéhi,9433,J. Tarkowski,-0.05396831410822009,0.10858514689293478,-0.22596562546227886,-0.11416737308214064,32,9433__397074
397074,M. Guéhi,415917,Gabriel Magalhaes,-0.1524153924501568,0.1286760294045078,-0.046228046137427814,-0.11524982124070166,33,397074__415917
397074,M. Guéhi,424241,N. Milenković,-0.28273876565087175,0.14892884581281118,0.13495823045555888,-0.13654481701362103,34,397074__424241
397074,M. Guéhi,399581,D. O'Shea,-0.053378356827340045,0.09835795076263806,-0.317460435343385,-0.14580708430795578,35,397074__399581
397074,M. Guéhi,604320,J. Branthwaite,-0.22749957300145013,0.11653677436819661,-0.1548285674822092,-0.2020647210697158,36,397074__604320
397074,M. Guéhi,545267,R. Drăgușin,-0.39828157413350573,0.13329976520518377,-0.0048630598172683896,-0.26058509412282266,37,397074__545267
397074,M. Guéhi,9097,L. Dunk,-0.341719603201961,0.05528560365330763,-0.7027953951596748,-0.4680961303871608,38,9097__397074
397074,M. Guéhi,412027,E. Konsa,-0.5654633294402897,0.03593680412821117,-0.8758941322350317,-0.6741141104184494,39,397074__412027
397074,M. Guéhi,557788,W. Fofana,-0.7144549115593576,0.05561128015496534,-0.6998818195107593,-0.7093543293423482,40,397074__557788
397074,M. Guéhi,239411,T. Mings,-0.6214775586144519,0.02976576683029208,-0.9311016277351635,-0.729845982806701,41,239411__397074
397074,M. Guéhi,412968,M. Senesi,-0.5999022986021936,0.020090882511573042,-1.017655331221948,-0.7461158600191076,42,397074__412968
397074,M. Guéhi,558243,S. van den Berg,-0.6001667068894666,0.020090882511573042,-1.017655331221948,-0.7462877254058351,43,397074__558243
397074,M. Guéhi,349142,N. Mazraoui,-0.6204420673486684,0.020090882511573042,-1.017655331221948,-0.7594667097043162,44,349142__397074
397074,M. Guéhi,283145,T. Adarabioyo,-0.533185444847153,0.001684122574108206,-1.1823263690654988,-0.760384768323574,45,283145__397074
397074,M. Guéhi,447424,C. Bassey,-0.63479977920427,0.020090882511573042,-1.017655331221948,-0.7687992224104573,46,397074__447424
397074,M. Guéhi,534563,C. Richards,-0.6557215746942241,0.020090882511573042,-1.017655331221948,-0.7823983894789275,47,397074__534563
397074,M. Guéhi,15806,J. Vestergaard,-0.7044640375105141,0.020090882511573042,-1.017655331221948,-0.814080990309516,48,15806__397074
397074,M. Guéhi,286380,I. Diop,-0.7609931394300845,0.020090882511573042,-1.017655331221948,-0.8508249065572367,49,286380__397074
397074,M. Guéhi,364003,S. Bueno,-0.764733900934984,0.020090882511573042,-1.017655331221948,-0.8532564015354214,50,364003__397074
397074,M. Guéhi,288080,C. Burgess,-0.7722228766959801,0.020090882511573042,-1.017655331221948,-0.8581242357800689,51,288080__397074
397074,M. Guéhi,50102,F. Schär,-0.8098242055884196,0.020090882511573042,-1.017655331221948,-0.8825650995601546,52,50102__397074
397074,M. Guéhi,285382,W. Faes,-0.8283464400736712,0.020090882511573042,-1.017655331221948,-0.8946045519755681,53,285382__397074
397074,M. Guéhi,501419,J. Todibo,-0.8682886508350185,0.020090882511573042,-1.017655331221948,-0.9205669889704438,54,397074__501419
397074,M. Guéhi,549884,T. Harwood-Bellis,-0.8776326927449511,0.020090882511573042,-1.017655331221948,-0.9266406162119001,55,397074__549884
397074,M. Guéhi,400549,Pau Torres,-0.961586360483488,0.020090882511573042,-1.017655331221948,-0.9812105002419491,56,397074__400549
397074,M. Guéhi,7953,C. Coady,-0.9625031282626724,0.020090882511573042,-1.017655331221948,-0.981806399298419,57,7953__397074
397074,M. Guéhi,504375,M. Lacroix,-0.883255222348144,0.0,-1.1973929105467993,-0.9932034132176734,58,397074__504375
397074,M. Guéhi,583655,C. Okoli,-0.892316197937809,0.0,-1.1973929105467993,-0.9990930473509556,59,397074__583655
397074,M. Guéhi,518805,L. Woolfenden,-0.9921066927131676,0.020090882511573042,-1.017655331221948,-1.0010487161912407,60,397074__518805
397074,M. Guéhi,415847,C. Romero,-0.9096610461837437,0.0,-1.1973929105467993,-1.0103671987108132,61,397074__415847
397074,M. Guéhi,488453,L. Martínez,-1.0335166274689624,0.020090882511573042,-1.017655331221948,-1.0279651737825075,62,397074__488453
397074,M. Guéhi,258154,Rúben Dias,-0.9395089232879505,0.0,-1.1973929105467993,-1.0297683188285476,63,258154__397074
397074,M. Guéhi,297957,M. Akanji,-1.056053436346184,0.0,-1.1973929105467993,-1.1055222523163994,64,297957__397074
399581,D. O'Shea,370,V. van Dijk,1.542193818568082,0.22439286399932443,1.2965375013169984,1.4562141075302029,1,370__399581
399581,D. O'Shea,62126,M. Doherty,1.296078730506891,0.22439286399932443,1.2965375013169984,1.2962393002904287,2,62126__399581
399581,D. O'Shea,393247,I. Konaté,1.1620755264283922,0.22439286399932443,1.2965375013169984,1.2091372176394044,3,393247__399581
399581,D. O'Shea,578325,W. Saliba,1.1334814388823613,0.22439286399932443,1.2965375013169984,1.1905510607344842,4,399581__578325
399581,D. O'Shea,623641,E. Agbadou,0.9503628241205393,0.22439286399932443,1.2965375013169984,1.0715239611393,5,399581__623641
399581,D. O'Shea,8360,C. Dawson,0.8736374414161054,0.22439286399932443,1.2965375013169984,1.021652462381418,6,8360__399581
399581,D. O'Shea,590781,J. van Hecke,0.7775823779876372,0.22439286399932443,1.2965375013169984,0.9592166711529135,7,399581__590781
399581,D. O'Shea,620468,J. Greaves,0.7488596579913154,0.22439286399932443,1.2965375013169984,0.9405469031553044,8,399581__620468
399581,D. O'Shea,590874,Toti,0.7045186799053154,0.22439286399932443,1.2965375013169984,0.9117252673994044,9,399581__590874
399581,D. O'Shea,365443,M. de Ligt,0.6426063856176273,0.22439286399932443,1.2965375013169984,0.8714822761124073,10,365443__399581
399581,D. O'Shea,145787,J. Andersen,0.638834046203131,0.22439286399932443,1.2965375013169984,0.8690302554929845,11,145787__399581
399581,D. O'Shea,627012,Murillo,0.6272008473633162,0.22439286399932443,1.2965375013169984,0.8614686762471049,12,399581__627012
399581,D. O'Shea,240032,J. Bednarek,0.6168434938792002,0.22439286399932443,1.2965375013169984,0.8547363964824296,13,240032__399581
399581,D. O'Shea,475597,S. Botman,0.6145552817516531,0.22439286399932443,1.2965375013169984,0.8532490585995239,14,399581__475597
399581,D. O'Shea,496001,M. Kilman,0.5798465351265116,0.22439286399932443,1.2965375013169984,0.830688373293182,15,399581__496001
399581,D. O'Shea,568412,J. Gvardiol,0.5544432888513131,0.22439286399932443,1.2965375013169984,0.814176263214303,16,399581__568412
399581,D. O'Shea,366217,K. Danso,0.5460876502111609,0.22439286399932443,1.2965375013169984,0.808745098098204,17,366217__399581
399581,D. O'Shea,625787,M. van de Ven,0.45839493657256225,0.22439286399932443,1.2965375013169984,0.7517448342331149,18,399581__625787
399581,D. O'Shea,769441,L. Yoro,0.4239948614341857,0.22439286399932443,1.2965375013169984,0.7293847853931701,19,399581__769441
399581,D. O'Shea,777938,Dean Huijsen,0.44786766505055514,0.20673865632660843,1.124036644420777,0.6845268078301328,20,399581__777938
399581,D. O'Shea,619747,L. Colwill,0.3153667583879505,0.22439286399932443,1.2965375013169984,0.6587765184131172,21,399581__619747
399581,D. O'Shea,136441,B. Davies,0.5130193253739299,0.1708318596575336,0.7731880926963999,0.6040783939367944,22,136441__399581
399581,D. O'Shea,424806,E. Pinnock,0.6239186692349411,0.14678231754773935,0.5381978456793817,0.5939163809904953,23,399581__424806
399581,D. O'Shea,8653,H. Maguire,0.47371528324390133,0.15256837759706784,0.5947339607554885,0.5160718203729568,24,8653__399581
399581,D. O'Shea,590703,I. Zabarnyi,0.37336784834858205,0.1712123488671265,0.7769058871118341,0.5146061619157203,25,399581__590703
399581,D. O'Shea,413002,K. Mavropanos,0.5163968750419667,0.09789336072644653,0.060499435148678206,0.35683277107931577,26,399581__413002
399581,D. O'Shea,346131,T. Chalobah,0.3007202788766695,0.11320888269361074,0.2101487828920925,0.2690202552820676,27,346131__399581
399581,D. O'Shea,545267,R. Drăgușin,0.24755794250474644,0.11320888269361074,0.2101487828920925,0.23446473664031753,28,399581__545267
399581,D. O'Shea,479155,N. Collins,0.3767259895915759,0.06932698474342587,-0.21862520339889818,0.16835307204490996,29,399581__479155
399581,D. O'Shea,234399,A. Webster,0.4729158099472706,0.046592119851471624,-0.44076962063847314,0.1531259092422603,30,234399__399581
399581,D. O'Shea,192792,D. Burn,0.45285215524026146,0.0,-0.8960254297910699,-0.019254999520704474,31,192792__399581
399581,D. O'Shea,424241,N. Milenković,0.2190595773045552,0.04034369891987642,-0.5018235056346405,-0.0332495017241633,32,399581__424241
399581,D. O'Shea,604320,J. Branthwaite,0.3076306993827487,0.007951627475261838,-0.8183293599004872,-0.08645532136638381,33,399581__604320
399581,D. O'Shea,9097,L. Dunk,0.1987634395971371,0.028545438278852014,-0.6171053754410677,-0.08679064566623457,34,9097__399581
399581,D. O'Shea,415917,Gabriel Magalhaes,0.2981628234090401,0.0,-0.8960254297910699,-0.11980306521099837,35,399581__415917
399581,D. O'Shea,7919,M. Keane,0.2673320920065402,0.0,-0.8960254297910699,-0.13984304062262332,36,7919__399581
399581,D. O'Shea,9433,J. Tarkowski,0.1984453198007237,0.0,-0.8960254297910699,-0.18461944255640406,37,9433__399581
399581,D. O'Shea,412027,E. Konsa,0.04465407868256682,0.01584592161663812,-0.7411934991910426,-0.23039257357319648,38,399581__412027
399581,D. O'Shea,283145,T. Adarabioyo,0.06619330534635882,0.0,-0.8960254297910699,-0.2705832519517412,39,283145__399581
399581,D. O'Shea,349142,N. Mazraoui,0.025397449289583873,0.0,-0.8960254297910699,-0.2971005583886449,40,349142__399581
399581,D. O'Shea,447424,C. Bassey,-0.0058401310526318105,0.0,-0.8960254297910699,-0.3174049856110851,41,399581__447424
399581,D. O'Shea,412968,M. Senesi,-0.028046766287429692,0.0,-0.8960254297910699,-0.33183929851370375,42,399581__412968
399581,D. O'Shea,397074,M. Guéhi,-0.053378356827340045,0.0,-0.8960254297910699,-0.3483048323646455,43,397074__399581
399581,D. O'Shea,15806,J. Vestergaard,-0.1090170149130634,0.0,-0.8960254297910699,-0.38446996012036566,44,15806__399581
399581,D. O'Shea,534563,C. Richards,-0.14827452719362771,0.0,-0.8960254297910699,-0.40998734310273244,45,399581__534563
399581,D. O'Shea,364003,S. Bueno,-0.15817670590175012,0.0,-0.8960254297910699,-0.416423759263012,46,364003__399581
399581,D. O'Shea,558243,S. van den Berg,-0.15905187433057075,0.0,-0.8960254297910699,-0.4169926187417454,47,399581__558243
399581,D. O'Shea,239411,T. Mings,-0.16849205056031646,0.0,-0.8960254297910699,-0.42312873329108014,48,239411__399581
399581,D. O'Shea,288080,C. Burgess,-0.1823524106161083,0.0,-0.8960254297910699,-0.43213796732734483,49,288080__399581
399581,D. O'Shea,557788,W. Fofana,-0.2072580950401739,0.0,-0.8960254297910699,-0.44832666220298745,50,399581__557788
399581,D. O'Shea,50102,F. Schär,-0.21995373950854782,0.0,-0.8960254297910699,-0.4565788311074305,51,50102__399581
399581,D. O'Shea,504375,M. Lacroix,-0.22593698285310432,0.0,-0.8960254297910699,-0.4604679392813923,52,399581__504375
399581,D. O'Shea,258154,Rúben Dias,-0.2318946257641385,0.0,-0.8960254297910699,-0.4643404071735645,53,258154__399581
399581,D. O'Shea,583655,C. Okoli,-0.24298522761766012,0.0,-0.8960254297910699,-0.4715492983783535,54,399581__583655
399581,D. O'Shea,286380,I. Diop,-0.2526045076497924,0.0,-0.8960254297910699,-0.4778018303992395,55,286380__399581
399581,D. O'Shea,415847,C. Romero,-0.2698612710583364,0.0,-0.8960254297910699,-0.4890187266147931,56,399581__415847
399581,D. O'Shea,501419,J. Todibo,-0.2784181847551467,0.0,-0.8960254297910699,-0.4945807205177198,57,399581__501419
399581,D. O'Shea,285382,W. Faes,-0.28687848844939035,0.0,-0.8960254297910699,-0.5000799179189782,58,285382__399581
399581,D. O'Shea,549884,T. Harwood-Bellis,-0.28776222666507945,0.0,-0.8960254297910699,-0.500654347759176,59,399581__549884
399581,D. O'Shea,400549,Pau Torres,-0.3717158944036165,0.0,-0.8960254297910699,-0.5552242317892252,60,399581__400549
399581,D. O'Shea,7953,C. Coady,-0.37263266218280056,0.0,-0.8960254297910699,-0.5558201308456948,61,7953__399581
399581,D. O'Shea,297957,M. Akanji,-0.39873519685114445,0.0,-0.8960254297910699,-0.5727867783801184,62,297957__399581
399581,D. O'Shea,518805,L. Woolfenden,-0.402236226633296,0.0,-0.8960254297910699,-0.5750624477385169,63,399581__518805
399581,D. O'Shea,488453,L. Martínez,-0.4436461613890908,0.0,-0.8960254297910699,-0.6019789053297835,64,399581__488453
400549,Pau Torres,370,V. van Dijk,1.040286981021764,1.123177982852813,3.1059336923380294,1.763263329982457,1,370__400549
400549,Pau Torres,62126,M. Doherty,0.5483536311119742,0.7402395479579316,1.671749009800347,0.9415420136529047,2,62126__400549
400549,Pau Torres,620468,J. Greaves,0.2653631634114713,0.8324292919332925,2.017018919134017,0.8784426779143624,3,400549__620468
400549,Pau Torres,393247,I. Konaté,0.4696116693644321,0.6548708998693428,1.3520255339073808,0.7784565219544641,4,393247__400549
400549,Pau Torres,590781,J. van Hecke,0.1613569310758807,0.6905868683182596,1.485789319946504,0.6249082671805988,5,400549__590781
400549,Pau Torres,424806,E. Pinnock,0.13432975016020024,0.6970664039328633,1.5100565385947784,0.6158341261123026,6,400549__424806
400549,Pau Torres,8360,C. Dawson,-0.020665143993865293,0.6638463350606276,1.385640419480264,0.47154180322207995,7,8360__400549
400549,Pau Torres,475597,S. Botman,0.028071158572831656,0.5938619469824356,1.123534221062056,0.41148323044406016,8,400549__475597
400549,Pau Torres,496001,M. Kilman,0.005151786701566186,0.591482094514791,1.11462117487819,0.3934660725633845,9,400549__496001
400549,Pau Torres,145787,J. Andersen,-0.030629884761794346,0.5818227009945152,1.0784447220413624,0.35754622761931054,10,145787__400549
400549,Pau Torres,578325,W. Saliba,0.11385421073029725,0.4826435737547311,0.7069981077734581,0.3214545746954035,11,400549__578325
400549,Pau Torres,623641,E. Agbadou,0.044190167253256,0.4903832709211774,0.7359848954972983,0.28631832213867076,12,400549__623641
400549,Pau Torres,192792,D. Burn,0.03244347136837478,0.4757152836321343,0.6810502094572886,0.2594558296994946,13,192792__400549
400549,Pau Torres,136441,B. Davies,-0.11522740741440288,0.5044314986483247,0.788598452108837,0.20111164341873106,14,136441__400549
400549,Pau Torres,7919,M. Keane,-0.24442184779507467,0.5473167573651705,0.9492127325094172,0.17335025531149748,15,7919__400549
400549,Pau Torres,479155,N. Collins,-0.12173734017949345,0.48174664631897923,0.7036389265775139,0.16714435318545912,16,400549__479155
400549,Pau Torres,365443,M. de Ligt,-0.17443507877177644,0.4912844520916555,0.7393600078211523,0.14539320153574864,17,365443__400549
400549,Pau Torres,9433,J. Tarkowski,-0.377065482061957,0.5869753143007396,1.0977423385912797,0.13911725516667578,18,9433__400549
400549,Pau Torres,240032,J. Bednarek,-0.14400325447260556,0.4675665612829509,0.6505315367138241,0.1340839224426448,19,240032__400549
400549,Pau Torres,8653,H. Maguire,-0.1881626431082095,0.4308796739548645,0.5131314560184231,0.057290291586111916,20,8653__400549
400549,Pau Torres,366217,K. Danso,-0.21885614146342866,0.4053800248280456,0.41762992664645493,0.0039139823750305724,21,366217__400549
400549,Pau Torres,234399,A. Webster,-0.3132491665555205,0.4275765758119522,0.5007606613167007,-0.028345726800243082,22,234399__400549
400549,Pau Torres,627012,Murillo,-0.45019508462551905,0.49214974298034275,0.7426007035189747,-0.03271655877494628,23,400549__627012
400549,Pau Torres,399581,D. O'Shea,-0.3717158944036165,0.44439148132522743,0.563736005988169,-0.044307729266491624,24,399581__400549
400549,Pau Torres,777938,Dean Huijsen,-0.2686010947501217,0.38570028070183215,0.34392516104928017,-0.05421690522033108,25,400549__777938
400549,Pau Torres,413002,K. Mavropanos,-0.26832496530127625,0.38172900713821667,0.32905190938242246,-0.05924305916198172,26,400549__413002
400549,Pau Torres,590874,Toti,-0.3245650377729131,0.38747138747429805,0.3505583270434604,-0.0882718600871824,27,400549__590874
400549,Pau Torres,568412,J. Gvardiol,-0.3596652243066355,0.40387357479694086,0.41198795560687546,-0.08958661133690668,28,400549__568412
400549,Pau Torres,619747,L. Colwill,-0.49021850502091846,0.41319292024684534,0.4468908571638821,-0.16223022825623828,29,400549__619747
400549,Pau Torres,424241,N. Milenković,-0.5199471292136679,0.3216642575161885,0.1040968356196627,-0.30153174152200224,30,400549__424241
400549,Pau Torres,415917,Gabriel Magalhaes,-0.47312919396245934,0.2801960646645588,-0.05121023617283452,-0.32545755873609067,31,400549__415917
400549,Pau Torres,625787,M. van de Ven,-0.4987809766001854,0.2571367381987009,-0.13757224581557886,-0.37235792082557306,32,400549__625787
400549,Pau Torres,604320,J. Branthwaite,-0.48403130692989754,0.22352512197622365,-0.2634547918045824,-0.4068295266360372,33,400549__604320
400549,Pau Torres,590703,I. Zabarnyi,-0.5256833379609172,0.1712123488671265,-0.45937708911780817,-0.502476150865829,34,400549__590703
400549,Pau Torres,769441,L. Yoro,-0.8233436569264116,0.30793480484755625,0.05267715840083347,-0.5167363715618759,35,400549__769441
400549,Pau Torres,346131,T. Chalobah,-0.6072706830693275,0.12711179478495002,-0.6245429053238626,-0.6133159608584148,36,346131__400549
400549,Pau Torres,412968,M. Senesi,-0.9038313747568412,0.153532615665537,-0.5255913947046393,-0.7714473817385705,37,400549__412968
400549,Pau Torres,283145,T. Adarabioyo,-0.7459009202446463,0.07437055731553885,-0.8220698914501722,-0.7725600601665803,38,283145__400549
400549,Pau Torres,545267,R. Drăgușin,-0.8283826156475946,0.11320888269361074,-0.6766122244287475,-0.7752629787209981,39,400549__545267
400549,Pau Torres,239411,T. Mings,-0.9960730514882539,0.19273584543315192,-0.3787670842795117,-0.7800159629651942,40,239411__400549
400549,Pau Torres,9097,L. Dunk,-0.7093819324743468,0.035194721141734595,-0.9687916071262151,-0.8001753186025007,41,9097__400549
400549,Pau Torres,558243,S. van den Berg,-1.1706845277709967,0.20202039587298914,-0.3439944973264202,-0.881343017115395,42,400549__558243
400549,Pau Torres,397074,M. Guéhi,-0.961586360483488,0.07783054195292097,-0.8091115239514611,-0.9082201676972786,43,397074__400549
400549,Pau Torres,534563,C. Richards,-1.0977648409831942,0.12506044525831572,-0.6322256391566194,-0.934826120343893,44,400549__534563
400549,Pau Torres,557788,W. Fofana,-1.1458625523487769,0.05561128015496534,-0.8923273153793186,-1.0571252194094665,45,400549__557788
400549,Pau Torres,415847,C. Romero,-1.2893263327367874,0.09699149313390094,-0.7373497466460379,-1.0961345276050252,46,400549__415847
400549,Pau Torres,583655,C. Okoli,-1.3059038728391263,0.08279415042653125,-0.7905217701052057,-1.125520136882254,47,400549__583655
400549,Pau Torres,412027,E. Konsa,-1.2337307192790454,0.01584592161663812,-1.0412569158435374,-1.1663648880766175,48,400549__412027
400549,Pau Torres,15806,J. Vestergaard,-1.2470094912970409,0.0,-1.1006032127737828,-1.1957672938139006,49,15806__400549
400549,Pau Torres,447424,C. Bassey,-1.2503808926348765,0.0,-1.1006032127737828,-1.1979587046834936,50,400549__447424
400549,Pau Torres,349142,N. Mazraoui,-1.2514788688597198,0.0,-1.1006032127737828,-1.1986723892296418,51,349142__400549
400549,Pau Torres,364003,S. Bueno,-1.3015273393752083,0.0,-1.1006032127737828,-1.2312038950647093,52,364003__400549
400549,Pau Torres,288080,C. Burgess,-1.33267536665454,0.0,-1.1006032127737828,-1.251450112796275,53,288080__400549
400549,Pau Torres,504375,M. Lacroix,-1.3699393813590643,0.0,-1.1006032127737828,-1.2756717223542158,54,400549__504375
400549,Pau Torres,50102,F. Schär,-1.4421122085139084,0.023883995244168947,-1.0111526457488436,-1.2912763615461358,55,50102__400549
400549,Pau Torres,286380,I. Diop,-1.487526308611088,0.0,-1.1006032127737828,-1.3521032250680312,56,286380__400549
400549,Pau Torres,549884,T. Harwood-Bellis,-1.573830116895018,0.0,-1.1006032127737828,-1.4082007004525856,57,400549__549884
400549,Pau Torres,285382,W. Faes,-1.6176976821846336,0.0,-1.1006032127737828,-1.4367146178908357,58,285382__400549
400549,Pau Torres,258154,Rúben Dias,-1.6204283608471974,0.0,-1.1006032127737828,-1.438489559021502,59,258154__400549
400549,Pau Torres,501419,J. Todibo,-1.7267899669574744,0.0,-1.1006032127737828,-1.5076246029931824,60,400549__501419
400549,Pau Torres,297957,M. Akanji,-1.9134618019096856,0.0,-1.1006032127737828,-1.6289612957121196,61,297957__400549
400549,Pau Torres,7953,C. Coady,-2.000209099916287,0.0,-1.1006032127737828,-1.6853470394164107,62,7953__400549
400549,Pau Torres,488453,L. Martínez,-2.0916952141533875,0.0,-1.1006032127737828,-1.7448130136705258,63,400549__488453
400549,Pau Torres,518805,L. Woolfenden,-2.1110059105725454,0.0,-1.1006032127737828,-1.7573649663429785,64,400549__518805
412027,E. Konsa,370,V. van Dijk,1.2370115635286574,0.4073746356896036,1.8351267413375962,1.446351875761786,1,370__412027
412027,E. Konsa,192792,D. Burn,0.2711016616492198,0.5103730268102786,2.5189553404486436,1.0578504492290182,2,192792__412027
412027,E. Konsa,620468,J. Greaves,0.46208774591836466,0.4250235344013731,1.9523015976689153,0.9836625940310573,3,412027__620468
412027,E. Konsa,424806,E. Pinnock,0.3310543326670932,0.41835989962965836,1.9080602849518018,0.8830064159667412,4,412027__424806
412027,E. Konsa,399581,D. O'Shea,0.04465407868256682,0.49402629831859757,2.4104258738920437,0.8726742070058837,5,399581__412027
412027,E. Konsa,475597,S. Botman,0.23394768623656187,0.41451630054618016,1.8825417991948743,0.8109556257719712,6,412027__475597
412027,E. Konsa,136441,B. Davies,0.12258754110277814,0.4037710207559086,1.8112015622640987,0.7136024485092403,7,136441__412027
412027,E. Konsa,479155,N. Collins,0.07498724232739938,0.40865344668238535,1.8436170441491926,0.694007672965027,8,412027__479155
412027,E. Konsa,7919,M. Keane,0.11597907473272819,0.39411674274604225,1.7471047221573381,0.6868730513313417,9,7919__412027
412027,E. Konsa,9433,J. Tarkowski,0.10556062069198681,0.3968503353480909,1.765253634769081,0.6864531756189698,10,9433__412027
412027,E. Konsa,393247,I. Konaté,0.6663362518713253,0.19646392172681443,0.4348448874423659,0.5853142743211894,11,393247__412027
412027,E. Konsa,496001,M. Kilman,0.20187636920845933,0.32527476345626016,1.2900479298564949,0.5827364154352717,12,412027__496001
412027,E. Konsa,590781,J. van Hecke,0.3580815135827737,0.27985025195642743,0.9884647718454078,0.5787156539746956,13,412027__590781
412027,E. Konsa,62126,M. Doherty,0.7450782136188673,0.1448713071199833,0.09231035862890016,0.5166094643723789,14,62126__412027
412027,E. Konsa,145787,J. Andersen,0.16609469774509855,0.2216202625938643,0.6018632762414662,0.31861370021882723,15,145787__412027
412027,E. Konsa,8653,H. Maguire,0.008561939398683611,0.22991751176924274,0.6569505083655746,0.2354979385370954,16,8653__412027
412027,E. Konsa,777938,Dean Huijsen,-0.07187651224322877,0.17896162437522373,0.3186433492538651,0.06480543928075408,17,412027__777938
412027,E. Konsa,578325,W. Saliba,0.31057879323719023,0.0695138240359122,-0.4080042727864516,0.0590747201289156,18,412027__578325
412027,E. Konsa,623641,E. Agbadou,0.24091474976014893,0.0695138240359122,-0.4080042727864516,0.013793091868838758,19,412027__623641
412027,E. Konsa,240032,J. Bednarek,0.052721328034287654,0.12180289323889162,-0.06084583125312071,0.01297282228369473,20,240032__412027
412027,E. Konsa,366217,K. Danso,-0.02213155895653572,0.12594169639326178,-0.033367421811429855,-0.02606411095574867,21,366217__412027
412027,E. Konsa,8360,C. Dawson,0.1760594385130279,0.0695138240359122,-0.4080042727864516,-0.028362860441789914,22,8360__412027
412027,E. Konsa,558243,S. van den Berg,-0.4664121628641643,0.24053312658882142,0.7274298715069838,-0.048567450834262504,23,412027__558243
412027,E. Konsa,413002,K. Mavropanos,-0.0716003827943831,0.11300292410528656,-0.11927072992753959,-0.08828500429098787,24,412027__413002
412027,E. Konsa,234399,A. Webster,-0.11652458404862749,0.12224598334130476,-0.05790406021459885,-0.09600740070671748,25,234399__412027
412027,E. Konsa,365443,M. de Ligt,0.022289503735116806,0.07964468803139939,-0.340743275226773,-0.10477196890154461,26,365443__412027
412027,E. Konsa,415917,Gabriel Magalhaes,-0.19247433785085935,0.12035346386902998,-0.07046890637806737,-0.14977243683538216,27,412027__415917
412027,E. Konsa,239411,T. Mings,-0.4559973496893771,0.19273584543315192,0.4100933824767451,-0.15286559343123438,28,239411__412027
412027,E. Konsa,424241,N. Milenković,-0.3232225467067751,0.14555733269023524,0.09686503078984783,-0.17619189458295706,29,412027__424241
412027,E. Konsa,568412,J. Gvardiol,-0.16294064179974227,0.0695138240359122,-0.4080042727864516,-0.24871291264509054,30,412027__568412
412027,E. Konsa,604320,J. Branthwaite,-0.2800891333267766,0.10164552653285003,-0.19467494922652917,-0.25019416889169,31,412027__604320
412027,E. Konsa,412968,M. Senesi,-0.4661477545768913,0.153532615665537,0.14981465966439098,-0.25056090959244254,32,412027__412968
412027,E. Konsa,619747,L. Colwill,-0.29349392251402534,0.08246101843526069,-0.322045048451076,-0.30348681659199306,33,412027__619747
412027,E. Konsa,590874,Toti,-0.12784045526601998,0.027774459222612576,-0.6851209447801195,-0.3228886265959548,34,412027__590874
412027,E. Konsa,627012,Murillo,-0.2866577790541217,0.0695138240359122,-0.4080042727864516,-0.32912905186043717,35,412027__627012
412027,E. Konsa,534563,C. Richards,-0.5576891391843172,0.12506044525831572,-0.03921823872728957,-0.3762243240243575,36,412027__534563
412027,E. Konsa,283145,T. Adarabioyo,-0.5078022592002214,0.07437055731553885,-0.3757593699415913,-0.46158724795970085,37,283145__412027
412027,E. Konsa,397074,M. Guéhi,-0.5654633294402897,0.07783054195292097,-0.3527877834752099,-0.49102688835251174,38,397074__412027
412027,E. Konsa,625787,M. van de Ven,-0.30205639409329216,0.0,-0.8695215876893229,-0.5006692118519029,39,412027__625787
412027,E. Konsa,590703,I. Zabarnyi,-0.3289587554540243,0.0,-0.8695215876893229,-0.5181557467363788,40,412027__590703
412027,E. Konsa,346131,T. Chalobah,-0.41054610056243446,0.013902912091339287,-0.777217146857371,-0.5388809667656622,41,346131__412027
412027,E. Konsa,415847,C. Romero,-0.7084587287432731,0.09699149313390094,-0.22557408371583032,-0.5394491029836681,42,412027__415847
412027,E. Konsa,583655,C. Okoli,-0.6945630243271754,0.08279415042653125,-0.319833313098407,-0.5634076253971064,43,412027__583655
412027,E. Konsa,557788,W. Fofana,-0.6820870992814521,0.05561128015496534,-0.5003062689899574,-0.618463808679429,44,412027__557788
412027,E. Konsa,9097,L. Dunk,-0.5126573499674537,0.006649282862882583,-0.82537556039953,-0.6221087236186804,45,9097__412027
412027,E. Konsa,545267,R. Drăgușin,-0.5858983073565173,0.0,-0.8695215876893229,-0.6851664554729993,46,412027__545267
412027,E. Konsa,769441,L. Yoro,-0.6154203651872105,0.0,-0.8695215876893229,-0.7043557930629498,47,412027__769441
412027,E. Konsa,50102,F. Schär,-0.7673173140217339,0.023883995244168947,-0.7109505767124679,-0.7475889559634907,48,50102__412027
412027,E. Konsa,288080,C. Burgess,-0.761432956488863,0.0,-0.8695215876893229,-0.799263977409024,49,288080__412027
412027,E. Konsa,504375,M. Lacroix,-0.7905489855765925,0.0,-0.8695215876893229,-0.818189396316048,50,412027__504375
412027,E. Konsa,364003,S. Bueno,-0.7938511423917122,0.0,-0.8695215876893229,-0.8203357982458759,51,364003__412027
412027,E. Konsa,349142,N. Mazraoui,-0.8591398737671733,0.0,-0.8695215876893229,-0.8627734736399257,52,349142__412027
412027,E. Konsa,15806,J. Vestergaard,-0.8833781146898778,0.0,-0.8695215876893229,-0.8785283302396836,53,15806__412027
412027,E. Konsa,549884,T. Harwood-Bellis,-0.9121005099625776,0.0,-0.8695215876893229,-0.8971978871669384,54,412027__549884
412027,E. Konsa,286380,I. Diop,-0.9474506068122109,0.0,-0.8695215876893229,-0.9201754501192001,55,286380__412027
412027,E. Konsa,447424,C. Bassey,-0.9885361854763194,0.0,-0.8695215876893229,-0.9468810762508706,56,412027__447424
412027,E. Konsa,258154,Rúben Dias,-1.0422971799606398,0.0,-0.8695215876893229,-0.9818257226656788,57,258154__412027
412027,E. Konsa,285382,W. Faes,-1.0912893874800549,0.0,-0.8695215876893229,-1.0136706575532988,58,285382__412027
412027,E. Konsa,501419,J. Todibo,-1.1119087027031798,0.0,-0.8695215876893229,-1.02707321244833,59,412027__501419
412027,E. Konsa,297957,M. Akanji,-1.160055547511302,0.0,-0.8695215876893229,-1.0583686615736092,60,297957__412027
412027,E. Konsa,518805,L. Woolfenden,-1.2244637135505587,0.0,-0.8695215876893229,-1.100233969499126,61,412027__518805
412027,E. Konsa,400549,Pau Torres,-1.2337307192790454,0.0,-0.8695215876893229,-1.1062575232226426,62,400549__412027
412027,E. Konsa,7953,C. Coady,-1.3029759712847657,0.0,-0.8695215876893229,-1.1512669370263608,63,7953__412027
412027,E. Konsa,488453,L. Martínez,-1.3739894704910558,0.0,-0.8695215876893229,-1.1974257115104492,64,412027__488453
412968,M. Senesi,370,V. van Dijk,1.3418264845553884,0.3172186486520713,1.486733585705642,1.3925439699579771,1,370__412968
412968,M. Senesi,62126,M. Doherty,0.9366017585493012,0.3172186486520713,1.486733585705642,1.1291478980540204,2,62126__412968
412968,M. Senesi,393247,I. Konaté,0.819036715739196,0.3172186486520713,1.486733585705642,1.052730620227452,3,393247__412968
412968,M. Senesi,578325,W. Saliba,0.7577926421099322,0.2913414040782174,1.2779497399367834,0.9398476263493301,4,412968__578325
412968,M. Senesi,620468,J. Greaves,0.557834373148025,0.3172186486520713,1.486733585705642,0.8829490975431908,5,412968__620468
412968,M. Senesi,8360,C. Dawson,0.49794864464367633,0.3172186486520713,1.486733585705642,0.8440233740153642,6,8360__412968
412968,M. Senesi,623641,E. Agbadou,0.5746740273481105,0.2990811012446637,1.3403954819818893,0.8426765364699331,7,412968__623641
412968,M. Senesi,590781,J. van Hecke,0.4721392726535445,0.2889482707212307,1.258641363255355,0.7474150043641781,8,412968__590781
412968,M. Senesi,424806,E. Pinnock,0.4268009598967538,0.2956062076246388,1.3123592027885664,0.7367463449088882,9,412968__424806
412968,M. Senesi,145787,J. Andersen,0.30754330178579337,0.3172186486520713,1.486733585705642,0.7202599011577403,10,145787__412968
412968,M. Senesi,365443,M. de Ligt,0.2669175888451983,0.30392465366495564,1.3794744302294697,0.6563124833296933,11,365443__412968
412968,M. Senesi,627012,Murillo,0.2515120505908872,0.30084757330382905,1.3546478042839485,0.6376095643834586,12,412968__627012
412968,M. Senesi,568412,J. Gvardiol,0.17875449207888416,0.3172186486520713,1.486733585705642,0.6365471748482494,13,412968__568412
412968,M. Senesi,496001,M. Kilman,0.29762299643811974,0.27185180395960223,1.1207029490874567,0.5857009798653876,14,412968__496001
412968,M. Senesi,8653,H. Maguire,0.14168378713859375,0.27047598622153396,1.1096025199976787,0.48045534363927345,15,8653__412968
412968,M. Senesi,240032,J. Bednarek,0.24103285168308558,0.24652855748449504,0.9163888934956338,0.47740746631747744,16,240032__412968
412968,M. Senesi,413002,K. Mavropanos,0.14070807826953785,0.24671725080334597,0.9179113166681687,0.41272921170905863,17,412968__413002
412968,M. Senesi,366217,K. Danso,0.15470754033969566,0.22949933598729744,0.778993030327613,0.3732074618354667,18,366217__412968
412968,M. Senesi,590874,Toti,0.28266552710275444,0.19616921779778437,0.5100776040473272,0.36225975403335486,19,412968__590874
412968,M. Senesi,619747,L. Colwill,-0.06032203838447853,0.26905107623885294,1.0981060028468854,0.34512777604649886,20,412968__619747
412968,M. Senesi,475597,S. Botman,0.32054236830938526,0.1683947585751718,0.285986573253944,0.3084478400399808,21,412968__475597
412968,M. Senesi,777938,Dean Huijsen,0.06631601532580735,0.22223261205656544,0.7203633503371953,0.2952325825797931,22,412968__777938
412968,M. Senesi,234399,A. Webster,0.09722701317484164,0.19541600992837108,0.5040005414299893,0.2395977480641433,23,234399__412968
412968,M. Senesi,136441,B. Davies,0.17724380232215065,0.1683947585751718,0.285986573253944,0.2153037721482783,24,136441__412968
412968,M. Senesi,479155,N. Collins,0.17073386955705988,0.15983230803894555,0.21690265873372414,0.18689294576889237,25,412968__479155
412968,M. Senesi,192792,D. Burn,0.32491468110492827,0.1095908705579719,-0.18845736730366752,0.14523446416191976,26,192792__412968
412968,M. Senesi,625787,M. van de Ven,-0.03649047032717981,0.1683947585751718,0.285986573253944,0.07637649492621351,27,412968__625787
412968,M. Senesi,7919,M. Keane,0.04804936194147896,0.14882389007689945,0.12808408953145178,0.07606151659796945,28,7919__412968
412968,M. Senesi,9433,J. Tarkowski,0.032859775721990156,0.14882389007689945,0.12808408953145178,0.06618828555530172,29,9433__412968
412968,M. Senesi,424241,N. Milenković,-0.14660590916845112,0.18916758899677588,0.45358677545278775,0.06346153044898248,30,412968__424241
412968,M. Senesi,590703,I. Zabarnyi,-0.07999092488392147,0.1683947585751718,0.285986573253944,0.04810119946433143,31,412968__590703
412968,M. Senesi,769441,L. Yoro,-0.10968683471736475,0.1683947585751718,0.285986573253944,0.028798858072593303,32,412968__769441
412968,M. Senesi,604320,J. Branthwaite,-0.06805809738968016,0.1567755175521613,0.1922397363843594,0.023046144431233685,33,412968__604320
412968,M. Senesi,415917,Gabriel Magalhaes,-0.07752597336338886,0.14882389007689945,0.12808408953145178,-0.00556245135019464,34,412968__415917
412968,M. Senesi,346131,T. Chalobah,-0.1338153447424816,0.12711179478495002,-0.047094328008929154,-0.10346298888573824,35,346131__412968
412968,M. Senesi,399581,D. O'Shea,-0.028046766287429692,0.07826706825106503,-0.44118535351079724,-0.17264527181560832,36,399581__412968
412968,M. Senesi,545267,R. Drăgușin,-0.3090036165388961,0.11320888269361074,-0.15926637343408415,-0.2565955814522119,37,412968__545267
412968,M. Senesi,9097,L. Dunk,-0.2424040283385625,0.035194721141734595,-0.7887034306426818,-0.43360881914500427,38,9097__412968
412968,M. Senesi,557788,W. Fofana,-0.5524626954595381,0.05561128015496534,-0.623977712029808,-0.5774929512591326,39,412968__557788
412968,M. Senesi,283145,T. Adarabioyo,-0.37951370672714696,0.001684122574108206,-1.0590750161102709,-0.6173601650112404,40,283145__412968
412968,M. Senesi,239411,T. Mings,-0.5048199997434598,0.02976576683029208,-0.8325055424328855,-0.6195099396847588,41,239411__412968
412968,M. Senesi,412027,E. Konsa,-0.4661477545768913,0.01584592161663812,-0.9448142083698436,-0.6336810134044246,42,412027__412968
412968,M. Senesi,447424,C. Bassey,-0.5354842043408716,0.0,-1.0726629229202462,-0.7234967558436527,43,412968__447424
412968,M. Senesi,349142,N. Mazraoui,-0.557915949443274,0.0,-1.0726629229202462,-0.7380773901602143,44,349142__412968
412968,M. Senesi,397074,M. Guéhi,-0.5999022986021936,0.0,-1.0726629229202462,-0.7653685171135121,45,397074__412968
412968,M. Senesi,534563,C. Richards,-0.6043584631669771,0.0,-1.0726629229202462,-0.7682650240806213,46,412968__534563
412968,M. Senesi,15806,J. Vestergaard,-0.6083789167264758,0.0,-1.0726629229202462,-0.7708783188942955,47,15806__412968
412968,M. Senesi,558243,S. van den Berg,-0.6116245733075607,0.0,-1.0726629229202462,-0.7729879956720007,48,412968__558243
412968,M. Senesi,286380,I. Diop,-0.6664486967454331,0.0,-1.0726629229202462,-0.8086236759066177,49,286380__412968
412968,M. Senesi,288080,C. Burgess,-0.6797578381002594,0.0,-1.0726629229202462,-0.8172746177872547,50,288080__412968
412968,M. Senesi,364003,S. Bueno,-0.7069789152083368,0.0,-1.0726629229202462,-0.8349683179075051,51,364003__412968
412968,M. Senesi,504375,M. Lacroix,-0.7248555917165241,0.0,-1.0726629229202462,-0.8465881576378269,52,412968__504375
412968,M. Senesi,285382,W. Faes,-0.7338019973890199,0.0,-1.0726629229202462,-0.8524033213249491,53,285382__412968
412968,M. Senesi,50102,F. Schär,-0.7520692198617724,0.0,-1.0726629229202462,-0.8642770159322383,54,50102__412968
412968,M. Senesi,583655,C. Okoli,-0.7738542892105589,0.0,-1.0726629229202462,-0.8784373110089494,55,412968__583655
412968,M. Senesi,415847,C. Romero,-0.8019767514115611,0.0,-1.0726629229202462,-0.896716911439601,56,412968__415847
412968,M. Senesi,501419,J. Todibo,-0.8105336651083712,0.0,-1.0726629229202462,-0.9022789053425275,57,412968__501419
412968,M. Senesi,258154,Rúben Dias,-0.8143061641461353,0.0,-1.0726629229202462,-0.9047310297170741,58,258154__412968
412968,M. Senesi,549884,T. Harwood-Bellis,-0.819877707018304,0.0,-1.0726629229202462,-0.9083525325839839,59,412968__549884
412968,M. Senesi,400549,Pau Torres,-0.9038313747568412,0.0,-1.0726629229202462,-0.9629224166140329,60,400549__412968
412968,M. Senesi,7953,C. Coady,-0.9047481425360252,0.0,-1.0726629229202462,-0.9635183156705025,61,7953__412968
412968,M. Senesi,297957,M. Akanji,-0.930850677204369,0.0,-1.0726629229202462,-0.980484963204926,62,297957__412968
412968,M. Senesi,518805,L. Woolfenden,-0.9343517069865204,0.0,-1.0726629229202462,-0.9827606325633245,63,412968__518805
412968,M. Senesi,488453,L. Martínez,-0.9757616417423154,0.0,-1.0726629229202462,-1.0096770901545913,64,412968__488453
413002,K. Mavropanos,370,V. van Dijk,1.485554130407712,0.01744686030318337,1.166772217782162,1.3739804609887694,1,370__413002
413002,K. Mavropanos,393247,I. Konaté,0.9808190977596121,0.01744686030318337,1.166772217782162,1.0459026897675046,2,393247__413002
413002,K. Mavropanos,475597,S. Botman,0.7657892295997235,0.01744686030318337,1.166772217782162,0.9061332754635769,3,413002__475597
413002,K. Mavropanos,620468,J. Greaves,0.7181341852309024,0.01744686030318337,1.166772217782162,0.8751574966238432,4,413002__620468
413002,K. Mavropanos,590781,J. van Hecke,0.7161483927716409,0.01744686030318337,1.166772217782162,0.8738667315253232,5,413002__590781
413002,K. Mavropanos,192792,D. Burn,0.7142057485076179,0.01744686030318337,1.166772217782162,0.8726040127537082,6,192792__413002
413002,K. Mavropanos,136441,B. Davies,0.6544290844659401,0.01744686030318337,1.166772217782162,0.8337491811266178,7,136441__413002
413002,K. Mavropanos,424806,E. Pinnock,0.6135842665853892,0.01744686030318337,1.166772217782162,0.8072000495042597,8,413002__424806
413002,K. Mavropanos,496001,M. Kilman,0.5755741970376789,0.01744686030318337,1.166772217782162,0.7824935042982479,9,413002__496001
413002,K. Mavropanos,399581,D. O'Shea,0.5163968750419667,0.01744686030318337,1.166772217782162,0.744028245001035,10,399581__413002
413002,K. Mavropanos,145787,J. Andersen,0.4918504687809489,0.01744686030318337,1.166772217782162,0.7280730809313735,11,145787__413002
413002,K. Mavropanos,479155,N. Collins,0.4866442150288227,0.01744686030318337,1.166772217782162,0.7246890159924915,12,413002__479155
413002,K. Mavropanos,7919,M. Keane,0.45565715380698485,0.01744686030318337,1.166772217782162,0.7045474261982968,13,7919__413002
413002,K. Mavropanos,9433,J. Tarkowski,0.42911747705430875,0.01744686030318337,1.166772217782162,0.6872966363090574,14,9433__413002
413002,K. Mavropanos,366217,K. Danso,0.3910540529628799,0.01744686030318337,1.166772217782162,0.6625554106496285,15,366217__413002
413002,K. Mavropanos,8653,H. Maguire,0.36904791386787883,0.01744686030318337,1.166772217782162,0.648251420237878,16,8653__413002
413002,K. Mavropanos,777938,Dean Huijsen,0.3471871242659988,0.01744686030318337,1.166772217782162,0.6340419069966559,17,413002__777938
413002,K. Mavropanos,240032,J. Bednarek,0.45466909638005076,0.014375305986463053,0.8090349526349605,0.5786971460692691,18,240032__413002
413002,K. Mavropanos,412968,M. Senesi,0.14070807826953785,0.01744686030318337,1.166772217782162,0.49983052709895626,19,412968__413002
413002,K. Mavropanos,558243,S. van den Berg,0.14044366998226476,0.01744686030318337,1.166772217782162,0.4996586617122287,20,413002__558243
413002,K. Mavropanos,239411,T. Mings,0.060089191027768496,0.01744686030318337,1.166772217782162,0.44742825039180617,21,239411__413002
413002,K. Mavropanos,397074,M. Guéhi,0.05909821155298159,0.01744686030318337,1.166772217782162,0.4467841137331947,22,397074__413002
413002,K. Mavropanos,534563,C. Richards,0.04564671475563618,0.01744686030318337,1.166772217782162,0.43804064081492017,23,413002__534563
413002,K. Mavropanos,283145,T. Adarabioyo,0.03857285044853706,0.01744686030318337,1.166772217782162,0.4334426290153057,24,283145__413002
413002,K. Mavropanos,583655,C. Okoli,-0.06655233950406726,0.01744686030318337,1.166772217782162,0.36511125554611296,25,413002__583655
413002,K. Mavropanos,50102,F. Schär,-0.07877485753091135,0.01744686030318337,1.166772217782162,0.3571666188286643,26,50102__413002
413002,K. Mavropanos,415847,C. Romero,-0.08661342126345024,0.01744686030318337,1.166772217782162,0.352071552402514,27,413002__415847
413002,K. Mavropanos,62126,M. Doherty,0.9936207804979222,0.0,-0.8652257372240199,0.3430244992952425,28,62126__413002
413002,K. Mavropanos,578325,W. Saliba,0.9013630675277227,0.0,-0.8652257372240199,0.2830569858646128,29,413002__578325
413002,K. Mavropanos,623641,E. Agbadou,0.7111682065106144,0.0,-0.8652257372240199,0.1594303262034924,30,413002__623641
413002,K. Mavropanos,8360,C. Dawson,0.5341827504588104,0.0,-0.8652257372240199,0.04438977976981978,31,8360__413002
413002,K. Mavropanos,590874,Toti,0.5132499289450981,0.0,-0.8652257372240199,0.03078344578590686,32,413002__590874
413002,K. Mavropanos,424241,N. Milenković,0.009999815432386983,0.007454759519229594,0.0030139250935304574,0.007554753813787198,33,413002__424241
413002,K. Mavropanos,365443,M. de Ligt,0.3989834074479425,0.0,-0.8652257372240199,-0.04348979318724433,34,365443__413002
413002,K. Mavropanos,627012,Murillo,0.3863911806080669,0.0,-0.8652257372240199,-0.05167474063316346,35,413002__627012
413002,K. Mavropanos,568412,J. Gvardiol,0.2892769349854999,0.0,-0.8652257372240199,-0.11479900028783202,36,413002__568412
413002,K. Mavropanos,625787,M. van de Ven,0.27841074697360546,0.0,-0.8652257372240199,-0.12186202249556341,37,413002__625787
413002,K. Mavropanos,769441,L. Yoro,0.23272611047396835,0.0,-0.8652257372240199,-0.1515570362203275,38,413002__769441
413002,K. Mavropanos,590703,I. Zabarnyi,0.1951809129478162,0.0,-0.8652257372240199,-0.17596141461232642,39,413002__590703
413002,K. Mavropanos,234399,A. Webster,0.1888155298571992,0.0,-0.8652257372240199,-0.18009891362122746,40,234399__413002
413002,K. Mavropanos,415917,Gabriel Magalhaes,0.14113056102715532,0.0,-0.8652257372240199,-0.211094143360756,41,413002__415917
413002,K. Mavropanos,619747,L. Colwill,0.11068839063791823,0.0,-0.8652257372240199,-0.2308815541137601,42,413002__619747
413002,K. Mavropanos,346131,T. Chalobah,0.10945152791645232,0.0,-0.8652257372240199,-0.23168551488271294,43,346131__413002
413002,K. Mavropanos,604320,J. Branthwaite,0.10587840738774007,0.0,-0.8652257372240199,-0.23400804322637592,44,413002__604320
413002,K. Mavropanos,9097,L. Dunk,0.07290298840326298,0.0,-0.8652257372240199,-0.255442065566286,45,9097__413002
413002,K. Mavropanos,545267,R. Drăgușin,0.05628919154452908,0.0,-0.8652257372240199,-0.26624103352446304,46,413002__545267
413002,K. Mavropanos,15806,J. Vestergaard,-0.058364682289743564,0.0,-0.8652257372240199,-0.3407660515167403,47,15806__413002
413002,K. Mavropanos,349142,N. Mazraoui,-0.059439262709668046,0.0,-0.8652257372240199,-0.3414645287896912,48,349142__413002
413002,K. Mavropanos,447424,C. Bassey,-0.0624008685219557,0.0,-0.8652257372240199,-0.34338957256767816,49,413002__447424
413002,K. Mavropanos,288080,C. Burgess,-0.07050485813174041,0.0,-0.8652257372240199,-0.3486571658140382,50,288080__413002
413002,K. Mavropanos,364003,S. Bueno,-0.07147250575277192,0.0,-0.8652257372240199,-0.3492861367677087,51,364003__413002
413002,K. Mavropanos,412027,E. Konsa,-0.0716003827943831,0.0,-0.8652257372240199,-0.34936925684475595,52,412027__413002
413002,K. Mavropanos,557788,W. Fofana,-0.10386716593783363,0.0,-0.8652257372240199,-0.3703426658879988,53,413002__557788
413002,K. Mavropanos,504375,M. Lacroix,-0.107175575443654,0.0,-0.8652257372240199,-0.37249313206678203,54,413002__504375
413002,K. Mavropanos,286380,I. Diop,-0.14921357854745249,0.0,-0.8652257372240199,-0.3998178340842511,55,286380__413002
413002,K. Mavropanos,501419,J. Todibo,-0.17502725565280658,0.0,-0.8652257372240199,-0.41659672420273125,56,413002__501419
413002,K. Mavropanos,258154,Rúben Dias,-0.17879975469057063,0.0,-0.8652257372240199,-0.41904884857727787,57,258154__413002
413002,K. Mavropanos,285382,W. Faes,-0.18348755934705036,0.0,-0.8652257372240199,-0.4220959216039897,58,285382__413002
413002,K. Mavropanos,549884,T. Harwood-Bellis,-0.18437129756273918,0.0,-0.8652257372240199,-0.4226703514441874,59,413002__549884
413002,K. Mavropanos,400549,Pau Torres,-0.26832496530127625,0.0,-0.8652257372240199,-0.47724023547423655,60,400549__413002
413002,K. Mavropanos,7953,C. Coady,-0.2692417330804604,0.0,-0.8652257372240199,-0.4778361345307062,61,7953__413002
413002,K. Mavropanos,297957,M. Akanji,-0.2953442677488042,0.0,-0.8652257372240199,-0.4948027820651297,62,297957__413002
413002,K. Mavropanos,518805,L. Woolfenden,-0.29884529753095584,0.0,-0.8652257372240199,-0.49707845142352824,63,413002__518805
413002,K. Mavropanos,488453,L. Martínez,-0.3402552322867506,0.0,-0.8652257372240199,-0.5239949090147948,64,413002__488453
415847,C. Romero,370,V. van Dijk,1.1421416043670443,0.527507822991817,1.774854514268003,1.3635911228323798,1,370__415847
415847,C. Romero,62126,M. Doherty,0.7222050426656168,0.527507822991817,1.774854514268003,1.0906323577264518,2,62126__415847
415847,C. Romero,393247,I. Konaté,0.6046399998555115,0.527507822991817,1.774854514268003,1.0142150798998835,3,393247__415847
415847,C. Romero,578325,W. Saliba,0.5154816679435503,0.49839057572003354,1.6114774715352436,0.899080199200643,4,415847__578325
415847,C. Romero,623641,E. Agbadou,0.3323630531817287,0.5061302728864798,1.6549049570697874,0.7952527195425492,5,415847__623641
415847,C. Romero,8360,C. Dawson,0.25563767047729435,0.5136793207865084,1.6972627084685536,0.7602064337742351,6,8360__415847
415847,C. Romero,590781,J. van Hecke,0.2632115544211607,0.49599744236304677,1.5980495864374475,0.730404865626861,7,415847__590781
415847,C. Romero,627012,Murillo,0.009201076424505183,0.5078967449456452,1.6648166420035537,0.5886665243771722,8,415847__627012
415847,C. Romero,620468,J. Greaves,0.2730339590148501,0.3968443444913763,1.0417009811981177,0.5420674167789938,9,415847__620468
415847,C. Romero,240032,J. Bednarek,0.008613936104152606,0.4535777291263111,1.3600323302902433,0.4816103740692843,10,240032__415847
415847,C. Romero,145787,J. Andersen,0.01683706123531349,0.42588612731804476,1.2046545924931706,0.4325731971755635,11,145787__415847
415847,C. Romero,424806,E. Pinnock,0.23618437350548016,0.35252683348669145,0.7930351708061295,0.4310821525607074,12,415847__424806
415847,C. Romero,568412,J. Gvardiol,-0.06355648208749784,0.4505249676554993,1.342903268033281,0.42870443045477474,13,415847__568412
415847,C. Romero,365443,M. de Ligt,-0.08780634101313006,0.4572932021426487,1.380879870859466,0.42623383314227853,14,365443__415847
415847,C. Romero,496001,M. Kilman,0.10700641004684619,0.38940177825856603,0.999940699049552,0.4195334111977932,15,415847__496001
415847,C. Romero,366217,K. Danso,-0.07337975113753906,0.3942235290110324,1.0269955703902165,0.31175161139717533,16,366217__415847
415847,C. Romero,475597,S. Botman,0.12992578191811177,0.3031976513654958,0.5162488448131289,0.26513885393136777,17,415847__475597
415847,C. Romero,590874,Toti,-0.07711067042712227,0.34953776627547745,0.7762634974079083,0.22157028831513842,18,415847__590874
415847,C. Romero,8653,H. Maguire,-0.07271292874509037,0.32415660938565694,0.6338496794020589,0.17458398410641185,19,8653__415847
415847,C. Romero,413002,K. Mavropanos,-0.08661342126345024,0.30363787666539865,0.5187189515152816,0.1252529092091059,20,413002__415847
415847,C. Romero,769441,L. Yoro,-0.35199780888374654,0.36161542801167923,0.8440313272157566,0.06661238875107953,21,415847__769441
415847,C. Romero,136441,B. Davies,-0.013372784069122984,0.22451248282165662,0.07474590933203692,0.017468758621282984,22,136441__415847
415847,C. Romero,625787,M. van de Ven,-0.27880144449356176,0.3108173613628239,0.5590030816482532,0.014430139656073454,23,415847__625787
415847,C. Romero,619747,L. Colwill,-0.6013302948180328,0.40024572584749685,1.0607861516464876,-0.019589538555450703,24,415847__619747
415847,C. Romero,777938,Dean Huijsen,-0.23039884921418405,0.26057650980800207,0.2771013731939429,-0.05277377137133962,25,415847__777938
415847,C. Romero,7919,M. Keane,-0.1425672244497947,0.20574451593895213,-0.030561261321214846,-0.10336513735479175,26,7919__415847
415847,C. Romero,192792,D. Burn,0.09109807455104729,0.1160211491777444,-0.5339995907981291,-0.12768610832116445,27,192792__415847
415847,C. Romero,479155,N. Collins,-0.06896442988280971,0.15983230803894555,-0.2881749252098232,-0.14568810324726442,28,415847__479155
415847,C. Romero,590703,I. Zabarnyi,-0.3223018990503033,0.2248929720312495,0.07688083648619996,-0.18258794161252717,29,415847__590703
415847,C. Romero,415917,Gabriel Magalhaes,-0.2981270252665887,0.20574451593895213,-0.030561261321214846,-0.20447900788570783,30,415847__415917
415847,C. Romero,234399,A. Webster,-0.39675966489811876,0.19865601262630075,-0.07033489437836947,-0.2825109952162065,31,234399__415847
415847,C. Romero,346131,T. Chalobah,-0.3761263189088636,0.18079241794907303,-0.1705676273596343,-0.30418077686663336,32,346131__415847
415847,C. Romero,399581,D. O'Shea,-0.2698612710583364,0.13194769141518803,-0.4446356702521965,-0.33103231077618744,33,399581__415847
415847,C. Romero,9433,J. Tarkowski,-0.3367073580069769,0.15206389277482912,-0.33176354815637804,-0.3349770245592673,34,9433__415847
415847,C. Romero,424241,N. Milenković,-0.4958981718824715,0.19240759169470556,-0.10539482033994099,-0.3592219988425858,35,415847__424241
415847,C. Romero,604320,J. Branthwaite,-0.39994726014461524,0.16001552025009097,-0.28714692043416307,-0.36046714124595697,36,415847__604320
415847,C. Romero,545267,R. Drăgușin,-0.5513145907052781,0.16688950585773374,-0.24857694745967318,-0.4453564155693164,37,415847__545267
415847,C. Romero,9097,L. Dunk,-0.48471500250494437,0.0888753443058576,-0.6863148588305993,-0.5552749522189235,38,9097__415847
415847,C. Romero,412027,E. Konsa,-0.7084587287432731,0.06952654478076112,-0.7948810847973874,-0.738706553362213,39,412027__415847
415847,C. Romero,447424,C. Bassey,-0.7777951785072535,0.053680623164123004,-0.8837926425740121,-0.8148942909306189,40,415847__447424
415847,C. Romero,412968,M. Senesi,-0.8019767514115611,0.053680623164123004,-0.8837926425740121,-0.8306123133184189,41,412968__415847
415847,C. Romero,349142,N. Mazraoui,-0.8031891915725082,0.053680623164123004,-0.8837926425740121,-0.8314003994230346,42,349142__415847
415847,C. Romero,15806,J. Vestergaard,-0.8506898908928576,0.053680623164123004,-0.8837926425740121,-0.8622758539812616,43,15806__415847
415847,C. Romero,558243,S. van den Berg,-0.9454251435123988,0.053680623164123004,-0.8837926425740121,-0.9238537681839634,44,415847__558243
415847,C. Romero,534563,C. Richards,-0.9598140940550117,0.053680623164123004,-0.8837926425740121,-0.9332065860366618,45,415847__534563
415847,C. Romero,364003,S. Bueno,-0.9867633467638423,0.053680623164123004,-0.8837926425740121,-0.9507236002974018,46,364003__415847
415847,C. Romero,286380,I. Diop,-1.0489813867625275,0.053680623164123004,-0.8837926425740121,-0.9911653262965472,47,286380__415847
415847,C. Romero,288080,C. Burgess,-1.0622905281173538,0.053680623164123004,-0.8837926425740121,-0.9998162681771843,48,288080__415847
415847,C. Romero,283145,T. Adarabioyo,-0.9059395825399946,0.001684122574108206,-1.175545307912025,-1.0003015864202052,49,283145__415847
415847,C. Romero,397074,M. Guéhi,-0.9096610461837437,0.0,-1.1849949294091753,-1.0060279053126449,50,397074__415847
415847,C. Romero,239411,T. Mings,-1.0308221180245947,0.02976576683029208,-1.0179790396853345,-1.0263270406058536,51,239411__415847
415847,C. Romero,285382,W. Faes,-1.1163346874061142,0.053680623164123004,-0.8837926425740121,-1.0349449717148784,52,285382__415847
415847,C. Romero,50102,F. Schär,-1.1375641778417191,0.053680623164123004,-0.8837926425740121,-1.0487441404980218,53,50102__415847
415847,C. Romero,501419,J. Todibo,-1.1544103055983808,0.053680623164123004,-0.8837926425740121,-1.0596941235398518,54,415847__501419
415847,C. Romero,557788,W. Fofana,-1.1837772035242236,0.05561128015496534,-0.8729597150396564,-1.0749910825546252,55,415847__557788
415847,C. Romero,549884,T. Harwood-Bellis,-1.2053726649982508,0.053680623164123004,-0.8837926425740121,-1.0928196571497673,56,415847__549884
415847,C. Romero,400549,Pau Torres,-1.2893263327367874,0.053680623164123004,-0.8837926425740121,-1.147389541179816,57,400549__415847
415847,C. Romero,7953,C. Coady,-1.2902431005159718,0.053680623164123004,-0.8837926425740121,-1.147985440236286,58,7953__415847
415847,C. Romero,518805,L. Woolfenden,-1.3198466649664673,0.053680623164123004,-0.8837926425740121,-1.1672277571291079,59,415847__518805
415847,C. Romero,504375,M. Lacroix,-1.181010851306513,0.0,-1.1849949294091753,-1.1824052786424448,60,415847__504375
415847,C. Romero,258154,Rúben Dias,-1.1879740090573407,0.0,-1.1849949294091753,-1.1869313311804828,61,258154__415847
415847,C. Romero,488453,L. Martínez,-1.361256599722262,0.053680623164123004,-0.8837926425740121,-1.1941442147203747,62,415847__488453
415847,C. Romero,583655,C. Okoli,-1.3277706657743915,0.0,-1.1849949294091753,-1.277799158046566,63,415847__583655
415847,C. Romero,297957,M. Akanji,-1.4635907743301044,0.0,-1.1849949294091753,-1.3660822286077792,64,297957__415847
415917,Gabriel Magalhaes,370,V. van Dijk,1.4363126843784522,0.08606187262142062,1.2014160557071083,1.3540988643434817,1,370__415917
415917,Gabriel Magalhaes,393247,I. Konaté,0.9215296092146595,0.08606187262142062,1.2014160557071083,1.0194898654870166,2,393247__415917
415917,Gabriel Magalhaes,62126,M. Doherty,0.9443793344686624,0.07595344168450759,0.9326852057050625,0.9402863894014024,3,62126__415917
415917,Gabriel Magalhaes,578325,W. Saliba,0.8555034019545137,0.07595344168450759,0.9326852057050625,0.8825170332672059,4,415917__578325
415917,Gabriel Magalhaes,475597,S. Botman,0.7064997410547713,0.08606187262142062,1.2014160557071083,0.8797204511830892,5,415917__475597
415917,Gabriel Magalhaes,620468,J. Greaves,0.6613888667681594,0.08606187262142062,1.2014160557071083,0.8503983828967916,6,415917__620468
415917,Gabriel Magalhaes,590781,J. van Hecke,0.6568589042266885,0.08606187262142062,1.2014160557071083,0.8474539072448354,7,415917__590781
415917,Gabriel Magalhaes,136441,B. Davies,0.5951395959209875,0.08606187262142062,1.2014160557071083,0.8073363568461298,8,136441__415917
415917,Gabriel Magalhaes,424806,E. Pinnock,0.5542947780404368,0.08606187262142062,1.2014160557071083,0.7807872252237718,9,415917__424806
415917,Gabriel Magalhaes,623641,E. Agbadou,0.6653085409374054,0.07595344168450759,0.9326852057050625,0.7588903736060855,10,415917__623641
415917,Gabriel Magalhaes,496001,M. Kilman,0.5162847084927263,0.08606187262142062,1.2014160557071083,0.75608068001776,11,415917__496001
415917,Gabriel Magalhaes,145787,J. Andersen,0.4325609802359966,0.08606187262142062,1.2014160557071083,0.7016602566508856,12,145787__415917
415917,Gabriel Magalhaes,240032,J. Bednarek,0.40210005546488675,0.08606187262142062,1.2014160557071083,0.6818606555496642,13,240032__415917
415917,Gabriel Magalhaes,8360,C. Dawson,0.4983711274012937,0.07595344168450759,0.9326852057050625,0.6503810548076128,14,8360__415917
415917,Gabriel Magalhaes,366217,K. Danso,0.33848501204771597,0.08606187262142062,1.2014160557071083,0.6405108773285033,15,366217__415917
415917,Gabriel Magalhaes,590874,Toti,0.46739026337188916,0.07595344168450759,0.9326852057050625,0.6302434931884998,16,415917__590874
415917,Gabriel Magalhaes,8653,H. Maguire,0.3097584253229266,0.08606187262142062,1.2014160557071083,0.6218385959573902,17,8653__415917
415917,Gabriel Magalhaes,479155,N. Collins,0.40123707527223135,0.0794354156803389,1.0252528690174583,0.6196426030830607,18,415917__479155
415917,Gabriel Magalhaes,777938,Dean Huijsen,0.28789763572104654,0.08606187262142062,1.2014160557071083,0.6076290827161681,19,415917__777938
415917,Gabriel Magalhaes,365443,M. de Ligt,0.3531237418747335,0.07595344168450759,0.9326852057050625,0.5559702542153486,20,365443__415917
415917,Gabriel Magalhaes,627012,Murillo,0.34053151503485785,0.07595344168450759,0.9326852057050625,0.5477853067694295,21,415917__627012
415917,Gabriel Magalhaes,568412,J. Gvardiol,0.2434172694122909,0.07595344168450759,0.9326852057050625,0.48466104711476093,22,415917__568412
415917,Gabriel Magalhaes,625787,M. van de Ven,0.22584170605844148,0.07595344168450759,0.9326852057050625,0.4732369309347588,23,415917__625787
415917,Gabriel Magalhaes,769441,L. Yoro,0.18686644490075938,0.07595344168450759,0.9326852057050625,0.44790301118226544,24,415917__769441
415917,Gabriel Magalhaes,590703,I. Zabarnyi,0.14261187203265216,0.07595344168450759,0.9326852057050625,0.41913753881799576,25,415917__590703
415917,Gabriel Magalhaes,413002,K. Mavropanos,0.14113056102715532,0.07595344168450759,0.9326852057050625,0.4181746866644228,26,413002__415917
415917,Gabriel Magalhaes,346131,T. Chalobah,0.06359186234324338,0.07595344168450759,0.9326852057050625,0.36777453251988007,27,346131__415917
415917,Gabriel Magalhaes,619747,L. Colwill,0.058119349722754246,0.07595344168450759,0.9326852057050625,0.3642173993165621,28,415917__619747
415917,Gabriel Magalhaes,545267,R. Drăgușin,0.010429525971320283,0.07595344168450759,0.9326852057050625,0.33321901387813,29,415917__545267
415917,Gabriel Magalhaes,234399,A. Webster,0.09937978764035688,0.046592119851471624,0.1521196537792601,0.117838740788973,30,234399__415917
415917,Gabriel Magalhaes,192792,D. Burn,0.5379683627054462,0.010108430936913037,-0.8177927682779688,0.06345196686125099,31,192792__415917
415917,Gabriel Magalhaes,424241,N. Milenković,-0.10190614764560285,0.04779845843910602,0.18418995193616258,-0.0017725127919849676,32,415917__424241
415917,Gabriel Magalhaes,399581,D. O'Shea,0.2981628234090401,0.010108430936913037,-0.8177927682779688,-0.09242163368141298,33,399581__415917
415917,Gabriel Magalhaes,7919,M. Keane,0.23742310217405815,0.010108430936913037,-0.8177927682779688,-0.13190245248415125,34,7919__415917
415917,Gabriel Magalhaes,9097,L. Dunk,-0.038364976936288986,0.028545438278852014,-0.327648186451674,-0.13961410026667373,35,9097__415917
415917,Gabriel Magalhaes,9433,J. Tarkowski,0.22093146793707452,0.010108430936913037,-0.8177927682779688,-0.1426220147381906,36,9433__415917
415917,Gabriel Magalhaes,604320,J. Branthwaite,-0.025656808275606402,0.007951627475261838,-0.8751310071356289,-0.32297277787661427,37,415917__604320
415917,Gabriel Magalhaes,412968,M. Senesi,-0.07752597336338886,0.010108430936913037,-0.8177927682779688,-0.3366193515834918,38,412968__415917
415917,Gabriel Magalhaes,558243,S. van den Berg,-0.07779038165066196,0.010108430936913037,-0.8177927682779688,-0.33679121697021935,39,415917__558243
415917,Gabriel Magalhaes,412027,E. Konsa,-0.19247433785085935,0.01584592161663812,-0.6652625925401116,-0.3579502269920976,40,412027__415917
415917,Gabriel Magalhaes,283145,T. Adarabioyo,-0.13038455848742597,0.010108430936913037,-0.8177927682779688,-0.3709774319141159,41,283145__415917
415917,Gabriel Magalhaes,397074,M. Guéhi,-0.1524153924501568,0.010108430936913037,-0.8177927682779688,-0.385297473989891,42,397074__415917
415917,Gabriel Magalhaes,239411,T. Mings,-0.158144860605158,0.010108430936913037,-0.8177927682779688,-0.3890216282906418,43,239411__415917
415917,Gabriel Magalhaes,534563,C. Richards,-0.17258733687729053,0.010108430936913037,-0.8177927682779688,-0.3984092378675279,44,415917__534563
415917,Gabriel Magalhaes,583655,C. Okoli,-0.2780659435072056,0.010108430936913037,-0.8177927682779688,-0.4669703321769727,45,415917__583655
415917,Gabriel Magalhaes,50102,F. Schär,-0.2902884615340497,0.010108430936913037,-0.8177927682779688,-0.47491496889442136,46,50102__415917
415917,Gabriel Magalhaes,415847,C. Romero,-0.2981270252665887,0.010108430936913037,-0.8177927682779688,-0.48001003532057174,47,415847__415917
415917,Gabriel Magalhaes,349142,N. Mazraoui,-0.21173096724384233,0.0,-1.0865236182800146,-0.5179083951065027,48,349142__415917
415917,Gabriel Magalhaes,447424,C. Bassey,-0.24296854758605788,0.0,-1.0865236182800146,-0.5382128223289427,49,415917__447424
415917,Gabriel Magalhaes,15806,J. Vestergaard,-0.26316891095092687,0.0,-1.0865236182800146,-0.5513430585161075,50,15806__415917
415917,Gabriel Magalhaes,364003,S. Bueno,-0.27627673441395534,0.0,-1.0865236182800146,-0.559863143767076,51,364003__415917
415917,Gabriel Magalhaes,288080,C. Burgess,-0.2820184621348788,0.0,-1.0865236182800146,-0.5635952667856763,52,288080__415917
415917,Gabriel Magalhaes,557788,W. Fofana,-0.30867139459901693,0.0,-1.0865236182800146,-0.5809196728873661,53,415917__557788
415917,Gabriel Magalhaes,504375,M. Lacroix,-0.3186891794467924,0.0,-1.0865236182800146,-0.5874312330384202,54,415917__504375
415917,Gabriel Magalhaes,286380,I. Diop,-0.3540178072086355,0.0,-1.0865236182800146,-0.6103948410836182,55,286380__415917
415917,Gabriel Magalhaes,501419,J. Todibo,-0.3798314843139897,0.0,-1.0865236182800146,-0.6271737312020984,56,415917__501419
415917,Gabriel Magalhaes,258154,Rúben Dias,-0.38360398335175366,0.0,-1.0865236182800146,-0.629625855576645,57,258154__415917
415917,Gabriel Magalhaes,285382,W. Faes,-0.38829178800823355,0.0,-1.0865236182800146,-0.6326729286033569,58,285382__415917
415917,Gabriel Magalhaes,549884,T. Harwood-Bellis,-0.38917552622392243,0.0,-1.0865236182800146,-0.6332473584435547,59,415917__549884
415917,Gabriel Magalhaes,400549,Pau Torres,-0.47312919396245934,0.0,-1.0865236182800146,-0.6878172424736037,60,400549__415917
415917,Gabriel Magalhaes,7953,C. Coady,-0.4740459617416437,0.0,-1.0865236182800146,-0.6884131415300735,61,7953__415917
415917,Gabriel Magalhaes,297957,M. Akanji,-0.5001484964099875,0.0,-1.0865236182800146,-0.7053797890644969,62,297957__415917
415917,Gabriel Magalhaes,518805,L. Woolfenden,-0.503649526192139,0.0,-1.0865236182800146,-0.7076554584228955,63,415917__518805
415917,Gabriel Magalhaes,488453,L. Martínez,-0.5450594609479339,0.0,-1.0865236182800146,-0.7345719160141622,64,415917__488453
424241,N. Milenković,370,V. van Dijk,1.2728966279304081,0.0713369172370347,0.6660631914080765,1.060504925147592,1,370__424241
424241,N. Milenković,62126,M. Doherty,0.795870185412728,0.0713369172370347,0.6660631914080765,0.7504377375111,2,62126__424241
424241,N. Milenković,393247,I. Konaté,0.736098274555238,0.0713369172370347,0.6660631914080765,0.7115859954537315,3,393247__424241
424241,N. Milenković,578325,W. Saliba,0.7023573781483681,0.0713369172370347,0.6660631914080765,0.6896544127892661,4,424241__578325
424241,N. Milenković,475597,S. Botman,0.5210684063953496,0.0713369172370347,0.6660631914080765,0.5718165811498039,5,424241__475597
424241,N. Milenković,623641,E. Agbadou,0.5121625171312598,0.0713369172370347,0.6660631914080765,0.5660277531281457,6,424241__623641
424241,N. Milenković,590781,J. van Hecke,0.47142756956726695,0.0713369172370347,0.6660631914080765,0.5395500372115503,7,424241__590781
424241,N. Milenković,136441,B. Davies,0.40970826126156606,0.0713369172370347,0.6660631914080765,0.4994324868128447,8,136441__424241
424241,N. Milenković,424806,E. Pinnock,0.3688634433810155,0.0713369172370347,0.6660631914080765,0.47288335519048685,9,424241__424806
424241,N. Milenković,8360,C. Dawson,0.36724038180652563,0.0713369172370347,0.6660631914080765,0.4718283651670684,10,8360__424241
424241,N. Milenković,496001,M. Kilman,0.3308533738333048,0.0713369172370347,0.6660631914080765,0.4481768099844749,11,424241__496001
424241,N. Milenković,240032,J. Bednarek,0.23289636712440293,0.0713369172370347,0.6660631914080765,0.3845047556236887,12,240032__424241
424241,N. Milenković,399581,D. O'Shea,0.2190595773045552,0.0713369172370347,0.6660631914080765,0.3755108422407876,13,399581__424241
424241,N. Milenković,627012,Murillo,0.18738549122871256,0.0713369172370347,0.6660631914080765,0.35492268629148993,14,424241__627012
424241,N. Milenković,7919,M. Keane,0.17426195408470863,0.0713369172370347,0.6660631914080765,0.34639238714788734,15,7919__424241
424241,N. Milenković,366217,K. Danso,0.16928132370723215,0.0713369172370347,0.6660631914080765,0.34315497740252765,16,366217__424241
424241,N. Milenković,8653,H. Maguire,0.12432709066350503,0.0713369172370347,0.6660631914080765,0.31393472592410504,17,8653__424241
424241,N. Milenković,568412,J. Gvardiol,0.09027124560614534,0.0713369172370347,0.6660631914080765,0.2917984266368212,18,424241__568412
424241,N. Milenković,625787,M. van de Ven,0.06812049623299063,0.0713369172370347,0.6660631914080765,0.2774004395442707,19,424241__625787
424241,N. Milenković,769441,L. Yoro,0.03372042109461407,0.0713369172370347,0.6660631914080765,0.2550403907043259,20,424241__769441
424241,N. Milenković,413002,K. Mavropanos,0.009999815432386983,0.0713369172370347,0.6660631914080765,0.2396219970238783,21,413002__424241
424241,N. Milenković,590703,I. Zabarnyi,-0.016906591990989837,0.0713369172370347,0.6660631914080765,0.22213283219868335,22,424241__590703
424241,N. Milenković,346131,T. Chalobah,-0.08955416146290215,0.0713369172370347,0.6660631914080765,0.17491191204194034,23,346131__424241
424241,N. Milenković,415917,Gabriel Magalhaes,-0.10190614764560285,0.0713369172370347,0.6660631914080765,0.1668831210231849,24,415917__424241
424241,N. Milenković,545267,R. Drăgușin,-0.1427164978348253,0.0713369172370347,0.6660631914080765,0.1403563934001903,25,424241__545267
424241,N. Milenković,412968,M. Senesi,-0.14660590916845112,0.0713369172370347,0.6660631914080765,0.13782827603333353,26,412968__424241
424241,N. Milenković,558243,S. van den Berg,-0.15689362775514648,0.0713369172370347,0.6660631914080765,0.13114125895198153,27,424241__558243
424241,N. Milenković,9097,L. Dunk,-0.18072409320787583,0.0713369172370347,0.6660631914080765,0.11565145640770746,28,9097__424241
424241,N. Milenković,534563,C. Richards,-0.24083007352871483,0.0713369172370347,0.6660631914080765,0.07658256919916212,29,424241__534563
424241,N. Milenković,15806,J. Vestergaard,-0.3099868462021357,0.0713369172370347,0.6660631914080765,0.03163066696143857,30,15806__424241
424241,N. Milenković,349142,N. Mazraoui,-0.31106142662206004,0.0713369172370347,0.6660631914080765,0.03093218968848771,31,349142__424241
424241,N. Milenković,447424,C. Bassey,-0.3140230324343477,0.0713369172370347,0.6660631914080765,0.029007145910500742,32,424241__447424
424241,N. Milenković,364003,S. Bueno,-0.32309466966516387,0.0713369172370347,0.6660631914080765,0.02311058171047023,33,364003__424241
424241,N. Milenković,412027,E. Konsa,-0.3232225467067751,0.0713369172370347,0.6660631914080765,0.023027461633422952,34,412027__424241
424241,N. Milenković,288080,C. Burgess,-0.33058364542616003,0.0713369172370347,0.6660631914080765,0.018242747465822717,35,288080__424241
424241,N. Milenković,50102,F. Schär,-0.3531640613195965,0.0713369172370347,0.6660631914080765,0.0035654771350890346,36,50102__424241
424241,N. Milenković,286380,I. Diop,-0.4008357424598443,0.0713369172370347,0.6660631914080765,-0.027421115606072077,37,286380__424241
424241,N. Milenković,501419,J. Todibo,-0.42664941956519853,0.0713369172370347,0.6660631914080765,-0.044200005724552294,38,424241__501419
424241,N. Milenković,285382,W. Faes,-0.4351097232594422,0.0713369172370347,0.6660631914080765,-0.049699203125810665,39,285382__424241
424241,N. Milenković,549884,T. Harwood-Bellis,-0.4359934614751313,0.0713369172370347,0.6660631914080765,-0.05027363296600862,40,424241__549884
424241,N. Milenković,400549,Pau Torres,-0.5199471292136679,0.0713369172370347,0.6660631914080765,-0.10484351699605743,41,400549__424241
424241,N. Milenković,7953,C. Coady,-0.5208638969928524,0.0713369172370347,0.6660631914080765,-0.10543941605252732,42,7953__424241
424241,N. Milenković,518805,L. Woolfenden,-0.5504674614433478,0.0713369172370347,0.6660631914080765,-0.12468173294534934,43,424241__518805
424241,N. Milenković,488453,L. Martínez,-0.5918773961991426,0.0713369172370347,0.6660631914080765,-0.15159819053661594,44,424241__488453
424241,N. Milenković,192792,D. Burn,0.373668430607599,0.024086572692684202,-1.190609315652535,-0.1738287805834479,45,192792__424241
424241,N. Milenković,620468,J. Greaves,0.40378898257821405,0.017656294072911694,-1.4432830610231127,-0.24268623268225026,46,424241__620468
424241,N. Milenković,590874,Toti,0.19677901620224875,0.017656294072911694,-1.4432830610231127,-0.37724271082662775,47,424241__590874
424241,N. Milenković,145787,J. Andersen,0.17082012090977933,0.017656294072911694,-1.4432830610231127,-0.3941159927667328,48,145787__424241
424241,N. Milenković,479155,N. Collins,0.16672402756421403,0.017656294072911694,-1.4432830610231127,-0.39677845344135027,49,424241__479155
424241,N. Milenković,9433,J. Tarkowski,0.10234700075366739,0.017656294072911694,-1.4432830610231127,-0.4386235208682056,50,9433__424241
424241,N. Milenković,365443,M. de Ligt,0.08756476237664156,0.017656294072911694,-1.4432830610231127,-0.4482319758132724,51,365443__424241
424241,N. Milenković,777938,Dean Huijsen,0.020148152405317817,0.017656294072911694,-1.4432830610231127,-0.4920527722946328,52,424241__777938
424241,N. Milenković,234399,A. Webster,-0.1683767964926453,0.017656294072911694,-1.4432830610231127,-0.6145939890783089,53,234399__424241
424241,N. Milenković,604320,J. Branthwaite,-0.24337125377719562,0.017656294072911694,-1.4432830610231127,-0.6633403863132665,54,424241__604320
424241,N. Milenković,397074,M. Guéhi,-0.28273876565087175,0.017656294072911694,-1.4432830610231127,-0.688929269031156,55,397074__424241
424241,N. Milenković,283145,T. Adarabioyo,-0.37071190017048417,0.017656294072911694,-1.4432830610231127,-0.7461118064689041,56,283145__424241
424241,N. Milenković,239411,T. Mings,-0.3721436535399788,0.017656294072911694,-1.4432830610231127,-0.7470424461590757,57,239411__424241
424241,N. Milenković,504375,M. Lacroix,-0.4477907872360506,0.017656294072911694,-1.4432830610231127,-0.7962130830615223,58,424241__504375
424241,N. Milenković,583655,C. Okoli,-0.47583709012308845,0.017656294072911694,-1.4432830610231127,-0.8144431799380969,59,424241__583655
424241,N. Milenković,557788,W. Fofana,-0.49038487668056174,0.017656294072911694,-1.4432830610231127,-0.8238992412004545,60,424241__557788
424241,N. Milenković,415847,C. Romero,-0.4958981718824715,0.017656294072911694,-1.4432830610231127,-0.8274828830816958,61,415847__424241
424241,N. Milenković,258154,Rúben Dias,-0.5579146610340725,0.017656294072911694,-1.4432830610231127,-0.8677936010302365,62,258154__424241
424241,N. Milenković,297957,M. Akanji,-0.681861978491532,0.017656294072911694,-1.4432830610231127,-0.9483593573775853,63,297957__424241
424241,N. Milenković,619747,L. Colwill,-0.7282372059512138,0.0,-2.137076007886861,-1.2213307866286902,64,424241__619747
424806,E. Pinnock,370,V. van Dijk,1.61396409114103,0.0,0.0,1.0490766592416696,1,370__424806
424806,E. Pinnock,62126,M. Doherty,1.3485679523168352,0.0,0.0,0.876569169005943,2,62126__424806
424806,E. Pinnock,578325,W. Saliba,1.2593196132557212,0.0,0.0,0.8185577486162188,3,424806__578325
424806,E. Pinnock,393247,I. Konaté,1.2465176602083277,0.0,0.0,0.810236479135413,4,393247__424806
424806,E. Pinnock,623641,E. Agbadou,1.069124752238613,0.0,0.0,0.6949310889550985,5,424806__623641
424806,E. Pinnock,8360,C. Dawson,0.9261266632260498,0.0,0.0,0.6019823310969323,6,8360__424806
424806,E. Pinnock,590781,J. van Hecke,0.905608545068153,0.0,0.0,0.5886455542942994,7,424806__590781
424806,E. Pinnock,590874,Toti,0.8712064746730965,0.0,0.0,0.5662842085375127,8,424806__590874
424806,E. Pinnock,475597,S. Botman,0.8311422609592851,0.0,0.0,0.5402424696235354,9,424806__475597
424806,E. Pinnock,192792,D. Burn,0.8217275427005922,0.0,0.0,0.534122902755385,10,192792__424806
424806,E. Pinnock,620468,J. Greaves,0.8093481633779542,0.0,0.0,0.5260763061956703,11,424806__620468
424806,E. Pinnock,240032,J. Bednarek,0.7835312886469814,0.0,0.0,0.5092953376205379,12,240032__424806
424806,E. Pinnock,365443,M. de Ligt,0.7569399531759409,0.0,0.0,0.4920109695643616,13,365443__424806
424806,E. Pinnock,627012,Murillo,0.7443477263360656,0.0,0.0,0.48382602211844267,14,424806__627012
424806,E. Pinnock,145787,J. Andersen,0.7345491051306299,0.0,0.0,0.47745691833490944,15,145787__424806
424806,E. Pinnock,136441,B. Davies,0.7296063045815617,0.0,0.0,0.47424409797801514,16,136441__424806
424806,E. Pinnock,496001,M. Kilman,0.7235036508473797,0.0,0.0,0.4702773730507968,17,424806__496001
424806,E. Pinnock,366217,K. Danso,0.7127754449789424,0.0,0.0,0.4633040392363126,18,366217__424806
424806,E. Pinnock,568412,J. Gvardiol,0.6472334807134983,0.0,0.0,0.4207017624637739,19,424806__568412
424806,E. Pinnock,625787,M. van de Ven,0.6250827313403435,0.0,0.0,0.4063037753712233,20,424806__625787
424806,E. Pinnock,399581,D. O'Shea,0.6239186692349411,0.0,0.0,0.4055471350027117,21,399581__424806
424806,E. Pinnock,479155,N. Collins,0.6172032354668385,0.0,0.0,0.40118210305344504,22,424806__479155
424806,E. Pinnock,234399,A. Webster,0.6170068730202307,0.0,0.0,0.40105446746315,23,234399__424806
424806,E. Pinnock,777938,Dean Huijsen,0.6145554598183363,0.0,0.0,0.3994610488819186,24,424806__777938
424806,E. Pinnock,413002,K. Mavropanos,0.6135842665853892,0.0,0.0,0.398829773280503,25,413002__424806
424806,E. Pinnock,8653,H. Maguire,0.6041605456047452,0.0,0.0,0.3927043546430844,26,8653__424806
424806,E. Pinnock,7919,M. Keane,0.6032101130541399,0.0,0.0,0.39208657348519094,27,7919__424806
424806,E. Pinnock,769441,L. Yoro,0.5906826562019669,0.0,0.0,0.3839437265312785,28,424806__769441
424806,E. Pinnock,9433,J. Tarkowski,0.5902923914067036,0.0,0.0,0.3836900544143574,29,9433__424806
424806,E. Pinnock,415917,Gabriel Magalhaes,0.5542947780404368,0.0,0.0,0.36029160572628394,30,415917__424806
424806,E. Pinnock,590703,I. Zabarnyi,0.5400556431163632,0.0,0.0,0.3510361680256361,31,424806__590703
424806,E. Pinnock,604320,J. Branthwaite,0.5050894533385741,0.0,0.0,0.3283081446700732,32,424806__604320
424806,E. Pinnock,346131,T. Chalobah,0.4981035760077191,0.0,0.0,0.32376732440501743,33,346131__424806
424806,E. Pinnock,9097,L. Dunk,0.4735527861659926,0.0,0.0,0.3078093110078952,34,9097__424806
424806,E. Pinnock,619747,L. Colwill,0.46158452197653443,0.0,0.0,0.3000299392847474,35,424806__619747
424806,E. Pinnock,545267,R. Drăgușin,0.4449412396357958,0.0,0.0,0.28921180576326727,36,424806__545267
424806,E. Pinnock,412968,M. Senesi,0.4268009598967538,0.0,0.0,0.27742062393288996,37,412968__424806
424806,E. Pinnock,397074,M. Guéhi,0.3966982371780962,0.0,0.0,0.25785385416576256,38,397074__424806
424806,E. Pinnock,283145,T. Adarabioyo,0.39396763786841704,0.0,0.0,0.2560789646144711,39,283145__424806
424806,E. Pinnock,558243,S. van den Berg,0.3806192610359142,0.0,0.0,0.24740251967334423,40,424806__558243
424806,E. Pinnock,424241,N. Milenković,0.3688634433810155,0.0,0.0,0.2397612381976601,41,424241__424806
424806,E. Pinnock,534563,C. Richards,0.3577711173701888,0.0,0.0,0.23255122629062272,42,424806__534563
424806,E. Pinnock,15806,J. Vestergaard,0.34429003317173273,0.0,0.0,0.2237885215616263,43,15806__424806
424806,E. Pinnock,349142,N. Mazraoui,0.34321545275180837,0.0,0.0,0.22309004428867546,44,349142__424806
424806,E. Pinnock,447424,C. Bassey,0.34025384693952065,0.0,0.0,0.22116500051068844,45,424806__447424
424806,E. Pinnock,239411,T. Mings,0.3375535940035001,0.0,0.0,0.21940983610227507,46,239411__424806
424806,E. Pinnock,364003,S. Bueno,0.3311822097087044,0.0,0.0,0.21526843631065784,47,364003__424806
424806,E. Pinnock,412027,E. Konsa,0.3310543326670932,0.0,0.0,0.2151853162336106,48,412027__424806
424806,E. Pinnock,288080,C. Burgess,0.3236932339477083,0.0,0.0,0.2104006020660104,49,288080__424806
424806,E. Pinnock,557788,W. Fofana,0.29878754952364267,0.0,0.0,0.19421190719036774,50,424806__557788
424806,E. Pinnock,50102,F. Schär,0.28609190505526866,0.0,0.0,0.18595973828592463,51,50102__424806
424806,E. Pinnock,504375,M. Lacroix,0.2801086617107124,0.0,0.0,0.1820706301119631,52,424806__504375
424806,E. Pinnock,583655,C. Okoli,0.2630604169461564,0.0,0.0,0.17098927101500166,53,424806__583655
424806,E. Pinnock,286380,I. Diop,0.25344113691402415,0.0,0.0,0.1647367389941157,54,286380__424806
424806,E. Pinnock,415847,C. Romero,0.23618437350548016,0.0,0.0,0.15351984277856212,55,415847__424806
424806,E. Pinnock,501419,J. Todibo,0.22762745980866983,0.0,0.0,0.1479578488756354,56,424806__501419
424806,E. Pinnock,258154,Rúben Dias,0.22385496077090594,0.0,0.0,0.14550572450108887,57,258154__424806
424806,E. Pinnock,285382,W. Faes,0.21916715611442605,0.0,0.0,0.14245865147437695,58,285382__424806
424806,E. Pinnock,549884,T. Harwood-Bellis,0.21828341789873718,0.0,0.0,0.14188422163417916,59,424806__549884
424806,E. Pinnock,400549,Pau Torres,0.13432975016020024,0.0,0.0,0.08731433760413015,60,400549__424806
424806,E. Pinnock,7953,C. Coady,0.13341298238101593,0.0,0.0,0.08671843854766036,61,7953__424806
424806,E. Pinnock,297957,M. Akanji,0.10731044771267212,0.0,0.0,0.06975179101323688,62,297957__424806
424806,E. Pinnock,518805,L. Woolfenden,0.10380941793052073,0.0,0.0,0.06747612165483848,63,424806__518805
424806,E. Pinnock,488453,L. Martínez,0.06239948317472582,0.0,0.0,0.04055966406357179,64,424806__488453
447424,C. Bassey,370,V. van Dijk,1.246211077801085,0.4152385949512078,1.7959658766607773,1.4386252574019776,1,370__447424
447424,C. Bassey,620468,J. Greaves,0.47128726019079203,0.4477145620847176,2.0190988556805642,1.0130213186122123,2,447424__620468
447424,C. Bassey,424806,E. Pinnock,0.34025384693952065,0.4498002034402845,2.033428694324671,0.9328650435243232,3,424806__447424
447424,C. Bassey,479155,N. Collins,0.0841867565998268,0.46273927878411003,2.122329339388147,0.7975366605757389,4,447424__479155
447424,C. Bassey,192792,D. Burn,0.23836756814769516,0.4132947441491311,1.782610239907782,0.7788525032637256,5,192792__447424
447424,C. Bassey,496001,M. Kilman,0.2110758834808867,0.3953281387815014,1.6591668898738565,0.717907735718426,6,447424__496001
447424,C. Bassey,590781,J. van Hecke,0.3672810278552011,0.3499036272816687,1.3470682068751945,0.7102065405121988,7,447424__590781
447424,C. Bassey,393247,I. Konaté,0.6755357661437528,0.2665172970520557,0.7741448448958458,0.7100489437069853,8,393247__447424
447424,C. Bassey,475597,S. Botman,0.23399525535215215,0.3726166140579355,1.5031225710451868,0.6781898158447142,9,447424__475597
447424,C. Bassey,62126,M. Doherty,0.7542777278912948,0.2149246824452246,0.41966690909440496,0.6371639413123833,10,62126__447424
447424,C. Bassey,7919,M. Keane,0.06548486499752952,0.3871372582445875,1.6028897182816069,0.6035765636469566,11,7919__447424
447424,C. Bassey,136441,B. Davies,0.1129448153464237,0.3726166140579355,1.5031225710451868,0.5995070298409907,12,136441__447424
447424,C. Bassey,399581,D. O'Shea,-0.0058401310526318105,0.40143914767402156,1.7011538648390288,0.5916077675094493,13,399581__447424
447424,C. Bassey,9433,J. Tarkowski,0.05506641095678819,0.38232825883691807,1.5698484739815883,0.5852401330154682,14,9433__447424
447424,C. Bassey,145787,J. Andersen,0.17529421201752599,0.29167363791910556,0.9469867884729517,0.445386613776925,15,145787__447424
447424,C. Bassey,8653,H. Maguire,0.017761453671110948,0.299970887094484,1.0039947882212128,0.36294312076364654,16,8653__447424
447424,C. Bassey,578325,W. Saliba,0.31977830750961767,0.1395671993611535,-0.09809256586922045,0.17352350182702433,17,447424__578325
447424,C. Bassey,777938,Dean Huijsen,-0.06267699797080137,0.2284061590102027,0.5122942361009372,0.13856293395430708,18,447424__777938
447424,C. Bassey,623641,E. Agbadou,0.2501142640325765,0.1395671993611535,-0.09809256586922045,0.12824187356694758,19,447424__623641
447424,C. Bassey,240032,J. Bednarek,0.06192084230671503,0.1798674027472816,0.1787984778888423,0.10282801476045958,20,240032__447424
447424,C. Bassey,8360,C. Dawson,0.1852589527854553,0.1395671993611535,-0.09809256586922045,0.08608592125631878,21,8360__447424
447424,C. Bassey,366217,K. Danso,-0.012932044684108183,0.17538623102824075,0.148009642838659,0.043397545948860326,22,366217__447424
447424,C. Bassey,413002,K. Mavropanos,-0.0624008685219557,0.18305629943052787,0.2007084648584022,0.029687398161169568,23,413002__447424
447424,C. Bassey,234399,A. Webster,-0.10732506977620011,0.18944694388303873,0.24461673489337424,0.0158545618581509,24,234399__447424
447424,C. Bassey,365443,M. de Ligt,0.03148901800754424,0.14969806335664068,-0.028486328922858187,0.01049764658190339,25,365443__447424
447424,C. Bassey,424241,N. Milenković,-0.3140230324343477,0.206509872300374,0.36185118192029253,-0.07746705741022364,26,424241__447424
447424,C. Bassey,568412,J. Gvardiol,-0.15374112752731497,0.1395671993611535,-0.09809256586922045,-0.1342641309469819,27,447424__568412
447424,C. Bassey,619747,L. Colwill,-0.2842944082415979,0.15251439376050197,-0.009136137123053502,-0.18798901335010737,28,447424__619747
447424,C. Bassey,415917,Gabriel Magalhaes,-0.24296854758605788,0.14096230455929232,-0.0885072014787786,-0.18890707644851013,29,415917__447424
447424,C. Bassey,558243,S. van den Berg,-0.5357486126281445,0.21669407035033367,0.4318238617321968,-0.19709824660202507,30,447424__558243
447424,C. Bassey,627012,Murillo,-0.25768682723094244,0.1395671993611535,-0.09809256586922045,-0.20182883575433977,31,447424__627012
447424,C. Bassey,239411,T. Mings,-0.5064915594245756,0.19273584543315192,0.26721382638452573,-0.23569467439139014,32,239411__447424
447424,C. Bassey,604320,J. Branthwaite,-0.27810721015057704,0.13020599469837418,-0.16241069610481182,-0.23761343023455922,33,447424__604320
447424,C. Bassey,590874,Toti,-0.11864094099359261,0.07721899385759154,-0.5264690565016686,-0.26138078142141924,34,447424__590874
447424,C. Bassey,412968,M. Senesi,-0.5354842043408716,0.153532615665537,-0.0021402288552674455,-0.3488138129209102,35,412968__447424
447424,C. Bassey,625787,M. van de Ven,-0.29285687982086483,0.049444534634978964,-0.7172993342121807,-0.4414117388578254,36,447424__625787
447424,C. Bassey,590703,I. Zabarnyi,-0.31975924118159693,0.049444534634978964,-0.7172993342121807,-0.4588982737423013,37,447424__590703
447424,C. Bassey,534563,C. Richards,-0.6081833489195159,0.12506044525831572,-0.19776427835638238,-0.4645366742224191,38,447424__534563
447424,C. Bassey,346131,T. Chalobah,-0.4013465862900071,0.06334744672631826,-0.6217764455715589,-0.4784970370385502,39,346131__447424
447424,C. Bassey,283145,T. Adarabioyo,-0.5399768234653257,0.07437055731553885,-0.5460398402927762,-0.5420988793549334,40,283145__447424
447424,C. Bassey,397074,M. Guéhi,-0.63479977920427,0.07783054195292097,-0.5222672863815131,-0.595413406716305,41,397074__447424
447424,C. Bassey,9097,L. Dunk,-0.5034578356950264,0.035194721141734595,-0.8152056820709686,-0.6125695819266062,42,9097__447424
447424,C. Bassey,545267,R. Drăgușin,-0.5955410331128717,0.049444534634978964,-0.7172993342121807,-0.6381564384976299,43,447424__545267
447424,C. Bassey,415847,C. Romero,-0.7777951785072535,0.09699149313390094,-0.3906179316359474,-0.6422831421022963,44,415847__447424
447424,C. Bassey,769441,L. Yoro,-0.6250630909435652,0.049444534634978964,-0.7172993342121807,-0.6573457760875807,45,447424__769441
447424,C. Bassey,583655,C. Okoli,-0.7638994740911559,0.08279415042653125,-0.48816376789809535,-0.6673919769235848,46,447424__583655
447424,C. Bassey,557788,W. Fofana,-0.7325813090166506,0.05561128015496534,-0.6749294089971846,-0.7124031440098375,47,447424__557788
447424,C. Bassey,50102,F. Schär,-0.8366537637857142,0.023883995244168947,-0.8929184089629705,-0.8563463895977539,48,50102__447424
447424,C. Bassey,288080,C. Burgess,-0.8307694062528433,0.0,-1.0570184336925461,-0.9099565658567393,49,288080__447424
447424,C. Bassey,504375,M. Lacroix,-0.8598854353405728,0.0,-1.0570184336925461,-0.9288819847637635,50,447424__504375
447424,C. Bassey,364003,S. Bueno,-0.8631875921556926,0.0,-1.0570184336925461,-0.9310283866935913,51,364003__447424
447424,C. Bassey,349142,N. Mazraoui,-0.9002003490012257,0.0,-1.0570184336925461,-0.9550866786431879,52,349142__447424
447424,C. Bassey,412027,E. Konsa,-0.9885361854763194,0.01584592161663812,-0.9481456884683954,-0.974399511523546,53,412027__447424
447424,C. Bassey,15806,J. Vestergaard,-0.9338723244250764,0.0,-1.0570184336925461,-0.9769734626686908,54,15806__447424
447424,C. Bassey,549884,T. Harwood-Bellis,-0.9814369597265581,0.0,-1.0570184336925461,-1.007890475614654,55,447424__549884
447424,C. Bassey,286380,I. Diop,-0.9979448165474096,0.0,-1.0570184336925461,-1.0186205825482073,56,286380__447424
447424,C. Bassey,258154,Rúben Dias,-1.11163362972462,0.0,-1.0570184336925461,-1.0925183111133943,57,258154__447424
447424,C. Bassey,285382,W. Faes,-1.1415320295056992,0.0,-1.0570184336925461,-1.1119522709710956,58,285382__447424
447424,C. Bassey,501419,J. Todibo,-1.1625238021137516,0.0,-1.0570184336925461,-1.1255969231663296,59,447424__501419
447424,C. Bassey,297957,M. Akanji,-1.229391997275282,0.0,-1.0570184336925461,-1.1690612500213244,60,297957__447424
447424,C. Bassey,518805,L. Woolfenden,-1.247296767316707,0.0,-1.0570184336925461,-1.1806993505482506,61,447424__518805
447424,C. Bassey,400549,Pau Torres,-1.2503808926348765,0.0,-1.0570184336925461,-1.182704032005061,62,400549__447424
447424,C. Bassey,7953,C. Coady,-1.2647134997988048,0.0,-1.0570184336925461,-1.1920202266616142,63,7953__447424
447424,C. Bassey,488453,L. Martínez,-1.3357269990050946,0.0,-1.0570184336925461,-1.2381790011457028,64,447424__488453
475597,S. Botman,370,V. van Dijk,1.6747702238238291,0.07952383237118259,1.0997682645594016,1.4735195380812796,1,370__475597
475597,S. Botman,62126,M. Doherty,1.4068446780995696,0.07952383237118259,1.0997682645594016,1.2993679333605108,2,62126__475597
475597,S. Botman,393247,I. Konaté,1.2728414740210707,0.07952383237118259,1.0997682645594016,1.2122658507094866,3,393247__475597
475597,S. Botman,578325,W. Saliba,1.2442473864750399,0.07952383237118259,1.0997682645594016,1.1936796938045664,4,475597__578325
475597,S. Botman,623641,E. Agbadou,1.061128771713218,0.07952383237118259,1.0997682645594016,1.0746525942093823,5,475597__623641
475597,S. Botman,8360,C. Dawson,0.9844033890087842,0.07952383237118259,1.0997682645594016,1.0247810954515002,6,8360__475597
475597,S. Botman,590781,J. van Hecke,0.888348325580316,0.07952383237118259,1.0997682645594016,0.9623453042229959,7,475597__590781
475597,S. Botman,620468,J. Greaves,0.8744848507184901,0.07952383237118259,1.0997682645594016,0.9533340455628092,8,475597__620468
475597,S. Botman,424806,E. Pinnock,0.8311422609592851,0.07952383237118259,1.0997682645594016,0.925161362219326,9,424806__475597
475597,S. Botman,192792,D. Burn,0.8045479737546504,0.07952383237118259,1.0997682645594016,0.9078750755363132,10,192792__475597
475597,S. Botman,234399,A. Webster,0.7692118360345651,0.07952383237118259,1.0997682645594016,0.8849065860182579,11,234399__475597
475597,S. Botman,413002,K. Mavropanos,0.7657892295997235,0.07952383237118259,1.0997682645594016,0.8826818918356109,12,413002__475597
475597,S. Botman,7919,M. Keane,0.7554150760684741,0.07952383237118259,1.0997682645594016,0.8759386920402987,13,7919__475597
475597,S. Botman,365443,M. de Ligt,0.7533723332103058,0.07952383237118259,1.0997682645594016,0.8746109091824894,14,365443__475597
475597,S. Botman,145787,J. Andersen,0.7495999937958098,0.07952383237118259,1.0997682645594016,0.8721588885630669,15,145787__475597
475597,S. Botman,9433,J. Tarkowski,0.7424973544210381,0.07952383237118259,1.0997682645594016,0.8675421729694653,16,9433__475597
475597,S. Botman,627012,Murillo,0.7379667949559948,0.07952383237118259,1.0997682645594016,0.8645973093171873,17,475597__627012
475597,S. Botman,240032,J. Bednarek,0.7274875960481932,0.07813379890932322,1.063460771970483,0.8450782076209946,18,240032__475597
475597,S. Botman,415917,Gabriel Magalhaes,0.7064997410547713,0.07952383237118259,1.0997682645594016,0.8441437242813918,19,415917__475597
475597,S. Botman,496001,M. Kilman,0.7063864719647288,0.07952383237118259,1.0997682645594016,0.8440700993728643,20,475597__496001
475597,S. Botman,8653,H. Maguire,0.6731193921289789,0.07952383237118259,1.0997682645594016,0.8224464974796268,21,8653__475597
475597,S. Botman,568412,J. Gvardiol,0.6695397911017285,0.07952383237118259,1.0997682645594016,0.8201197568119141,22,475597__568412
475597,S. Botman,479155,N. Collins,0.6522359953609718,0.07952383237118259,1.0997682645594016,0.8088722895804221,23,475597__479155
475597,S. Botman,604320,J. Branthwaite,0.6392549345200007,0.07952383237118259,1.0997682645594016,0.800434600033791,24,475597__604320
475597,S. Botman,399581,D. O'Shea,0.6145552817516531,0.07826706825106503,1.066941749781728,0.7728905455621793,25,399581__475597
475597,S. Botman,424241,N. Milenković,0.5210684063953496,0.07952383237118259,1.0997682645594016,0.7236133567527678,26,424241__475597
475597,S. Botman,619747,L. Colwill,0.42613270598062913,0.07952383237118259,1.0997682645594016,0.6619051514831995,27,475597__619747
475597,S. Botman,366217,K. Danso,0.6411622847048033,0.06110457741212562,0.6186597292117662,0.6332863902822403,28,366217__475597
475597,S. Botman,777938,Dean Huijsen,0.5754098703520603,0.05383785348139364,0.42885384863400655,0.5241152627507415,29,475597__777938
475597,S. Botman,590874,Toti,0.769120271467862,0.027774459222612576,-0.2519186074671231,0.41175666384061727,30,475597__590874
475597,S. Botman,557788,W. Fofana,0.31608021755357196,0.05561128015496534,0.47517552187025086,0.3717635740644096,31,475597__557788
475597,S. Botman,239411,T. Mings,0.33121623970225206,0.02976576683029208,-0.1999059126710063,0.14532348637161163,32,239411__475597
475597,S. Botman,346131,T. Chalobah,0.4772631392174943,0.013902912091339287,-0.6142416079450026,0.09523647771062038,33,346131__475597
475597,S. Botman,9097,L. Dunk,0.4460805050592195,0.006649282862882583,-0.803705456608525,0.008655418475508936,34,9097__475597
475597,S. Botman,136441,B. Davies,0.5150056348774068,0.0,-0.9773838570858782,-0.0073306873097429,35,136441__475597
475597,S. Botman,590703,I. Zabarnyi,0.4780561805250466,0.0,-0.9773838570858782,-0.031347832638776996,36,475597__590703
475597,S. Botman,625787,M. van de Ven,0.4499642740379278,0.0,-0.9773838570858782,-0.04960757185540421,37,475597__625787
475597,S. Botman,769441,L. Yoro,0.3904958273829981,0.0,-0.9773838570858782,-0.08826206218110855,38,475597__769441
475597,S. Botman,283145,T. Adarabioyo,0.36195581262383775,0.001684122574108206,-0.9333947952711558,-0.09141690013940995,39,283145__475597
475597,S. Botman,545267,R. Drăgușin,0.3386826480484273,0.0,-0.9773838570858782,-0.12194062874857958,40,475597__545267
475597,S. Botman,412968,M. Senesi,0.32054236830938526,0.0,-0.9773838570858782,-0.1337318105789569,41,412968__475597
475597,S. Botman,397074,M. Guéhi,0.2904396455907277,0.0,-0.9773838570858782,-0.1532985803460843,42,397074__475597
475597,S. Botman,534563,C. Richards,0.2641844498461328,0.0,-0.9773838570858782,-0.170364457580071,43,475597__534563
475597,S. Botman,15806,J. Vestergaard,0.25862331818724715,0.0,-0.9773838570858782,-0.17397919315834667,44,15806__475597
475597,S. Botman,558243,S. van den Berg,0.2407351786458774,0.0,-0.9773838570858782,-0.185606483860237,45,475597__558243
475597,S. Botman,349142,N. Mazraoui,0.23695686116443995,0.0,-0.9773838570858782,-0.18806239022317134,46,349142__475597
475597,S. Botman,447424,C. Bassey,0.23399525535215215,0.0,-0.9773838570858782,-0.18998743400115842,47,447424__475597
475597,S. Botman,412027,E. Konsa,0.23394768623656187,0.0,-0.9773838570858782,-0.1900183539262921,48,412027__475597
475597,S. Botman,364003,S. Bueno,0.22492361812133577,0.0,-0.9773838570858782,-0.19588399820118907,49,364003__475597
475597,S. Botman,288080,C. Burgess,0.21743464236033996,0.0,-0.9773838570858782,-0.20075183244583633,50,288080__475597
475597,S. Botman,286380,I. Diop,0.20209421626767687,0.0,-0.9773838570858782,-0.21072310940606734,51,286380__475597
475597,S. Botman,50102,F. Schär,0.1798333134679003,0.0,-0.9773838570858782,-0.22519269622592214,52,50102__475597
475597,S. Botman,504375,M. Lacroix,0.17385007012334405,0.0,-0.9773838570858782,-0.22908180439988368,53,475597__504375
475597,S. Botman,583655,C. Okoli,0.15680182535878792,0.0,-0.9773838570858782,-0.2401631634968452,54,475597__583655
475597,S. Botman,285382,W. Faes,0.13474091562409024,0.0,-0.9773838570858782,-0.25450275482439866,55,285382__475597
475597,S. Botman,415847,C. Romero,0.12992578191811177,0.0,-0.9773838570858782,-0.2576325917332847,56,415847__475597
475597,S. Botman,501419,J. Todibo,0.12136886822130138,0.0,-0.9773838570858782,-0.26319458563621145,57,475597__501419
475597,S. Botman,258154,Rúben Dias,0.11759636918353744,0.0,-0.9773838570858782,-0.265646710010758,58,258154__475597
475597,S. Botman,549884,T. Harwood-Bellis,0.11202482631136867,0.0,-0.9773838570858782,-0.26926821287766767,59,475597__549884
475597,S. Botman,400549,Pau Torres,0.028071158572831656,0.0,-0.9773838570858782,-0.32383809690771675,60,400549__475597
475597,S. Botman,7953,C. Coady,0.0271543907936474,0.0,-0.9773838570858782,-0.32443399596418654,61,7953__475597
475597,S. Botman,297957,M. Akanji,0.0010518561253038405,0.0,-0.9773838570858782,-0.3414006434986098,62,297957__475597
475597,S. Botman,518805,L. Woolfenden,-0.002449173656847714,0.0,-0.9773838570858782,-0.34367631285700834,63,475597__518805
475597,S. Botman,488453,L. Martínez,-0.04385910841264257,0.0,-0.9773838570858782,-0.370592770448275,64,475597__488453
479155,N. Collins,370,V. van Dijk,1.554759435562983,2.8668815706710393e-06,0.644689847911383,1.236235079884923,1,370__479155
479155,N. Collins,62126,M. Doherty,1.2663260704937467,2.8668815706710393e-06,0.644689847911383,1.0487533925899193,2,62126__479155
479155,N. Collins,393247,I. Konaté,1.1323228664152483,2.8668815706710393e-06,0.644689847911383,0.9616513099388954,3,393247__479155
479155,N. Collins,578325,W. Saliba,1.1037287788692172,2.8668815706710393e-06,0.644689847911383,0.9430651530339752,4,479155__578325
479155,N. Collins,623641,E. Agbadou,0.9206101641073954,2.8668815706710393e-06,0.644689847911383,0.824038053438791,5,479155__623641
479155,N. Collins,8360,C. Dawson,0.8438847814029612,2.8668815706710393e-06,0.644689847911383,0.7741665546809088,6,8360__479155
479155,N. Collins,590781,J. van Hecke,0.7478297179744933,2.8668815706710393e-06,0.644689847911383,0.7117307634524046,7,479155__590781
479155,N. Collins,475597,S. Botman,0.6522359953609718,2.8668815706710393e-06,0.644689847911383,0.6495948437536156,8,475597__479155
479155,N. Collins,424806,E. Pinnock,0.6172032354668385,2.8668815706710393e-06,0.644689847911383,0.626823549822429,9,424806__479155
479155,N. Collins,240032,J. Bednarek,0.5982800192524045,2.8668815706710393e-06,0.644689847911383,0.6145234592830469,10,240032__479155
479155,N. Collins,627012,Murillo,0.597448187350172,2.8668815706710393e-06,0.644689847911383,0.6139827685465958,11,479155__627012
479155,N. Collins,496001,M. Kilman,0.5500938751133676,2.8668815706710393e-06,0.644689847911383,0.583202465592673,12,479155__496001
479155,N. Collins,192792,D. Burn,0.5487843670092731,2.8668815706710393e-06,0.644689847911383,0.5823512853250116,13,192792__479155
479155,N. Collins,136441,B. Davies,0.540875850227188,2.8668815706710393e-06,0.644689847911383,0.5772107494166563,14,136441__479155
479155,N. Collins,366217,K. Danso,0.5275241755843654,2.8668815706710393e-06,0.644689847911383,0.5685321608988215,15,366217__479155
479155,N. Collins,568412,J. Gvardiol,0.524690628838169,2.8668815706710393e-06,0.644689847911383,0.5666903555137939,16,479155__568412
479155,N. Collins,413002,K. Mavropanos,0.4866442150288227,2.8668815706710393e-06,0.644689847911383,0.5419601865377188,17,413002__479155
479155,N. Collins,7919,M. Keane,0.4631099372604278,2.8668815706710393e-06,0.644689847911383,0.5266629059882622,18,7919__479155
479155,N. Collins,8653,H. Maguire,0.44396262323075725,2.8668815706710393e-06,0.644689847911383,0.5142171518689762,19,8653__479155
479155,N. Collins,625787,M. van de Ven,0.4398314619457666,2.8668815706710393e-06,0.644689847911383,0.5115318970337324,20,479155__625787
479155,N. Collins,769441,L. Yoro,0.40543138680738994,2.8668815706710393e-06,0.644689847911383,0.4891718481937875,21,479155__769441
479155,N. Collins,415917,Gabriel Magalhaes,0.40123707527223135,2.8668815706710393e-06,0.644689847911383,0.4864455456959344,22,415917__479155
479155,N. Collins,399581,D. O'Shea,0.3767259895915759,2.8668815706710393e-06,0.644689847911383,0.4705133400035083,23,399581__479155
479155,N. Collins,590703,I. Zabarnyi,0.35480437372178636,2.8668815706710393e-06,0.644689847911383,0.45626428968814514,24,479155__590703
479155,N. Collins,346131,T. Chalobah,0.28215680424987394,2.8668815706710393e-06,0.644689847911383,0.4090433695314021,25,346131__479155
479155,N. Collins,545267,R. Drăgușin,0.22899446787795072,2.8668815706710393e-06,0.644689847911383,0.374487850889652,26,479155__545267
479155,N. Collins,9097,L. Dunk,0.21748569582629868,2.8668815706710393e-06,0.644689847911383,0.3670071490560781,27,9097__479155
479155,N. Collins,412968,M. Senesi,0.17073386955705988,2.8668815706710393e-06,0.644689847911383,0.3366184619810729,28,412968__479155
479155,N. Collins,558243,S. van den Berg,0.11038935514750753,2.8668815706710393e-06,0.644689847911383,0.2973945276148639,29,479155__558243
479155,N. Collins,534563,C. Richards,0.10170402703049489,2.8668815706710393e-06,0.644689847911383,0.2917490643388057,30,479155__534563
479155,N. Collins,15806,J. Vestergaard,0.08822294283203902,2.8668815706710393e-06,0.644689847911383,0.2829863596098094,31,15806__479155
479155,N. Collins,349142,N. Mazraoui,0.0871483624121146,2.8668815706710393e-06,0.644689847911383,0.28228788233685853,32,349142__479155
479155,N. Collins,447424,C. Bassey,0.0841867565998268,2.8668815706710393e-06,0.644689847911383,0.28036283855887145,33,447424__479155
479155,N. Collins,364003,S. Bueno,0.07511511936901058,2.8668815706710393e-06,0.644689847911383,0.2744662743588409,34,364003__479155
479155,N. Collins,412027,E. Konsa,0.07498724232739938,2.8668815706710393e-06,0.644689847911383,0.2743831542817936,35,412027__479155
479155,N. Collins,288080,C. Burgess,0.06762614360801443,2.8668815706710393e-06,0.644689847911383,0.26959844011419337,36,288080__479155
479155,N. Collins,50102,F. Schär,0.03002481471557493,2.8668815706710393e-06,0.644689847911383,0.24515757633410773,37,50102__479155
479155,N. Collins,286380,I. Diop,-0.0026259534256697775,2.8668815706710393e-06,0.644689847911383,0.22393457704229866,38,286380__479155
479155,N. Collins,501419,J. Todibo,-0.02843963053102397,2.8668815706710393e-06,0.644689847911383,0.20715568692381842,39,479155__501419
479155,N. Collins,285382,W. Faes,-0.03689993422526758,2.8668815706710393e-06,0.644689847911383,0.20165648952256007,40,285382__479155
479155,N. Collins,549884,T. Harwood-Bellis,-0.03778367244095662,2.8668815706710393e-06,0.644689847911383,0.2010820596823622,41,479155__549884
479155,N. Collins,400549,Pau Torres,-0.12173734017949345,2.8668815706710393e-06,0.644689847911383,0.14651217565231328,42,400549__479155
479155,N. Collins,7953,C. Coady,-0.12265410795867765,2.8668815706710393e-06,0.644689847911383,0.14591627659584355,43,7953__479155
479155,N. Collins,518805,L. Woolfenden,-0.15225767240917332,2.8668815706710393e-06,0.644689847911383,0.12667395970302137,44,479155__518805
479155,N. Collins,488453,L. Martínez,-0.193667607164968,2.8668815706710393e-06,0.644689847911383,0.0997575021117548,45,479155__488453
479155,N. Collins,620468,J. Greaves,0.7010617947513114,0.0,-1.5268970082111644,-0.0787237862855551,46,479155__620468
479155,N. Collins,590874,Toti,0.6368734922299237,0.0,-1.5268970082111644,-0.12044618292445702,47,479155__590874
479155,N. Collins,365443,M. de Ligt,0.5637720125558872,0.0,-1.5268970082111644,-0.1679621447125808,48,365443__479155
479155,N. Collins,145787,J. Andersen,0.559999673141391,0.0,-1.5268970082111644,-0.17041416533200332,49,145787__479155
479155,N. Collins,234399,A. Webster,0.41486745720342943,0.0,-1.5268970082111644,-0.26475010569167834,50,234399__479155
479155,N. Collins,9433,J. Tarkowski,0.4080065396206398,0.0,-1.5268970082111644,-0.26920970212049156,51,9433__479155
479155,N. Collins,777938,Dean Huijsen,0.38022247737516335,0.0,-1.5268970082111644,-0.2872693425800513,52,479155__777938
479155,N. Collins,604320,J. Branthwaite,0.28491055568886486,0.0,-1.5268970082111644,-0.34922209167614526,53,479155__604320
479155,N. Collins,619747,L. Colwill,0.2365323853262104,0.0,-1.5268970082111644,-0.3806679024118707,54,479155__619747
479155,N. Collins,424241,N. Milenković,0.16672402756421403,0.0,-1.5268970082111644,-0.42604333495716834,55,424241__479155
479155,N. Collins,397074,M. Guéhi,0.09154943378980648,0.0,-1.5268970082111644,-0.47490682091053327,56,397074__479155
479155,N. Collins,283145,T. Adarabioyo,0.08881883448012715,0.0,-1.5268970082111644,-0.47668171046182484,57,283145__479155
479155,N. Collins,239411,T. Mings,0.032404790615210434,0.0,-1.5268970082111644,-0.5133508389740207,58,239411__479155
479155,N. Collins,557788,W. Fofana,-0.00636125386464693,0.0,-1.5268970082111644,-0.538548767885928,59,479155__557788
479155,N. Collins,504375,M. Lacroix,-0.025040141677577395,0.0,-1.5268970082111644,-0.5506900449643328,60,479155__504375
479155,N. Collins,583655,C. Okoli,-0.042088386442133356,0.0,-1.5268970082111644,-0.5617714040612941,61,479155__583655
479155,N. Collins,415847,C. Romero,-0.06896442988280971,0.0,-1.5268970082111644,-0.5792408322977338,62,415847__479155
479155,N. Collins,258154,Rúben Dias,-0.08129384261738398,0.0,-1.5268970082111644,-0.587254950575207,63,258154__479155
479155,N. Collins,297957,M. Akanji,-0.19783835567561764,0.0,-1.5268970082111644,-0.6630088840630589,64,297957__479155
488453,L. Martínez,370,V. van Dijk,0.9683567140362896,1.2395682176746865,3.101000134517803,1.7147819112048193,1,370__488453
488453,L. Martínez,62126,M. Doherty,0.47642336412649966,0.9306189093495122,2.0614217400197754,1.031172795689146,2,62126__488453
488453,L. Martínez,393247,I. Konaté,0.39768140237895766,0.8452502612609234,1.7741661944368925,0.8794510795992349,3,393247__488453
488453,L. Martínez,620468,J. Greaves,0.19343289642599726,0.8324292919332925,1.7310251277622954,0.7315901773937016,4,488453__620468
488453,L. Martínez,590781,J. van Hecke,0.08942666409040617,0.72125473650077,1.3569357133139892,0.5330548313186602,5,488453__590781
488453,L. Martínez,424806,E. Pinnock,0.06239948317472582,0.6988010030663823,1.281381518741593,0.4890431956231293,6,424806__488453
488453,L. Martínez,578325,W. Saliba,0.04192394374482311,0.6730229351463116,1.1946413262909839,0.44537502763597936,7,488453__578325
488453,L. Martínez,475597,S. Botman,-0.04385910841264257,0.6900469607284053,1.2519251871239043,0.4096653950251488,8,475597__488453
488453,L. Martínez,623641,E. Agbadou,-0.027740099732218526,0.680762632312758,1.2206845046939816,0.4092085118169515,9,488453__623641
488453,L. Martínez,192792,D. Burn,-0.039486795617099946,0.6438137383885109,1.0963557854213095,0.35805810774634333,10,192792__488453
488453,L. Martínez,8360,C. Dawson,-0.09259541097933971,0.6464676028938554,1.1052857300023073,0.32666298836423674,11,8360__488453
488453,L. Martínez,496001,M. Kilman,-0.06677848028390826,0.591482094514791,0.9202659064226993,0.27868705506340435,12,488453__496001
488453,L. Martínez,145787,J. Andersen,-0.10256015174726901,0.5818227009945152,0.8877631736537885,0.2440530121431011,13,145787__488453
488453,L. Martínez,136441,B. Davies,-0.18715767439987718,0.6013025158574281,0.9533104790356526,0.21200617930255822,14,136441__488453
488453,L. Martínez,479155,N. Collins,-0.193667607164968,0.4989719306854187,0.6089799931774553,0.08725905295488015,15,479155__488453
488453,L. Martínez,7919,M. Keane,-0.31635211478054914,0.5473167573651705,0.7716546972396641,0.06445026942652543,16,7919__488453
488453,L. Martínez,365443,M. de Ligt,-0.2463653457572509,0.4912844520916555,0.5831125241820859,0.043951908721517,17,365443__488453
488453,L. Martínez,240032,J. Bednarek,-0.21593352145808004,0.4675665612829509,0.503304587464386,0.035799816664783074,18,240032__488453
488453,L. Martínez,9433,J. Tarkowski,-0.44899574904743134,0.5869753143007396,0.9051011165590243,0.02493815391482812,19,9433__488453
488453,L. Martínez,590874,Toti,-0.39649530475838757,0.5391869130624941,0.744298719220125,0.002782603634091829,20,488453__590874
488453,L. Martínez,8653,H. Maguire,-0.26009291009368385,0.4308796739548645,0.37985748983398687,-0.036110270118999116,21,8653__488453
488453,L. Martínez,399581,D. O'Shea,-0.4436461613890908,0.5027795425337503,0.6217921630237595,-0.07074274784459322,22,399581__488453
488453,L. Martínez,366217,K. Danso,-0.2907864084489032,0.4053800248280456,0.29405414415495923,-0.08609221503755136,23,366217__488453
488453,L. Martínez,234399,A. Webster,-0.3851794335409949,0.4275765758119522,0.3687429497727286,-0.1213065993811917,24,234399__488453
488453,L. Martínez,627012,Murillo,-0.5553126285464891,0.5159870952359806,0.6662340376725976,-0.1277712953698088,25,488453__627012
488453,L. Martínez,777938,Dean Huijsen,-0.3405313617355963,0.38570028070183215,0.22783410011677063,-0.14160345008726788,26,488453__777938
488453,L. Martínez,413002,K. Mavropanos,-0.3402552322867506,0.38172900713821667,0.21447122768389054,-0.1461009712970262,27,413002__488453
488453,L. Martínez,568412,J. Gvardiol,-0.43159549129210995,0.40387357479694086,0.2889851154744385,-0.17939227892381804,28,488453__568412
488453,L. Martínez,619747,L. Colwill,-0.5621487720063929,0.41319292024684534,0.3203436261411373,-0.25327643265475736,29,488453__619747
488453,L. Martínez,424241,N. Milenković,-0.5918773961991426,0.3216642575161885,0.012360349635661343,-0.3803941851569612,30,424241__488453
488453,L. Martínez,415917,Gabriel Magalhaes,-0.5450594609479339,0.2801960646645588,-0.12717528351117954,-0.3987999988450699,31,415917__488453
488453,L. Martínez,625787,M. van de Ven,-0.5707112435856596,0.2571367381987009,-0.20476722801345215,-0.44263083813538706,32,488453__625787
488453,L. Martínez,604320,J. Branthwaite,-0.5559615739153718,0.22352512197622365,-0.31786639699514746,-0.47262826199329333,33,488453__604320
488453,L. Martínez,590703,I. Zabarnyi,-0.5976136049463918,0.1712123488671265,-0.4938927780714098,-0.5613113155401481,34,488453__590703
488453,L. Martínez,769441,L. Yoro,-0.9069550775716702,0.30793480484755625,-0.03383765753893623,-0.6013639805602133,35,488453__769441
488453,L. Martínez,346131,T. Chalobah,-0.679200950054802,0.12711179478495002,-0.642285999787151,-0.666280717461124,36,346131__488453
488453,L. Martínez,283145,T. Adarabioyo,-0.8178311872301209,0.07437055731553885,-0.8197541134706475,-0.8185042114143053,37,283145__488453
488453,L. Martínez,545267,R. Drăgușin,-0.9003128826330691,0.11320888269361074,-0.6890676776912474,-0.8263770609034314,38,488453__545267
488453,L. Martínez,412968,M. Senesi,-0.9757616417423154,0.153532615665537,-0.5533830185788176,-0.8279291236350912,39,412968__488453
488453,L. Martínez,9097,L. Dunk,-0.7813121994598212,0.035194721141734595,-0.9515762337189829,-0.8409046114505279,40,9097__488453
488453,L. Martínez,239411,T. Mings,-1.1755741609477197,0.19273584543315192,-0.4214687220818037,-0.9116372573446491,41,239411__488453
488453,L. Martínez,558243,S. van den Berg,-1.3076944186745592,0.24053312658882142,-0.260636444856301,-0.9412241278381688,42,488453__558243
488453,L. Martínez,397074,M. Guéhi,-1.0335166274689624,0.07783054195292097,-0.8081116686507623,-0.9546248918825925,43,397074__488453
488453,L. Martínez,534563,C. Richards,-1.2628694501696982,0.12506044525831572,-0.6491885517268635,-1.048081135714706,44,488453__534563
488453,L. Martínez,557788,W. Fofana,-1.2177928193342513,0.05561128015496534,-0.8828768935093929,-1.1005722452955509,45,488453__557788
488453,L. Martínez,415847,C. Romero,-1.361256599722262,0.09699149313390094,-0.7436373023744255,-1.1450898456505194,46,415847__488453
488453,L. Martínez,15806,J. Vestergaard,-1.318939758282515,0.0,-1.0700023661407494,-1.231811671032897,47,15806__488453
488453,L. Martínez,349142,N. Mazraoui,-1.323409135845194,0.0,-1.0700023661407494,-1.2347167664486385,48,349142__488453
488453,L. Martínez,583655,C. Okoli,-1.4854049822985922,0.08279415042653125,-0.7914097049665403,-1.2425066352323741,49,488453__583655
488453,L. Martínez,447424,C. Bassey,-1.3357269990050946,0.0,-1.0700023661407494,-1.242723377502574,50,447424__488453
488453,L. Martínez,412027,E. Konsa,-1.3739894704910558,0.01584592161663812,-1.0166826877674027,-1.2489320965377773,51,412027__488453
488453,L. Martínez,364003,S. Bueno,-1.373457606360683,0.0,-1.0700023661407494,-1.2672482722837062,52,364003__488453
488453,L. Martínez,288080,C. Burgess,-1.4046056336400143,0.0,-1.0700023661407494,-1.2874944900152716,53,288080__488453
488453,L. Martínez,504375,M. Lacroix,-1.5122593144278722,0.0,-1.0700023661407494,-1.3574693825273791,54,488453__504375
488453,L. Martínez,50102,F. Schär,-1.5609964747187994,0.023883995244168947,-0.9896355073679229,-1.3610201361459926,55,50102__488453
488453,L. Martínez,258154,Rúben Dias,-1.6923586278326717,0.0,-1.0700023661407494,-1.474533936240499,56,258154__488453
488453,L. Martínez,286380,I. Diop,-1.6967970233133562,0.0,-1.0700023661407494,-1.477418893302944,57,286380__488453
488453,L. Martínez,501419,J. Todibo,-1.804160853070294,0.0,-1.0700023661407494,-1.5472053826449534,58,488453__501419
488453,L. Martínez,549884,T. Harwood-Bellis,-1.8198203262993453,0.0,-1.0700023661407494,-1.5573840402438368,59,488453__549884
488453,L. Martínez,285382,W. Faes,-1.8393488118339207,0.0,-1.0700023661407494,-1.570077555841311,60,285382__488453
488453,L. Martínez,400549,Pau Torres,-2.0916952141533875,0.0,-1.0700023661407494,-1.7341027173489643,61,400549__488453
488453,L. Martínez,518805,L. Woolfenden,-2.1205783327906764,0.0,-1.0700023661407494,-1.752876744463202,62,488453__518805
488453,L. Martínez,297957,M. Akanji,-2.157336291388798,0.0,-1.0700023661407494,-1.776769417551981,63,297957__488453
488453,L. Martínez,7953,C. Coady,-2.183494101934036,0.0,-1.0700023661407494,-1.7937719944063857,64,7953__488453
496001,M. Kilman,370,V. van Dijk,1.5623125944307046,0.0,0.0,1.015503186379958,1,370__496001
496001,M. Kilman,62126,M. Doherty,1.2324036347830634,0.0,0.0,0.8010623626089912,2,62126__496001
496001,M. Kilman,393247,I. Konaté,1.0984004307045645,0.0,0.0,0.713960279957967,3,393247__496001
496001,M. Kilman,578325,W. Saliba,1.0698063431585336,0.0,0.0,0.6953741230530469,4,496001__578325
496001,M. Kilman,623641,E. Agbadou,0.886687728396712,0.0,0.0,0.5763470234578628,5,496001__623641
496001,M. Kilman,8360,C. Dawson,0.809962345692278,0.0,0.0,0.5264755246999807,6,8360__496001
496001,M. Kilman,192792,D. Burn,0.7832634390462514,0.0,0.0,0.5091212353800634,7,192792__496001
496001,M. Kilman,620468,J. Greaves,0.7763828161125893,0.0,0.0,0.5046488304731831,8,496001__620468
496001,M. Kilman,424806,E. Pinnock,0.7235036508473797,0.0,0.0,0.4702773730507968,9,424806__496001
496001,M. Kilman,590781,J. van Hecke,0.7139072822638098,0.0,0.0,0.4640397334714764,10,496001__590781
496001,M. Kilman,475597,S. Botman,0.7063864719647288,0.0,0.0,0.4591512067770737,11,475597__496001
496001,M. Kilman,590874,Toti,0.6638742632284012,0.0,0.0,0.43151827109846075,12,496001__590874
496001,M. Kilman,136441,B. Davies,0.651192572103727,0.0,0.0,0.4232751718674226,13,136441__496001
496001,M. Kilman,7919,M. Keane,0.6281408521297597,0.0,0.0,0.4082915538843438,14,7919__496001
496001,M. Kilman,9433,J. Tarkowski,0.6177223980890182,0.0,0.0,0.4015195587578618,15,9433__496001
496001,M. Kilman,399581,D. O'Shea,0.5798465351265116,0.0,0.0,0.3769002478322326,16,399581__496001
496001,M. Kilman,234399,A. Webster,0.5789968034725201,0.0,0.0,0.3763479222571381,17,234399__496001
496001,M. Kilman,365443,M. de Ligt,0.5789312898937997,0.0,0.0,0.3763053384309698,18,365443__496001
496001,M. Kilman,240032,J. Bednarek,0.576199077202286,0.0,0.0,0.37452940018148595,19,240032__496001
496001,M. Kilman,413002,K. Mavropanos,0.5755741970376789,0.0,0.0,0.3741232280744913,20,413002__496001
496001,M. Kilman,145787,J. Andersen,0.5751589504793035,0.0,0.0,0.3738533178115473,21,145787__496001
496001,M. Kilman,627012,Murillo,0.5635257516394886,0.0,0.0,0.3662917385656676,22,496001__627012
496001,M. Kilman,479155,N. Collins,0.5500938751133676,0.0,0.0,0.35756101882368896,23,479155__496001
496001,M. Kilman,415917,Gabriel Magalhaes,0.5162847084927263,0.0,0.0,0.33558506052027215,24,415917__496001
496001,M. Kilman,366217,K. Danso,0.5054432335342466,0.0,0.0,0.3285381017972603,25,366217__496001
496001,M. Kilman,568412,J. Gvardiol,0.4907681931274854,0.0,0.0,0.31899932553286553,26,496001__568412
496001,M. Kilman,8653,H. Maguire,0.4829043595669339,0.0,0.0,0.31388783371850704,27,8653__496001
496001,M. Kilman,604320,J. Branthwaite,0.44903990195795596,0.0,0.0,0.2918759362726714,28,496001__604320
496001,M. Kilman,777938,Dean Huijsen,0.4305606464700234,0.0,0.0,0.2798644202055152,29,496001__777938
496001,M. Kilman,625787,M. van de Ven,0.41775051989564777,0.0,0.0,0.27153783793217107,30,496001__625787
496001,M. Kilman,590703,I. Zabarnyi,0.38854180346998957,0.0,0.0,0.2525521722554932,31,496001__590703
496001,M. Kilman,769441,L. Yoro,0.38335044475727126,0.0,0.0,0.24917778909222632,32,496001__769441
496001,M. Kilman,346131,T. Chalobah,0.36892561254908496,0.0,0.0,0.23980164815690522,33,346131__496001
496001,M. Kilman,9097,L. Dunk,0.3443748227073587,0.0,0.0,0.22384363475978317,34,9097__496001
496001,M. Kilman,424241,N. Milenković,0.3308533738333048,0.0,0.0,0.21505469299164814,35,424241__496001
496001,M. Kilman,545267,R. Drăgușin,0.3157632761771617,0.0,0.0,0.2052461295151551,36,496001__545267
496001,M. Kilman,412968,M. Senesi,0.29762299643811974,0.0,0.0,0.19345494768477783,37,412968__496001
496001,M. Kilman,558243,S. van den Berg,0.27203430610403795,0.0,0.0,0.17682229896762466,38,496001__558243
496001,M. Kilman,397074,M. Guéhi,0.2675202737194622,0.0,0.0,0.17388817791765043,39,397074__496001
496001,M. Kilman,283145,T. Adarabioyo,0.26478967440978296,0.0,0.0,0.17211328836635892,40,283145__496001
496001,M. Kilman,619747,L. Colwill,0.2542523105318388,0.0,0.0,0.1652640018456952,41,496001__619747
496001,M. Kilman,534563,C. Richards,0.22859315391155482,0.0,0.0,0.14858555004251064,42,496001__534563
496001,M. Kilman,15806,J. Vestergaard,0.21511206971309893,0.0,0.0,0.1398228453135143,43,15806__496001
496001,M. Kilman,349142,N. Mazraoui,0.2140374892931744,0.0,0.0,0.13912436804056336,44,349142__496001
496001,M. Kilman,447424,C. Bassey,0.2110758834808867,0.0,0.0,0.13719932426257636,45,447424__496001
496001,M. Kilman,239411,T. Mings,0.20837563054486619,0.0,0.0,0.13544415985416303,46,239411__496001
496001,M. Kilman,364003,S. Bueno,0.20200424625007035,0.0,0.0,0.13130276006254574,47,364003__496001
496001,M. Kilman,412027,E. Konsa,0.20187636920845933,0.0,0.0,0.13121963998549857,48,412027__496001
496001,M. Kilman,288080,C. Burgess,0.19451527048907435,0.0,0.0,0.12643492581789834,49,288080__496001
496001,M. Kilman,557788,W. Fofana,0.1696095860650088,0.0,0.0,0.11024623094225573,50,496001__557788
496001,M. Kilman,50102,F. Schär,0.15691394159663485,0.0,0.0,0.10199406203781265,51,50102__496001
496001,M. Kilman,504375,M. Lacroix,0.15093069825207833,0.0,0.0,0.09810495386385092,52,496001__504375
496001,M. Kilman,583655,C. Okoli,0.13388245348752253,0.0,0.0,0.08702359476688964,53,496001__583655
496001,M. Kilman,286380,I. Diop,0.12426317345539,0.0,0.0,0.0807710627460035,54,286380__496001
496001,M. Kilman,415847,C. Romero,0.10700641004684619,0.0,0.0,0.06955416653045003,55,415847__496001
496001,M. Kilman,501419,J. Todibo,0.0984494963500358,0.0,0.0,0.06399217262752327,56,496001__501419
496001,M. Kilman,258154,Rúben Dias,0.09467699731227192,0.0,0.0,0.06154004825297675,57,258154__496001
496001,M. Kilman,285382,W. Faes,0.0899891926557923,0.0,0.0,0.058492975226265,58,285382__496001
496001,M. Kilman,549884,T. Harwood-Bellis,0.08910545444010326,0.0,0.0,0.05791854538606712,59,496001__549884
496001,M. Kilman,400549,Pau Torres,0.005151786701566186,0.0,0.0,0.003348661356018021,60,400549__496001
496001,M. Kilman,7953,C. Coady,0.004235018922381872,0.0,0.0,0.002752762299548217,61,7953__496001
496001,M. Kilman,297957,M. Akanji,-0.02186751574596152,0.0,0.0,-0.014213885234874988,62,297957__496001
496001,M. Kilman,518805,L. Woolfenden,-0.025368545528113295,0.0,0.0,-0.016489554593273642,63,496001__518805
496001,M. Kilman,488453,L. Martínez,-0.06677848028390826,0.0,0.0,-0.04340601218454037,64,488453__496001
501419,J. Todibo,370,V. van Dijk,1.133584690670234,0.8131286247331355,2.3057734043108975,1.5438507404444661,1,370__501419
501419,J. Todibo,620468,J. Greaves,0.3586608730599412,0.8055435609967677,2.273568841943135,1.0288786621690589,2,501419__620468
501419,J. Todibo,62126,M. Doherty,0.6416513407604438,0.5923380955217805,1.3683439224587979,0.8959937443548678,3,62126__501419
501419,J. Todibo,393247,I. Konaté,0.5629093790129018,0.5714169332319375,1.2795171308606077,0.8137220921595989,4,393247__501419
501419,J. Todibo,424806,E. Pinnock,0.22762745980866983,0.6806645482571392,1.7433591965164994,0.75813356765641,5,424806__501419
501419,J. Todibo,590781,J. van Hecke,0.25465464072435035,0.6071329016808543,1.4311595129705015,0.6664313460105031,6,501419__590781
501419,J. Todibo,475597,S. Botman,0.12136886822130138,0.5844427676375339,1.334822044713323,0.5460774799935089,7,475597__501419
501419,J. Todibo,496001,M. Kilman,0.0984494963500358,0.591482094514791,1.3647095248090737,0.541640506310699,8,496001__501419
501419,J. Todibo,145787,J. Andersen,0.06266782488667522,0.5818227009945152,1.3236978007325866,0.5040283164327442,9,145787__501419
501419,J. Todibo,8360,C. Dawson,0.07263256565460446,0.5169806124377093,1.0483921266389882,0.4141484119991387,10,8360__501419
501419,J. Todibo,192792,D. Burn,0.12574118101684437,0.444516609994133,0.7407254323009165,0.34098566896626964,11,192792__501419
501419,J. Todibo,136441,B. Davies,-0.021929697765933204,0.5057575990936947,1.0007416063857952,0.33600525868717174,12,136441__501419
501419,J. Todibo,578325,W. Saliba,0.207151920378767,0.3991896071173259,0.5482766485034968,0.32654557522242245,13,501419__578325
501419,J. Todibo,479155,N. Collins,-0.02843963053102397,0.48769736410415643,0.92406170173208,0.30493583576106237,14,479155__501419
501419,J. Todibo,7919,M. Keane,-0.15112413814660489,0.5402050488788254,1.146998128884952,0.30321865531444003,15,7919__501419
501419,J. Todibo,623641,E. Agbadou,0.13748787690172562,0.40692930428377216,0.5811377514246666,0.29276533298475493,16,501419__623641
501419,J. Todibo,9433,J. Tarkowski,-0.2649171227268686,0.5534198616395446,1.2031054045153982,0.2488907618079247,17,9433__501419
501419,J. Todibo,8653,H. Maguire,-0.09486493345973984,0.4308796739548645,0.6828259112888337,0.1773268622022609,18,8653__501419
501419,J. Todibo,365443,M. de Ligt,-0.08113736912330655,0.4219037206995513,0.6447159287668833,0.1729112851382599,19,365443__501419
501419,J. Todibo,240032,J. Bednarek,-0.05070554482413575,0.4066658297265829,0.5800190946665649,0.17004807899760946,20,240032__501419
501419,J. Todibo,366217,K. Danso,-0.1255584318149591,0.402184658007542,0.5609929955957594,0.11473456777879237,21,366217__501419
501419,J. Todibo,777938,Dean Huijsen,-0.17530338510165225,0.38570028070183215,0.49100384646176953,0.057904145945545354,22,501419__777938
501419,J. Todibo,413002,K. Mavropanos,-0.17502725565280658,0.38172900713821667,0.47414266617323775,0.05218221698630891,23,413002__501419
501419,J. Todibo,399581,D. O'Shea,-0.2784181847551467,0.4131928076872261,0.6077312505709005,0.031734117608969825,24,399581__501419
501419,J. Todibo,568412,J. Gvardiol,-0.2663675146581656,0.40387357479694086,0.5681637759568224,0.025718437057080185,25,501419__568412
501419,J. Todibo,627012,Murillo,-0.36233799410439443,0.4086957763429375,0.58863781491491,-0.029496460947637915,26,501419__627012
501419,J. Todibo,234399,A. Webster,-0.2199514569070509,0.3400619299802933,0.2972331461410045,-0.03893684584023152,27,234399__501419
501419,J. Todibo,619747,L. Colwill,-0.3969207953724487,0.38984647367730985,0.5086076972543921,-0.0799858229530544,28,501419__619747
501419,J. Todibo,590874,Toti,-0.23126732812444342,0.3040174208368928,0.1441958503357756,-0.09985521566336678,29,501419__590874
501419,J. Todibo,424241,N. Milenković,-0.42664941956519853,0.3216642575161885,0.21912055396183133,-0.2006299288307381,30,424241__501419
501419,J. Todibo,415917,Gabriel Magalhaes,-0.3798314843139897,0.2801960646645588,0.043055454262586945,-0.2318210558121879,31,415917__501419
501419,J. Todibo,625787,M. van de Ven,-0.4054832669517154,0.2571367381987009,-0.0548495262542851,-0.2827614577076148,32,501419__625787
501419,J. Todibo,604320,J. Branthwaite,-0.39073359728142787,0.22352512197622365,-0.19755727776968865,-0.3231218854523191,33,501419__604320
501419,J. Todibo,590703,I. Zabarnyi,-0.4323856283124476,0.1712123488671265,-0.4196661515745228,-0.4279338114541739,34,501419__590703
501419,J. Todibo,769441,L. Yoro,-0.7354865664052872,0.27624296161428025,0.026271422097044153,-0.46887127042947124,35,501419__769441
501419,J. Todibo,346131,T. Chalobah,-0.5139729734208578,0.12711179478495002,-0.6069076954501242,-0.5465001261311011,36,346131__501419
501419,J. Todibo,239411,T. Mings,-0.8264750931082322,0.19273584543315192,-0.32828197714636986,-0.6521075025215805,37,239411__501419
501419,J. Todibo,412968,M. Senesi,-0.8105336651083712,0.153532615665537,-0.4947305268158366,-0.7000025667059842,38,412968__501419
501419,J. Todibo,545267,R. Drăgușin,-0.7350849059991249,0.11320888269361074,-0.6659364940338871,-0.7108829618112916,39,501419__545267
501419,J. Todibo,283145,T. Adarabioyo,-0.6526032105961764,0.07437055731553885,-0.8308357375169122,-0.7149845950184339,40,283145__501419
501419,J. Todibo,558243,S. van den Berg,-0.9934363365973341,0.20797111365816634,-0.26359627867430646,-0.7379923163242744,41,501419__558243
501419,J. Todibo,9097,L. Dunk,-0.6160842228258772,0.035194721141734595,-0.9971679798314225,-0.749463537777818,42,9097__501419
501419,J. Todibo,534563,C. Richards,-0.9281668826031724,0.12506044525831572,-0.6156172878892525,-0.8187745244533005,43,501419__534563
501419,J. Todibo,397074,M. Guéhi,-0.8682886508350185,0.07783054195292097,-0.8161453809267866,-0.8500385063671373,44,397074__501419
501419,J. Todibo,557788,W. Fofana,-1.0525648427003071,0.05561128015496534,-0.9104836260897159,-1.0028364168866002,45,501419__557788
501419,J. Todibo,415847,C. Romero,-1.1544103055983808,0.09699149313390094,-0.734792070159616,-1.0075439231948131,46,415847__501419
501419,J. Todibo,583655,C. Okoli,-1.1363059144591046,0.08279415042653125,-0.7950709583229121,-1.0168736798114373,47,501419__583655
501419,J. Todibo,412027,E. Konsa,-1.1119087027031798,0.01584592161663812,-1.079318854590676,-1.1005022558638036,48,412027__501419
501419,J. Todibo,349142,N. Mazraoui,-1.1505309264176091,0.0,-1.1465972570820004,-1.149154142150146,49,349142__501419
501419,J. Todibo,15806,J. Vestergaard,-1.153711781648571,0.0,-1.1465972570820004,-1.1512216980502714,50,15806__501419
501419,J. Todibo,447424,C. Bassey,-1.1625238021137516,0.0,-1.1465972570820004,-1.1569495113526387,51,447424__501419
501419,J. Todibo,288080,C. Burgess,-1.1697122125120445,0.0,-1.1465972570820004,-1.1616219781115291,52,288080__501419
501419,J. Todibo,504375,M. Lacroix,-1.2003414229790428,0.0,-1.1465972570820004,-1.181530964915078,53,501419__504375
501419,J. Todibo,364003,S. Bueno,-1.2082296297267385,0.0,-1.1465972570820004,-1.1866582993010804,54,364003__501419
501419,J. Todibo,50102,F. Schär,-1.2725142501338869,0.023883995244168947,-1.0451909088737104,-1.1929510806928252,55,50102__501419
501419,J. Todibo,286380,I. Diop,-1.3179283502310664,0.0,-1.1465972570820004,-1.2579624676288934,56,286380__501419
501419,J. Todibo,549884,T. Harwood-Bellis,-1.4042321585149964,0.0,-1.1465972570820004,-1.3140599430134479,57,501419__549884
501419,J. Todibo,285382,W. Faes,-1.453540342931957,0.0,-1.1465972570820004,-1.3461102628844723,58,285382__501419
501419,J. Todibo,258154,Rúben Dias,-1.4716198156838958,0.0,-1.1465972570820004,-1.3578619201732325,59,258154__501419
501419,J. Todibo,297957,M. Akanji,-1.6870797212444717,0.0,-1.1465972570820004,-1.4979108587876069,60,297957__501419
501419,J. Todibo,518805,L. Woolfenden,-1.7237058416393052,0.0,-1.1465972570820004,-1.5217178370442483,61,501419__518805
501419,J. Todibo,400549,Pau Torres,-1.7267899669574744,0.0,-1.1465972570820004,-1.5237225185010588,62,400549__501419
501419,J. Todibo,7953,C. Coady,-1.7331473538640039,0.0,-1.1465972570820004,-1.5278548199903028,63,7953__501419
501419,J. Todibo,488453,L. Martínez,-1.804160853070294,0.0,-1.1465972570820004,-1.5740135944743914,64,488453__501419
504375,M. Lacroix,370,V. van Dijk,1.1860658925722762,0.6168831831771289,2.046845946108732,1.4873389113100357,1,370__504375
504375,M. Lacroix,62126,M. Doherty,0.7016428884854131,0.6162478982641588,2.043607512635938,1.1713305069380968,2,62126__504375
504375,M. Lacroix,393247,I. Konaté,0.6153905809149446,0.6168831831771289,2.046845946108732,1.1163999587327702,3,393247__504375
504375,M. Lacroix,578325,W. Saliba,0.4333914111102313,0.5760453269667689,1.8386705624206676,0.925239114068884,4,504375__578325
504375,M. Lacroix,590781,J. van Hecke,0.3071358426263928,0.5705618286166809,1.8107178372065353,0.8333895407294427,5,504375__590781
504375,M. Lacroix,623641,E. Agbadou,0.25027279634840927,0.5760453269667689,1.8386705624206676,0.8062120144736997,6,504375__623641
504375,M. Lacroix,620468,J. Greaves,0.3375195053890892,0.398132871994614,0.9317426035696323,0.5454975897522792,7,504375__620468
504375,M. Lacroix,8360,C. Dawson,0.1957102001483607,0.4472939808196814,1.182346666610357,0.5410329634100594,8,8360__504375
504375,M. Lacroix,627012,Murillo,-0.07288918040881381,0.5228934564794485,1.5677231606902793,0.5013251389758687,9,504375__627012
504375,M. Lacroix,240032,J. Bednarek,0.001775657077906504,0.4806711521138759,1.3524904029710454,0.4745258181405051,10,240032__504375
504375,M. Lacroix,496001,M. Kilman,0.15093069825207833,0.4034036232092211,0.9586108272778789,0.43361874341110856,11,496001__504375
504375,M. Lacroix,145787,J. Andersen,0.04152645721582315,0.4271746548212825,1.0797862288712323,0.4049173772952164,12,145787__504375
504375,M. Lacroix,365443,M. de Ligt,-0.08508738497652307,0.46826912106957863,1.2892697099488954,0.3959375982473734,13,365443__504375
504375,M. Lacroix,424806,E. Pinnock,0.2801086617107124,0.32697934973022436,0.5690298372126936,0.3812310731364058,14,424806__504375
504375,M. Lacroix,590874,Toti,-0.115358273469841,0.46446061021725643,1.269855414451151,0.3694665173025061,15,504375__590874
504375,M. Lacroix,366217,K. Danso,-0.07307722991291656,0.40822537396168745,0.9831902226254795,0.296616378475522,16,366217__504375
504375,M. Lacroix,475597,S. Botman,0.17385007012334405,0.31719949631615085,0.519175977930744,0.29471413785593403,17,475597__504375
504375,M. Lacroix,568412,J. Gvardiol,-0.14564673892081703,0.38413962768867227,0.8604105290497351,0.20647330486887622,18,504375__568412
504375,M. Lacroix,8653,H. Maguire,-0.042383731557697285,0.3327654097795528,0.598524903374016,0.18193429066840233,19,8653__504375
504375,M. Lacroix,619747,L. Colwill,-0.4097520991255728,0.41319292024684534,1.0085128264510599,0.08664062482624857,20,504375__619747
504375,M. Lacroix,136441,B. Davies,0.03232717616280214,0.23851432777231166,0.11806983103123318,0.06233710536675301,21,136441__504375
504375,M. Lacroix,413002,K. Mavropanos,-0.107175575443654,0.2774551079959615,0.31657466493861147,0.04113700869013891,22,413002__504375
504375,M. Lacroix,777938,Dean Huijsen,-0.19644475277250423,0.30141436601836197,0.4387095709925007,0.02585926054524748,23,504375__777938
504375,M. Lacroix,192792,D. Burn,0.13502236275627952,0.1568590053881043,-0.29817699593106617,-0.016597412784291457,24,192792__504375
504375,M. Lacroix,479155,N. Collins,-0.025040141677577395,0.20067016424930545,-0.07484488077866541,-0.0424718003629582,25,479155__504375
504375,M. Lacroix,769441,L. Yoro,-0.43408806571706593,0.3347794167519744,0.6087915214862553,-0.06908021019590355,26,504375__769441
504375,M. Lacroix,625787,M. van de Ven,-0.34891614810382343,0.2839813501031191,0.3498428891005368,-0.10435048508229737,27,504375__625787
504375,M. Lacroix,7919,M. Keane,-0.0986429362445624,0.180197032182485,-0.1792088831727371,-0.12684101766942352,28,7919__504375
504375,M. Lacroix,234399,A. Webster,-0.21582847077355866,0.1993092552165685,-0.08178226159011691,-0.16891229755935402,29,234399__504375
504375,M. Lacroix,399581,D. O'Shea,-0.22593698285310432,0.14594953636584307,-0.3537891928065266,-0.2706852563368021,30,399581__504375
504375,M. Lacroix,415917,Gabriel Magalhaes,-0.3186891794467924,0.17956174726951502,-0.1824473166455308,-0.27100452746635084,31,415917__504375
504375,M. Lacroix,590703,I. Zabarnyi,-0.37761576366274663,0.19805696077154464,-0.08816596780722093,-0.27630833511331265,32,504375__590703
504375,M. Lacroix,9433,J. Tarkowski,-0.2927830698017447,0.15335242027806686,-0.31605219234090387,-0.3009272626904504,33,9433__504375
504375,M. Lacroix,424241,N. Milenković,-0.4477907872360506,0.19369611919794327,-0.11039582882419141,-0.3297025517918999,34,424241__504375
504375,M. Lacroix,604320,J. Branthwaite,-0.39994815615581214,0.15259789403990665,-0.31989847135032623,-0.3719307664738921,35,504375__604320
504375,M. Lacroix,346131,T. Chalobah,-0.444400668352224,0.15395640668936816,-0.3129733063614991,-0.3984010916554703,36,346131__504375
504375,M. Lacroix,545267,R. Drăgușin,-0.6269598157380081,0.14005349459802888,-0.3838449026589992,-0.541869596160355,37,504375__545267
504375,M. Lacroix,9097,L. Dunk,-0.5502374603154715,0.062039333046152736,-0.7815305189290436,-0.6311900308302217,38,9097__504375
504375,M. Lacroix,412968,M. Senesi,-0.7248555917165241,0.06768246811477803,-0.752764028296839,-0.7346235445196343,39,412968__504375
504375,M. Lacroix,283145,T. Adarabioyo,-0.6737445782670285,0.040761803437170396,-0.8899950246922125,-0.7494322345158428,40,283145__504375
504375,M. Lacroix,412027,E. Konsa,-0.7905489855765925,0.04269053352105626,-0.8801631147316256,-0.8219139307808541,41,412027__504375
504375,M. Lacroix,349142,N. Mazraoui,-0.8491203089531705,0.026844611904418142,-0.960939411984903,-0.8882569950142769,42,349142__504375
504375,M. Lacroix,558243,S. van den Berg,-0.9651032710142126,0.06768246811477803,-0.752764028296839,-0.8907845360631318,43,504375__558243
504375,M. Lacroix,447424,C. Bassey,-0.8598854353405728,0.026844611904418142,-0.960939411984903,-0.8952543271660884,44,447424__504375
504375,M. Lacroix,239411,T. Mings,-0.9943063755939692,0.07060362304065197,-0.7378731254939679,-0.9045547380589688,45,239411__504375
504375,M. Lacroix,397074,M. Guéhi,-0.883255222348144,0.02475863452225204,-0.9715729070356761,-0.9141664119887802,46,397074__504375
504375,M. Lacroix,534563,C. Richards,-1.022375595516015,0.06768246811477803,-0.752764028296839,-0.9280115469893033,47,504375__534563
504375,M. Lacroix,15806,J. Vestergaard,-0.9327801477261767,0.026844611904418142,-0.960939411984903,-0.9426358902167309,48,15806__504375
504375,M. Lacroix,557788,W. Fofana,-1.0424938748074923,0.05561128015496534,-0.814298212955319,-0.9626253931592317,49,504375__557788
504375,M. Lacroix,364003,S. Bueno,-1.0326944641445044,0.026844611904418142,-0.960939411984903,-1.007580195888644,50,364003__504375
504375,M. Lacroix,288080,C. Burgess,-1.1724279119547611,0.026844611904418142,-0.960939411984903,-1.0984069369653109,51,288080__504375
504375,M. Lacroix,415847,C. Romero,-1.181010851306513,0.027729535204479933,-0.9564284198658275,-1.102407000302273,52,415847__504375
504375,M. Lacroix,501419,J. Todibo,-1.2003414229790428,0.026844611904418142,-0.960939411984903,-1.116550719131094,53,501419__504375
504375,M. Lacroix,286380,I. Diop,-1.2361432409207944,0.026844611904418142,-0.960939411984903,-1.1398219007932324,54,286380__504375
504375,M. Lacroix,50102,F. Schär,-1.2427137511152258,0.02747989681738813,-0.9577009785121092,-1.1429592807041349,55,50102__504375
504375,M. Lacroix,258154,Rúben Dias,-1.1800349535797872,0.0,-1.0977827211530697,-1.151246672230436,56,258154__504375
504375,M. Lacroix,583655,C. Okoli,-1.272186744215363,0.02098610771024185,-0.9908037700006254,-1.1737027032402048,57,504375__583655
504375,M. Lacroix,285382,W. Faes,-1.303496541564381,0.026844611904418142,-0.960939411984903,-1.1836015462115637,58,285382__504375
504375,M. Lacroix,7953,C. Coady,-1.3378614469840637,0.026844611904418142,-0.960939411984903,-1.2059387347343575,59,7953__504375
504375,M. Lacroix,549884,T. Harwood-Bellis,-1.3563753797038605,0.026844611904418142,-0.960939411984903,-1.2179727910022253,60,504375__549884
504375,M. Lacroix,400549,Pau Torres,-1.3699393813590643,0.026844611904418142,-0.960939411984903,-1.2267893920781079,61,400549__504375
504375,M. Lacroix,518805,L. Woolfenden,-1.4386098379545198,0.026844611904418142,-0.960939411984903,-1.271425188865154,62,504375__518805
504375,M. Lacroix,488453,L. Martínez,-1.5122593144278722,0.026844611904418142,-0.960939411984903,-1.319297348572833,63,488453__504375
504375,M. Lacroix,297957,M. Akanji,-1.5409709194628198,0.0,-1.0977827211530697,-1.3858550500544073,64,297957__504375
518805,L. Woolfenden,370,V. van Dijk,1.0097666487920842,1.1542142776197672,3.211576068638473,1.7803999457383202,1,370__518805
518805,L. Woolfenden,62126,M. Doherty,0.5178332988822945,0.7819665312766342,1.8242464083068148,0.9750778871808766,2,62126__518805
518805,L. Woolfenden,393247,I. Konaté,0.4390913371347523,0.6965978831880453,1.5060861005032489,0.812539504313726,3,393247__518805
518805,L. Woolfenden,620468,J. Greaves,0.23484283118179206,0.7960252078525006,1.876641672456328,0.8094724256278796,4,518805__620468
518805,L. Woolfenden,590781,J. van Hecke,0.13083659884620097,0.72125473650077,1.5979796962798052,0.6443366829479624,5,518805__590781
518805,L. Woolfenden,424806,E. Pinnock,0.10380941793052073,0.6603112776300237,1.3708495956272873,0.547273480124389,6,424806__518805
518805,L. Woolfenden,8360,C. Dawson,-0.051185476223544746,0.6638463350606276,1.3840243967446375,0.45113797931531896,7,8360__518805
518805,L. Woolfenden,578325,W. Saliba,0.11079168737744993,0.5243705570734336,0.8642122941856526,0.37448889976032085,8,518805__578325
518805,L. Woolfenden,496001,M. Kilman,-0.025368545528113295,0.5755161258829783,1.0548266506218338,0.3526997731243682,9,496001__518805
518805,L. Woolfenden,475597,S. Botman,-0.002449173656847714,0.5571068206795958,0.9862170340811114,0.34358399905143794,10,475597__518805
518805,L. Woolfenden,145787,J. Andersen,-0.06115021699147394,0.5818227009945152,1.0783306175183305,0.3376680750869576,11,145787__518805
518805,L. Woolfenden,623641,E. Agbadou,0.013669835023576327,0.5321102542398799,0.8930573618764001,0.32145546942206465,12,518805__623641
518805,L. Woolfenden,192792,D. Burn,0.0019231391386951846,0.43219758572482836,0.5206929625334811,0.18349257732687024,13,192792__518805
518805,L. Woolfenden,136441,B. Davies,-0.14574773964408239,0.4676763723454851,0.6529188080219962,0.1337855520390451,14,136441__518805
518805,L. Woolfenden,365443,M. de Ligt,-0.20495541100145592,0.4912844520916555,0.7409037309049052,0.12609528866577047,15,365443__518805
518805,L. Woolfenden,7919,M. Keane,-0.27494218002475407,0.5220454424895298,0.8555468275505744,0.12072897262661086,16,7919__518805
518805,L. Woolfenden,240032,J. Bednarek,-0.17452358670228502,0.4675665612829509,0.6525095533103616,0.11493801230214129,17,240032__518805
518805,L. Woolfenden,479155,N. Collins,-0.15225767240917332,0.44499152001613956,0.5683746602443093,0.09996364401954556,18,479155__518805
518805,L. Woolfenden,9433,J. Tarkowski,-0.40758581429163654,0.5665129988327684,1.0212729076772704,0.09251473839748087,19,9433__518805
518805,L. Woolfenden,8653,H. Maguire,-0.21868297533788916,0.4308796739548645,0.5157812388061177,0.03837949961251322,20,8653__518805
518805,L. Woolfenden,627012,Murillo,-0.4471109593073497,0.5159870952359806,0.8329679807475906,0.0009166697118794254,21,518805__627012
518805,L. Woolfenden,366217,K. Danso,-0.24937647369310828,0.4053800248280456,0.42074662836397253,-0.014833387973129997,22,366217__518805
518805,L. Woolfenden,234399,A. Webster,-0.34376949878520013,0.4275765758119522,0.5034709264679885,-0.047235349946584126,23,234399__518805
518805,L. Woolfenden,590874,Toti,-0.35198189509324573,0.42919837079300055,0.5095151921547214,-0.050457914556457234,24,518805__590874
518805,L. Woolfenden,777938,Dean Huijsen,-0.2991214269798014,0.38570028070183215,0.3474022145904994,-0.07283815243019612,25,518805__777938
518805,L. Woolfenden,413002,K. Mavropanos,-0.29884529753095584,0.38172900713821667,0.33260168011253854,-0.07783885535573283,26,413002__518805
518805,L. Woolfenden,568412,J. Gvardiol,-0.39018555653631487,0.40387357479694086,0.41513224162694,-0.10832432717917567,27,518805__568412
518805,L. Woolfenden,399581,D. O'Shea,-0.402236226633296,0.40087378341792146,0.40395232288786287,-0.1200702343008904,28,399581__518805
518805,L. Woolfenden,619747,L. Colwill,-0.520738837250598,0.41319292024684534,0.4498644985298779,-0.18102766972743142,29,518805__619747
518805,L. Woolfenden,424241,N. Milenković,-0.5504674614433478,0.3216642575161885,0.10874643986019782,-0.31974259598710686,30,424241__518805
518805,L. Woolfenden,415917,Gabriel Magalhaes,-0.503649526192139,0.2801960646645588,-0.04580131622047604,-0.343402652702057,31,415917__518805
518805,L. Woolfenden,625787,M. van de Ven,-0.5293013088298648,0.2571367381987009,-0.13174109118923213,-0.3901552326556434,32,518805__625787
518805,L. Woolfenden,604320,J. Branthwaite,-0.5145516391595771,0.22352512197622365,-0.2570081816557629,-0.42441142903324214,33,518805__604320
518805,L. Woolfenden,769441,L. Yoro,-0.8202595316082426,0.30793480484755625,0.05757815987884473,-0.513016339587762,34,518805__769441
518805,L. Woolfenden,590703,I. Zabarnyi,-0.5562036701905969,0.1712123488671265,-0.4519725903362983,-0.5197227922415923,35,518805__590703
518805,L. Woolfenden,346131,T. Chalobah,-0.6377910152990073,0.12711179478495002,-0.6163308901951966,-0.6302799715126736,36,346131__518805
518805,L. Woolfenden,283145,T. Adarabioyo,-0.7764212524743258,0.07437055731553885,-0.81289214216437,-0.7891860638658412,37,283145__518805
518805,L. Woolfenden,545267,R. Drăgușin,-0.8589029478772743,0.11320888269361074,-0.6681456358821168,-0.7921378886789692,38,518805__545267
518805,L. Woolfenden,412968,M. Senesi,-0.9343517069865204,0.13968598468219326,-0.5694681575918189,-0.8066424646983749,39,412968__518805
518805,L. Woolfenden,9097,L. Dunk,-0.7399022647040263,0.035194721141734595,-0.9588965170091639,-0.8165502530108244,40,9097__518805
518805,L. Woolfenden,239411,T. Mings,-1.0647435080837095,0.19273584543315192,-0.3717566979005951,-0.8221981245196195,41,239411__518805
518805,L. Woolfenden,397074,M. Guéhi,-0.9921066927131676,0.07783054195292097,-0.7999971297461957,-0.9248683456747275,42,397074__518805
518805,L. Woolfenden,558243,S. van den Berg,-1.239354984366452,0.16526526957014948,-0.4741367527310796,-0.9715286032940716,43,518805__558243
518805,L. Woolfenden,534563,C. Richards,-1.1664352975786496,0.12506044525831572,-0.623976062180694,-0.9765745651893651,44,518805__534563
518805,L. Woolfenden,557788,W. Fofana,-1.1763828845784565,0.05561128015496534,-0.8828060687546901,-1.0736309990401383,45,518805__557788
518805,L. Woolfenden,415847,C. Romero,-1.3198466649664673,0.09699149313390094,-0.7285862047515365,-1.1129055038912414,46,415847__518805
518805,L. Woolfenden,412027,E. Konsa,-1.2244637135505587,0.01584592161663812,-1.0310075337625972,-1.1567540506247722,47,412027__518805
518805,L. Woolfenden,583655,C. Okoli,-1.3745743294345818,0.08279415042653125,-0.78149826353314,-1.1669977063690773,48,518805__583655
518805,L. Woolfenden,447424,C. Bassey,-1.247296767316707,0.0,-1.0900636792195224,-1.1922651864826923,49,447424__518805
518805,L. Woolfenden,15806,J. Vestergaard,-1.2684943484890951,0.0,-1.0900636792195224,-1.2060436142447446,50,15806__518805
518805,L. Woolfenden,349142,N. Mazraoui,-1.2819992010893992,0.0,-1.0900636792195224,-1.2148217684349425,51,349142__518805
518805,L. Woolfenden,364003,S. Bueno,-1.3320476716048881,0.0,-1.0900636792195224,-1.2473532742700102,52,364003__518805
518805,L. Woolfenden,288080,C. Burgess,-1.3631956988842198,0.0,-1.0900636792195224,-1.2675994920015756,53,288080__518805
518805,L. Woolfenden,504375,M. Lacroix,-1.4386098379545198,0.0,-1.0900636792195224,-1.3166186823972708,54,504375__518805
518805,L. Woolfenden,50102,F. Schär,-1.510782665109364,0.023883995244168947,-1.0010504472121686,-1.3323763888453457,55,50102__518805
518805,L. Woolfenden,286380,I. Diop,-1.540237073843672,0.0,-1.0900636792195224,-1.3826763857252198,56,286380__518805
518805,L. Woolfenden,549884,T. Harwood-Bellis,-1.6425005734904736,0.0,-1.0900636792195224,-1.4491476604956408,57,518805__549884
518805,L. Woolfenden,258154,Rúben Dias,-1.6509486930768769,0.0,-1.0900636792195224,-1.454638938226803,58,258154__518805
518805,L. Woolfenden,285382,W. Faes,-1.6527636812322402,0.0,-1.0900636792195224,-1.455818680527789,59,285382__518805
518805,L. Woolfenden,501419,J. Todibo,-1.7237058416393052,0.0,-1.0900636792195224,-1.501931084792381,60,501419__518805
518805,L. Woolfenden,297957,M. Akanji,-1.982132258505141,0.0,-1.0900636792195224,-1.6699082557551748,61,297957__518805
518805,L. Woolfenden,7953,C. Coady,-1.9909420941878004,0.0,-1.0900636792195224,-1.6756346489489031,62,7953__518805
518805,L. Woolfenden,400549,Pau Torres,-2.1110059105725454,0.0,-1.0900636792195224,-1.7536761295989876,63,400549__518805
518805,L. Woolfenden,488453,L. Martínez,-2.1205783327906764,0.0,-1.0900636792195224,-1.7598982040407725,64,488453__518805
534563,C. Richards,370,V. van Dijk,1.2637283482317527,0.5272708814177869,2.022291163873148,1.5292253337062411,1,370__534563
534563,C. Richards,62126,M. Doherty,0.8423775941890376,0.5272708814177869,2.022291163873148,1.2553473435784763,2,62126__534563
534563,C. Richards,393247,I. Konaté,0.7248125513789323,0.5272708814177869,2.022291163873148,1.1789300657519077,3,393247__534563
534563,C. Richards,578325,W. Saliba,0.6627312785960306,0.5272708814177869,2.022291163873148,1.1385772384430217,4,534563__578325
534563,C. Richards,623641,E. Agbadou,0.47961266383420886,0.5272708814177869,2.022291163873148,1.0195501388478376,5,534563__623641
534563,C. Richards,590781,J. van Hecke,0.38479829828586937,0.45602861726423516,1.6285413396330377,0.8201083627573783,6,534563__590781
534563,C. Richards,590874,Toti,0.18760416358885296,0.48938151981036015,1.8128799435708456,0.7564506865825503,7,534563__590874
534563,C. Richards,8360,C. Dawson,0.4028872811297746,0.3735986256775955,1.1729579147520217,0.6724120028975611,8,8360__534563
534563,C. Richards,627012,Murillo,0.1564506870769855,0.4491981013373626,1.5907896696428967,0.6584693309750543,9,534563__627012
534563,C. Richards,620468,J. Greaves,0.48880453062146006,0.31044427254658646,0.8239092743026439,0.6060911909098744,10,534563__620468
534563,C. Richards,365443,M. de Ligt,0.17185622533129663,0.4112875138364237,1.3812611356653612,0.5951479439482192,11,365443__534563
534563,C. Richards,240032,J. Bednarek,0.1459714881691839,0.4028075140006875,1.3343929109598607,0.5619189861459207,12,240032__534563
534563,C. Richards,145787,J. Andersen,0.21331913742552994,0.33948605537325494,0.9844206929034531,0.483204681842803,13,145787__534563
534563,C. Richards,496001,M. Kilman,0.22859315391155482,0.29792793054005184,0.7547325359752388,0.41274193763384426,14,496001__534563
534563,C. Richards,366217,K. Danso,0.05964617682579405,0.34054290584690944,0.990261813945769,0.38536164981778526,15,366217__534563
534563,C. Richards,568412,J. Gvardiol,0.08369312856498248,0.31044427254658646,0.8239092743026439,0.342768779573164,16,534563__568412
534563,C. Richards,475597,S. Botman,0.2641844498461328,0.2495170282013728,0.48716967123984417,0.3422292773339318,17,475597__534563
534563,C. Richards,424806,E. Pinnock,0.3577711173701888,0.21244613837777862,0.2822820736053296,0.3313499520524881,18,424806__534563
534563,C. Richards,619747,L. Colwill,-0.15538340189838007,0.36525322901385504,1.1268336301212112,0.29339255930847685,19,534563__619747
534563,C. Richards,777938,Dean Huijsen,-0.02790814903445625,0.26057650980800207,0.5482944683042831,0.17376276703410248,20,534563__777938
534563,C. Richards,769441,L. Yoro,-0.17834835643269853,0.30793480484755625,0.810039663655519,0.1675874505981776,21,534563__769441
534563,C. Richards,8653,H. Maguire,0.047459622778330324,0.21823219842710712,0.31426112641245796,0.14084014905027498,22,8653__534563
534563,C. Richards,136441,B. Davies,0.1528243047123493,0.1708318596575336,0.0522835590064846,0.11763504371529666,23,136441__534563
534563,C. Richards,625787,M. van de Ven,-0.13155183384108138,0.2571367381987009,0.529283148511453,0.09974040998230564,24,534563__625787
534563,C. Richards,413002,K. Mavropanos,0.04564671475563618,0.1635571815564858,0.012077043145096797,0.03389732969194739,25,413002__534563
534563,C. Richards,479155,N. Collins,0.10170402703049489,0.13499080557346516,-0.14580684300214783,0.015075222519069946,26,479155__534563
534563,C. Richards,192792,D. Burn,0.2558848385783633,0.06566382083003927,-0.5289710838098968,-0.018814734257527693,27,192792__534563
534563,C. Richards,234399,A. Webster,0.002165649660940072,0.1122559406815109,-0.2714604723707388,-0.09360349305014752,28,234399__534563
534563,C. Richards,590703,I. Zabarnyi,-0.17505228839782305,0.1712123488671265,0.05438648991670311,-0.0947487159877389,29,534563__590703
534563,C. Richards,7919,M. Keane,-0.020980480585086003,0.06566382083003927,-0.5289710838098968,-0.19877719171376976,30,7919__534563
534563,C. Richards,346131,T. Chalobah,-0.2288767082563833,0.12711179478495002,-0.18935345329062925,-0.21504356901836935,31,346131__534563
534563,C. Richards,424241,N. Milenković,-0.24083007352871483,0.1060075197499157,-0.30599495373268726,-0.2636377816001052,32,424241__534563
534563,C. Richards,604320,J. Branthwaite,-0.1631194609035818,0.0736154483053011,-0.48502312738253095,-0.275785744171214,33,534563__604320
534563,C. Richards,399581,D. O'Shea,-0.14827452719362771,0.06566382083003927,-0.5289710838098968,-0.28151832200932186,34,399581__534563
534563,C. Richards,9433,J. Tarkowski,-0.1536241148519683,0.06566382083003927,-0.5289710838098968,-0.28499555398724324,35,9433__534563
534563,C. Richards,415917,Gabriel Magalhaes,-0.17258733687729053,0.06566382083003927,-0.5289710838098968,-0.29732164830370267,36,415917__534563
534563,C. Richards,545267,R. Drăgușin,-0.35478527536213783,0.11320888269361074,-0.26619364439673454,-0.32377820452424666,37,534563__545267
534563,C. Richards,9097,L. Dunk,-0.3374653918524641,0.035194721141734595,-0.6973711590961937,-0.4634324103877695,38,9097__534563
534563,C. Richards,283145,T. Adarabioyo,-0.4745750702410487,0.001684122574108206,-0.8825813352880177,-0.6173772630074879,39,283145__534563
534563,C. Richards,412027,E. Konsa,-0.5576891391843172,0.01584592161663812,-0.8043102984228606,-0.6440065449178074,40,412027__534563
534563,C. Richards,349142,N. Mazraoui,-0.5769457685773003,0.0,-0.8918893349063995,-0.687176016792485,41,349142__534563
534563,C. Richards,557788,W. Fofana,-0.7461274573342146,0.05561128015496534,-0.5845306055489261,-0.6895685592093637,42,534563__557788
534563,C. Richards,412968,M. Senesi,-0.6043584631669771,0.0,-0.8918893349063995,-0.7049942682757748,43,412968__534563
534563,C. Richards,447424,C. Bassey,-0.6081833489195159,0.0,-0.8918893349063995,-0.7074804440149252,44,447424__534563
534563,C. Richards,397074,M. Guéhi,-0.6557215746942241,0.0,-0.8918893349063995,-0.7383802907684855,45,397074__534563
534563,C. Richards,15806,J. Vestergaard,-0.7034402802403771,0.0,-0.8918893349063995,-0.769397449373485,46,15806__534563
534563,C. Richards,364003,S. Bueno,-0.7605199237686342,0.0,-0.8918893349063995,-0.8064992176668521,47,364003__534563
534563,C. Richards,239411,T. Mings,-0.8658060264792949,0.02976576683029208,-0.7273765194161677,-0.8173556990072004,48,239411__534563
534563,C. Richards,258154,Rúben Dias,-0.8342378436310225,0.0,-0.8918893349063995,-0.8544158655774045,49,258154__534563
534563,C. Richards,558243,S. van den Berg,-0.8446061424646655,0.0,-0.8918893349063995,-0.8611552598192724,50,534563__558243
534563,C. Richards,288080,C. Burgess,-0.90176655295816,0.0,-0.8918893349063995,-0.8983095266400438,51,288080__534563
534563,C. Richards,501419,J. Todibo,-0.9281668826031724,0.0,-0.8918893349063995,-0.9154697409093019,52,501419__534563
534563,C. Richards,415847,C. Romero,-0.9598140940550117,0.0,-0.8918893349063995,-0.9360404283529974,53,415847__534563
534563,C. Richards,50102,F. Schär,-0.992956685307542,0.0,-0.8918893349063995,-0.9575831126671421,54,50102__534563
534563,C. Richards,504375,M. Lacroix,-1.022375595516015,0.0,-0.8918893349063995,-0.9767054043026495,55,504375__534563
534563,C. Richards,286380,I. Diop,-1.0295880495526915,0.0,-0.8918893349063995,-0.9813934994264892,56,286380__534563
534563,C. Richards,583655,C. Okoli,-1.0622085163982675,0.0,-0.8918893349063995,-1.0025968028761136,57,534563__583655
534563,C. Richards,7953,C. Coady,-1.0656869066081935,0.0,-0.8918893349063995,-1.0048577565125656,58,7953__534563
534563,C. Richards,285382,W. Faes,-1.096941350196278,0.0,-0.8918893349063995,-1.0251731448448205,59,285382__534563
534563,C. Richards,400549,Pau Torres,-1.0977648409831942,0.0,-0.8918893349063995,-1.0257084138563162,60,400549__534563
534563,C. Richards,549884,T. Harwood-Bellis,-1.106985515445687,0.0,-0.8918893349063995,-1.0317018522569363,61,534563__549884
534563,C. Richards,518805,L. Woolfenden,-1.1664352975786496,0.0,-0.8918893349063995,-1.070344210643362,62,518805__534563
534563,C. Richards,297957,M. Akanji,-1.217958485631752,0.0,-0.8918893349063995,-1.1038342828778787,63,297957__534563
534563,C. Richards,488453,L. Martínez,-1.2628694501696982,0.0,-0.8918893349063995,-1.1330264098275435,64,488453__534563
545267,R. Drăgușin,370,V. van Dijk,1.35089847049736,0.21421333855674385,1.4857761635556554,1.3981056630677633,1,370__545267
545267,R. Drăgușin,393247,I. Konaté,0.7802231588400278,0.21421333855674385,1.4857761635556554,1.0271667104904973,2,393247__545267
545267,R. Drăgușin,62126,M. Doherty,0.8589651205875698,0.18958171945318092,1.1864273482831014,0.9735769002810057,3,62126__545267
545267,R. Drăgușin,620468,J. Greaves,0.5759746528870671,0.21421333855674385,1.4857761635556554,0.894405181621073,4,545267__620468
545267,R. Drăgușin,590781,J. van Hecke,0.47196842055147625,0.21421333855674385,1.4857761635556554,0.8268011306029389,5,545267__590781
545267,R. Drăgușin,424806,E. Pinnock,0.4449412396357958,0.21421333855674385,1.4857761635556554,0.8092334630077467,6,424806__545267
545267,R. Drăgușin,192792,D. Burn,0.47400552547139946,0.20424034340245228,1.364574050466619,0.7857045092197263,7,192792__545267
545267,R. Drăgușin,7919,M. Keane,0.3188829385549077,0.21421333855674385,1.4857761635556554,0.7272955673051693,8,7919__545267
545267,R. Drăgușin,9433,J. Tarkowski,0.3084644845141662,0.21421333855674385,1.4857761635556554,0.7205235721786873,9,9433__545267
545267,R. Drăgușin,145787,J. Andersen,0.27998160471380096,0.21421333855674385,1.4857761635556554,0.70200970030845,10,145787__545267
545267,R. Drăgușin,496001,M. Kilman,0.3157632761771617,0.19810651822891082,1.2900294867873678,0.6567564498907338,11,496001__545267
545267,R. Drăgușin,8653,H. Maguire,0.12244884636738593,0.2125570814689465,1.465647620850674,0.5925684174365367,12,8653__545267
545267,R. Drăgușin,479155,N. Collins,0.22899446787795072,0.18515479614000008,1.132626814768378,0.5452657892896002,13,479155__545267
545267,R. Drăgușin,399581,D. O'Shea,0.24755794250474644,0.17291654109554544,0.9838949294157447,0.5052758879235959,14,399581__545267
545267,R. Drăgușin,578325,W. Saliba,0.5490251324768294,0.11956386571226346,0.33549824463198114,0.4742907217311325,15,545267__578325
545267,R. Drăgușin,234399,A. Webster,0.06159365981927378,0.17229602501765603,0.9763537786699176,0.3817597014169991,16,234399__545267
545267,R. Drăgușin,623641,E. Agbadou,0.38730153282025415,0.11956386571226346,0.33549824463198114,0.3691703819543586,17,545267__623641
545267,R. Drăgușin,424241,N. Milenković,-0.1427164978348253,0.19560737436658648,1.2596573155047157,0.348114336834014,18,424241__545267
545267,R. Drăgușin,415917,Gabriel Magalhaes,0.010429525971320283,0.17040350554538125,0.9533539320287461,0.3404530680914193,19,415917__545267
545267,R. Drăgușin,413002,K. Mavropanos,0.05628919154452908,0.16305296578163783,0.864022598971062,0.3389958841438156,20,413002__545267
545267,R. Drăgușin,8360,C. Dawson,0.3386034222685512,0.11956386571226346,0.33549824463198114,0.33751661009575173,21,8360__545267
545267,R. Drăgușin,240032,J. Bednarek,0.16660823500299007,0.13042286811230264,0.4674680306954295,0.2719091634953439,22,240032__545267
545267,R. Drăgușin,777938,Dean Huijsen,0.04201039472547363,0.14848732632587403,0.6870059401620044,0.2677588356282594,23,545267__777938
545267,R. Drăgușin,365443,M. de Ligt,0.13617641070381922,0.12969472970775064,0.4586189425441128,0.24903129684792197,24,365443__545267
545267,R. Drăgușin,475597,S. Botman,0.3386826480484273,0.0946494728444804,0.032712871212211524,0.23159322615575179,25,475597__545267
545267,R. Drăgușin,366217,K. Danso,0.09175534801216687,0.12594169639326178,0.4130082146562265,0.20419385133758772,26,366217__545267
545267,R. Drăgușin,604320,J. Branthwaite,-0.07718526950459693,0.15169556820920127,0.725995801236256,0.2039281052547016,27,545267__604320
545267,R. Drăgușin,627012,Murillo,0.04274454095778411,0.11956386571226346,0.33549824463198114,0.14520833724375307,28,545267__627012
545267,R. Drăgușin,136441,B. Davies,0.1953840820611926,0.0946494728444804,0.032712871212211524,0.13844915826404924,29,136441__545267
545267,R. Drăgușin,568412,J. Gvardiol,-0.010416936643628805,0.11956386571226346,0.33549824463198114,0.11065337680283467,30,545267__568412
545267,R. Drăgușin,619747,L. Colwill,-0.17960701554532293,0.11360351206302959,0.26306188565769345,-0.024672900124267205,31,545267__619747
545267,R. Drăgușin,239411,T. Mings,-0.25309348586719754,0.12441523967477248,0.3944571397827723,-0.0264507668897081,32,239411__545267
545267,R. Drăgușin,558243,S. van den Berg,-0.3092680248261692,0.0946494728444804,0.032712871212211524,-0.18957471121273595,33,545267__558243
545267,R. Drăgușin,590874,Toti,0.07389801746965156,0.027774459222612576,-0.7800212009928243,-0.22497370899221497,34,545267__590874
545267,R. Drăgușin,412968,M. Senesi,-0.3090036165388961,0.08225729777387507,-0.1178896088943114,-0.24211371386329145,35,412968__545267
545267,R. Drăgușin,534563,C. Richards,-0.35478527536213783,0.08134160494982681,-0.1290180516036571,-0.2757667470466696,36,534563__545267
545267,R. Drăgușin,283145,T. Adarabioyo,-0.3048983953780419,0.06475813762776333,-0.3305574337733313,-0.3138790588163932,37,283145__545267
545267,R. Drăgușin,397074,M. Guéhi,-0.39828157413350573,0.04875496871284497,-0.5250444317715439,-0.44264857430681914,38,397074__545267
545267,R. Drăgușin,557788,W. Fofana,-0.4699102557004984,0.05561128015496534,-0.44171947052116844,-0.46004348088773295,39,545267__557788
545267,R. Drăgușin,625787,M. van de Ven,-0.18816948712458978,0.0,-1.117565047711463,-0.5134579333299953,40,545267__625787
545267,R. Drăgușin,346131,T. Chalobah,-0.29665919359373205,0.013902912091339287,-0.9486025346958699,-0.5248393629794803,41,346131__545267
545267,R. Drăgușin,415847,C. Romero,-0.5513145907052781,0.05172586939507287,-0.48893898552466264,-0.5294831288920627,42,415847__545267
545267,R. Drăgușin,590703,I. Zabarnyi,-0.21507184848532193,0.0,-1.117565047711463,-0.5309444682144713,43,545267__590703
545267,R. Drăgușin,583655,C. Okoli,-0.5374188862891804,0.04498244190083479,-0.5708920647270179,-0.5491344987424236,44,545267__583655
545267,R. Drăgușin,9097,L. Dunk,-0.32136439356094526,0.006649282862882583,-1.0367561110740788,-0.571751494690542,45,9097__545267
545267,R. Drăgușin,769441,L. Yoro,-0.3184543443504678,0.0,-1.117565047711463,-0.5981430905268161,46,545267__769441
545267,R. Drăgușin,50102,F. Schär,-0.6101731759837387,0.023883995244168947,-0.8273021279148871,-0.6861683091596407,47,50102__545267
545267,R. Drăgușin,15806,J. Vestergaard,-0.5612226754058317,0.0,-1.117565047711463,-0.7559425057128026,48,15806__545267
545267,R. Drăgușin,412027,E. Konsa,-0.5858983073565173,0.0,-1.117565047711463,-0.7719816664807483,49,412027__545267
545267,R. Drăgușin,447424,C. Bassey,-0.5955410331128717,0.0,-1.117565047711463,-0.7782494382223786,50,447424__545267
545267,R. Drăgușin,288080,C. Burgess,-0.5963306052710098,0.0,-1.117565047711463,-0.7787626601251684,51,288080__545267
545267,R. Drăgușin,286380,I. Diop,-0.6177517773254021,0.0,-1.117565047711463,-0.7926864219605234,52,286380__545267
545267,R. Drăgușin,349142,N. Mazraoui,-0.6194969130559864,0.0,-1.117565047711463,-0.7938207601854033,53,349142__545267
545267,R. Drăgușin,364003,S. Bueno,-0.62549627595785,0.0,-1.117565047711463,-0.7977203460716145,54,364003__545267
545267,R. Drăgușin,504375,M. Lacroix,-0.6269598157380081,0.0,-1.117565047711463,-0.7986716469287173,55,504375__545267
545267,R. Drăgușin,285382,W. Faes,-0.6851050779689888,0.0,-1.117565047711463,-0.8364660673788548,56,285382__545267
545267,R. Drăgușin,501419,J. Todibo,-0.7350849059991249,0.0,-1.117565047711463,-0.8689529555984432,57,501419__545267
545267,R. Drăgușin,258154,Rúben Dias,-0.738857405036889,0.0,-1.117565047711463,-0.8714050799729899,58,258154__545267
545267,R. Drăgușin,549884,T. Harwood-Bellis,-0.7390490736364316,0.0,-1.117565047711463,-0.8715296645626925,59,545267__549884
545267,R. Drăgușin,400549,Pau Torres,-0.8283826156475946,0.0,-1.117565047711463,-0.9295964668699486,60,400549__545267
545267,R. Drăgușin,7953,C. Coady,-0.8292993834267789,0.0,-1.117565047711463,-0.9301923659264184,61,7953__545267
545267,R. Drăgușin,297957,M. Akanji,-0.8554019180951227,0.0,-1.117565047711463,-0.9471590134608419,62,297957__545267
545267,R. Drăgușin,518805,L. Woolfenden,-0.8589029478772743,0.0,-1.117565047711463,-0.9494346828192404,63,518805__545267
545267,R. Drăgușin,488453,L. Martínez,-0.9003128826330691,0.0,-1.117565047711463,-0.976351140410507,64,488453__545267
549884,T. Harwood-Bellis,370,V. van Dijk,1.1242406487603014,0.884193576329466,2.5664040265566155,1.6289978309890114,1,370__549884
549884,T. Harwood-Bellis,62126,M. Doherty,0.6323072988505111,0.8533871379640401,2.441407958241745,1.2654925296374429,2,62126__549884
549884,T. Harwood-Bellis,393247,I. Konaté,0.5535653371029691,0.8498437593246438,2.4270308207998363,1.2092782563968725,3,393247__549884
549884,T. Harwood-Bellis,578325,W. Saliba,0.3118398867242458,0.6984026094514372,1.8125635431907998,0.8370931664875396,4,549884__578325
549884,T. Harwood-Bellis,623641,E. Agbadou,0.1660235853558218,0.7061423066178836,1.843967099300658,0.7533038152365145,5,549884__623641
549884,T. Harwood-Bellis,590781,J. van Hecke,0.24531059881441764,0.6170822300297519,1.4826088895235974,0.6783650005626305,6,549884__590781
549884,T. Harwood-Bellis,620468,J. Greaves,0.34931683115000844,0.5535180640976216,1.2246994638060407,0.6557007525796197,7,549884__620468
549884,T. Harwood-Bellis,8360,C. Dawson,0.11732547480411887,0.5105084957791336,1.0501896137558537,0.44382792343722605,8,8360__549884
549884,T. Harwood-Bellis,145787,J. Andersen,0.053323782976742506,0.5358801838860603,1.1531343690780467,0.43825748811219895,9,145787__549884
549884,T. Harwood-Bellis,424806,E. Pinnock,0.21828341789873718,0.4555199299288138,0.8270753915912662,0.43136060869112236,10,424806__549884
549884,T. Harwood-Bellis,496001,M. Kilman,0.08910545444010326,0.44188507654394016,0.7717524410786992,0.3280318997636118,11,496001__549884
549884,T. Harwood-Bellis,590874,Toti,-0.16328722828293216,0.5391869130624941,1.1665513094310145,0.30215625991694917,12,549884__590874
549884,T. Harwood-Bellis,365443,M. de Ligt,-0.08984954074787041,0.4912844520916555,0.9721887150623887,0.2818638487857203,13,365443__549884
549884,T. Harwood-Bellis,240032,J. Bednarek,-0.06004958673406871,0.4675665612829509,0.875954185622702,0.267551733590801,14,240032__549884
549884,T. Harwood-Bellis,627012,Murillo,-0.19444070479479936,0.5159870952359806,1.0724188433686614,0.24896013706241188,15,549884__627012
549884,T. Harwood-Bellis,475597,S. Botman,0.11202482631136867,0.35568094965086994,0.42198214935153455,0.2205098893754267,16,475597__549884
549884,T. Harwood-Bellis,366217,K. Danso,-0.13490247372489175,0.4019417567172675,0.6096837892419177,0.12570271831349156,17,366217__549884
549884,T. Harwood-Bellis,8653,H. Maguire,-0.10420897536967252,0.37663990767103106,0.507022403515961,0.1097220072402992,18,8653__549884
549884,T. Harwood-Bellis,568412,J. Gvardiol,-0.2316948841080611,0.40387357479694086,0.617522074920854,0.06553105155205916,19,549884__568412
549884,T. Harwood-Bellis,777938,Dean Huijsen,-0.18464742701158496,0.3549662055214349,0.41908209953172854,0.02665790727857474,20,549884__777938
549884,T. Harwood-Bellis,192792,D. Burn,0.11639713910691146,0.21575479200746903,-0.14576344176039077,0.024640935803355683,21,192792__549884
549884,T. Harwood-Bellis,136441,B. Davies,-0.031273739675866,0.2769957811070307,0.1027197735453458,0.015623989951558132,22,136441__549884
549884,T. Harwood-Bellis,413002,K. Mavropanos,-0.18437129756273918,0.34395615172739824,0.3744091834398014,0.011201870788150006,23,413002__549884
549884,T. Harwood-Bellis,479155,N. Collins,-0.03778367244095662,0.2659962294884427,0.05808946967052269,-0.004228072701938864,24,479155__549884
549884,T. Harwood-Bellis,7919,M. Keane,-0.16046818005653757,0.30873761238107444,0.2315111665426712,-0.023275408746814497,25,7919__549884
549884,T. Harwood-Bellis,619747,L. Colwill,-0.4062648372823815,0.41319292024684534,0.6553349998259764,-0.03470489429445622,26,549884__619747
549884,T. Harwood-Bellis,234399,A. Webster,-0.22059062654490583,0.3018979700884415,0.20375955224964373,-0.07206806396681348,27,234399__549884
549884,T. Harwood-Bellis,9433,J. Tarkowski,-0.29311181432342004,0.30873761238107444,0.2315111665426712,-0.10949377102028812,28,9433__549884
549884,T. Harwood-Bellis,424241,N. Milenković,-0.4359934614751313,0.3189608985057768,0.2729917997690008,-0.1878486200396851,29,424241__549884
549884,T. Harwood-Bellis,415917,Gabriel Magalhaes,-0.38917552622392243,0.2534133307646951,0.0070347891580938475,-0.25050191584021675,30,415917__549884
549884,T. Harwood-Bellis,625787,M. van de Ven,-0.4148273088616482,0.2571367381987009,0.022142387266787293,-0.2618879152166958,31,549884__625787
549884,T. Harwood-Bellis,769441,L. Yoro,-0.5556395901030513,0.30793480484755625,0.22825380247763366,-0.28127690269981154,32,549884__769441
549884,T. Harwood-Bellis,399581,D. O'Shea,-0.28776222666507945,0.18443098970056215,-0.27285869654420314,-0.28254599112277273,33,399581__549884
549884,T. Harwood-Bellis,604320,J. Branthwaite,-0.4000776391913604,0.22352512197622365,-0.11423559410457144,-0.30003292341098425,34,549884__604320
549884,T. Harwood-Bellis,590703,I. Zabarnyi,-0.4417296702223803,0.1712123488671265,-0.3264928788877294,-0.4013967932552525,35,549884__590703
549884,T. Harwood-Bellis,346131,T. Chalobah,-0.5227853936964657,0.12711179478495002,-0.505429366299592,-0.5167107841075599,36,346131__549884
549884,T. Harwood-Bellis,545267,R. Drăgușin,-0.7390490736364316,0.11320888269361074,-0.5618399558306111,-0.6770258824043944,37,545267__549884
549884,T. Harwood-Bellis,283145,T. Adarabioyo,-0.6619472525061092,0.05887385998090005,-0.7823024491031308,-0.7040715713150667,38,283145__549884
549884,T. Harwood-Bellis,9097,L. Dunk,-0.6254282647358099,0.035194721141734595,-0.8783797437539596,-0.7139612823921623,39,9097__549884
549884,T. Harwood-Bellis,412968,M. Senesi,-0.819877707018304,0.07637302012701178,-0.7113002062884901,-0.7818755817628691,40,412968__549884
549884,T. Harwood-Bellis,239411,T. Mings,-1.019690226223708,0.1359296882797892,-0.46965106552363567,-0.8271765199786827,41,239411__549884
549884,T. Harwood-Bellis,397074,M. Guéhi,-0.8776326927449511,0.04287069106598168,-0.8472347587461865,-0.8669934158453835,42,397074__549884
549884,T. Harwood-Bellis,412027,E. Konsa,-0.9121005099625776,0.01584592161663812,-0.9568868349847328,-0.9277757237203319,43,412027__549884
549884,T. Harwood-Bellis,558243,S. van den Berg,-1.1092677259761559,0.10195230501496799,-0.6075131341390253,-0.9336536188331601,44,549884__558243
549884,T. Harwood-Bellis,557788,W. Fofana,-1.0472560305788394,0.05561128015496534,-0.7955402549788967,-0.9591555091188595,45,549884__557788
549884,T. Harwood-Bellis,534563,C. Richards,-1.106985515445687,0.07545732730296352,-0.7150155985526809,-0.9697960445331348,46,534563__549884
549884,T. Harwood-Bellis,447424,C. Bassey,-0.9814369597265581,0.0,-1.0211811191019222,-0.9953474155079356,47,447424__549884
549884,T. Harwood-Bellis,349142,N. Mazraoui,-1.0530110444891239,0.0,-1.0211811191019222,-1.0418705706036033,48,349142__549884
549884,T. Harwood-Bellis,15806,J. Vestergaard,-1.054331672112162,0.0,-1.0211811191019222,-1.042728978558578,49,15806__549884
549884,T. Harwood-Bellis,415847,C. Romero,-1.2053726649982508,0.04584159174820958,-0.8351804310038007,-1.0758053831001932,50,415847__549884
549884,T. Harwood-Bellis,364003,S. Bueno,-1.2175736716366714,0.0,-1.0211811191019222,-1.1488362782495092,51,364003__549884
549884,T. Harwood-Bellis,583655,C. Okoli,-1.3295210475745807,0.039098164253971494,-0.8625416570484233,-1.1660782608904257,52,549884__583655
549884,T. Harwood-Bellis,288080,C. Burgess,-1.248721698916003,0.0,-1.0211811191019222,-1.1690824959810748,53,288080__549884
549884,T. Harwood-Bellis,258154,Rúben Dias,-1.310303119542846,0.0,-1.0211811191019222,-1.2091104193885227,54,258154__549884
549884,T. Harwood-Bellis,50102,F. Schär,-1.3920472524350536,0.018747341456699634,-0.9451144233791943,-1.2356207622655027,55,50102__549884
549884,T. Harwood-Bellis,504375,M. Lacroix,-1.3563753797038605,0.0,-1.0211811191019222,-1.2390573884931821,56,504375__549884
549884,T. Harwood-Bellis,501419,J. Todibo,-1.4042321585149964,0.0,-1.0211811191019222,-1.2701642947204204,57,501419__549884
549884,T. Harwood-Bellis,286380,I. Diop,-1.4246455469402401,0.0,-1.0211811191019222,-1.283432997196829,58,286380__549884
549884,T. Harwood-Bellis,285382,W. Faes,-1.4907118554365475,0.0,-1.0211811191019222,-1.3263760977194288,59,285382__549884
549884,T. Harwood-Bellis,7953,C. Coady,-1.5417521825200171,0.0,-1.0211811191019222,-1.359552310323684,60,7953__549884
549884,T. Harwood-Bellis,400549,Pau Torres,-1.573830116895018,0.0,-1.0211811191019222,-1.3804029676674345,61,400549__549884
549884,T. Harwood-Bellis,518805,L. Woolfenden,-1.6425005734904736,0.0,-1.0211811191019222,-1.4250387644544806,62,518805__549884
549884,T. Harwood-Bellis,297957,M. Akanji,-1.7727936418361838,0.0,-1.0211811191019222,-1.5097292588791922,63,297957__549884
549884,T. Harwood-Bellis,488453,L. Martínez,-1.8198203262993453,0.0,-1.0211811191019222,-1.5402966037802472,64,488453__549884
557788,W. Fofana,370,V. van Dijk,1.2047447803852067,0.39768572035268146,1.718455404100772,1.3845434986856544,1,370__557788
557788,W. Fofana,393247,I. Konaté,0.6340694687278748,0.39652496342182464,1.7095786416468424,1.0104976792495135,2,393247__557788
557788,W. Fofana,62126,M. Doherty,0.7128114304754168,0.3629117104144467,1.4525249430485636,0.9717111598760182,3,62126__557788
557788,W. Fofana,590781,J. van Hecke,0.32581473043932335,0.39768572035268146,1.718455404100772,0.8132389662208304,4,557788__590781
557788,W. Fofana,475597,S. Botman,0.31608021755357196,0.37095978693977405,1.5140717334464846,0.7353772481160914,5,475597__557788
557788,W. Fofana,578325,W. Saliba,0.427453982944911,0.3299235847784032,1.2002518380709402,0.6979332322390212,6,557788__578325
557788,W. Fofana,496001,M. Kilman,0.1696095860650088,0.3537068684484138,1.382131914683768,0.5939924010815746,7,496001__557788
557788,W. Fofana,620468,J. Greaves,0.3356371350330127,0.31254258729082535,1.0673325491068935,0.5917305299588709,8,557788__620468
557788,W. Fofana,623641,E. Agbadou,0.24433536818308912,0.3299235847784032,1.2002518380709402,0.578906132643837,9,557788__623641
557788,W. Fofana,240032,J. Bednarek,0.02045454489083714,0.3772870164009098,1.5624585329778462,0.5601559407212903,10,240032__557788
557788,W. Fofana,8360,C. Dawson,0.18317675239762413,0.3299235847784032,1.2002518380709402,0.5391530323832847,11,8360__557788
557788,W. Fofana,366217,K. Danso,-0.05439834209998621,0.3850973199819244,1.6221869806301614,0.5324065208555654,12,366217__557788
557788,W. Fofana,145787,J. Andersen,0.05751838993485233,0.3415843701174938,1.289426426419051,0.48868620270432184,13,145787__557788
557788,W. Fofana,136441,B. Davies,0.20472007241978835,0.2922746183959348,0.9123354601205071,0.45238545811503994,14,136441__557788
557788,W. Fofana,424806,E. Pinnock,0.29878754952364267,0.26822507628614056,0.7284192010318452,0.44915862755151353,15,424806__557788
557788,W. Fofana,627012,Murillo,-0.07882660857413416,0.3299235847784032,1.2002518380709402,0.3688508477516418,16,557788__627012
557788,W. Fofana,8653,H. Maguire,-0.023704843744766956,0.27401113633546903,0.772667466311768,0.25502546477502025,17,8653__557788
557788,W. Fofana,568412,J. Gvardiol,-0.15158416708613723,0.2984610748806702,0.9596457136169325,0.23734629115993716,18,557788__568412
557788,W. Fofana,365443,M. de Ligt,-0.12239023510028008,0.28637382560976743,0.8672097887071085,0.22396977323230588,19,365443__557788
557788,W. Fofana,769441,L. Yoro,-0.30274631652983325,0.3299235847784032,1.2002518380709402,0.2233030375804374,20,557788__769441
557788,W. Fofana,625787,M. van de Ven,-0.2358402891359981,0.3108173613628239,1.0541390713553327,0.21565248703596762,21,557788__625787
557788,W. Fofana,590874,Toti,-0.13968772142219849,0.27624296161428025,0.7897351075310702,0.18561026871144556,22,557788__590874
557788,W. Fofana,777938,Dean Huijsen,-0.18484003643646016,0.2745007919008866,0.7764120540225199,0.15159819522418283,23,557788__777938
557788,W. Fofana,413002,K. Mavropanos,-0.10386716593783363,0.184562109526613,0.08861575694028484,-0.03649814293049217,24,413002__557788
557788,W. Fofana,590703,I. Zabarnyi,-0.3042692841639689,0.2248929720312495,0.3970416439616898,-0.058810459319988406,25,557788__590703
557788,W. Fofana,619747,L. Colwill,-0.6161608411950044,0.28919015601362874,0.8887473693342627,-0.08944296750976094,26,557788__619747
557788,W. Fofana,479155,N. Collins,-0.00636125386464693,0.13708912031770404,-0.27442876769967495,-0.10018488370690673,27,479155__557788
557788,W. Fofana,192792,D. Burn,0.15370125056921005,0.07419241419405069,-0.7554244908802115,-0.16449275893808743,28,192792__557788
557788,W. Fofana,7919,M. Keane,-0.07996404843163199,0.12144275873840119,-0.39408261711088793,-0.18990554746937155,29,7919__557788
557788,W. Fofana,399581,D. O'Shea,-0.2072580950401739,0.12144275873840119,-0.39408261711088793,-0.2726466777649238,30,399581__557788
557788,W. Fofana,346131,T. Chalobah,-0.40467977888573126,0.16688950585773374,-0.04653355859754191,-0.279328601784865,31,346131__557788
557788,W. Fofana,545267,R. Drăgușin,-0.4699102557004984,0.16688950585773374,-0.04653355859754191,-0.32172841171446365,32,545267__557788
557788,W. Fofana,415917,Gabriel Magalhaes,-0.30867139459901693,0.08666874880016648,-0.660013078163096,-0.43164098384644456,33,415917__557788
557788,W. Fofana,9433,J. Tarkowski,-0.2552535323021958,0.06776213557427818,-0.8045993476507581,-0.4475245676741926,34,9433__557788
557788,W. Fofana,412968,M. Senesi,-0.5524626954595381,0.12144275873840119,-0.39408261711088793,-0.4970296680375106,35,412968__557788
557788,W. Fofana,234399,A. Webster,-0.42390728506973613,0.0795802454875151,-0.7142216367231151,-0.5255173081484188,36,234399__557788
557788,W. Fofana,558243,S. van den Berg,-0.6513305021075861,0.12144275873840119,-0.39408261711088793,-0.5612937423587417,37,557788__558243
557788,W. Fofana,424241,N. Milenković,-0.49038487668056174,0.08078658407514949,-0.7049962935037254,-0.565498872568669,38,424241__557788
557788,W. Fofana,9097,L. Dunk,-0.5001591839742022,0.08222606144297502,-0.6939880468051137,-0.5679992859650213,39,9097__557788
557788,W. Fofana,534563,C. Richards,-0.7461274573342146,0.12144275873840119,-0.39408261711088793,-0.6229117632560502,40,534563__557788
557788,W. Fofana,604320,J. Branthwaite,-0.41375733530835634,0.04008332997219966,-1.0162700047940982,-0.624636769628366,41,557788__604320
557788,W. Fofana,412027,E. Konsa,-0.6820870992814521,0.06952654478076112,-0.7911062200362503,-0.7202437915456315,42,412027__557788
557788,W. Fofana,397074,M. Guéhi,-0.7144549115593576,0.05889735954751675,-0.8723917587102951,-0.7697328080621857,43,397074__557788
557788,W. Fofana,349142,N. Mazraoui,-0.7013437286744348,0.053680623164123004,-0.9122861831407193,-0.7751735877376345,44,349142__557788
557788,W. Fofana,447424,C. Bassey,-0.7325813090166506,0.053680623164123004,-0.9122861831407193,-0.7954780149600746,45,447424__557788
557788,W. Fofana,283145,T. Adarabioyo,-0.8225387631442239,0.06723216442738192,-0.8086522443885465,-0.8176784815797369,46,283145__557788
557788,W. Fofana,15806,J. Vestergaard,-0.8357581928770822,0.053680623164123004,-0.9122861831407193,-0.8625429894693553,47,15806__557788
557788,W. Fofana,50102,F. Schär,-0.9404705873218553,0.07756461840829196,-0.7296359257119086,-0.866678455758374,48,50102__557788
557788,W. Fofana,239411,T. Mings,-0.9030686676088204,0.06776213557427818,-0.8045993476507581,-0.8686044056234986,49,239411__557788
557788,W. Fofana,364003,S. Bueno,-0.8696110239657542,0.053680623164123004,-0.9122861831407193,-0.8845473296769919,50,364003__557788
557788,W. Fofana,288080,C. Burgess,-0.9322005879226843,0.053680623164123004,-0.9122861831407193,-0.9252305462489965,51,288080__557788
557788,W. Fofana,286380,I. Diop,-1.0267511655949533,0.053680623164123004,-0.9122861831407193,-0.9866884217359713,52,286380__557788
557788,W. Fofana,583655,C. Okoli,-1.0508650501173356,0.05512483273550656,-0.9012417474297904,-0.9984968941766947,53,557788__583655
557788,W. Fofana,549884,T. Harwood-Bellis,-1.0472560305788394,0.053680623164123004,-0.9122861831407193,-1.0000165839754973,54,549884__557788
557788,W. Fofana,501419,J. Todibo,-1.0525648427003071,0.053680623164123004,-0.9122861831407193,-1.0034673118544515,55,501419__557788
557788,W. Fofana,285382,W. Faes,-1.061025146394551,0.053680623164123004,-0.9122861831407193,-1.0089665092557099,56,285382__557788
557788,W. Fofana,400549,Pau Torres,-1.1458625523487769,0.053680623164123004,-0.9122861831407193,-1.0641108231259566,57,400549__557788
557788,W. Fofana,7953,C. Coady,-1.146779320127961,0.053680623164123004,-0.9122861831407193,-1.0647067221824265,58,7953__557788
557788,W. Fofana,415847,C. Romero,-1.1837772035242236,0.06186826022974465,-0.8496721186811909,-1.0668404238291622,59,415847__557788
557788,W. Fofana,518805,L. Woolfenden,-1.1763828845784565,0.053680623164123004,-0.9122861831407193,-1.0839490390752484,60,518805__557788
557788,W. Fofana,488453,L. Martínez,-1.2177928193342513,0.053680623164123004,-0.9122861831407193,-1.110865496666515,61,488453__557788
557788,W. Fofana,504375,M. Lacroix,-1.0424938748074923,0.0,-1.3228029136805894,-1.1406020384130762,62,504375__557788
557788,W. Fofana,258154,Rúben Dias,-1.0861285461592673,0.0,-1.3228029136805894,-1.16896457479173,63,258154__557788
557788,W. Fofana,297957,M. Akanji,-1.3201269939420937,0.0,-1.3228029136805894,-1.3210635658505672,64,297957__557788
558243,S. van den Berg,370,V. van Dijk,1.3181754611320584,0.6799834027875855,2.269360467096413,1.6510902132195824,1,370__558243
558243,S. van den Berg,62126,M. Doherty,0.9201255254471891,0.6799834027875855,2.269360467096413,1.3923577550244173,2,62126__558243
558243,S. van den Berg,393247,I. Konaté,0.7953856923158663,0.5991021266632863,1.885248585718512,1.1768377050067924,3,393247__558243
558243,S. van den Berg,578325,W. Saliba,0.7575282338226592,0.5538248982395768,1.6702232766880196,1.0769714988255352,4,558243__578325
558243,S. van den Berg,623641,E. Agbadou,0.5744096190608375,0.5615645954060231,1.706979739770156,0.970809161309099,5,558243__623641
558243,S. van den Berg,8360,C. Dawson,0.49768423635640313,0.5570399548986106,1.6854918471311977,0.9134169001275811,6,8360__558243
558243,S. van den Berg,590781,J. van Hecke,0.4484882492302152,0.5109183085802548,1.4664563275584868,0.8047770766451103,7,558243__590781
558243,S. van den Berg,620468,J. Greaves,0.5135595333689831,0.47691958156783165,1.3049935561609904,0.7905614413461857,8,558243__620468
558243,S. van den Berg,627012,Murillo,0.25124764230361407,0.5159870952359806,1.490528415338629,0.6849959128658692,9,558243__627012
558243,S. van den Berg,365443,M. de Ligt,0.26665318055792525,0.48115358809616826,1.3251012039541128,0.6371099887465909,10,365443__558243
558243,S. van den Berg,590874,Toti,0.28240111881548147,0.45865271195914376,1.2182426789679195,0.6099456648688347,11,558243__590874
558243,S. van den Berg,145787,J. Andersen,0.283892278362464,0.42971626243656313,1.0808210827824971,0.5628173599094756,12,145787__558243
558243,S. van den Berg,240032,J. Bednarek,0.24076844339581255,0.41527749207997144,1.0122501660980152,0.5107870463415835,13,240032__558243
558243,S. van den Berg,424806,E. Pinnock,0.3806192610359142,0.34995492747263623,0.7020278947630202,0.4931122828404013,14,424806__558243
558243,S. van den Berg,568412,J. Gvardiol,0.17849008379161108,0.40387357479694086,0.9580920180993237,0.45135076079931047,15,558243__568412
558243,S. van den Berg,496001,M. Kilman,0.27203430610403795,0.335721155094443,0.6344305304621615,0.39887298462938114,16,496001__558243
558243,S. van den Berg,366217,K. Danso,0.15444313205242255,0.34054290584690944,0.6573294242706479,0.3304533343288014,17,366217__558243
558243,S. van den Berg,413002,K. Mavropanos,0.14044366998226476,0.3382399070688423,0.6463922922687382,0.31752568778253043,18,413002__558243
558243,S. van den Berg,619747,L. Colwill,-0.060586446671751726,0.40024572584749685,0.9408630628688914,0.2899208816674734,19,558243__619747
558243,S. van den Berg,475597,S. Botman,0.2407351786458774,0.2495170282013728,0.2250399897818986,0.23524186254348484,20,475597__558243
558243,S. van den Berg,234399,A. Webster,0.09696260488756855,0.2956972699025259,0.44435378368217765,0.21854951746568171,21,234399__558243
558243,S. van den Berg,8653,H. Maguire,0.11803276371526426,0.27047598622153396,0.3245758178822406,0.19032283267370598,22,8653__558243
558243,S. van den Berg,777938,Dean Huijsen,0.04957933035775802,0.26057650980800207,0.2775623842166521,0.12937339920837093,23,558243__777938
558243,S. van den Berg,769441,L. Yoro,-0.1099512430046378,0.30793480484755625,0.5024708510234434,0.1043964899051906,24,558243__769441
558243,S. van den Berg,625787,M. van de Ven,-0.03675487861445293,0.2571367381987009,0.26122662385688195,0.06753864725051428,25,558243__625787
558243,S. van den Berg,7919,M. Keane,0.01395298453696548,0.22271383865504044,0.09774942196558355,0.0432817376369818,26,7919__558243
558243,S. van den Berg,136441,B. Davies,0.09743661265864287,0.1708318596575336,-0.14864239474753033,0.011308960066482257,27,136441__558243
558243,S. van den Berg,192792,D. Burn,0.2451074914414204,0.1095908705579719,-0.43948092583506126,0.0055015453946518356,28,192792__558243
558243,S. van den Berg,9433,J. Tarkowski,-0.11429388028036727,0.2491051500510543,0.22308394632167725,0.0037883590303483122,29,9433__558243
558243,S. van den Berg,479155,N. Collins,0.11038935514750753,0.15983230803894555,-0.20088017670383973,0.001445018999535988,30,479155__558243
558243,S. van den Berg,415917,Gabriel Magalhaes,-0.07779038165066196,0.22935642483144103,0.12929561405967097,-0.005310283152045445,31,415917__558243
558243,S. van den Berg,424241,N. Milenković,-0.15689362775514648,0.24562074886186547,0.20653623638943225,-0.029693175304543934,32,424241__558243
558243,S. van den Berg,604320,J. Branthwaite,-0.0683225056769532,0.19139341947928581,-0.05099384361611821,-0.06225747395566095,33,558243__604320
558243,S. van den Berg,590703,I. Zabarnyi,-0.08025533317119452,0.1712123488671265,-0.14683541996740807,-0.10355836354986925,34,558243__590703
558243,S. van den Berg,346131,T. Chalobah,-0.13407975302975467,0.12711179478495002,-0.35627260506176534,-0.21184725124095838,35,346131__558243
558243,S. van den Berg,399581,D. O'Shea,-0.15905187433057075,0.07826706825106503,-0.5882402581868995,-0.3092678086802858,36,399581__558243
558243,S. van den Berg,545267,R. Drăgușin,-0.3092680248261692,0.11320888269361074,-0.42229868644837587,-0.3488287563939415,37,545267__558243
558243,S. van den Berg,9097,L. Dunk,-0.2426684366258354,0.035194721141734595,-0.7927944031796292,-0.4352125249196632,38,9097__558243
558243,S. van den Berg,283145,T. Adarabioyo,-0.3797781150144201,0.001684122574108206,-0.9519390121510432,-0.5800344290122381,39,283145__558243
558243,S. van den Berg,412027,E. Konsa,-0.4664121628641643,0.01584592161663812,-0.8846834551842848,-0.6128071151762065,40,412027__558243
558243,S. van den Berg,557788,W. Fofana,-0.6513305021075861,0.05561128015496534,-0.6958344729012919,-0.6669068918853831,41,557788__558243
558243,S. van den Berg,447424,C. Bassey,-0.5357486126281445,0.0,-0.9599370497860769,-0.6842145656334209,42,447424__558243
558243,S. van den Berg,397074,M. Guéhi,-0.6001667068894666,0.0,-0.9599370497860769,-0.7260863269032802,43,397074__558243
558243,S. van den Berg,15806,J. Vestergaard,-0.6086433250137486,0.0,-0.9599370497860769,-0.7315961286840635,44,15806__558243
558243,S. van den Berg,412968,M. Senesi,-0.6116245733075607,0.0,-0.9599370497860769,-0.7335339400750414,45,412968__558243
558243,S. van den Berg,349142,N. Mazraoui,-0.6498654553651025,0.0,-0.9599370497860769,-0.7583905134124436,46,349142__558243
558243,S. van den Berg,239411,T. Mings,-0.7684542941772047,0.02976576683029208,-0.8185769569968822,-0.7859972261640917,47,239411__558243
558243,S. van den Berg,364003,S. Bueno,-0.777235900299156,0.0,-0.9599370497860769,-0.8411813026195782,48,364003__558243
558243,S. van den Berg,534563,C. Richards,-0.8446061424646655,0.0,-0.9599370497860769,-0.8849719600271595,49,534563__558243
558243,S. van den Berg,288080,C. Burgess,-0.8482910892423331,0.0,-0.9599370497860769,-0.8873671754326434,50,288080__558243
558243,S. van den Berg,286380,I. Diop,-0.9066963760431215,0.0,-0.9599370497860769,-0.9253306118531558,51,286380__558243
558243,S. van den Berg,258154,Rúben Dias,-0.907157530418825,0.0,-0.9599370497860769,-0.9256303621973632,52,258154__558243
558243,S. van den Berg,415847,C. Romero,-0.9454251435123988,0.0,-0.9599370497860769,-0.9505043107081861,53,415847__558243
558243,S. van den Berg,504375,M. Lacroix,-0.9651032710142126,0.0,-0.9599370497860769,-0.963295093584365,54,504375__558243
558243,S. van den Berg,285382,W. Faes,-0.9740496766867083,0.0,-0.9599370497860769,-0.9691102572714873,55,285382__558243
558243,S. van den Berg,501419,J. Todibo,-0.9934363365973341,0.0,-0.9599370497860769,-0.981711586213394,56,501419__558243
558243,S. van den Berg,583655,C. Okoli,-1.0141019685082475,0.0,-0.9599370497860769,-0.9951442469554878,57,558243__583655
558243,S. van den Berg,50102,F. Schär,-1.036398901680687,0.0,-0.9599370497860769,-1.0096372535175733,58,50102__558243
558243,S. van den Berg,549884,T. Harwood-Bellis,-1.1092677259761559,0.0,-0.9599370497860769,-1.057001989309628,59,549884__558243
558243,S. van den Berg,7953,C. Coady,-1.1386065933959957,0.0,-0.9599370497860769,-1.0760722531325242,60,7953__558243
558243,S. van den Berg,400549,Pau Torres,-1.1706845277709967,0.0,-0.9599370497860769,-1.0969229104762748,61,400549__558243
558243,S. van den Berg,518805,L. Woolfenden,-1.239354984366452,0.0,-0.9599370497860769,-1.1415587072633206,62,518805__558243
558243,S. van den Berg,297957,M. Akanji,-1.262783454136613,0.0,-0.9599370497860769,-1.1567872126139254,63,297957__558243
558243,S. van den Berg,488453,L. Martínez,-1.3076944186745592,0.0,-0.9599370497860769,-1.1859793395635903,64,488453__558243
568412,J. Gvardiol,370,V. van Dijk,1.4635930290011987,0.11547539950643361,1.3749052235174346,1.4325522970818811,1,370__568412
568412,J. Gvardiol,192792,D. Burn,0.7522521623169642,0.11547539950643361,1.3749052235174346,0.9701807337371289,2,192792__568412
568412,J. Gvardiol,620468,J. Greaves,0.6886692113909061,0.11547539950643361,1.3749052235174346,0.928851815635191,3,568412__620468
568412,J. Gvardiol,475597,S. Botman,0.6695397911017285,0.11547539950643361,1.3749052235174346,0.9164176924472256,4,475597__568412
568412,J. Gvardiol,424806,E. Pinnock,0.6472334807134983,0.11547539950643361,1.3749052235174346,0.9019185906948759,5,424806__568412
568412,J. Gvardiol,136441,B. Davies,0.6257893258285284,0.11547539950643361,1.3749052235174346,0.8879798900196456,6,136441__568412
568412,J. Gvardiol,590781,J. van Hecke,0.6198989542736456,0.11547539950643361,1.3749052235174346,0.8841511485089717,7,568412__590781
568412,J. Gvardiol,399581,D. O'Shea,0.5544432888513131,0.11547539950643361,1.3749052235174346,0.8416049659844556,8,399581__568412
568412,J. Gvardiol,7919,M. Keane,0.5518706819958783,0.11547539950643361,1.3749052235174346,0.839932771528423,9,7919__568412
568412,J. Gvardiol,9433,J. Tarkowski,0.5414522279551368,0.11547539950643361,1.3749052235174346,0.8331607764019411,10,9433__568412
568412,J. Gvardiol,393247,I. Konaté,0.8929177173438665,0.08219774696607463,0.7087380731916049,0.8284548418905748,11,393247__568412
568412,J. Gvardiol,479155,N. Collins,0.524690628838169,0.11547539950643361,1.3749052235174346,0.8222657369759119,12,479155__568412
568412,J. Gvardiol,496001,M. Kilman,0.4907681931274854,0.11547539950643361,1.3749052235174346,0.8002161537639676,13,496001__568412
568412,J. Gvardiol,62126,M. Doherty,0.9716596790914085,0.04858449395869677,0.03585272041772585,0.6441272435556196,14,62126__568412
568412,J. Gvardiol,8653,H. Maguire,0.35710608200454586,0.1036120045119181,1.137418398775173,0.6302153928742653,15,8653__568412
568412,J. Gvardiol,412968,M. Senesi,0.17875449207888416,0.11547539950643361,1.3749052235174346,0.5974072480823768,16,412968__568412
568412,J. Gvardiol,558243,S. van den Berg,0.17849008379161108,0.11547539950643361,1.3749052235174346,0.5972353826956492,17,558243__568412
568412,J. Gvardiol,145787,J. Andersen,0.3956010302829537,0.09450455264805377,0.9551012943002695,0.5914261226890142,18,145787__568412
568412,J. Gvardiol,239411,T. Mings,0.098135604837115,0.11547539950643361,1.3749052235174346,0.5450049713752269,19,239411__568412
568412,J. Gvardiol,777938,Dean Huijsen,0.2857185184521883,0.09806591059579373,1.0263941738824114,0.5449549978527664,20,568412__777938
568412,J. Gvardiol,534563,C. Richards,0.08369312856498248,0.11547539950643361,1.3749052235174346,0.5356173617983406,21,534563__568412
568412,J. Gvardiol,366217,K. Danso,0.2940388225206382,0.06483711898113616,0.3612051437409103,0.3175470349477334,22,366217__568412
568412,J. Gvardiol,415847,C. Romero,-0.06355648208749784,0.09398515583924678,0.9447037732734589,0.289334607288837,23,415847__568412
568412,J. Gvardiol,397074,M. Guéhi,0.07943891721548553,0.07783054195292097,0.6213133813515517,0.2690949796631087,24,397074__568412
568412,J. Gvardiol,240032,J. Bednarek,0.35332224183611066,0.052289069202979425,0.11001258883567917,0.26816386328595965,25,240032__568412
568412,J. Gvardiol,283145,T. Adarabioyo,0.07200516626960175,0.07268643474143065,0.5183363087382414,0.22822106613362564,26,283145__568412
568412,J. Gvardiol,583655,C. Okoli,-0.04966077767140012,0.08279415042653125,0.7206771483176224,0.21995749642475776,27,568412__583655
568412,J. Gvardiol,234399,A. Webster,0.2912564052607931,0.04858449395869677,0.03585272041772585,0.20186511556571957,28,234399__568412
568412,J. Gvardiol,415917,Gabriel Magalhaes,0.2434172694122909,0.04858449395869677,0.03585272041772585,0.17076967726419312,29,415917__568412
568412,J. Gvardiol,413002,K. Mavropanos,0.2892769349854999,0.04348910006937436,-0.0661491868057737,0.16487779235855415,30,413002__568412
568412,J. Gvardiol,424241,N. Milenković,0.09027124560614534,0.05603925347792636,0.185085479527361,0.12345622747857082,31,424241__568412
568412,J. Gvardiol,578325,W. Saliba,0.6757269562150219,0.0,-0.9367337278371475,0.1113657167967626,32,568412__578325
568412,J. Gvardiol,604320,J. Branthwaite,0.1558024739363737,0.03213170249693782,-0.2935067255255384,-0.001455745875295525,33,568412__604320
568412,J. Gvardiol,623641,E. Agbadou,0.49346795148857864,0.0,-0.9367337278371475,-0.007102636275425456,34,568412__623641
568412,J. Gvardiol,8360,C. Dawson,0.41266118258497897,0.0,-0.9367337278371475,-0.05962703606276526,35,8360__568412
568412,J. Gvardiol,365443,M. de Ligt,0.2704143449037867,0.010130863995487181,-0.7339294948754843,-0.08110599901895812,36,365443__568412
568412,J. Gvardiol,590874,Toti,0.28761381763239746,0.0,-0.9367337278371475,-0.14090782328194326,37,568412__590874
568412,J. Gvardiol,627012,Murillo,0.16075506929536612,0.0,-0.9367337278371475,-0.2233660097010136,38,568412__627012
568412,J. Gvardiol,50102,F. Schär,-0.12241506736595842,0.023883995244168947,-0.4586130722137609,-0.24008436906268926,39,50102__568412
568412,J. Gvardiol,619747,L. Colwill,-0.013484885315085161,0.012947194399348478,-0.6775509147685825,-0.24590799562380922,40,568412__619747
568412,J. Gvardiol,625787,M. van de Ven,0.11761928441215841,0.0,-0.9367337278371475,-0.2514042698750986,41,568412__625787
568412,J. Gvardiol,590703,I. Zabarnyi,0.1164520957703116,0.0,-0.9367337278371475,-0.2521629424922991,42,568412__590703
568412,J. Gvardiol,346131,T. Chalobah,0.06907297959955686,0.0,-0.9367337278371475,-0.28295936800328964,43,346131__568412
568412,J. Gvardiol,9097,L. Dunk,0.050999623948892125,0.0,-0.9367337278371475,-0.2947070491762217,44,9097__568412
568412,J. Gvardiol,769441,L. Yoro,0.007089999161267596,0.0,-0.9367337278371475,-0.32324830528817766,45,568412__769441
568412,J. Gvardiol,545267,R. Drăgușin,-0.010416936643628805,0.0,-0.9367337278371475,-0.33462781356136034,46,545267__568412
568412,J. Gvardiol,288080,C. Burgess,-0.11653070983308772,0.0,-0.9367337278371475,-0.4036017661345086,47,288080__568412
568412,J. Gvardiol,364003,S. Bueno,-0.11814208642947949,0.0,-0.9367337278371475,-0.4046491609221633,48,364003__568412
568412,J. Gvardiol,349142,N. Mazraoui,-0.13588239343861047,0.0,-0.9367337278371475,-0.4161803604780984,49,349142__568412
568412,J. Gvardiol,504375,M. Lacroix,-0.14564673892081703,0.0,-0.9367337278371475,-0.4225271850415327,50,504375__568412
568412,J. Gvardiol,15806,J. Vestergaard,-0.14970494129510278,0.0,-0.9367337278371475,-0.4251650165848184,51,15806__568412
568412,J. Gvardiol,557788,W. Fofana,-0.15158416708613723,0.0,-0.9367337278371475,-0.4263865133489908,52,557788__568412
568412,J. Gvardiol,447424,C. Bassey,-0.15374112752731497,0.0,-0.9367337278371475,-0.42778853763575636,53,447424__568412
568412,J. Gvardiol,412027,E. Konsa,-0.16294064179974227,0.0,-0.9367337278371475,-0.4337682219128341,54,412027__568412
568412,J. Gvardiol,549884,T. Harwood-Bellis,-0.2316948841080611,0.0,-0.9367337278371475,-0.4784584794132413,55,549884__568412
568412,J. Gvardiol,286380,I. Diop,-0.24055383755281157,0.0,-0.9367337278371475,-0.4842167991523291,56,286380__568412
568412,J. Gvardiol,501419,J. Todibo,-0.2663675146581656,0.0,-0.9367337278371475,-0.5009956892708093,57,501419__568412
568412,J. Gvardiol,258154,Rúben Dias,-0.2701400136959298,0.0,-0.9367337278371475,-0.503447813645356,58,258154__568412
568412,J. Gvardiol,285382,W. Faes,-0.2748278183524095,0.0,-0.9367337278371475,-0.5064948866720678,59,285382__568412
568412,J. Gvardiol,400549,Pau Torres,-0.3596652243066355,0.0,-0.9367337278371475,-0.5616392005423148,60,400549__568412
568412,J. Gvardiol,7953,C. Coady,-0.36058199208581976,0.0,-0.9367337278371475,-0.5622350995987845,61,7953__568412
568412,J. Gvardiol,297957,M. Akanji,-0.3866845267541635,0.0,-0.9367337278371475,-0.5792017471332078,62,297957__568412
568412,J. Gvardiol,518805,L. Woolfenden,-0.39018555653631487,0.0,-0.9367337278371475,-0.5814774164916063,63,518805__568412
568412,J. Gvardiol,488453,L. Martínez,-0.43159549129210995,0.0,-0.9367337278371475,-0.6083938740828732,64,488453__568412
578325,W. Saliba,370,V. van Dijk,1.6866239837360573,0.2047832152502082,1.4825847834635206,1.6152102636406696,1,370__578325
578325,W. Saliba,192792,D. Burn,1.3312903123480124,0.23088728173663287,1.7774615816663777,1.4874502566094403,2,192792__578325
578325,W. Saliba,620468,J. Greaves,1.3007553439331292,0.23088728173663287,1.7774615816663777,1.4676025271397661,3,578325__620468
578325,W. Saliba,424806,E. Pinnock,1.2593196132557212,0.23088728173663287,1.7774615816663777,1.440669302199451,4,424806__578325
578325,W. Saliba,475597,S. Botman,1.2442473864750399,0.23088728173663287,1.7774615816663777,1.4308723547920081,5,475597__578325
578325,W. Saliba,136441,B. Davies,1.2048274758595767,0.23088728173663287,1.7774615816663777,1.405249412891957,6,136441__578325
578325,W. Saliba,7919,M. Keane,1.1639568145381012,0.22612641317856685,1.7236818505353204,1.359860577137128,7,7919__578325
578325,W. Saliba,399581,D. O'Shea,1.1334814388823613,0.23088728173663287,1.7774615816663777,1.358874488856767,8,399581__578325
578325,W. Saliba,479155,N. Collins,1.1037287788692172,0.23088728173663287,1.7774615816663777,1.3395352598482233,9,479155__578325
578325,W. Saliba,9433,J. Tarkowski,1.15353836049736,0.22131741377089742,1.6693584236228716,1.334075382591289,10,9433__578325
578325,W. Saliba,496001,M. Kilman,1.0698063431585336,0.21682106693473885,1.6185667831960628,1.2618724971716688,11,496001__578325
578325,W. Saliba,590781,J. van Hecke,1.0658323261742582,0.1946737921410371,1.3683867017332039,1.1717263576198893,12,578325__590781
578325,W. Saliba,558243,S. van den Berg,0.7575282338226592,0.19529745300385615,1.375431700583791,0.9737944471890554,13,558243__578325
578325,W. Saliba,8653,H. Maguire,0.9361442320355939,0.16040368773333052,0.981264692712983,0.9519363932726801,14,8653__578325
578325,W. Saliba,145787,J. Andersen,0.9782099898292144,0.15210643855795208,0.8875372931141783,0.9464745459789518,15,145787__578325
578325,W. Saliba,393247,I. Konaté,1.1051041932107135,0.1269500976909022,0.6033661945907712,0.9294958936937338,16,393247__578325
578325,W. Saliba,412968,M. Senesi,0.7577926421099322,0.153532615665537,0.9036476772711277,0.8088419044163506,17,412968__578325
578325,W. Saliba,239411,T. Mings,0.6771737548681631,0.16297007860285984,1.0102551614178266,0.7937522471605454,18,239411__578325
578325,W. Saliba,62126,M. Doherty,1.193995892437326,0.07535748308407111,0.02056561775007024,0.7832952962967864,19,62126__578325
578325,W. Saliba,777938,Dean Huijsen,0.8647566684832365,0.1251237708938301,0.582735638862116,0.7660493081158443,20,578325__777938
578325,W. Saliba,534563,C. Richards,0.6627312785960306,0.12506044525831572,0.5820202997154605,0.6344824359878312,21,534563__578325
578325,W. Saliba,366217,K. Danso,0.8413899872511736,0.06483711898113616,-0.09827453630083317,0.5125074040079713,22,366217__578325
578325,W. Saliba,234399,A. Webster,0.903342537803016,0.052732159305392566,-0.23501460143261088,0.5049175390705466,23,234399__578325
578325,W. Saliba,240032,J. Bednarek,0.8479145760412927,0.052289069202979425,-0.24001983656648976,0.4671375316285689,24,240032__578325
578325,W. Saliba,413002,K. Mavropanos,0.9013630675277227,0.04348910006937436,-0.3394260621731746,0.4670868721324086,25,413002__578325
578325,W. Saliba,424241,N. Milenković,0.7023573781483681,0.07604350865432302,0.02831510090995928,0.46644258111492504,26,424241__578325
578325,W. Saliba,415917,Gabriel Magalhaes,0.8555034019545137,0.050839639833117775,-0.256392882966301,0.46633970223222865,27,415917__578325
578325,W. Saliba,397074,M. Guéhi,0.6584770672465338,0.07783054195292097,0.04850178935738924,0.4449857199853332,28,397074__578325
578325,W. Saliba,415847,C. Romero,0.5154816679435503,0.09699149313390094,0.26494775718033187,0.4277947991764239,29,415847__578325
578325,W. Saliba,283145,T. Adarabioyo,0.6510433163006499,0.07268643474143065,-0.009607082872358574,0.419815676590097,30,283145__578325
578325,W. Saliba,583655,C. Okoli,0.529377372359648,0.08279415042653125,0.1045717114514024,0.38069539104176203,31,578325__583655
578325,W. Saliba,604320,J. Branthwaite,0.7678886064785966,0.03213170249693782,-0.4677215150605108,0.33542506393990906,32,578325__604320
578325,W. Saliba,8360,C. Dawson,0.9569863077579692,0.0,-0.8306877049463341,0.33130040331146304,33,8360__578325
578325,W. Saliba,365443,M. de Ligt,0.768758196133551,0.010130863995487181,-0.7162474226412217,0.2490062295623806,34,365443__578325
578325,W. Saliba,623641,E. Agbadou,0.7547907484446585,0.0,-0.8306877049463341,0.19987328975781116,35,578325__623641
578325,W. Saliba,590703,I. Zabarnyi,0.6954902458013599,0.0,-0.8306877049463341,0.161327963039667,36,578325__590703
578325,W. Saliba,625787,M. van de Ven,0.6853603353360674,0.0,-0.8306877049463341,0.1547435212372269,37,578325__625787
578325,W. Saliba,568412,J. Gvardiol,0.6757269562150219,0.0,-0.8306877049463341,0.14848182480854727,38,568412__578325
578325,W. Saliba,346131,T. Chalobah,0.648111129630605,0.0,-0.8306877049463341,0.13053153752867636,39,346131__578325
578325,W. Saliba,9097,L. Dunk,0.6300377739799403,0.0,-0.8306877049463341,0.11878385635574429,40,9097__578325
578325,W. Saliba,50102,F. Schär,0.4566230826650897,0.023883995244168947,-0.560889279112742,0.10049375604284866,41,50102__578325
578325,W. Saliba,619747,L. Colwill,0.5154425608192954,0.012947194399348478,-0.6844335865630818,0.0954859092354634,42,578325__619747
578325,W. Saliba,590874,Toti,0.5540649524849715,0.0,-0.8306877049463341,0.06940152238401454,43,578325__590874
578325,W. Saliba,545267,R. Drăgușin,0.5490251324768294,0.0,-0.8306877049463341,0.06612563937872218,44,545267__578325
578325,W. Saliba,627012,Murillo,0.5161060221121515,0.0,-0.8306877049463341,0.044728217641681556,45,578325__627012
578325,W. Saliba,288080,C. Burgess,0.46250744019796064,0.0,-0.8306877049463341,0.009889139397457503,46,288080__578325
578325,W. Saliba,504375,M. Lacroix,0.4333914111102313,0.0,-0.8306877049463341,-0.009036279509566592,47,504375__578325
578325,W. Saliba,364003,S. Bueno,0.4300892542951113,0.0,-0.8306877049463341,-0.011182681439394604,48,364003__578325
578325,W. Saliba,557788,W. Fofana,0.427453982944911,0.0,-0.8306877049463341,-0.012895607817024812,49,557788__578325
578325,W. Saliba,769441,L. Yoro,0.42286870542837734,0.0,-0.8306877049463341,-0.01587603820277167,50,578325__769441
578325,W. Saliba,349142,N. Mazraoui,0.3789639219544238,0.0,-0.8306877049463341,-0.04441414746084146,51,349142__578325
578325,W. Saliba,15806,J. Vestergaard,0.3422368275810369,0.0,-0.8306877049463341,-0.06828675880354296,52,15806__578325
578325,W. Saliba,447424,C. Bassey,0.31977830750961767,0.0,-0.8306877049463341,-0.08288479684996544,53,447424__578325
578325,W. Saliba,549884,T. Harwood-Bellis,0.3118398867242458,0.0,-0.8306877049463341,-0.08804477036045719,54,549884__578325
578325,W. Saliba,412027,E. Konsa,0.31057879323719023,0.0,-0.8306877049463341,-0.08886448112704329,55,412027__578325
578325,W. Saliba,286380,I. Diop,0.2444637149980821,0.0,-0.8306877049463341,-0.13183928198246359,56,286380__578325
578325,W. Saliba,258154,Rúben Dias,0.23408673858569815,0.0,-0.8306877049463341,-0.13858431665051313,57,258154__578325
578325,W. Saliba,501419,J. Todibo,0.207151920378767,0.0,-0.8306877049463341,-0.1560919484850184,58,501419__578325
578325,W. Saliba,285382,W. Faes,0.1986916166845233,0.0,-0.8306877049463341,-0.1615911458862768,59,285382__578325
578325,W. Saliba,297957,M. Akanji,0.11708987137652033,0.0,-0.8306877049463341,-0.21463228033647874,60,297957__578325
578325,W. Saliba,400549,Pau Torres,0.11385421073029725,0.0,-0.8306877049463341,-0.21673545975652372,61,400549__578325
578325,W. Saliba,7953,C. Coady,0.11293744295111305,0.0,-0.8306877049463341,-0.21733135881299345,62,7953__578325
578325,W. Saliba,518805,L. Woolfenden,0.11079168737744993,0.0,-0.8306877049463341,-0.2187260999358745,63,518805__578325
578325,W. Saliba,488453,L. Martínez,0.04192394374482311,0.0,-0.8306877049463341,-0.26349013329708193,64,488453__578325
583655,C. Okoli,370,V. van Dijk,1.1690176478077203,0.6784945736495929,2.166751939914516,1.5182246500450987,1,370__583655
583655,C. Okoli,62126,M. Doherty,0.742266124425,0.6784945736495929,2.166751939914516,1.2408361598463304,2,62126__583655
583655,C. Okoli,393247,I. Konaté,0.6247010816148946,0.6784945736495929,2.166751939914516,1.164418882019762,3,393247__583655
583655,C. Okoli,578325,W. Saliba,0.529377372359648,0.6539806088994582,2.04901679948596,1.0612511718538573,4,578325__583655
583655,C. Okoli,623641,E. Agbadou,0.3462587575978262,0.6617203060659045,2.086188849868428,0.9552342898925368,5,583655__623641
583655,C. Okoli,590781,J. van Hecke,0.29008759786183697,0.5645989317443778,1.6197364109867711,0.755464682455564,6,583655__590781
583655,C. Okoli,8360,C. Dawson,0.2695333748933921,0.5090760382648596,1.3530722574138605,0.648771983775556,7,8360__583655
583655,C. Okoli,627012,Murillo,0.023096780840602793,0.5696677184001037,1.6440806700569404,0.5904411420663209,8,583655__627012
583655,C. Okoli,620468,J. Greaves,0.29991000245552646,0.3922410619697275,0.7919397567644578,0.47212041646365244,9,583655__620468
583655,C. Okoli,590874,Toti,-0.06321496601102464,0.5051277994549022,1.3341097413348055,0.4258486815600159,10,583655__590874
583655,C. Okoli,240032,J. Bednarek,0.028675017863535657,0.4689581152440945,1.1603947632306386,0.42477692874202166,11,240032__583655
583655,C. Okoli,365443,M. de Ligt,-0.07391063659703241,0.48115358809616826,1.218966916836418,0.3785965071046752,12,365443__583655
583655,C. Okoli,424806,E. Pinnock,0.2630604169461564,0.3479235509650427,0.5790925721183275,0.3736716712564163,13,424806__583655
583655,C. Okoli,496001,M. Kilman,0.13388245348752253,0.38940177825856603,0.7783033062817478,0.35942975196550137,14,496001__583655
583655,C. Okoli,145787,J. Andersen,0.036898142994696514,0.421282844796396,0.9314210040553372,0.34998114436592076,15,145787__583655
583655,C. Okoli,568412,J. Gvardiol,-0.04966077767140012,0.44592168513385055,1.0497558942575043,0.3351350575037164,16,568412__583655
583655,C. Okoli,366217,K. Danso,-0.053318669378155964,0.3942235290110324,0.8014611066514332,0.24585425223220025,17,366217__583655
583655,C. Okoli,475597,S. Botman,0.15680182535878792,0.3031976513654958,0.364283987549517,0.22942058212554312,18,475597__583655
583655,C. Okoli,8653,H. Maguire,-0.05265184698570733,0.32415660938565694,0.46494521843940484,0.12850712591308194,19,8653__583655
583655,C. Okoli,413002,K. Mavropanos,-0.06655233950406726,0.2990345941437499,0.3442897462421545,0.07724239050711035,20,413002__583655
583655,C. Okoli,769441,L. Yoro,-0.33810210446764893,0.36161542801167923,0.6448516234691466,0.005931700310229493,21,583655__769441
583655,C. Okoli,136441,B. Davies,0.013503259371553354,0.22451248282165662,-0.013623440423863209,0.004008914443157557,22,136441__583655
583655,C. Okoli,619747,L. Colwill,-0.46012099468150125,0.40024572584749685,0.8303843835450924,-0.008444112302193552,23,583655__619747
583655,C. Okoli,625787,M. van de Ven,-0.2649057400774642,0.3108173613628239,0.40087976614772863,-0.03188081289864672,24,583655__625787
583655,C. Okoli,777938,Dean Huijsen,-0.21033776745480093,0.26057650980800207,0.15958408944473082,-0.08086511753996481,25,583655__777938
583655,C. Okoli,192792,D. Burn,0.1179741179917235,0.1160211491777444,-0.5346832743610539,-0.11045596933174859,26,192792__583655
583655,C. Okoli,7919,M. Keane,-0.11569118100911835,0.20114123341730333,-0.125870372271035,-0.11925389795078917,27,7919__583655
583655,C. Okoli,479155,N. Collins,-0.042088386442133356,0.15983230803894555,-0.3242679868530244,-0.14085124658594522,28,479155__583655
583655,C. Okoli,590703,I. Zabarnyi,-0.3084061946342057,0.2248929720312495,-0.011796035066158998,-0.20459263878538936,29,583655__590703
583655,C. Okoli,415917,Gabriel Magalhaes,-0.2780659435072056,0.20114123341730333,-0.125870372271035,-0.2247974935745459,30,415917__583655
583655,C. Okoli,234399,A. Webster,-0.2729663518078156,0.19405273010465196,-0.15991488287753364,-0.2333983376822169,31,234399__583655
583655,C. Okoli,346131,T. Chalobah,-0.3622306144927659,0.18079241794907303,-0.2236012236908856,-0.3137103277121078,32,346131__583655
583655,C. Okoli,399581,D. O'Shea,-0.24298522761766012,0.13194769141518803,-0.45819162129801966,-0.3183074654057859,33,399581__583655
583655,C. Okoli,9433,J. Tarkowski,-0.30983131456630064,0.14746061025318033,-0.3836865097640814,-0.3356806328855239,34,9433__583655
583655,C. Okoli,604320,J. Branthwaite,-0.3798861783852322,0.15541223772844218,-0.34549660507188457,-0.3678498277255605,35,583655__604320
583655,C. Okoli,424241,N. Milenković,-0.47583709012308845,0.18780430917305674,-0.18992466396910718,-0.375767740969195,36,424241__583655
583655,C. Okoli,545267,R. Drăgușin,-0.5374188862891804,0.16688950585773374,-0.2903738295962892,-0.4509531164466685,37,545267__583655
583655,C. Okoli,9097,L. Dunk,-0.4708192980888467,0.0888753443058576,-0.6650585596816472,-0.5388030396463268,38,9097__583655
583655,C. Okoli,412027,E. Konsa,-0.6945630243271754,0.06952654478076112,-0.7579865561290066,-0.7167612604578163,39,412027__583655
583655,C. Okoli,447424,C. Bassey,-0.7638994740911559,0.053680623164123004,-0.8340910062157486,-0.7884665103347633,40,447424__583655
583655,C. Okoli,412968,M. Senesi,-0.7738542892105589,0.053680623164123004,-0.8340910062157486,-0.7949371401623753,41,412968__583655
583655,C. Okoli,349142,N. Mazraoui,-0.7850848004332324,0.053680623164123004,-0.8340910062157486,-0.802236972457113,42,349142__583655
583655,C. Okoli,15806,J. Vestergaard,-0.8367941864767598,0.053680623164123004,-0.8340910062157486,-0.8358480733854059,43,15806__583655
583655,C. Okoli,283145,T. Adarabioyo,-0.7627719090357721,0.001684122574108206,-1.083818676184975,-0.8751382775379931,44,283145__583655
583655,C. Okoli,364003,S. Bueno,-0.9686589556245663,0.053680623164123004,-0.8340910062157486,-0.9215601733314801,45,364003__583655
583655,C. Okoli,558243,S. van den Berg,-1.0141019685082475,0.053680623164123004,-0.8340910062157486,-0.9510981317058729,46,558243__583655
583655,C. Okoli,397074,M. Guéhi,-0.892316197937809,0.0,-1.091907143708795,-0.9621730289576541,47,397074__583655
583655,C. Okoli,557788,W. Fofana,-1.0508650501173356,0.05561128015496534,-0.8248184885200974,-0.9717487535583023,48,557788__583655
583655,C. Okoli,534563,C. Richards,-1.0622085163982675,0.053680623164123004,-0.8340910062157486,-0.9823673878343859,49,534563__583655
583655,C. Okoli,288080,C. Burgess,-1.0764419507053442,0.053680623164123004,-0.8340910062157486,-0.9916191201339858,50,288080__583655
583655,C. Okoli,501419,J. Todibo,-1.1363059144591046,0.053680623164123004,-0.8340910062157486,-1.0305306965739298,51,501419__583655
583655,C. Okoli,286380,I. Diop,-1.1773384560620355,0.053680623164123004,-0.8340910062157486,-1.057201848615835,52,286380__583655
583655,C. Okoli,50102,F. Schär,-1.2010957171634742,0.053680623164123004,-0.8340910062157486,-1.0726440683317704,53,50102__583655
583655,C. Okoli,239411,T. Mings,-1.1462969137230272,0.02976576683029208,-0.9489487616825324,-1.077225060508854,54,239411__583655
583655,C. Okoli,285382,W. Faes,-1.244691756705622,0.053680623164123004,-0.8340910062157486,-1.1009814940341662,55,285382__583655
583655,C. Okoli,7953,C. Coady,-1.273825938464126,0.053680623164123004,-0.8340910062157486,-1.1199187121771939,56,7953__583655
583655,C. Okoli,400549,Pau Torres,-1.3059038728391263,0.053680623164123004,-0.8340910062157486,-1.1407693695209442,57,400549__583655
583655,C. Okoli,258154,Rúben Dias,-1.169869617918065,0.0,-1.091907143708795,-1.1425827519448206,58,258154__583655
583655,C. Okoli,549884,T. Harwood-Bellis,-1.3295210475745807,0.053680623164123004,-0.8340910062157486,-1.1561205330989894,59,549884__583655
583655,C. Okoli,518805,L. Woolfenden,-1.3745743294345818,0.053680623164123004,-0.8340910062157486,-1.1854051663079903,60,518805__583655
583655,C. Okoli,504375,M. Lacroix,-1.272186744215363,0.0,-1.091907143708795,-1.209088884038064,61,504375__583655
583655,C. Okoli,415847,C. Romero,-1.3277706657743915,0.0,-1.091907143708795,-1.2452184330514329,62,415847__583655
583655,C. Okoli,488453,L. Martínez,-1.4854049822985922,0.053680623164123004,-0.8340910062157486,-1.2574450906695969,63,488453__583655
583655,C. Okoli,297957,M. Akanji,-1.587739156906434,0.0,-1.091907143708795,-1.4141979522872603,64,297957__583655
590703,I. Zabarnyi,370,V. van Dijk,1.4236769977901875,0.020739267610765416,1.1525344440337613,1.3287771039754384,1,370__590703
590703,I. Zabarnyi,393247,I. Konaté,0.8530016861328555,0.020739267610765416,1.1525344440337613,0.9578381513981725,2,393247__590703
590703,I. Zabarnyi,62126,M. Doherty,0.9369653309556658,0.017600740732499093,0.7908907193168341,0.8858392168820747,3,62126__590703
590703,I. Zabarnyi,620468,J. Greaves,0.6487531801798948,0.020739267610765416,1.1525344440337613,0.825076622528748,4,590703__620468
590703,I. Zabarnyi,192792,D. Burn,0.5998154313152351,0.020739267610765416,1.1525344440337613,0.7932670857667192,5,192792__590703
590703,I. Zabarnyi,590781,J. van Hecke,0.5447469478443041,0.020739267610765416,1.1525344440337613,0.7574725715106141,6,590703__590781
590703,I. Zabarnyi,424806,E. Pinnock,0.5400556431163632,0.020739267610765416,1.1525344440337613,0.7544232234374525,7,424806__590703
590703,I. Zabarnyi,7919,M. Keane,0.44469284439874335,0.020739267610765416,1.1525344440337613,0.6924374042709995,8,7919__590703
590703,I. Zabarnyi,9433,J. Tarkowski,0.4342743903580018,0.020739267610765416,1.1525344440337613,0.6856654091445176,9,9433__590703
590703,I. Zabarnyi,496001,M. Kilman,0.38854180346998957,0.020739267610765416,1.1525344440337613,0.6559392276673096,10,496001__590703
590703,I. Zabarnyi,399581,D. O'Shea,0.37336784834858205,0.020739267610765416,1.1525344440337613,0.6460761568383948,11,399581__590703
590703,I. Zabarnyi,479155,N. Collins,0.35480437372178636,0.020739267610765416,1.1525344440337613,0.6340098983309775,12,479155__590703
590703,I. Zabarnyi,145787,J. Andersen,0.3527601320066288,0.020739267610765416,1.1525344440337613,0.6326811412161252,13,145787__590703
590703,I. Zabarnyi,240032,J. Bednarek,0.2393867622958179,0.020739267610765416,1.1525344440337613,0.5589884509040981,14,240032__590703
590703,I. Zabarnyi,8653,H. Maguire,0.212273173908752,0.020739267610765416,1.1525344440337613,0.5413646184525052,15,8653__590703
590703,I. Zabarnyi,366217,K. Danso,0.16453387530499464,0.020739267610765416,1.1525344440337613,0.510334074360063,16,366217__590703
590703,I. Zabarnyi,777938,Dean Huijsen,0.11478892201830154,0.020739267610765416,1.1525344440337613,0.4779998547237124,17,590703__777938
590703,I. Zabarnyi,475597,S. Botman,0.4780561805250466,0.014054219296229981,0.38223491621303374,0.44451873801584213,18,475597__590703
590703,I. Zabarnyi,234399,A. Webster,0.20705425872034364,0.017600740732499093,0.7908907193168341,0.41139701992911526,19,234399__590703
590703,I. Zabarnyi,413002,K. Mavropanos,0.1951809129478162,0.017600740732499093,0.7908907193168341,0.40367934517697246,20,413002__590703
590703,I. Zabarnyi,424241,N. Milenković,-0.016906591990989837,0.020739267610765416,1.1525344440337613,0.392397770617673,21,424241__590703
590703,I. Zabarnyi,365443,M. de Ligt,0.22385762706662404,0.016815912310022618,0.7004571226082772,0.39066745050620266,22,365443__590703
590703,I. Zabarnyi,136441,B. Davies,0.3670439088657229,0.014054219296229981,0.38223491621303374,0.3723607614372817,23,136441__590703
590703,I. Zabarnyi,415917,Gabriel Magalhaes,0.14261187203265216,0.017600740732499093,0.7908907193168341,0.3695094685821158,24,415917__590703
590703,I. Zabarnyi,239411,T. Mings,-0.12728358002336204,0.020739267610765416,1.1525344440337613,0.32065272839663106,25,239411__590703
590703,I. Zabarnyi,604320,J. Branthwaite,0.058262782388047774,0.017600740732499093,0.7908907193168341,0.31468256031312297,26,590703__604320
590703,I. Zabarnyi,578325,W. Saliba,0.6954902458013599,0.006685048314535436,-0.46689416416878715,0.2886557023118085,27,578325__590703
590703,I. Zabarnyi,619747,L. Colwill,-0.10080708708242592,0.017600740732499093,0.7908907193168341,0.21128714515731506,28,590703__619747
590703,I. Zabarnyi,623641,E. Agbadou,0.5123716310395379,0.006685048314535436,-0.46689416416878715,0.16962860271662414,29,590703__623641
590703,I. Zabarnyi,8360,C. Dawson,0.4356462483351038,0.006685048314535436,-0.46689416416878715,0.11975710395874198,30,8360__590703
590703,I. Zabarnyi,283145,T. Adarabioyo,-0.17908848953420625,0.015738341870338186,0.5762916772998727,0.0852945688577214,31,283145__590703
590703,I. Zabarnyi,412968,M. Senesi,-0.07999092488392147,0.014054219296229981,0.38223491621303374,0.08178811950001284,32,412968__590703
590703,I. Zabarnyi,558243,S. van den Berg,-0.08025533317119452,0.014054219296229981,0.38223491621303374,0.08161625411328537,33,558243__590703
590703,I. Zabarnyi,534563,C. Richards,-0.17505228839782305,0.014054219296229981,0.38223491621303374,0.01999823321597681,34,534563__590703
590703,I. Zabarnyi,397074,M. Guéhi,-0.17930649974732005,0.014054219296229981,0.38223491621303374,0.017232995838803764,35,397074__590703
590703,I. Zabarnyi,590874,Toti,0.22036313079418202,0.006685048314535436,-0.46689416416878715,-0.02017692244285718,36,590703__590874
590703,I. Zabarnyi,627012,Murillo,0.18920965428231457,0.006685048314535436,-0.46689416416878715,-0.04042668217557102,37,590703__627012
590703,I. Zabarnyi,583655,C. Okoli,-0.3084061946342057,0.014054219296229981,0.38223491621303374,-0.06668180583767191,38,583655__590703
590703,I. Zabarnyi,415847,C. Romero,-0.3223018990503033,0.014054219296229981,0.38223491621303374,-0.07571401370813535,39,415847__590703
590703,I. Zabarnyi,568412,J. Gvardiol,0.1164520957703116,0.006685048314535436,-0.46689416416878715,-0.08771909520837295,40,568412__590703
590703,I. Zabarnyi,346131,T. Chalobah,-0.14308636250004647,0.006685048314535436,-0.46689416416878715,-0.2564190930841057,41,346131__590703
590703,I. Zabarnyi,9097,L. Dunk,-0.17426899665832107,0.006649282862882583,-0.4710153177078849,-0.27813020902566843,42,9097__590703
590703,I. Zabarnyi,557788,W. Fofana,-0.3042692841639689,0.006685048314535436,-0.46689416416878715,-0.36118799216565534,43,557788__590703
590703,I. Zabarnyi,625787,M. van de Ven,-0.05726623296851385,0.0,-1.2371936919895148,-0.47024084362586416,44,590703__625787
590703,I. Zabarnyi,769441,L. Yoro,-0.09166630810689053,0.0,-1.2371936919895148,-0.49260089246580896,45,590703__769441
590703,I. Zabarnyi,50102,F. Schär,-0.34921504575000395,0.0031385268782663234,-0.8755499672725876,-0.5334322682829082,46,50102__590703
590703,I. Zabarnyi,545267,R. Drăgușin,-0.21507184848532193,0.0,-1.2371936919895148,-0.5728144937117894,47,545267__590703
590703,I. Zabarnyi,15806,J. Vestergaard,-0.3157230549493847,0.0,-1.2371936919895148,-0.6382377779134302,48,15806__590703
590703,I. Zabarnyi,349142,N. Mazraoui,-0.3167976353693092,0.0,-1.2371936919895148,-0.6389362551863811,49,349142__590703
590703,I. Zabarnyi,447424,C. Bassey,-0.31975924118159693,0.0,-1.2371936919895148,-0.6408612989643682,50,447424__590703
590703,I. Zabarnyi,364003,S. Bueno,-0.3288308784124131,0.0,-1.2371936919895148,-0.6467578631643986,51,364003__590703
590703,I. Zabarnyi,412027,E. Konsa,-0.3289587554540243,0.0,-1.2371936919895148,-0.6468409832414459,52,412027__590703
590703,I. Zabarnyi,288080,C. Burgess,-0.33631985417340915,0.0,-1.2371936919895148,-0.6516256974090461,53,288080__590703
590703,I. Zabarnyi,504375,M. Lacroix,-0.37761576366274663,0.0,-1.2371936919895148,-0.6784680385771155,54,504375__590703
590703,I. Zabarnyi,286380,I. Diop,-0.40657195120709355,0.0,-1.2371936919895148,-0.6972895604809409,55,286380__590703
590703,I. Zabarnyi,501419,J. Todibo,-0.4323856283124476,0.0,-1.2371936919895148,-0.714068450599421,56,501419__590703
590703,I. Zabarnyi,258154,Rúben Dias,-0.4361581273502116,0.0,-1.2371936919895148,-0.7165205749739676,57,258154__590703
590703,I. Zabarnyi,285382,W. Faes,-0.4408459320066913,0.0,-1.2371936919895148,-0.7195676480006795,58,285382__590703
590703,I. Zabarnyi,549884,T. Harwood-Bellis,-0.4417296702223803,0.0,-1.2371936919895148,-0.7201420778408774,59,549884__590703
590703,I. Zabarnyi,400549,Pau Torres,-0.5256833379609172,0.0,-1.2371936919895148,-0.7747119618709263,60,400549__590703
590703,I. Zabarnyi,7953,C. Coady,-0.5266001057401015,0.0,-1.2371936919895148,-0.7753078609273961,61,7953__590703
590703,I. Zabarnyi,297957,M. Akanji,-0.5527026404084452,0.0,-1.2371936919895148,-0.7922745084618195,62,297957__590703
590703,I. Zabarnyi,518805,L. Woolfenden,-0.5562036701905969,0.0,-1.2371936919895148,-0.7945501778202182,63,518805__590703
590703,I. Zabarnyi,488453,L. Martínez,-0.5976136049463918,0.0,-1.2371936919895148,-0.8214666354114848,64,488453__590703
590781,J. van Hecke,370,V. van Dijk,1.588863315225418,0.0,0.0,1.0327611548965216,1,370__590781
590781,J. van Hecke,62126,M. Doherty,1.2284296177987877,0.0,0.0,0.7984792515692121,2,62126__590781
590781,J. van Hecke,393247,I. Konaté,1.094426413720289,0.0,0.0,0.7113771689181879,3,393247__590781
590781,J. van Hecke,578325,W. Saliba,1.0658323261742582,0.0,0.0,0.6927910120132679,4,578325__590781
590781,J. van Hecke,192792,D. Burn,0.9753912514532884,0.0,0.0,0.6340043134446375,5,192792__590781
590781,J. van Hecke,620468,J. Greaves,0.9470442757455606,0.0,0.0,0.6155787792346145,6,590781__620468
590781,J. van Hecke,424806,E. Pinnock,0.905608545068153,0.0,0.0,0.5886455542942994,7,424806__590781
590781,J. van Hecke,475597,S. Botman,0.888348325580316,0.0,0.0,0.5774264116272054,8,475597__590781
590781,J. van Hecke,623641,E. Agbadou,0.8827137114124364,0.0,0.0,0.5737639124180837,9,590781__623641
590781,J. van Hecke,8360,C. Dawson,0.8813523780686148,0.0,0.0,0.5728790457445996,10,8360__590781
590781,J. van Hecke,136441,B. Davies,0.8489284149648527,0.0,0.0,0.5518034697271543,11,136441__590781
590781,J. van Hecke,7919,M. Keane,0.810245746350533,0.0,0.0,0.5266597351278465,12,7919__590781
590781,J. van Hecke,9433,J. Tarkowski,0.7998272923097914,0.0,0.0,0.5198877400013645,13,9433__590781
590781,J. van Hecke,399581,D. O'Shea,0.7775823779876372,0.0,0.0,0.5054285456919642,14,399581__590781
590781,J. van Hecke,479155,N. Collins,0.7478297179744933,0.0,0.0,0.48608931668342065,15,479155__590781
590781,J. van Hecke,234399,A. Webster,0.7195709992064823,0.0,0.0,0.4677211494842135,16,234399__590781
590781,J. van Hecke,413002,K. Mavropanos,0.7161483927716409,0.0,0.0,0.4654964553015666,17,413002__590781
590781,J. van Hecke,496001,M. Kilman,0.7139072822638098,0.0,0.0,0.4640397334714764,18,496001__590781
590781,J. van Hecke,145787,J. Andersen,0.6777374056948148,0.0,0.0,0.4405293137016296,19,145787__590781
590781,J. van Hecke,590874,Toti,0.6755311948844779,0.0,0.0,0.43909527667491066,20,590781__590874
590781,J. van Hecke,415917,Gabriel Magalhaes,0.6568589042266885,0.0,0.0,0.4269582877473475,21,415917__590781
590781,J. van Hecke,240032,J. Bednarek,0.6365149711629323,0.0,0.0,0.41373473125590604,22,240032__590781
590781,J. van Hecke,8653,H. Maguire,0.6258976505812242,0.0,0.0,0.4068334728777957,23,8653__590781
590781,J. van Hecke,568412,J. Gvardiol,0.6198989542736456,0.0,0.0,0.4029343202778697,24,568412__590781
590781,J. van Hecke,366217,K. Danso,0.6185179580202467,0.0,0.0,0.40203667271316035,25,366217__590781
590781,J. van Hecke,365443,M. de Ligt,0.6158631454236295,0.0,0.0,0.4003110445253592,26,365443__590781
590781,J. van Hecke,604320,J. Branthwaite,0.5896140976919182,0.0,0.0,0.38324916349974686,27,590781__604320
590781,J. van Hecke,777938,Dean Huijsen,0.586765790844338,0.0,0.0,0.3813977640488197,28,590781__777938
590781,J. van Hecke,627012,Murillo,0.5657967351648907,0.0,0.0,0.36776787785717896,29,590781__627012
590781,J. van Hecke,625787,M. van de Ven,0.5512151305750213,0.0,0.0,0.3582898348737638,30,590781__625787
590781,J. van Hecke,590703,I. Zabarnyi,0.5447469478443041,0.0,0.0,0.3540855160987977,31,590703__590781
590781,J. van Hecke,346131,T. Chalobah,0.5251307569233996,0.0,0.0,0.3413349920002098,32,346131__590781
590781,J. van Hecke,9097,L. Dunk,0.5005799670816732,0.0,0.0,0.32537697860308756,33,9097__590781
590781,J. van Hecke,412968,M. Senesi,0.4721392726535445,0.0,0.0,0.3068905272248039,34,412968__590781
590781,J. van Hecke,545267,R. Drăgușin,0.47196842055147625,0.0,0.0,0.30677947335845956,35,545267__590781
590781,J. van Hecke,424241,N. Milenković,0.47142756956726695,0.0,0.0,0.3064279202187235,36,424241__590781
590781,J. van Hecke,769441,L. Yoro,0.47037142577396096,0.0,0.0,0.30574142675307464,37,590781__769441
590781,J. van Hecke,558243,S. van den Berg,0.4484882492302152,0.0,0.0,0.2915173619996399,38,558243__590781
590781,J. van Hecke,397074,M. Guéhi,0.42372541809377673,0.0,0.0,0.27542152176095486,39,397074__590781
590781,J. van Hecke,283145,T. Adarabioyo,0.4209948187840975,0.0,0.0,0.2736466322096634,40,283145__590781
590781,J. van Hecke,534563,C. Richards,0.38479829828586937,0.0,0.0,0.2501188938858151,41,534563__590781
590781,J. van Hecke,15806,J. Vestergaard,0.3713172140874134,0.0,0.0,0.24135618915681872,42,15806__590781
590781,J. van Hecke,349142,N. Mazraoui,0.3702426336674888,0.0,0.0,0.2406577118838677,43,349142__590781
590781,J. van Hecke,447424,C. Bassey,0.3672810278552011,0.0,0.0,0.23873266810588073,44,447424__590781
590781,J. van Hecke,239411,T. Mings,0.3645807749191809,0.0,0.0,0.2369775036974676,45,239411__590781
590781,J. van Hecke,364003,S. Bueno,0.358209390624385,0.0,0.0,0.23283610390585027,46,364003__590781
590781,J. van Hecke,412027,E. Konsa,0.3580815135827737,0.0,0.0,0.2327529838288029,47,412027__590781
590781,J. van Hecke,288080,C. Burgess,0.3507204148633888,0.0,0.0,0.2279682696612027,48,288080__590781
590781,J. van Hecke,619747,L. Colwill,0.34890331642168365,0.0,0.0,0.22678715567409438,49,590781__619747
590781,J. van Hecke,557788,W. Fofana,0.32581473043932335,0.0,0.0,0.2117795747855602,50,557788__590781
590781,J. van Hecke,50102,F. Schär,0.31311908597094923,0.0,0.0,0.203527405881117,51,50102__590781
590781,J. van Hecke,504375,M. Lacroix,0.3071358426263928,0.0,0.0,0.19963829770715533,52,504375__590781
590781,J. van Hecke,583655,C. Okoli,0.29008759786183697,0.0,0.0,0.18855693861019404,53,583655__590781
590781,J. van Hecke,286380,I. Diop,0.2804683178297045,0.0,0.0,0.18230440658930794,54,286380__590781
590781,J. van Hecke,415847,C. Romero,0.2632115544211607,0.0,0.0,0.17108751037375444,55,415847__590781
590781,J. van Hecke,501419,J. Todibo,0.25465464072435035,0.0,0.0,0.16552551647082772,56,501419__590781
590781,J. van Hecke,258154,Rúben Dias,0.2508821416865864,0.0,0.0,0.16307339209628116,57,258154__590781
590781,J. van Hecke,285382,W. Faes,0.2461943370301065,0.0,0.0,0.16002631906956924,58,285382__590781
590781,J. van Hecke,549884,T. Harwood-Bellis,0.24531059881441764,0.0,0.0,0.15945188922937148,59,549884__590781
590781,J. van Hecke,400549,Pau Torres,0.1613569310758807,0.0,0.0,0.10488200519932246,60,400549__590781
590781,J. van Hecke,7953,C. Coady,0.1604401632966964,0.0,0.0,0.10428610614285265,61,7953__590781
590781,J. van Hecke,297957,M. Akanji,0.1343376286283527,0.0,0.0,0.08731945860842925,62,297957__590781
590781,J. van Hecke,518805,L. Woolfenden,0.13083659884620097,0.0,0.0,0.08504378925003063,63,518805__590781
590781,J. van Hecke,488453,L. Martínez,0.08942666409040617,0.0,0.0,0.05812733165876401,64,488453__590781
590874,Toti,370,V. van Dijk,1.4437898562724711,0.24441840188497307,1.8248202557098365,1.5771504960755491,1,370__590874
590874,Toti,424806,E. Pinnock,0.8712064746730965,0.24441840188497307,1.8248202557098365,1.2049712980359555,2,424806__590874
590874,Toti,7919,M. Keane,0.7758436759554768,0.24441840188497307,1.8248202557098365,1.1429854788695026,3,7919__590874
590874,Toti,475597,S. Botman,0.769120271467862,0.24441840188497307,1.8248202557098365,1.138615265952553,4,475597__590874
590874,Toti,136441,B. Davies,0.7297003608523988,0.24441840188497307,1.8248202557098365,1.112992324052502,5,136441__590874
590874,Toti,399581,D. O'Shea,0.7045186799053154,0.24441840188497307,1.8248202557098365,1.0966242314368977,6,399581__590874
590874,Toti,496001,M. Kilman,0.6638742632284012,0.24441840188497307,1.8248202557098365,1.0702053605969035,7,496001__590874
590874,Toti,590781,J. van Hecke,0.6755311948844779,0.23484264687330494,1.700654010704581,1.034324180421514,8,590781__590874
590874,Toti,192792,D. Burn,0.887766242709361,0.19716805734062257,1.212137720481262,1.0012962599295263,9,192792__590874
590874,Toti,620468,J. Greaves,0.8184583776086032,0.19073777872085007,1.1287580235715309,0.9270632536956278,10,590874__620468
590874,Toti,393247,I. Konaté,0.8731145446151389,0.1806307208550252,0.9977025170635709,0.91672033497209,11,393247__590874
590874,Toti,8653,H. Maguire,0.5434240054654855,0.21399115757653422,1.4302783457473516,0.8538230245641386,12,8653__590874
590874,Toti,9433,J. Tarkowski,0.7039287226244352,0.19073777872085007,1.1287580235715309,0.8526189779559187,13,9433__590874
590874,Toti,479155,N. Collins,0.6368734922299237,0.19073777872085007,1.1287580235715309,0.8090330781994862,14,479155__590874
590874,Toti,62126,M. Doherty,0.9518565063626809,0.12903810624819412,0.32871493144471664,0.7337569551413935,15,62126__590874
590874,Toti,558243,S. van den Berg,0.28240111881548147,0.22234034158405155,1.5385399737660452,0.7220497180481786,16,558243__590874
590874,Toti,412968,M. Senesi,0.28266552710275444,0.19676105669609534,1.2068602523668328,0.6061336809451818,17,412968__590874
590874,Toti,145787,J. Andersen,0.5137873265797941,0.1512030825485469,0.6161222298239855,0.5496045427152612,18,145787__590874
590874,Toti,534563,C. Richards,0.18760416358885296,0.17874106842243873,0.9731999011723529,0.4625626717430779,19,534563__590874
590874,Toti,239411,T. Mings,0.08640202816987642,0.16297007860285984,0.7687017092776032,0.3252069165575807,20,239411__590874
590874,Toti,366217,K. Danso,0.39673591517509155,0.11851774214525916,0.1923001938957912,0.3251834127273364,21,366217__590874
590874,Toti,777938,Dean Huijsen,0.33114063121678866,0.1251237708938301,0.27795879555251096,0.31252698873429147,22,590874__777938
590874,Toti,415917,Gabriel Magalhaes,0.46739026337188916,0.10452026299724078,0.010798638850677784,0.30758319478946516,23,415917__590874
590874,Toti,413002,K. Mavropanos,0.5132499289450981,0.09716972323349737,-0.08451383730537645,0.30403261075743204,24,413002__590874
590874,Toti,240032,J. Bednarek,0.4188299716405611,0.10596969236710244,0.029593000447936738,0.2825970317231426,25,240032__590874
590874,Toti,8360,C. Dawson,0.5688731691753448,0.053680623164123004,-0.6484253249836027,0.14281869621971321,26,8360__590874
590874,Toti,578325,W. Saliba,0.5540649524849715,0.053680623164123004,-0.6484253249836027,0.13319335537097055,27,578325__590874
590874,Toti,623641,E. Agbadou,0.4476930425039627,0.053680623164123004,-0.6484253249836027,0.06405161388331482,28,590874__623641
590874,Toti,234399,A. Webster,0.3977641758568965,0.052732159305392566,-0.6607238012623142,0.02729338386517277,29,234399__590874
590874,Toti,424241,N. Milenković,0.19677901620224875,0.07604350865432302,-0.35845179126044496,0.002448233590305937,30,424241__590874
590874,Toti,568412,J. Gvardiol,0.28761381763239746,0.053680623164123004,-0.6484253249836027,-0.03999988228320259,31,568412__590874
590874,Toti,397074,M. Guéhi,0.11590217882418781,0.07783054195292097,-0.33527981013562624,-0.0420115173117471,32,397074__590874
590874,Toti,415847,C. Romero,-0.07711067042712227,0.09699149313390094,-0.08682489916805314,-0.08051065048644808,33,415847__590874
590874,Toti,590703,I. Zabarnyi,0.22036313079418202,0.053680623164123004,-0.6484253249836027,-0.08371282872804262,34,590703__590874
590874,Toti,625787,M. van de Ven,0.2102332203288896,0.053680623164123004,-0.6484253249836027,-0.09029727053048267,35,590874__625787
590874,Toti,283145,T. Adarabioyo,0.05845097792997715,0.07268643474143065,-0.401982067615785,-0.1027005880110396,36,283145__590874
590874,Toti,346131,T. Chalobah,0.17298401462342736,0.053680623164123004,-0.6484253249836027,-0.11450925423903315,37,346131__590874
590874,Toti,627012,Murillo,0.16470075003349433,0.053680623164123004,-0.6484253249836027,-0.11989337622248962,38,590874__627012
590874,Toti,9097,L. Dunk,0.15491065897276257,0.053680623164123004,-0.6484253249836027,-0.12625693541196525,39,9097__590874
590874,Toti,50102,F. Schär,-0.018504032342088222,0.07756461840829196,-0.3387279693622186,-0.13058241029913384,40,50102__590874
590874,Toti,583655,C. Okoli,-0.06321496601102464,0.08279415042653125,-0.2709180313418419,-0.13591103887681066,41,583655__590874
590874,Toti,604320,J. Branthwaite,0.2855916401540706,0.03213170249693782,-0.9278443953232499,-0.13911097226299154,42,590874__604320
590874,Toti,545267,R. Drăgușin,0.07389801746965156,0.053680623164123004,-0.6484253249836027,-0.17891515238898742,43,545267__590874
590874,Toti,288080,C. Burgess,-0.01261967480921726,0.053680623164123004,-0.6484253249836027,-0.23515165237025215,44,288080__590874
590874,Toti,769441,L. Yoro,-0.015550543074832918,0.053680623164123004,-0.6484253249836027,-0.23705671674290232,45,590874__769441
590874,Toti,365443,M. de Ligt,0.26823210185897994,0.010130863995487181,-1.2131233629204268,-0.2502423108138123,46,365443__590874
590874,Toti,364003,S. Bueno,-0.04503786071206664,0.053680623164123004,-0.6484253249836027,-0.25622347320710426,47,364003__590874
590874,Toti,349142,N. Mazraoui,-0.0838096605162718,0.053680623164123004,-0.6484253249836027,-0.2814251430798376,48,349142__590874
590874,Toti,15806,J. Vestergaard,-0.1146047547613805,0.053680623164123004,-0.6484253249836027,-0.30144195433915827,49,15806__590874
590874,Toti,447424,C. Bassey,-0.11864094099359261,0.053680623164123004,-0.6484253249836027,-0.30406547539009615,50,447424__590874
590874,Toti,412027,E. Konsa,-0.12784045526601998,0.053680623164123004,-0.6484253249836027,-0.31004515966717394,51,412027__590874
590874,Toti,549884,T. Harwood-Bellis,-0.16328722828293216,0.053680623164123004,-0.6484253249836027,-0.33308556212816687,52,549884__590874
590874,Toti,286380,I. Diop,-0.20545365101908916,0.053680623164123004,-0.6484253249836027,-0.36049373690666886,53,286380__590874
590874,Toti,501419,J. Todibo,-0.23126732812444342,0.053680623164123004,-0.6484253249836027,-0.3772726270251492,54,501419__590874
590874,Toti,285382,W. Faes,-0.2397276318186871,0.053680623164123004,-0.6484253249836027,-0.38277182442640756,55,285382__590874
590874,Toti,619747,L. Colwill,-0.010515390342048223,0.012947194399348478,-1.1766047625055782,-0.41864667059928373,56,590874__619747
590874,Toti,400549,Pau Torres,-0.3245650377729131,0.053680623164123004,-0.6484253249836027,-0.43791613829665443,57,400549__590874
590874,Toti,7953,C. Coady,-0.3254818055520972,0.053680623164123004,-0.6484253249836027,-0.43851203735312416,58,7953__590874
590874,Toti,518805,L. Woolfenden,-0.35198189509324573,0.053680623164123004,-0.6484253249836027,-0.45573709555487063,59,518805__590874
590874,Toti,488453,L. Martínez,-0.39649530475838757,0.053680623164123004,-0.6484253249836027,-0.48467081183721283,60,488453__590874
590874,Toti,504375,M. Lacroix,-0.115358273469841,0.0,-1.3444875571219082,-0.5455535227480645,61,504375__590874
590874,Toti,557788,W. Fofana,-0.13968772142219849,0.0,-1.3444875571219082,-0.5613676639170968,62,557788__590874
590874,Toti,258154,Rúben Dias,-0.3461520672484926,0.0,-1.3444875571219082,-0.695569488704188,63,258154__590874
590874,Toti,297957,M. Akanji,-0.46314893445767025,0.0,-1.3444875571219082,-0.7716174523901536,64,297957__590874
604320,J. Branthwaite,370,V. van Dijk,1.4110466842001383,0.0630139625868137,1.0238300128029107,1.2755208492111088,1,370__604320
604320,J. Branthwaite,393247,I. Konaté,0.854284802679889,0.0630139625868137,1.0238300128029107,0.9136256262229466,2,393247__604320
604320,J. Branthwaite,475597,S. Botman,0.6392549345200007,0.0630139625868137,1.0238300128029107,0.7738562119190192,3,475597__604320
604320,J. Branthwaite,62126,M. Doherty,0.9191133342903484,0.04933364151815521,0.4177251216516927,0.7436274598668189,4,62126__604320
604320,J. Branthwaite,590781,J. van Hecke,0.5896140976919182,0.0630139625868137,1.0238300128029107,0.7415896679807656,5,590781__604320
604320,J. Branthwaite,136441,B. Davies,0.5278947893862171,0.0630139625868137,1.0238300128029107,0.70147211758206,6,136441__604320
604320,J. Branthwaite,424806,E. Pinnock,0.5050894533385741,0.0630139625868137,1.0238300128029107,0.6866486491510919,7,424806__604320
604320,J. Branthwaite,496001,M. Kilman,0.44903990195795596,0.0630139625868137,1.0238300128029107,0.6502164407536901,8,496001__604320
604320,J. Branthwaite,578325,W. Saliba,0.7678886064785966,0.04933364151815521,0.4177251216516927,0.6453313867891802,9,578325__604320
604320,J. Branthwaite,240032,J. Bednarek,0.32303738525438314,0.0630139625868137,1.0238300128029107,0.5683148048963678,10,240032__604320
604320,J. Branthwaite,399581,D. O'Shea,0.3076306993827487,0.0630139625868137,1.0238300128029107,0.5583004590798054,11,399581__604320
604320,J. Branthwaite,7919,M. Keane,0.28279660430798115,0.0630139625868137,1.0238300128029107,0.5421582972812065,12,7919__604320
604320,J. Branthwaite,366217,K. Danso,0.2637539659389106,0.0630139625868137,1.0238300128029107,0.5297805823413106,13,366217__604320
604320,J. Branthwaite,623641,E. Agbadou,0.5776937454614883,0.04933364151815521,0.4177251216516927,0.5217047271280598,14,604320__623641
604320,J. Branthwaite,8653,H. Maguire,0.24251361878815603,0.0630139625868137,1.0238300128029107,0.5159743566933201,15,8653__604320
604320,J. Branthwaite,8360,C. Dawson,0.452735138281833,0.04933364151815521,0.4177251216516927,0.4404816324612839,16,8360__604320
604320,J. Branthwaite,412968,M. Senesi,-0.06805809738968016,0.0630139625868137,1.0238300128029107,0.31410274117772663,17,412968__604320
604320,J. Branthwaite,558243,S. van den Berg,-0.0683225056769532,0.0630139625868137,1.0238300128029107,0.31393087579099915,18,558243__604320
604320,J. Branthwaite,627012,Murillo,0.2529167195589408,0.04933364151815521,0.4177251216516927,0.31059966029140396,19,604320__627012
604320,J. Branthwaite,534563,C. Richards,-0.1631194609035818,0.0630139625868137,1.0238300128029107,0.2523128548936906,20,534563__604320
604320,J. Branthwaite,568412,J. Gvardiol,0.1558024739363737,0.04933364151815521,0.4177251216516927,0.24747540063673534,21,568412__604320
604320,J. Branthwaite,625787,M. van de Ven,0.14149261641383692,0.04933364151815521,0.4177251216516927,0.23817399324708644,22,604320__625787
604320,J. Branthwaite,413002,K. Mavropanos,0.10587840738774007,0.04933364151815521,0.4177251216516927,0.2150247573801235,23,413002__604320
604320,J. Branthwaite,769441,L. Yoro,0.09925164942484219,0.04933364151815521,0.4177251216516927,0.21071736470423985,24,604320__769441
604320,J. Branthwaite,590703,I. Zabarnyi,0.058262782388047774,0.04933364151815521,0.4177251216516927,0.18407460113032348,25,590703__604320
604320,J. Branthwaite,50102,F. Schär,-0.297924868670175,0.0630139625868137,1.0238300128029107,0.164689339845405,26,50102__604320
604320,J. Branthwaite,346131,T. Chalobah,-0.024022933132673813,0.04933364151815521,0.4177251216516927,0.13058888604185445,27,346131__604320
604320,J. Branthwaite,415917,Gabriel Magalhaes,-0.025656808275606402,0.04933364151815521,0.4177251216516927,0.12952686719894826,28,415917__604320
604320,J. Branthwaite,545267,R. Drăgușin,-0.07718526950459693,0.04933364151815521,0.4177251216516927,0.09603336740010443,29,545267__604320
604320,J. Branthwaite,9097,L. Dunk,-0.1259797724122062,0.04933364151815521,0.4177251216516927,0.0643169405101584,30,9097__604320
604320,J. Branthwaite,192792,D. Burn,0.4622395526857924,0.020110599688430996,-0.87699804298887,-0.006493605800339364,31,192792__604320
604320,J. Branthwaite,15806,J. Vestergaard,-0.27407102391836485,0.04933364151815521,0.4177251216516927,-0.03194237296884472,32,15806__604320
604320,J. Branthwaite,349142,N. Mazraoui,-0.27514560433828944,0.04933364151815521,0.4177251216516927,-0.03264085024179572,33,349142__604320
604320,J. Branthwaite,447424,C. Bassey,-0.27810721015057704,0.04933364151815521,0.4177251216516927,-0.03456589401978266,34,447424__604320
604320,J. Branthwaite,412027,E. Konsa,-0.2800891333267766,0.04933364151815521,0.4177251216516927,-0.03585414408431237,35,412027__604320
604320,J. Branthwaite,364003,S. Bueno,-0.2871788473813932,0.04933364151815521,0.4177251216516927,-0.04046245821981315,36,364003__604320
604320,J. Branthwaite,288080,C. Burgess,-0.2896548692710041,0.04933364151815521,0.4177251216516927,-0.04207187244806024,37,288080__604320
604320,J. Branthwaite,620468,J. Greaves,0.5419390388479443,0.013680321068658489,-1.1618907222870325,-0.05440137754929758,38,604320__620468
604320,J. Branthwaite,286380,I. Diop,-0.36491992017607355,0.04933364151815521,0.4177251216516927,-0.09099415553635537,39,286380__604320
604320,J. Branthwaite,501419,J. Todibo,-0.39073359728142787,0.04933364151815521,0.4177251216516927,-0.10777304565483567,40,501419__604320
604320,J. Branthwaite,285382,W. Faes,-0.3991939009756714,0.04933364151815521,0.4177251216516927,-0.11327224305609399,41,285382__604320
604320,J. Branthwaite,549884,T. Harwood-Bellis,-0.4000776391913604,0.04933364151815521,0.4177251216516927,-0.11384667289629183,42,549884__604320
604320,J. Branthwaite,400549,Pau Torres,-0.48403130692989754,0.04933364151815521,0.4177251216516927,-0.16841655692634097,43,400549__604320
604320,J. Branthwaite,7953,C. Coady,-0.48494807470908174,0.04933364151815521,0.4177251216516927,-0.1690124559828107,44,7953__604320
604320,J. Branthwaite,518805,L. Woolfenden,-0.5145516391595771,0.04933364151815521,0.4177251216516927,-0.18825477287563272,45,518805__604320
604320,J. Branthwaite,488453,L. Martínez,-0.5559615739153718,0.04933364151815521,0.4177251216516927,-0.21517123046689926,46,488453__604320
604320,J. Branthwaite,145787,J. Andersen,0.28900664903443035,0.013680321068658489,-1.1618907222870325,-0.2188074309280816,47,145787__604320
604320,J. Branthwaite,479155,N. Collins,0.28491055568886486,0.013680321068658489,-1.1618907222870325,-0.22146989160269917,48,479155__604320
604320,J. Branthwaite,9433,J. Tarkowski,0.2108816509769397,0.013680321068658489,-1.1618907222870325,-0.2695886796654505,49,9433__604320
604320,J. Branthwaite,777938,Dean Huijsen,0.13833468052996872,0.013680321068658489,-1.1618907222870325,-0.31674421045598167,50,604320__777938
604320,J. Branthwaite,590874,Toti,0.2855916401540706,0.0,-1.7679956134382504,-0.43316389860324167,51,590874__604320
604320,J. Branthwaite,365443,M. de Ligt,0.17132511865691508,0.0,-1.7679956134382504,-0.5074371375763929,52,365443__604320
604320,J. Branthwaite,397074,M. Guéhi,-0.22749957300145013,0.013680321068658489,-1.1618907222870325,-0.5545364752514039,53,397074__604320
604320,J. Branthwaite,239411,T. Mings,-0.24286081237335075,0.013680321068658489,-1.1618907222870325,-0.5645212808431394,54,239411__604320
604320,J. Branthwaite,283145,T. Adarabioyo,-0.268991250940864,0.013680321068658489,-1.1618907222870325,-0.581506065912023,55,283145__604320
604320,J. Branthwaite,234399,A. Webster,-0.023335746111171313,0.0,-1.7679956134382504,-0.633966699675649,56,234399__604320
604320,J. Branthwaite,583655,C. Okoli,-0.3798861783852322,0.013680321068658489,-1.1618907222870325,-0.6535877687508623,57,583655__604320
604320,J. Branthwaite,424241,N. Milenković,-0.24337125377719562,0.007454759519229594,-1.4377134377287415,-0.6613910181602366,58,424241__604320
604320,J. Branthwaite,415847,C. Romero,-0.39994726014461524,0.013680321068658489,-1.1618907222870325,-0.6666274718944613,59,415847__604320
604320,J. Branthwaite,619747,L. Colwill,-0.12041356766375157,0.0,-1.7679956134382504,-0.6970672836848262,60,604320__619747
604320,J. Branthwaite,504375,M. Lacroix,-0.39994815615581214,0.0,-1.7679956134382504,-0.8787647662046656,61,504375__604320
604320,J. Branthwaite,557788,W. Fofana,-0.41375733530835634,0.0,-1.7679956134382504,-0.8877407326538193,62,557788__604320
604320,J. Branthwaite,258154,Rúben Dias,-0.48868992406109324,0.0,-1.7679956134382504,-0.9364469153430982,63,258154__604320
604320,J. Branthwaite,297957,M. Akanji,-0.605234437119327,0.0,-1.7679956134382504,-1.0122008488309502,64,297957__604320
619747,L. Colwill,370,V. van Dijk,1.2278333663675671,0.08106139659529059,0.9025230188523733,1.1139747447372492,1,370__619747
619747,L. Colwill,393247,I. Konaté,0.6571580547102351,0.08106139659529059,0.9025230188523733,0.7430357921599835,2,393247__619747
619747,L. Colwill,62126,M. Doherty,0.7359000164577774,0.0713369172370347,0.5116905842272841,0.6574267151771047,3,62126__619747
619747,L. Colwill,424806,E. Pinnock,0.46158452197653443,0.08106139659529059,0.9025230188523733,0.615912995883078,4,424806__619747
619747,L. Colwill,475597,S. Botman,0.42613270598062913,0.08106139659529059,0.9025230188523733,0.5928693154857396,5,475597__619747
619747,L. Colwill,136441,B. Davies,0.3867127953651658,0.08106139659529059,0.9025230188523733,0.5672463735856884,6,136441__619747
619747,L. Colwill,7919,M. Keane,0.3662217232589148,0.08106139659529059,0.9025230188523733,0.5539271767166253,7,7919__619747
619747,L. Colwill,590781,J. van Hecke,0.34890331642168365,0.08106139659529059,0.9025230188523733,0.5426702122724251,8,590781__619747
619747,L. Colwill,399581,D. O'Shea,0.3153667583879505,0.08106139659529059,0.9025230188523733,0.5208714495504985,9,399581__619747
619747,L. Colwill,578325,W. Saliba,0.5154425608192954,0.0713369172370347,0.5116905842272841,0.5141293690120914,10,578325__619747
619747,L. Colwill,496001,M. Kilman,0.2542523105318388,0.08106139659529059,0.9025230188523733,0.48114705844402583,11,496001__619747
619747,L. Colwill,8653,H. Maguire,0.13380205276892332,0.08106139659529059,0.9025230188523733,0.4028543908981308,12,8653__619747
619747,L. Colwill,623641,E. Agbadou,0.3323239460574736,0.0713369172370347,0.5116905842272841,0.3951022694169073,13,619747__623641
619747,L. Colwill,240032,J. Bednarek,0.06413500747608034,0.08106139659529059,0.9025230188523733,0.35757081145778286,14,240032__619747
619747,L. Colwill,8360,C. Dawson,0.25559856335303927,0.0713369172370347,0.5116905842272841,0.34523077065902497,15,8360__619747
619747,L. Colwill,366217,K. Danso,0.02327530675676282,0.08106139659529059,0.9025230188523733,0.3310120059902265,16,366217__619747
619747,L. Colwill,412968,M. Senesi,-0.06032203838447853,0.08106139659529059,0.9025230188523733,0.27667373164841963,17,412968__619747
619747,L. Colwill,558243,S. van den Berg,-0.060586446671751726,0.08106139659529059,0.9025230188523733,0.27650186626169204,18,558243__619747
619747,L. Colwill,413002,K. Mavropanos,0.11068839063791823,0.0713369172370347,0.5116905842272841,0.25103915839419627,19,413002__619747
619747,L. Colwill,415917,Gabriel Magalhaes,0.058119349722754246,0.0713369172370347,0.5116905842272841,0.21686928179933967,20,415917__619747
619747,L. Colwill,534563,C. Richards,-0.15538340189838007,0.08106139659529059,0.9025230188523733,0.2148838453643836,21,534563__619747
619747,L. Colwill,627012,Murillo,0.009161969300250192,0.0713369172370347,0.5116905842272841,0.18504698452471205,22,619747__627012
619747,L. Colwill,568412,J. Gvardiol,-0.013484885315085161,0.0713369172370347,0.5116905842272841,0.17032652902474407,23,568412__619747
619747,L. Colwill,625787,M. van de Ven,-0.09613615854989975,0.0713369172370347,0.5116905842272841,0.11660320142211458,24,619747__625787
619747,L. Colwill,50102,F. Schär,-0.30772881163993604,0.08106139659529059,0.9025230188523733,0.11585932903237223,25,50102__619747
619747,L. Colwill,590703,I. Zabarnyi,-0.10080708708242592,0.0713369172370347,0.5116905842272841,0.11356709787597256,26,590703__619747
619747,L. Colwill,346131,T. Chalobah,-0.12644467917339985,0.0713369172370347,0.5116905842272841,0.09690266301683952,27,346131__619747
619747,L. Colwill,9097,L. Dunk,-0.15099546901512598,0.0713369172370347,0.5116905842272841,0.08094464961971753,28,9097__619747
619747,L. Colwill,769441,L. Yoro,-0.1735739854496831,0.0713369172370347,0.5116905842272841,0.06626861393725539,29,619747__769441
619747,L. Colwill,545267,R. Drăgușin,-0.17960701554532293,0.0713369172370347,0.5116905842272841,0.06234714437508951,30,545267__619747
619747,L. Colwill,15806,J. Vestergaard,-0.28025822200938577,0.0713369172370347,0.5116905842272841,-0.003076139826551333,31,15806__619747
619747,L. Colwill,349142,N. Mazraoui,-0.28133280242931025,0.0713369172370347,0.5116905842272841,-0.0037746170995022477,32,349142__619747
619747,L. Colwill,447424,C. Bassey,-0.2842944082415979,0.0713369172370347,0.5116905842272841,-0.0056996608774892155,33,447424__619747
619747,L. Colwill,364003,S. Bueno,-0.29336604547241407,0.0713369172370347,0.5116905842272841,-0.011596225077519728,34,364003__619747
619747,L. Colwill,412027,E. Konsa,-0.29349392251402534,0.0713369172370347,0.5116905842272841,-0.011679345154567061,35,412027__619747
619747,L. Colwill,288080,C. Burgess,-0.2994588122407647,0.0713369172370347,0.5116905842272841,-0.015556523476947637,36,288080__619747
619747,L. Colwill,192792,D. Burn,0.4781442900127987,0.033811052050940094,-0.9964955830499194,-0.03797966555915261,37,192792__619747
619747,L. Colwill,286380,I. Diop,-0.3711071182670945,0.0713369172370347,0.5116905842272841,-0.062127922394062035,38,286380__619747
619747,L. Colwill,501419,J. Todibo,-0.3969207953724487,0.0713369172370347,0.5116905842272841,-0.07890681251254222,39,501419__619747
619747,L. Colwill,285382,W. Faes,-0.40538109906669234,0.0713369172370347,0.5116905842272841,-0.0844060099138006,40,285382__619747
619747,L. Colwill,549884,T. Harwood-Bellis,-0.4062648372823815,0.0713369172370347,0.5116905842272841,-0.08498043975399855,41,549884__619747
619747,L. Colwill,400549,Pau Torres,-0.49021850502091846,0.0713369172370347,0.5116905842272841,-0.13955032378404758,42,400549__619747
619747,L. Colwill,7953,C. Coady,-0.4911352728001025,0.0713369172370347,0.5116905842272841,-0.1401462228405172,43,7953__619747
619747,L. Colwill,518805,L. Woolfenden,-0.520738837250598,0.0713369172370347,0.5116905842272841,-0.15938853973333927,44,518805__619747
619747,L. Colwill,620468,J. Greaves,0.4088364249120411,0.027380773431167585,-1.2549321898539354,-0.17348259025605062,45,619747__620468
619747,L. Colwill,488453,L. Martínez,-0.5621487720063929,0.0713369172370347,0.5116905842272841,-0.18630499732460598,46,488453__619747
619747,L. Colwill,9433,J. Tarkowski,0.29430676992787325,0.027380773431167585,-1.2549321898539354,-0.24792686599575975,47,9433__619747
619747,L. Colwill,479155,N. Collins,0.2365323853262104,0.027380773431167585,-1.2549321898539354,-0.2854802159868406,48,479155__619747
619747,L. Colwill,145787,J. Andersen,0.10416537388323194,0.027380773431167585,-1.2549321898539354,-0.37151877342477657,49,145787__619747
619747,L. Colwill,777938,Dean Huijsen,-0.03567616066748147,0.027380773431167585,-1.2549321898539354,-0.46241577088274033,50,619747__777938
619747,L. Colwill,590874,Toti,-0.010515390342048223,0.017656294072911694,-1.6457646244790247,-0.58285262228999,51,590874__619747
619747,L. Colwill,397074,M. Guéhi,-0.22708538666304523,0.027380773431167585,-1.2549321898539354,-0.5868317677798568,52,397074__619747
619747,L. Colwill,365443,M. de Ligt,-0.08784544813738505,0.017656294072911694,-1.6457646244790247,-0.6331171598569589,53,365443__619747
619747,L. Colwill,239411,T. Mings,-0.31232461217298607,0.027380773431167585,-1.2549321898539354,-0.6422372643613183,54,239411__619747
619747,L. Colwill,604320,J. Branthwaite,-0.12041356766375157,0.017656294072911694,-1.6457646244790247,-0.6542864375490972,55,604320__619747
619747,L. Colwill,234399,A. Webster,-0.1525541814672125,0.017656294072911694,-1.6457646244790247,-0.6751778365213468,56,234399__619747
619747,L. Colwill,583655,C. Okoli,-0.46012099468150125,0.027380773431167585,-1.2549321898539354,-0.7383049129918532,57,583655__619747
619747,L. Colwill,283145,T. Adarabioyo,-0.4615616424853388,0.027380773431167585,-1.2549321898539354,-0.7392413340643476,58,283145__619747
619747,L. Colwill,415847,C. Romero,-0.6013302948180328,0.027380773431167585,-1.2549321898539354,-0.8300909580805986,59,415847__619747
619747,L. Colwill,504375,M. Lacroix,-0.4097520991255728,0.017656294072911694,-1.6457646244790247,-0.842356482999281,60,504375__619747
619747,L. Colwill,258154,Rúben Dias,-0.5281860368413228,0.017656294072911694,-1.6457646244790247,-0.9193385425145185,61,258154__619747
619747,L. Colwill,557788,W. Fofana,-0.6161608411950044,0.017656294072911694,-1.6457646244790247,-0.9765221653444115,62,557788__619747
619747,L. Colwill,297957,M. Akanji,-0.6644829466142355,0.017656294072911694,-1.6457646244790247,-1.0079315338669117,63,297957__619747
619747,L. Colwill,424241,N. Milenković,-0.7282372059512138,0.007454759519229594,-2.055770182580455,-1.1928737477714482,64,424241__619747
620468,J. Greaves,370,V. van Dijk,1.6209170436359852,0.04933364151815521,0.6685145412191942,1.2875761677901083,1,370__620468
620468,J. Greaves,62126,M. Doherty,1.3635201883884849,0.04933364151815521,0.6685145412191942,1.120268211879233,2,62126__620468
620468,J. Greaves,578325,W. Saliba,1.3007553439331292,0.04933364151815521,0.6685145412191942,1.079471062983252,3,578325__620468
620468,J. Greaves,393247,I. Konaté,1.2879533908857352,0.04933364151815521,0.6685145412191942,1.0711497935024459,4,393247__620468
620468,J. Greaves,623641,E. Agbadou,1.1105604829160207,0.04933364151815521,0.6685145412191942,0.9558444033221314,5,620468__623641
620468,J. Greaves,590781,J. van Hecke,0.9470442757455606,0.04933364151815521,0.6685145412191942,0.8495588686613325,6,590781__620468
620468,J. Greaves,8360,C. Dawson,0.9410788992976995,0.04933364151815521,0.6685145412191942,0.8456813739702227,7,8360__620468
620468,J. Greaves,475597,S. Botman,0.8744848507184901,0.04933364151815521,0.6685145412191942,0.8023952423937366,8,475597__620468
620468,J. Greaves,136441,B. Davies,0.8405585742013506,0.04933364151815521,0.6685145412191942,0.7803431626575958,9,136441__620468
620468,J. Greaves,240032,J. Bednarek,0.8249670193243892,0.04933364151815521,0.6685145412191942,0.770208651987571,10,240032__620468
620468,J. Greaves,424806,E. Pinnock,0.8093481633779542,0.04933364151815521,0.6685145412191942,0.7600563956223882,11,424806__620468
620468,J. Greaves,627012,Murillo,0.7857834570134731,0.04933364151815521,0.6685145412191942,0.7447393364854755,12,620468__627012
620468,J. Greaves,496001,M. Kilman,0.7763828161125893,0.04933364151815521,0.6685145412191942,0.738628919899901,13,496001__620468
620468,J. Greaves,366217,K. Danso,0.7542111756563501,0.04933364151815521,0.6685145412191942,0.7242173536033456,14,366217__620468
620468,J. Greaves,399581,D. O'Shea,0.7488596579913154,0.04933364151815521,0.6685145412191942,0.7207388671210729,15,399581__620468
620468,J. Greaves,8653,H. Maguire,0.7299038829168152,0.04933364151815521,0.6685145412191942,0.7084176133226479,16,8653__620468
620468,J. Greaves,413002,K. Mavropanos,0.7181341852309024,0.04933364151815521,0.6685145412191942,0.7007673098268046,17,413002__620468
620468,J. Greaves,7919,M. Keane,0.7163773819781046,0.04933364151815521,0.6685145412191942,0.699625387712486,18,7919__620468
620468,J. Greaves,568412,J. Gvardiol,0.6886692113909061,0.04933364151815521,0.6685145412191942,0.6816150768308069,19,568412__620468
620468,J. Greaves,625787,M. van de Ven,0.6665184620177513,0.04933364151815521,0.6685145412191942,0.6672170897382563,20,620468__625787
620468,J. Greaves,415917,Gabriel Magalhaes,0.6613888667681594,0.04933364151815521,0.6685145412191942,0.6638828528260217,21,415917__620468
620468,J. Greaves,590703,I. Zabarnyi,0.6487531801798948,0.04933364151815521,0.6685145412191942,0.6556696565436495,22,590703__620468
620468,J. Greaves,769441,L. Yoro,0.6321183868793746,0.04933364151815521,0.6685145412191942,0.6448570408983114,23,620468__769441
620468,J. Greaves,346131,T. Chalobah,0.6291369892589902,0.04933364151815521,0.6685145412191942,0.6429191324450616,24,346131__620468
620468,J. Greaves,9097,L. Dunk,0.604586199417264,0.04933364151815521,0.6685145412191942,0.6269611190479396,25,9097__620468
620468,J. Greaves,545267,R. Drăgușin,0.5759746528870671,0.04933364151815521,0.6685145412191942,0.6083636138033115,26,545267__620468
620468,J. Greaves,412968,M. Senesi,0.557834373148025,0.04933364151815521,0.6685145412191942,0.5965724319729342,27,412968__620468
620468,J. Greaves,558243,S. van den Berg,0.5135595333689831,0.04933364151815521,0.6685145412191942,0.567793786116557,28,558243__620468
620468,J. Greaves,534563,C. Richards,0.48880453062146006,0.04933364151815521,0.6685145412191942,0.551703034330667,29,534563__620468
620468,J. Greaves,15806,J. Vestergaard,0.47532344642300434,0.04933364151815521,0.6685145412191942,0.5429403296016708,30,15806__620468
620468,J. Greaves,349142,N. Mazraoui,0.4742488660030797,0.04933364151815521,0.6685145412191942,0.5422418523287198,31,349142__620468
620468,J. Greaves,447424,C. Bassey,0.47128726019079203,0.04933364151815521,0.6685145412191942,0.5403168085507328,32,447424__620468
620468,J. Greaves,364003,S. Bueno,0.46221562295997587,0.04933364151815521,0.6685145412191942,0.5344202443507022,33,364003__620468
620468,J. Greaves,412027,E. Konsa,0.46208774591836466,0.04933364151815521,0.6685145412191942,0.534337124273655,34,412027__620468
620468,J. Greaves,288080,C. Burgess,0.45472664719897965,0.04933364151815521,0.6685145412191942,0.5295524101060547,35,288080__620468
620468,J. Greaves,50102,F. Schär,0.41712531830654,0.04933364151815521,0.6685145412191942,0.505111546325969,36,50102__620468
620468,J. Greaves,286380,I. Diop,0.38447455016529547,0.04933364151815521,0.6685145412191942,0.48388854703416,37,286380__620468
620468,J. Greaves,501419,J. Todibo,0.3586608730599412,0.04933364151815521,0.6685145412191942,0.46710965691567974,38,501419__620468
620468,J. Greaves,285382,W. Faes,0.35020056936569743,0.04933364151815521,0.6685145412191942,0.46161045951442126,39,285382__620468
620468,J. Greaves,549884,T. Harwood-Bellis,0.34931683115000844,0.04933364151815521,0.6685145412191942,0.4610360296742234,40,549884__620468
620468,J. Greaves,400549,Pau Torres,0.2653631634114713,0.04933364151815521,0.6685145412191942,0.40646614564417427,41,400549__620468
620468,J. Greaves,7953,C. Coady,0.2644463956322874,0.04933364151815521,0.6685145412191942,0.40587024658770476,42,7953__620468
620468,J. Greaves,518805,L. Woolfenden,0.23484283118179206,0.04933364151815521,0.6685145412191942,0.3866279296948828,43,518805__620468
620468,J. Greaves,488453,L. Martínez,0.19343289642599726,0.04933364151815521,0.6685145412191942,0.3597114721036162,44,488453__620468
620468,J. Greaves,192792,D. Burn,0.9034685112943591,0.006430278619772508,-1.2041009685654749,0.16581919334341721,45,192792__620468
620468,J. Greaves,590874,Toti,0.8184583776086032,0.0,-1.48476520237258,0.01233012461518912,46,590874__620468
620468,J. Greaves,365443,M. de Ligt,0.7041918561114473,0.0,-1.48476520237258,-0.06194311435796224,47,365443__620468
620468,J. Greaves,479155,N. Collins,0.7010617947513114,0.0,-1.48476520237258,-0.0639776542420506,48,479155__620468
620468,J. Greaves,145787,J. Andersen,0.699675311141242,0.0,-1.48476520237258,-0.06487886858859565,49,145787__620468
620468,J. Greaves,9433,J. Tarkowski,0.633345810761917,0.0,-1.48476520237258,-0.1079930438351569,50,9433__620468
620468,J. Greaves,234399,A. Webster,0.6273729639238426,0.0,-1.48476520237258,-0.11187539427990528,51,234399__620468
620468,J. Greaves,777938,Dean Huijsen,0.6084538745236217,0.0,-1.48476520237258,-0.12417280239004891,52,620468__777938
620468,J. Greaves,604320,J. Branthwaite,0.5419390388479443,0.0,-1.48476520237258,-0.1674074455792392,53,604320__620468
620468,J. Greaves,397074,M. Guéhi,0.4602838770141997,0.0,-1.48476520237258,-0.22048330077117317,54,397074__620468
620468,J. Greaves,283145,T. Adarabioyo,0.43081722337778705,0.0,-1.48476520237258,-0.2396366256348414,55,283145__620468
620468,J. Greaves,619747,L. Colwill,0.4088364249120411,0.0,-1.48476520237258,-0.25392414463757623,56,619747__620468
620468,J. Greaves,424241,N. Milenković,0.40378898257821405,0.0,-1.48476520237258,-0.25720498215456383,57,424241__620468
620468,J. Greaves,239411,T. Mings,0.3744031795128703,0.0,-1.48476520237258,-0.2763057541470373,58,239411__620468
620468,J. Greaves,504375,M. Lacroix,0.3375195053890892,0.0,-1.48476520237258,-0.300280142327495,59,504375__620468
620468,J. Greaves,557788,W. Fofana,0.3356371350330127,0.0,-1.48476520237258,-0.3015036830589447,60,557788__620468
620468,J. Greaves,583655,C. Okoli,0.29991000245552646,0.0,-1.48476520237258,-0.3247263192343108,61,583655__620468
620468,J. Greaves,415847,C. Romero,0.2730339590148501,0.0,-1.48476520237258,-0.3421957474707504,62,415847__620468
620468,J. Greaves,258154,Rúben Dias,0.260704546280276,0.0,-1.48476520237258,-0.35020986574822355,63,258154__620468
620468,J. Greaves,297957,M. Akanji,0.14416003322204213,0.0,-1.48476520237258,-0.4259637992360756,64,297957__620468
623641,E. Agbadou,370,V. van Dijk,1.5606927011960583,0.10679549744673647,1.3395819497906163,1.4833039382041537,1,370__623641
623641,E. Agbadou,192792,D. Burn,1.1481716975861906,0.10679549744673647,1.3395819497906163,1.2151652858577395,2,192792__623641
623641,E. Agbadou,620468,J. Greaves,1.1105604829160207,0.10679549744673647,1.3395819497906163,1.190717996322129,3,620468__623641
623641,E. Agbadou,424806,E. Pinnock,1.069124752238613,0.10679549744673647,1.3395819497906163,1.1637847713818141,4,424806__623641
623641,E. Agbadou,475597,S. Botman,1.061128771713218,0.10679549744673647,1.3395819497906163,1.1585873840403074,5,475597__623641
623641,E. Agbadou,136441,B. Davies,1.021708861097755,0.10679549744673647,1.3395819497906163,1.1329644421402563,6,136441__623641
623641,E. Agbadou,7919,M. Keane,0.973761953520993,0.10679549744673647,1.3395819497906163,1.1017989522153613,7,7919__623641
623641,E. Agbadou,9433,J. Tarkowski,0.9633434994802516,0.10679549744673647,1.3395819497906163,1.095026957088879,8,9433__623641
623641,E. Agbadou,399581,D. O'Shea,0.9503628241205393,0.10679549744673647,1.3395819497906163,1.0865895181050662,9,399581__623641
623641,E. Agbadou,479155,N. Collins,0.9206101641073954,0.10679549744673647,1.3395819497906163,1.0672502890965228,10,479155__623641
623641,E. Agbadou,496001,M. Kilman,0.886687728396712,0.10679549744673647,1.3395819497906163,1.0452007058845785,11,496001__623641
623641,E. Agbadou,590781,J. van Hecke,0.8827137114124364,0.10679549744673647,1.3395819497906163,1.0426175948447993,12,590781__623641
623641,E. Agbadou,8653,H. Maguire,0.7530256172737722,0.10164440680732931,1.229279696309921,0.9197145449364242,13,8653__623641
623641,E. Agbadou,393247,I. Konaté,0.9900173895387263,0.08023014926148583,0.7707280944700499,0.9132661362646896,14,393247__623641
623641,E. Agbadou,145787,J. Andersen,0.7880151288121058,0.09253695494346498,1.0342583824999954,0.8742002676028671,15,145787__623641
623641,E. Agbadou,412968,M. Senesi,0.5746740273481105,0.10679549744673647,1.3395819497906163,0.8423918002029875,16,412968__623641
623641,E. Agbadou,558243,S. van den Berg,0.5744096190608375,0.10679549744673647,1.3395819497906163,0.84221993481626,17,558243__623641
623641,E. Agbadou,777938,Dean Huijsen,0.6816380537214148,0.09609831289120493,1.1105190881614107,0.8317464157754133,18,623641__777938
623641,E. Agbadou,239411,T. Mings,0.4940551401063413,0.10679549744673647,1.3395819497906163,0.7899895234958375,19,239411__623641
623641,E. Agbadou,534563,C. Richards,0.47961266383420886,0.10679549744673647,1.3395819497906163,0.7806019139189515,20,534563__623641
623641,E. Agbadou,62126,M. Doherty,1.0687593512862685,0.04661689625410798,0.05095478565534679,0.7125277533154459,21,62126__623641
623641,E. Agbadou,366217,K. Danso,0.658271372489352,0.06483711898113616,0.4411113110203689,0.5822653509752079,22,366217__623641
623641,E. Agbadou,397074,M. Guéhi,0.475358452484712,0.07783054195292097,0.7193443949524049,0.5607535323484045,23,397074__623641
623641,E. Agbadou,415847,C. Romero,0.3323630531817287,0.08727285148413842,0.9215361427325217,0.5385736345245062,24,415847__623641
623641,E. Agbadou,283145,T. Adarabioyo,0.467924701538828,0.07268643474143065,0.6091916802568271,0.5173681440901277,25,283145__623641
623641,E. Agbadou,583655,C. Okoli,0.3462587575978262,0.08052942398990035,0.7771365775010809,0.4970659945639653,26,583655__623641
623641,E. Agbadou,240032,J. Bednarek,0.6647959612794709,0.052289069202979425,0.1724151718513015,0.49246268497961165,27,240032__623641
623641,E. Agbadou,234399,A. Webster,0.7131476767859077,0.04661689625410798,0.05095478565534679,0.48138016489021146,28,234399__623641
623641,E. Agbadou,413002,K. Mavropanos,0.7111682065106144,0.04348910006937436,-0.016021897877472165,0.4566516699747841,29,413002__623641
623641,E. Agbadou,415917,Gabriel Magalhaes,0.6653085409374054,0.04661689625410798,0.05095478565534679,0.45028472658868496,30,415917__623641
623641,E. Agbadou,424241,N. Milenković,0.5121625171312598,0.05407165577333758,0.2105863727676103,0.4066108666039825,31,424241__623641
623641,E. Agbadou,604320,J. Branthwaite,0.5776937454614883,0.03213170249693782,-0.2592221507194815,0.2847731817981489,32,604320__623641
623641,E. Agbadou,8360,C. Dawson,0.7829486474362791,0.0,-0.9472704577070341,0.17737196063611954,33,8360__623641
623641,E. Agbadou,578325,W. Saliba,0.7547907484446585,0.0,-0.9472704577070341,0.15906932629156617,34,578325__623641
623641,E. Agbadou,365443,M. de Ligt,0.5785633351164425,0.010130863995487181,-0.7303344325748331,0.12044911642449607,35,365443__623641
623641,E. Agbadou,50102,F. Schär,0.27350446790326777,0.023883995244168947,-0.43583342777015754,0.025236204417568908,36,50102__623641
623641,E. Agbadou,590703,I. Zabarnyi,0.5123716310395379,0.0,-0.9472704577070341,0.001496899978237709,37,590703__623641
623641,E. Agbadou,625787,M. van de Ven,0.5022417205742455,0.0,-0.9472704577070341,-0.005087541824202291,38,623641__625787
623641,E. Agbadou,568412,J. Gvardiol,0.49346795148857864,0.0,-0.9472704577070341,-0.010790491729885776,39,568412__623641
623641,E. Agbadou,619747,L. Colwill,0.3323239460574736,0.012947194399348478,-0.670027283693475,-0.018498984355358378,40,619747__623641
623641,E. Agbadou,346131,T. Chalobah,0.4649925148687833,0.0,-0.9472704577070341,-0.02929952553275278,41,346131__623641
623641,E. Agbadou,590874,Toti,0.4476930425039627,0.0,-0.9472704577070341,-0.04054418256988618,42,590874__623641
623641,E. Agbadou,9097,L. Dunk,0.4469191592181186,0.0,-0.9472704577070341,-0.04104720670568485,43,9097__623641
623641,E. Agbadou,627012,Murillo,0.4393657323798235,0.0,-0.9472704577070341,-0.04595693415057661,44,623641__627012
623641,E. Agbadou,545267,R. Drăgușin,0.38730153282025415,0.0,-0.9472704577070341,-0.07979866386429674,45,545267__623641
623641,E. Agbadou,769441,L. Yoro,0.3532046619513362,0.0,-0.9472704577070341,-0.10196162992909338,46,623641__769441
623641,E. Agbadou,288080,C. Burgess,0.28107902801197715,0.0,-0.9472704577070341,-0.14884329198967677,47,288080__623641
623641,E. Agbadou,364003,S. Bueno,0.27957638303440346,0.0,-0.9472704577070341,-0.14982001122509966,48,364003__623641
623641,E. Agbadou,349142,N. Mazraoui,0.26183607602527237,0.0,-0.9472704577070341,-0.16135121078103487,49,349142__623641
623641,E. Agbadou,15806,J. Vestergaard,0.2541504502647886,0.0,-0.9472704577070341,-0.16634686752534933,50,15806__623641
623641,E. Agbadou,504375,M. Lacroix,0.25027279634840927,0.0,-0.9472704577070341,-0.1688673425709959,51,504375__623641
623641,E. Agbadou,447424,C. Bassey,0.2501142640325765,0.0,-0.9472704577070341,-0.16897038857628718,52,447424__623641
623641,E. Agbadou,557788,W. Fofana,0.24433536818308912,0.0,-0.9472704577070341,-0.172726670878454,53,557788__623641
623641,E. Agbadou,412027,E. Konsa,0.24091474976014893,0.0,-0.9472704577070341,-0.1749500728533651,54,412027__623641
623641,E. Agbadou,549884,T. Harwood-Bellis,0.1660235853558218,0.0,-0.9472704577070341,-0.22362932971617777,55,549884__623641
623641,E. Agbadou,286380,I. Diop,0.16330155400707974,0.0,-0.9472704577070341,-0.2253986500928601,56,286380__623641
623641,E. Agbadou,501419,J. Todibo,0.13748787690172562,0.0,-0.9472704577070341,-0.24217754021134028,57,501419__623641
623641,E. Agbadou,258154,Rúben Dias,0.1337153778639617,0.0,-0.9472704577070341,-0.2446296645858868,58,258154__623641
623641,E. Agbadou,285382,W. Faes,0.12902757320748195,0.0,-0.9472704577070341,-0.24767673761259865,59,285382__623641
623641,E. Agbadou,400549,Pau Torres,0.044190167253256,0.0,-0.9472704577070341,-0.30282105148284555,60,400549__623641
623641,E. Agbadou,7953,C. Coady,0.0432733994740718,0.0,-0.9472704577070341,-0.3034169505393153,61,7953__623641
623641,E. Agbadou,297957,M. Akanji,0.017170864805728103,0.0,-0.9472704577070341,-0.3203835980737387,62,297957__623641
623641,E. Agbadou,518805,L. Woolfenden,0.013669835023576327,0.0,-0.9472704577070341,-0.3226592674321373,63,518805__623641
623641,E. Agbadou,488453,L. Martínez,-0.027740099732218526,0.0,-0.9472704577070341,-0.34957572502340395,64,488453__623641
625787,M. van de Ven,370,V. van Dijk,1.430145180520905,0.08431362152303395,1.2023679180032378,1.3504231386397214,1,370__625787
625787,M. van de Ven,62126,M. Doherty,0.941636259488192,0.07920933444885433,1.0584678729945038,0.9825273242154011,2,62126__625787
625787,M. van de Ven,393247,I. Konaté,0.8594698688635729,0.08431362152303395,1.2023679180032378,0.9794841860624557,3,393247__625787
625787,M. van de Ven,192792,D. Burn,0.6848425195392153,0.08431362152303395,1.2023679180032378,0.8659764090016231,4,192792__625787
625787,M. van de Ven,620468,J. Greaves,0.6665184620177513,0.08431362152303395,1.2023679180032378,0.8540657716126716,5,620468__625787
625787,M. van de Ven,424806,E. Pinnock,0.6250827313403435,0.08431362152303395,1.2023679180032378,0.8271325466723565,6,424806__625787
625787,M. van de Ven,590781,J. van Hecke,0.5512151305750213,0.08431362152303395,1.2023679180032378,0.779118606174897,7,590781__625787
625787,M. van de Ven,7919,M. Keane,0.5297199326227237,0.08431362152303395,1.2023679180032378,0.7651467275059036,8,7919__625787
625787,M. van de Ven,9433,J. Tarkowski,0.5193014785819821,0.08431362152303395,1.2023679180032378,0.7583747323794215,9,9433__625787
625787,M. van de Ven,399581,D. O'Shea,0.45839493657256225,0.08431362152303395,1.2023679180032378,0.7187854800732987,10,399581__625787
625787,M. van de Ven,479155,N. Collins,0.4398314619457666,0.08431362152303395,1.2023679180032378,0.7067192215658815,11,479155__625787
625787,M. van de Ven,496001,M. Kilman,0.41775051989564777,0.08431362152303395,1.2023679180032378,0.6923666092333043,12,496001__625787
625787,M. van de Ven,145787,J. Andersen,0.359228314737346,0.08431362152303395,1.2023679180032378,0.6543271758804081,13,145787__625787
625787,M. van de Ven,8653,H. Maguire,0.29730026213273236,0.08431362152303395,1.2023679180032378,0.6140739416874093,14,8653__625787
625787,M. van de Ven,240032,J. Bednarek,0.2458549450265351,0.08431362152303395,1.2023679180032378,0.580634485568381,15,240032__625787
625787,M. van de Ven,234399,A. Webster,0.29028409274613287,0.07920933444885433,1.0584678729945038,0.5591484158330626,16,234399__625787
625787,M. van de Ven,413002,K. Mavropanos,0.27841074697360546,0.07920933444885433,1.0584678729945038,0.5514307410809198,17,413002__625787
625787,M. van de Ven,578325,W. Saliba,0.6853603353360674,0.05210511388761642,0.2943457728840464,0.54850523847786,18,578325__625787
625787,M. van de Ven,366217,K. Danso,0.1710020580357119,0.08431362152303395,1.2023679180032378,0.5319801090243459,19,366217__625787
625787,M. van de Ven,777938,Dean Huijsen,0.16733503654034249,0.08431362152303395,1.2023679180032378,0.5295965450523559,20,625787__777938
625787,M. van de Ven,415917,Gabriel Magalhaes,0.22584170605844148,0.07920933444885433,1.0584678729945038,0.5172608644860632,21,415917__625787
625787,M. van de Ven,424241,N. Milenković,0.06812049623299063,0.08431362152303395,1.2023679180032378,0.46510709385257715,22,424241__625787
625787,M. van de Ven,604320,J. Branthwaite,0.14149261641383692,0.07920933444885433,1.0584678729945038,0.4624339562170703,23,604320__625787
625787,M. van de Ven,623641,E. Agbadou,0.5022417205742455,0.05210511388761642,0.2943457728840464,0.4294781388826759,24,623641__625787
625787,M. van de Ven,8360,C. Dawson,0.4357035711511396,0.05210511388761642,0.2943457728840464,0.386228341757657,25,8360__625787
625787,M. van de Ven,365443,M. de Ligt,0.2285285555991503,0.0622359778831036,0.5799550585181773,0.35152783162080975,26,365443__625787
625787,M. van de Ven,627012,Murillo,0.1790797438170222,0.05210511388761642,0.2943457728840464,0.21942285399048067,27,625787__627012
625787,M. van de Ven,475597,S. Botman,0.4499642740379278,0.03220850763541753,-0.26657928748251875,0.19917402750577157,28,475597__625787
625787,M. van de Ven,568412,J. Gvardiol,0.11761928441215841,0.05210511388761642,0.2943457728840464,0.1794735553773192,29,568412__625787
625787,M. van de Ven,136441,B. Davies,0.4105443634224646,0.03220850763541753,-0.26657928748251875,0.17355108560572047,30,136441__625787
625787,M. van de Ven,239411,T. Mings,-0.042256491799381735,0.061974274465709606,0.5725771166049106,0.17293527114212057,31,239411__625787
625787,M. van de Ven,619747,L. Colwill,-0.09613615854989975,0.0650523082869649,0.659353036332786,0.16828505965904023,32,619747__625787
625787,M. van de Ven,590874,Toti,0.2102332203288896,0.027774459222612576,-0.3915839662752158,-0.0004027949825472499,33,590874__625787
625787,M. van de Ven,557788,W. Fofana,-0.2358402891359981,0.05210511388761642,0.2943457728840464,-0.05027516742898254,34,557788__625787
625787,M. van de Ven,412968,M. Senesi,-0.03649047032717981,0.03220850763541753,-0.26657928748251875,-0.11702155633154844,35,412968__625787
625787,M. van de Ven,558243,S. van den Berg,-0.03675487861445293,0.03220850763541753,-0.26657928748251875,-0.11719342171827596,36,558243__625787
625787,M. van de Ven,283145,T. Adarabioyo,-0.09406140131022606,0.03389263020952574,-0.2191005092138911,-0.1378250890765088,37,283145__625787
625787,M. van de Ven,534563,C. Richards,-0.13155183384108138,0.03220850763541753,-0.26657928748251875,-0.17881144261558446,38,534563__625787
625787,M. van de Ven,397074,M. Guéhi,-0.13580604519057835,0.02922763668346167,-0.350615991907224,-0.21098952654140432,39,397074__625787
625787,M. van de Ven,415847,C. Romero,-0.27880144449356176,0.03219853736568956,-0.26686036929507223,-0.2746220681740904,40,415847__625787
625787,M. van de Ven,346131,T. Chalobah,-0.07281701330517432,0.013902912091339287,-0.7826505790111044,-0.3212587613022498,41,346131__625787
625787,M. van de Ven,583655,C. Okoli,-0.2649057400774642,0.02545510987145148,-0.4569710558281094,-0.33212860059019,42,583655__625787
625787,M. van de Ven,9097,L. Dunk,-0.10124775583061568,0.006649282862882583,-0.9871448712172989,-0.4113117462159548,43,9097__625787
625787,M. van de Ven,590703,I. Zabarnyi,-0.05726623296851385,0.0,-1.17460143260171,-0.4483335528401325,44,590703__625787
625787,M. van de Ven,769441,L. Yoro,-0.14332285223942132,0.0,-1.17460143260171,-0.5042703553662223,45,625787__769441
625787,M. van de Ven,545267,R. Drăgușin,-0.18816948712458978,0.0,-1.17460143260171,-0.5334206680415818,46,545267__625787
625787,M. van de Ven,50102,F. Schär,-0.32051543019108075,0.005104287074179619,-1.030701387592976,-0.5690805152817441,47,50102__625787
625787,M. van de Ven,15806,J. Vestergaard,-0.2888206935886526,0.0,-1.17460143260171,-0.5988439522432226,48,15806__625787
625787,M. van de Ven,349142,N. Mazraoui,-0.2898952740085772,0.0,-1.17460143260171,-0.5995424295161736,49,349142__625787
625787,M. van de Ven,447424,C. Bassey,-0.29285687982086483,0.0,-1.17460143260171,-0.6014674732941606,50,447424__625787
625787,M. van de Ven,364003,S. Bueno,-0.301928517051681,0.0,-1.17460143260171,-0.6073640374941911,51,364003__625787
625787,M. van de Ven,412027,E. Konsa,-0.30205639409329216,0.0,-1.17460143260171,-0.6074471575712383,52,412027__625787
625787,M. van de Ven,288080,C. Burgess,-0.30941749281267705,0.0,-1.17460143260171,-0.6122318717388385,53,288080__625787
625787,M. van de Ven,504375,M. Lacroix,-0.34891614810382343,0.0,-1.17460143260171,-0.6379059976780836,54,504375__625787
625787,M. van de Ven,286380,I. Diop,-0.3498262904218933,0.0,-1.17460143260171,-0.6384975901848291,55,286380__625787
625787,M. van de Ven,501419,J. Todibo,-0.4054832669517154,0.0,-1.17460143260171,-0.6746746249292135,56,501419__625787
625787,M. van de Ven,258154,Rúben Dias,-0.4092557659894795,0.0,-1.17460143260171,-0.6771267493037602,57,258154__625787
625787,M. van de Ven,285382,W. Faes,-0.4139435706459592,0.0,-1.17460143260171,-0.680173822330472,58,285382__625787
625787,M. van de Ven,549884,T. Harwood-Bellis,-0.4148273088616482,0.0,-1.17460143260171,-0.6807482521706698,59,549884__625787
625787,M. van de Ven,400549,Pau Torres,-0.4987809766001854,0.0,-1.17460143260171,-0.735318136200719,60,400549__625787
625787,M. van de Ven,7953,C. Coady,-0.4996977443793694,0.0,-1.17460143260171,-0.7359140352571886,61,7953__625787
625787,M. van de Ven,297957,M. Akanji,-0.5258002790477131,0.0,-1.17460143260171,-0.7528806827916119,62,297957__625787
625787,M. van de Ven,518805,L. Woolfenden,-0.5293013088298648,0.0,-1.17460143260171,-0.7551563521500106,63,518805__625787
625787,M. van de Ven,488453,L. Martínez,-0.5707112435856596,0.0,-1.17460143260171,-0.7820728097412772,64,488453__625787
627012,Murillo,370,V. van Dijk,1.433847497003008,0.261245223450395,1.5312417354469217,1.4679354804583777,1,370__627012
627012,Murillo,192792,D. Burn,0.8250097208289672,0.3303710646997457,2.1393351037109074,1.2850236048376462,2,192792__627012
627012,Murillo,475597,S. Botman,0.7379667949559948,0.3303710646997457,2.1393351037109074,1.2284457030202143,3,475597__627012
627012,Murillo,136441,B. Davies,0.6985468843405314,0.3303710646997457,2.1393351037109074,1.202822761120163,4,136441__627012
627012,Murillo,399581,D. O'Shea,0.6272008473633162,0.3303710646997457,2.1393351037109074,1.156447837084973,5,399581__627012
627012,Murillo,620468,J. Greaves,0.7857834570134731,0.29372119058390483,1.8169296907024677,1.1466846388046212,6,620468__627012
627012,Murillo,424806,E. Pinnock,0.7443477263360656,0.29580683193947166,1.8352768768484187,1.1261729290153892,7,424806__627012
627012,Murillo,479155,N. Collins,0.597448187350172,0.31129751717239207,1.9715469430024741,1.0783827518284776,8,479155__627012
627012,Murillo,7919,M. Keane,0.6489849276184456,0.2825884213787537,1.7189957921529215,1.023488730205512,9,7919__627012
627012,Murillo,9433,J. Tarkowski,0.6385664735777039,0.27777942197108424,1.6766914874972918,1.0019102284495598,10,9433__627012
627012,Murillo,496001,M. Kilman,0.5635257516394886,0.25576093942034794,1.4829970170019358,0.8853406945163451,11,496001__627012
627012,Murillo,590781,J. van Hecke,0.5657967351648907,0.2103364279205152,1.0834019639733565,0.7469585652478536,12,590781__627012
627012,Murillo,393247,I. Konaté,0.8631721853456757,0.1269500976909022,0.34986044751514356,0.6835130771049895,13,393247__627012
627012,Murillo,558243,S. van den Berg,0.25124764230361407,0.23831922776678216,1.3295639593202593,0.6286583532594399,14,558243__627012
627012,Murillo,62126,M. Doherty,0.9419141470932177,0.07535748308407111,-0.10399481452274628,0.5758460105276303,15,62126__627012
627012,Murillo,8653,H. Maguire,0.4298636405165487,0.16040368773333052,0.6441484573498717,0.5048633264082117,16,8653__627012
627012,Murillo,145787,J. Andersen,0.46323810290955847,0.15210643855795208,0.57115835542574,0.5010101912902221,17,145787__627012
627012,Murillo,412968,M. Senesi,0.2515120505908872,0.153532615665537,0.5837042980923032,0.3677793372163828,18,412968__627012
627012,Murillo,777938,Dean Huijsen,0.3584760769641915,0.1251237708938301,0.33379442656682284,0.34983749932511243,19,627012__777938
627012,Murillo,239411,T. Mings,0.17089316334911792,0.16297007860285984,0.6667247506712738,0.3444342189118725,20,239411__627012
627012,Murillo,534563,C. Richards,0.1564506870769855,0.12506044525831572,0.33323735704981716,0.21832602156747657,21,534563__627012
627012,Murillo,366217,K. Danso,0.3351093957321285,0.06483711898113616,-0.19654144436614562,0.14903160169773255,22,366217__627012
627012,Murillo,234399,A. Webster,0.3883706508833601,0.052732159305392566,-0.30302760885809366,0.14638125997385132,23,234399__627012
627012,Murillo,413002,K. Mavropanos,0.3863911806080669,0.04348910006937436,-0.3843379107988552,0.11663599861564417,24,413002__627012
627012,Murillo,240032,J. Bednarek,0.3416339845222476,0.052289069202979425,-0.3069254298169579,0.11463818950352568,25,240032__627012
627012,Murillo,415917,Gabriel Magalhaes,0.34053151503485785,0.050839639833117775,-0.3196759203954461,0.10945891263425148,26,415917__627012
627012,Murillo,424241,N. Milenković,0.18738549122871256,0.07604350865432302,-0.09795991364935369,0.08751459952138939,27,424241__627012
627012,Murillo,397074,M. Guéhi,0.1521964757274887,0.07783054195292097,-0.08223955382292578,0.07014386538484364,28,397074__627012
627012,Murillo,578325,W. Saliba,0.5161060221121515,0.0,-0.7669073358646775,0.06705134682026137,29,578325__627012
627012,Murillo,283145,T. Adarabioyo,0.14476272478160476,0.07268643474143065,-0.12749176955600508,0.049473651763441324,30,283145__627012
627012,Murillo,415847,C. Romero,0.009201076424505183,0.09699149313390094,0.0863174884089958,0.03619182061907689,31,415847__627012
627012,Murillo,8360,C. Dawson,0.44201442083831355,0.0,-0.7669073358646775,0.018891805992266697,32,8360__627012
627012,Murillo,623641,E. Agbadou,0.4393657323798235,0.0,-0.7669073358646775,0.01717015849424819,33,623641__627012
627012,Murillo,583655,C. Okoli,0.023096780840602793,0.08279415042653125,-0.03857516810393548,0.0015115987100143991,34,583655__627012
627012,Murillo,604320,J. Branthwaite,0.2529167195589408,0.03213170249693782,-0.48424784346243815,-0.005090877498541813,35,604320__627012
627012,Murillo,365443,M. de Ligt,0.2537863092138951,0.010130863995487181,-0.6777871009554494,-0.07226438434537544,36,365443__627012
627012,Murillo,590703,I. Zabarnyi,0.18920965428231457,0.0,-0.7669073358646775,-0.14543129226913265,37,590703__627012
627012,Murillo,625787,M. van de Ven,0.1790797438170222,0.0,-0.7669073358646775,-0.15201573407157268,38,625787__627012
627012,Murillo,590874,Toti,0.16470075003349433,0.0,-0.7669073358646775,-0.16136208003086583,39,590874__627012
627012,Murillo,568412,J. Gvardiol,0.16075506929536612,0.0,-0.7669073358646775,-0.16392677251064913,40,568412__627012
627012,Murillo,346131,T. Chalobah,0.14183053811155996,0.0,-0.7669073358646775,-0.17622771778012314,41,346131__627012
627012,Murillo,9097,L. Dunk,0.12375718246089532,0.0,-0.7669073358646775,-0.18797539895305515,42,9097__627012
627012,Murillo,619747,L. Colwill,0.009161969300250192,0.012947194399348478,-0.653012113621109,-0.22259895972222551,43,619747__627012
627012,Murillo,50102,F. Schär,-0.04965750885395562,0.023883995244168947,-0.5568021298645388,-0.22715812620765974,44,50102__627012
627012,Murillo,545267,R. Drăgușin,0.04274454095778411,0.0,-0.7669073358646775,-0.24063361593007745,45,545267__627012
627012,Murillo,288080,C. Burgess,-0.04377315132108467,0.0,-0.7669073358646775,-0.29687011591134216,46,288080__627012
627012,Murillo,504375,M. Lacroix,-0.07288918040881381,0.0,-0.7669073358646775,-0.3157955348183661,47,504375__627012
627012,Murillo,364003,S. Bueno,-0.07619133722393376,0.0,-0.7669073358646775,-0.31794193674819404,48,364003__627012
627012,Murillo,557788,W. Fofana,-0.07882660857413416,0.0,-0.7669073358646775,-0.31965486312582436,49,557788__627012
627012,Murillo,349142,N. Mazraoui,-0.14148006859939485,0.0,-0.7669073358646775,-0.3603796121422438,50,349142__627012
627012,Murillo,769441,L. Yoro,-0.15286174358722296,0.0,-0.7669073358646775,-0.36777770088433204,51,627012__769441
627012,Murillo,15806,J. Vestergaard,-0.17715824096814525,0.0,-0.7669073358646775,-0.38357042418193155,52,15806__627012
627012,Murillo,549884,T. Harwood-Bellis,-0.19444070479479936,0.0,-0.7669073358646775,-0.3948040256692567,53,549884__627012
627012,Murillo,447424,C. Bassey,-0.25768682723094244,0.0,-0.7669073358646775,-0.4359140052527497,54,447424__627012
627012,Murillo,286380,I. Diop,-0.27555052742861674,0.0,-0.7669073358646775,-0.44752541038123805,55,286380__627012
627012,Murillo,412027,E. Konsa,-0.2866577790541217,0.0,-0.7669073358646775,-0.45474512393781624,56,412027__627012
627012,Murillo,258154,Rúben Dias,-0.32381590809910177,0.0,-0.7669073358646775,-0.47889790781705327,57,258154__627012
627012,Murillo,501419,J. Todibo,-0.36233799410439443,0.0,-0.7669073358646775,-0.5039372637204935,58,501419__627012
627012,Murillo,285382,W. Faes,-0.3790250857655913,0.0,-0.7669073358646775,-0.5147838733002714,59,285382__627012
627012,Murillo,297957,M. Akanji,-0.44081277530827945,0.0,-0.7669073358646775,-0.5549458715030188,60,297957__627012
627012,Murillo,518805,L. Woolfenden,-0.4471109593073497,0.0,-0.7669073358646775,-0.5590396911024145,61,518805__627012
627012,Murillo,400549,Pau Torres,-0.45019508462551905,0.0,-0.7669073358646775,-0.5610443725592245,62,400549__627012
627012,Murillo,7953,C. Coady,-0.48429912934019936,0.0,-0.7669073358646775,-0.5832120016237667,63,7953__627012
627012,Murillo,488453,L. Martínez,-0.5553126285464891,0.0,-0.7669073358646775,-0.6293707761078551,64,488453__627012
769441,L. Yoro,370,V. van Dijk,1.3493014757198445,0.3688541276780233,1.736119279131856,1.4846877069140485,1,370__769441
769441,L. Yoro,192792,D. Burn,0.6504424444008388,0.41445748604968724,2.0683337889819033,1.1467044150042114,2,192792__769441
769441,L. Yoro,620468,J. Greaves,0.6321183868793746,0.40133009481153314,1.9727024582748434,1.1013228118677887,3,620468__769441
769441,L. Yoro,424806,E. Pinnock,0.5906826562019669,0.4034157361670999,1.9878960831613195,1.0797073556377403,4,424806__769441
769441,L. Yoro,7919,M. Keane,0.495319857484347,0.390197325606382,1.891601688576683,0.9840184983666646,5,7919__769441
769441,L. Yoro,479155,N. Collins,0.40543138680738994,0.4104239644711191,2.038950111067818,0.9771629402985398,6,479155__769441
769441,L. Yoro,9433,J. Tarkowski,0.48490140344360566,0.38538832619871255,1.8565687559565107,0.9649849768231225,7,9433__769441
769441,L. Yoro,399581,D. O'Shea,0.4239948614341857,0.3981857094266644,1.9497960214089374,0.9580252674253488,8,399581__769441
769441,L. Yoro,496001,M. Kilman,0.38335044475727126,0.35029978429443576,1.6009533108158456,0.8095114478777722,9,496001__769441
769441,L. Yoro,590781,J. van Hecke,0.47037142577396096,0.304875272794603,1.2700416770693381,0.750256013727343,10,590781__769441
769441,L. Yoro,393247,I. Konaté,0.7786261640625124,0.22148894256499005,0.662583151763929,0.7380111097580082,11,393247__769441
769441,L. Yoro,475597,S. Botman,0.3904958273829981,0.3199186411755994,1.3796306510316536,0.7366930156600275,12,475597__769441
769441,L. Yoro,136441,B. Davies,0.33734799903227963,0.3199186411755994,1.3796306510316536,0.7021469272320605,13,136441__769441
769441,L. Yoro,62126,M. Doherty,0.8573681258100544,0.16989632795815895,0.2867376924492315,0.6576474741337663,14,62126__769441
769441,L. Yoro,145787,J. Andersen,0.30957303277546,0.24664528343203992,0.8458438095132182,0.49726780463367537,15,145787__769441
769441,L. Yoro,8653,H. Maguire,0.2629001869943557,0.2549425326074184,0.9062881861189295,0.48808598668795655,16,8653__769441
769441,L. Yoro,777938,Dean Huijsen,0.13293496140196595,0.17896162437522373,0.3527771929021601,0.2098797424270339,17,769441__777938
769441,L. Yoro,234399,A. Webster,0.2347055807492617,0.1472710041794804,0.12191516363296048,0.1952289347585563,18,234399__769441
769441,L. Yoro,578325,W. Saliba,0.42286870542837734,0.09453884487408784,-0.2622317299839978,0.18308355303404605,19,578325__769441
769441,L. Yoro,413002,K. Mavropanos,0.23272611047396835,0.1380279449434622,0.054580684260126945,0.17037521129912386,20,413002__769441
769441,L. Yoro,415917,Gabriel Magalhaes,0.18686644490075938,0.1453784847072056,0.10812840644417174,0.15930813144095368,21,415917__769441
769441,L. Yoro,558243,S. van den Berg,-0.1099512430046378,0.21479674488909545,0.6138313657091022,0.1433726700451712,22,558243__769441
769441,L. Yoro,623641,E. Agbadou,0.3532046619513362,0.09453884487408784,-0.2622317299839978,0.13780192477396933,23,623641__769441
769441,L. Yoro,424241,N. Milenković,0.03372042109461407,0.17058235352841086,0.2917352991322395,0.12402562840778296,24,424241__769441
769441,L. Yoro,239411,T. Mings,-0.07665656693775832,0.19273584543315192,0.45312059436903873,0.10876543951962063,25,239411__769441
769441,L. Yoro,240032,J. Bednarek,0.16501124022547473,0.13042286811230264,-0.000821307217007416,0.10696984862060599,26,240032__769441
769441,L. Yoro,8360,C. Dawson,0.28834935070421497,0.09453884487408784,-0.2622317299839978,0.09564597246334053,27,8360__769441
769441,L. Yoro,366217,K. Danso,0.11621209670396179,0.12594169639326178,-0.03346605794045583,0.06382474257841562,28,366217__769441
769441,L. Yoro,604320,J. Branthwaite,0.09925164942484219,0.12667054737102568,-0.028156473756804686,0.05465880631126578,29,604320__769441
769441,L. Yoro,365443,M. de Ligt,0.1345794159263039,0.10466970886957502,-0.18842970888746544,0.021526222241484635,30,365443__769441
769441,L. Yoro,412968,M. Senesi,-0.10968683471736475,0.153532615665537,0.16753018553021323,-0.012660877630712462,31,412968__769441
769441,L. Yoro,568412,J. Gvardiol,0.007089999161267596,0.09453884487408784,-0.2622317299839978,-0.08717260603957527,32,568412__769441
769441,L. Yoro,534563,C. Richards,-0.17834835643269853,0.12506044525831572,-0.03988585736542128,-0.1298864817591515,33,534563__769441
769441,L. Yoro,619747,L. Colwill,-0.1735739854496831,0.10748603927343632,-0.16791310971357812,-0.17159267894204638,34,619747__769441
769441,L. Yoro,627012,Murillo,-0.15286174358722296,0.09453884487408784,-0.2622317299839978,-0.19114123882609413,35,627012__769441
769441,L. Yoro,283145,T. Adarabioyo,-0.12846147644860273,0.07437055731553885,-0.4091550708303463,-0.226704234482213,36,283145__769441
769441,L. Yoro,397074,M. Guéhi,-0.20900240958076333,0.07783054195292097,-0.38394953462775777,-0.27023390334721137,37,397074__769441
769441,L. Yoro,590874,Toti,-0.015550543074832918,0.027774459222612576,-0.7486015598960465,-0.2721183989622577,38,590874__769441
769441,L. Yoro,415847,C. Romero,-0.35199780888374654,0.09699149313390094,-0.2443645077319044,-0.3143261534806018,39,415847__769441
769441,L. Yoro,583655,C. Okoli,-0.33810210446764893,0.08279415042653125,-0.3477902951544519,-0.34149297120802996,40,583655__769441
769441,L. Yoro,346131,T. Chalobah,-0.1202222746642929,0.013902912091339287,-0.8496539690962692,-0.3755233677154846,41,346131__769441
769441,L. Yoro,557788,W. Fofana,-0.30274631652983325,0.05561128015496534,-0.5458139549469488,-0.3878199899758237,42,557788__769441
769441,L. Yoro,590703,I. Zabarnyi,-0.09166630810689053,0.0,-0.9509348679342478,-0.39241030404646554,43,590703__769441
769441,L. Yoro,9097,L. Dunk,-0.144927474631506,0.006649282862882583,-0.9024957106874554,-0.41007635725108826,44,9097__769441
769441,L. Yoro,625787,M. van de Ven,-0.14332285223942132,0.0,-0.9509348679342478,-0.4259870577326106,45,625787__769441
769441,L. Yoro,50102,F. Schär,-0.4108563941622073,0.023883995244168947,-0.7769430818768267,-0.5389867348623241,46,50102__769441
769441,L. Yoro,545267,R. Drăgușin,-0.3184543443504678,0.0,-0.9509348679342478,-0.5398225276047908,47,545267__769441
769441,L. Yoro,288080,C. Burgess,-0.4049720366293367,0.0,-0.9509348679342478,-0.5960590275860556,48,288080__769441
769441,L. Yoro,504375,M. Lacroix,-0.43408806571706593,0.0,-0.9509348679342478,-0.6149844464930796,49,504375__769441
769441,L. Yoro,364003,S. Bueno,-0.4373902225321858,0.0,-0.9509348679342478,-0.6171308484229074,50,364003__769441
769441,L. Yoro,349142,N. Mazraoui,-0.5026789539076468,0.0,-0.9509348679342478,-0.6595685238169572,51,349142__769441
769441,L. Yoro,15806,J. Vestergaard,-0.504037331938259,0.0,-0.9509348679342478,-0.6604514695368551,52,15806__769441
769441,L. Yoro,549884,T. Harwood-Bellis,-0.5556395901030513,0.0,-0.9509348679342478,-0.69399293734397,53,549884__769441
769441,L. Yoro,286380,I. Diop,-0.5681098240605922,0.0,-0.9509348679342478,-0.7020985894163716,54,286380__769441
769441,L. Yoro,412027,E. Konsa,-0.6154203651872105,0.0,-0.9509348679342478,-0.7328504411486736,55,412027__769441
769441,L. Yoro,447424,C. Bassey,-0.6250630909435652,0.0,-0.9509348679342478,-0.7391182128903041,56,447424__769441
769441,L. Yoro,258154,Rúben Dias,-0.6858362601011132,0.0,-0.9509348679342478,-0.7786207728427104,57,258154__769441
769441,L. Yoro,285382,W. Faes,-0.709962351293922,0.0,-0.9509348679342478,-0.794302732118036,58,285382__769441
769441,L. Yoro,501419,J. Todibo,-0.7354865664052872,0.0,-0.9509348679342478,-0.8108934719404234,59,501419__769441
769441,L. Yoro,297957,M. Akanji,-0.8035946276517751,0.0,-0.9509348679342478,-0.8551637117506405,60,297957__769441
769441,L. Yoro,518805,L. Woolfenden,-0.8202595316082426,0.0,-0.9509348679342478,-0.8659958993223444,61,518805__769441
769441,L. Yoro,400549,Pau Torres,-0.8233436569264116,0.0,-0.9509348679342478,-0.8680005807791543,62,400549__769441
769441,L. Yoro,7953,C. Coady,-0.8359415783653801,0.0,-0.9509348679342478,-0.8761892297144838,63,7953__769441
769441,L. Yoro,488453,L. Martínez,-0.9069550775716702,0.0,-0.9509348679342478,-0.9223480041985723,64,488453__769441
777938,Dean Huijsen,370,V. van Dijk,1.4656958407902212,0.036355466440072565,0.6681772900578186,1.1865643480338803,1,370__777938
777938,Dean Huijsen,62126,M. Doherty,1.0273539601077661,0.036355466440072565,0.6681772900578186,0.9016421255902844,2,62126__777938
777938,Dean Huijsen,393247,I. Konaté,0.9095284654317239,0.036355466440072565,0.6681772900578186,0.8250555540508571,3,393247__777938
777938,Dean Huijsen,578325,W. Saliba,0.8647566684832365,0.036355466440072565,0.6681772900578186,0.7959538860343403,4,578325__777938
777938,Dean Huijsen,623641,E. Agbadou,0.6816380537214148,0.036355466440072565,0.6681772900578186,0.6769267864391562,5,623641__777938
777938,Dean Huijsen,424806,E. Pinnock,0.6145554598183363,0.036355466440072565,0.6681772900578186,0.6333231004021551,6,424806__777938
777938,Dean Huijsen,8360,C. Dawson,0.6049126710169807,0.036355466440072565,0.6681772900578186,0.6270552876812739,7,8360__777938
777938,Dean Huijsen,590781,J. van Hecke,0.586765790844338,0.036355466440072565,0.6681772900578186,0.6152598155690562,8,590781__777938
777938,Dean Huijsen,475597,S. Botman,0.5754098703520603,0.036355466440072565,0.6681772900578186,0.6078784672490757,9,475597__777938
777938,Dean Huijsen,7919,M. Keane,0.5191926611007164,0.036355466440072565,0.6681772900578186,0.5713372812357022,10,7919__777938
777938,Dean Huijsen,136441,B. Davies,0.4968785723946755,0.036355466440072565,0.6681772900578186,0.5568331235767756,11,136441__777938
777938,Dean Huijsen,399581,D. O'Shea,0.44786766505055514,0.036355466440072565,0.6681772900578186,0.5249760338030973,12,399581__777938
777938,Dean Huijsen,496001,M. Kilman,0.4305606464700234,0.036355466440072565,0.6681772900578186,0.5137264717257517,13,496001__777938
777938,Dean Huijsen,627012,Murillo,0.3584760769641915,0.036355466440072565,0.6681772900578186,0.46687150154696094,14,627012__777938
777938,Dean Huijsen,240032,J. Bednarek,0.3479968780563898,0.036355466440072565,0.6681772900578186,0.46006002225688986,15,240032__777938
777938,Dean Huijsen,413002,K. Mavropanos,0.3471871242659988,0.036355466440072565,0.6681772900578186,0.45953368229313574,16,413002__777938
777938,Dean Huijsen,415917,Gabriel Magalhaes,0.28789763572104654,0.036355466440072565,0.6681772900578186,0.4209955147389167,17,415917__777938
777938,Dean Huijsen,8653,H. Maguire,0.2867729906107251,0.036355466440072565,0.6681772900578186,0.4202644954172078,18,8653__777938
777938,Dean Huijsen,568412,J. Gvardiol,0.2857185184521883,0.036355466440072565,0.6681772900578186,0.4195790885141589,19,568412__777938
777938,Dean Huijsen,366217,K. Danso,0.2616715667129999,0.036355466440072565,0.6681772900578186,0.40394856988368644,20,366217__777938
777938,Dean Huijsen,625787,M. van de Ven,0.16733503654034249,0.036355466440072565,0.6681772900578186,0.34262982527145913,21,625787__777938
777938,Dean Huijsen,769441,L. Yoro,0.13293496140196595,0.036355466440072565,0.6681772900578186,0.32026977643151433,22,769441__777938
777938,Dean Huijsen,590703,I. Zabarnyi,0.11478892201830154,0.036355466440072565,0.6681772900578186,0.3084748508321325,23,590703__777938
777938,Dean Huijsen,346131,T. Chalobah,0.09517273109739671,0.036355466440072565,0.6681772900578186,0.2957243267335443,24,346131__777938
777938,Dean Huijsen,9097,L. Dunk,0.07062194125567059,0.036355466440072565,0.6681772900578186,0.2797663133364224,25,9097__777938
777938,Dean Huijsen,412968,M. Senesi,0.06631601532580735,0.036355466440072565,0.6681772900578186,0.27696746148201123,26,412968__777938
777938,Dean Huijsen,558243,S. van den Berg,0.04957933035775802,0.036355466440072565,0.6681772900578186,0.2660886162527792,27,558243__777938
777938,Dean Huijsen,545267,R. Drăgușin,0.04201039472547363,0.036355466440072565,0.6681772900578186,0.2611688080917943,28,545267__777938
777938,Dean Huijsen,534563,C. Richards,-0.02790814903445625,0.036355466440072565,0.6681772900578186,0.2157217546478399,29,534563__777938
777938,Dean Huijsen,15806,J. Vestergaard,-0.058640811738589274,0.036355466440072565,0.6681772900578186,0.19574552389015346,30,15806__777938
777938,Dean Huijsen,349142,N. Mazraoui,-0.05971539215851368,0.036355466440072565,0.6681772900578186,0.1950470466172026,31,349142__777938
777938,Dean Huijsen,447424,C. Bassey,-0.06267699797080137,0.036355466440072565,0.6681772900578186,0.1931220028392156,32,447424__777938
777938,Dean Huijsen,364003,S. Bueno,-0.07174863520161752,0.036355466440072565,0.6681772900578186,0.1872254386391851,33,364003__777938
777938,Dean Huijsen,412027,E. Konsa,-0.07187651224322877,0.036355466440072565,0.6681772900578186,0.18714231856213778,34,412027__777938
777938,Dean Huijsen,288080,C. Burgess,-0.07923761096261385,0.036355466440072565,0.6681772900578186,0.18235760439453746,35,288080__777938
777938,Dean Huijsen,50102,F. Schär,-0.11683893985505339,0.036355466440072565,0.6681772900578186,0.15791674061445177,36,50102__777938
777938,Dean Huijsen,286380,I. Diop,-0.1494897079962979,0.036355466440072565,0.6681772900578186,0.13669374132264284,37,286380__777938
777938,Dean Huijsen,501419,J. Todibo,-0.17530338510165225,0.036355466440072565,0.6681772900578186,0.11991485120416251,38,501419__777938
777938,Dean Huijsen,285382,W. Faes,-0.1837636887958959,0.036355466440072565,0.6681772900578186,0.11441565380290414,39,285382__777938
777938,Dean Huijsen,549884,T. Harwood-Bellis,-0.18464742701158496,0.036355466440072565,0.6681772900578186,0.11384122396270625,40,549884__777938
777938,Dean Huijsen,400549,Pau Torres,-0.2686010947501217,0.036355466440072565,0.6681772900578186,0.059271339932657346,41,400549__777938
777938,Dean Huijsen,7953,C. Coady,-0.26951786252930604,0.036355466440072565,0.6681772900578186,0.058675440876187535,42,7953__777938
777938,Dean Huijsen,518805,L. Woolfenden,-0.2991214269798014,0.036355466440072565,0.6681772900578186,0.03943312398336557,43,518805__777938
777938,Dean Huijsen,192792,D. Burn,0.6311152278546007,0.006430278619772508,-1.10751076056709,0.022596131907009043,44,192792__777938
777938,Dean Huijsen,488453,L. Martínez,-0.3405313617355963,0.036355466440072565,0.6681772900578186,0.01251666639209889,45,488453__777938
777938,Dean Huijsen,620468,J. Greaves,0.6084538745236217,0.0,-1.4890678948408886,-0.1256787447539569,46,620468__777938
777938,Dean Huijsen,9433,J. Tarkowski,0.4472777077696749,0.0,-1.4890678948408886,-0.23044325314402225,47,9433__777938
777938,Dean Huijsen,479155,N. Collins,0.38022247737516335,0.0,-1.4890678948408886,-0.2740291529004548,48,479155__777938
777938,Dean Huijsen,590874,Toti,0.33114063121678866,0.0,-1.4890678948408886,-0.3059323529033983,49,590874__777938
777938,Dean Huijsen,145787,J. Andersen,0.3217255268115257,0.0,-1.4890678948408886,-0.31205217076681924,50,145787__777938
777938,Dean Huijsen,365443,M. de Ligt,0.2915634665621954,0.0,-1.4890678948408886,-0.331657509928884,51,365443__777938
777938,Dean Huijsen,234399,A. Webster,0.26829158204453313,0.0,-1.4890678948408886,-0.3467842348653644,52,234399__777938
777938,Dean Huijsen,604320,J. Branthwaite,0.13833468052996872,0.0,-1.4890678948408886,-0.4312562208498313,53,604320__777938
777938,Dean Huijsen,424241,N. Milenković,0.020148152405317817,0.0,-1.4890678948408886,-0.5080774641308544,54,424241__777938
777938,Dean Huijsen,619747,L. Colwill,-0.03567616066748147,0.0,-1.4890678948408886,-0.5443632676281739,55,619747__777938
777938,Dean Huijsen,397074,M. Guéhi,-0.06981684115661313,0.0,-1.4890678948408886,-0.5665547099461095,56,397074__777938
777938,Dean Huijsen,283145,T. Adarabioyo,-0.09128135569821222,0.0,-1.4890678948408886,-0.5805066443981489,57,283145__777938
777938,Dean Huijsen,239411,T. Mings,-0.11309329725304515,0.0,-1.4890678948408886,-0.5946844064087903,58,239411__777938
777938,Dean Huijsen,557788,W. Fofana,-0.18484003643646016,0.0,-1.4890678948408886,-0.6413197868780101,59,557788__777938
777938,Dean Huijsen,504375,M. Lacroix,-0.19644475277250423,0.0,-1.4890678948408886,-0.6488628524964387,60,504375__777938
777938,Dean Huijsen,583655,C. Okoli,-0.21033776745480093,0.0,-1.4890678948408886,-0.6578933120399315,61,583655__777938
777938,Dean Huijsen,415847,C. Romero,-0.23039884921418405,0.0,-1.4890678948408886,-0.6709330151835307,62,415847__777938
777938,Dean Huijsen,258154,Rúben Dias,-0.2613940327957234,0.0,-1.4890678948408886,-0.6910798845115311,63,258154__777938
777938,Dean Huijsen,297957,M. Akanji,-0.37793854585395714,0.0,-1.4890678948408886,-0.7668338179993831,64,297957__777938
