pair_key,pair_name,player.id_CB1,player.name_CB1,player.id_CB2,player.name_CB2,card_discipline,discipline,possession_win_rate,duel_success_rate,aerial_wins_per90,duels_per90,z_card_discipline,z_discipline,z_possession_win_rate,z_duel_success_rate,z_aerial_wins_per90,z_duels_per90,quality_raw,complement_raw,floor_raw,quality_z,complement_z,floor_z,CB_pair_fit_z_score,CB_pair_fit_rank,team_CB1_id,team_CB2_id,same_dominant_team,CB_dominant_playing_side_CB1,CB_dominant_playing_side_CB2,opposite_side_pair,shared_matches,shared_minutes_overlap,evidence_band
370__192792,V. van Dijk + D. Burn,370,V. van Dijk,192792,D. Burn,1.0,0.9979338842975207,0.44676713660670886,0.6626154594069033,3.7972972972972974,5.797297297297297,0.17656294072911694,0.30055450891947755,0.9147045454952188,1.3494363036012367,1.966490040987823,1.5347828997785598,1.0861973927344626,0.6315800944224395,0.4546172983120233,2.4280450476029065,0.48884811009261864,1.825379472375783,1.7257528513043954,1,1612,1613,False,left,left,False,0,0.0,none
370__578325,V. van Dijk + W. Saliba,370,V. van Dijk,578325,W. Saliba,1.0,1.0,0.5247257290920118,0.6650862781851259,2.697966969931432,3.9633547664149837,0.17656294072911694,0.53680623164123,2.0857762252413754,1.3828257409639209,0.48725304911637657,-0.1305203324321234,1.1379596683885442,0.5042509306146898,0.6337087377738545,2.5437525036281428,-0.05853360714512089,2.1615390703276103,1.6866239837360573,2,1612,1609,False,left,right,True,0,0.0,none
370__62126,V. van Dijk + M. Doherty,370,V. van Dijk,62126,M. Doherty,1.0,1.0,0.5134412487353663,0.6988004046827576,3.1789299835657454,4.531843402704331,0.17656294072911694,0.53680623164123,1.9162639887446673,1.8384219687617445,1.134427300366764,0.3856932061852671,1.3184471227235584,0.20510491073198023,1.1133422119915781,2.947207412085761,-1.3445474092578027,3.061824401339375,1.682604363533415,3,1612,1629,False,left,right,True,0,0.0,none
370__475597,V. van Dijk + S. Botman,370,V. van Dijk,475597,S. Botman,1.0,1.0,0.4733511586452763,0.6276292335115865,3.5509430293602957,5.7644370989694735,0.17656294072911694,0.53680623164123,1.3140421213882572,0.8766495462783506,1.6350006449743333,1.5049443450992683,1.1023261002346716,0.5494780777419417,0.55284802249273,2.4640985574272407,0.13589564001194135,2.0097612655331316,1.6747702238238291,4,1612,1613,False,left,right,True,0,0.0,none
370__393247,V. van Dijk + I. Konaté,370,V. van Dijk,393247,I. Konaté,1.0,1.0,0.5144969919786097,0.6734625668449198,3.223469291288957,4.76565897417044,0.17656294072911694,0.53680623164123,1.9321230617965395,1.4960188120231948,1.1943585056982746,0.5980083798327049,1.2857383651084742,0.248915019483375,1.036823345625099,2.8740914780283098,-1.156209939321076,2.9181963673541587,1.6738220306886638,5,1612,1612,True,left,right,True,30,2475.0,very_high
370__136441,V. van Dijk + B. Davies,370,V. van Dijk,136441,B. Davies,1.0,1.0,0.4658681654479974,0.6211666484775729,3.5243243243243243,5.793693693693694,0.17656294072911694,0.53680623164123,1.2016347377542012,0.789317330700228,1.5991830456734282,1.5315106638018963,1.0428010648222545,0.6143163768948843,0.42848468792737027,2.331038518424883,0.41463225047691865,1.7763278380445455,1.6451745019644262,6,1612,1624,False,left,left,False,0,0.0,none
370__620468,V. van Dijk + J. Greaves,370,V. van Dijk,620468,J. Greaves,1.0,0.9954954954954955,0.4729007081948259,0.6852868911692441,3.57947058651284,5.232877514567655,0.17656294072911694,0.02173490822983895,1.3072755835527918,1.6558069518345182,1.6733867576624866,1.0222640652591803,1.1617720496815673,0.39349607232702827,0.7682759773545391,2.5969818106186553,-0.5346632125626102,2.414125510477203,1.6209170436359852,7,1612,1634,False,left,left,False,0,0.0,none
370__424806,V. van Dijk + E. Pinnock,370,V. van Dijk,424806,E. Pinnock,1.0,1.0,0.46358104370274755,0.6799280840862991,3.5577964742462402,5.244361748526247,0.17656294072911694,0.53680623164123,1.1672782490259235,1.583390652018549,1.6442225039048814,1.0326922720370144,1.1464650375892513,0.4108887257749111,0.7355763118143405,2.5627650879925943,-0.45989306386362416,2.352747331519101,1.61396409114103,8,1612,1669,False,left,left,False,0,0.0,none
370__590781,V. van Dijk + J. van Hecke,370,V. van Dijk,590781,J. van Hecke,1.0,1.0,0.4867458416718612,0.6646435484400118,3.3253351059954834,4.998388213010855,0.17656294072911694,0.53680623164123,1.5152532188637187,1.376842907571454,1.3314271169882708,0.8093371140457759,1.1576919043064453,0.36510025056864054,0.7925916537378047,2.587861206170669,-0.656735432403396,2.4597667093055104,1.588863315225418,9,1612,1651,False,left,right,True,0,0.0,none
370__496001,M. Kilman + V. van Dijk,496001,M. Kilman,370,V. van Dijk,1.0,1.0,0.47171039871436093,0.6614807015599458,3.38299855543809,5.120338463276654,0.17656294072911694,0.53680623164123,1.2893950949720283,1.334101740667383,1.4090179060087074,0.9200734880142845,1.0928055833134556,0.4420244232461607,0.650781160067295,2.442816749796508,-0.3260422551444196,2.1935844803788815,1.5623125944307046,10,1633,1612,False,left,left,False,0,0.0,none
370__623641,V. van Dijk + E. Agbadou,370,V. van Dijk,623641,E. Agbadou,1.0,1.0,0.5066844919786097,0.6665181224004754,2.8767693987396328,4.249209876070259,0.17656294072911694,0.53680623164123,1.8147659212126883,1.4021749838800368,0.7278460359061669,0.12904910883267323,1.1090218027066752,0.4137703521684105,0.6952514505382648,2.479065880435118,-0.4475050958872311,2.277056448723344,1.5606927011960583,11,1612,1629,False,left,center,False,0,0.0,none
370__479155,N. Collins + V. van Dijk,479155,N. Collins,370,V. van Dijk,1.0,0.9976525821596245,0.45621500841053453,0.6590846325726193,3.495376955903272,5.329658605974396,0.17656294072911694,0.2683887814127616,1.05662777359119,1.3017224354451062,1.5602320433042365,1.1101456982016167,1.0197087563759226,0.5531356922211602,0.4665730641547626,2.2794188353581775,0.1516195420211557,1.847820776387737,1.554759435562983,12,1669,1612,False,right,left,True,0,0.0,none
370__8360,V. van Dijk + C. Dawson,370,V. van Dijk,8360,C. Dawson,1.0,1.0,0.47890671420083186,0.708184789067142,2.9527094797907236,4.151901650898642,0.17656294072911694,0.53680623164123,1.397496088025662,1.9652379527389854,0.8300294963821955,0.040688814455827615,1.0820814444967255,0.4407107103783603,0.6413707341183653,2.4188444107742093,-0.3316898411650083,2.175920849928126,1.5450994230232276,13,1612,1629,False,left,left,False,0,0.0,none
370__399581,V. van Dijk + D. O'Shea,370,V. van Dijk,399581,D. O'Shea,1.0,1.0,0.4282821251147043,0.6568205550106003,3.61003861003861,5.54488416988417,0.17656294072911694,0.53680623164123,0.6370279896729754,1.2711267978339695,1.7145184812601264,1.305580299448843,0.9362578753232732,0.6756734935232549,0.2605843818000183,2.092875855405068,0.6784034310958685,1.4611743076839365,1.542193818568082,14,1612,1634,False,left,right,True,0,0.0,none
370__145787,V. van Dijk + J. Andersen,370,V. van Dijk,145787,J. Andersen,1.0,0.9963503649635037,0.4756625941683907,0.6711815449471096,3.2553007553007554,4.833424333424334,0.17656294072911694,0.11948567033711163,1.3487638447337469,1.4651941969396756,1.2371902896485105,0.6595424082426006,1.046243830422906,0.47654832445217976,0.5696955059707262,2.338734347951481,-0.1776257277538061,2.041384459190416,1.524356347487682,15,1612,1616,False,left,right,True,0,0.0,none
370__240032,V. van Dijk + J. Bednarek,370,V. van Dijk,240032,J. Bednarek,1.0,1.0,0.48168449197860963,0.6567959001782531,3.0861726655565516,4.659728448827975,0.17656294072911694,0.53680623164123,1.4392230713443648,1.270793624479615,1.009614900808248,0.5018186447281309,1.0308478166975357,0.4919443381775501,0.5389034785199855,2.30431867440194,-0.11143903352298988,1.9835869698237136,1.5154450211088157,16,1612,1619,False,left,center,False,0,0.0,none
370__7919,V. van Dijk + M. Keane,370,V. van Dijk,7919,M. Keane,1.0,1.0,0.43410384681731934,0.6835432120062102,3.5304854617650827,5.171576790060202,0.17656294072911694,0.53680623164123,0.7244802280465878,1.632243723843908,1.607473349495221,0.9666002192334247,0.9891347661697477,0.5550005866336968,0.43413417953605093,2.2110748805649525,0.1596366299802239,1.786932090450541,1.5108148473666516,17,1612,1623,False,left,left,False,0,0.0,none
370__8653,V. van Dijk + H. Maguire,370,V. van Dijk,8653,H. Maguire,1.0,1.0,0.46413130048924794,0.6641540562066219,3.2532936836558006,4.883572988029813,0.17656294072911694,0.53680623164123,1.1755440490963929,1.3702281487674721,1.2344896140202242,0.7050796675619222,1.0125043730334924,0.5102877818415934,0.5022165911918992,2.263314426148003,-0.03258148516087122,1.9147246650068388,1.504827700527108,18,1612,1611,False,left,center,False,0,0.0,none
370__366217,V. van Dijk + K. Danso,370,V. van Dijk,366217,K. Danso,1.0,1.0,0.47619668710056084,0.653645493674188,3.097909229984702,4.702734574196839,0.17656294072911694,0.53680623164123,1.3567868360074158,1.228220570736621,1.025407388132055,0.5408701626332042,0.999754548470083,0.5230376064050027,0.4767169420650803,2.2348139449315467,0.02222937399576572,1.8668611165081346,1.49744800796613,19,1612,1624,False,left,right,True,0,0.0,none
62126__192792,D. Burn + M. Doherty,192792,D. Burn,62126,M. Doherty,1.0,0.9979338842975207,0.4468394013848559,0.6394907303998213,3.3275786322143937,5.275086645947573,0.17656294072911694,0.30055450891947755,0.9157900863244373,1.0369400179503674,1.3344459611815331,1.0605918763721958,0.8818523605829355,0.7116864908940719,0.17016586968886352,1.971259801535698,0.8332215085433874,1.2914562532083838,1.493887603972542,20,1613,1629,False,left,right,True,0,0.0,none
370__413002,V. van Dijk + K. Mavropanos,370,V. van Dijk,413002,K. Mavropanos,1.0,1.0,0.4589316829898456,0.6868052634741333,3.099984148371245,4.48450503289213,0.17656294072911694,0.53680623164123,1.0974368821383624,1.6763254930622966,1.0281993569844414,0.3427078132798988,0.9792056094735769,0.5435865454015089,0.4356190640720681,2.1888796148570147,0.11056823666437046,1.789719259899468,1.485554130407712,21,1612,1633,False,left,right,True,0,0.0,none
370__365443,V. van Dijk + M. de Ligt,370,V. van Dijk,365443,M. de Ligt,1.0,0.9946236559139785,0.4824909435915129,0.6674141797481457,3.017347580138278,4.4735386549340035,0.17656294072911694,-0.0779563156562349,1.451337356823988,1.4142838649307665,0.9170052367381507,0.33274984330440266,0.9715112802230003,0.5512808746520856,0.4202304055709146,2.1716799988788758,0.14364577390896008,1.7608343211759272,1.4811005958473114,22,1612,1611,False,left,right,True,0,0.0,none
370__777938,V. van Dijk + Dean Huijsen,370,V. van Dijk,777938,Dean Huijsen,1.0,0.9960629921259843,0.46928291717546006,0.6523011495220852,3.1796356796356795,4.853034353034353,0.17656294072911694,0.08662578362025217,1.252930161567165,1.210053760909791,1.135376870942304,0.6773491979813004,0.9448966316048785,0.5778955232702072,0.36700110833467126,2.1121866082638974,0.25806081935968456,1.660921454251836,1.4656958407902212,23,1612,1659,False,left,left,False,0,0.0,none
370__568412,V. van Dijk + J. Gvardiol,370,V. van Dijk,568412,J. Gvardiol,1.0,1.0,0.4729007081948259,0.6717733776557306,2.8718951745267534,4.212249699091805,0.17656294072911694,0.53680623164123,1.3072755835527918,1.473191934907291,0.721287376890871,0.0954875870571314,0.9412636237013138,0.581528531173772,0.3597350925275419,2.104065518204985,0.2736789389288523,1.6472829411002523,1.4635930290011987,24,1612,1625,False,left,left,False,0,0.0,none
370__9433,V. van Dijk + J. Tarkowski,370,V. van Dijk,9433,J. Tarkowski,1.0,0.9970588235294118,0.4213903743315508,0.6903743315508022,3.5491703202175477,5.145096842222099,0.17656294072911694,0.20049495576673537,0.5335020804854669,1.7245561346777092,1.632615322860948,0.9425552221950773,0.9084905654036904,0.6308357879920846,0.2776547774116058,2.0308058488054668,0.48564837391423715,1.493215913597171,1.4597406192964388,25,1612,1623,False,left,right,True,0,0.0,none
370__590874,V. van Dijk + Toti,370,V. van Dijk,590874,Toti,1.0,0.9943820224719101,0.49825752568647486,0.6474794207775041,2.7314389488302533,4.110030979596197,0.17656294072911694,-0.10558609306286465,1.688178443728984,1.1448952752628385,0.5322922772225605,0.002668340487514742,0.9070498707564728,0.615742284118613,0.29130758663785983,2.027585373846971,0.420762154431403,1.5188426150978236,1.4437898562724711,26,1612,1629,False,left,left,False,0,0.0,none
370__415917,V. van Dijk + Gabriel Magalhaes,370,V. van Dijk,415917,Gabriel Magalhaes,1.0,1.0,0.4423987776928954,0.6847720906544437,3.1181932461002226,4.524912862122164,0.17656294072911694,0.53680623164123,0.8490843072655708,1.6488501892849095,1.0527011561969193,0.37939996011125043,0.8941316320776292,0.6286605227974564,0.2654711092801729,1.9987084260125119,0.47629701746081016,1.470346830669766,1.4363126843784522,27,1612,1609,False,left,left,False,0,0.0,none
370__627012,V. van Dijk + Murillo,370,V. van Dijk,627012,Murillo,1.0,1.0,0.48609625668449197,0.6668449197860963,2.5580966667514176,3.726462586763622,0.17656294072911694,0.53680623164123,1.5054953389681864,1.40659116402795,0.29904635511575384,-0.34562920624675336,0.8898725513241778,0.6329196035509081,0.2569529477732696,1.9891878361087514,0.49460659294972664,1.4543580053185707,1.433847497003008,28,1612,1642,False,left,left,False,0,0.0,none
370__625787,V. van Dijk + M. van de Ven,370,V. van Dijk,625787,M. van de Ven,1.0,1.0,0.4740757963264357,0.6327016972797024,2.925107103189295,4.552467340138573,0.17656294072911694,0.53680623164123,1.3249274213844402,0.9451963424872659,0.7928882882157338,0.40442067942491755,0.8834760943938939,0.639316060481192,0.24416003391270166,1.9748894353984692,0.5221046418964908,1.4303453512636157,1.430145180520905,29,1612,1624,False,left,left,False,0,0.0,none
370__590703,V. van Dijk + I. Zabarnyi,370,V. van Dijk,590703,I. Zabarnyi,1.0,1.0,0.46590435013463805,0.641104410816551,2.9652100752870973,4.563291468618811,0.17656294072911694,0.53680623164123,1.2021782937679053,1.0587465064199684,0.8468500486933146,0.414249480404484,0.8723010766842408,0.6504910781908451,0.22180999849339578,1.9499092185536373,0.5701454850242119,1.388393715030527,1.4236769977901875,30,1612,1659,False,left,right,True,0,0.0,none
370__604320,V. van Dijk + J. Branthwaite,370,V. van Dijk,604320,J. Branthwaite,1.0,0.9954954954954955,0.45037818567230337,0.6762778821602351,3.071849076799572,4.505244848809205,0.17656294072911694,0.02173490822983895,0.9689486917795271,1.534063607216367,0.9903413650763195,0.3615405094525232,0.8504798041687037,0.6723123507063822,0.1781674534623216,1.9011307616929,0.6639540459592553,1.3064754478295584,1.4110466842001383,31,1612,1623,False,left,left,False,0,0.0,none
370__234399,V. van Dijk + A. Webster,370,V. van Dijk,234399,A. Webster,1.0,0.986842105263158,0.45405291303124123,0.7030678300028146,3.122881483036866,4.424918258991511,0.17656294072911694,-0.9677442130604601,1.0241493951741125,1.8960898688440269,1.0590095544378353,0.2886003123616625,0.846263599248452,0.6765285556266337,0.1697350436218182,1.8917060148238944,0.6820793003821782,1.2906475807340303,1.4086063136734066,32,1612,1651,False,left,left,False,0,0.0,none
62126__475597,M. Doherty + S. Botman,62126,M. Doherty,475597,S. Botman,1.0,1.0,0.4734234234234234,0.6045045045045045,3.081224364277392,5.242226447619749,0.17656294072911694,0.53680623164123,1.3151276622174755,0.5641532606274812,1.0029565651680434,1.0307533216929041,0.8979810680831443,0.5901432536539579,0.30783781442918634,2.007313311360032,0.31071320070921377,1.5498703110339476,1.4068446780995696,33,1629,1613,False,right,right,False,0,0.0,none
370__346131,V. van Dijk + T. Chalobah,370,V. van Dijk,346131,T. Chalobah,1.0,1.0,0.4603881956823134,0.6449131841288704,2.9300935550935554,4.474142411642411,0.17656294072911694,0.53680623164123,1.1193161992343112,1.1102164074346552,0.7995979585771834,0.33329808185662,0.8384103704282142,0.6843817844468716,0.1540285859813426,1.8741512006877017,0.715839938942353,1.2611661242136312,1.4040608068692828,34,1612,1628,False,left,right,True,0,0.0,none
370__9097,V. van Dijk + L. Dunk,370,V. van Dijk,9097,L. Dunk,1.0,1.0,0.4523366658916531,0.6435712624970937,2.937549823848587,4.496579833877646,0.17656294072911694,0.53680623164123,0.9983684214989417,1.0920823343635135,0.8096309652988358,0.35367228177925036,0.7959942046071175,0.7267979502679683,0.06919625433914896,1.7793356892078331,0.8981849178259695,1.1019334853792462,1.3795100170275567,35,1612,1651,False,left,left,False,0,0.0,none
62126__136441,M. Doherty + B. Davies,62126,M. Doherty,136441,B. Davies,1.0,1.0,0.4659404302261445,0.5980419194704909,3.054605659241421,5.27148304234397,0.17656294072911694,0.53680623164123,1.2027202785834195,0.4768210450493586,0.9671389658671383,1.0573196403955323,0.8384560326707272,0.6442362730166291,0.19421975965409813,1.8742532723576741,0.5432563899036372,1.3366060716708907,1.3674247674841062,36,1629,1624,False,right,left,True,0,0.0,none
62126__620468,J. Greaves + M. Doherty,620468,J. Greaves,62126,M. Doherty,1.0,0.9954954954954955,0.47297297297297297,0.6621621621621622,3.1097519214299365,4.710666863217931,0.17656294072911694,0.02173490822983895,1.3083611243820104,1.343310666183649,1.0413426778561967,0.5480730418528162,0.95742701753004,0.4456770820454905,0.5117499354845495,2.140196564551446,-0.31033965735559316,1.9326190165971986,1.3635201883884849,37,1634,1629,False,left,right,True,0,0.0,none
192792__393247,D. Burn + I. Konaté,192792,D. Burn,393247,I. Konaté,1.0,0.9979338842975207,0.4478951446280992,0.6141528925619835,3.3721179399376053,5.508902217413683,0.17656294072911694,0.30055450891947755,0.9316491593763093,0.6945368612118175,1.394377166513044,1.2729070500196336,0.8491436029678511,0.6185353369500467,0.23060826601780432,1.8981438674782456,0.43276934908725034,1.404908307143726,1.359884399894043,38,1613,1612,False,left,right,True,0,0.0,none
370__545267,V. van Dijk + R. Drăgușin,370,V. van Dijk,545267,R. Drăgușin,1.0,1.0,0.4603881956823134,0.620221826104179,2.818799462445871,4.444943364832868,0.17656294072911694,0.53680623164123,1.1193161992343112,0.7765494629256484,0.6498428442834685,0.30678401927800103,0.7465623081244938,0.7762298467505921,-0.029667538626098416,1.668837475668487,1.1106901725045522,0.9163634045587541,1.35089847049736,39,1612,1624,False,left,right,True,0,0.0,none
370__769441,V. van Dijk + L. Yoro,370,V. van Dijk,769441,L. Yoro,1.0,1.0,0.47890671420083186,0.6248514557338087,2.5257189100503292,3.855985189455247,0.17656294072911694,0.53680623164123,1.397496088025662,0.8391120150210873,0.25547949060395225,-0.22801679185831975,0.7438031954549947,0.778988959420091,-0.03518576396509629,1.6626698583479458,1.1225514600989877,0.9060055425808762,1.3493014757198445,40,1612,1611,False,left,right,True,0,0.0,none
62126__424806,E. Pinnock + M. Doherty,424806,E. Pinnock,62126,M. Doherty,1.0,1.0,0.4636533084808947,0.6568033550792172,3.0880778091633365,4.722151097176522,0.17656294072911694,0.53680623164123,1.168363789855142,1.2708943663676797,1.0121784240985916,0.5585012486306503,0.9421200054377241,0.4543204593660918,0.48779954607163234,2.1059798419253855,-0.2731822098471183,1.88766347154139,1.3485679523168352,41,1669,1629,False,left,right,True,0,0.0,none
370__412968,V. van Dijk + M. Senesi,370,V. van Dijk,412968,M. Senesi,1.0,1.0,0.4336075689016866,0.6148087206910736,3.13500393597481,5.108668686338589,0.17656294072911694,0.53680623164123,0.7170252831360505,0.7033994020140584,1.075321285654234,0.9094767997719398,0.7152215195627931,0.8174891493483545,-0.10226762978556128,1.5987794484956948,1.288061854157111,0.780091020302038,1.3418264845553884,42,1612,1659,False,left,left,False,0,0.0,none
192792__578325,D. Burn + W. Saliba,192792,D. Burn,578325,W. Saliba,1.0,0.9979338842975207,0.4581238817415012,0.6057766039021897,2.8466156185800804,4.706598009658227,0.17656294072911694,0.30055450891947755,1.0853023228211451,0.5813437901525438,0.687271709931146,0.5443783377548052,0.7013649062479214,0.828594019657652,-0.12722911340973075,1.5678048930780795,1.3358011371133987,0.7332376233747646,1.3312903123480124,43,1613,1609,False,left,right,True,0,0.0,none
370__558243,V. van Dijk + S. van den Berg,370,V. van Dijk,558243,S. van den Berg,1.0,1.0,0.40864527629233516,0.5962566844919786,3.1983701258510417,5.4468743552713015,0.17656294072911694,0.53680623164123,0.34204886290553704,0.45269625207867126,1.160585568614088,1.216582929948581,0.5773393979566782,1.0167924969897975,-0.43945309903311924,1.290562908152229,2.144856993783744,0.1471845446041048,1.3181754611320584,44,1612,1669,False,left,left,False,0,0.0,none
370__397074,V. van Dijk + M. Guéhi,370,V. van Dijk,397074,M. Guéhi,1.0,0.9967741935483871,0.43410384681731934,0.622252889425565,3.0520104139167796,4.876302877481725,0.17656294072911694,0.1679487032627498,0.7244802280465878,0.8039962599739701,0.9636468554508003,0.6984780765140102,0.6632133321793074,0.8595788226957782,-0.19636549051647076,1.4825222905831945,1.4690032581992705,0.6034667264414086,1.30265546803966,45,1612,1628,False,left,left,False,0,0.0,none
578325__620468,W. Saliba + J. Greaves,578325,W. Saliba,620468,J. Greaves,1.0,0.9954954954954955,0.4842574533296183,0.6284480356645306,2.6287889077956232,4.142178226928585,0.17656294072911694,0.02173490822983895,1.4778733608787182,0.8877144383858252,0.39416842660580953,0.031859503235425746,0.776939563195026,0.6717770951573097,0.10516246803771638,1.736741656093828,0.6616530090808955,1.1694430658097315,1.3007553439331292,46,1609,1634,False,right,left,True,0,0.0,none
370__283145,V. van Dijk + T. Adarabioyo,370,V. van Dijk,283145,T. Adarabioyo,1.0,0.9859154929577465,0.44682533704903216,0.6426527076899902,3.087482219061166,4.769132290184922,0.17656294072911694,-1.0736984697295928,0.9155788158941671,1.0796694336415775,1.0113770099201675,0.6011623087525079,0.6584957017545022,0.8642964531205835,-0.2058007513660812,1.471976675885545,1.489284115828414,0.5857564801934206,1.2999248687299807,47,1612,1610,False,left,right,True,0,0.0,none
62126__399581,D. O'Shea + M. Doherty,399581,D. O'Shea,62126,M. Doherty,1.0,1.0,0.4283543898928514,0.6336958260035184,3.1403199449557064,5.022673518534446,0.17656294072911694,0.53680623164123,0.6381135305021937,0.9586305121831001,1.0824744014538366,0.8313892760424789,0.731912843171746,0.7401940203210092,-0.008281177149263297,1.6360906093378593,0.9557739540733299,0.9565061980798121,1.296078730506891,48,1634,1629,False,right,right,False,0,0.0,none
393247__620468,I. Konaté + J. Greaves,393247,I. Konaté,620468,J. Greaves,1.0,0.9954954954954955,0.47402871621621623,0.6368243243243243,3.1542912291531486,4.944482434684041,0.17656294072911694,0.02173490822983895,1.3242201974338823,1.0009075094450988,1.1012738831877076,0.760388215500254,0.9247182599149556,0.41644118402599484,0.5082770758889609,2.067080630493994,-0.4360233230950596,1.92610036283628,1.2879533908857352,49,1612,1634,False,right,left,True,0,0.0,none
370__424241,V. van Dijk + N. Milenković,370,V. van Dijk,424241,N. Milenković,0.9967741935483871,0.9935483870967742,0.45345868552699675,0.6803174055545972,3.1621621621621623,4.621621621621622,-2.5466959756012724,-0.20090882511573044,1.0152230795575479,1.5886517520612795,1.1118648538701716,0.4672159123919636,0.6117992675054196,0.9109928873696662,-0.2991936198642468,1.3675932123662973,1.6900297549557985,0.41045547630259954,1.2728966279304081,50,1612,1642,False,left,right,True,0,0.0,none
393247__475597,I. Konaté + S. Botman,393247,I. Konaté,475597,S. Botman,1.0,1.0,0.4744791666666667,0.5791666666666666,3.1257636720006037,5.476042019085858,0.17656294072911694,0.53680623164123,1.3309867352693476,0.2217501038889312,1.0628877704995543,1.2430684953403421,0.8652723104680599,0.49699209970993274,0.3682802107581271,1.9341973773025796,-0.08973895874692324,1.6633223649692899,1.2728414740210707,51,1612,1613,False,right,right,False,0,0.0,none
62126__479155,N. Collins + M. Doherty,479155,N. Collins,62126,M. Doherty,1.0,0.9976525821596245,0.4562872731886816,0.6359599035655373,3.0256582908203686,4.807447954624672,0.17656294072911694,0.2683887814127616,1.0577133144204085,0.9892261497942367,0.9281879634979467,0.6359546747952526,0.8153637242243954,0.5713702876321474,0.243993436592248,1.8226335892909686,0.23000915717854406,1.4300326434734956,1.2663260704937467,52,1669,1629,False,right,right,False,0,0.0,none
370__534563,V. van Dijk + C. Richards,370,V. van Dijk,534563,C. Richards,1.0,1.0,0.4057229535170712,0.6301933360756891,3.1327355392775953,4.956933569083102,0.17656294072911694,0.53680623164123,0.29815056597522793,0.9112995751312088,1.0722689762407398,0.7716944118560747,0.5959593179763247,0.9268328368987611,-0.33087351892243644,1.3321851813162717,1.758124907039624,0.35099142730864874,1.2637283482317527,53,1612,1628,False,left,right,True,0,0.0,none
424806__578325,W. Saliba + E. Pinnock,578325,W. Saliba,424806,E. Pinnock,1.0,1.0,0.47493778883754,0.6230892285815854,2.6071147955290233,4.153662460887176,0.17656294072911694,0.53680623164123,1.3378760263518499,0.8152981385698561,0.3650041728482043,0.042287710013259816,0.76163255110271,0.6514539525515233,0.11017859855118678,1.702524933467767,0.5742848338212245,1.1788584818773513,1.2593196132557212,54,1609,1669,False,right,left,True,0,0.0,none
370__15806,V. van Dijk + J. Vestergaard,370,V. van Dijk,15806,J. Vestergaard,1.0,1.0,0.433767825311943,0.6317959001782532,2.6624332068458143,4.074304963989778,0.17656294072911694,0.53680623164123,0.7194326090967449,0.9329558431642453,0.439439525275377,-0.029772506628210405,0.5726681771822301,0.9501239776928558,-0.3774558005106259,1.2801210358521071,1.858252358308739,0.2635551930731095,1.2502472640332971,55,1612,1631,False,left,left,False,0,0.0,none
370__349142,V. van Dijk + N. Mazraoui,370,V. van Dijk,349142,N. Mazraoui,1.0,1.0,0.44786096256684493,0.5962566844919786,2.659591145670032,4.301969022386656,0.17656294072911694,0.53680623164123,0.9311356862283975,0.45269625207867126,0.4356153043658598,0.1769568133598714,0.5708116348235741,0.9519805200515116,-0.38116888522793746,1.275970990464637,1.8662335412052193,0.25658563009744,1.2491726836133723,56,1612,1611,False,left,right,True,0,0.0,none
393247__424806,I. Konaté + E. Pinnock,393247,I. Konaté,424806,E. Pinnock,1.0,1.0,0.4647090517241379,0.6314655172413793,3.132617116886548,4.955966668642631,0.17656294072911694,0.53680623164123,1.184222862907014,0.9284912096291298,1.0721096294301025,0.7708164222780881,0.9094112478226398,0.39611804142020846,0.5132932064024314,2.0328639078679336,-0.5233914983547305,1.9355157789039001,1.2465176602083277,57,1612,1669,False,right,left,True,0,0.0,none
370__447424,V. van Dijk + C. Bassey,370,V. van Dijk,447424,C. Bassey,1.0,1.0,0.4449197860962567,0.625668449197861,2.5223594846138795,3.845537885351743,0.17656294072911694,0.53680623164123,0.8869541744791831,0.8501524653908707,0.2509591146502228,-0.23750341916451095,0.5656948966640053,0.9570972582110806,-0.3914023615470753,1.2645332252561,1.8882301430573263,0.23737711127918518,1.246211077801085,58,1612,1616,False,left,left,False,0,0.0,none
475597__578325,W. Saliba + S. Botman,578325,W. Saliba,475597,S. Botman,1.0,1.0,0.4847079037800687,0.5707903780068728,2.6002613506430787,4.673737811330403,0.17656294072911694,0.53680623164123,1.4846398987141833,0.10855703282965753,0.35578231391765613,0.5145397830755137,0.7174936137481301,0.707050782417538,0.01044283133059204,1.6038584029024132,0.813292829279225,0.9916516812003283,1.2442473864750399,59,1609,1613,False,right,right,False,0,0.0,none
370__239411,V. van Dijk + T. Mings,370,V. van Dijk,239411,T. Mings,1.0,0.9918032786885246,0.404225475585167,0.6478478127465591,3.223080985070328,4.964860064327205,0.17656294072911694,-0.4004547011237593,0.27565588076873937,1.1498735442820371,1.1938360085848307,0.7788920300626587,0.5610296953799925,0.9617624594950933,-0.4007327641151008,1.2541048086998772,1.9082856104281656,0.21986368693337993,1.2435108248650641,60,1612,1614,False,left,left,False,0,0.0,none
370__364003,V. van Dijk + S. Bueno,370,V. van Dijk,364003,S. Bueno,1.0,1.0,0.430017825311943,0.6076292335115865,2.7884239189971676,4.481282962174682,0.17656294072911694,0.53680623164123,0.6631011816164962,0.6063793212260551,0.6089701180436811,0.3397820265173247,0.5500219154063041,0.9727702394687817,-0.42274832406247775,1.2294984288383575,1.9556075068797154,0.1785398704358757,1.2371394405702685,61,1612,1629,False,left,center,False,0,0.0,none
370__412027,V. van Dijk + E. Konsa,370,V. van Dijk,412027,E. Konsa,1.0,1.0,0.45112893642305407,0.6294810853634383,2.368300981264716,3.53994907788155,0.17656294072911694,0.53680623164123,0.9802262548386361,0.9016745671165265,0.043661061104765975,-0.5149919556033755,0.54980098345924,0.9729911714158459,-0.4231901879566058,1.229004565822745,1.956557282288272,0.17771047965401668,1.2370115635286574,62,1612,1614,False,left,right,True,0,0.0,none
62126__393247,I. Konaté + M. Doherty,393247,I. Konaté,62126,M. Doherty,1.0,1.0,0.5145692567567568,0.6503378378378378,2.7537506262060534,4.243448322820715,0.17656294072911694,0.53680623164123,1.9332086026257578,1.1835225263723252,0.562314425891985,0.12381735642634076,1.0813933329569467,0.10425250508033564,0.9771408278766112,2.4173062319611005,-1.7781068652556942,2.806170626585235,1.236455181720889,63,1612,1629,False,right,right,False,0,0.0,none
7919__62126,M. Doherty + M. Keane,62126,M. Doherty,7919,M. Keane,1.0,1.0,0.43417611159546643,0.6604184829991282,3.060766796682179,4.649366138710478,0.17656294072911694,0.53680623164123,0.7255657688758064,1.3197474381930387,0.9754292696889312,0.49240919582706044,0.7847897340182204,0.5874075739019794,0.19738216011624093,1.7542896344977437,0.29895265005711424,1.3425419850295142,1.235339009271909,64,1629,1623,False,right,left,True,0,0.0,none
136441__393247,I. Konaté + B. Davies,393247,I. Konaté,136441,B. Davies,1.0,1.0,0.46699617346938777,0.5727040816326531,3.0991449669646327,5.50529861381008,0.17656294072911694,0.53680623164123,1.2185793516352916,0.1344178883108087,1.0270701711986492,1.26963481404297,0.8057472750556429,0.5510851190726038,0.25466215598303893,1.801137338300222,0.1428042304474997,1.450058125606233,1.2334215634056076,65,1612,1624,False,right,left,True,0,0.0,none
62126__496001,M. Kilman + M. Doherty,496001,M. Kilman,62126,M. Doherty,1.0,1.0,0.471782663492508,0.6383559725528638,2.913279890355186,4.598127811926929,0.17656294072911694,0.53680623164123,1.2904806358012466,1.0216054550165137,0.7769738262024176,0.44588246460792036,0.8884605511619285,0.4148947774684893,0.4735657736934391,1.9860315037292995,-0.4426712476685151,1.8609462860948407,1.2324036347830634,66,1633,1629,False,left,right,True,0,0.0,none
370__288080,V. van Dijk + C. Burgess,370,V. van Dijk,288080,C. Burgess,1.0,1.0,0.4161047818336821,0.621832132062311,2.872189783574001,4.53543582392224,0.17656294072911694,0.53680623164123,0.4541034216897768,0.7983103506110185,0.7216837969567782,0.38895528804710744,0.5370832832988878,0.985708871576198,-0.44862558827731025,1.200575894296012,2.011230040240245,0.1299675279459643,1.2296504648092723,67,1612,1634,False,left,left,False,0,0.0,none
62126__590781,J. van Hecke + M. Doherty,590781,J. van Hecke,62126,M. Doherty,1.0,1.0,0.4868181064500083,0.6415188194329299,2.8556164409125797,4.47617756166113,0.17656294072911694,0.53680623164123,1.5163387596929372,1.0643466219205848,0.6993830371819809,0.3351460906394117,0.953346872154918,0.304583944975667,0.6487629271792509,2.13107596010346,-0.9168920083656861,2.189796201283818,1.2284296177987877,68,1651,1629,False,right,right,False,0,0.0,none
370__619747,V. van Dijk + L. Colwill,370,V. van Dijk,619747,L. Colwill,0.9964285714285714,0.9857142857142858,0.47811306340718107,0.6609625668449197,3.0243243243243247,4.527027027027027,-2.8384737166366527,-1.0967056797491785,1.385574092791747,1.3270999213655097,0.9263930047510217,0.3813197180045362,0.533943899624737,0.9888482552503486,-0.45490435562561155,1.1935582333869228,2.0247260938954725,0.1181821075273191,1.2278333663675671,69,1612,1610,False,left,left,False,0,0.0,none
136441__578325,W. Saliba + B. Davies,578325,W. Saliba,136441,B. Davies,1.0,1.0,0.4772249105827898,0.5643277929728592,2.5736426456071078,4.702994406054623,0.17656294072911694,0.53680623164123,1.3722325150801273,0.021224817251535022,0.319964714616751,0.5411061017781417,0.6579685783357131,0.7611438017802092,-0.10317522344449612,1.4707983639000557,1.0458360184736484,0.7783874418372717,1.2048274758595767,70,1609,1624,False,right,left,True,0,0.0,none
370__557788,V. van Dijk + W. Fofana,370,V. van Dijk,557788,W. Fofana,1.0,0.9861111111111112,0.4233511586452763,0.6526292335115864,2.9105312208760488,4.389095992544268,0.17656294072911694,-1.051330348877223,0.5629564216516099,1.2144873275937202,0.7732752712997152,0.2560720651046421,0.4940539694874183,1.0287381853876674,-0.534684215900249,1.1043897747190976,2.19621091171794,-0.03156690244862012,1.2047447803852067,71,1612,1610,False,left,right,True,0,0.0,none
62126__578325,W. Saliba + M. Doherty,578325,W. Saliba,62126,M. Doherty,1.0,1.0,0.5247979938701588,0.6419615491780439,2.2282483048485284,3.4411441150652595,0.17656294072911694,0.53680623164123,2.0868617660705935,1.0703294553130516,-0.14479103068991317,-0.6047113558384876,0.933614636237017,0.2991460198827097,0.6344686163543074,2.086967257560934,-0.9402693768064893,2.162965383494029,1.193995892437326,72,1609,1629,False,right,right,False,0,0.0,none
370__50102,V. van Dijk + F. Schär,370,V. van Dijk,50102,F. Schär,1.0,1.0,0.4105306458247635,0.602221308103661,2.8786536961409626,4.712086449777452,0.17656294072911694,0.53680623164123,0.37037034479605957,0.5332992603727535,0.7303815089576684,0.5493620910166603,0.47211982543552256,1.0506723294395632,-0.5785525040040406,1.055359009045336,2.2905047017517353,-0.11390889565677913,1.1920491359168326,73,1612,1613,False,left,right,True,0,0.0,none
9433__62126,J. Tarkowski + M. Doherty,9433,J. Tarkowski,62126,M. Doherty,1.0,0.9970588235294118,0.42146263910969795,0.6672496025437202,3.0794516551346445,4.622886190872375,0.17656294072911694,0.20049495576673537,0.5345876213146853,1.4120598490268397,1.000571243054658,0.46836419878871316,0.704145533252163,0.6707853672700854,0.03336016598207772,1.5740206027382575,0.6573896204140148,1.0346681538230347,1.19116081825794,74,1623,1629,False,right,right,False,0,0.0,none
370__504375,V. van Dijk + M. Lacroix,370,V. van Dijk,504375,M. Lacroix,1.0,0.9964788732394366,0.408092942682835,0.6215259471266099,2.8926592617641704,4.577075150222408,0.17656294072911694,0.13418005629852428,0.3337518653939475,0.7941727170370396,0.7492271190952271,0.42676569023096567,0.4617826328854343,1.0610095219896514,-0.5992268891042172,1.032251635242704,2.3349437763539047,-0.1527152897762357,1.1860658925722762,75,1612,1628,False,left,center,False,0,0.0,none
370__583655,V. van Dijk + C. Okoli,370,V. van Dijk,583655,C. Okoli,1.0,0.9918032786885246,0.404225475585167,0.6150609275006576,3.042664935678036,4.924406939690782,0.17656294072911694,-0.4004547011237593,0.27565588076873937,0.7068076015733562,0.951071766077433,0.7421587529421125,0.432328542750092,1.0904636121249938,-0.6581350693749017,0.966411063203833,2.4615654391043327,-0.2632875776274789,1.1690176478077203,76,1612,1631,False,left,left,False,0,0.0,none
7919__578325,W. Saliba + M. Keane,578325,W. Saliba,7919,M. Keane,1.0,1.0,0.44546059195211174,0.6267043565014965,2.5798037830478657,4.0808775024211315,0.17656294072911694,0.53680623164123,0.8950780053725143,0.864151210395215,0.3282550184385439,-0.023804342790330058,0.6043022796832063,0.8040822958175543,-0.19978001613434818,1.3508347260401252,1.2304264602773185,0.5970575671742149,1.1639568145381012,77,1609,1623,False,right,left,True,0,0.0,none
393247__399581,I. Konaté + D. O'Shea,393247,I. Konaté,399581,D. O'Shea,1.0,1.0,0.42941013313609466,0.6083579881656804,3.184859252678918,5.256489090000555,0.17656294072911694,0.53680623164123,0.6539726035540658,0.6162273554445502,1.1424056067853474,1.0437044496899168,0.6992040855566616,0.6470428663769839,0.052161219179677504,1.5629746752804072,0.5553217946171923,1.0699582520151543,1.1620755264283922,78,1612,1634,False,right,right,False,0,0.0,none
370__286380,V. van Dijk + I. Diop,370,V. van Dijk,286380,I. Diop,1.0,1.0,0.4011289364230541,0.6387403446226976,2.6607555510901237,4.032603235205466,0.17656294072911694,0.53680623164123,0.22914055510198883,1.026799671307404,0.4371821051063273,-0.06763957310595758,0.41570940423956493,1.107082750635521,-0.691373346395956,0.9292612622322736,2.5330102857118195,-0.3256767452704717,1.1593983677755884,79,1612,1616,False,left,right,True,0,0.0,none
9433__578325,W. Saliba + J. Tarkowski,578325,W. Saliba,9433,J. Tarkowski,1.0,0.9970588235294118,0.43274711946634326,0.6335354760460885,2.598488641500331,4.054397554583028,0.17656294072911694,0.20049495576673537,0.7040998578113932,0.9564636212290162,0.35339699180427087,-0.04784933982867734,0.523658078917149,0.9243850535191808,-0.4007269746020318,1.1705656942806393,1.7476020085168342,0.21987455400994957,1.15353836049736,80,1609,1623,False,right,right,False,0,0.0,none
7919__393247,I. Konaté + M. Keane,393247,I. Konaté,7919,M. Keane,1.0,1.0,0.4352318548387097,0.6350806451612903,3.105306104405391,4.883181710176588,0.17656294072911694,0.53680623164123,0.7414248419276783,0.9773442814544887,1.035360475020442,0.7047243694744982,0.7520809764031359,0.5487463846862396,0.20333459171689638,1.6811737004402914,0.13275012810136394,1.3537148642007633,1.1511548614907074,81,1612,1623,False,right,left,True,0,0.0,none
192792__623641,D. Burn + E. Agbadou,192792,D. Burn,623641,E. Agbadou,1.0,0.9979338842975207,0.4400826446280992,0.607208448117539,3.025418047388281,4.992453119313502,0.17656294072911694,0.30055450891947755,0.8142920187924582,0.6006930330686595,0.9278646967209363,0.8039477790196018,0.6724270405660524,0.6755643696858866,-0.003137329119834352,1.5031182698850547,0.6779343131679411,0.9661613434664047,1.1481716975861906,82,1613,1629,False,left,center,False,0,0.0,none
8360__393247,I. Konaté + C. Dawson,393247,I. Konaté,8360,C. Dawson,1.0,1.0,0.4800347222222222,0.6597222222222222,2.527530122431032,3.8635065710150274,0.17656294072911694,0.53680623164123,1.4144407019067524,1.310338510349566,0.2579166219074165,-0.22118703530309872,0.8450276547301139,0.3913445768980649,0.453683077832049,1.8889432306495484,-0.5439123839803481,1.8236259146295823,1.1460230830565863,83,1612,1629,False,right,left,True,0,0.0,none
370__415847,V. van Dijk + C. Romero,370,V. van Dijk,415847,C. Romero,1.0,0.9805194805194806,0.419022154316272,0.614209320091673,3.0593700667592296,4.965450672347224,0.17656294072911694,-1.6907100111638727,0.49792735673934607,0.6952993952692341,0.9735498577248933,0.7794283290077706,0.38589505842865346,1.1368970964464324,-0.7510020380177789,0.8626153881232744,2.661180669622746,-0.4376014529070837,1.1421416043670443,84,1612,1624,False,left,right,True,0,0.0,none
9433__393247,J. Tarkowski + I. Konaté,9433,J. Tarkowski,393247,I. Konaté,1.0,0.9970588235294118,0.42251838235294115,0.6419117647058823,3.1239909628578566,4.856701762338484,0.17656294072911694,0.20049495576673537,0.5504466943665574,1.06965669228829,1.060502448386169,0.680679372436151,0.6714367756370787,0.669049142387866,0.0023876332492127304,1.5009046686808054,0.649925676340879,0.9765318510364981,1.140736407449966,85,1623,1612,False,right,right,False,0,0.0,none
370__501419,V. van Dijk + J. Todibo,370,V. van Dijk,501419,J. Todibo,1.0,1.0,0.4233511586452763,0.5978046721080776,2.4716338608187303,3.893569381848551,0.17656294072911694,0.53680623164123,0.5629564216516099,0.4736150001477343,0.1827037256323164,-0.19388863570367437,0.37111136011912504,1.1516807947559609,-0.7805694346368358,0.8295684615647967,2.724735050455818,-0.4931002762445483,1.133584690670234,86,1612,1633,False,left,right,True,0,0.0,none
399581__578325,W. Saliba + D. O'Shea,578325,W. Saliba,399581,D. O'Shea,1.0,1.0,0.4396388702494967,0.5999816995058866,2.659356931321393,4.4541848822451,0.17656294072911694,0.53680623164123,0.8076257669989015,0.5030342843852765,0.43530015020344925,0.3151757374250884,0.5514253888367318,0.8571015490845894,-0.3056761602478576,1.2326357008802407,1.4583535826433411,0.3982875682461929,1.1334814388823613,87,1609,1634,False,right,right,False,0,0.0,none
393247__479155,N. Collins + I. Konaté,479155,N. Collins,393247,I. Konaté,1.0,0.9976525821596245,0.4573430164319249,0.6106220657276995,3.0701975985435803,5.0412635260907805,0.17656294072911694,0.2683887814127616,1.0735723874722805,0.6468229930556868,0.9881191688294575,0.8482698484426904,0.782654966609311,0.4782191336881223,0.30443583292118875,1.7495176552335165,-0.17044300227759246,1.5434846974088376,1.1323228664152483,88,1669,1612,False,right,right,False,0,0.0,none
370__258154,V. van Dijk + Rúben Dias,370,V. van Dijk,258154,Rúben Dias,1.0,0.9939024390243902,0.43351376027129257,0.5865723229424807,2.555870897259298,4.148292404882914,0.17656294072911694,-0.16042446224492046,0.715616116720034,0.3218265233051423,0.2960514040203801,0.0374114549123184,0.3645936494557489,1.1581985054193369,-0.7936048559635881,0.8149990147922542,2.7527543631465403,-0.517568123538096,1.12981219163247,89,1612,1625,False,left,right,True,0,0.0,none
370__285382,V. van Dijk + W. Faes,370,V. van Dijk,285382,W. Faes,1.0,1.0,0.4012628052316217,0.6320469041943173,2.5383581748179775,3.8440227957153206,0.17656294072911694,0.53680623164123,0.2311514940571071,0.9363477887597811,0.27248663352446223,-0.23887918946599845,0.3564945739910479,1.166297580884038,-0.8098030068929899,0.7968946442572414,2.7875718841553154,-0.5479725019961251,1.1251243869759904,90,1612,1631,False,left,right,True,0,0.0,none
370__549884,V. van Dijk + T. Harwood-Bellis,370,V. van Dijk,549884,T. Harwood-Bellis,1.0,1.0,0.39489587409243077,0.60486500586931,2.775698531512485,4.477344151762757,0.17656294072911694,0.53680623164123,0.13550927546002223,0.5690248998773637,0.5918470901105352,0.3362054075123175,0.35496774789132723,1.1678244069837587,-0.8128566590924313,0.7934816342695772,2.7941356333184717,-0.5537042918501439,1.1242406487603014,91,1612,1619,False,left,right,True,0,0.0,none
62126__145787,J. Andersen + M. Doherty,145787,J. Andersen,62126,M. Doherty,1.0,0.9963503649635037,0.4757348589465378,0.6480568159400276,2.7855820902178516,4.31121368207461,0.17656294072911694,0.11948567033711163,1.3498493855629654,1.1526979112888063,0.6051462098422207,0.18535138483623642,0.8418987982713788,0.3578020294966431,0.4840967687747355,1.8819491018842722,-0.6881101203672817,1.8807132558796569,1.110684166007883,92,1616,1629,False,right,right,False,0,0.0,none
620468__623641,J. Greaves + E. Agbadou,620468,J. Greaves,623641,E. Agbadou,1.0,0.9954954954954955,0.46621621621621623,0.6298798798798799,2.8075913366038243,4.4280333365838604,0.17656294072911694,0.02173490822983895,1.2068630568500311,0.907063681301941,0.6347614133955999,0.2914289445002224,0.7480016975131569,0.5110077480190979,0.23699394949405905,1.672055032900803,-0.029486386514103045,1.4168944120992502,1.1105604829160207,93,1634,1629,False,left,center,False,0,0.0,none
393247__578325,W. Saliba + I. Konaté,578325,W. Saliba,393247,I. Konaté,1.0,1.0,0.525853737113402,0.6166237113402062,2.27278761257174,3.674959686531369,0.17656294072911694,0.53680623164123,2.102720839122466,0.7279262985745016,-0.08485982535840236,-0.39239618219104977,0.9009058786219327,0.2553359111313148,0.6455699674906179,2.013851323503482,-1.1286068467432164,2.1838029274096864,1.1051041932107135,94,1609,1612,False,right,right,False,0,0.0,none
479155__578325,N. Collins + W. Saliba,479155,N. Collins,578325,W. Saliba,1.0,0.9976525821596245,0.46757175354532693,0.6022457770679057,2.5446952771860554,4.238959318335326,0.17656294072911694,0.2683887814127616,1.2272255509171164,0.5336299219964131,0.28101371224755944,0.11974113617786208,0.6348762698893813,0.6882778163957276,-0.05340154650634628,1.4191786808333502,0.7325887857485558,0.8718140136398764,1.1037287788692172,95,1669,1609,False,right,right,False,0,0.0,none
8360__62126,M. Doherty + C. Dawson,62126,M. Doherty,8360,C. Dawson,1.0,1.0,0.47897897897897895,0.68506006006006,2.4829908147078203,3.629690999548918,0.17656294072911694,0.53680623164123,1.3985816288548805,1.652741667088116,0.1979854165759057,-0.43350220895053654,0.8777364123451983,0.2870920718177292,0.590644340527469,1.9620591647070005,-0.9920886976438258,2.080706002550141,1.0995441735703808,96,1629,1629,True,right,left,True,2,84.0,low
8653__62126,H. Maguire + M. Doherty,8653,H. Maguire,62126,M. Doherty,1.0,1.0,0.46420356526739504,0.64102932719954,2.7835750185728974,4.361362336680088,0.17656294072911694,0.53680623164123,1.1766295899256112,1.0577318631166028,0.6024455342139343,0.2308886441555581,0.8081593408819651,0.39983873606143516,0.4083206048205301,1.8065291800807939,-0.5073964178788468,1.7384792949169035,1.0987415236601237,97,1611,1629,False,center,right,False,0,0.0,none
393247__496001,M. Kilman + I. Konaté,496001,M. Kilman,393247,I. Konaté,1.0,1.0,0.4728384067357513,0.6130181347150259,2.957819198078398,4.831943383393039,0.17656294072911694,0.53680623164123,1.3063397088531188,0.6792022982779637,0.8369050315339284,0.6581976382553582,0.855751793546844,0.32174362352446406,0.5340081700223799,1.9129155696718474,-0.8431234071246524,1.9743983400301826,1.0984004307045645,98,1633,1612,False,left,right,True,0,0.0,none
393247__590781,J. van Hecke + I. Konaté,590781,J. van Hecke,393247,I. Konaté,1.0,1.0,0.48787384969325154,0.616180981595092,2.9001557486357914,4.70999313312724,0.17656294072911694,0.53680623164123,1.5321978327448091,0.7219434651820349,0.7593142425134918,0.5474612642868495,0.9206381145398336,0.21143279103164186,0.7092053235081918,2.0579600260460076,-1.317344167821823,2.3032482552191604,1.094426413720289,99,1651,1612,False,right,right,False,0,0.0,none
8360__192792,D. Burn + C. Dawson,192792,D. Burn,8360,C. Dawson,1.0,0.9979338842975207,0.4123048668503214,0.6488751147842057,3.1013581284393723,4.895144894141885,0.17656294072911694,0.30055450891947755,0.3970221856054318,1.163756001927608,1.0300481571969649,0.7155874846427561,0.6454866823561025,0.6356410322084973,0.0098456501476051,1.4428968002241456,0.5063058788586513,0.99053075556044,1.0714463148817561,100,1613,1629,False,left,left,False,0,0.0,none
496001__578325,M. Kilman + W. Saliba,496001,M. Kilman,578325,W. Saliba,1.0,1.0,0.48306714384915334,0.6046418460552321,2.432316876720873,4.029639175637583,0.17656294072911694,0.53680623164123,1.4599928722979545,0.5660092272186901,0.12979957495203032,-0.07033107400947014,0.7079730968269143,0.5318023062320694,0.17617079059484483,1.582576595271681,0.0599083809014959,1.3027276562612216,1.0698063431585336,101,1633,1609,False,left,right,True,0,0.0,none
424806__623641,E. Pinnock + E. Agbadou,424806,E. Pinnock,623641,E. Agbadou,1.0,1.0,0.4568965517241379,0.6245210727969349,2.785917224337224,4.439517570542451,0.17656294072911694,0.53680623164123,1.066865722323163,0.8346473814859718,0.6055971596379945,0.30185715127805646,0.7326946854208409,0.4906846054133114,0.2420100800075295,1.6378383102747422,-0.11685456177377446,1.4263098281668702,1.069124752238613,102,1669,1629,False,left,center,False,0,0.0,none
62126__623641,M. Doherty + E. Agbadou,62126,M. Doherty,623641,E. Agbadou,1.0,1.0,0.5067567567567568,0.6433933933933934,2.407050733656729,3.726999224720535,0.17656294072911694,0.53680623164123,1.8158514620419068,1.0896786982291673,0.09580195609987713,-0.3451419145736909,0.9046767705551481,0.20942532001688316,0.6952514505382648,2.0222806343679096,-1.3259741854745164,2.277056448723344,1.0687593512862685,103,1629,1629,True,right,center,False,14,1092.0,very_high
578325__590781,W. Saliba + J. van Hecke,578325,W. Saliba,590781,J. van Hecke,1.0,1.0,0.4981025868066536,0.6078046929352983,2.3746534272782664,3.907688925371784,0.17656294072911694,0.53680623164123,1.6858509961896448,0.6087503941227612,0.052208785931593615,-0.1810674479779788,0.7728594178199037,0.4214914737392472,0.35136794408065664,1.7276210516458412,-0.41431237979567437,1.631577571450199,1.0658323261742582,104,1609,1651,False,right,right,False,0,0.0,none
475597__623641,E. Agbadou + S. Botman,623641,E. Agbadou,475597,S. Botman,1.0,1.0,0.4666666666666667,0.5722222222222222,2.7790637794512794,4.959592920985678,0.17656294072911694,0.53680623164123,1.2136295946854965,0.12790627574577332,0.5963753007074464,0.7741092243403104,0.6885557480662611,0.5540211324457726,0.13453461562048846,1.5391717797093885,0.15542600533376702,1.2245754012919685,1.061128771713218,105,1629,1613,False,center,right,False,0,0.0,none
62126__240032,J. Bednarek + M. Doherty,240032,J. Bednarek,62126,M. Doherty,1.0,1.0,0.4817567567567568,0.6336711711711711,2.6164540004736483,4.137517797478251,0.17656294072911694,0.53680623164123,1.4403086121735833,0.9582973388287457,0.37757082100195827,0.02762762132176673,0.8265027845460085,0.3108243937345955,0.5156783908114129,1.847533428334731,-0.8900646307575679,1.9399928361790753,1.0447458921759103,106,1619,1629,False,center,right,False,0,0.0,none
370__400549,V. van Dijk + Pau Torres,370,V. van Dijk,400549,Pau Torres,1.0,1.0,0.4154146507087684,0.5593752652576182,2.379605666871215,3.9263360102451914,0.17656294072911694,0.53680623164123,0.44373646931245947,-0.045701221757261434,0.05887242088838818,-0.16413504677778828,0.2099217956004226,1.3128703592746631,-1.1029485636742407,0.4692513346108912,3.4176809395866834,-1.0982148407984325,1.040286981021764,107,1612,1614,False,left,left,False,0,0.0,none
370__7953,V. van Dijk + C. Coady,370,V. van Dijk,7953,C. Coady,1.0,1.0,0.4188466541407718,0.577178783061136,2.2405092954225903,3.489454772691767,0.17656294072911694,0.53680623164123,0.49529104329695717,0.19488681641670424,-0.1282928859897685,-0.5608430813746519,0.20833790463838006,1.3144542502367056,-1.1061163455983258,0.4657107639631852,3.4244900077435214,-1.1041608553103461,1.0393702132425797,108,1612,1631,False,left,right,True,0,0.0,none
62126__366217,M. Doherty + K. Danso,62126,M. Doherty,366217,K. Danso,1.0,1.0,0.476268951878708,0.630520764667106,2.6281905649017983,4.180523922847114,0.17656294072911694,0.53680623164123,1.357872376836634,0.9157242850857517,0.39336330832576527,0.06667913922684,0.7954095163185557,0.34972796554306285,0.4456815507754929,1.778028698864338,-0.7228201181386571,1.8086068264676056,1.033889679284093,109,1629,1624,False,right,right,False,0,0.0,none
62126__777938,Dean Huijsen + M. Doherty,777938,Dean Huijsen,62126,M. Doherty,1.0,0.9960629921259843,0.46935518195360715,0.6291764205150032,2.7099170145527762,4.330823701684629,0.17656294072911694,0.08662578362025217,1.2540157023963836,0.8975574752589217,0.5033327911360141,0.20315817457493626,0.7405515994533513,0.4321665606505486,0.30838503880280255,1.6554013621966888,-0.368420714206847,1.5508974663573794,1.0273539601077661,110,1659,1629,False,left,right,True,0,0.0,none
136441__623641,E. Agbadou + B. Davies,623641,E. Agbadou,136441,B. Davies,1.0,1.0,0.45918367346938777,0.5657596371882087,2.7524450744153084,4.988849515709899,0.17656294072911694,0.53680623164123,1.1012222110514405,0.040574060167650805,0.5605577014065413,0.8006755430429383,0.629030712653844,0.6081141518084437,0.02091656084540025,1.4061117407070307,0.38796919452819045,1.011311161928912,1.021708861097755,111,1629,1624,False,center,left,False,0,0.0,none
370__297957,V. van Dijk + M. Akanji,370,V. van Dijk,297957,M. Akanji,1.0,0.9929577464788732,0.3975295624011449,0.5863146795209762,2.5538076069990963,4.145568060461677,0.17656294072911694,-0.2684461190441814,0.17507178798479694,0.31834485602947715,0.2932750817431885,0.03493762626504965,0.16324080405705113,1.3595513508180348,-1.1963105467609836,0.36490239113871265,3.618360191293322,-1.2734578719155822,1.0132676785742365,112,1612,1625,False,left,right,True,0,0.0,none
370__518805,V. van Dijk + L. Woolfenden,370,V. van Dijk,518805,L. Woolfenden,1.0,1.0,0.4114463967405144,0.5395339954163484,2.3963582226294093,4.128721942281264,0.17656294072911694,0.53680623164123,0.3841264931428845,-0.3138264450234274,0.08141432623660905,0.01964058473641006,0.15719210824149116,1.3656000466335945,-1.2084079383921036,0.3513813626243152,3.6443632325727644,-1.2961650114595122,1.0097666487920842,113,1612,1634,False,left,right,True,0,0.0,none
62126__413002,K. Mavropanos + M. Doherty,413002,K. Mavropanos,62126,M. Doherty,1.0,1.0,0.4590039477679927,0.6636805344670513,2.6302654832883414,3.9622943815424057,0.17656294072911694,0.53680623164123,1.0985224229675807,1.363829207411427,0.3961552771781516,-0.13148321012646536,0.7748605773220496,0.3392415132499816,0.4356190640720681,1.7320943687898058,-0.7679008529229147,1.789719259899468,0.9936207804979222,114,1633,1629,False,right,right,False,0,0.0,none
393247__623641,I. Konaté + E. Agbadou,393247,I. Konaté,623641,E. Agbadou,1.0,1.0,0.5078125,0.6180555555555556,2.451590041379941,3.9608147961866442,0.17656294072911694,0.53680623164123,1.8317105350937788,0.7472755414906174,0.15573316143138793,-0.1328267409262531,0.8719680129400635,0.1767165624017988,0.6952514505382648,1.949164700310457,-1.4665875012039031,2.277056448723344,0.9900173895387263,115,1612,1629,False,right,center,False,0,0.0,none
62126__365443,M. de Ligt + M. Doherty,365443,M. de Ligt,62126,M. Doherty,1.0,0.9946236559139785,0.48256320836965994,0.6442894507410637,2.547628915055374,3.9513280035842797,0.17656294072911694,-0.0779563156562349,1.4524228976532065,1.1017875792798972,0.284961156931861,-0.1414411801019615,0.767166248071473,0.3469358425005582,0.4202304055709146,1.714894752811667,-0.7348233156783258,1.7608343211759272,0.9891672459375211,116,1611,1629,False,right,right,False,0,0.0,none
8360__475597,C. Dawson + S. Botman,8360,C. Dawson,475597,S. Botman,1.0,1.0,0.4388888888888889,0.6138888888888889,2.8550038605023706,4.862284695814061,0.17656294072911694,0.53680623164123,0.7963597614984701,0.690969244604722,0.698558761183475,0.6857489299634647,0.6616153898563114,0.5140977949683835,0.1475175948879279,1.4789503100484798,-0.01620242897552186,1.248944813386004,0.9844033890087842,117,1629,1613,False,left,right,True,0,0.0,none
234399__393247,I. Konaté + A. Webster,393247,I. Konaté,234399,A. Webster,1.0,0.986842105263158,0.4551809210526316,0.6546052631578947,2.697702125677174,4.136523179107897,0.17656294072911694,-0.9677442130604601,1.041094009055203,1.2411904264546076,0.4868966799630564,0.02672446260273617,0.6092098094818403,0.599503188588355,0.009706620893485313,1.3618048346992335,0.3509510936192745,0.9902697937952719,0.9842417041944536,118,1612,1651,False,right,left,True,0,0.0,none
393247__413002,I. Konaté + K. Mavropanos,393247,I. Konaté,413002,K. Mavropanos,1.0,1.0,0.46005969101123595,0.6383426966292135,2.6748047910115536,4.196109953008515,0.17656294072911694,0.53680623164123,1.114381496019453,1.0214260506728772,0.45608648250966244,0.08083196352097245,0.7421518197069653,0.3786554280505379,0.36349639165642733,1.658978434732354,-0.5984624012641486,1.6543430038633984,0.9808190977596121,119,1612,1633,False,right,right,False,0,0.0,none
145787__578325,W. Saliba + J. Andersen,578325,W. Saliba,145787,J. Andersen,1.0,0.9963503649635037,0.4870193393031831,0.614342689442396,2.3046190765835384,3.742725045785263,0.17656294072911694,0.11948567033711163,1.519361622059673,0.6971016834909827,-0.04202804140816663,-0.3308621537811541,0.6614113439363646,0.5076569406505252,0.1537544032858394,1.4784941934266536,-0.043891340074557694,1.2606514756912746,0.9782099898292144,120,1609,1616,False,right,right,False,0,0.0,none
145787__393247,J. Andersen + I. Konaté,145787,J. Andersen,393247,I. Konaté,1.0,0.9963503649635037,0.47679060218978103,0.6227189781021898,2.8301213979410638,4.545029253540719,0.17656294072911694,0.11948567033711163,1.3657084586148374,0.8102947545502563,0.6650774151737315,0.39766655848367427,0.8091900406562944,0.2646508755526179,0.5445391651036763,1.80883316782682,-1.0885622798234187,1.9941653098149994,0.9766809619293841,121,1616,1612,False,right,right,False,0,0.0,none
192792__590781,D. Burn + J. van Hecke,192792,D. Burn,590781,J. van Hecke,1.0,0.9979338842975207,0.42014399432135074,0.6053338741570755,3.4739837546441317,5.7416314562540975,0.17656294072911694,0.30055450891947755,0.5147793164434885,0.5753609567600769,1.53144577780304,1.4842357842327045,0.7210971421658222,0.40710254591840495,0.3139945962474173,1.611913595620605,-0.4761696620100979,1.5614267612300763,0.9753912514532884,122,1613,1651,False,left,right,True,0,0.0,none
7919__623641,E. Agbadou + M. Keane,623641,E. Agbadou,7919,M. Keane,1.0,1.0,0.4274193548387097,0.6281362007168458,2.758606211856067,4.366732612076407,0.17656294072911694,0.53680623164123,0.6240677013438272,0.8835004533113309,0.5688480052283342,0.23576509847446658,0.5753644140013372,0.6433129486793426,-0.06794853467800546,1.2861481028471005,0.5392870646823205,0.8445089134637336,0.973761953520993,123,1629,1623,False,center,left,False,0,0.0,none
62126__568412,M. Doherty + J. Gvardiol,62126,M. Doherty,568412,J. Gvardiol,1.0,1.0,0.47297297297297297,0.6486486486486487,2.40217650944385,3.69003904774208,0.17656294072911694,0.53680623164123,1.3083611243820104,1.1606956492564218,0.08924329708458117,-0.37870343634923276,0.7369185915497866,0.3771834990222446,0.3597350925275419,1.6472802721377764,-0.6047901506584336,1.6472829411002523,0.9716596790914085,124,1629,1625,False,right,left,True,0,0.0,none
370__488453,V. van Dijk + L. Martínez,370,V. van Dijk,488453,L. Martínez,1.0,1.0,0.39730949197860965,0.5797125668449198,2.203157757878143,3.3929320180071834,0.17656294072911694,0.53680623164123,0.17176595303877296,0.22912713209055913,-0.17855237093585585,-0.6484901328233055,0.08564855829600815,1.4371435965790775,-1.3514950382830695,0.1914555855095773,3.9519253813792345,-1.5647434656613468,0.9683567140362896,125,1612,1611,False,left,left,False,0,0.0,none
8653__393247,I. Konaté + H. Maguire,393247,I. Konaté,8653,H. Maguire,1.0,1.0,0.4652593085106383,0.6156914893617021,2.8281143262961095,4.595177908146198,0.17656294072911694,0.53680623164123,1.1924886629774833,0.7153287063780529,0.6623767395454452,0.4432038178029959,0.7754505832668809,0.30668758211740993,0.4687630011494709,1.733413246023342,-0.907848577334984,1.8519313488522455,0.964738319581625,126,1612,1611,False,right,center,False,0,0.0,none
9433__623641,J. Tarkowski + E. Agbadou,9433,J. Tarkowski,623641,E. Agbadou,1.0,0.9970588235294118,0.41470588235294115,0.6349673202614379,2.7772910703085323,4.340252664238303,0.17656294072911694,0.20049495576673537,0.4330895537827062,0.975812864145132,0.5939899785940612,0.2117201014361193,0.49472021323527987,0.763615706380969,-0.2688954931456891,1.1058790710876143,1.0564626129218355,0.4673259002994682,0.9633434994802516,127,1623,1629,False,right,center,False,0,0.0,none
8360__578325,W. Saliba + C. Dawson,578325,W. Saliba,8360,C. Dawson,1.0,1.0,0.49026345933562426,0.6513459335624283,2.002027801073507,3.0612023632595715,0.17656294072911694,0.53680623164123,1.5680938653515883,1.1971454392902925,-0.44918883467448156,-0.949715747567927,0.697248958010184,0.4259178721591804,0.2713310858510037,1.5586042562493818,-0.39528351401328565,1.4813461691863197,0.9569863077579692,128,1609,1629,False,right,left,True,0,0.0,none
62126__590874,Toti + M. Doherty,590874,Toti,62126,M. Doherty,1.0,0.9943820224719101,0.4983297904646219,0.6243546917704221,2.2617202837473496,3.587820328246473,0.17656294072911694,-0.10558609306286465,1.6892639845582023,0.832398989611969,-0.09975180258372929,-0.4715226829188494,0.7027048386049454,0.4113972519670857,0.29130758663785983,1.5708001277797616,-0.45770693515588207,1.5188426150978236,0.9518565063626809,129,1629,1629,True,left,right,True,15,1214.0,very_high
399581__623641,D. O'Shea + E. Agbadou,399581,D. O'Shea,623641,E. Agbadou,1.0,1.0,0.42159763313609466,0.601413543721236,2.838159360129594,4.740039991900375,0.17656294072911694,0.53680623164123,0.5366154629702147,0.5223835273013924,0.6758931369932395,0.5747451786898851,0.5224875231548627,0.7040718991128239,-0.1815843759579612,1.1679490776872157,0.8004867586978831,0.6312112883378329,0.9503628241205393,130,1634,1629,False,right,center,False,0,0.0,none
590781__620468,J. van Hecke + J. Greaves,590781,J. van Hecke,620468,J. Greaves,1.0,0.9954954954954955,0.44627756590946777,0.6280053059194164,3.2561570438596745,5.1772116735244555,0.17656294072911694,0.02173490822983895,0.9073503545010615,0.8817316049933583,1.2383424944777035,0.971716949713325,0.7966717991129267,0.2526787547750492,0.5439930443378777,1.7808503586363533,-1.1400298292380826,1.9931402259940434,0.9470442757455606,131,1651,1634,False,right,left,True,0,0.0,none
8360__136441,B. Davies + C. Dawson,136441,B. Davies,8360,C. Dawson,1.0,1.0,0.43140589569161,0.6074263038548753,2.8283851554663992,4.891541290538282,0.17656294072911694,0.53680623164123,0.6839523778644141,0.6036370290265994,0.6627411618825699,0.7123152486660926,0.6020903544438942,0.5681908143310546,0.033899540112839716,1.3458902710461218,0.2163407602189011,1.035680574022947,0.9449834783933206,132,1624,1629,False,left,left,False,0,0.0,none
240032__393247,I. Konaté + J. Bednarek,393247,I. Konaté,240032,J. Bednarek,1.0,1.0,0.4828125,0.6083333333333334,2.6609933081968604,4.37133336894436,0.17656294072911694,0.53680623164123,1.4561676852254553,0.6158941820901958,0.43750202633346913,0.23994279496920456,0.7937940269309239,0.25489054841093844,0.5389034785199855,1.7744174942772788,-1.1305214388396616,1.9835869698237136,0.9447697094514838,133,1612,1619,False,right,center,False,0,0.0,none
62126__415917,Gabriel Magalhaes + M. Doherty,415917,Gabriel Magalhaes,62126,M. Doherty,1.0,1.0,0.44247104247104246,0.6616473616473617,2.6484745810173194,4.002702210772441,0.17656294072911694,0.53680623164123,0.8501698480947892,1.3363539036340402,0.42065707639062966,-0.09479106329511372,0.689786599926102,0.4243154906459291,0.2654711092801729,1.5419231799453033,-0.4021720721264752,1.470346830669766,0.9443793344686624,134,1609,1629,False,left,right,True,0,0.0,none
62126__627012,Murillo + M. Doherty,627012,Murillo,62126,M. Doherty,1.0,1.0,0.4861685214626391,0.6437201907790143,2.088378001668514,3.2042519354138976,0.17656294072911694,0.53680623164123,1.5065808797974047,1.0940948783770807,-0.3329977246905359,-0.8198202296531175,0.6855275191726504,0.4285745713993808,0.2569529477732696,1.5324025900415423,-0.3838624966375587,1.4543580053185707,0.9419141470932177,135,1642,1629,False,left,right,True,0,0.0,none
62126__625787,M. Doherty + M. van de Ven,62126,M. Doherty,625787,M. van de Ven,1.0,1.0,0.47414806110458285,0.6095769682726204,2.4553884381063913,4.030256688788849,0.17656294072911694,0.53680623164123,1.3260129622136585,0.6327000568363965,0.16084420840944402,-0.06977034398144663,0.6791310622423664,0.43871652297759484,0.24041453926477158,1.51810418933126,-0.34026275322444044,1.4233149539494705,0.941636259488192,136,1629,1624,False,right,left,True,0,0.0,none
8360__620468,J. Greaves + C. Dawson,620468,J. Greaves,8360,C. Dawson,1.0,0.9954954954954955,0.43843843843843844,0.6715465465465466,2.8835314176549147,4.330725111412243,0.17656294072911694,0.02173490822983895,0.7895932236630049,1.4701266501608896,0.7369448738716284,0.20306865012337677,0.7210613393032071,0.36963162335991606,0.3514297159432911,1.6118335632398941,-0.6372552870403287,1.631693518949255,0.9410788992976995,137,1634,1629,False,left,left,False,0,0.0,none
62126__234399,M. Doherty + A. Webster,62126,M. Doherty,234399,A. Webster,1.0,0.986842105263158,0.4541251778093883,0.6799431009957326,2.6531628179539624,3.902707607641787,0.17656294072911694,-0.9677442130604601,1.025234936003331,1.5835935831931576,0.42696547463154566,-0.18559071104470165,0.6419185670969247,0.4952506835080194,0.14666788358890523,1.4349207687566856,-0.0972252200442031,1.2473498817158306,0.937762794708248,138,1629,1651,False,right,left,True,0,0.0,none
62126__590703,I. Zabarnyi + M. Doherty,590703,I. Zabarnyi,62126,M. Doherty,1.0,1.0,0.4659766149127851,0.617979681809469,2.4954914102041936,4.041080817269087,0.17656294072911694,0.53680623164123,1.2032638345971236,0.746250220769099,0.21480596888702486,-0.05994154300188015,0.6679560445327135,0.4518573008831611,0.2160987436495524,1.4931239724864285,-0.2837712051714811,1.3776735313194792,0.9369653309556658,139,1659,1629,False,right,right,False,0,0.0,none
62126__412968,M. Doherty + M. Senesi,62126,M. Doherty,412968,M. Senesi,1.0,1.0,0.43367983367983365,0.5916839916839917,2.665285270891906,4.5864580349888655,0.17656294072911694,0.53680623164123,0.7181108239652689,0.390903116363189,0.4432772058479442,0.4352857763655757,0.5108764874112658,0.7079823218781,-0.19710583446683408,1.1419942024284857,0.8172974709052941,0.6020770803173502,0.9366017585493012,140,1629,1659,False,right,left,True,0,0.0,none
8653__578325,W. Saliba + H. Maguire,578325,W. Saliba,8653,H. Maguire,1.0,1.0,0.47548804562404035,0.6073152007019083,2.302612004938584,3.792873700390742,0.17656294072911694,0.53680623164123,1.3461418264223193,0.6021356353187792,-0.044728717036452925,-0.2853248944618324,0.6276718865469512,0.5167462648250152,0.11092562172193578,1.4030742716231759,-0.004816789308836057,1.180260665083284,0.9361442320355939,141,1609,1611,False,right,center,False,0,0.0,none
366217__393247,I. Konaté + K. Danso,393247,I. Konaté,366217,K. Danso,1.0,1.0,0.4773246951219512,0.6051829268292683,2.67272987262501,4.414339494313223,0.17656294072911694,0.53680623164123,1.3737314498885063,0.5733211283472017,0.453294513657276,0.27899431287427784,0.7627007587034714,0.285983816638391,0.4767169420650803,1.704912764806886,-0.9968530313209063,1.8668611165081346,0.9267726963087981,142,1612,1624,False,right,right,False,0,0.0,none
8360__424806,E. Pinnock + C. Dawson,424806,E. Pinnock,8360,C. Dawson,1.0,1.0,0.4291187739463601,0.6661877394636015,2.861857305388315,4.342209345370835,0.17656294072911694,0.53680623164123,0.6495958891361366,1.3977103503449206,0.7077806201140232,0.21349685690121084,0.7057543272108912,0.3782750006805172,0.3274793265303739,1.5776168406138333,-0.6000978395318544,1.5867379738934466,0.9261266632260498,143,1669,1629,False,left,left,False,0,0.0,none
393247__415917,I. Konaté + Gabriel Magalhaes,393247,I. Konaté,415917,Gabriel Magalhaes,1.0,1.0,0.4435267857142857,0.6363095238095238,2.6930138887405315,4.2365177822385505,0.17656294072911694,0.53680623164123,0.8660289211466613,0.9939507468954902,0.48058828172214046,0.1175241103523241,0.6570778423110176,0.4527392839355307,0.20433855837548695,1.468807245887851,-0.27997960406971323,1.3555993374582402,0.9215296092146595,144,1612,1609,False,right,left,True,0,0.0,none
479155__623641,N. Collins + E. Agbadou,479155,N. Collins,623641,E. Agbadou,1.0,0.9976525821596245,0.4495305164319249,0.6036776212832551,2.723497705994256,4.5248144279906,0.17656294072911694,0.2683887814127616,0.9562152468884293,0.552979164912529,0.5216066990373498,0.3793105774426587,0.6059384042075122,0.5352481664239621,0.07069023778355012,1.3544920576403254,0.0747219618030978,1.1047377337315165,0.9206101641073954,145,1669,1629,False,right,center,False,0,0.0,none
62126__558243,M. Doherty + S. van den Berg,62126,M. Doherty,558243,S. van den Berg,1.0,1.0,0.4087175410704822,0.5731319554848966,2.7286514607681385,4.924663703921578,0.17656294072911694,0.53680623164123,0.34313440373475546,0.14019996642780186,0.5285414888077983,0.7423919065422169,0.3729943658051509,0.9151331499937403,-0.5421387841885893,0.83377766208502,1.707828537239508,-0.0455593338358669,0.9201255254471891,146,1629,1669,False,right,left,True,0,0.0,none
62126__604320,J. Branthwaite + M. Doherty,604320,J. Branthwaite,62126,M. Doherty,1.0,0.9954954954954955,0.4504504504504504,0.6531531531531531,2.6021304117166686,3.983034197459481,0.17656294072911694,0.02173490822983895,0.9700342326087456,1.2215673215654974,0.3582972852700298,-0.11265051395384097,0.6461347720171764,0.46796731855485485,0.1781674534623216,1.4443455156256912,-0.21451504362803006,1.3064754478295584,0.9191133342903484,147,1623,1629,False,left,right,True,0,0.0,none
62126__346131,T. Chalobah + M. Doherty,346131,T. Chalobah,62126,M. Doherty,1.0,1.0,0.4604604604604604,0.6217884551217885,2.4603748900106517,3.9519317602926876,0.17656294072911694,0.53680623164123,1.1204017400635298,0.7977201217837858,0.16755387877089367,-0.1408929415497441,0.634065338276687,0.48003675229534426,0.1540285859813426,1.4173659546204929,-0.1626291506449324,1.2611661242136312,0.9121274569594929,148,1628,1629,False,right,right,False,0,0.0,none
365443__393247,I. Konaté + M. de Ligt,393247,I. Konaté,365443,M. de Ligt,1.0,0.9946236559139785,0.48361895161290325,0.6189516129032258,2.5921682227785863,4.185143575050389,0.17656294072911694,-0.0779563156562349,1.4682819707050785,0.7593844225413473,0.34489236226337183,0.07087399354547631,0.7344574904563885,0.3142270848854739,0.4202304055709146,1.6417788187542144,-0.875436631407712,1.7608343211759272,0.9104252841899789,149,1612,1611,False,right,right,False,0,0.0,none
393247__777938,I. Konaté + Dean Huijsen,393247,I. Konaté,777938,Dean Huijsen,1.0,0.9960629921259843,0.4704109251968504,0.6038385826771653,2.7544563222759884,4.564639273150739,0.17656294072911694,0.08662578362025217,1.2698747754482556,0.5551543185203718,0.563263996467525,0.4154733482223741,0.7078428418382668,0.3567098971333147,0.35113294470495215,1.5822854281392367,-0.6928051428634022,1.6311364711056313,0.9095284654317239,150,1612,1659,False,right,left,True,0,0.0,none
424806__590781,J. van Hecke + E. Pinnock,590781,J. van Hecke,424806,E. Pinnock,1.0,1.0,0.43695790141738944,0.6226464988364714,3.2344829315930745,5.188695907483046,0.17656294072911694,0.53680623164123,0.7673530199741933,0.8093153051773894,1.2091782407200984,0.9821451564911591,0.781364787020611,0.2323556121692627,0.5490091748513481,1.746633636010293,-1.227398004497754,2.0025556420616635,0.905608545068153,151,1651,1669,False,right,left,True,0,0.0,none
192792__620468,D. Burn + J. Greaves,192792,D. Burn,620468,J. Greaves,1.0,0.9934293797930162,0.40629886084431543,0.6259772168863078,3.7281192351614885,5.976120757810898,0.17656294072911694,-0.2145168144919135,0.3068016811325617,0.8543250010231409,1.873405418477256,1.697162735446109,0.7251772875409443,0.3217733289865092,0.4034039585544352,1.6210342000685916,-0.8429957048266137,1.7292506135402368,0.9034685112943591,152,1613,1634,False,left,left,False,0,0.0,none
234399__578325,W. Saliba + A. Webster,578325,W. Saliba,234399,A. Webster,1.0,0.986842105263158,0.46540965816603364,0.6462289744981009,2.172199804319649,3.3342189713524406,0.17656294072911694,-0.9677442130604601,1.194747172500039,1.127997355395334,-0.22020877661884167,-0.7018042496620922,0.46143111276191057,0.7523528008473296,-0.290921688085419,1.0314658602990672,1.0080439444273304,0.4259821216264165,0.903342537803016,153,1609,1651,False,right,left,True,0,0.0,none
413002__578325,W. Saliba + K. Mavropanos,578325,W. Saliba,413002,K. Mavropanos,1.0,1.0,0.470288428124638,0.6299664079694196,2.149302469654028,3.3938057452530592,0.17656294072911694,0.53680623164123,1.2680346594642886,0.9082329796136035,-0.2510189740722357,-0.6476967487438559,0.5943731229870355,0.5330834812571416,0.06128964172989396,1.3286394603321874,0.06541608836091957,1.0870925542667655,0.9013630675277227,154,1609,1633,False,right,right,False,0,0.0,none
393247__568412,I. Konaté + J. Gvardiol,393247,I. Konaté,568412,J. Gvardiol,1.0,1.0,0.47402871621621623,0.6233108108108107,2.446715817167062,3.92385461920819,0.17656294072911694,0.53680623164123,1.3242201974338823,0.8182924925178718,0.14917450241609198,-0.16638826270179494,0.7042098339347022,0.3444747414071603,0.3597350925275419,1.574164338080324,-0.7454034663878197,1.6472829411002523,0.8929177173438665,155,1612,1625,False,right,left,True,0,0.0,none
475597__590781,J. van Hecke + S. Botman,590781,J. van Hecke,475597,S. Botman,1.0,1.0,0.4467280163599182,0.5703476482617587,3.22762948670713,5.708771257926273,0.17656294072911694,0.53680623164123,0.9141168923365268,0.10257419943719073,1.1999563817895502,1.4543972295534129,0.737225849666031,0.2855593086782909,0.4516665409877402,1.647967105444939,-0.998677969844272,1.81984081905564,0.888348325580316,156,1651,1613,False,right,right,False,0,0.0,none
192792__590874,D. Burn + Toti,192792,D. Burn,590874,Toti,1.0,0.9923159067694307,0.43165567833596435,0.5881697464945677,2.8800875974789015,4.85327422283944,0.17656294072911694,-0.3418378157846171,0.6877045413087537,0.34341332445146117,0.7323109380373298,0.6775670106744434,0.4704551086158498,0.7205792507416254,-0.2501241421257757,1.0516377632969072,0.871451039082725,0.5025602466804495,0.887766242709361,157,1613,1629,False,left,left,False,0,0.0,none
9097__62126,L. Dunk + M. Doherty,9097,L. Dunk,62126,M. Doherty,1.0,1.0,0.45240893066980026,0.6204465334900118,2.4678311587656836,3.9743691825279215,0.17656294072911694,0.53680623164123,0.9994539623281601,0.779586048712644,0.17758688549254614,-0.12051874162711378,0.5916491724555901,0.522452918116441,0.06919625433914896,1.3225504431406243,0.01971582823868414,1.1019334853792462,0.8875766671177666,158,1651,1629,False,left,right,True,0,0.0,none
496001__623641,M. Kilman + E. Agbadou,496001,M. Kilman,623641,E. Agbadou,1.0,1.0,0.4650259067357513,0.6060736902705814,2.6111193055290736,4.315494285292859,0.17656294072911694,0.53680623164123,1.1889825682692676,0.5853584701348058,0.3703925617418206,0.1892383672553265,0.6790352311450453,0.37877265626030393,0.3002625748847413,1.5178899720786563,-0.5979584430439618,1.5356513763528616,0.886687728396712,159,1633,1629,False,left,center,False,0,0.0,none
590781__623641,J. van Hecke + E. Agbadou,590781,J. van Hecke,623641,E. Agbadou,1.0,1.0,0.48006134969325154,0.6092365371506476,2.553455856086467,4.19354403502706,0.17656294072911694,0.53680623164123,1.414840692160958,0.628099637038877,0.2928017727213839,0.07850199328681784,0.7439215521380348,0.26846182376748173,0.47545972837055306,1.6629344284528167,-1.0721792037411324,1.864501291541839,0.8827137114124364,160,1651,1629,False,right,center,False,0,0.0,none
8360__590781,J. van Hecke + C. Dawson,590781,J. van Hecke,8360,C. Dawson,1.0,1.0,0.45228357191547375,0.6509032038173143,2.6293959371375584,4.096235809855442,0.17656294072911694,0.53680623164123,0.9975708589739316,1.1911626058978255,0.3949852331974125,-0.009858301090027777,0.7169811939280849,0.31096847787673215,0.4060127160513528,1.6027129587919076,-0.8894452202251266,1.7341473237009954,0.8813523780686148,161,1651,1629,False,right,left,True,0,0.0,none
475597__620468,J. Greaves + S. Botman,620468,J. Greaves,475597,S. Botman,1.0,0.9954954954954955,0.4328828828828829,0.590990990990991,3.481764967224487,5.943260559483074,0.17656294072911694,0.02173490822983895,0.7061392570256,0.3815382437002548,1.541916022463766,1.6673241807668175,0.7413059950411532,0.26373284658201734,0.4775731484591359,1.6570877098929255,-1.092508840527768,1.868468239651789,0.8744848507184901,162,1634,1613,False,left,right,True,0,0.0,none
8360__399581,D. O'Shea + C. Dawson,399581,D. O'Shea,8360,C. Dawson,1.0,1.0,0.3938198553583169,0.6430802103879028,2.914099441180685,4.642731766728758,0.17656294072911694,0.53680623164123,0.1193456297831883,1.085446496160341,0.7780765974692682,0.48638488431303945,0.495547164944913,0.6641485616354348,-0.16860139669052174,1.107727608026307,0.6288583243885942,0.6555807004318682,0.8736374414161054,163,1634,1629,False,right,left,True,0,0.0,none
393247__590874,I. Konaté + Toti,393247,I. Konaté,590874,Toti,1.0,0.9943820224719101,0.4993855337078652,0.5990168539325842,2.3062595914705617,3.8216358997125823,0.17656294072911694,-0.10558609306286465,1.7051230576100744,0.4899958328734191,-0.03982059725221848,-0.25920750927141156,0.6699960809898611,0.37868849435200125,0.29130758663785983,1.4976841937223098,-0.598320250885269,1.5188426150978236,0.8731145446151389,164,1612,1629,False,right,left,True,0,0.0,none
424806__590874,Toti + E. Pinnock,590874,Toti,424806,E. Pinnock,1.0,0.9943820224719101,0.4484695854320031,0.6054823711739636,2.6405867744278444,4.300338674068389,0.17656294072911694,-0.10558609306286465,0.9402782448394584,0.5773676728687736,0.4100434009543882,0.17547638293289797,0.5307227534706384,0.6040453031249208,-0.07332254965428239,1.1863578036865945,0.370477417208973,0.8344217383355366,0.8712064746730965,165,1629,1669,False,left,left,False,0,0.0,none
62126__397074,M. Guéhi + M. Doherty,397074,M. Guéhi,62126,M. Doherty,1.0,0.9967741935483871,0.43417611159546643,0.599128160418483,2.5822917488338764,4.354092226132002,0.17656294072911694,0.1679487032627498,0.7255657688758064,0.49149997432310066,0.3316027756445106,0.22428705310764602,0.4588683000277802,0.7177907646099996,-0.2589224645822194,1.0257370445159857,0.859463476441321,0.4860455514582975,0.8679166754820486,166,1628,1629,False,left,right,True,0,0.0,none
578325__777938,W. Saliba + Dean Huijsen,578325,W. Saliba,777938,Dean Huijsen,1.0,0.9960629921259843,0.48063966231025246,0.5954622940173715,2.228954000918463,3.7623350653952827,0.17656294072911694,0.08662578362025217,1.4235279388930915,0.4419612474610981,-0.1438414601143731,-0.31305536404245426,0.5600641451183371,0.5490740894141287,0.010990055704208329,1.2519464537390703,0.1341589143631642,0.9926788365237602,0.8647566684832365,167,1609,1659,False,right,left,True,0,0.0,none
393247__627012,Murillo + I. Konaté,627012,Murillo,393247,I. Konaté,1.0,1.0,0.4872242647058823,0.6183823529411765,2.132917309391726,3.438067506880007,0.17656294072911694,0.53680623164123,1.522439952849277,0.7516917216385308,-0.2730665193590251,-0.6075050560056797,0.652818761557566,0.3958658137842964,0.2569529477732696,1.4592866559840902,-0.5244758123669454,1.4543580053185707,0.8631721853456757,168,1642,1612,False,left,right,True,0,0.0,none
393247__625787,I. Konaté + M. van de Ven,393247,I. Konaté,625787,M. van de Ven,1.0,1.0,0.47520380434782605,0.5842391304347826,2.4999277458296034,4.264072260254958,0.17656294072911694,0.53680623164123,1.3418720352655307,0.2902969000978466,0.22077541374095483,0.1425448296659912,0.6464223046272821,0.40226227071458037,0.24416003391270166,1.444988255273808,-0.4969777634201811,1.4303453512636157,0.8594698688635729,169,1612,1624,False,right,left,True,0,0.0,none
62126__545267,M. Doherty + R. Drăgușin,62126,M. Doherty,545267,R. Drăgușin,1.0,1.0,0.4604604604604604,0.597097097097097,2.3490807973629675,3.9227327134831436,0.17656294072911694,0.53680623164123,1.1204017400635298,0.46405317727477896,0.01779876447717882,-0.16740700412836315,0.5422172759729664,0.5718848145990648,-0.029667538626098416,1.212052229601278,0.23222108291726676,0.9163634045587541,0.8589651205875698,170,1629,1624,False,right,right,False,0,0.0,none
62126__769441,M. Doherty + L. Yoro,62126,M. Doherty,769441,L. Yoro,1.0,1.0,0.47897897897897895,0.6017267267267268,2.056000244967426,3.333774538105523,0.17656294072911694,0.53680623164123,1.3985816288548805,0.526615729370218,-0.3765645892023375,-0.7022078152646839,0.5394581633034674,0.5746439272685637,-0.03518576396509629,1.205884612280737,0.24408237051170234,0.9060055425808762,0.8573681258100544,171,1629,1611,False,right,right,False,0,0.0,none
415917__578325,W. Saliba + Gabriel Magalhaes,578325,W. Saliba,415917,Gabriel Magalhaes,1.0,1.0,0.4537555228276878,0.62793323514973,2.167511567383006,3.434213574483094,0.17656294072911694,0.53680623164123,1.0196820845914971,0.8807576758362166,-0.22651717485975764,-0.6110046019125042,0.5092991455910879,0.621856306272148,-0.11255716068106017,1.1384682714876846,0.4470460303758386,0.7607772854895989,0.8555034019545137,172,1609,1609,True,right,left,True,26,2155.0,very_high
393247__604320,I. Konaté + J. Branthwaite,393247,I. Konaté,604320,J. Branthwaite,1.0,0.9954954954954955,0.4515061936936937,0.6278153153153153,2.6466697194398803,4.216849768925591,0.17656294072911694,0.02173490822983895,0.9858933056606176,0.8791641648269475,0.4182284906015406,0.09966465969359685,0.613426014402092,0.4504764790170393,0.16294953538505275,1.371229581568239,-0.28970728942487645,1.2779109936161628,0.854284802679889,173,1612,1623,False,right,left,True,0,0.0,none
393247__590703,I. Zabarnyi + I. Konaté,590703,I. Zabarnyi,393247,I. Konaté,1.0,1.0,0.4670323581560284,0.5926418439716312,2.5400307179274053,4.274896388735197,0.17656294072911694,0.53680623164123,1.2191229076489958,0.40384706403054904,0.27473717421853566,0.15237363064555767,0.6352472869176292,0.41343728842423333,0.22180999849339578,1.4200080384289764,-0.4489369202924601,1.388393715030527,0.8530016861328555,174,1659,1612,False,right,right,False,0,0.0,none
136441__590781,J. van Hecke + B. Davies,590781,J. van Hecke,136441,B. Davies,1.0,1.0,0.4392450231626393,0.5638850632277451,3.201010781671159,5.738027852650495,0.17656294072911694,0.53680623164123,0.8017095087024708,0.01524198385906822,1.164138782488645,1.480963548256041,0.677700814253614,0.339652328040962,0.33804848621265193,1.5149070664425812,-0.7661347806498487,1.6065765796925835,0.8489284149648527,175,1651,1624,False,right,left,True,0,0.0,none
240032__578325,W. Saliba + J. Bednarek,578325,W. Saliba,240032,J. Bednarek,1.0,1.0,0.4930412371134021,0.5999570446735395,2.135490986839335,3.5690291611889045,0.17656294072911694,0.53680623164123,1.6098208486702912,0.5027011110309221,-0.26960343024842903,-0.4885859172956238,0.6460153302109942,0.390288202630621,0.2557271275803733,1.4440785198771124,-0.548453684207783,1.4520571068253567,0.8479145760412927,176,1609,1619,False,right,center,False,0,0.0,none
62126__283145,M. Doherty + T. Adarabioyo,62126,M. Doherty,283145,T. Adarabioyo,1.0,0.9859154929577465,0.4468976018271793,0.6195279786829082,2.617763553978263,4.246921638835198,0.17656294072911694,-1.0736984697295928,0.9166643567233855,0.7671731479907081,0.37933293011387775,0.1269712853461437,0.454150669602975,0.7030452414825044,-0.24889457187952935,1.0151914298183364,0.796073208809595,0.504868184127788,0.8473913143776043,177,1629,1610,False,right,right,False,0,0.0,none
8360__479155,N. Collins + C. Dawson,479155,N. Collins,8360,C. Dawson,1.0,0.9976525821596245,0.4217527386541471,0.6453442879499217,2.799437787045347,4.427506202818984,0.17656294072911694,0.2683887814127616,0.538945413701403,1.1160421337714777,0.6237901595133784,0.2909502830658131,0.5789980459975624,0.4953248289465729,0.08367321705098957,1.2942705879794165,-0.09690647250619155,1.1291071458255517,0.8438847814029612,178,1669,1629,False,right,left,True,0,0.0,none
192792__240032,D. Burn + J. Bednarek,192792,D. Burn,240032,J. Bednarek,1.0,0.9979338842975207,0.4150826446280992,0.5974862258953169,3.2348213142052002,5.402971692071218,0.17656294072911694,0.30055450891947755,0.4387491689241347,0.4693116736682378,1.2096335616230174,1.1767173149150594,0.5942530545569127,0.46976288867567983,0.12449016588123286,1.3283710638518762,-0.2067959773374358,1.2057216906057293,0.8432910768458532,179,1613,1619,False,left,center,False,0,0.0,none
62126__534563,C. Richards + M. Doherty,534563,C. Richards,62126,M. Doherty,1.0,1.0,0.40579521829521825,0.6070686070686071,2.663016874194692,4.434722917733378,0.17656294072911694,0.53680623164123,0.29923610680444634,0.5988032894803395,0.44022489643445006,0.2975033884497106,0.3916142858247974,0.7996880458813953,-0.408073760056598,0.8753999352490628,1.2115357992213935,0.20608443399044046,0.8423775941890376,180,1628,1629,False,right,right,False,0,0.0,none
366217__578325,W. Saliba + K. Danso,578325,W. Saliba,366217,K. Danso,1.0,1.0,0.4875534322353533,0.5968066381694744,2.147227551267485,3.612035286557768,0.17656294072911694,0.53680623164123,1.527384613333342,0.46012805728792805,-0.25381094292462203,-0.4495343993905505,0.6149220619835416,0.43392952063623036,0.18099254134731127,1.3745737904067195,-0.3608418372589002,1.3117782161274203,0.8413899872511736,181,1609,1624,False,right,right,False,0,0.0,none
136441__620468,J. Greaves + B. Davies,620468,J. Greaves,136441,B. Davies,1.0,0.9954954954954955,0.425399889685604,0.5845284059569774,3.4551462621885154,5.972517154207296,0.17656294072911694,0.02173490822983895,0.593731873391544,0.29420602812213226,1.506098423162861,1.6938904994694455,0.6817809596287361,0.3238345692501343,0.35794639037860176,1.5240276708905678,-0.8341345358579219,1.6439254975672162,0.8405585742013506,182,1634,1624,False,left,left,False,0,0.0,none
62126__239411,M. Doherty + T. Mings,62126,M. Doherty,239411,T. Mings,1.0,0.9918032786885246,0.4042977403633141,0.6247230837394772,2.753362319987424,4.442649412977481,0.17656294072911694,-0.4004547011237593,0.2767414215979578,0.8373772586311677,0.5617919287785411,0.30470100665629457,0.35668466322846515,0.8538798045844643,-0.4971951413559992,0.7973195626326683,1.4445034639098013,0.038801130017091075,0.8397710464926927,183,1629,1614,False,right,left,True,0,0.0,none
346131__393247,I. Konaté + T. Chalobah,393247,I. Konaté,346131,T. Chalobah,1.0,1.0,0.4615162037037037,0.5964506172839505,2.5049141977338634,4.185747331758797,0.17656294072911694,0.53680623164123,1.1362608131154017,0.4553169650452359,0.22748508410240448,0.07142223209769372,0.6013565806616026,0.4473279946802599,0.1540285859813426,1.3442500205630408,-0.30324246637431884,1.2611661242136312,0.8333854952119509,184,1612,1628,False,right,right,False,0,0.0,none
424806__475597,E. Pinnock + S. Botman,424806,E. Pinnock,475597,S. Botman,1.0,1.0,0.4235632183908046,0.5856321839080461,3.460090854957887,5.954744793441665,0.17656294072911694,0.53680623164123,0.5661419224987316,0.3091219438842857,1.512751768706161,1.6777523875446516,0.7259989829488372,0.24132406262066408,0.48467492032817316,1.6228709872668647,-1.18884308383196,1.881798462377203,0.8311422609592851,185,1669,1613,False,left,right,True,0,0.0,none
192792__627012,D. Burn + Murillo,192792,D. Burn,627012,Murillo,1.0,0.9979338842975207,0.4194944093339815,0.60753524550316,2.706745315400066,4.469705830006864,0.17656294072911694,0.30055450891947755,0.5050214365479563,0.6051092132165728,0.4990650159305232,0.3292694639401752,0.4532777891835547,0.6799906855563982,-0.22671289637284361,1.0132402255586876,0.6969628240744882,0.5465038041363844,0.8250097208289672,186,1613,1642,False,left,left,False,0,0.0,none
240032__620468,J. Bednarek + J. Greaves,240032,J. Bednarek,620468,J. Greaves,1.0,0.9954954954954955,0.4412162162162162,0.6201576576576577,3.016994603420743,4.838551909341576,0.17656294072911694,0.02173490822983895,0.8313202069817078,0.7756823219015192,0.916530278297681,0.6641984803956801,0.6698277115040173,0.32630173912041105,0.34352597238360627,1.4973078268676248,-0.8235282957796604,1.6168579731223744,0.8249670193243892,187,1619,1634,False,center,left,False,0,0.0,none
192792__424806,D. Burn + E. Pinnock,192792,D. Burn,424806,E. Pinnock,1.0,0.9979338842975207,0.3969791963522371,0.6206184098033628,3.7064451228948885,5.987604991769489,0.17656294072911694,0.30055450891947755,0.1668043466056934,0.7819087012071719,1.8442411647196506,1.707590942223943,0.7098702754486285,0.25736603152798015,0.45250424392064825,1.5868174774425308,-1.1198794605286657,1.8214132106896326,0.8217275427005922,188,1613,1669,False,left,left,False,0,0.0,none
393247__412968,I. Konaté + M. Senesi,393247,I. Konaté,412968,M. Senesi,1.0,1.0,0.43473557692307696,0.5663461538461538,2.7098245786151183,4.8202736064549745,0.17656294072911694,0.53680623164123,0.733969897017141,0.048499959624639044,0.503208411179455,0.6476009500130135,0.4781677297961815,0.632810529533528,-0.15464279973734654,1.0688782683710338,0.4941376891954406,0.6817813739752345,0.819036715739196,189,1612,1659,False,right,left,True,0,0.0,none
590874__620468,Toti + J. Greaves,590874,Toti,620468,J. Greaves,1.0,0.9898775179674055,0.45778924992408143,0.6108411782569085,2.662260886694445,4.288854440109798,0.17656294072911694,-0.6206574164742557,1.0802755793663268,0.6497839726847426,0.4392076547119934,0.1650481761550639,0.5460297655629545,0.521354181048429,0.024675584514525423,1.2205745263126557,0.014992412446923762,1.018366953590991,0.8184583776086032,190,1629,1634,False,left,left,False,0,0.0,none
7919__8360,M. Keane + C. Dawson,7919,M. Keane,8360,C. Dawson,1.0,1.0,0.3996415770609319,0.6698028673835126,2.8345462929071576,4.26942438690479,0.17656294072911694,0.53680623164123,0.2067978681568009,1.4465634221702794,0.6710314657043628,0.14740480409762097,0.5484240557913874,0.5113621152164048,0.03706194057498252,1.2259266331861913,-0.027962979627621874,1.0416164873815708,0.8128977201811233,191,1623,1629,False,left,left,False,0,0.0,none
7919__590781,J. van Hecke + M. Keane,590781,J. van Hecke,7919,M. Keane,1.0,1.0,0.4074807045319612,0.6262616267563823,3.207171919111917,5.115910949017003,0.17656294072911694,0.53680623164123,0.32455499899485757,0.8581683770027482,1.172429086310438,0.9160531036875692,0.6240345156011071,0.38498395543529396,0.23905056016581316,1.394943428582651,-0.571256378041659,1.4207547273585266,0.810245746350533,192,1651,1623,False,right,left,True,0,0.0,none
8360__496001,M. Kilman + C. Dawson,496001,M. Kilman,8360,C. Dawson,1.0,1.0,0.4372481289579735,0.6477403569372482,2.687059386580165,4.2181860601212415,0.17656294072911694,0.53680623164123,0.7717127350822413,1.1484214389937544,0.4725760222178492,0.10087807287848088,0.6520948729350956,0.3388493187829148,0.3132455541521807,1.4576685024177476,-0.7695868773532509,1.560020788446897,0.809962345692278,193,1633,1629,False,left,left,False,0,0.0,none
424806__620468,E. Pinnock + J. Greaves,424806,E. Pinnock,620468,J. Greaves,1.0,0.9954954954954955,0.42311276794035413,0.6432898415657037,3.4886184121104313,5.423185209039847,0.17656294072911694,0.02173490822983895,0.5593753846632665,1.0882793494404535,1.5511378813943142,1.1950721077045636,0.785444932395733,0.120406918130161,0.665038014265572,1.755754240458279,-1.7086598501984651,2.220344991041771,0.8093481633779542,194,1669,1634,False,left,left,False,0,0.0,none
9097__393247,I. Konaté + L. Dunk,393247,I. Konaté,9097,L. Dunk,1.0,1.0,0.45346467391304346,0.5951086956521738,2.5123704664888953,4.208184753994031,0.17656294072911694,0.53680623164123,1.0153130353800321,0.4371828919740941,0.23751809082405695,0.09179643202032405,0.5589404148405057,0.4897441605013567,0.06919625433914896,1.249434509083172,-0.12089748749070206,1.1019334853792462,0.8088347053702246,195,1612,1651,False,right,left,True,0,0.0,none
192792__475597,D. Burn + S. Botman,192792,D. Burn,475597,S. Botman,1.0,0.9979338842975207,0.4067493112947659,0.5683195592286501,3.699591678008944,6.507680342212716,0.17656294072911694,0.30055450891947755,0.3135682189680269,0.0751675954669733,1.8350193057891024,2.179843015286197,0.6657313380940486,0.3106579401692685,0.3550733979247801,1.488150946877177,-0.8907802063233246,1.6385328110652957,0.8045479737546504,196,1613,1613,True,left,right,True,7,411.0,medium
9433__590781,J. van Hecke + J. Tarkowski,590781,J. van Hecke,9433,J. Tarkowski,1.0,0.9970588235294118,0.3947672320461927,0.6330927463009743,3.2258567775643825,5.089431001178899,0.17656294072911694,0.20049495576673537,0.13357685143373654,0.9504807878365493,1.1975710596761648,0.8920081066492219,0.5433903148350498,0.5052867131369203,0.03810360169812951,1.2146743968231648,-0.054080829802143925,1.0435717141942613,0.7998272923097914,197,1651,1623,False,right,right,False,0,0.0,none
192792__365443,D. Burn + M. de Ligt,192792,D. Burn,365443,M. de Ligt,1.0,0.9925575402114992,0.4158890962410024,0.6081045054652092,3.165996228786926,5.2167818981772465,0.17656294072911694,-0.31420803837798733,0.45086345440375786,0.6128019141193893,1.11702389755292,1.007648513491331,0.5349165180823772,0.516268104973413,0.0186484131089642,1.1957323883288118,-0.006872374634750219,1.0070537857334505,0.7972152389206709,198,1613,1611,False,left,right,True,0,0.0,none
62126__424241,N. Milenković + M. Doherty,424241,N. Milenković,62126,M. Doherty,0.9967741935483871,0.9935483870967742,0.45353095030514384,0.6571926765475152,2.6924434970792586,4.099410970271897,-2.5466959756012724,-0.20090882511573044,1.0163086203867664,1.27615546641041,0.4798207740638818,-0.006975111014400563,0.4074542353538921,0.7229523964594784,-0.3154981611055861,0.910807966299088,0.8816530740246578,0.3798514002789339,0.795870185412728,199,1642,1629,False,right,right,False,0,0.0,none
393247__558243,I. Konaté + S. van den Berg,393247,I. Konaté,558243,S. van den Berg,1.0,1.0,0.4097732843137255,0.5477941176470589,2.77319076849135,5.158479275387688,0.17656294072911694,0.53680623164123,0.3589934767866275,-0.20220319031074807,0.588472694139309,0.9547070801896547,0.3402856081900665,0.8321138771749711,-0.4918282689849046,0.7606617280275678,1.3509328288220739,0.0488748982773011,0.7953856923158663,200,1612,1669,False,right,left,True,0,0.0,none
145787__192792,D. Burn + J. Andersen,192792,D. Burn,145787,J. Andersen,1.0,0.9942842492610243,0.4090607468178802,0.6118718706641733,3.4039494039494036,5.576667576667576,0.17656294072911694,-0.11676605238464083,0.3482899423135167,0.6637122461282984,1.4372089504632797,1.334441078429529,0.609649068282283,0.3900982291139021,0.21955083916838103,1.3627867374014173,-0.5492703708701433,1.384153210332546,0.7934428995061749,201,1613,1616,False,left,right,True,0,0.0,none
145787__623641,J. Andersen + E. Agbadou,145787,J. Andersen,623641,E. Agbadou,1.0,0.9963503649635037,0.46897810218978103,0.6157745336577454,2.4834215053917394,4.0285801554405385,0.17656294072911694,0.11948567033711163,1.2483513180309862,0.7164509264070984,0.19856494538162367,-0.07129271251635744,0.6324734782544954,0.34688759351231335,0.28558588474218205,1.4138075702336284,-0.7350307356695568,1.5081028219807933,0.7880151288121058,202,1616,1629,False,right,center,False,0,0.0,none
620468__627012,Murillo + J. Greaves,627012,Murillo,620468,J. Greaves,1.0,0.9954954954954955,0.44562798092209854,0.6302066772655008,2.4889186046156087,3.905286047277223,0.17656294072911694,0.02173490822983895,0.8975924746055293,0.9114798614498543,0.2059617326051868,-0.1832493705792042,0.5288524461306593,0.5136675918304441,0.015184854300215198,1.182176988574436,-0.018051850784039227,1.0005525898073342,0.7857834570134731,203,1642,1634,False,left,left,False,0,0.0,none
240032__424806,J. Bednarek + E. Pinnock,240032,J. Bednarek,424806,E. Pinnock,1.0,1.0,0.43189655172413793,0.6147988505747126,2.995320491154143,4.8500361433001675,0.17656294072911694,0.53680623164123,0.6913228724548395,0.7032660220855502,0.8873660245400757,0.6746266871735142,0.6545206994117013,0.3059785965146246,0.34854210289707666,1.463091104241564,-0.9108964710393315,1.6262733891899943,0.7835312886469814,204,1619,1669,False,center,left,False,0,0.0,none
192792__496001,M. Kilman + D. Burn,496001,M. Kilman,192792,D. Burn,1.0,0.9979338842975207,0.4051085513638505,0.6021710272770093,3.531647204086738,5.863581706519897,0.17656294072911694,0.30055450891947755,0.28892119255179805,0.5326197898560058,1.6090365668234767,1.594972158201213,0.6562108211728327,0.3029255385991242,0.35328528257370856,1.4668691392464446,-0.9240214145686566,1.63517646896813,0.7832634390462514,205,1633,1613,False,left,left,False,0,0.0,none
8360__623641,E. Agbadou + C. Dawson,623641,E. Agbadou,8360,C. Dawson,1.0,1.0,0.4722222222222222,0.6527777777777778,2.1808302298817077,3.347057472914847,0.17656294072911694,0.53680623164123,1.2970835613229013,1.2164946822064082,-0.2085958478846913,-0.6901463063031303,0.668311092328315,0.2828205838963378,0.3854905084319773,1.4939176330563568,-1.0104516109281836,1.695626570932779,0.7829486474362791,206,1629,1629,True,center,left,False,0,0.0,none
393247__545267,I. Konaté + R. Drăgușin,393247,I. Konaté,545267,R. Drăgușin,1.0,1.0,0.4615162037037037,0.5717592592592593,2.3936201050861796,4.1565482849492525,0.17656294072911694,0.53680623164123,1.1362608131154017,0.12165002053622903,0.07772996980868963,0.04490816951907467,0.509508518357882,0.5391760569839805,-0.029667538626098416,1.1389362955438256,0.09160776718788055,0.9163634045587541,0.7802231588400278,207,1612,1624,False,right,right,False,0,0.0,none
393247__769441,I. Konaté + L. Yoro,393247,I. Konaté,769441,L. Yoro,1.0,1.0,0.4800347222222222,0.5763888888888888,2.1005395526906376,3.5675901095716323,0.17656294072911694,0.53680623164123,1.4144407019067524,0.18421257263166807,-0.3166333838708267,-0.4898926416172461,0.506749405688383,0.5419351696534794,-0.03518576396509629,1.1327686782232846,0.10346905478231613,0.9060055425808762,0.7786261640625124,208,1612,1611,False,right,right,False,0,0.0,none
399581__590781,J. van Hecke + D. O'Shea,590781,J. van Hecke,399581,D. O'Shea,1.0,1.0,0.4016589828293462,0.5995389697607725,3.2867250673854445,5.48921832884097,0.17656294072911694,0.53680623164123,0.23710276062124497,0.49705145099280973,1.2794742180753433,1.2550331839029876,0.5711576247546326,0.43561007534534213,0.13554754940929048,1.2767444034227662,-0.3536172164801561,1.2264767061015045,0.7775823779876372,209,1651,1634,False,right,right,False,0,0.0,none
496001__620468,M. Kilman + J. Greaves,496001,M. Kilman,620468,J. Greaves,1.0,0.9954954954954955,0.4312421229519675,0.6248424590393502,3.313820493302281,5.299161923790255,0.17656294072911694,0.02173490822983895,0.6814922306093711,0.8389904380892872,1.3159332834981403,1.0824533236818337,0.7317854781199373,0.1719807310503899,0.5598047470695474,1.6358059022621931,-1.4869466037076826,2.0228192304689876,0.7763828161125893,210,1633,1634,False,left,left,False,0,0.0,none
7919__590874,Toti + M. Keane,590874,Toti,7919,M. Keane,1.0,0.9943820224719101,0.41899238854657483,0.6090974990938746,2.6132757619466873,4.227553715602346,0.17656294072911694,-0.10558609306286465,0.49748022386012275,0.6262207446941325,0.37329424654472776,0.1093843301293081,0.3733924820511346,0.756673646390952,-0.3832811643398173,0.8346675962589528,1.026619043665068,0.25262082363240007,0.7758436759554768,211,1629,1623,False,left,left,False,0,0.0,none
192792__366217,D. Burn + K. Danso,192792,D. Burn,366217,K. Danso,1.0,0.9979338842975207,0.4095948397500504,0.5943358193912518,3.24655787863335,5.445977817440081,0.17656294072911694,0.30055450891947755,0.3563129335871855,0.42673861992524376,1.2254260489468243,1.2157688328201328,0.56315978632946,0.4431507921672681,0.120008994162192,1.258866334381483,-0.3212000513959531,1.1973104070292917,0.7725352331778139,212,1613,1624,False,left,right,True,0,0.0,none
234399__475597,A. Webster + S. Botman,234399,A. Webster,475597,S. Botman,1.0,0.986842105263158,0.41403508771929826,0.6087719298245614,3.0251758637485127,5.13530130390693,0.17656294072911694,-0.9677442130604601,0.4230130686469206,0.6218211607097636,0.927538819239115,0.9336604278692997,0.4257975446080378,0.6638386300124901,-0.23804108540445235,0.9518119140981647,0.6275259438174795,0.5252404792011942,0.7692118360345651,213,1651,1613,False,left,right,True,0,0.0,none
475597__590874,Toti + S. Botman,590874,Toti,475597,S. Botman,1.0,0.9943820224719101,0.4582397003745319,0.5531835205992509,2.6337333295419,4.820414024511615,0.17656294072911694,-0.10558609306286465,1.087042117201792,-0.129373432871425,0.40082154202384,0.6477284559951519,0.4865838161160586,0.5644699467105027,-0.0778861305944441,1.087691273121241,0.20034493611353585,0.8258557703659044,0.769120271467862,214,1629,1613,False,left,right,True,0,0.0,none
365443__578325,W. Saliba + M. de Ligt,578325,W. Saliba,365443,M. de Ligt,1.0,0.9946236559139785,0.49384768872630525,0.610575324243432,2.066665901421061,3.382839367294933,0.17656294072911694,-0.0779563156562349,1.6219351341499144,0.6461913514820736,-0.3622130943185263,-0.657654718719352,0.5866787937364589,0.40061132918611986,0.1860674645503389,1.3114398443540485,-0.5040750786139907,1.32130398770362,0.768758196133551,215,1609,1611,False,right,right,False,0,0.0,none
8360__9433,J. Tarkowski + C. Dawson,9433,J. Tarkowski,8360,C. Dawson,1.0,0.9970588235294118,0.38692810457516336,0.6766339869281046,2.8532311513596227,4.242944439066687,0.17656294072911694,0.20049495576673537,0.015819720595679876,1.5388758330040806,0.6961734390700898,0.12335980705927369,0.46777985502533015,0.5947399085845109,-0.1269600535591807,1.0456576014267054,0.3304739907292787,0.7337426561750909,0.7687195291671545,216,1623,1629,False,right,left,True,0,0.0,none
578325__604320,W. Saliba + J. Branthwaite,578325,W. Saliba,604320,J. Branthwaite,1.0,0.9954954954954955,0.4617349308070957,0.6194390266555214,2.1211673980823553,3.4145455611701347,0.17656294072911694,0.02173490822983895,1.1395464691054533,0.7659710937676738,-0.2888769659803575,-0.6288640525712315,0.4656473176821622,0.5973136738857313,-0.13166635620356895,1.0408906071680726,0.3415384792425003,0.7249087956090512,0.7678886064785966,217,1609,1623,False,right,left,True,0,0.0,none
413002__475597,K. Mavropanos + S. Botman,413002,K. Mavropanos,475597,S. Botman,1.0,1.0,0.4189138576779026,0.5925093632958802,3.0022785290828917,5.194888077807549,0.17656294072911694,0.53680623164123,0.4963005556111705,0.4020567849280331,0.8967286217857209,0.9877679287875359,0.5587395548331627,0.44299086947467303,0.11574868535848963,1.2489855141312851,-0.3218875510659434,1.1893136892693204,0.7657892295997235,218,1633,1613,False,right,right,False,0,0.0,none
15806__62126,M. Doherty + J. Vestergaard,62126,M. Doherty,15806,J. Vestergaard,1.0,1.0,0.43384009009009006,0.6086711711711712,2.1927145417629106,3.5520943126400537,0.17656294072911694,0.53680623164123,0.7205181499259633,0.6204595575133759,-0.19260455453091274,-0.5039635300345746,0.3683231450307026,0.7457789455413285,-0.3774558005106259,0.8233357897848979,0.9797832687214535,0.2635551930731095,0.7583139141235069,219,1629,1631,False,right,left,True,0,0.0,none
412968__578325,W. Saliba + M. Senesi,578325,W. Saliba,412968,M. Senesi,1.0,1.0,0.44496431403647896,0.55796986518636,2.184322257257593,4.017969398699519,0.17656294072911694,0.53680623164123,0.8876230604619768,-0.06469311143463463,-0.20389704540244308,-0.0809277622518148,0.33038903307625167,0.8071580462279211,-0.4767690131516694,0.7385392939708673,1.2436489577089618,0.0771415390590508,0.7577926421099322,220,1609,1659,False,right,left,True,0,0.0,none
558243__578325,W. Saliba + S. van den Berg,578325,W. Saliba,558243,S. van den Berg,1.0,1.0,0.4200020214271275,0.539417828987265,2.247688447133825,4.356175067632231,0.17656294072911694,0.53680623164123,0.5126466402314633,-0.31539626137002175,-0.11863276244258902,0.22617836792482637,0.1925069114701368,1.0320406787573204,-0.8395337672871835,0.4303227536274015,2.210408165809519,-0.603777963669486,0.7575282338226592,221,1609,1669,False,right,left,True,0,0.0,none
62126__349142,M. Doherty + N. Mazraoui,62126,M. Doherty,349142,N. Mazraoui,1.0,1.0,0.447933227344992,0.5731319554848966,2.1898724805871286,3.7797583710369316,0.17656294072911694,0.53680623164123,0.9322212270576159,0.14019996642780186,-0.19642877544042991,-0.29723421004649275,0.3664666026720468,0.7476354878999842,-0.38116888522793746,0.8191857443974281,0.987764451617934,0.25658563009744,0.7572393337035823,222,1629,1611,False,right,right,False,0,0.0,none
365443__424806,M. de Ligt + E. Pinnock,365443,M. de Ligt,424806,E. Pinnock,1.0,0.9946236559139785,0.43270300333704115,0.6254171301446052,2.926495405735869,4.663846349406196,0.17656294072911694,-0.0779563156562349,0.7034371579344627,0.8467562625367018,0.7947563604699784,0.5055578857497859,0.5951841629371659,0.3737951328248963,0.22138903011226949,1.3304524287184996,-0.6193565677483566,1.3876035457059905,0.7569399531759409,223,1611,1669,False,right,left,True,0,0.0,none
7919__475597,M. Keane + S. Botman,7919,M. Keane,475597,S. Botman,1.0,1.0,0.39408602150537636,0.589247311827957,3.4327798424767293,5.881959834975621,0.17656294072911694,0.53680623164123,0.123343901519396,0.35797501570964463,1.4760026142965006,1.6116603347410616,0.5686687115293334,0.4154290050911469,0.15323970643818652,1.2711807798392225,-0.4403746297944853,1.259685375436042,0.7554150760684741,224,1623,1613,False,left,right,True,0,0.0,none
578325__623641,W. Saliba + E. Agbadou,578325,W. Saliba,623641,E. Agbadou,1.0,1.0,0.518041237113402,0.6096792668957618,1.926087720022416,3.1585105884311884,0.17656294072911694,0.53680623164123,1.9853636985386145,0.6340824704313437,-0.5513722951505102,-0.8613554531910814,0.7241893162201337,0.16076934713821187,0.563419969081922,1.6188257259102905,-1.5351437833241726,2.029605102433825,0.7547907484446585,225,1609,1629,False,right,center,False,0,0.0,none
62126__447424,C. Bassey + M. Doherty,447424,C. Bassey,62126,M. Doherty,1.0,1.0,0.4449920508744038,0.6025437201907791,2.052640819530976,3.3233272340020186,0.17656294072911694,0.53680623164123,0.8880397153084015,0.5376561797400012,-0.38108496515606693,-0.7116944425708751,0.36134986451247797,0.7527522260595533,-0.3914023615470753,0.8077479791888911,1.009761053470041,0.23737711127918518,0.7542777278912948,226,1616,1629,False,left,right,True,0,0.0,none
366217__620468,J. Greaves + K. Danso,620468,J. Greaves,366217,K. Danso,1.0,0.9954954954954955,0.4357284113381674,0.6170072511535927,3.028731167848893,4.881558034710439,0.17656294072911694,0.02173490822983895,0.7488839716447586,0.7331092681585253,0.932322765621488,0.7032499983007533,0.6387344432765648,0.29968964261199926,0.33904480066456544,1.427803097397232,-0.9379323698381778,1.6084466895459368,0.7542111756563501,227,1634,1624,False,left,right,True,0,0.0,none
365443__475597,M. de Ligt + S. Botman,365443,M. de Ligt,475597,S. Botman,1.0,0.9946236559139785,0.4424731182795699,0.5731182795698925,2.9196419608499244,5.183921699849423,0.17656294072911694,-0.0779563156562349,0.8502010302967962,0.14001515679650314,0.7855345015394303,0.9778099588120398,0.5510452255825861,0.44197521227764947,0.10907001330493651,1.2317858981531458,-0.32625381064078085,1.1767776366298361,0.7533723332103058,228,1611,1613,False,right,right,False,0,0.0,none
8653__623641,H. Maguire + E. Agbadou,8653,H. Maguire,623641,E. Agbadou,1.0,1.0,0.4574468085106383,0.6087470449172577,2.481414433746785,4.078728810046018,0.17656294072911694,0.53680623164123,1.0751315223936322,0.621484878234895,0.19586426975333737,-0.02575545319703576,0.598734020865082,0.3637166148532498,0.23501740601183216,1.3383876484301507,-0.6626836132542936,1.4131843851749242,0.7530256172737722,229,1611,1629,False,center,center,False,0,0.0,none
192792__568412,D. Burn + J. Gvardiol,192792,D. Burn,568412,J. Gvardiol,1.0,0.9979338842975207,0.40629886084431543,0.6124637033727942,3.020543823175402,4.955492942335048,0.17656294072911694,0.30055450891947755,0.3068016811325617,0.6717099840959139,0.9213060377056403,0.77038625724406,0.5046688615606909,0.5164860927402224,-0.011817231179531491,1.1281179076549217,-0.005935256110096325,0.9498689266126616,0.7522521623169642,230,1613,1625,False,left,left,False,0,0.0,none
393247__397074,M. Guéhi + I. Konaté,397074,M. Guéhi,393247,I. Konaté,1.0,0.9967741935483871,0.4352318548387097,0.5737903225806451,2.626831056557088,4.5879077975981115,0.17656294072911694,0.1679487032627498,0.7414248419276783,0.14909681758455073,0.3915339809760214,0.43660222675508387,0.42615954241269577,0.6426189722654276,-0.2164594298527318,0.9526211104585336,0.5363036947314674,0.565749845116182,0.7503516326719434,231,1628,1612,False,left,right,True,0,0.0,none
145787__475597,J. Andersen + S. Botman,145787,J. Andersen,475597,S. Botman,1.0,0.9963503649635037,0.4356447688564477,0.5768856447688564,3.157595136012402,5.543807378339753,0.17656294072911694,0.11948567033711163,0.747627518206555,0.19092548880541219,1.10571955444979,1.3046025237502377,0.6257777757824918,0.31580533641813846,0.30997243936435337,1.398840247225751,-0.8686518068761742,1.5538770612289319,0.7495999937958098,232,1616,1613,False,right,right,False,0,0.0,none
399581__620468,D. O'Shea + J. Greaves,399581,D. O'Shea,620468,J. Greaves,1.0,0.9954954954954955,0.3878138493523109,0.6201823124900048,3.5408605479028012,5.7237076303977705,0.17656294072911694,0.02173490822983895,0.02912512531031819,0.7760154952558738,1.6214338587495591,1.4679601351163922,0.5752377701297549,0.39753120295779687,0.17770656717195793,1.285865007870753,-0.5173163874685284,1.305610351482487,0.7488596579913154,233,1634,1634,True,right,left,True,13,1170.0,very_high
479155__590781,N. Collins + J. van Hecke,479155,N. Collins,590781,J. van Hecke,1.0,0.9976525821596245,0.4295918661251764,0.6018030473227916,3.1720634132501067,5.2739927649311955,0.17656294072911694,0.2683887814127616,0.6567025445394596,0.5276470886039464,1.1251877801194534,1.0595985826557612,0.6546085058072821,0.2667863426564805,0.38782216315080176,1.463287383375876,-1.079382013374941,1.700003151495188,0.7478297179744933,234,1669,1651,False,right,right,False,0,0.0,none
62126__364003,S. Bueno + M. Doherty,364003,S. Bueno,62126,M. Doherty,1.0,1.0,0.4300900900900901,0.5845045045045045,2.318705253914264,3.9590723108249577,0.17656294072911694,0.53680623164123,0.6641867224457148,0.2938830355751857,-0.023073961762608675,-0.13440899688903946,0.34567688325477675,0.7684252073172544,-0.42274832406247775,0.7727131827711485,1.07713841729243,0.1785398704358757,0.7452060906604785,235,1629,1629,True,center,right,False,13,827.0,high
62126__412027,E. Konsa + M. Doherty,412027,E. Konsa,62126,M. Doherty,1.0,1.0,0.4512012012012012,0.6063563563563563,1.8985823161818127,3.0177384265318254,0.17656294072911694,0.53680623164123,0.9813117956678545,0.5891782814656571,-0.5883830187015238,-0.9891829790097396,0.34545595130771267,0.7686461392643185,-0.4231901879566058,0.7722193197555361,1.0780881927009862,0.17771047965401668,0.7450782136188673,236,1614,1629,False,right,right,False,0,0.0,none
424806__627012,Murillo + E. Pinnock,627012,Murillo,424806,E. Pinnock,1.0,1.0,0.43630831643002027,0.6248478701825558,2.4672444923490087,3.916770281235814,0.17656294072911694,0.53680623164123,0.757595140078661,0.8390635616338853,0.17679747884758157,-0.17282116380137014,0.5135454340383434,0.49334444922465776,0.020200984813685596,1.1479602659483754,-0.10542002604370994,1.009968005874954,0.7443477263360656,237,1642,1669,False,left,left,False,0,0.0,none
9433__475597,J. Tarkowski + S. Botman,9433,J. Tarkowski,475597,S. Botman,1.0,0.9970588235294118,0.3813725490196078,0.596078431372549,3.4514647009291948,5.855479887137518,0.17656294072911694,0.20049495576673537,-0.06763424604172502,0.4502874265434458,1.5011445876622274,1.5876153377027145,0.4880245107632762,0.5329981701907247,-0.04497365942744849,1.0909117480797368,0.06504934034626092,0.8876333913864577,0.7424973544210381,238,1623,1613,False,right,right,False,0,0.0,none
62126__583655,M. Doherty + C. Okoli,62126,M. Doherty,583655,C. Okoli,1.0,0.9918032786885246,0.4042977403633141,0.5919361984935756,2.572946270595133,4.402196288341058,0.17656294072911694,-0.4004547011237593,0.2767414215979578,0.3943113159224868,0.31902768627114325,0.26796772953574843,0.22798351059856467,0.9574116893248356,-0.7294281787262709,0.5096258171366239,1.8895818667147597,-0.39710672078869974,0.742266124425,239,1629,1631,False,right,left,True,0,0.0,none
62126__288080,M. Doherty + C. Burgess,62126,M. Doherty,288080,C. Burgess,1.0,1.0,0.4161770466118292,0.5987074030552291,2.402471118491097,4.0132251725725165,0.17656294072911694,0.53680623164123,0.4551889625189952,0.48581406496014906,0.08963971715048843,-0.08523573535925674,0.33273825114736044,0.7820162557970387,-0.4492780046496784,0.743790648228803,1.1355656560604344,0.12874292432397375,0.7383136057973265,240,1629,1634,False,right,left,True,0,0.0,none
475597__627012,Murillo + S. Botman,627012,Murillo,475597,S. Botman,1.0,1.0,0.446078431372549,0.5725490196078431,2.460391047463064,4.436845631679041,0.17656294072911694,0.53680623164123,0.9043590124409946,0.13232245589368666,0.1675756199170334,0.2994309092608838,0.46940649668376355,0.5584474483162842,-0.08904095163252079,1.0492937353830216,0.17445451624031455,0.8049178619619484,0.7379667949559948,241,1642,1613,False,left,right,True,0,0.0,none
393247__424241,N. Milenković + I. Konaté,424241,N. Milenković,393247,I. Konaté,0.9967741935483871,0.9935483870967742,0.4545866935483871,0.6318548387096774,2.7369828048024707,4.333226541738007,-2.5466959756012724,-0.20090882511573044,1.0321676934386383,0.9337523096718602,0.5397519793953927,0.20534006263303725,0.3747454777388077,0.7109922736182885,-0.33624679587948075,0.8376920322416358,0.8302371031393894,0.34090563746301633,0.736098274555238,242,1642,1612,False,right,right,False,0,0.0,none
62126__619747,L. Colwill + M. Doherty,619747,L. Colwill,62126,M. Doherty,0.9964285714285714,0.9857142857142858,0.47818532818532816,0.6378378378378378,2.554605659241421,4.0048163756773025,-2.8384737166366527,-1.0967056797491785,1.3866596336209653,1.0146036357146404,0.29434892494473197,-0.092871305401828,0.3295988674732098,0.7845032230988214,-0.45490435562561155,0.7367729873197143,1.1462570043081879,0.1181821075273191,0.7359000164577774,243,1610,1629,False,left,right,True,0,0.0,none
145787__424806,J. Andersen + E. Pinnock,145787,J. Andersen,424806,E. Pinnock,1.0,0.9963503649635037,0.425874653913919,0.6291844953435691,3.1644485808983465,5.023732027896526,0.17656294072911694,0.11948567033711163,0.6008636458442215,0.8976665945456108,1.1149414133803381,0.8323504506879837,0.6699167131370716,0.22726112416182173,0.4426555889752499,1.4975067777911046,-1.2492989540568868,1.802927012260718,0.7345491051306299,244,1616,1669,False,right,left,True,0,0.0,none
50102__62126,F. Schär + M. Doherty,50102,F. Schär,62126,M. Doherty,1.0,1.0,0.4106029106029106,0.5790965790965791,2.4089350310580593,4.189875798427727,0.17656294072911694,0.53680623164123,0.371455885625278,0.22080297472188415,0.09833742915137872,0.0751710676102962,0.2677747932839952,0.8790610742543145,-0.6112862809703193,0.598573762978127,1.5527564848353204,-0.17535110270752002,0.7300436063981556,245,1613,1629,False,right,right,False,0,0.0,none
8653__620468,J. Greaves + H. Maguire,620468,J. Greaves,8653,H. Maguire,1.0,0.9954954954954955,0.4236630247268545,0.6275158136860265,3.184115621519992,5.062396448543414,0.17656294072911694,0.02173490822983895,0.5676411847337357,0.8751168461893765,1.1414049915096571,0.8674595032294714,0.6514842678399742,0.25228194133035314,0.39920232650962095,1.456303578613688,-1.141735710422606,1.7213640336837646,0.7299038829168152,246,1634,1611,False,left,center,False,0,0.0,none
283145__393247,I. Konaté + T. Adarabioyo,393247,I. Konaté,283145,T. Adarabioyo,1.0,0.9859154929577465,0.4479533450704225,0.5941901408450705,2.662302861701475,4.480737210301307,0.17656294072911694,-1.0736984697295928,0.9325234297752576,0.4247699912521582,0.43926413544538856,0.3392864589935815,0.4214419119878906,0.6278734491379324,-0.20643153715004178,0.9420754957608842,0.4729134270997414,0.5845724777856723,0.729826271567499,247,1612,1610,False,right,right,False,0,0.0,none
136441__590874,Toti + B. Davies,590874,Toti,136441,B. Davies,1.0,0.9943820224719101,0.4507567071772529,0.5467209355652374,2.607114624505929,4.849670619235837,0.17656294072911694,-0.10558609306286465,0.9746347335677359,-0.21670564844954754,0.3650039427229349,0.6742947746977799,0.42705878070364145,0.6185629660731737,-0.19150418536953226,0.9546312341188832,0.43288812530795884,0.6125915310028477,0.7297003608523988,248,1629,1624,False,left,left,False,0,0.0,none
136441__424806,E. Pinnock + B. Davies,424806,E. Pinnock,136441,B. Davies,1.0,1.0,0.4160802251935257,0.5791695988740324,3.433472149921916,5.984001388165886,0.17656294072911694,0.53680623164123,0.4537345388646757,0.22178972830616317,1.4769341694052558,1.7043187062472795,0.6664739475364202,0.22747719322976753,0.43899675430665264,1.489810948264507,-1.2483700839228404,1.7960592781308016,0.7296063045815617,249,1669,1624,False,left,left,False,0,0.0,none
240032__475597,J. Bednarek + S. Botman,240032,J. Bednarek,475597,S. Botman,1.0,1.0,0.44166666666666665,0.5625,2.9884670462681986,5.370111493743394,0.17656294072911694,0.53680623164123,0.8380867448171729,-0.0034750836546484087,0.8781441656095276,1.146878760235768,0.6103817620571215,0.3167625797869172,0.29361918227020434,1.3644245736762102,-0.8645366654321631,1.5231815441986853,0.7274875960481932,250,1619,1613,False,center,right,False,0,0.0,none
393247__534563,I. Konaté + C. Richards,393247,I. Konaté,534563,C. Richards,1.0,1.0,0.40685096153846156,0.5817307692307692,2.707556181917904,4.668538489199487,0.17656294072911694,0.53680623164123,0.3150951798563184,0.2564001327417895,0.5001561017659608,0.5098185620971484,0.358905528209713,0.7245162535368234,-0.36561072532711036,0.8022840011916106,0.88837601751154,0.285788727648325,0.7248125513789323,251,1612,1628,False,right,right,False,0,0.0,none
424806__496001,M. Kilman + E. Pinnock,496001,M. Kilman,424806,E. Pinnock,1.0,1.0,0.4219224584598892,0.6194836519564053,3.292146381035681,5.310646157748845,0.17656294072911694,0.53680623164123,0.5414948960825028,0.7665741382733182,1.286769029740535,1.0928815304596677,0.7164784660276214,0.13914124643806897,0.5773372195895524,1.6015891796361326,-1.6281219082705523,2.0557281675523953,0.7235036508473797,252,1633,1669,False,left,left,False,0,0.0,none
62126__415847,M. Doherty + C. Romero,62126,M. Doherty,415847,C. Romero,1.0,0.9805194805194806,0.4190944190944191,0.591084591084591,2.589651401676326,4.4432400209975,0.17656294072911694,-1.6907100111638727,0.4990128975685645,0.3828031096183648,0.34150577791860354,0.3052373056014065,0.18155002627712613,1.0112990888594058,-0.8297490625822797,0.4058301420560655,2.121241106535464,-0.5854118016152753,0.7222050426656168,253,1629,1624,False,right,right,False,0,0.0,none
234399__590781,J. van Hecke + A. Webster,590781,J. van Hecke,234399,A. Webster,1.0,0.986842105263158,0.4274297707458831,0.6457862447529867,2.7995679403837004,4.369252417948312,0.17656294072911694,-0.9677442130604601,0.6242241661223822,1.1220145220028672,0.6239652912530524,0.2380531968158071,0.4811633486798114,0.5191270895670224,-0.03796374088721091,1.0755745628415927,0.0054182573744962935,0.900791202866685,0.7195709992064823,254,1651,1651,True,right,left,True,11,821.0,high
413002__620468,K. Mavropanos + J. Greaves,413002,K. Mavropanos,620468,J. Greaves,1.0,0.9954954954954955,0.4184634072274522,0.6501670209535378,3.0308060862354367,4.66332849340573,0.17656294072911694,0.02173490822983895,0.48953401777570527,1.1812141904842006,0.9351147344738743,0.505087648947448,0.6181855042800585,0.29378812138138005,0.3243973828986785,1.3818687673226995,-0.9633027149258813,1.5809530802365852,0.7181341852309024,255,1633,1634,False,right,left,True,0,0.0,none
7919__620468,J. Greaves + M. Keane,620468,J. Greaves,7919,M. Keane,1.0,0.9954954954954955,0.3936355710549259,0.6469049694856146,3.4613073996292743,5.350400250573804,0.17656294072911694,0.02173490822983895,0.11657736368393079,1.1371324212658123,1.5143887269846539,1.1289800549009739,0.6281146609762293,0.27565154819409793,0.3524631127821314,1.4040640330306373,-1.0412709374381397,1.6336332334711392,0.7163773819781046,256,1634,1623,False,left,left,False,0,0.0,none
413002__590781,J. van Hecke + K. Mavropanos,590781,J. van Hecke,413002,K. Mavropanos,1.0,1.0,0.4323085407044875,0.6295236782243055,2.7766706057180794,4.42883919184893,0.17656294072911694,0.53680623164123,0.6975116530866321,0.9022501462211368,0.5931550937996584,0.2921606977340434,0.6141053589049363,0.29827932902920523,0.3158260298757311,1.3727481628747131,-0.9439952375089268,1.5648644129348115,0.7161483927716409,257,1651,1633,False,right,right,False,0,0.0,none
192792__413002,D. Burn + K. Mavropanos,192792,D. Burn,413002,K. Mavropanos,1.0,0.9979338842975207,0.3923298356393351,0.627495589191197,3.2486327970198934,5.227748276135372,0.17656294072911694,0.30055450891947755,0.09696297971813223,0.8748435422509193,1.2282180177992108,1.0176064834668272,0.542610847332954,0.4129104392398608,0.12970040809309313,1.2129320043069511,-0.4512018186287325,1.2155014597138103,0.7142057485076179,258,1613,1633,False,left,right,True,0,0.0,none
136441__365443,M. de Ligt + B. Davies,365443,M. de Ligt,136441,B. Davies,1.0,0.9946236559139785,0.43499012508229096,0.5666556945358789,2.8930232558139535,5.213178294573644,0.17656294072911694,-0.0779563156562349,0.7377936466627402,0.05268294121838063,0.7497169022385252,1.0043762775146676,0.4915201901701689,0.4960682316403206,-0.004548041470151684,1.098725859150788,-0.09371062144635764,0.9635133972667795,0.7139524225948427,259,1611,1624,False,right,left,True,0,0.0,none
496001__590781,M. Kilman + J. van Hecke,496001,M. Kilman,590781,J. van Hecke,1.0,1.0,0.4450872564290028,0.6041991163101179,3.059685012784924,5.064672622233454,0.17656294072911694,0.53680623164123,0.889469865920298,0.5600263938262232,0.9739736428239244,0.8695263724684291,0.7277053327448152,0.11031083249282223,0.6173945002519929,1.6266852978142068,-1.7520624182220008,2.1309167941165335,0.7139072822638098,260,1633,1651,False,left,right,True,0,0.0,none
234399__623641,E. Agbadou + A. Webster,623641,E. Agbadou,234399,A. Webster,1.0,0.986842105263158,0.4473684210526316,0.6476608187134503,2.3510022331278497,3.620074081007716,0.17656294072911694,-0.9677442130604601,0.9237368684713518,1.1473465983114497,0.02038421017094863,-0.4422348083972955,0.4324932470800415,0.5915834537091178,-0.15909020662907628,0.9667792371060422,0.3169045488323318,0.6734334679159353,0.7131476767859077,261,1629,1651,False,center,left,False,0,0.0,none
62126__557788,M. Doherty + W. Fofana,62126,M. Doherty,557788,W. Fofana,1.0,0.9861111111111112,0.42342342342342343,0.6295045045045045,2.440812555793145,3.8668853411945445,0.17656294072911694,-1.051330348877223,0.5640419624808282,0.901991041942851,0.1412311914934255,-0.21811895830172204,0.2897089373358911,0.8243931532361402,-0.534684215900249,0.6476045286518889,1.317741822130655,-0.03156690244862012,0.7128114304754168,262,1629,1610,False,right,right,False,0,0.0,none
366217__424806,E. Pinnock + K. Danso,424806,E. Pinnock,366217,K. Danso,1.0,1.0,0.42640874684608915,0.6116484440706476,3.007057055582293,4.8930422686690305,0.17656294072911694,0.53680623164123,0.6088866371178903,0.6606929683425562,0.9031585118638827,0.7136782050785874,0.6234274311842488,0.2793665000062129,0.3440609311780358,1.3935863747711712,-1.0253005450978487,1.617862105613557,0.7127754449789424,263,1669,1624,False,left,right,True,0,0.0,none
413002__623641,K. Mavropanos + E. Agbadou,413002,K. Mavropanos,623641,E. Agbadou,1.0,1.0,0.45224719101123595,0.6313982521847691,2.3281048984622292,3.6796608549083345,0.17656294072911694,0.53680623164123,0.9970243554356018,0.9275822225297192,-0.010425987282445398,-0.3881273074790592,0.5654352573051664,0.3723141341189298,0.19312112318623667,1.2639528371391626,-0.625723307234079,1.334543900556284,0.7111682065106144,264,1633,1629,False,right,center,False,0,0.0,none
136441__145787,J. Andersen + B. Davies,145787,J. Andersen,136441,B. Davies,1.0,0.9963503649635037,0.4281617756591688,0.5704230597348429,3.130976430976431,5.573063973063974,0.17656294072911694,0.11948567033711163,0.635220134572499,0.10359327322728967,1.0699019551488849,1.3311688424528656,0.5662527403700748,0.36989835578080954,0.19635438458926513,1.2657802082233935,-0.6361086176817512,1.340612821865875,0.7101800831803464,265,1616,1624,False,right,left,True,0,0.0,none
415917__475597,Gabriel Magalhaes + S. Botman,415917,Gabriel Magalhaes,475597,S. Botman,1.0,1.0,0.4023809523809524,0.5904761904761905,3.0204876268118697,5.2352959070375835,0.17656294072911694,0.53680623164123,0.2479479807383789,0.37458148115064616,0.921230420998199,1.0244600756188875,0.47366557743721516,0.5170747253596659,-0.043409147922450736,1.0588143252867823,-0.0034047538715075427,0.8905700228641622,0.7064997410547713,266,1609,1613,False,left,right,True,0,0.0,none
475597__496001,M. Kilman + S. Botman,496001,M. Kilman,475597,S. Botman,1.0,1.0,0.43169257340241796,0.5671848013816926,3.2852929361497365,5.830721508192072,0.17656294072911694,0.53680623164123,0.6882587684448364,0.059833032533119584,1.2775471708099868,1.5651336035219217,0.6723395286730415,0.19250139467682886,0.47983813399621267,1.5029226490707783,-1.3987292954431128,1.8727196803113673,0.7063864719647288,267,1633,1613,False,left,right,True,0,0.0,none
239411__393247,I. Konaté + T. Mings,393247,I. Konaté,239411,T. Mings,1.0,0.9918032786885246,0.4053534836065574,0.5993852459016393,2.7979016277106363,4.67646498444359,0.17656294072911694,-0.4004547011237593,0.29260049464982985,0.49497410189261787,0.6217231341100519,0.5170161803037324,0.32397590561338085,0.7608853997744723,-0.4369094941610916,0.7242036285752164,1.0447251611538635,0.1519589614813077,0.7059111549300288,268,1612,1614,False,right,left,True,0,0.0,none
399581__590874,Toti + D. O'Shea,590874,Toti,399581,D. O'Shea,1.0,0.9943820224719101,0.41317066684395987,0.5823748420982647,2.6928289102202143,4.600861095426312,0.17656294072911694,-0.10558609306286465,0.41002798548651015,0.26510381868419397,0.48033937830963314,0.44836441034472657,0.3205155912046602,0.7650133224060064,-0.44449773120134617,0.7164685710990684,1.0624708944258203,0.13771563014017568,0.7045186799053154,269,1629,1634,False,left,right,True,0,0.0,none
365443__620468,M. de Ligt + J. Greaves,365443,M. de Ligt,620468,J. Greaves,1.0,0.990119151409474,0.4420226678291195,0.6307759372275501,2.9481695180024694,4.6523621154476045,0.17656294072911694,-0.5930276390676259,0.843434492461331,0.9191725623526708,0.8239206142275837,0.4951296789719518,0.6104911750294818,0.29110401074840453,0.3193871642810773,1.3646691513445603,-0.9748415725104058,1.5715487609614445,0.7041918561114473,270,1611,1634,False,right,left,True,0,0.0,none
9433__590874,J. Tarkowski + Toti,9433,J. Tarkowski,590874,Toti,1.0,0.9914408460013219,0.40627891606080635,0.6159286186384666,2.631960620399153,4.201073767764242,0.17656294072911694,-0.44189736893735926,0.3065020762990017,0.7185331555279336,0.39843621991045475,0.08533933309096081,0.29274828128507735,0.8097141489176793,-0.5169658676326021,0.6543985644994668,1.2546375155374607,0.0016909285673175909,0.7039287226244352,271,1623,1629,False,right,left,True,0,0.0,none
424241__578325,N. Milenković + W. Saliba,424241,N. Milenković,578325,W. Saliba,0.9967741935483871,0.9935483870967742,0.46481543066178915,0.6234785500498836,2.2114804834449453,3.5309223339825513,-2.5466959756012724,-0.20090882511573044,1.1858208568834743,0.8205592386125865,-0.16735347718650548,-0.523188649631791,0.22696678101887802,0.9154215957130241,-0.6884548146941462,0.5073530578414697,1.7090685509836476,-0.3201985803373054,0.7023573781483681,272,1642,1609,False,right,right,False,0,0.0,none
62126__504375,M. Lacroix + M. Doherty,504375,M. Lacroix,62126,M. Doherty,1.0,0.9964788732394366,0.40816520746098206,0.598401218119528,2.4229405966812667,4.054864498872684,0.17656294072911694,0.13418005629852428,0.33483740622316593,0.48167643138617017,0.11718303928893739,-0.04742533317539847,0.257437600733907,0.8648789866472639,-0.6074413859133568,0.5754663891754952,1.4917883983717626,-0.168134128069316,0.7016428884854131,273,1628,1629,False,center,right,False,0,0.0,none
479155__620468,N. Collins + J. Greaves,479155,N. Collins,620468,J. Greaves,1.0,0.9931480776551199,0.4157467326481411,0.6224463900520238,3.426198893767463,5.508482066487996,0.17656294072911694,-0.2466825419986294,0.4487249092285329,0.8066111328670105,1.4671474207936694,1.272525533869166,0.6586886511824044,0.20897039453071645,0.44971825665168785,1.4724079878238625,-1.3279298874235936,1.8161838353322906,0.7010617947513114,274,1669,1634,False,right,left,True,0,0.0,none
145787__620468,J. Andersen + J. Greaves,145787,J. Andersen,620468,J. Greaves,1.0,0.9918458604589991,0.43519431840599726,0.6345433024265141,3.186122693164947,5.012247793937934,0.17656294072911694,-0.3955856530742794,0.7408609803710897,0.9700828943615798,1.1441056671379433,0.8219222439101497,0.6852237252293876,0.1641201545067845,0.5211035707226032,1.5317235004171657,-1.5207388297637179,1.9501760493088725,0.699675311141242,275,1616,1634,False,right,left,True,0,0.0,none
136441__627012,Murillo + B. Davies,627012,Murillo,136441,B. Davies,1.0,1.0,0.43859543817527014,0.5660864345738296,2.433772342427093,4.466102226403262,0.17656294072911694,0.53680623164123,0.7919516288069386,0.044990240315564145,0.1317580206161283,0.3259972279635117,0.4098814612713464,0.6125404676789553,-0.202659006407609,0.9162336963806637,0.4069977054347375,0.5916536225988916,0.6985468843405314,276,1642,1624,False,left,left,False,0,0.0,none
136441__192792,D. Burn + B. Davies,192792,D. Burn,136441,B. Davies,1.0,0.9979338842975207,0.3992663180974869,0.5618569741946365,3.672972972972973,6.536936936936938,0.17656294072911694,0.30055450891947755,0.20116083533397092,-0.012164620111149216,1.7992017064881973,2.206409333988825,0.6062063026816314,0.2914978070378464,0.3147084956437851,1.3550909078748192,-0.9731486619256634,1.562766770192996,0.6981542093983097,277,1613,1624,False,left,left,False,0,0.0,none
578325__590703,I. Zabarnyi + W. Saliba,590703,I. Zabarnyi,578325,W. Saliba,1.0,1.0,0.4772610952694304,0.5842655553118374,2.0145283965698804,3.4725921809797407,0.17656294072911694,0.53680623164123,1.3727760710938315,0.29065399297127537,-0.43236828236336244,-0.5761550816192706,0.4874685901976994,0.4824916541447065,0.004976936052992903,1.08966906402881,-0.15207565017599875,0.9813920441987725,0.6954902458013599,278,1659,1609,False,right,right,False,0,0.0,none
568412__620468,J. Greaves + J. Gvardiol,620468,J. Greaves,568412,J. Gvardiol,1.0,0.9954954954954955,0.43243243243243246,0.6351351351351351,2.802717112390945,4.391073159605406,0.17656294072911694,0.02173490822983895,0.6993727191901348,0.9780806323291953,0.6282027543803039,0.25786742272468055,0.5802435185077954,0.3235226906625318,0.2567208278452637,1.29705467067067,-0.8354752863328823,1.4539223097771785,0.6886692113909061,279,1634,1625,False,left,left,False,0,0.0,none
8360__145787,J. Andersen + C. Dawson,145787,J. Andersen,8360,C. Dawson,1.0,0.9963503649635037,0.44120032441200324,0.657441200324412,2.5593615864428303,3.9312719302689216,0.17656294072911694,0.11948567033711163,0.8310814848439598,1.279513895266047,0.3007484058576523,-0.15965300689320305,0.6055331200445457,0.28175657081106864,0.3237765492334771,1.3535861005727197,-1.0150257500520172,1.5797877582317132,0.6882428769170974,280,1616,1629,False,right,left,True,0,0.0,none
7919__240032,J. Bednarek + M. Keane,240032,J. Bednarek,7919,M. Keane,1.0,1.0,0.4024193548387097,0.6184139784946237,2.968009478672986,4.777251184834123,0.17656294072911694,0.53680623164123,0.2485248514755038,0.752119093910909,0.8506168701304153,0.6085346343699243,0.4971904279921975,0.45860693978065586,0.03858348821154173,1.1114008968139217,-0.25475484458323655,1.0444724744868576,0.6881684899293614,281,1619,1623,False,center,left,False,0,0.0,none
136441__240032,J. Bednarek + B. Davies,240032,J. Bednarek,136441,B. Davies,1.0,1.0,0.4341836734693878,0.5560374149659864,2.961848341232227,5.3993680884676145,0.17656294072911694,0.53680623164123,0.7256793611831169,-0.09080729923277092,0.8423265663086225,1.173445078938396,0.5508567266447044,0.3708555991495883,0.18000112749511615,1.2313645346738524,-0.6319934762377399,1.3099173048356285,0.6880676854327299,282,1619,1624,False,center,left,False,0,0.0,none
578325__625787,W. Saliba + M. van de Ven,578325,W. Saliba,625787,M. van de Ven,1.0,1.0,0.48543254146122816,0.5758628417749887,1.9744254244720782,3.4617680524995023,0.17656294072911694,0.53680623164123,1.4955251987103664,0.17710382903857294,-0.4863300428409433,-0.5859838825988372,0.4986436079073523,0.453162348095866,0.045481259811486346,1.1146492808736415,-0.2781608723694429,1.057419783050398,0.6853603353360674,283,1609,1624,False,right,left,True,0,0.0,none
192792__625787,D. Burn + M. van de Ven,192792,D. Burn,625787,M. van de Ven,1.0,0.9979338842975207,0.40747394897592526,0.5733920229967661,3.0737557518379433,5.295710583381815,0.17656294072911694,0.30055450891947755,0.32445351896420993,0.1437143916758887,0.9929069490305031,1.079319349611846,0.44688133225327076,0.5371276560073744,-0.09024632375410373,0.9989418248484052,0.08280179367297512,0.8026553450656004,0.6848425195392153,284,1613,1624,False,left,left,False,0,0.0,none
623641__777938,Dean Huijsen + E. Agbadou,777938,Dean Huijsen,623641,E. Agbadou,1.0,0.9960629921259843,0.4625984251968504,0.5968941382327209,2.407756429726664,4.048190175050558,0.17656294072911694,0.08662578362025217,1.1525176348644044,0.46131049037721383,0.0967515266754172,-0.053485922777657596,0.5311262794364681,0.39604443944236334,0.13508183999410472,1.1872598305460456,-0.5237079095822933,1.2256025566154003,0.6816380537214148,285,1659,1629,False,left,center,False,0,0.0,none
15806__393247,I. Konaté + J. Vestergaard,393247,I. Konaté,15806,J. Vestergaard,1.0,1.0,0.43489583333333337,0.5833333333333333,2.2372538494861227,3.785909884106163,0.17656294072911694,0.53680623164123,0.7363772229778354,0.27805640077482596,-0.13267334919940194,-0.2916483563871367,0.33561438741561833,0.7130701879262442,-0.3774558005106259,0.7502198557274459,0.8391699529920672,0.2635551930731095,0.6795719523759649,286,1612,1631,False,right,left,True,0,0.0,none
349142__393247,I. Konaté + N. Mazraoui,393247,I. Konaté,349142,N. Mazraoui,1.0,1.0,0.4489889705882353,0.5477941176470589,2.2344117883103403,4.013573942503041,0.17656294072911694,0.53680623164123,0.948080300109488,-0.20220319031074807,-0.1364975701089191,-0.08491903639905493,0.3337578450569625,0.7149267302849001,-0.38116888522793746,0.7460698103399761,0.8471511358885483,0.25658563009744,0.6784973719560405,287,1612,1611,False,right,right,False,0,0.0,none
9433__240032,J. Tarkowski + J. Bednarek,9433,J. Tarkowski,240032,J. Bednarek,1.0,0.9970588235294118,0.3897058823529412,0.6252450980392157,2.986694337125451,4.7507712369960196,0.17656294072911694,0.20049495576673537,0.05754670391438277,0.8444315047447102,0.8757588434961423,0.584489637331577,0.41654622722614026,0.5789096974822823,-0.16236347025614192,0.9311318650544359,0.2624207036562788,0.6672894613225925,0.6777500358886202,288,1623,1619,False,right,center,False,0,0.0,none
145787__590781,J. van Hecke + J. Andersen,590781,J. van Hecke,145787,J. Andersen,1.0,0.9963503649635037,0.44903945188303257,0.6138999596972818,2.9319872126475897,4.777758492381134,0.17656294072911694,0.11948567033711163,0.9488386156820166,0.6911188500985158,0.8021460264637275,0.6089952926967452,0.6811435798542653,0.1467885896308278,0.5343549902234376,1.5226028959691789,-1.5952463617423507,1.9750493311646526,0.6777374056948148,289,1651,1616,False,right,right,False,0,0.0,none
239411__578325,W. Saliba + T. Mings,578325,W. Saliba,239411,T. Mings,1.0,0.9918032786885246,0.4155822207199594,0.5910089572418455,2.272399306353111,3.874160776688134,0.17656294072911694,-0.4004547011237593,0.44625365809466566,0.3817810308333442,-0.08538232247184624,-0.21151253196109593,0.17619720889345103,0.9707873333480446,-0.7945901244545935,0.3938646541750498,1.947083092479813,-0.5194174998165282,0.6771737548681631,290,1609,1614,False,right,left,True,0,0.0,none
8360__8653,H. Maguire + C. Dawson,8653,H. Maguire,8360,C. Dawson,1.0,1.0,0.4296690307328605,0.6504137115839244,2.5573545147978756,3.9814205848744004,0.17656294072911694,0.53680623164123,0.6578616892066058,1.1845478470938438,0.2980477302293659,-0.11411574757388138,0.5717936626551322,0.3237932773758606,0.24800038527927162,1.2781661787692418,-0.8343120475635829,1.4375537972689596,0.676300234569338,291,1611,1629,False,center,left,False,0,0.0,none
568412__578325,W. Saliba + J. Gvardiol,578325,W. Saliba,568412,J. Gvardiol,1.0,1.0,0.4842574533296183,0.614934522151017,1.9212134958095368,3.121550411452734,0.17656294072911694,0.53680623164123,1.4778733608787182,0.7050994214585982,-0.5579309541658062,-0.8949169749666233,0.5564311372147724,0.3482544044947778,0.2081767327199946,1.243825363680158,-0.729154883505394,1.3628036971328057,0.6757269562150219,292,1609,1625,False,right,left,True,0,0.0,none
393247__447424,C. Bassey + I. Konaté,447424,C. Bassey,393247,I. Konaté,1.0,1.0,0.44604779411764706,0.5772058823529411,2.0971801272541883,3.557142805468128,0.17656294072911694,0.53680623164123,0.9038987883602736,0.19525302300145136,-0.32115375982455613,-0.4993792689234373,0.32864110689739356,0.7200434684444689,-0.3914023615470753,0.7346320451314389,0.8691477377406542,0.23737711127918518,0.6755357661437528,293,1616,1612,False,left,right,True,0,0.0,none
590781__590874,J. van Hecke + Toti,590781,J. van Hecke,590874,Toti,1.0,0.9943820224719101,0.47163438340111674,0.5901978355276762,2.4081254061770876,4.054365138552997,0.17656294072911694,-0.10558609306286465,1.2882532146772534,0.3708199284216786,0.0972480140377775,-0.04787877505834065,0.5419496201878321,0.3716896909556581,0.17025992923217417,1.2114539218646687,-0.6284077572124445,1.291632805579384,0.6755311948844779,294,1651,1629,False,right,left,True,0,0.0,none
8653__475597,H. Maguire + S. Botman,8653,H. Maguire,475597,S. Botman,1.0,1.0,0.42411347517730497,0.5698581560283689,3.1555880643674477,5.593956032945231,0.17656294072911694,0.53680623164123,0.574407722569201,0.0959594406332088,1.1030188788215036,1.3501397830695594,0.5920383183930783,0.2872531681968278,0.3047851501962505,1.3234203254222732,-0.991396152354163,1.5441403756204555,0.6731193921289789,295,1611,1613,False,center,right,False,0,0.0,none
8653__192792,D. Burn + H. Maguire,192792,D. Burn,8653,H. Maguire,1.0,0.9979338842975207,0.39752945313873744,0.6048443819236856,3.4019423323044493,5.626816231273056,0.17656294072911694,0.30055450891947755,0.1750701466761627,0.568746197956095,1.4345082748349935,1.3799783377488508,0.5759096108928694,0.3118477548326368,0.26406185606023264,1.287366815597939,-0.885665252496937,1.467701623298319,0.6715241567095522,296,1613,1611,False,left,center,False,0,0.0,none
475597__568412,J. Gvardiol + S. Botman,568412,J. Gvardiol,475597,S. Botman,1.0,1.0,0.4328828828828829,0.5774774774774775,2.7741895552384004,4.922632744007223,0.17656294072911694,0.53680623164123,0.7061392570256,0.19892322677302768,0.5898166416921504,0.7405477025647685,0.5207975690608997,0.399679431984934,0.12111813707596567,1.1641714174792555,-0.5080812581491391,1.1993922990342119,0.6695397911017285,297,1625,1613,False,left,right,True,0,0.0,none
62126__286380,M. Doherty + I. Diop,62126,M. Doherty,286380,I. Diop,1.0,1.0,0.4012012012012012,0.6156156156156156,2.19103688600722,3.5103925838557415,0.17656294072911694,0.53680623164123,0.23022609593120724,0.7143033856565345,-0.19486197469996241,-0.5418305965123218,0.21136437208803757,0.9027377184839935,-0.691373346395956,0.47247601616506446,1.6545411961245338,-0.3256767452704717,0.667465017865798,298,1629,1616,False,right,right,False,0,0.0,none
620468__625787,J. Greaves + M. van de Ven,620468,J. Greaves,625787,M. van de Ven,1.0,0.9954954954954955,0.4336075205640423,0.5960634547591069,2.8559290410534866,4.7312908006521734,0.17656294072911694,0.02173490822983895,0.717024557021783,0.45008503990917015,0.6998036657051667,0.5668005150924667,0.5224559892003754,0.3936665064521057,0.12878948274826968,1.1678785878641538,-0.5339305247692492,1.2137916275822458,0.6665184620177513,299,1634,1624,False,left,left,False,0,0.0,none
364003__393247,I. Konaté + S. Bueno,393247,I. Konaté,364003,S. Bueno,1.0,1.0,0.43114583333333334,0.5591666666666667,2.363244561637476,4.192887882291068,0.17656294072911694,0.53680623164123,0.6800457954975867,-0.04852012116336424,0.03685724356890213,0.07790617675839837,0.31296812563969234,0.7357164497021701,-0.42274832406247775,0.6995972487136963,0.9365251015630439,0.1785398704358757,0.6664641289129365,300,1612,1629,False,right,center,False,0,0.0,none
393247__412027,I. Konaté + E. Konsa,393247,I. Konaté,412027,E. Konsa,1.0,1.0,0.4522569444444444,0.5810185185185186,1.9431216239050246,3.2515539979979353,0.17656294072911694,0.53680623164123,0.9971708687197266,0.24677512472710714,-0.5284518133700129,-0.7768678053623018,0.31274719369262827,0.7359373816492342,-0.4231901879566058,0.699103385698084,0.9374748769716,0.17771047965401668,0.6663362518713253,301,1612,1614,False,right,right,False,0,0.0,none
415917__623641,Gabriel Magalhaes + E. Agbadou,415917,Gabriel Magalhaes,623641,E. Agbadou,1.0,1.0,0.4357142857142857,0.6293650793650793,2.346313996191207,3.7200686841383694,0.17656294072911694,0.53680623164123,0.7486717805628101,0.9001069187523323,0.014075811930032656,-0.3514351606477076,0.48036127990921884,0.46108695913393627,0.019274320775282558,1.0737816482946598,-0.24409336521915992,1.0082286317791176,0.6653085409374054,302,1609,1629,False,left,center,False,0,0.0,none
240032__623641,J. Bednarek + E. Agbadou,240032,J. Bednarek,623641,E. Agbadou,1.0,1.0,0.475,0.601388888888889,2.314293415647536,3.8548842708441797,0.17656294072911694,0.53680623164123,1.3388105446416043,0.5220503539470378,-0.029010443458638707,-0.22901647603082714,0.6170774645291253,0.23725855265885543,0.3798189118702697,1.379391896684088,-1.206320508153241,1.6849808269169968,0.6647959612794709,303,1619,1629,False,center,center,False,0,0.0,none
496001__590874,M. Kilman + Toti,496001,M. Kilman,590874,Toti,1.0,0.9943820224719101,0.4565989404436165,0.5870349886476102,2.465788855619694,4.1763153888187965,0.17656294072911694,-0.10558609306286465,1.062395090785563,0.32807876151760745,0.1748388030582142,0.06285759891016801,0.4770632991948427,0.4649040566868519,0.012159242507990858,1.0664094654905085,-0.22768385343964587,0.9948734325752029,0.6638742632284012,304,1633,1629,False,left,left,False,0,0.0,none
534563__578325,W. Saliba + C. Richards,578325,W. Saliba,534563,C. Richards,1.0,1.0,0.41707969865186356,0.5733544805709754,2.1820538605603788,3.866234281444031,0.17656294072911694,0.53680623164123,0.4687483433011542,0.14320706168251582,-0.20694935481593726,-0.21871015016767992,0.21112683148978326,0.8979480774071682,-0.686821245917385,0.47194502679144423,1.6339507682980887,-0.3171323264455904,0.6627312785960306,305,1609,1628,False,right,right,False,0,0.0,none
7919__365443,M. de Ligt + M. Keane,365443,M. de Ligt,7919,M. Keane,1.0,0.9946236559139785,0.4032258064516129,0.6290322580645161,2.899184393254712,4.591061390940152,0.17656294072911694,-0.0779563156562349,0.26063913695512697,0.8956093343620606,0.758007206060318,0.439465832946196,0.4378538915176621,0.5264234760909275,-0.08856958457326547,0.9787622212908575,0.036785058707738384,0.8058026310028538,0.661577154458321,306,1611,1623,False,right,left,True,0,0.0,none
415917__620468,Gabriel Magalhaes + J. Greaves,415917,Gabriel Magalhaes,620468,J. Greaves,1.0,0.9954954954954955,0.40193050193050195,0.6481338481338481,3.049015183964414,4.703736322635766,0.17656294072911694,0.02173490822983895,0.24118144290291368,1.153738886706814,0.9596165336863524,0.5417797957787996,0.5331115268841109,0.37065468228621623,0.16245684459789467,1.1916975784781967,-0.6328572078009244,1.2769861993466918,0.6613888667681594,307,1609,1634,False,left,left,False,0,0.0,none
288080__393247,I. Konaté + C. Burgess,393247,I. Konaté,288080,C. Burgess,1.0,1.0,0.41723278985507245,0.5733695652173914,2.4470104262143093,4.247040744038626,0.17656294072911694,0.53680623164123,0.4710480355708673,0.14341090822159913,0.14957092248199924,0.12707943828818108,0.30002949353227604,0.7486550818095863,-0.44862558827731025,0.6706747141713508,0.992147634923573,0.1299675279459643,0.6589751531519402,308,1612,1634,False,right,left,True,0,0.0,none
397074__578325,W. Saliba + M. Guéhi,578325,W. Saliba,397074,M. Guéhi,1.0,0.9967741935483871,0.44546059195211174,0.5654140339208513,2.101328735199563,3.785603589842655,0.17656294072911694,0.1679487032627498,0.8950780053725143,0.03590374652527706,-0.31557147560587673,-0.2919264855097445,0.27838084569276605,0.7834641598987906,-0.5050833142060246,0.6222821360583674,1.1417901234951626,0.0239948108440063,0.6584770672465338,309,1609,1628,False,right,left,True,0,0.0,none
366217__623641,E. Agbadou + K. Danso,623641,E. Agbadou,366217,K. Danso,1.0,1.0,0.4695121951219512,0.5982384823848239,2.3260299800756856,3.897890396213043,0.17656294072911694,0.53680623164123,1.256374309304655,0.4794773002040438,-0.01321795613483176,-0.18996495812575387,0.5859841963016726,0.2808998706644648,0.30508432563720767,1.3098871672136947,-1.0187086612043583,1.5447019362190604,0.658271372489352,310,1629,1624,False,center,right,False,0,0.0,none
136441__234399,B. Davies + A. Webster,136441,B. Davies,234399,A. Webster,1.0,0.986842105263158,0.40655209452201935,0.6023093447905479,2.9985571587125417,5.164557898631151,0.17656294072911694,-0.9677442130604601,0.3106056850128646,0.534488945131641,0.8917212199382099,0.9602267465719276,0.36627250919562077,0.6392464808313221,-0.27297397163570136,0.818751875095807,0.5218055224560447,0.4596704830803225,0.6578516909007814,311,1624,1651,False,left,left,False,0,0.0,none
393247__619747,L. Colwill + I. Konaté,619747,L. Colwill,393247,I. Konaté,0.9964285714285714,0.9857142857142858,0.4792410714285714,0.6125,2.5991449669646327,4.238631947143412,-2.8384737166366527,-1.0967056797491785,1.4025187066728375,0.6722004789760905,0.3542801302762428,0.11944386824560982,0.2968901098581254,0.751794465483737,-0.45490435562561155,0.663657053262262,1.0056436885788012,0.1181821075273191,0.6571580547102351,312,1610,1612,False,left,right,True,0,0.0,none
415917__590781,J. van Hecke + Gabriel Magalhaes,590781,J. van Hecke,415917,Gabriel Magalhaes,1.0,1.0,0.41577563540753726,0.6274905054046158,2.7948797034470574,4.469247021078965,0.17656294072911694,0.53680623164123,0.4491590782138405,0.8747748424437498,0.6176568930121364,0.32885284456539504,0.5290313815089889,0.372363184914198,0.1566681965947907,1.1825769740302106,-0.6255124403144914,1.2661207465296531,0.6568589042266885,313,1651,1609,False,right,left,True,0,0.0,none
136441__413002,K. Mavropanos + B. Davies,413002,K. Mavropanos,136441,B. Davies,1.0,1.0,0.4114308644806237,0.5860467782618666,2.9756598240469208,5.22414467253177,0.17656294072911694,0.53680623164123,0.3838931719771145,0.31472456934991055,0.8609110224848158,1.0143342474901638,0.4992145194207457,0.418398720293505,0.08081579912724063,1.1159254751289274,-0.4276079724273781,1.123743693148449,0.6544290844659401,314,1633,1624,False,right,left,True,0,0.0,none
475597__479155,N. Collins + S. Botman,479155,N. Collins,475597,S. Botman,1.0,0.9976525821596245,0.41619718309859155,0.5647887323943661,3.397671336614919,6.0400416508898145,0.17656294072911694,0.2683887814127616,0.45549144706399813,0.02745372731084275,1.428761308105516,1.7552058137092539,0.5992427017355085,0.25264649952545115,0.3465962022100574,1.339524734632448,-1.1401684929454918,1.6226208796419765,0.6522359953609718,315,1669,1613,False,right,right,False,0,0.0,none
136441__496001,M. Kilman + B. Davies,496001,M. Kilman,136441,B. Davies,1.0,1.0,0.42420958020513905,0.560722216347679,3.2586742311137655,5.859978102916294,0.17656294072911694,0.53680623164123,0.5758513848107804,-0.02749918304500293,1.2417295715090817,1.5916999222245496,0.6128144932606244,0.22934149554813982,0.38347299771248466,1.3698626100684208,-1.2403555413470193,1.6918396473681119,0.651192572103727,316,1633,1624,False,left,left,False,0,0.0,none
283145__578325,W. Saliba + T. Adarabioyo,578325,W. Saliba,283145,T. Adarabioyo,1.0,0.9859154929577465,0.4581820821838246,0.5858138521852766,2.1368005403439496,3.678433002545851,0.17656294072911694,-1.0736984697295928,1.0861765932200935,0.3115769201928845,-0.26784132113650955,-0.38924225327124684,0.2736632152679609,0.7830376831121055,-0.5093744678441448,0.611736521360718,1.1399567210846184,0.01594019647452702,0.6510433163006499,317,1609,1610,False,right,right,False,0,0.0,none
192792__769441,D. Burn + L. Yoro,192792,D. Burn,769441,L. Yoro,1.0,0.9979338842975207,0.4123048668503214,0.5655417814508723,2.674367558698978,4.5992284326984905,0.17656294072911694,0.30055450891947755,0.3970221856054318,0.03763006420971016,0.45549815141872163,0.4468818783286088,0.30720843331437175,0.7275986215951289,-0.420390188280757,0.6867222477978822,0.9016269638812306,0.18296615668764268,0.6504424444008388,318,1613,1611,False,left,right,True,0,0.0,none
7919__627012,Murillo + M. Keane,627012,Murillo,7919,M. Keane,1.0,1.0,0.40683111954459206,0.6284629981024668,2.4399334798678516,3.84398532276977,0.17656294072911694,0.53680623164123,0.31479711909932534,0.8879166334592441,0.14004832443792115,-0.23891321660496,0.35621516261883956,0.6459727924906891,-0.2897576298718494,0.7962700585207333,0.5507216004123853,0.42816709117181734,0.6489849276184456,319,1642,1623,False,left,left,False,0,0.0,none
590703__620468,I. Zabarnyi + J. Greaves,590703,I. Zabarnyi,620468,J. Greaves,1.0,0.9954954954954955,0.4254360743722446,0.6044661682959556,2.8960320131512884,4.742114929132413,0.17656294072911694,0.02173490822983895,0.5942754294052481,0.5636352038418726,0.7537654261827476,0.5766293160720332,0.5112809714907224,0.3924852376796048,0.11879573381111756,1.1428983710193221,-0.5390087402375229,1.195033083707453,0.6487531801798948,320,1659,1634,False,right,left,True,0,0.0,none
346131__578325,W. Saliba + T. Chalobah,578325,W. Saliba,346131,T. Chalobah,1.0,1.0,0.4717449408171057,0.5880743286241568,1.9794118763763384,3.383443124003341,0.17656294072911694,0.53680623164123,1.2899139765602377,0.3421238939859622,-0.47962037247949363,-0.6571064801671346,0.45357788394167275,0.4860164536563209,-0.03243856971464815,1.0139110461628742,-0.13692271308061826,0.9111621023667672,0.648111129630605,321,1609,1628,False,right,right,False,0,0.0,none
424806__568412,E. Pinnock + J. Gvardiol,424806,E. Pinnock,568412,J. Gvardiol,1.0,1.0,0.42311276794035413,0.6297763280521902,2.781043000124345,4.402557393563996,0.17656294072911694,0.53680623164123,0.5593753846632665,0.9056643325132263,0.5990385006226986,0.2682956295025146,0.5649365064154794,0.30319954805674537,0.2617369583587341,1.262837948044609,-0.9228434615925534,1.4633377258447984,0.6472334807134983,322,1669,1625,False,left,left,False,0,0.0,none
7919__136441,B. Davies + M. Keane,136441,B. Davies,7919,M. Keane,1.0,1.0,0.38660302830809745,0.5827847267939434,3.4061611374407583,5.911216429699842,0.17656294072911694,0.53680623164123,0.010936517885340002,0.2706428001315221,1.4401850149955955,1.6382266534436898,0.5091436761169164,0.3933239470565167,0.11581972906039964,1.138120740836865,-0.535403170505748,1.1894470402677984,0.6463288273202679,323,1624,1623,False,left,left,False,0,0.0,none
365443__399581,D. O'Shea + M. de Ligt,399581,D. O'Shea,365443,M. de Ligt,1.0,0.9946236559139785,0.3974040847489979,0.6023096010689063,2.978737541528239,4.9643687707641195,0.17656294072911694,-0.0779563156562349,0.17318689858151437,0.5344924083521221,0.8650523378252234,0.7784459131616145,0.3849770006711877,0.5920259789447007,-0.20704897827351312,0.8605631961309732,0.3188069427233348,0.5834135236757008,0.6426063856176273,324,1634,1611,False,right,right,False,0,0.0,none
62126__501419,J. Todibo + M. Doherty,501419,J. Todibo,62126,M. Doherty,1.0,1.0,0.42342342342342343,0.5746799431009957,2.001915195735827,3.3713587304988266,0.17656294072911694,0.53680623164123,0.5640419624808282,0.16111871449686488,-0.44934035417397333,-0.6680796591100385,0.16676632796759766,0.9473357626044334,-0.7805694346368358,0.37278321549758753,1.8462659608685323,-0.4931002762445483,0.6416513407604438,325,1633,1629,False,right,right,False,0,0.0,none
366217__475597,K. Danso + S. Botman,366217,K. Danso,475597,S. Botman,1.0,1.0,0.43617886178861787,0.5593495934959349,3.0002036106963486,5.413117619112257,0.17656294072911694,0.53680623164123,0.7556505094802238,-0.04604813739764241,0.8939366529333346,1.1859302781408414,0.579288493829669,0.27312126178130774,0.30616723204836105,1.2949198442058172,-1.0521485123810461,1.5467345815810425,0.6411622847048033,326,1624,1613,False,right,right,False,0,0.0,none
9433__136441,J. Tarkowski + B. Davies,9433,J. Tarkowski,136441,B. Davies,1.0,0.9970588235294118,0.37388955582232897,0.5896158463385355,3.4248459958932234,5.884736481861738,0.17656294072911694,0.20049495576673537,-0.18004162967578102,0.36295521096532324,1.4653269883613222,1.6141816564053424,0.4284994753508591,0.5184357041658125,-0.08993622881495345,0.9578517090773789,0.0024460260578848536,0.8032374018651042,0.6403071427290759,327,1623,1624,False,right,left,True,0,0.0,none
475597__604320,J. Branthwaite + S. Botman,604320,J. Branthwaite,475597,S. Botman,1.0,0.9954954954954955,0.4103603603603604,0.581981981981982,2.974143457511219,5.2156278937246245,0.17656294072911694,0.02173490822983895,0.36781236525233524,0.2597948990821034,0.8588706298775991,1.0066006249601602,0.4300137495282895,0.5148119204411744,-0.08479817091288494,0.9612366609671703,-0.013132439226671254,0.812881679022085,0.6392549345200007,328,1623,1613,False,left,right,True,0,0.0,none
7919__145787,J. Andersen + M. Keane,145787,J. Andersen,7919,M. Keane,1.0,0.9963503649635037,0.3963974570284907,0.63279962326348,3.1371375684171894,4.950947069430482,0.17656294072911694,0.11948567033711163,0.1580656248648858,0.9465196663709696,1.0781922589706778,0.766258397884394,0.5125864417175678,0.3798894674278529,0.13269697428971494,1.1458165703634628,-0.5931573276007924,1.2211260975575813,0.6391863064130099,329,1616,1623,False,right,left,True,0,0.0,none
145787__399581,J. Andersen + D. O'Shea,145787,J. Andersen,399581,D. O'Shea,1.0,0.9963503649635037,0.3905757353258757,0.6060769662678702,3.2166907166907164,5.3242544492544495,0.17656294072911694,0.11948567033711163,0.07061338649127319,0.5854027403610311,1.185237390735583,1.1052384780998123,0.4597095508710934,0.46585610308518977,-0.006146552214096296,1.0276175452035783,-0.22359105351205805,0.9605129482747962,0.638834046203131,330,1616,1634,False,right,right,False,0,0.0,none
9433__627012,Murillo + J. Tarkowski,627012,Murillo,9433,J. Tarkowski,1.0,0.9970588235294118,0.3941176470588235,0.6352941176470588,2.4586183383203166,3.8175053749316663,0.17656294072911694,0.20049495576673537,0.12381897153820431,0.9802290442930452,0.16519029780364813,-0.2629582136433073,0.2755709618527823,0.7662755501923153,-0.490704588339533,0.6160010267612472,1.0678971486518998,0.0509840780075521,0.6385664735777039,331,1642,1623,False,left,right,True,0,0.0,none
62126__258154,Rúben Dias + M. Doherty,258154,Rúben Dias,62126,M. Doherty,1.0,0.9939024390243902,0.43358602504943966,0.5634475939353988,2.086152232176395,3.6260817535331906,0.17656294072911694,-0.16042446224492046,0.7167016575492524,0.009330237654272877,-0.33599267578590963,-0.43677956849404576,0.16024861730422155,0.9538534732678097,-0.7936048559635881,0.3582137687250452,1.8742852735592552,-0.517568123538096,0.63787884172268,332,1625,1629,False,right,right,False,0,0.0,none
479155__590874,N. Collins + Toti,479155,N. Collins,590874,Toti,1.0,0.9920346046315345,0.4411035501397901,0.5846389196602837,2.5781672560848765,4.385635531516538,0.17656294072911694,-0.374003543291333,0.8296277694047249,0.2956994562953306,0.3260529403537433,0.25292980909750024,0.4039664722573098,0.5547443547159056,-0.15077788245859586,0.9030115510521781,0.1585351017601576,0.6890359308789373,0.6368734922299237,333,1669,1629,False,right,left,True,0,0.0,none
240032__590781,J. van Hecke + J. Bednarek,590781,J. van Hecke,240032,J. Bednarek,1.0,1.0,0.4550613496932515,0.5995143149284254,2.7628591229033863,4.604062607784775,0.17656294072911694,0.53680623164123,1.0392978422926347,0.4967182776384552,0.574570637623465,0.4512715291822755,0.6657475661288952,0.1268440876089095,0.5389034785199855,1.4881872224196384,-1.6809867800387657,1.9835869698237136,0.6365149711629323,334,1651,1619,False,right,center,False,0,0.0,none
393247__557788,I. Konaté + W. Fofana,393247,I. Konaté,557788,W. Fofana,1.0,0.9861111111111112,0.42447916666666663,0.6041666666666667,2.4853518635163567,4.1007009126606535,0.17656294072911694,-1.051330348877223,0.5799010355327003,0.559587885204301,0.2011623968249363,-0.005803784654284216,0.25700017972080674,0.7916843956210557,-0.534684215900249,0.5744885945944368,1.1771285064012682,-0.03156690244862012,0.6340694687278748,335,1612,1610,False,right,right,False,0,0.0,none
9433__620468,J. Tarkowski + J. Greaves,9433,J. Tarkowski,620468,J. Greaves,1.0,0.9925543190249073,0.3809220985691574,0.6537360890302066,3.4799922580817393,5.3239203027357,0.17656294072911694,-0.31457636764465563,-0.07440078387719024,1.2294448320996134,1.5395307003503809,1.1049350578626265,0.547470460210172,0.3165331669225327,0.2309372932876393,1.2237950012711514,-0.8655228998807991,1.405525900452905,0.633345810761917,336,1623,1634,False,right,left,True,0,0.0,none
62126__285382,W. Faes + M. Doherty,285382,W. Faes,62126,M. Doherty,1.0,1.0,0.40133507000976876,0.6089221751872353,2.068639509735074,3.3218121443655964,0.17656294072911694,0.53680623164123,0.23223703488632552,0.6238515031089118,-0.3595574462818275,-0.7130702128723626,0.15214954183952062,0.9619525487325106,-0.8098030068929899,0.3401093981900326,1.90910279456803,-0.5479725019961251,0.6331910370662003,337,1631,1629,False,right,right,False,0,0.0,none
62126__549884,T. Harwood-Bellis + M. Doherty,549884,T. Harwood-Bellis,62126,M. Doherty,1.0,1.0,0.3949681388705779,0.5817402768622281,2.3059798664295816,3.9551335004130324,0.17656294072911694,0.53680623164123,0.13659481628924064,0.2565286142264943,-0.04019698969575458,-0.13798561589404668,0.15062271573979993,0.9634793748322312,-0.8128566590924313,0.33669638820236825,1.9156665437311862,-0.5537042918501439,0.6323072988505111,338,1619,1629,False,right,right,False,0,0.0,none
620468__769441,J. Greaves + L. Yoro,620468,J. Greaves,769441,L. Yoro,1.0,0.9954954954954955,0.43843843843843844,0.5882132132132132,2.4565408479145208,4.0348086499688485,0.17656294072911694,0.02173490822983895,0.7895932236630049,0.34400071244299163,0.16239486809338521,-0.06563695619077059,0.38278309026147633,0.58413747203986,-0.2013543817783836,0.8556590108136306,0.28489464543900567,0.594102439204288,0.6321183868793746,339,1634,1611,False,left,right,True,0,0.0,none
192792__777938,D. Burn + Dean Huijsen,192792,D. Burn,777938,Dean Huijsen,1.0,0.993996876423505,0.40268106982494956,0.5929914752391487,3.328284328284328,5.596277596277597,0.17656294072911694,-0.1496259391015003,0.2524562591469349,0.4085718100984138,1.3353955317570734,1.352247868168229,0.5083018694642556,0.37805869237994666,0.13024317708430888,1.136238997713834,-0.601027738115009,1.2165202521609317,0.6311152278546007,340,1613,1659,False,left,left,False,0,0.0,none
9097__578325,W. Saliba + L. Dunk,578325,W. Saliba,9097,L. Dunk,1.0,1.0,0.46369341102644557,0.58673240699238,1.9868681451313701,3.405880546238575,0.17656294072911694,0.53680623164123,1.1689661988248679,0.3239898209148204,-0.46958736575784116,-0.6367322802445042,0.4111617181205759,0.5355173614784395,-0.12435564335786359,0.9190955346830055,0.0758792179004852,0.73863120634146,0.6300377739799403,341,1609,1651,False,right,left,True,0,0.0,none
346131__620468,T. Chalobah + J. Greaves,346131,T. Chalobah,620468,J. Greaves,1.0,0.9954954954954955,0.41991991991991995,0.6082749416082749,2.8609154929577465,4.652965872156013,0.17656294072911694,0.02173490822983895,0.5114133348716542,0.6151051048565594,0.7065133360666164,0.49567791752416923,0.47739026523469585,0.42637594393563144,0.05101432129906437,1.0671403531533865,-0.39331428631938137,1.067805492890557,0.6291369892589902,342,1628,1634,False,right,left,True,0,0.0,none
7919__496001,M. Kilman + M. Keane,496001,M. Kilman,7919,M. Keane,1.0,1.0,0.39244526157446097,0.6230987798763162,3.2648353685545235,5.237861199282802,0.17656294072911694,0.53680623164123,0.09869687510316716,0.815427210098677,1.2500198753308747,1.0267894776560778,0.5591481946081176,0.29176958970410016,0.26737860490401744,1.2498989722084903,-0.9719802818144576,1.4739272528492589,0.6281408521297597,343,1633,1623,False,left,left,False,0,0.0,none
192792__234399,D. Burn + A. Webster,192792,D. Burn,234399,A. Webster,1.0,0.9847759895606786,0.38745106568073073,0.6437581557198782,3.2715301316855143,5.168161502234755,0.17656294072911694,-1.2039959357822125,0.023675492753882345,1.0946079180326498,1.2590282152526047,0.9634989825485911,0.4096688371078291,0.5352066143583525,-0.12553777725052348,0.915758404273831,0.07454333154787586,0.7364123082451806,0.6275246632503144,344,1613,1651,False,left,left,False,0,0.0,none
234399__620468,J. Greaves + A. Webster,620468,J. Greaves,234399,A. Webster,1.0,0.9823376007586534,0.4135846372688478,0.666429587482219,3.053703420901057,4.603741719505113,0.17656294072911694,-1.4828155364718512,0.4162465308114554,1.4009785662659313,0.9659249319272684,0.45098014802921166,0.4852434940549337,0.41162161723691887,0.07362187681801466,1.0846951672895795,-0.456742400064179,1.1102405014915329,0.6273729639238426,345,1634,1651,False,left,left,False,0,0.0,none
399581__627012,Murillo + D. O'Shea,627012,Murillo,399581,D. O'Shea,1.0,1.0,0.401009397841977,0.6017403411068569,2.5194866281413786,4.2172927025937375,0.17656294072911694,0.53680623164123,0.22734488072571274,0.5267997074493056,0.24709345620282652,0.10006686361045847,0.3033382717723651,0.7084982149833355,-0.4051599432109704,0.6780710333608487,0.8195152696044307,0.21155374900781293,0.6272008473633162,346,1642,1634,False,left,right,True,0,0.0,none
8653__590781,J. van Hecke + H. Maguire,590781,J. van Hecke,8653,H. Maguire,1.0,1.0,0.43750815820388983,0.6068724709567942,2.9299801410026354,4.827907146986613,0.17656294072911694,0.53680623164123,0.7756188200446625,0.5961528019263125,0.7994453508354411,0.6545325520160669,0.6474041224648519,0.14518753127295275,0.5022165911918992,1.4471829741657012,-1.6021292316766473,1.9147246650068388,0.6258976505812242,347,1651,1611,False,right,center,False,0,0.0,none
136441__568412,B. Davies + J. Gvardiol,136441,B. Davies,568412,J. Gvardiol,1.0,1.0,0.425399889685604,0.5710148924434639,2.747570850202429,4.951889338731444,0.17656294072911694,0.53680623164123,0.593731873391544,0.11159101119490517,0.5539990423912453,0.7671140212673965,0.46127253364848253,0.4490358748627794,0.012236658785703097,1.0311113784768977,-0.29590037474984743,0.9950187450751689,0.6257893258285284,348,1624,1625,False,left,left,False,0,0.0,none
424806__625787,E. Pinnock + M. van de Ven,424806,E. Pinnock,625787,M. van de Ven,1.0,1.0,0.424287856071964,0.5907046476761619,2.834254928786886,4.742775034610765,0.17656294072911694,0.53680623164123,0.5770272224949147,0.37766874009320106,0.6706394119475615,0.5772287218703007,0.5071489771080594,0.3733433638463192,0.1338056132617401,1.133661865238093,-0.6212987000289206,1.2232070436498659,0.6250827313403435,349,1669,1624,False,left,left,False,0,0.0,none
393247__583655,I. Konaté + C. Okoli,393247,I. Konaté,583655,C. Okoli,1.0,0.9918032786885246,0.4053534836065574,0.5665983606557377,2.6174855783183446,4.636011859807168,0.17656294072911694,-0.4004547011237593,0.29260049464982985,0.051908159183936875,0.37895889160265406,0.4802829031831862,0.19527475298348032,0.8822398969802636,-0.6869651439967833,0.43650988307917177,1.5664220850049062,-0.3174024271308154,0.6247010816148946,350,1612,1631,False,right,left,True,0,0.0,none
399581__424806,D. O'Shea + E. Pinnock,399581,D. O'Shea,424806,E. Pinnock,1.0,1.0,0.37849418486023256,0.6148235054070599,3.5191864356362013,5.735191864356362,0.17656294072911694,0.53680623164123,-0.11087220921655011,0.7035991954399047,1.592269604991954,1.4783883418942263,0.5599307580374389,0.28587356095491745,0.2740571970825214,1.251648285244692,-0.9973270149987234,1.4864631555610608,0.6239186692349411,351,1634,1669,False,right,left,True,0,0.0,none
50102__393247,F. Schär + I. Konaté,50102,F. Schär,393247,I. Konaté,1.0,1.0,0.41165865384615385,0.5537587412587412,2.4534743387812714,4.423691369893836,0.17656294072911694,0.53680623164123,0.38731495867715005,-0.12160018201666578,0.15826863448288953,0.28748624125773403,0.23506603566891088,0.8136185396729515,-0.5785525040040406,0.5254578289206749,1.2714222964350634,-0.11390889565677913,0.6213738242595006,352,1613,1612,False,right,right,False,0,0.0,none
568412__590781,J. van Hecke + J. Gvardiol,590781,J. van Hecke,568412,J. Gvardiol,1.0,1.0,0.44627756590946777,0.6144917924059028,2.548581631873588,4.156583858048605,0.17656294072911694,0.53680623164123,0.9073503545010615,0.6991165880661313,0.28624311370608796,0.044940471511276,0.5761633731326733,0.2549678915394662,0.3211954815932071,1.2879340662226835,-1.1301889445921225,1.5749430226997028,0.6198989542736456,353,1651,1625,False,right,left,True,0,0.0,none
366217__590781,J. van Hecke + K. Danso,590781,J. van Hecke,366217,K. Danso,1.0,1.0,0.44957354481520273,0.5963639084243604,2.7745956873315363,4.647068733153638,0.17656294072911694,0.53680623164123,0.9568616069556855,0.4541452238954612,0.590363124947272,0.49032304708734875,0.6346542979014426,0.15793735583636218,0.4767169420650803,1.4186824929492454,-1.5473183725200101,1.8668611165081346,0.6185179580202467,354,1651,1624,False,right,right,False,0,0.0,none
9433__496001,M. Kilman + J. Tarkowski,496001,M. Kilman,9433,J. Tarkowski,1.0,0.9970588235294118,0.37973178908869243,0.6299298994209083,3.283520227006989,5.211381251444698,0.17656294072911694,0.20049495576673537,-0.09228127245795387,0.9077396209324782,1.2751618486966017,1.0027444806177306,0.4785039938420603,0.4120723474057265,0.06643164643633379,1.0696299404490044,-0.4548047335749425,1.0967442396849936,0.6177223980890182,355,1633,1623,False,left,right,True,0,0.0,none
7919__366217,M. Keane + K. Danso,7919,M. Keane,366217,K. Danso,1.0,1.0,0.39693154996066093,0.6152635719905586,2.9797460431011356,4.820257310202987,0.17656294072911694,0.53680623164123,0.16608861613855463,0.7095460401679151,0.8664093574542223,0.6475861522749975,0.466097159764745,0.431994843272244,0.03410231649250087,1.041896167343529,-0.3691589186417543,1.03606119091042,0.6174126462613222,356,1623,1624,False,left,right,True,0,0.0,none
424806__479155,N. Collins + E. Pinnock,479155,N. Collins,424806,E. Pinnock,1.0,0.9976525821596245,0.4064270681560628,0.6170875829690788,3.4045247815008635,5.519966300446588,0.17656294072911694,0.2683887814127616,0.3087275747016646,0.7341948330510413,1.437983167036064,1.282953740647,0.6433816390900884,0.14224696644624915,0.5011346726438393,1.4381912651978017,-1.6147705730343918,1.9126938738912758,0.6172032354668385,357,1669,1669,True,right,left,True,22,1916.0,very_high
234399__424806,E. Pinnock + A. Webster,424806,E. Pinnock,234399,A. Webster,1.0,0.986842105263158,0.40426497277676954,0.6610707803992741,3.032029308634457,4.615225953463703,0.17656294072911694,-0.9677442130604601,0.2762491962845871,1.3285622664499621,0.9367606781696631,0.46140835480704573,0.46993648196261767,0.4252811250709906,0.04465535689162706,1.0504784446635185,-0.3980208579504982,1.0558695403681044,0.6170068730202307,358,1669,1651,False,left,left,False,0,0.0,none
240032__399581,J. Bednarek + D. O'Shea,240032,J. Bednarek,399581,D. O'Shea,1.0,1.0,0.39659763313609464,0.5916913214990138,3.047562626946513,5.150558564658091,0.17656294072911694,0.53680623164123,0.1610726131018912,0.3910021679009706,0.9576620018953207,0.9475147145853428,0.4443135371457231,0.46694661579571023,-0.022633078649987093,0.9932018716540375,-0.21890299382248407,0.9295672809946335,0.6168434938792002,359,1619,1634,False,center,right,False,0,0.0,none
365443__590781,J. van Hecke + M. de Ligt,590781,J. van Hecke,365443,M. de Ligt,1.0,0.9946236559139785,0.4558678013061548,0.6101325944983178,2.694034037485112,4.417872813890804,0.17656294072911694,-0.0779563156562349,1.0514121277722577,0.6402085180896068,0.4819609735533678,0.28220272775854727,0.6064110296543597,0.20115700702717,0.4052540226271897,1.3555485468965738,-1.3615192501527222,1.7327232351057964,0.6158631454236295,360,1651,1611,False,right,right,False,0,0.0,none
393247__504375,M. Lacroix + I. Konaté,504375,M. Lacroix,393247,I. Konaté,1.0,0.9964788732394366,0.4092209507042254,0.5730633802816901,2.467479904404479,4.288680070338793,0.17656294072911694,0.13418005629852428,0.350696479275038,0.13927327464762024,0.1771142446204482,0.16488984047203936,0.22472884311882263,0.82395573222304,-0.5992268891042172,0.502350455118043,1.315861371037234,-0.1527152897762357,0.6153905809149446,361,1628,1612,False,center,right,False,0,0.0,none
8360__240032,J. Bednarek + C. Dawson,240032,J. Bednarek,8360,C. Dawson,1.0,1.0,0.4472222222222222,0.6430555555555555,2.3902334966986265,3.757576045672563,0.17656294072911694,0.53680623164123,0.9215407114545779,1.0851133228059864,0.07317301701738987,-0.31737677040767276,0.5901371063191755,0.22654410350455828,0.36359300281461715,1.319170427023179,-1.2523813900592187,1.6545243456862813,0.6147756656310801,362,1619,1629,False,center,left,False,0,0.0,none
424806__777938,Dean Huijsen + E. Pinnock,777938,Dean Huijsen,424806,E. Pinnock,1.0,0.9960629921259843,0.41949497692098836,0.6103040999185447,3.088783505233271,5.043342047506545,0.17656294072911694,0.08662578362025217,0.5050299626776398,0.6425261585157263,1.0131279946741316,0.8501572404266836,0.5685695143190442,0.26152474476324195,0.3070447695558022,1.2709590381035218,-1.1020013599887613,1.5483817438160188,0.6145554598183363,363,1659,1669,False,left,left,False,0,0.0,none
399581__475597,D. O'Shea + S. Botman,399581,D. O'Shea,475597,S. Botman,1.0,1.0,0.38826429980276134,0.5625246548323471,3.5123329907502567,6.255267214799589,0.17656294072911694,0.53680623164123,0.0358916631457834,-0.0031419103002938986,1.5830477460614059,1.9506404149564802,0.515791820682859,0.3477144764193839,0.1680773442634751,1.1529817546793382,-0.7314760073410945,1.2875360330715615,0.6145552817516531,364,1634,1613,False,right,right,False,0,0.0,none
413002__424806,K. Mavropanos + E. Pinnock,413002,K. Mavropanos,424806,E. Pinnock,1.0,1.0,0.4091437427353739,0.6448082138705928,3.0091319739688362,4.674812727364322,0.17656294072911694,0.53680623164123,0.349536683248837,1.1087978906682316,0.905950480716269,0.515515855725282,0.6028784921877426,0.20443336453317343,0.3984451276545691,1.347652044696639,-1.3474343528339214,1.7199427504362308,0.6135842665853892,365,1633,1669,False,right,left,True,0,0.0,none
620468__777938,Dean Huijsen + J. Greaves,777938,Dean Huijsen,620468,J. Greaves,1.0,0.9915584876214798,0.42881464141306663,0.6156629070014896,3.110457617499871,5.031857813547955,0.17656294072911694,-0.42844553979113886,0.645027297204508,0.7149424583316953,1.042292248431737,0.8397290336488495,0.5838765264113601,0.2298535931547715,0.3540229332565886,1.3051757607295824,-1.238154059306859,1.6365610597544402,0.6084538745236217,366,1659,1634,False,left,left,False,0,0.0,none
9433__366217,J. Tarkowski + K. Danso,9433,J. Tarkowski,366217,K. Danso,1.0,0.9970588235294118,0.3842180774748924,0.6220946915351506,2.998430901553601,4.793777362364883,0.17656294072911694,0.20049495576673537,-0.02488953142256639,0.8018584510017163,0.8915513308199493,0.6235411552366502,0.3854529589986876,0.5522976009738705,-0.16684464197518278,0.8616271355840428,0.14801662959776124,0.6588781777461549,0.6069941922205807,367,1623,1624,False,right,right,False,0,0.0,none
8360__777938,Dean Huijsen + C. Dawson,777938,Dean Huijsen,8360,C. Dawson,1.0,0.9960629921259843,0.4348206474190726,0.6385608048993876,2.4836965107777544,3.950881949878941,0.17656294072911694,0.08662578362025217,0.7352478016773781,1.0243734592361624,0.19893498715144578,-0.1418462171545032,0.5041859212265183,0.35612110196497415,0.14806481926154416,1.1270383608851366,-0.6953363438915826,1.2499719687094357,0.6049126710169807,368,1659,1629,False,left,left,False,0,0.0,none
393247__415847,I. Konaté + C. Romero,393247,I. Konaté,415847,C. Romero,1.0,0.9805194805194806,0.42015016233766234,0.5657467532467533,2.6341907093995376,4.67705559246361,0.17656294072911694,-1.6907100111638727,0.5148719706204365,0.04039995287981485,0.40143698325011434,0.5175524792488443,0.14884126866204173,0.9361272965148338,-0.787286027852792,0.3327142079986133,1.7980813248256104,-0.5057075079573907,0.6046399998555115,369,1612,1624,False,right,right,False,0,0.0,none
9097__620468,L. Dunk + J. Greaves,9097,L. Dunk,620468,J. Greaves,1.0,0.9954954954954955,0.4118683901292597,0.6069330199764982,2.868371761712778,4.675403294391247,0.17656294072911694,0.02173490822983895,0.39046555713628456,0.5969710317854177,0.7165463427882688,0.5160521174467996,0.434974099413599,0.46879210975672825,-0.03381801034312926,0.9723248416735178,-0.21096930743576456,0.9085728540561719,0.604586199417264,370,1651,1634,False,left,left,False,0,0.0,none
8653__424806,E. Pinnock + H. Maguire,424806,E. Pinnock,8653,H. Maguire,1.0,1.0,0.41434336023477625,0.6221570066030815,3.162441509253392,5.073880682502004,0.17656294072911694,0.53680623164123,0.42764385020686746,0.8027005463734074,1.1122407377520518,0.8778877100073055,0.6361772557476582,0.13974672460508744,0.49643053114257063,1.422086855987627,-1.6255189878640934,1.9038640698507985,0.6041605456047452,371,1669,1611,False,left,center,False,0,0.0,none
7919__424806,E. Pinnock + M. Keane,424806,E. Pinnock,7919,M. Keane,1.0,1.0,0.38431590656284764,0.6415461624026697,3.439633287362674,5.3618844845323945,0.17656294072911694,0.53680623164123,-0.02341997084293751,1.0647161214498433,1.4852244732270488,1.139408261678808,0.6128076488839134,0.17687150014964728,0.435936148734266,1.3698473104045767,-1.4659214315624634,1.7903144366029524,0.6032101130541399,372,1669,1623,False,left,left,False,0,0.0,none
136441__366217,B. Davies + K. Danso,136441,B. Davies,366217,K. Danso,1.0,1.0,0.428695868591339,0.5528870084619213,2.9735849056603776,5.442374213836478,0.17656294072911694,0.53680623164123,0.6432431258461678,-0.13338035297576492,0.8581190536324295,1.2124965968434693,0.5197634584172518,0.3272142811439789,0.19254917727327286,1.1618598052034594,-0.819605323186623,1.3334703422179857,0.60174237408934,373,1624,1624,True,left,right,True,7,512.0,high
192792__590703,D. Burn + I. Zabarnyi,192792,D. Burn,590703,I. Zabarnyi,1.0,0.9979338842975207,0.39930250278412754,0.5817947365336147,3.1138587239357456,5.306534711862055,0.17656294072911694,0.30055450891947755,0.20170439134767504,0.2572645556085912,1.046868709508084,1.0891481505914125,0.43570631454361786,0.462378284385453,-0.026671969841835196,0.9739616080035737,-0.23854202244308612,0.9219861702318704,0.5998154313152351,374,1613,1659,False,left,right,True,0,0.0,none
240032__479155,N. Collins + J. Bednarek,479155,N. Collins,240032,J. Bednarek,1.0,0.9976525821596245,0.42453051643192485,0.5939553990610329,2.932900972811175,4.935333000748317,0.17656294072911694,0.2683887814127616,0.580672397020106,0.42159780551210724,0.8033755639394309,0.7520801133381164,0.5277644181983726,0.31036113815130306,0.21740328004706952,1.1797448516071471,-0.8920561433782388,1.3801221823115126,0.5982800192524045,375,1669,1619,False,right,center,False,0,0.0,none
479155__627012,N. Collins + Murillo,479155,N. Collins,627012,Murillo,1.0,0.9976525821596245,0.4289422811378072,0.604004418668876,2.404824974006041,4.002067138683963,0.17656294072911694,0.2683887814127616,0.6469446646439274,0.5573953450604423,0.09280701824693671,-0.09536773763676787,0.38678915282501464,0.5396744822944738,-0.15288532946945912,0.8646140133139584,0.09375047270964533,0.6850801944014964,0.597448187350172,376,1669,1642,False,right,left,True,0,0.0,none
136441__415917,Gabriel Magalhaes + B. Davies,415917,Gabriel Magalhaes,136441,B. Davies,1.0,1.0,0.3948979591836735,0.584013605442177,2.9938689217758983,5.264552501761805,0.17656294072911694,0.53680623164123,0.1355405971043229,0.2872492655725236,0.8854128216972939,1.0510263943215155,0.414140542024798,0.49248257617849783,-0.07834203415369975,0.9257542862844245,-0.10912517523294246,0.8250000267432905,0.5951395959209875,377,1609,1624,False,left,left,False,0,0.0,none
424806__769441,E. Pinnock + L. Yoro,424806,E. Pinnock,769441,L. Yoro,1.0,1.0,0.4291187739463601,0.5828544061302683,2.4348667356479208,4.046292883927439,0.17656294072911694,0.53680623164123,0.6495958891361366,0.27158441262702254,0.13323061433577998,-0.05520874941293652,0.3674760781691604,0.5638143294340736,-0.1963382512649132,0.8214422881875699,0.1975264701793347,0.6035178552719078,0.5906826562019669,378,1669,1611,False,left,right,True,0,0.0,none
9433__424806,J. Tarkowski + E. Pinnock,9433,J. Tarkowski,424806,E. Pinnock,1.0,0.9970588235294118,0.3716024340770791,0.6483772819472617,3.4583181458151393,5.335404536694291,0.17656294072911694,0.20049495576673537,-0.21439811840405854,1.1570285322836442,1.5103664465927755,1.1153632646404605,0.532163448117856,0.2944406652492251,0.23772278286863094,1.1895782786450904,-0.9604974614217172,1.4182624525533678,0.5902923914067036,379,1623,1669,False,right,left,True,0,0.0,none
9433__365443,J. Tarkowski + M. de Ligt,9433,J. Tarkowski,365443,M. de Ligt,1.0,0.9916824794433903,0.3905123339658444,0.6358633776091082,2.9178692517071774,4.564581443102048,0.17656294072911694,-0.4142675915307295,0.06966098939400595,0.9879217451958617,0.783149179426045,0.41542083590784873,0.3572096907516048,0.579463978617655,-0.2222542878660502,0.7984931895313715,0.2648035305801318,0.5548727359377714,0.5896622011272796,380,1623,1611,False,right,right,False,0,0.0,none
590781__604320,J. van Hecke + J. Branthwaite,590781,J. van Hecke,604320,J. Branthwaite,1.0,0.9954954954954955,0.42375504338694525,0.6189962969104074,2.7485355341464066,4.449579007766006,0.17656294072911694,0.02173490822983895,0.5690234627277968,0.7599882603752071,0.5552971018915366,0.3109933939066678,0.4853795536000632,0.37010037999570666,0.11527917360435654,1.0849993097105985,-0.6352401256696544,1.1884324026875759,0.5896140976919182,381,1651,1623,False,right,left,True,0,0.0,none
286380__393247,I. Konaté + I. Diop,393247,I. Konaté,286380,I. Diop,1.0,1.0,0.40225694444444443,0.5902777777777778,2.235576193730432,3.744208155321851,0.17656294072911694,0.53680623164123,0.2460851689830793,0.3719002289179845,-0.1349307693684516,-0.3295154228648839,0.17865561447295322,0.8700289608689092,-0.691373346395956,0.39936008210761237,1.5139278803951475,-0.3256767452704717,0.588723056118256,382,1612,1616,False,right,right,False,0,0.0,none
7919__192792,D. Burn + M. Keane,192792,D. Burn,7919,M. Keane,1.0,0.9979338842975207,0.36750199946680884,0.6242335377232737,3.679134110413731,5.914820033303446,0.17656294072911694,0.30055450891947755,-0.2759936743736423,0.8307617730325307,1.8074920103099903,1.6414988894203533,0.5525400040291245,0.25743593920613417,0.29510406482299056,1.2351272700148885,-1.1195789309110062,1.525968709925033,0.586883697719149,383,1613,1623,False,left,left,False,0,0.0,none
590781__777938,J. van Hecke + Dean Huijsen,590781,J. van Hecke,777938,Dean Huijsen,1.0,0.9960629921259843,0.44265977489010194,0.5950195642722573,2.8563221369825142,4.797368511991154,0.17656294072911694,0.08662578362025217,0.8530049325154347,0.43597841406863125,0.7003326077575209,0.626802082435445,0.579796381036238,0.2127952727015667,0.36700110833467126,1.296055156281596,-1.3114869271560907,1.660921454251836,0.586765790844338,384,1651,1659,False,right,left,True,0,0.0,none
8360__366217,C. Dawson + K. Danso,8360,C. Dawson,366217,K. Danso,1.0,1.0,0.4417344173441734,0.6399051490514904,2.401970061126777,3.8005821710414263,0.17656294072911694,0.53680623164123,0.8391044761176287,1.0425402690629924,0.08896550434119682,-0.2783252525025995,0.5590438380917229,0.24097653318707565,0.31806730490464713,1.2496656975527858,-1.1903370955136474,1.569071348313096,0.5815459897849179,385,1629,1624,False,left,right,True,0,0.0,none
399581__496001,M. Kilman + D. O'Shea,496001,M. Kilman,399581,D. O'Shea,1.0,1.0,0.38662353987184594,0.5963761228807064,3.344388516828051,5.611168579106769,0.17656294072911694,0.53680623164123,0.011244636729554558,0.4543102840887386,1.35706500709578,1.3657695578714963,0.5062713037616432,0.32529924285251993,0.1809720609091232,1.131699947048606,-0.8278379771773267,1.311739773777033,0.5798465351265116,386,1633,1634,False,left,right,True,0,0.0,none
234399__496001,M. Kilman + A. Webster,496001,M. Kilman,234399,A. Webster,1.0,0.986842105263158,0.41239432778838286,0.6426233978729207,2.857231389826307,4.491202668214111,0.17656294072911694,-0.9677442130604601,0.3983660422306918,1.079273355098796,0.7015560802734891,0.34878957078431577,0.4162770276868219,0.4713372353356613,-0.05506020764883937,0.9305301064674323,-0.2000279396585792,0.8687006606818886,0.5789968034725201,387,1633,1651,False,left,left,False,0,0.0,none
365443__496001,M. Kilman + M. de Ligt,496001,M. Kilman,365443,M. de Ligt,1.0,0.9946236559139785,0.44083235834865453,0.6069697476182517,2.7516974869277186,4.539823064156603,0.17656294072911694,-0.0779563156562349,0.8255540038805673,0.5974673511855356,0.5595517625738045,0.39293910172705593,0.5415247086613701,0.2667267360921808,0.27479797256918936,1.2105040905224134,-1.0796382590185098,1.4878536116907295,0.5789312898937997,388,1633,1611,False,left,right,True,0,0.0,none
365443__623641,M. de Ligt + E. Agbadou,365443,M. de Ligt,623641,E. Agbadou,1.0,0.9946236559139785,0.47580645161290325,0.6120071684587813,2.245468330229262,3.6686944769502086,0.17656294072911694,-0.0779563156562349,1.3509248301212273,0.6655405943981894,-0.121620107528736,-0.39808527745455535,0.5577409280545896,0.23984198204790808,0.31789894600668167,1.246753221161023,-1.1952144742089892,1.5687553339931386,0.5785633351164425,389,1611,1629,False,right,center,False,0,0.0,none
604320__623641,J. Branthwaite + E. Agbadou,604320,J. Branthwaite,623641,E. Agbadou,1.0,0.9954954954954955,0.4436936936936937,0.6208708708708709,2.299969826890556,3.70040067082541,0.17656294072911694,0.02173490822983895,0.8685361650767665,0.7853203366837896,-0.04828397919056719,-0.3692946113064348,0.4367094520002932,0.4365443267475195,0.00016512525277376927,0.9762039839750478,-0.3496009163524985,0.9723601418985699,0.5776937454614883,390,1623,1629,False,left,center,False,0,0.0,none
240032__496001,M. Kilman + J. Bednarek,496001,M. Kilman,240032,J. Bednarek,1.0,1.0,0.44002590673575126,0.5963514680483593,2.820522572345993,4.7260128580505745,0.17656294072911694,0.53680623164123,0.8134397184009441,0.45397711073438407,0.6521614266439018,0.5620079031507842,0.6008612451359057,0.1668373500765557,0.4340238950593499,1.343142766045478,-1.5090577416879505,1.7867250834296606,0.576199077202286,391,1633,1619,False,left,center,False,0,0.0,none
545267__620468,J. Greaves + R. Drăgușin,620468,J. Greaves,545267,R. Drăgușin,1.0,0.9954954954954955,0.41991991991991995,0.5835835835835836,2.7496214003100627,4.623766825346468,0.17656294072911694,0.02173490822983895,0.5114133348716542,0.2814381603475526,0.5567582217729015,0.46916385494555013,0.3855422029309753,0.5182240062393519,-0.13268180330837664,0.8618266281341715,0.0015359472428175761,0.72300277323568,0.5759746528870671,392,1634,1624,False,left,right,True,0,0.0,none
413002__496001,M. Kilman + K. Mavropanos,496001,M. Kilman,413002,K. Mavropanos,1.0,1.0,0.41727309774698723,0.6263608313442395,2.834334055160686,4.550789442114729,0.17656294072911694,0.53680623164123,0.47165352919494163,0.8595089793170656,0.6707458828200951,0.40289707170255207,0.5492190379119469,0.2504894747978442,0.29872956311410265,1.227703706500553,-1.149441434542002,1.5327738707500151,0.5755741970376789,393,1633,1633,True,left,right,True,31,1915.0,very_high
475597__777938,Dean Huijsen + S. Botman,777938,Dean Huijsen,475597,S. Botman,1.0,0.9960629921259843,0.4292650918635171,0.558005249343832,3.0819300603473265,5.563417397949772,0.17656294072911694,0.08662578362025217,0.6517938350399732,-0.06421494722447235,1.0039061357435834,1.3224093134889376,0.5244305769644644,0.29079115448236925,0.23363942248209504,1.172292507538168,-0.9761865259761298,1.4105978718790757,0.5754098703520603,394,1659,1613,False,left,right,True,0,0.0,none
145787__496001,M. Kilman + J. Andersen,496001,M. Kilman,145787,J. Andersen,1.0,0.9963503649635037,0.4340040089255323,0.6107371128172157,2.989650662090196,4.899708742646933,0.17656294072911694,0.11948567033711163,0.7229804917903262,0.6483776831944447,0.8797368154841642,0.7197316666652538,0.616257258861276,0.1405568602326698,0.47570039862860614,1.377558439595019,-1.6220362552539032,1.8649530362898248,0.5751589504793035,395,1633,1616,False,left,right,True,0,0.0,none
412968__623641,E. Agbadou + M. Senesi,623641,E. Agbadou,412968,M. Senesi,1.0,1.0,0.42692307692307696,0.5594017094017094,2.363124686065794,4.3038245083547935,0.17656294072911694,0.53680623164123,0.6166127564332898,-0.04534386851851885,0.03669594138734722,0.17864167901298184,0.3014511673943826,0.6541283962561556,-0.352677228861773,0.6738526707778424,0.5857821337635039,0.3100652591506909,0.5746740273481105,396,1629,1659,False,center,left,False,0,0.0,none
558243__623641,S. van den Berg + E. Agbadou,558243,S. van den Berg,623641,E. Agbadou,1.0,1.0,0.4019607843137255,0.5408496732026145,2.426490875942026,4.6420301772875066,0.17656294072911694,0.53680623164123,0.24163633620277636,-0.29604701845390596,0.12196022434720127,0.485747809189623,0.1635690457882677,0.879011028785555,-0.7154419829972872,0.3656361304343766,1.5525413418640617,-0.3708542435778461,0.5744096190608375,397,1669,1629,False,left,center,False,0,0.0,none
8360__590874,Toti + C. Dawson,590874,Toti,8360,C. Dawson,1.0,0.9943820224719101,0.4637952559300874,0.6337390761548065,2.0354997799723282,3.207878576440785,0.17656294072911694,-0.10558609306286465,1.170496083839197,0.9592149735892098,-0.4041496065682977,-0.8165270746482889,0.4663391603781125,0.37850922273257803,0.08782993764553451,1.0424371264682095,-0.5990909306255368,1.136909425644505,0.5688731691753448,398,1629,1629,True,left,left,False,10,444.0,medium
9433__145787,J. Tarkowski + J. Andersen,9433,J. Tarkowski,145787,J. Andersen,1.0,0.9934091884929155,0.38368398454272223,0.6396307428080721,3.155822426869655,4.924467121592379,0.17656294072911694,-0.21682560553738295,-0.032912522696235236,1.0388320772047708,1.1033342323364046,0.7422134008460466,0.4319422409515106,0.4329299699545804,-0.0009877290030697872,0.9655475386039769,-0.36513885572839877,0.9701962024924989,0.5672713530819686,399,1623,1616,False,right,right,False,0,0.0,none
590781__627012,Murillo + J. van Hecke,627012,Murillo,590781,J. van Hecke,1.0,1.0,0.45947311439913385,0.6095633345362685,2.234783124098252,3.670796745720422,0.17656294072911694,0.53680623164123,1.105570109916456,0.6325158171867903,-0.13599790806902912,-0.39617632179260875,0.5247723007555372,0.27971865556486597,0.24505364519067122,1.1730563841264496,-1.023786645935506,1.4320226844115884,0.5657967351648907,400,1642,1651,False,left,right,True,0,0.0,none
365443__479155,N. Collins + M. de Ligt,479155,N. Collins,365443,M. de Ligt,1.0,0.992276238073603,0.4253369680448281,0.6045736786309253,2.864075887392901,4.749143206854345,0.17656294072911694,-0.34637376588470326,0.5927866824997291,0.5650880459632588,0.7107658998693336,0.5830113119143882,0.4684278817238372,0.3695187562101453,0.09890912551369185,1.0471061760840827,-0.6377404972813584,1.1577053684912666,0.5637720125558872,401,1669,1611,False,right,right,False,0,0.0,none
496001__627012,M. Kilman + Murillo,496001,M. Kilman,627012,Murillo,1.0,1.0,0.4444376714416336,0.6064004876562024,2.2924465735408583,3.7927469959862212,0.17656294072911694,0.53680623164123,0.8797119860247657,0.5897746502827191,-0.058407119048592415,-0.2854399478241001,0.45988597976254764,0.3831989721308156,0.076687007631732,1.028011927752289,-0.5789299321374143,1.1159938370228415,0.5635257516394886,402,1633,1642,False,left,left,False,0,0.0,none
393247__501419,I. Konaté + J. Todibo,393247,I. Konaté,501419,J. Todibo,1.0,1.0,0.42447916666666663,0.5493421052631579,2.0464545034590387,3.605174301964936,0.17656294072911694,0.53680623164123,0.5799010355327003,-0.18128444224168505,-0.3894091488424625,-0.45576448546260073,0.13405757035251334,0.9146270049893491,-0.7805694346368358,0.2996672814401355,1.705652645139146,-0.4931002762445483,0.5629093790129018,403,1612,1633,False,right,right,False,0,0.0,none
8653__136441,H. Maguire + B. Davies,8653,H. Maguire,136441,B. Davies,1.0,1.0,0.41663048198002606,0.5633955709943552,3.1289693593314762,5.623212627669453,0.17656294072911694,0.53680623164123,0.46200033893514497,0.008627225055086285,1.0672012795205985,1.3767061017721873,0.5325132829806613,0.26266101901565975,0.2698522639650015,1.1903602864199156,-1.0971165737155977,1.4785703794995837,0.5617592469951953,404,1611,1624,False,center,left,False,0,0.0,none
145787__479155,N. Collins + J. Andersen,479155,N. Collins,145787,J. Andersen,1.0,0.9940029471231281,0.4185086186217059,0.6083410438298893,3.1020290625553786,5.109028885344675,0.17656294072911694,-0.14893177989135672,0.4902131704094879,0.6159983779721678,1.0309509527796932,0.909803876852586,0.5431604319237429,0.24334888035063432,0.2998115515731087,1.2141605251566878,-1.1801384935167516,1.5348047930903623,0.559999673141391,405,1669,1616,False,right,right,False,0,0.0,none
258154__393247,I. Konaté + Rúben Dias,393247,I. Konaté,258154,Rúben Dias,1.0,0.9939024390243902,0.4346417682926829,0.538109756097561,2.1306915398996065,3.8598973249992996,0.17656294072911694,-0.16042446224492046,0.7325607306011245,-0.33307291908427705,-0.2760614704543988,-0.22446439484660793,0.12753985968913714,0.9211447156527253,-0.7936048559635881,0.285097834667593,1.7336719578298687,-0.517568123538096,0.559136879975138,406,1612,1625,False,right,right,False,0,0.0,none
412968__620468,J. Greaves + M. Senesi,620468,J. Greaves,412968,M. Senesi,1.0,0.9954954954954955,0.3931392931392932,0.5781704781704782,3.0658258738390014,5.28749214685219,0.17656294072911694,0.02173490822983895,0.10912241877339338,0.2082880994359626,0.982236663143667,1.071856635439489,0.3542014143692747,0.5495647948010525,-0.19536338043177776,0.7917686009613795,0.1362684323189853,0.6053477148581983,0.557834373148025,407,1634,1659,False,left,left,False,0,0.0,none
285382__393247,W. Faes + I. Konaté,285382,W. Faes,393247,I. Konaté,1.0,1.0,0.40239081325301207,0.5835843373493976,2.1131788174582855,3.555627715831706,0.17656294072911694,0.53680623164123,0.24809610793819759,0.2814483463703618,-0.2996262409503167,-0.5007550392249248,0.11944078422443623,0.9292437911174262,-0.8098030068929899,0.2669934641325804,1.7684894788386432,-0.5479725019961251,0.5544490753186581,408,1631,1612,False,right,right,False,0,0.0,none
399581__568412,D. O'Shea + J. Gvardiol,399581,D. O'Shea,568412,J. Gvardiol,1.0,1.0,0.3878138493523109,0.6066687989764913,2.833285135916715,4.70307981492192,0.17656294072911694,0.53680623164123,0.02912512531031819,0.5934004783286466,0.6693344779779435,0.5411836569143432,0.3547293441495013,0.5449936221671596,-0.1902642780176583,0.7929487154570829,0.1166171894198457,0.61491887148409,0.5544432888513131,409,1634,1625,False,right,left,True,0,0.0,none
415917__424806,Gabriel Magalhaes + E. Pinnock,415917,Gabriel Magalhaes,424806,E. Pinnock,1.0,1.0,0.3926108374384236,0.6427750410509032,3.027341071697814,4.715220556594357,0.17656294072911694,0.53680623164123,0.10118410837604538,1.0813225868908447,0.9304522799287471,0.5522080025566337,0.5178045147917949,0.2785172204181663,0.2392872943736287,1.157480855852136,-1.0289515556394857,1.4211990840310726,0.5542947780404368,410,1609,1669,False,left,left,False,0,0.0,none
578325__590874,W. Saliba + Toti,578325,W. Saliba,590874,Toti,1.0,0.9943820224719101,0.5096142708212672,0.5906405652727904,1.7807572701130365,3.0193316919571265,0.17656294072911694,-0.10558609306286465,1.8587762210549101,0.3768027618141454,-0.7469260538341166,-0.98773622153624,0.5222173842699313,0.2710593006478544,0.25115808362207703,1.1673452193221432,-1.061012780333134,1.4434808846192002,0.5540649524849715,411,1609,1629,False,right,left,True,0,0.0,none
393247__549884,T. Harwood-Bellis + I. Konaté,549884,T. Harwood-Bellis,393247,I. Konaté,1.0,1.0,0.3960238821138211,0.5564024390243902,2.3505191741527933,4.188949071879142,0.17656294072911694,0.53680623164123,0.1524538893411127,-0.08587454251205562,0.019734215635756225,0.07432955775339113,0.11791395812471556,0.9307706172171468,-0.8128566590924313,0.2635804541449161,1.7750532280017994,-0.5537042918501439,0.5535653371029691,412,1619,1612,False,right,right,False,0,0.0,none
7919__568412,M. Keane + J. Gvardiol,7919,M. Keane,568412,J. Gvardiol,1.0,1.0,0.3936355710549259,0.6333914559721011,2.753731987643188,4.3297724350979525,0.17656294072911694,0.53680623164123,0.11657736368393079,0.9545174043385851,0.5622893462130383,0.20220357669892475,0.4076062349959757,0.45582789132277657,-0.04822165632680085,0.9111477406169672,-0.26670183513645873,0.8815368111416616,0.5518706819958783,413,1623,1625,False,left,left,False,0,0.0,none
590781__625787,J. van Hecke + M. van de Ven,590781,J. van Hecke,625787,M. van de Ven,1.0,1.0,0.4474526540410776,0.5754201120298746,2.6017935605361293,4.496801499095373,0.17656294072911694,0.53680623164123,0.9250021923327099,0.17112099564610614,0.3578440250309508,0.35387356387906216,0.5183758438252531,0.27421580991255146,0.24416003391270166,1.1587579834161672,-1.0474431046192851,1.4303453512636157,0.5512151305750213,414,1651,1624,False,right,left,True,0,0.0,none
479155__496001,N. Collins + M. Kilman,479155,N. Collins,496001,M. Kilman,1.0,0.9976525821596245,0.41455642316767616,0.5986402004427254,3.229726862692713,5.395943015196995,0.17656294072911694,0.2683887814127616,0.4308444206477693,0.48490592169987523,1.2027785691398902,1.17033495662427,0.5897221848142927,0.15647551016365815,0.4332466746506345,1.3182429270017157,-1.5536027740721121,1.7852662191707165,0.5500938751133676,415,1669,1633,False,right,left,True,0,0.0,none
545267__578325,W. Saliba + R. Drăgușin,578325,W. Saliba,545267,R. Drăgușin,1.0,1.0,0.4717449408171057,0.5633829705994654,1.8681177837286544,3.354244077193797,0.17656294072911694,0.53680623164123,1.2899139765602377,0.008456949476955355,-0.6293754867732084,-0.6836205427457537,0.3617298216379523,0.5276351691562031,-0.1659053475182509,0.8085973211436595,0.04199406669146346,0.6606412594878028,0.5490251324768294,416,1609,1624,False,right,right,False,0,0.0,none
192792__479155,N. Collins + D. Burn,479155,N. Collins,192792,D. Burn,1.0,0.9955864664571451,0.3896131610600241,0.599774958289683,3.6440256045519206,6.072901849217638,0.17656294072911694,0.032137058691009183,0.056153871170959845,0.5002404846337289,1.7602507041190059,1.7850443683885453,0.5831139942352999,0.1658348960257199,0.4172790982095798,1.3034712248081142,-1.5133672415966042,1.7552946354209862,0.5487843670092731,417,1669,1613,False,right,left,True,0,0.0,none
62126__400549,Pau Torres + M. Doherty,400549,Pau Torres,62126,M. Doherty,1.0,1.0,0.41548691548691546,0.5362505362505362,1.9098870017883112,3.4041253588954667,0.17656294072911694,0.53680623164123,0.4448220101416779,-0.35819750740813083,-0.5731716589179016,-0.6383260701841524,0.005576763448895294,1.108525327123136,-1.1029485636742407,0.012466088543682308,2.5392118499993988,-1.0982148407984325,0.5483536311119742,418,1614,1629,False,left,right,True,0,0.0,none
7953__62126,C. Coady + M. Doherty,7953,C. Coady,62126,M. Doherty,1.0,1.0,0.4189189189189189,0.5540540540540541,1.7707906303396868,2.967244121342043,0.17656294072911694,0.53680623164123,0.4963765841261756,-0.11760946923416515,-0.7603369657960583,-1.035034104781016,0.003992872486852761,1.1101092180851784,-1.1061163455983258,0.008925517895976353,2.5460209181562368,-1.1041608553103461,0.54743686333279,419,1631,1629,False,right,right,False,0,0.0,none
366217__399581,D. O'Shea + K. Danso,399581,D. O'Shea,366217,K. Danso,1.0,1.0,0.39110982825804586,0.5885409149949488,3.059299191374663,5.193564690026954,0.17656294072911694,0.53680623164123,0.07863637776494203,0.3484291141579766,0.9734544892191277,0.986566232490416,0.4132202689182706,0.4403345192872984,-0.027114250369027953,0.9236971421836446,-0.33330706788100184,0.9211559974181959,0.5460876502111609,420,1634,1624,False,right,right,False,0,0.0,none
590703__590781,I. Zabarnyi + J. van Hecke,590703,I. Zabarnyi,590781,J. van Hecke,1.0,1.0,0.43928120784927993,0.5838228255667233,2.6418965326339316,4.507625627575612,0.17656294072911694,0.53680623164123,0.8022530647161749,0.2846711595788086,0.41180578550853164,0.3637023648586286,0.5072008261156002,0.28539082762220447,0.22180999849339578,1.1337777665713356,-0.9994022614915639,1.388393715030527,0.5447469478443041,421,1659,1651,False,right,right,False,0,0.0,none
8653__590874,Toti + H. Maguire,590874,Toti,8653,H. Maguire,1.0,0.9943820224719101,0.44901984221850344,0.5897083432942865,2.3360839838374057,3.9395499135719554,0.17656294072911694,-0.10558609306286465,0.9485440449099277,0.36420516961769667,0.00031051106973095655,-0.15213622154219425,0.3967620889148795,0.46429857851983336,-0.0675364896049539,0.8869071418420034,-0.23028677384610508,0.8452823334915767,0.5434240054654855,422,1629,1611,False,left,center,False,0,0.0,none
604320__620468,J. Branthwaite + J. Greaves,604320,J. Branthwaite,620468,J. Greaves,1.0,0.990990990990991,0.40990990990990994,0.6396396396396397,3.002671014663763,4.684068309322806,0.17656294072911694,-0.4933364151815521,0.36104582741687,1.0389523046382712,0.8972567425657525,0.5239203451200724,0.4894596989751854,0.3112922455128637,0.1781674534623216,1.0941199141585851,-0.8880533593241999,1.3064754478295584,0.5419390388479443,423,1623,1634,False,left,left,False,0,0.0,none
9433__568412,J. Tarkowski + J. Gvardiol,9433,J. Tarkowski,568412,J. Gvardiol,1.0,0.9970588235294118,0.3809220985691574,0.6402225755166931,2.772416846095653,4.303292487259849,0.17656294072911694,0.20049495576673537,-0.07440078387719024,1.0468298151723863,0.5874313195787653,0.17815857966057747,0.32696203422991843,0.5761306490244029,-0.24916861479448454,0.7308787088574813,0.2504737131030564,0.5043537979773963,0.5414522279551368,424,1623,1625,False,right,left,True,0,0.0,none
136441__479155,N. Collins + B. Davies,479155,N. Collins,136441,B. Davies,1.0,0.9976525821596245,0.40871418990131264,0.5583261473603526,3.3710526315789475,6.069298245614036,0.17656294072911694,0.2683887814127616,0.34308406342994213,-0.05987848826727976,1.3929437088046108,1.7817721324118818,0.5397176663230914,0.22805435034428306,0.3116633159788084,1.20646469563009,-1.2458889143069267,1.5570508835211052,0.540875850227188,425,1669,1624,False,right,left,True,0,0.0,none
424806__590703,I. Zabarnyi + E. Pinnock,590703,I. Zabarnyi,424806,E. Pinnock,1.0,1.0,0.4161164098801663,0.5991073612130106,2.8743579008846885,4.753599163091003,0.17656294072911694,0.53680623164123,0.4542780948783798,0.4912189040259035,0.7246011724251423,0.5870575228498672,0.4959739593984064,0.2985939922243978,0.19737996717400863,1.108681648393261,-0.9426425161449816,1.3425378688161356,0.5400556431163632,426,1659,1669,False,right,left,True,0,0.0,none
192792__415917,D. Burn + Gabriel Magalhaes,192792,D. Burn,415917,Gabriel Magalhaes,1.0,0.9979338842975207,0.3757969303423849,0.6254624163715072,3.2668418947488713,5.268156105365408,0.17656294072911694,0.30055450891947755,-0.15138959515465938,0.8473682384735324,1.2527198170116889,1.054298630298179,0.45753686993700643,0.3590816594746531,0.09845521046235325,1.0227608154624486,-0.6826090549880289,1.1568533573531532,0.5379683627054462,427,1613,1609,False,left,left,False,0,0.0,none
8360__413002,K. Mavropanos + C. Dawson,413002,K. Mavropanos,8360,C. Dawson,1.0,1.0,0.42446941323345816,0.6730649188514357,2.40404497951332,3.5823526297367176,0.17656294072911694,0.53680623164123,0.5797545222485754,1.4906451913886678,0.09175747319358318,-0.47648760185590483,0.5384948990952166,0.22273059296863668,0.31576430612658,1.2037313674782537,-1.268775481431787,1.5647485557460978,0.5341827504588104,428,1633,1629,False,right,left,True,0,0.0,none
8360__365443,M. de Ligt + C. Dawson,365443,M. de Ligt,8360,C. Dawson,1.0,0.9946236559139785,0.44802867383512546,0.6536738351254481,2.321408411280353,3.5713862517785913,0.17656294072911694,-0.0779563156562349,0.9336549969342011,1.228603563257138,-0.019436647052707416,-0.48644557183140097,0.53080056984464,0.2327639803090552,0.29803658953558476,1.1865317515001144,-1.2256424502559755,1.531473140127458,0.5318677686987562,429,1611,1629,False,right,left,True,0,0.0,none
9433__192792,D. Burn + J. Tarkowski,192792,D. Burn,9433,J. Tarkowski,1.0,0.9949927078269325,0.35478852698104035,0.6310646572678658,3.6978189688661964,5.888340085465342,0.17656294072911694,-0.03575676695501707,-0.46697182193476333,0.9230741838663319,1.8326339836757173,1.6174538923820059,0.4718958032630675,0.3277547597613614,0.144141043501706,1.054858238255403,-0.8172818325984037,1.2426069328046265,0.5307659559091058,430,1613,1623,False,left,right,True,0,0.0,none
7919__625787,M. Keane + M. van de Ven,7919,M. Keane,625787,M. van de Ven,1.0,1.0,0.3948106591865358,0.594319775596073,2.806943916305729,4.669990076144721,0.17656294072911694,0.53680623164123,0.13422920151557904,0.42652181191856,0.6338902575379011,0.5111366690667108,0.34981870568855555,0.5259717071123505,-0.17615300142379486,0.7819716578104509,0.034842926427174584,0.6414061289467291,0.5297199326227237,431,1623,1624,False,left,left,False,0,0.0,none
578325__583655,W. Saliba + C. Okoli,578325,W. Saliba,583655,C. Okoli,1.0,0.9918032786885246,0.4155822207199594,0.5582220719959439,2.0919832569608197,3.8337076520517117,0.17656294072911694,-0.4004547011237593,0.44625365809466566,-0.0612849118753368,-0.32814656497924405,-0.24824580908164207,0.047496056263550544,1.0193125578016164,-0.9718165015380659,0.1061709086790054,2.1556906093786736,-0.8520763239672839,0.529377372359648,432,1609,1631,False,right,left,True,0,0.0,none
136441__604320,J. Branthwaite + B. Davies,604320,J. Branthwaite,136441,B. Davies,1.0,0.9954954954954955,0.4028773671630814,0.5755193969479684,2.9475247524752475,5.244884488448845,0.17656294072911694,0.02173490822983895,0.25540498161827924,0.17246268350398092,0.823053030576694,1.0331669436627882,0.3704887141158724,0.4902197712600064,-0.11973105714413396,0.8281766219648126,-0.11885286058810594,0.7473116829012133,0.5278947893862171,433,1623,1624,False,left,left,False,0,0.0,none
366217__479155,N. Collins + K. Danso,479155,N. Collins,366217,K. Danso,1.0,0.9976525821596245,0.41904271155387607,0.5908049925569678,2.944637537239325,4.97833912611718,0.17656294072911694,0.2683887814127616,0.49823616168315676,0.3790247517691132,0.8191680512632379,0.7911316312431896,0.49667114997092005,0.2837490416428914,0.2129221083280287,1.1102401221367542,-1.0064602174367558,1.371710898735075,0.5275241755843654,434,1669,1624,False,right,right,False,0,0.0,none
192792__346131,D. Burn + T. Chalobah,192792,D. Burn,346131,T. Chalobah,1.0,0.9979338842975207,0.39378634833180287,0.585603509845934,3.0787422037422036,5.217385654885655,0.17656294072911694,0.30055450891947755,0.1188422968140811,0.308734456623278,0.9996166193919528,1.0081967520435486,0.4018156082875912,0.4382655244679638,-0.036449916180372625,0.898203590137638,-0.3422015732974776,0.9036326938187343,0.5271678618433226,435,1613,1628,False,left,right,True,0,0.0,none
346131__590781,J. van Hecke + T. Chalobah,590781,J. van Hecke,346131,T. Chalobah,1.0,1.0,0.43376505339695526,0.5876315988790426,2.6067800124403897,4.418476570599212,0.17656294072911694,0.53680623164123,0.7193909701825809,0.3361410605934954,0.36455369539240046,0.2827509663107647,0.4733101198595736,0.3192815338782311,0.1540285859813426,1.0580197487054,-0.8537078075734224,1.2611661242136312,0.5251307569233996,436,1651,1628,False,right,right,False,0,0.0,none
479155__568412,N. Collins + J. Gvardiol,479155,N. Collins,568412,J. Gvardiol,1.0,0.9976525821596245,0.4157467326481411,0.6089328765385102,2.7186234817813766,4.487854251012146,0.17656294072911694,0.2683887814127616,0.4487249092285329,0.6239961159397833,0.5150480400220538,0.3457490556671169,0.43818022520215083,0.37616988947829777,0.06201033572385298,0.9794916954101925,-0.6091476074749401,1.0884453168777735,0.524690628838169,437,1669,1625,False,right,left,True,0,0.0,none
62126__297957,M. Akanji + M. Doherty,297957,M. Akanji,62126,M. Doherty,1.0,0.9929577464788732,0.39760182717929193,0.5631899505138942,2.084088941916193,3.6233574091119536,0.17656294072911694,-0.2684461190441814,0.17615732881401536,0.005848570378607754,-0.33876899806310123,-0.4392533971413145,-0.04110422809447617,1.1552063186665076,-1.1963105467609836,-0.09188285492849624,2.739891101706037,-1.2734578719155822,0.5213343286644465,438,1625,1629,False,right,right,False,0,0.0,none
424241__475597,N. Milenković + S. Botman,424241,N. Milenković,475597,S. Botman,0.9967741935483871,0.9935483870967742,0.4134408602150538,0.586021505376344,3.064456542873809,5.33200466653704,-2.5466959756012724,-0.20090882511573044,0.4140867530303561,0.3143830439270161,0.9803941186714511,1.1122760278996007,0.19133321286500526,0.7753277150424236,-0.5839945021774184,0.42769911164056723,1.1068119533375944,-0.12412367713106154,0.5210684063953496,439,1642,1613,False,right,right,False,0,0.0,none
9433__625787,J. Tarkowski + M. van de Ven,9433,J. Tarkowski,625787,M. van de Ven,1.0,0.9970588235294118,0.38209718670076726,0.601150895140665,2.8256287747581945,4.643510128306618,0.17656294072911694,0.20049495576673537,-0.05674894604554198,0.5188342227523611,0.6590322309036281,0.4870916720283636,0.2691745049224983,0.6462744648139769,-0.37709995989147854,0.6017026260509648,0.5520184746666896,0.2642231157824637,0.5193014785819821,440,1623,1624,False,right,left,True,0,0.0,none
7919__777938,Dean Huijsen + M. Keane,777938,Dean Huijsen,7919,M. Keane,1.0,0.9960629921259843,0.3900177800355601,0.6139192278384557,3.061472492752114,4.9705570890405015,0.17656294072911694,0.08662578362025217,0.06223194169830404,0.6913792303410852,0.9763788402644713,0.7840651876230937,0.4112392428995404,0.4141530880292732,-0.0029138451297327506,0.9192688306758797,-0.44585973353266634,0.966580829112882,0.5191926611007164,441,1659,1623,False,left,left,False,0,0.0,none
62126__518805,M. Doherty + L. Woolfenden,62126,M. Doherty,518805,L. Woolfenden,1.0,1.0,0.4115186615186615,0.5164092664092664,1.9266395575465056,3.6065112909315404,0.17656294072911694,0.53680623164123,0.3852120339721029,-0.6263227306742968,-0.5506297535696807,-0.4545504386699541,-0.04715292391003617,1.1612550144820672,-1.2084079383921036,-0.10540388344289373,2.7658941429854793,-1.2961650114595122,0.5178332988822945,442,1629,1634,False,right,right,False,0,0.0,none
399581__413002,D. O'Shea + K. Mavropanos,399581,D. O'Shea,413002,K. Mavropanos,1.0,1.0,0.3738448241473306,0.621700684794894,3.061374109761206,4.9753351487222455,0.17656294072911694,0.53680623164123,-0.1807135761041113,0.7965340364836521,0.976246458071514,0.7884038831371106,0.39267132992176434,0.44141796866679806,-0.04874663874503371,0.8777628121091124,-0.3286493730987905,0.8805514045852385,0.5163968750419667,443,1634,1633,False,right,right,False,0,0.0,none
415917__496001,M. Kilman + Gabriel Magalhaes,496001,M. Kilman,415917,Gabriel Magalhaes,1.0,1.0,0.400740192450037,0.6243276585245497,2.852543152889664,4.591197271344765,0.17656294072911694,0.53680623164123,0.22330095432215005,0.8320336755396787,0.6952476820325731,0.4395892185339037,0.46414506051599935,0.324573330682837,0.13957172983316224,1.0375325176560501,-0.8309586373475667,1.2340302043448566,0.5162847084927263,444,1633,1609,False,left,left,False,0,0.0,none
578325__627012,Murillo + W. Saliba,627012,Murillo,578325,W. Saliba,1.0,1.0,0.4974530018192844,0.6100060642813827,1.6074149880342006,2.635763299124551,0.17656294072911694,0.53680623164123,1.6760931162941128,0.6384986505792571,-0.9801719759409232,-1.3360337682705081,0.5050400648376364,0.2575932862899783,0.24744677854765795,1.1289476815839241,-1.1189025036544273,1.4365146620825882,0.5161060221121515,445,1642,1609,False,left,right,True,0,0.0,none
415847__578325,W. Saliba + C. Romero,578325,W. Saliba,415847,C. Romero,1.0,0.9805194805194806,0.4303788994510644,0.5573704645869594,2.1086883880420126,3.8747513847081536,0.17656294072911694,-1.6907100111638727,0.6685251340652724,-0.07279311817945883,-0.30566847333178376,-0.210976233015984,0.0010625719421120117,1.0799433848304247,-1.0788808128883127,0.002375233598447004,2.416339507275178,-1.053039005191133,0.5154816679435503,446,1609,1624,False,right,right,False,0,0.0,none
578325__619747,L. Colwill + W. Saliba,619747,L. Colwill,578325,W. Saliba,0.9964285714285714,0.9857142857142858,0.4894698085419735,0.6041237113402061,2.0736426456071078,3.4363277393879565,-2.8384737166366527,-1.0967056797491785,1.5561718701176734,0.5590074079168168,-0.35282532630565533,-0.6090848440192185,0.14911141313819576,0.8381257655415326,-0.689014352403337,0.33331807886209586,1.3767776367161926,-0.32124884813305093,0.5154425608192954,447,1610,1609,False,left,right,True,0,0.0,none
136441__475597,B. Davies + S. Botman,136441,B. Davies,475597,S. Botman,1.0,1.0,0.42585034013605444,0.5268707482993198,3.4266187050359713,6.504076738609113,0.17656294072911694,0.53680623164123,0.6004984112270092,-0.4849513774340354,1.4677123104747076,2.1765707793095332,0.6223350101818403,0.06483829915294267,0.5574967110288976,1.3911444176991532,-1.9475465684541937,2.0184869828204417,0.5150056348774068,448,1624,1613,False,left,right,True,0,0.0,none
145787__590874,J. Andersen + Toti,145787,J. Andersen,590874,Toti,1.0,0.9907323874354137,0.4605511358976462,0.596735832034774,2.33809105548236,3.8894012589664766,0.17656294072911694,-0.522906654366983,1.1217638405472816,0.45917121778990005,0.003011186698017254,-0.19767348086151593,0.43050154630429294,0.3767841789630991,0.053717367341193895,0.962327063645481,-0.6065068076533113,1.0728791852652346,0.5137873265797941,449,1616,1629,False,right,left,True,0,0.0,none
558243__620468,J. Greaves + S. van den Berg,620468,J. Greaves,558243,S. van den Berg,1.0,0.9954954954954955,0.36817700052994173,0.5596184419713832,3.129192063715233,5.625697815784903,0.17656294072911694,0.02173490822983895,-0.26585400145712007,-0.04241505049942451,1.067500946103521,1.37896276561613,0.2163192927631598,0.7263106893450476,-0.5099913965818877,0.48355206061791367,0.8960902074489038,0.014782204126775453,0.5135595333689831,450,1634,1669,False,left,left,False,0,0.0,none
413002__590874,Toti + K. Mavropanos,590874,Toti,413002,K. Mavropanos,1.0,0.9943820224719101,0.4438202247191011,0.6123595505617978,2.1827744485528497,3.5404819584342726,0.17656294072911694,-0.10558609306286465,0.8704368779518973,0.6703025139125209,-0.2059797459660518,-0.5145080758242178,0.36346332535496384,0.4856748318305391,-0.12221150647557522,0.812472330551015,-0.1383913282513318,0.7426558107249507,0.5132499289450981,451,1629,1633,False,left,right,True,0,0.0,none
136441__399581,D. O'Shea + B. Davies,399581,D. O'Shea,136441,B. Davies,1.0,1.0,0.38078130660548243,0.5560620697983336,3.4857142857142858,6.28452380952381,0.17656294072911694,0.53680623164123,-0.0765157204882726,-0.09047412587841641,1.5472301467605007,1.9772067336591082,0.45626678527044195,0.3338676070284874,0.12239917824195456,1.0199217156769806,-0.7910030074319748,1.2017968488251602,0.5130193253739299,452,1634,1624,False,right,left,True,0,0.0,none
590703__623641,I. Zabarnyi + E. Agbadou,590703,I. Zabarnyi,623641,E. Agbadou,1.0,1.0,0.4592198581560284,0.5856973995271868,2.193330825378081,3.758447290635016,0.17656294072911694,0.53680623164123,1.1017657670651446,0.3100032358873912,-0.19177529557357215,-0.316585640354474,0.4585307245158303,0.3294620041729409,0.1290687203428893,1.024982440835785,-0.8099424741214573,1.2143157642904125,0.5123716310395379,453,1659,1629,False,right,center,False,0,0.0,none
424241__623641,N. Milenković + E. Agbadou,424241,N. Milenković,623641,E. Agbadou,0.9967741935483871,0.9935483870967742,0.4467741935483871,0.624910394265233,2.3902829122531464,3.8167774436378266,-2.5466959756012724,-0.20090882511573044,0.9148105528547873,0.8399084815287023,0.07323950960328482,-0.26361920836699443,0.198028915337009,0.7546522485748124,-0.5566233332378034,0.44266643464844485,1.0179291553886494,-0.07274723404778674,0.5121625171312598,454,1642,1629,False,right,center,False,0,0.0,none
7919__8653,H. Maguire + M. Keane,8653,H. Maguire,7919,M. Keane,1.0,1.0,0.384866163349348,0.6257721345229925,3.135130496772235,5.001095724035961,0.17656294072911694,0.53680623164123,-0.015154170772468223,0.8515536181987663,1.0754915833423915,0.8117956572037156,0.4788469843281544,0.29237506787111867,0.1864719164570357,1.0703966485599852,-0.9693773614079986,1.3220631551476618,0.5087977468871254,455,1611,1623,False,center,left,False,0,0.0,none
366217__496001,M. Kilman + K. Danso,496001,M. Kilman,366217,K. Danso,1.0,1.0,0.4345381018577025,0.5932010615442942,2.8322591367741428,4.769018983419437,0.17656294072911694,0.53680623164123,0.731003483063995,0.41140405699139004,0.6679539139677088,0.6010594210558574,0.569767976908453,0.14022525356814391,0.4295427233403091,1.2736380365750848,-1.6234618157464682,1.778313799853223,0.5054432335342466,456,1633,1624,False,left,right,True,0,0.0,none
424806__604320,J. Branthwaite + E. Pinnock,604320,J. Branthwaite,424806,E. Pinnock,1.0,0.9954954954954955,0.4005902454178316,0.6342808325566947,2.9809969023971634,4.695552543281398,0.17656294072911694,0.02173490822983895,0.22104849289000172,0.966536004822302,0.8680924888081473,0.5343485518979064,0.4741526868828693,0.2959852334205477,0.1781674534623216,1.059903191532524,-0.9538574399786651,1.3064754478295584,0.5050894533385741,457,1623,1669,False,left,left,False,0,0.0,none
145787__240032,J. Andersen + J. Bednarek,145787,J. Andersen,240032,J. Bednarek,1.0,0.9963503649635037,0.44397810218978107,0.6060523114355232,2.6928247722086587,4.439098728198255,0.17656294072911694,0.11948567033711163,0.8728084681626628,0.5850695670066767,0.4803338102837048,0.3014768233791002,0.5542994922453559,0.16218158461362658,0.39211790763172927,1.2390603642004503,-1.5290726449351137,1.7080663830039176,0.5024216652204746,458,1616,1619,False,right,center,False,0,0.0,none
623641__625787,E. Agbadou + M. van de Ven,623641,E. Agbadou,625787,M. van de Ven,1.0,1.0,0.46739130434782605,0.5772946859903382,2.153227853280279,3.7476231621547775,0.17656294072911694,0.53680623164123,1.2245148946816795,0.19645307195468872,-0.24573705605115298,-0.32641444133404046,0.4697057422254832,0.3001326981241005,0.16957304410138271,1.0499626576806165,-0.9360276963149009,1.290343503142038,0.5022417205742455,459,1629,1624,False,center,left,False,0,0.0,none
9097__590781,J. van Hecke + L. Dunk,590781,J. van Hecke,9097,L. Dunk,1.0,1.0,0.425713523606295,0.5862896772472659,2.6142362811954216,4.440913992834446,0.17656294072911694,0.53680623164123,0.5984431924472113,0.3180069875223536,0.3745867021140529,0.30312516623339497,0.43089395403847686,0.36169769969932786,0.06919625433914896,0.9632042372255314,-0.6713628286898058,1.1019334853792462,0.5005799670816732,460,1651,1651,True,right,left,True,21,1621.0,very_high
8653__9433,J. Tarkowski + H. Maguire,9433,J. Tarkowski,8653,H. Maguire,1.0,0.9970588235294118,0.3721526908635795,0.6326032540675846,3.1538153552247,4.974615776197857,0.17656294072911694,0.20049495576673537,-0.20613231833358925,0.9438660290325674,1.1006335567081185,0.7877506601653683,0.3982027835620971,0.412677825572745,-0.014475042010647948,0.890127616800499,-0.4522018131684835,0.9448801419833966,0.4983792928463838,461,1623,1611,False,right,center,False,0,0.0,none
8360__415917,Gabriel Magalhaes + C. Dawson,415917,Gabriel Magalhaes,8360,C. Dawson,1.0,1.0,0.40793650793650793,0.6710317460317461,2.4222540772422976,3.6227604589667526,0.17656294072911694,0.53680623164123,0.33140194737578377,1.463169887611281,0.11625927240606124,-0.4397954550245532,0.45342092169926906,0.3224935394945979,0.1309273822046711,1.013560178633751,-0.839899555814864,1.2178045241443871,0.4983711274012937,462,1609,1629,False,left,left,False,0,0.0,none
346131__424806,E. Pinnock + T. Chalobah,424806,E. Pinnock,346131,T. Chalobah,1.0,1.0,0.4106002554278416,0.60291613452533,2.8392413806911465,4.664450106114604,0.17656294072911694,0.53680623164123,0.37141600034478583,0.5426888050405904,0.6773490823090111,0.5061061243020033,0.46208325314237986,0.3080546671610373,0.1540285859813426,1.0329236305273257,-0.9019715469955668,1.2611661242136312,0.4981035760077191,463,1669,1628,False,left,right,True,0,0.0,none
8360__412968,M. Senesi + C. Dawson,412968,M. Senesi,8360,C. Dawson,1.0,1.0,0.39914529914529917,0.601068376068376,2.439064767116885,4.206516283183177,0.17656294072911694,0.53680623164123,0.1993429232462635,0.5177191003404298,0.1388794018633758,0.09028138463613622,0.2745108091844328,0.6142050587787664,-0.3396942495943336,0.6136312011169335,0.4141536994542145,0.3344346712447262,0.49794864464367633,464,1659,1629,False,left,left,False,0,0.0,none
8360__558243,S. van den Berg + C. Dawson,558243,S. van den Berg,8360,C. Dawson,1.0,1.0,0.3741830065359477,0.582516339869281,2.5024309569931167,4.544721952115889,0.17656294072911694,0.53680623164123,-0.17563349698424996,0.26701595040504267,0.22414368482322986,0.3973875148127774,0.13662868757831798,0.8390876913081657,-0.7024590037298478,0.30541466077346774,1.3809129075547717,-0.34648483148381076,0.49768423635640313,465,1669,1629,False,left,left,False,0,0.0,none
136441__777938,Dean Huijsen + B. Davies,777938,Dean Huijsen,136441,B. Davies,1.0,0.9960629921259843,0.42178209866623817,0.5515426643098185,3.055311355311355,5.592673992673993,0.17656294072911694,0.08662578362025217,0.5393864514059172,-0.15154716280259486,0.9680885364426783,1.3489756321915656,0.4649055415520472,0.30210580197027603,0.16279973958177124,1.03923246853581,-0.9275454214038783,1.2776298227396694,0.4968785723946755,466,1659,1624,False,left,left,False,0,0.0,none
7919__769441,L. Yoro + M. Keane,769441,L. Yoro,7919,M. Keane,1.0,1.0,0.3996415770609319,0.5864695340501792,2.4075557231667633,3.973507925461395,0.17656294072911694,0.53680623164123,0.2067978681568009,0.32043748445238146,0.09648145992611956,-0.1213008022165264,0.2101458067496566,0.7164426727001048,-0.5062968659504481,0.46975208075992786,0.8536680966354292,0.02171694056877136,0.495319857484347,467,1611,1623,False,right,left,True,0,0.0,none
239411__623641,E. Agbadou + T. Mings,623641,E. Agbadou,239411,T. Mings,1.0,0.9918032786885246,0.3975409836065574,0.5924408014571949,2.451201735161312,4.160015886343409,0.17656294072911694,-0.4004547011237593,0.17524335406597868,0.40113027374946,0.15521066431794406,0.04805690930370071,0.14725934321158196,0.8177576833762791,-0.6704983401646971,0.32917803098202486,1.289216268534355,-0.2864937797248881,0.4940551401063413,468,1629,1614,False,center,left,False,0,0.0,none
568412__623641,E. Agbadou + J. Gvardiol,623641,E. Agbadou,568412,J. Gvardiol,1.0,1.0,0.46621621621621623,0.6163663663663663,2.100015924617738,3.407405521108009,0.17656294072911694,0.53680623164123,1.2068630568500311,0.7244486643747139,-0.31733796737601583,-0.6353475337018266,0.5274932715329034,0.19616495941626322,0.33132831211664016,1.179138740487133,-1.382979813562347,1.5939626265685813,0.49346795148857864,469,1629,1625,False,center,left,False,0,0.0,none
145787__413002,J. Andersen + K. Mavropanos,145787,J. Andersen,413002,K. Mavropanos,1.0,0.9963503649635037,0.421225293201017,0.6360616747314033,2.706636255023352,4.263875312262409,0.17656294072911694,0.11948567033711163,0.5310222789566603,0.9906014355893582,0.4989182664598981,0.14236599193086813,0.5026572850213972,0.2349548516592011,0.267702433362196,1.1236213046555252,-1.2162240037192455,1.4745350878447996,0.4918504687809489,470,1616,1633,False,right,right,False,0,0.0,none
496001__568412,M. Kilman + J. Gvardiol,496001,M. Kilman,568412,J. Gvardiol,1.0,1.0,0.4312421229519675,0.6113289455258367,2.6062450813161946,4.278534108314404,0.17656294072911694,0.53680623164123,0.6814922306093711,0.6563754211620602,0.36383390272652466,0.15567684547978466,0.5112770521396838,0.21969437931463967,0.29158267282504413,1.142889609848523,-1.2818280123219996,1.5193589594991186,0.4907681931274854,471,1633,1625,False,left,left,False,0,0.0,none
534563__620468,C. Richards + J. Greaves,534563,C. Richards,620468,J. Greaves,1.0,0.9954954954954955,0.3652546777546778,0.5935550935550935,3.063557477141787,5.135757029596703,0.17656294072911694,0.02173490822983895,-0.3097522983874292,0.4161882725531131,0.9791843537301728,0.9340742475236239,0.23493921278280633,0.6688269963875209,-0.4338877836047147,0.5251743337819564,0.6489706817778896,0.15763079598557464,0.48880453062146006,472,1628,1634,False,right,left,True,0,0.0,none
413002__479155,N. Collins + K. Mavropanos,479155,N. Collins,413002,K. Mavropanos,1.0,0.9976525821596245,0.4017777074431608,0.623964762356913,2.9467124556258684,4.760109584812471,0.17656294072911694,0.2683887814127616,0.23888620781410344,0.8271296740947887,0.8219600201156242,0.5929692818898843,0.4761222109744139,0.2725942359779363,0.2035279749964776,1.064305792062222,-1.0544141699935758,1.354077849978922,0.4866442150288227,473,1669,1633,False,right,right,False,0,0.0,none
9433__769441,J. Tarkowski + L. Yoro,9433,J. Tarkowski,769441,L. Yoro,1.0,0.9970588235294118,0.38692810457516336,0.5933006535947712,2.4262405816192287,3.9470279776232915,0.17656294072911694,0.20049495576673537,0.015819720595679876,0.4127498952861826,0.12162343329184655,-0.14534579925487368,0.12950160598359933,0.8367454304017312,-0.7072438244181317,0.28948304900044186,1.3708436448749448,-0.35546607259549384,0.48490140344360566,474,1623,1611,False,right,right,False,0,0.0,none
8653__496001,M. Kilman + H. Maguire,496001,M. Kilman,8653,H. Maguire,1.0,1.0,0.4224727152463896,0.6037096240767281,2.987643590445242,4.949857397252412,0.17656294072911694,0.53680623164123,0.5497606961529722,0.5534116350222413,0.8770361398558779,0.7652689259845755,0.5825178014718625,0.0947517735199989,0.4877660279518635,1.302138517791541,-1.818950035830222,1.88760055710115,0.4829043595669339,475,1633,1611,False,left,center,False,0,0.0,none
534563__623641,C. Richards + E. Agbadou,534563,C. Richards,623641,E. Agbadou,1.0,1.0,0.39903846153846156,0.5747863247863247,2.36085628936858,4.152089391099306,0.17656294072911694,0.53680623164123,0.19773803927246725,0.1625563045986316,0.03364363197385303,0.04085929109711672,0.18218896580791416,0.7449184274354028,-0.5627294616274886,0.40725840359841925,0.9760839443526311,-0.08420860635395032,0.47961266383420886,476,1628,1629,False,right,center,False,0,0.0,none
192792__619747,D. Burn + L. Colwill,192792,D. Burn,619747,L. Colwill,0.9964285714285714,0.9836481700118064,0.4115112160566706,0.6016528925619835,3.172972972972973,5.27027027027027,-2.8384737166366527,-1.332957402470931,0.3851001903715168,0.5256179705541325,1.1264116655657912,1.0562183881914646,0.09734913748411406,0.8818621762172953,-0.7845130387331813,0.21761062283685922,1.564798282305769,-0.5005025304868077,0.4781442900127987,477,1613,1610,False,left,left,False,0,0.0,none
475597__590703,I. Zabarnyi + S. Botman,590703,I. Zabarnyi,475597,S. Botman,1.0,1.0,0.42588652482269507,0.5468085106382978,2.867504455998744,5.27367451353423,0.17656294072911694,0.53680623164123,0.6010419672407133,-0.21552220171429504,0.7153793134945942,1.0593095959121213,0.45183502204382664,0.3028638076070779,0.14897121443674863,1.0100151178279075,-0.9242867930210285,1.2516732975870069,0.4780561805250466,478,1659,1613,False,right,right,False,0,0.0,none
346131__475597,T. Chalobah + S. Botman,346131,T. Chalobah,475597,S. Botman,1.0,1.0,0.4203703703703704,0.5506172839506173,2.832387935805202,5.1845254565578305,0.17656294072911694,0.53680623164123,0.5181798727071194,-0.16405230069960824,0.668127223378463,0.9783581973642572,0.4179443157878,0.35734247426897925,0.06060184151882071,0.9342570999619718,-0.6900857253438762,1.085801534198356,0.4772631392174943,479,1628,1613,False,right,right,False,0,0.0,none
62126__488453,L. Martínez + M. Doherty,488453,L. Martínez,62126,M. Doherty,1.0,1.0,0.39738175675675674,0.5565878378378378,1.7334390927952392,2.8707213666574596,0.17656294072911694,0.53680623164123,0.17285149386799137,-0.08336915356031027,-0.8105964507421456,-1.1226811562296697,-0.11869647385551921,1.2327985644275503,-1.3514950382830695,-0.2653296605576317,3.0734562917919495,-1.5647434656613468,0.47642336412649966,480,1611,1629,False,left,right,True,0,0.0,none
397074__623641,M. Guéhi + E. Agbadou,397074,M. Guéhi,623641,E. Agbadou,1.0,0.9967741935483871,0.4274193548387097,0.5668458781362007,2.2801311640077637,4.0714586994979305,0.17656294072911694,0.1679487032627498,0.6240677013438272,0.05525298944139284,-0.07497848881608643,-0.03235704424494784,0.249442980010897,0.6304345099270252,-0.3809915299161282,0.5575955128653424,0.4839232995497051,0.25691853093564626,0.475358452484712,481,1628,1629,False,left,center,False,0,0.0,none
15806__620468,J. Greaves + J. Vestergaard,620468,J. Greaves,15806,J. Vestergaard,1.0,0.9954954954954955,0.3932995495495496,0.5951576576576576,2.593255144710006,4.2531284245033785,0.17656294072911694,0.02173490822983895,0.11152974473408775,0.4378445405861495,0.34635490276480996,0.13260732903933875,0.2116480719887116,0.6921181371816157,-0.48047006519290414,0.4731101883177916,0.7490981330470048,0.07019456175003536,0.47532344642300434,482,1634,1631,False,left,left,False,0,0.0,none
349142__620468,J. Greaves + N. Mazraoui,620468,J. Greaves,349142,N. Mazraoui,1.0,0.9954954954954955,0.4073926868044515,0.5596184419713832,2.5904130835342234,4.480792482900257,0.17656294072911694,0.02173490822983895,0.32323282186574037,-0.04241505049942451,0.3425306818552928,0.33933664902742056,0.2097915296300558,0.6939746795402715,-0.4841831499102157,0.4689601429303219,0.7570793159434853,0.06322499877436585,0.4742488660030797,483,1634,1611,False,left,right,True,0,0.0,none
192792__545267,D. Burn + R. Drăgușin,192792,D. Burn,545267,R. Drăgușin,1.0,0.9979338842975207,0.39378634833180287,0.5609121518212428,2.9674481110945194,5.18818660807611,0.17656294072911694,0.30055450891947755,0.1188422968140811,-0.024932487885728882,0.8498615050982379,0.9816826894649295,0.3099675459838707,0.5301135867716843,-0.22014604078781363,0.6928898651184231,0.05264866026472135,0.5588299741638574,0.47400552547139946,484,1613,1624,False,left,right,True,0,0.0,none
8653__399581,D. O'Shea + H. Maguire,399581,D. O'Shea,8653,H. Maguire,1.0,1.0,0.37904444164673295,0.5990494775273827,3.214683645045762,5.374403103859928,0.17656294072911694,0.53680623164123,-0.10260640914608082,0.4904366921888278,1.1825367151072967,1.150775737419134,0.4259700934816799,0.34035528425957406,0.08561480922210582,0.9521976234001006,-0.7631128069669949,1.1327515681697475,0.47371528324390133,485,1634,1611,False,right,center,False,0,0.0,none
9097__424806,L. Dunk + E. Pinnock,9097,L. Dunk,424806,E. Pinnock,1.0,1.0,0.4025487256371814,0.6015742128935533,2.8466976494461784,4.686887528349837,0.17656294072911694,0.53680623164123,0.25046822260941626,0.5245547319694486,0.6873820890306636,0.5264803242246336,0.419667087321283,0.35047083298213405,0.06919625433914896,0.938108119047457,-0.7196265681119502,1.1019334853792462,0.4735527861659926,486,1651,1669,False,left,left,False,0,0.0,none
234399__399581,D. O'Shea + A. Webster,399581,D. O'Shea,234399,A. Webster,1.0,0.986842105263158,0.36896605418872624,0.6379632513235752,3.084271444426827,4.915748374821627,0.17656294072911694,-0.9677442130604601,-0.2540010630683612,1.0162984122653826,1.007056655524908,0.7342963822188744,0.2597293196966394,0.6109644883296402,-0.3512351686330008,0.5805892120759921,0.4002226489059614,0.3127720461874308,0.4729158099472706,487,1634,1651,False,right,left,True,0,0.0,none
412968__590781,J. van Hecke + M. Senesi,590781,J. van Hecke,412968,M. Senesi,1.0,1.0,0.4069844266163285,0.5575271354412459,2.811690393321644,5.0530028452953895,0.17656294072911694,0.53680623164123,0.3171000540843202,-0.07067594482710143,0.640277022469451,0.8589296842260845,0.3501212689941525,0.4624983218888849,-0.11237705289473235,0.7826479965133929,-0.238025987209707,0.7611153527988008,0.4721392726535445,488,1651,1659,False,right,left,True,0,0.0,none
545267__590781,J. van Hecke + R. Drăgușin,590781,J. van Hecke,545267,R. Drăgușin,1.0,1.0,0.43376505339695526,0.5629402408543513,2.4954859197927055,4.3892775237896675,0.17656294072911694,0.53680623164123,0.7193909701825809,0.0024741160844885535,0.2147985810986856,0.2562369037321456,0.38146205755585316,0.41112959618195155,-0.029667538626098416,0.8527060236861851,-0.4588575740112237,0.9163634045587541,0.47196842055147625,489,1651,1624,False,right,right,False,0,0.0,none
424241__590781,N. Milenković + J. van Hecke,424241,N. Milenković,590781,J. van Hecke,0.9967741935483871,0.9935483870967742,0.42683554324163864,0.6230358203047694,2.8388486195089966,4.565955780578422,-2.5466959756012724,-0.20090882511573044,0.6152978505058176,0.8145764052201196,0.6768205906853886,0.4166687968461082,0.24669901693677893,0.6306161745969558,-0.383917157660177,0.5514617603839954,0.4847042668946112,0.25142704653442927,0.47142756956726695,490,1642,1651,False,right,right,False,0,0.0,none
447424__620468,C. Bassey + J. Greaves,447424,C. Bassey,620468,J. Greaves,1.0,0.9954954954954955,0.4044515103338633,0.5890302066772655,2.453181422478071,4.024361345865344,0.17656294072911694,0.02173490822983895,0.279051310116526,0.3550411628127749,0.15787449213965576,-0.0751235834969618,0.2046747914704869,0.6990914176998404,-0.49441662622935356,0.4575223777217847,0.7790759177955917,0.044016479956111056,0.47128726019079203,491,1616,1634,False,left,left,False,0,0.0,none
590781__769441,J. van Hecke + L. Yoro,590781,J. van Hecke,769441,L. Yoro,1.0,1.0,0.45228357191547375,0.5675698704839809,2.202405367397164,3.800319348412047,0.17656294072911694,0.53680623164123,0.9975708589739316,0.06503666817992759,-0.1795647725808307,-0.27856390740417514,0.37870294488635414,0.4138887088514505,-0.03518576396509629,0.8465384063656441,-0.44699628641678785,0.9060055425808762,0.47037142577396096,492,1651,1611,False,right,right,False,0,0.0,none
393247__400549,I. Konaté + Pau Torres,393247,I. Konaté,400549,Pau Torres,1.0,1.0,0.4165426587301587,0.5109126984126984,1.9544263095115233,3.6379409303615766,0.17656294072911694,0.53680623164123,0.46068108319354995,-0.7006006641466808,-0.5132404535863908,-0.42601089653671464,-0.027131994166189083,1.0758165695080515,-1.1029485636742407,-0.06064984551376985,2.398598534270012,-1.0982148407984325,0.4696116693644321,493,1612,1614,False,right,left,True,0,0.0,none
7953__393247,I. Konaté + C. Coady,393247,I. Konaté,7953,C. Coady,1.0,1.0,0.41997466216216217,0.5287162162162162,1.8153299380628987,3.201059692808152,0.17656294072911694,0.53680623164123,0.5122356571780476,-0.4600126259727151,-0.7004057604645475,-0.8227189311335783,-0.028715885128231616,1.077400460470094,-1.1061163455983258,-0.0641904161614758,2.40540760242685,-1.1041608553103461,0.46869490158524785,494,1612,1631,False,right,right,False,0,0.0,none
283145__623641,T. Adarabioyo + E. Agbadou,283145,T. Adarabioyo,623641,E. Agbadou,1.0,0.9859154929577465,0.4401408450704225,0.5872456964006261,2.3156029691521507,3.9642881122011264,0.17656294072911694,-1.0736984697295928,0.8151662891914064,0.3309261631090003,-0.02724833434671925,-0.12967281200645017,0.2447253495860918,0.63000803314034,-0.38528268355424833,0.5470498981676929,0.4820898971391604,0.2488639165661671,0.467924701538828,495,1610,1629,False,right,center,False,0,0.0,none
415917__590874,Toti + Gabriel Magalhaes,590874,Toti,415917,Gabriel Magalhaes,1.0,0.9943820224719101,0.4272873194221509,0.6103263777421081,2.2009835462818277,3.5808897876643075,0.17656294072911694,-0.10558609306286465,0.6220843030791057,0.642827210135134,-0.18147794675357376,-0.47781592899286607,0.2783893479590164,0.5744476568455456,-0.2960583088865293,0.6223011417065124,0.24323861376358705,0.41634054194778414,0.46739026337188916,496,1629,1609,False,left,left,False,0,0.0,none
234399__240032,J. Bednarek + A. Webster,240032,J. Bednarek,234399,A. Webster,1.0,0.986842105263158,0.4223684210526316,0.6379385964912281,2.560405499944769,4.0305926537654315,0.17656294072911694,-0.9677442130604601,0.5481940186030284,1.015965238911028,0.3021530750730298,-0.06946527250183786,0.3543192610709019,0.44952111128372463,-0.09520185021282276,0.7920320310728639,-0.29381436760568425,0.7933536844892575,0.4665424421525782,497,1619,1651,False,center,left,False,0,0.0,none
346131__623641,T. Chalobah + E. Agbadou,346131,T. Chalobah,623641,E. Agbadou,1.0,1.0,0.4537037037037037,0.5895061728395061,2.158214305184539,3.6692982336586164,0.17656294072911694,0.53680623164123,1.0189036725315506,0.361473136902078,-0.23902738568970333,-0.39753703890233794,0.4246400182598037,0.33298680368455547,0.09165321457524825,0.9492244229698493,-0.794789537026076,1.1440858224584072,0.4649925148687833,498,1628,1629,False,right,center,False,0,0.0,none
145787__627012,Murillo + J. Andersen,627012,Murillo,145787,J. Andersen,1.0,0.9963503649635037,0.4483898668956634,0.6161013310433663,2.1647487734035242,3.5058328661339013,0.17656294072911694,0.11948567033711163,0.9390807357864843,0.7208671065550117,-0.23023473540878936,-0.5459710275957841,0.4133242268719979,0.34954743732365967,0.06377678954833821,0.9239295259072615,-0.7235961999394924,1.0917609996888773,0.46323810290955847,499,1642,1616,False,left,right,True,0,0.0,none
7919__479155,N. Collins + M. Keane,479155,N. Collins,7919,M. Keane,1.0,0.9976525821596245,0.37694987127063456,0.6207027108889898,3.377213769019706,5.447181341980544,0.17656294072911694,0.2683887814127616,-0.13407044627767106,0.7830479048764003,1.4012340126264038,1.21686168784341,0.48605136767058466,0.2306383874686848,0.2554129802018998,1.08650105777016,-1.2347802677387554,1.4514674434848722,0.4631099372604278,500,1669,1623,False,right,left,True,0,0.0,none
288080__578325,W. Saliba + C. Burgess,578325,W. Saliba,288080,C. Burgess,1.0,1.0,0.4274615269684745,0.5649932765575975,1.9215081048567841,3.44473653628317,0.17656294072911694,0.53680623164123,0.6247011990157031,0.030217837162325456,-0.5575345340998988,-0.6014492739766473,0.15225079681234632,0.7751007335376233,-0.6228499367252769,0.34033573977118453,1.105836171182405,-0.1970564052117658,0.46250744019796064,501,1609,1634,False,right,left,True,0,0.0,none
192792__604320,D. Burn + J. Branthwaite,192792,D. Burn,604320,J. Branthwaite,1.0,0.9934293797930162,0.38377633832179286,0.6169682078772988,3.2204977254482205,5.248488092052448,0.17656294072911694,-0.2145168144919135,-0.031525210640703065,0.7325816564049896,1.190360025891089,1.0364391796394516,0.41388504202808074,0.34753941241082703,0.06634562961725375,0.9251831511428364,-0.732228598772348,1.0965827837303932,0.4622395526857924,502,1613,1623,False,left,left,False,0,0.0,none
364003__620468,J. Greaves + S. Bueno,620468,J. Greaves,364003,S. Bueno,1.0,0.9954954954954955,0.38954954954954957,0.570990990990991,2.7192458568613587,4.660106422688283,0.17656294072911694,0.02173490822983895,0.05519831725383917,0.11126801864795932,0.515885495533114,0.5021618621848738,0.18900181021278567,0.7147643989575416,-0.5257625887447559,0.4224875813040422,0.8464532816179814,-0.014820760887198199,0.46221562295997587,503,1634,1629,False,left,center,False,0,0.0,none
412027__620468,E. Konsa + J. Greaves,412027,E. Konsa,620468,J. Greaves,1.0,0.9954954954954955,0.41066066066066065,0.5928428428428429,2.2991229191289078,3.718772538395151,0.17656294072911694,0.02173490822983895,0.372323390475979,0.4065632645384307,-0.049423561405801064,-0.3526121199358263,0.1887808782657216,0.7149853309046057,-0.526204452638884,0.4219937182884298,0.8474030570265375,-0.01565015166905745,0.46208774591836466,504,1614,1634,False,right,left,True,0,0.0,none
424806__619747,L. Colwill + E. Pinnock,619747,L. Colwill,424806,E. Pinnock,0.9964285714285714,0.9857142857142858,0.4283251231527093,0.6189655172413793,2.933472149921916,4.717334721499219,-2.8384737166366527,-1.0967056797491785,0.6376738939022216,0.759572318971445,0.8041441284828494,0.5541277604499194,0.15761678233890275,0.7653282286005907,-0.6077114462616879,0.352330663226547,1.063824660432017,-0.1686410388317205,0.46158452197653443,505,1610,1669,False,left,left,False,0,0.0,none
397074__620468,M. Guéhi + J. Greaves,397074,M. Guéhi,620468,J. Greaves,1.0,0.9922696890438826,0.3936355710549259,0.5856146469049694,2.9828323517809707,5.055126337995327,0.17656294072911694,-0.34712262014864126,0.11657736368393079,0.3088849573958743,0.8705622329402333,0.8608579121815594,0.3021932269857892,0.5278014765088421,-0.22560824952305292,0.6755114430488798,0.042709013696175205,0.5485772569045362,0.4602838770141997,506,1628,1634,False,left,left,False,0,0.0,none
399581__625787,D. O'Shea + M. van de Ven,399581,D. O'Shea,625787,M. van de Ven,1.0,1.0,0.3889889374839207,0.5675971186004631,2.886497064579256,5.0432974559686885,0.17656294072911694,0.53680623164123,0.04677696314196644,0.06540488590862151,0.7409353893028064,0.8501167492821293,0.29694181484208115,0.5343113831274048,-0.23736956828532363,0.6637726326505665,0.0706947771879266,0.5265009354545048,0.45839493657256225,507,1634,1624,False,right,left,True,0,0.0,none
50102__578325,W. Saliba + F. Schär,578325,W. Saliba,50102,F. Schär,1.0,1.0,0.4218873909595559,0.5453824525989475,1.927972017423746,3.621387162138381,0.17656294072911694,0.53680623164123,0.5409681221219859,-0.23479325307593946,-0.5488368220990085,-0.4410424710070943,0.08728733894898114,0.8747548655951661,-0.7874675266461849,0.1951188545205086,1.5342443088330684,-0.5060481862254255,0.4566230826650897,508,1609,1613,False,right,right,False,0,0.0,none
8360__234399,C. Dawson + A. Webster,8360,C. Dawson,234399,A. Webster,1.0,0.986842105263158,0.4195906432748538,0.689327485380117,2.426942314178941,3.522765855836099,0.17656294072911694,-0.9677442130604601,0.5064670352843256,1.7104095671703985,0.12256767064697721,-0.5305951027741411,0.40555288887009183,0.35409416224613244,0.051458726623959256,0.9065577674451335,-0.7040500565309916,1.0686396540084375,0.4557917975649568,509,1629,1651,False,left,left,False,0,0.0,none
8653__240032,J. Bednarek + H. Maguire,240032,J. Bednarek,8653,H. Maguire,1.0,1.0,0.4324468085106383,0.5990248226950354,2.690817700563704,4.489247382803733,0.17656294072911694,0.53680623164123,0.6995886725253088,0.4901035188344733,0.47763313465541857,0.3470140826984219,0.5205600348559424,0.1662318719095372,0.35432816294640523,1.1636404423969724,-1.5116606620944095,1.6371339843460346,0.4557488194393703,510,1619,1611,False,center,center,False,0,0.0,none
7919__413002,K. Mavropanos + M. Keane,413002,K. Mavropanos,7919,M. Keane,1.0,1.0,0.37966654584994564,0.6484233417905039,2.981820961487679,4.602027768898278,0.17656294072911694,0.53680623164123,-0.09326133773049869,1.1576509624935905,0.8692013263066086,0.44942380292169215,0.44554822076823875,0.2886315222477683,0.15691669852047052,0.9959618372689968,-0.9854706771150059,1.266587191534941,0.45565715380698485,511,1633,1623,False,right,left,True,0,0.0,none
288080__620468,J. Greaves + C. Burgess,620468,J. Greaves,288080,C. Burgess,1.0,0.9954954954954955,0.3756365060712887,0.5851938895417157,2.8030117214381924,4.714259284435842,0.17656294072911694,0.02173490822983895,-0.15379944267288032,0.3031990480329227,0.6285991744462112,0.5513351237146565,0.17606317810536937,0.7277030310649579,-0.5516398529595885,0.39356504676169674,0.902075814978511,-0.06339310337710982,0.45472664719897965,512,1634,1634,True,left,left,False,0,0.0,none
240032__413002,J. Bednarek + K. Mavropanos,240032,J. Bednarek,413002,K. Mavropanos,1.0,1.0,0.427247191011236,0.6216760299625468,2.5375081652791485,4.090179427666051,0.17656294072911694,0.53680623164123,0.6214815055672783,0.7962008631292976,0.27134287761963577,-0.015357771583601576,0.4872612712960268,0.21943029150988935,0.26783097978613746,1.0892056311059843,-1.2829633126078321,1.4747763730470411,0.45466909638005076,513,1619,1633,False,center,right,False,0,0.0,none
192792__399581,D. Burn + D. O'Shea,192792,D. Burn,399581,D. O'Shea,1.0,0.9979338842975207,0.36168027776419387,0.5975108807276639,3.7586872586872584,6.2881274131274125,0.17656294072911694,0.30055450891947755,-0.3634459127472549,0.4696448470225923,1.9145371420748956,1.9804789696357716,0.49966311318265016,0.1971898619555401,0.3024732512271101,1.1169282448550042,-1.3785738087228134,1.5398008771480167,0.45285215524026146,514,1613,1634,False,left,right,True,0,0.0,none
8360__604320,J. Branthwaite + C. Dawson,604320,J. Branthwaite,8360,C. Dawson,1.0,0.9954954954954955,0.4159159159159159,0.6625375375375375,2.375909907941647,3.603092445653793,0.17656294072911694,0.02173490822983895,0.45126633188974014,1.3483833055427383,0.05389948128546139,-0.45765490568328043,0.40976909379034343,0.3438655399355982,0.06590355385474526,0.9159825143141389,-0.7480223930945944,1.095752995265709,0.452735138281833,515,1623,1629,False,left,left,False,0,0.0,none
475597__625787,M. van de Ven + S. Botman,625787,M. van de Ven,475597,S. Botman,1.0,1.0,0.4340579710144927,0.5384057971014493,2.8274014839009416,5.262850385053992,0.17656294072911694,0.53680623164123,0.7237910948572482,-0.3290723656469975,0.6614175530170133,1.0494807949325546,0.46301003975347954,0.25388843432167213,0.20912160543180738,1.0349953346727392,-1.1348294772705034,1.3645772494135462,0.4499642740379278,516,1624,1613,False,left,right,True,0,0.0,none
496001__604320,M. Kilman + J. Branthwaite,496001,M. Kilman,604320,J. Branthwaite,1.0,0.9954954954954955,0.408719600429445,0.6158334500303413,2.806198983589013,4.571529258031805,0.17656294072911694,0.02173490822983895,0.3431653388361064,0.7172470934711359,0.6328878909119733,0.42172976787517646,0.42049323260707366,0.3223105257643456,0.09818270684272808,0.939954853336438,-0.8406863227027299,1.1563418605027795,0.44903990195795596,517,1633,1623,False,left,left,False,0,0.0,none
558243__590781,J. van Hecke + S. van den Berg,590781,J. van Hecke,558243,S. van den Berg,1.0,1.0,0.38202213400697704,0.5389750992421509,2.8750565831978765,5.3912085142281025,0.17656294072911694,0.53680623164123,-0.05787636614619329,-0.32137909476248855,0.7255413054293051,1.1660358144027256,0.21223914738803765,0.6618016695303282,-0.4495625221422903,0.47443145616992716,0.6187691524169271,0.1282088771008675,0.4484882492302152,518,1651,1669,False,right,left,True,0,0.0,none
399581__777938,D. O'Shea + Dean Huijsen,399581,D. O'Shea,777938,Dean Huijsen,1.0,0.9960629921259843,0.38419605833294507,0.5871965708428458,3.141025641025641,5.343864468864469,0.17656294072911694,0.08662578362025217,-0.025220296675308562,0.33026230433114667,1.0834239720293766,1.1230452678385123,0.358362352053066,0.42249276404432756,-0.06413041199126157,0.8010698055159954,-0.4100078827719138,0.8516756356206578,0.44786766505055514,519,1634,1659,False,right,left,True,0,0.0,none
590874__623641,Toti + E. Agbadou,590874,Toti,623641,E. Agbadou,1.0,0.9943820224719101,0.4915730337078652,0.5920724094881398,1.9595596989212374,3.3051868016124017,0.17656294072911694,-0.10558609306286465,1.587765917026223,0.3961520047302612,-0.5063330670443262,-0.7281667802714433,0.4932795185880622,0.20197193195020252,0.29130758663785983,1.1026585961291182,-1.3580159286005373,1.5188426150978236,0.4476930425039627,520,1629,1629,True,left,center,False,13,1141.0,very_high
9433__777938,J. Tarkowski + Dean Huijsen,9433,J. Tarkowski,777938,Dean Huijsen,1.0,0.993121815655396,0.3773043075497916,0.6207503473830477,3.080157351204579,4.944077141202397,0.17656294072911694,-0.2496854922542424,-0.128746205862817,0.7836916411748863,1.0015208136301983,0.7600201905847465,0.3305950421334832,0.46719359055600057,-0.13659854842251748,0.7389997989163938,-0.21784126166027318,0.7156509340477997,0.4472777077696749,521,1623,1659,False,right,left,True,0,0.0,none
9097__623641,L. Dunk + E. Agbadou,9097,L. Dunk,623641,E. Agbadou,1.0,1.0,0.44565217391304346,0.5881642512077294,2.165670573939571,3.6917356558938503,0.17656294072911694,0.53680623164123,0.897955894796181,0.3433390638309362,-0.22899437896805086,-0.37716283897970765,0.38222385243870693,0.38248771150667404,-0.00026385906796717873,0.8544089114899809,-0.5819876060449728,0.9715549264330999,0.4469191592181186,522,1651,1629,False,left,center,False,0,0.0,none
9097__475597,L. Dunk + S. Botman,9097,L. Dunk,475597,S. Botman,1.0,1.0,0.41231884057971013,0.5492753623188406,2.839844204560234,5.206962878793064,0.17656294072911694,0.53680623164123,0.39723209497174977,-0.18218637377074998,0.6781602301001154,0.9987323972868876,0.37552814996670314,0.3925050108616193,-0.016976860894916207,0.8394415884821032,-0.5389237363153836,0.9401841585639148,0.4460805050592195,523,1651,1613,False,left,right,True,0,0.0,none
8653__365443,M. de Ligt + H. Maguire,365443,M. de Ligt,8653,H. Maguire,1.0,0.9946236559139785,0.4332532601235415,0.609643102264928,2.6219926151454302,4.303057588909762,0.17656294072911694,-0.0779563156562349,0.7117029580049319,0.6335937592856249,0.38502347058532127,0.17794528127469367,0.46122349838140686,0.25167069468512665,0.20955280369628024,1.0310017668739078,-1.1443634292288416,1.365386620512792,0.4452691787708598,524,1611,1611,True,right,center,False,12,747.0,high
424806__545267,E. Pinnock + R. Drăgușin,424806,E. Pinnock,545267,R. Drăgușin,1.0,1.0,0.4106002554278416,0.5782247765006385,2.7279472880434623,4.63525105930506,0.17656294072911694,0.53680623164123,0.37141600034478583,0.2090218605315835,0.5275939680152963,0.4795920617233842,0.3702351908386593,0.39990272946475774,-0.029667538626098416,0.8276099055081106,-0.5071213134333681,0.9163634045587541,0.4449412396357958,525,1669,1624,False,left,right,True,0,0.0,none
7919__590703,I. Zabarnyi + M. Keane,590703,I. Zabarnyi,7919,M. Keane,1.0,1.0,0.386639212994738,0.6027224891329215,2.847046888403531,4.6808142046249595,0.17656294072911694,0.53680623164123,0.011480073899044124,0.5400719758512624,0.6878520180154819,0.5209654700462774,0.33864368797890265,0.451222335490429,-0.11257864751152633,0.7569914409656193,-0.2865008896888869,0.7607369541129988,0.44469284439874335,526,1659,1623,False,right,left,True,0,0.0,none
8653__479155,N. Collins + H. Maguire,479155,N. Collins,8653,H. Maguire,1.0,0.9976525821596245,0.40697732494256317,0.6013135550894017,3.100021990910424,5.159177539950154,0.17656294072911694,0.2683887814127616,0.3169933747721339,0.5210323297999644,1.028250277151407,0.9553411361719077,0.5094209745343294,0.17153155157071234,0.33788942296361707,1.1387406033532101,-1.4888776038617801,1.606278013563431,0.44396262323075725,527,1669,1611,False,right,center,False,0,0.0,none
297957__393247,I. Konaté + M. Akanji,393247,I. Konaté,297957,M. Akanji,1.0,0.9929577464788732,0.39865757042253525,0.5378521126760564,2.128628249639405,3.8571729805780626,0.17656294072911694,-0.2684461190441814,0.19201640186588742,-0.3365545863599422,-0.27883779273159043,-0.22693822349387668,-0.07381298570956052,1.1224975610514232,-1.1963105467609836,-0.16499878898594836,2.5992777859766503,-1.2734578719155822,0.44259236691690446,528,1612,1625,False,right,right,False,0,0.0,none
8653__145787,J. Andersen + H. Maguire,145787,J. Andersen,8653,H. Maguire,1.0,0.9963503649635037,0.4264249107004193,0.6134104674638919,2.8599457903079077,4.662943267400092,0.17656294072911694,0.11948567033711163,0.6091294459146908,0.6845040912945339,0.7052085234956809,0.5047378462128915,0.5359560485813126,0.12631102151410153,0.4096450270672112,1.198056115946513,-1.6832784045625688,1.7409652721992381,0.4422375910443335,529,1616,1611,False,right,center,False,0,0.0,none
8360__627012,Murillo + C. Dawson,627012,Murillo,8360,C. Dawson,1.0,1.0,0.4516339869281045,0.6531045751633987,1.8621574978934925,2.8243101836082096,0.17656294072911694,0.53680623164123,0.9878129790783994,1.2209108623543214,-0.6373955286751043,-1.164824621382557,0.44916184094581746,0.267808368832315,0.1813534721135025,1.00403958872999,-1.0749883738782198,1.3124556931839224,0.44201442083831355,530,1642,1629,False,left,left,False,0,0.0,none
479155__625787,N. Collins + M. van de Ven,479155,N. Collins,625787,M. van de Ven,1.0,0.9976525821596245,0.41692182077975093,0.5698611961624821,2.7718354104439182,4.828071892058914,0.17656294072911694,0.2683887814127616,0.4663767470601812,0.09600052351975816,0.5866489513469166,0.654682148034903,0.3803926958947307,0.3777259054829978,0.002666790411732938,0.850315612603676,-0.6024583723678274,0.9770558367713837,0.4398314619457666,531,1669,1624,False,right,left,True,0,0.0,none
623641__627012,Murillo + E. Agbadou,627012,Murillo,623641,E. Agbadou,1.0,1.0,0.4794117647058823,0.6114379084967321,1.7862174168424017,2.9216184087798265,0.17656294072911694,0.53680623164123,1.4050828122654258,0.6578478934953729,-0.7395789891511328,-1.0764643270057115,0.4761021991557671,0.22091572344166294,0.25518647571410424,1.0642610583908987,-1.2765775149057308,1.4510422882804668,0.4393657323798235,532,1642,1629,False,left,center,False,0,0.0,none
393247__518805,I. Konaté + L. Woolfenden,393247,I. Konaté,518805,L. Woolfenden,1.0,1.0,0.41257440476190477,0.4910714285714286,1.9711788652697175,3.8403268623976494,0.17656294072911694,0.53680623164123,0.40107110702397497,-0.9687258874128467,-0.4906985482381699,-0.24223526502251627,-0.07986168152512055,1.1285462568669828,-1.2084079383921036,-0.1785198175003459,2.6252808272560926,-1.2961650114595122,0.4390913371347523,533,1612,1634,False,right,right,False,0,0.0,none
8360__625787,M. van de Ven + C. Dawson,625787,M. van de Ven,8360,C. Dawson,1.0,1.0,0.43961352657004826,0.6189613526570048,2.22916793433137,3.6503149369831607,0.17656294072911694,0.53680623164123,0.8072450614946531,0.7595160408136373,-0.14355359557512437,-0.4147747357108861,0.44276538401553356,0.2713517230966498,0.1714136609188837,0.9897411880197079,-1.0597556708273952,1.2937983919475209,0.4357035711511396,534,1624,1629,False,left,left,False,0,0.0,none
8360__590703,I. Zabarnyi + C. Dawson,590703,I. Zabarnyi,8360,C. Dawson,1.0,1.0,0.4314420803782506,0.6273640661938534,2.2692709064291723,3.661139065463399,0.17656294072911694,0.53680623164123,0.6844959338781182,0.8730662047463398,-0.08959183509754355,-0.4049459347313196,0.43159036630588055,0.28953866669555184,0.14205169961032874,0.9647609711748761,-0.9815709084307461,1.2386851763844478,0.4356462483351038,535,1659,1629,False,right,left,True,0,0.0,none
9433__590703,I. Zabarnyi + J. Tarkowski,590703,I. Zabarnyi,9433,J. Tarkowski,1.0,0.9970588235294118,0.37392574050896954,0.6095536086775135,2.8657317468559964,4.654334256786855,0.17656294072911694,0.20049495576673537,-0.1794980736620769,0.6323843866850636,0.7129939913812089,0.4969204730079301,0.2579994872128454,0.5715250931920554,-0.31352560597921003,0.5767224092061333,0.23067465855062821,0.3835539409487335,0.4342743903580018,536,1659,1623,False,right,right,False,0,0.0,none
504375__578325,M. Lacroix + W. Saliba,504375,M. Lacroix,578325,W. Saliba,1.0,0.9964788732394366,0.41944968781762737,0.5646870916218962,1.9419775830469537,3.486375862583337,0.17656294072911694,0.13418005629852428,0.5043496427198738,0.026080203588346562,-0.5299912119614499,-0.5636388717927889,0.07695014639889289,0.866226461029383,-0.7892763146304902,0.17201148071787667,1.4975811234565821,-0.5094433314284085,0.4333914111102313,537,1628,1609,False,center,right,False,0,0.0,none
145787__415917,J. Andersen + Gabriel Magalhaes,145787,J. Andersen,415917,Gabriel Magalhaes,1.0,0.9963503649635037,0.40469238790406675,0.6340285019117136,2.7248453527523298,4.304283141492444,0.17656294072911694,0.11948567033711163,0.2826697040838687,0.9631261318119713,0.5234200656723762,0.17905813876221977,0.41758330762544954,0.30903870754419394,0.10854460008125565,0.9334501158110224,-0.8977412065248098,1.1757914214396414,0.4325609802359966,538,1616,1609,False,right,left,True,0,0.0,none
145787__366217,J. Andersen + K. Danso,145787,J. Andersen,366217,K. Danso,1.0,0.9963503649635037,0.4384902973117323,0.6029019049314581,2.704561336636808,4.482104853567118,0.17656294072911694,0.11948567033711163,0.7903722328257137,0.5424965132636826,0.4961262976075118,0.3405283412841735,0.5232062240179033,0.1355694881052148,0.38763673591268843,1.1695556347300573,-1.6434767189936312,1.69965509942748,0.4316658215524353,539,1616,1624,False,right,right,False,0,0.0,none
283145__620468,J. Greaves + T. Adarabioyo,620468,J. Greaves,283145,T. Adarabioyo,1.0,0.981410988453242,0.40635706128663873,0.6060144651693948,3.0183041569253577,4.947955750698522,0.17656294072911694,-1.5887697931409839,0.30767595153151006,0.5845581310634818,0.9182923874096005,0.763542144420057,0.29747559656098393,0.5032763479270651,-0.2058007513660812,0.6649658283512302,-0.06272328945504062,0.5857564801934206,0.43081722337778705,540,1634,1610,False,left,right,True,0,0.0,none
496001__777938,M. Kilman + Dean Huijsen,496001,M. Kilman,777938,Dean Huijsen,1.0,0.9960629921259843,0.4276243319326017,0.5918567173921913,2.9139855864251207,4.919318762256953,0.17656294072911694,0.08662578362025217,0.6271468086237444,0.3932372471645601,0.7779233967779577,0.7375384564039537,0.5149100600432485,0.1479089517085772,0.36700110833467126,1.1510106999074354,-1.5904299811135385,1.660921454251836,0.4305606464700234,541,1633,1659,False,left,left,False,0,0.0,none
364003__578325,W. Saliba + S. Bueno,578325,W. Saliba,364003,S. Bueno,1.0,1.0,0.4413745704467354,0.5507903780068728,1.8377422402799506,3.3905836745356117,0.17656294072911694,0.53680623164123,0.8336989589424226,-0.1617131922226379,-0.670248213012996,-0.6506225355064299,0.16518942891976263,0.7185133454503213,-0.5533239165305587,0.36925827431353,0.8625698153929817,-0.06655413739774098,0.4300892542951113,542,1609,1629,False,right,center,False,0,0.0,none
8653__627012,Murillo + H. Maguire,627012,Murillo,8653,H. Maguire,1.0,1.0,0.43685857321652066,0.6090738423028786,2.1627417017585695,3.55598152073938,0.17656294072911694,0.53680623164123,0.7658609401491303,0.6259010583828084,-0.23293541103707566,-0.5004337682764624,0.37958476948258435,0.36814293072376136,0.011441838758822931,0.8485096041037836,-0.6436551023477465,0.993526845844904,0.4298636405165487,543,1642,1611,False,left,center,False,0,0.0,none
9433__413002,J. Tarkowski + K. Mavropanos,9433,J. Tarkowski,413002,K. Mavropanos,1.0,0.9970588235294118,0.36695307336417715,0.6552544613350959,3.0005058199401446,4.575547821060175,0.17656294072911694,0.20049495576673537,-0.2842394852916197,1.2499633733273918,0.8943432996723356,0.42537880588334487,0.36490402000218153,0.3913015722620392,-0.02639755225985771,0.8156928055095108,-0.544097258763257,0.9225012596426521,0.42911747705430875,544,1623,1633,False,right,right,False,0,0.0,none
557788__578325,W. Saliba + W. Fofana,578325,W. Saliba,557788,W. Fofana,1.0,0.9861111111111112,0.43470790378006874,0.5957903780068728,1.9598495421588318,3.2983967049051977,0.17656294072911694,-1.051330348877223,0.733554198977536,0.44639481414502735,-0.5059430597569619,-0.7343324969191125,0.10922148300087692,0.8070308450634808,-0.6978093620626037,0.24414962019427022,1.2431021262546131,-0.33775732514304024,0.427453982944911,545,1609,1610,False,right,right,False,0,0.0,none
412968__424806,E. Pinnock + M. Senesi,424806,E. Pinnock,412968,M. Senesi,1.0,1.0,0.38381962864721486,0.5728116710875332,3.044151761572401,5.298976380810782,0.17656294072911694,0.53680623164123,-0.030874915753474924,0.13587179961999352,0.9530724093860616,1.082284842217323,0.3388944022769588,0.43124351802645833,-0.09234911574949956,0.7575518783353187,-0.3723888283572001,0.7987083461812723,0.4268009598967538,546,1669,1659,False,left,left,False,0,0.0,none
475597__619747,L. Colwill + S. Botman,619747,L. Colwill,475597,S. Botman,0.9964285714285714,0.9857142857142858,0.4380952380952381,0.5666666666666667,2.9266187050359713,5.2374100719424455,-2.8384737166366527,-1.0967056797491785,0.7844377662645552,0.052831213231246316,0.7949222695523013,1.0263798335121732,0.1134778449843229,0.7986347306272412,-0.6851568856429182,0.2536641326611932,1.2070076495393451,-0.31400827605885484,0.42613270598062913,547,1610,1613,False,left,right,True,0,0.0,none
9097__192792,D. Burn + L. Dunk,192792,D. Burn,9097,L. Dunk,1.0,0.9979338842975207,0.38573481854114267,0.5842615882141573,3.0861984724972356,5.239823077120889,0.17656294072911694,0.30055450891947755,-0.0021054809212885245,0.2906003835521362,1.0096496261136052,1.028570951966179,0.3593994424664944,0.39601824587430196,-0.03661880340780753,0.8033880786577694,-0.5238205144234566,0.9033156878097128,0.4252110225637903,548,1613,1651,False,left,left,False,0,0.0,none
399581__769441,D. O'Shea + L. Yoro,399581,D. O'Shea,769441,L. Yoro,1.0,1.0,0.3938198553583169,0.5597468770545694,2.4871088714402907,4.346815305285363,0.17656294072911694,0.53680623164123,0.1193456297831883,-0.04067944155755704,0.20352659169102494,0.21767927799889208,0.15726891590318215,0.7247823487151592,-0.567513432811977,0.3515530556000434,0.8895199473961821,-0.09318825292345305,0.4239948614341857,549,1634,1611,False,right,right,False,0,0.0,none
397074__590781,M. Guéhi + J. van Hecke,397074,M. Guéhi,590781,J. van Hecke,1.0,0.9967741935483871,0.4074807045319612,0.5649713041757372,2.7286968712636144,4.8206370364385265,0.17656294072911694,0.1679487032627498,0.32455499899485757,0.029920913132810256,0.5286025922660174,0.6479309609681547,0.2981130816106669,0.49447857212713775,-0.19636549051647076,0.666390838600893,-0.10054448831650493,0.6034667264414086,0.42372541809377673,550,1628,1651,False,left,right,True,0,0.0,none
578325__769441,W. Saliba + L. Yoro,578325,W. Saliba,769441,L. Yoro,1.0,1.0,0.49026345933562426,0.568012600229095,1.5750372313331127,2.7652859018161764,0.17656294072911694,0.53680623164123,1.5680938653515883,0.0710195015723944,-1.0237388404527248,-1.2184213538820745,0.3589707089684532,0.3941564729335496,-0.03518576396509629,0.8024297038231182,-0.53182418333119,0.9060055425808762,0.42286870542837734,551,1609,1611,False,right,right,False,0,0.0,none
283145__590781,J. van Hecke + T. Adarabioyo,590781,J. van Hecke,283145,T. Adarabioyo,1.0,0.9859154929577465,0.42020219476367404,0.5853711224401625,2.764168676408001,4.7134664491417215,0.17656294072911694,-1.0736984697295928,0.5156535868424368,0.3055940868004177,0.5763327467353845,0.5506151932066524,0.29339545118586174,0.4991962025519429,-0.2058007513660812,0.6558452239032436,-0.08026363068736146,0.5857564801934206,0.4209948187840975,552,1651,1610,False,right,right,False,0,0.0,none
145787__234399,J. Andersen + A. Webster,145787,J. Andersen,234399,A. Webster,1.0,0.9831924702266616,0.4163465232424126,0.6523242412600845,2.7295335896889723,4.204288538361791,0.17656294072911694,-1.3850647743645785,0.4577347919924104,1.2103658113710887,0.5297284639132922,0.08825849101263183,0.3697152747962722,0.37233849993619456,-0.0026232251399223028,0.8264477046224048,-0.6256185598023246,0.967126330892448,0.41896355054899465,553,1616,1651,False,right,left,True,0,0.0,none
240032__590874,J. Bednarek + Toti,240032,J. Bednarek,590874,Toti,1.0,0.9943820224719101,0.4665730337078652,0.5823501872659176,2.1689629657381566,3.715705374370118,0.17656294072911694,-0.10558609306286465,1.2122230671578997,0.26477064532983946,-0.22456420214224512,-0.35539724437598563,0.4151055325789227,0.29806670661029616,0.1170388259686265,0.9279113900959403,-0.9449092906708672,1.1917353189692557,0.4188299716405611,554,1619,1629,False,center,left,False,0,0.0,none
496001__625787,M. Kilman + M. van de Ven,496001,M. Kilman,625787,M. van de Ven,1.0,1.0,0.43241721108357734,0.5722572651498086,2.659457009978736,4.618751749361172,0.17656294072911694,0.53680623164123,0.6991440684410194,0.128379828742035,0.4354348140513875,0.4646099378475708,0.4534895228322636,0.2342021174082503,0.21928740542401334,1.0137135270420066,-1.2194599706775398,1.383658737889532,0.41775051989564777,555,1633,1624,False,left,left,False,0,0.0,none
8360__239411,T. Mings + C. Dawson,239411,T. Mings,8360,C. Dawson,1.0,0.9918032786885246,0.3697632058287796,0.6341074681238615,2.527141816212403,4.0627076611717925,0.17656294072911694,-0.4004547011237593,-0.24202647912104763,0.9641932426084086,0.2573941247939726,-0.040303385073144904,0.12031898500163221,0.7778343458988899,-0.6575153608972576,0.268956561321116,1.1175878342250656,-0.2621243676308526,0.41732975740190714,556,1614,1629,False,left,left,False,0,0.0,none
50102__620468,F. Schär + J. Greaves,50102,F. Schär,620468,J. Greaves,1.0,0.9954954954954955,0.3700623700623701,0.5655830655830656,2.809475634005154,4.890909910291052,0.17656294072911694,0.02173490822983895,-0.23753251956659754,0.03818795779465778,0.6372968864471014,0.7117419266842095,0.11109972024200418,0.792666488928323,-0.6815667686863188,0.2483481615110208,1.181350476490001,-0.30726952697985327,0.41712531830654,557,1613,1634,False,right,left,True,0,0.0,none
234399__479155,N. Collins + A. Webster,479155,N. Collins,234399,A. Webster,1.0,0.9844946874227823,0.39689893748455646,0.6402273288855942,2.9696097902914893,4.700522810911853,0.17656294072911694,-1.2361616632889285,0.16559872084985355,1.0468940498765191,0.8527702175690183,0.538861780971648,0.343180200749289,0.4111921304870391,-0.06801192973775008,0.7671321920291019,-0.4585887421561996,0.8443899191786917,0.41486745720342943,558,1669,1651,False,right,left,True,0,0.0,none
8360__568412,C. Dawson + J. Gvardiol,8360,C. Dawson,568412,J. Gvardiol,1.0,1.0,0.43843843843843844,0.6580330330330331,2.1759560056688283,3.3100972959363926,0.17656294072911694,0.53680623164123,0.7895932236630049,1.2875116332336625,-0.21515450689998725,-0.7237078280786722,0.5005529133229536,0.15177757531567246,0.3487753380072812,1.118917270826224,-1.5737989613999748,1.6267111779592969,0.41266118258497897,559,1629,1625,False,left,left,False,0,0.0,none
7919__234399,M. Keane + A. Webster,7919,M. Keane,234399,A. Webster,1.0,0.986842105263158,0.37478777589134127,0.6646859083191851,3.0047182961532997,4.542440994997659,0.17656294072911694,-0.9677442130604601,-0.16654882469474858,1.3774153382753211,0.9000115237600027,0.39531630200345586,0.3126062105431139,0.4581780419106105,-0.14557183136749657,0.6987882372358766,-0.2565986551102538,0.6988078331371331,0.41217608871228884,560,1623,1651,False,left,left,False,0,0.0,none
136441__625787,B. Davies + M. van de Ven,136441,B. Davies,625787,M. van de Ven,1.0,1.0,0.4265749778172139,0.5319432120674357,2.8007827788649706,5.292106979778213,0.17656294072911694,0.53680623164123,0.6113837112231922,-0.41640458122512003,0.6255999537161082,1.0760471136351826,0.4034850043410625,0.30798145368434326,0.0955035506567192,0.9019352956703814,-0.9022862880760802,1.1513130100504896,0.4105443634224646,561,1624,1624,True,left,left,False,0,0.0,none
136441__424241,N. Milenković + B. Davies,424241,N. Milenković,136441,B. Davies,0.9967741935483871,0.9935483870967742,0.40595786701777486,0.5795589203423305,3.037837837837838,5.361261261261262,-2.5466959756012724,-0.20090882511573044,0.3016793693963001,0.22705082834889356,0.944576519370546,1.1388423466022286,0.13180817745258822,0.7507355658612556,-0.6189273884086675,0.29463907263820965,1.0010915319761597,-0.1896936732519332,0.40970826126156606,562,1642,1624,False,right,left,True,0,0.0,none
619747__620468,L. Colwill + J. Greaves,619747,L. Colwill,620468,J. Greaves,0.9964285714285714,0.9812097812097812,0.43764478764478765,0.6243243243243244,2.955146262188516,4.705850487540628,-2.8384737166366527,-1.6117770031605696,0.7776712284290899,0.8319886187874139,0.8333083822404547,0.5436995536720853,0.1729237944312187,0.682637106524099,-0.5097133120928801,0.3865473858526078,0.7083396556699681,0.015304176423733757,0.4088364249120411,563,1610,1634,False,left,left,False,0,0.0,none
9433__479155,N. Collins + J. Tarkowski,479155,N. Collins,9433,J. Tarkowski,1.0,0.9947114056890363,0.364236398784866,0.6275338304335818,3.395898627472171,5.420701394142441,0.17656294072911694,-0.06792249446173296,-0.3250485938387921,0.8753603157102015,1.4263759859921308,1.1928166908050628,0.4054071669045273,0.302066654532287,0.10334051237224037,0.9062320260106737,-0.9277137142850305,1.1660232045040604,0.4080065396206398,564,1669,1623,False,right,right,False,0,0.0,none
479155__769441,N. Collins + L. Yoro,479155,N. Collins,769441,L. Yoro,1.0,0.9976525821596245,0.4217527386541471,0.5620109546165883,2.3724472173049524,4.131589741375588,0.17656294072911694,0.2683887814127616,0.538945413701403,-0.010083803946420389,0.04924015373513513,0.02224467675166575,0.24071979695583168,0.5681968710707521,-0.3274770741149204,0.538096035553153,0.2163667978404276,0.35736664839342597,0.40543138680738994,565,1669,1611,False,right,right,False,0,0.0,none
424241__620468,N. Milenković + J. Greaves,424241,N. Milenković,620468,J. Greaves,0.9967741935483871,0.9890438825922696,0.41299040976460333,0.6436791630340017,3.092984100026354,4.800445082135223,-2.5466959756012724,-0.7159801485271214,0.40732021519489087,1.0935404494831837,1.0187802313596046,0.6295957480595128,0.25077916231190117,0.5499727821761479,-0.2991936198642468,0.5605823648319821,0.13802234967234378,0.41045547630259954,0.40378898257821405,566,1642,1634,False,right,left,True,0,0.0,none
234399__366217,A. Webster + K. Danso,234399,A. Webster,366217,K. Danso,1.0,0.986842105263158,0.41688061617458283,0.634788189987163,2.572142064372919,4.073598779134295,0.17656294072911694,-0.9677442130604601,0.46575778326607925,0.973392185168034,0.31794556239683675,-0.030413754596764583,0.3232259928434493,0.4307193183563275,-0.10749332551287827,0.7225273016024709,-0.3746423365640467,0.7702822445169294,0.40292739873540734,567,1651,1624,False,left,right,True,0,0.0,none
8360__534563,C. Richards + C. Dawson,534563,C. Richards,8360,C. Dawson,1.0,1.0,0.3712606837606838,0.6164529914529915,2.4367963704196702,4.05478116592769,0.17656294072911694,0.53680623164123,-0.21953179391455907,0.7256192734575803,0.13582709244988161,-0.04750100327972889,0.15524860759796444,0.7049950899580135,-0.5497464823600492,0.34703693393751045,0.8044555100433414,-0.05983919425991501,0.4028872811297746,568,1628,1629,False,right,left,True,0,0.0,none
240032__415917,J. Bednarek + Gabriel Magalhaes,240032,J. Bednarek,415917,Gabriel Magalhaes,1.0,1.0,0.4107142857142857,0.6196428571428572,2.555717263008126,4.130587256896085,0.17656294072911694,0.53680623164123,0.3731289306944867,0.7687255593519107,0.2958446768321138,0.02133437524775008,0.40218729390007923,0.3008646871586256,0.10132260674145367,0.8990344422614815,-0.9328809120061426,1.1622355396799438,0.40210005546488675,569,1619,1609,False,center,left,False,0,0.0,none
415917__479155,N. Collins + Gabriel Magalhaes,479155,N. Collins,415917,Gabriel Magalhaes,1.0,0.9976525821596245,0.3852448021462106,0.6219315895372233,2.964921553354846,4.800517414042506,0.17656294072911694,0.2683887814127616,-0.009466367058688169,0.7996543703174017,0.8464618193281023,0.629661428721236,0.39104823357846624,0.3181117158799085,0.07293651769855787,0.8741346032177192,-0.858736796735279,1.1089540634197772,0.40123707527223135,570,1669,1609,False,right,left,True,0,0.0,none
145787__365443,J. Andersen + M. de Ligt,145787,J. Andersen,365443,M. de Ligt,1.0,0.9909740208774822,0.4447845538026842,0.6166705910054155,2.6239996867903845,4.252908934304283,0.17656294072911694,-0.4952768769603533,0.8849227536422859,0.7285598074578282,0.38772414621360757,0.132408021955372,0.4949629557708204,0.14653400866307462,0.34842894710774575,1.1064216886773859,-1.5963407926106408,1.6260609926356884,0.39952080508263843,571,1616,1611,False,right,right,False,0,0.0,none
365443__413002,M. de Ligt + K. Mavropanos,365443,M. de Ligt,413002,K. Mavropanos,1.0,0.9946236559139785,0.42805364262413914,0.6322943095324394,2.4686830798608743,3.9039896337720794,0.17656294072911694,-0.0779563156562349,0.6335957910469014,0.9396911035804492,0.17873321354953847,-0.1844265730073298,0.4279247348214913,0.2554246615305147,0.17250007329097666,0.9565669555829197,-1.128225313208661,1.2958376180954045,0.3989834074479425,572,1611,1633,False,right,right,False,0,0.0,none
8360__397074,M. Guéhi + C. Dawson,397074,M. Guéhi,8360,C. Dawson,1.0,0.9967741935483871,0.3996415770609319,0.6085125448028674,2.3560712450588546,3.9741504743263136,0.17656294072911694,0.1679487032627498,0.2067978681568009,0.6183159583003415,0.02720497165994215,-0.12071733862179346,0.22250262180094726,0.590511172449636,-0.3680085506486887,0.49737404320443357,0.3122948652404157,0.2812879430296818,0.39863306978027785,573,1628,1629,False,left,left,False,0,0.0,none
234399__590874,Toti + A. Webster,590874,Toti,234399,A. Webster,1.0,0.981224127735068,0.43894145476049673,0.628622117090479,2.2056717832184702,3.480895184533654,0.17656294072911694,-1.610136537764555,0.7971493909876474,0.8900668896942514,-0.17516954851265779,-0.568615576742454,0.23052131512983898,0.5764656864799083,-0.3459443713500692,0.5152987305178947,0.2519140223947311,0.3227030193976492,0.3977641758568965,574,1629,1651,False,left,left,False,0,0.0,none
393247__488453,I. Konaté + L. Martínez,393247,I. Konaté,488453,L. Martínez,1.0,1.0,0.3984375,0.53125,1.7779784005184511,3.1045369381235686,0.17656294072911694,0.53680623164123,0.18871056691986343,-0.4257723102988602,-0.7506652454106348,-0.9103659825822318,-0.15140523147060356,1.200089806812466,-1.3514950382830695,-0.3384455946150838,2.932842976062563,-1.5647434656613468,0.39768140237895766,575,1612,1611,False,right,left,True,0,0.0,none
366217__590874,Toti + K. Danso,590874,Toti,366217,K. Danso,1.0,0.9943820224719101,0.4610852288298164,0.5791997807618525,2.180699530166306,3.758711499738981,0.17656294072911694,-0.10558609306286465,1.1297868318209505,0.2221975915868455,-0.20877171481843818,-0.31634572647091236,0.38401226435147007,0.32467880311870795,0.05933346123276209,0.8584066606255472,-0.8305052166123496,1.0834207492301142,0.39673591517509155,576,1629,1624,False,left,right,True,0,0.0,none
397074__424806,M. Guéhi + E. Pinnock,397074,M. Guéhi,424806,E. Pinnock,1.0,0.9967741935483871,0.38431590656284764,0.5802558398220246,2.961158239514371,5.066610571953918,0.17656294072911694,0.1679487032627498,-0.02341997084293751,0.2364686575799052,0.841397979182628,0.8712861189593935,0.2868862148934731,0.4832517054099439,-0.19636549051647076,0.6412947204228187,-0.1488082277386496,0.6034667264414086,0.3966982371780962,577,1628,1669,False,left,left,False,0,0.0,none
8360__346131,T. Chalobah + C. Dawson,346131,T. Chalobah,8360,C. Dawson,1.0,1.0,0.42592592592592593,0.6311728395061729,2.2341543862356303,3.5719900084869995,0.17656294072911694,0.53680623164123,0.6016338393445243,0.9245361057610266,-0.13684392521367478,-0.4858973332791836,0.3976996600498539,0.30219292754866983,0.09550673250118409,0.8890029533089404,-0.9271708728928354,1.1513189824607806,0.3966140112787757,578,1628,1629,False,right,left,True,0,0.0,none
145787__568412,J. Andersen + J. Gvardiol,145787,J. Andersen,568412,J. Gvardiol,1.0,0.9963503649635037,0.43519431840599726,0.6210297889130005,2.4785472811788605,3.991619978462084,0.17656294072911694,0.11948567033711163,0.7408609803710897,0.7874678774343528,0.19200628636632772,-0.10485423429189927,0.4647152992491341,0.19164341416946207,0.27307188507967206,1.0388072080034956,-1.4024177108024412,1.484613697609691,0.3956010302829537,579,1616,1625,False,right,left,True,0,0.0,none
283145__424806,E. Pinnock + T. Adarabioyo,424806,E. Pinnock,283145,T. Adarabioyo,1.0,0.9859154929577465,0.39703739679456046,0.6006556580864497,2.9966300446587577,4.959439984657114,0.17656294072911694,-1.0736984697295928,0.16767861700464176,0.5121418312475127,0.8891281336519952,0.773970351197891,0.282168584468668,0.4879693358347491,-0.2058007513660812,0.6307491057251694,-0.12852737010950588,0.5857564801934206,0.39396763786841704,580,1669,1610,False,left,right,True,0,0.0,none
8360__283145,T. Adarabioyo + C. Dawson,283145,T. Adarabioyo,8360,C. Dawson,1.0,0.9859154929577465,0.4123630672926447,0.6289123630672926,2.391543050203241,3.8669798870295096,0.17656294072911694,-1.0736984697295928,0.3978964560043802,0.8939891319679489,0.07493512612930933,-0.2180331063832958,0.21778499137614207,0.5900846956629509,-0.37229970428680886,0.48682842850678415,0.3104614628298711,0.2732333286602025,0.3911993188343939,581,1610,1629,False,right,left,True,0,0.0,none
366217__413002,K. Mavropanos + K. Danso,413002,K. Mavropanos,366217,K. Danso,1.0,1.0,0.4217593861331872,0.6185256234584817,2.549244729707298,4.133185553034914,0.17656294072911694,0.53680623164123,0.5390452702303291,0.7536278093863036,0.2871353649434427,0.023693746321471698,0.4561680030685742,0.20062849858249227,0.2555395044860819,1.0197009016355911,-1.3637912815661943,1.4517049330747132,0.3910540529628799,582,1633,1624,False,right,right,False,0,0.0,none
475597__769441,L. Yoro + S. Botman,769441,L. Yoro,475597,S. Botman,1.0,1.0,0.4388888888888889,0.5305555555555556,2.4280132907619763,4.566368234370666,0.17656294072911694,0.53680623164123,0.7963597614984701,-0.43515669311317606,0.12400875540523182,0.4170433236493174,0.32333714081458054,0.41694068142586027,-0.09360354061127973,0.722775757622216,-0.43387600871461685,0.7963537559313756,0.3904958273829981,583,1611,1613,False,right,right,False,0,0.0,none
496001__590703,M. Kilman + I. Zabarnyi,496001,M. Kilman,590703,I. Zabarnyi,1.0,1.0,0.4242457648917797,0.5806599786866571,2.699559982076538,4.629575877841411,0.17656294072911694,0.53680623164123,0.5763949408244845,0.24192999267473744,0.48939657452896834,0.4744387388271373,0.4423145051226107,0.22050450662921492,0.22180999849339578,0.9887333101971751,-1.2783453154490114,1.388393715030527,0.38854180346998957,584,1633,1659,False,left,right,True,0,0.0,none
234399__627012,Murillo + A. Webster,627012,Murillo,234399,A. Webster,1.0,0.986842105263158,0.42678018575851395,0.6479876160990712,2.0323295011396345,3.0973267917010787,0.17656294072911694,-0.9677442130604601,0.61446628622685,1.1517627784593631,-0.40841547061946437,-0.916913123476722,0.21334399569754392,0.594243297520464,-0.3808993018229202,0.4769011927796752,0.32833908456239563,0.2570916456240191,0.3883706508833601,585,1642,1651,False,left,left,False,0,0.0,none
545267__623641,E. Agbadou + R. Drăgușin,623641,E. Agbadou,545267,R. Drăgușin,1.0,1.0,0.4537037037037037,0.5648148148148149,2.0469202125368553,3.6400991868490724,0.17656294072911694,0.53680623164123,1.0189036725315506,0.02780619239307114,-0.3887824999834182,-0.42405110148095704,0.33279195595608313,0.3980064766712472,-0.06521452071516398,0.7439106979506342,-0.5152732095064143,0.8496407334843066,0.38730153282025415,586,1629,1624,False,center,right,False,0,0.0,none
136441__619747,L. Colwill + B. Davies,619747,L. Colwill,136441,B. Davies,0.9964285714285714,0.9857142857142858,0.4306122448979592,0.560204081632653,2.9000000000000004,5.2666666666666675,-2.8384737166366527,-1.0967056797491785,0.6720303826304992,-0.0345010023468762,0.7591046702513962,1.0529461522148011,0.053952809571905846,0.8527277499899122,-0.7987749404180065,0.12060409365883559,1.4395508387337677,-0.5272725154219117,0.3867127953651658,587,1610,1624,False,left,left,False,0,0.0,none
413002__627012,Murillo + K. Mavropanos,627012,Murillo,413002,K. Mavropanos,1.0,1.0,0.4316589557171183,0.63172504957039,2.009432166474014,3.1569135656016973,0.17656294072911694,0.53680623164123,0.6877537731910999,0.9319984026776327,-0.43922566807285846,-0.8628056225584858,0.3462860059226688,0.37497397793027604,-0.028687972007607226,0.7740747928127955,-0.614288771504015,0.9182020782643681,0.3863911806080669,588,1642,1633,False,left,right,True,0,0.0,none
8653__366217,H. Maguire + K. Danso,8653,H. Maguire,366217,K. Danso,1.0,1.0,0.42695900363258954,0.5958744161909704,2.702554264991854,4.532253508172596,0.17656294072911694,0.53680623164123,0.6171524371883597,0.4475304650914793,0.49342562197922546,0.38606560060349515,0.48946676662848976,0.1396197754011254,0.3498469912273643,1.0941357129265794,-1.626064736152927,1.6287227007695968,0.384992975771331,589,1611,1624,False,center,right,False,0,0.0,none
534563__590781,J. van Hecke + C. Richards,590781,J. van Hecke,534563,C. Richards,1.0,1.0,0.3790998112317131,0.5729117508258612,2.80942199662443,4.901267728039902,0.17656294072911694,0.53680623164123,-0.1017746630765024,0.13722422829004902,0.6372247130559568,0.7211472963102193,0.23085906740768414,0.5617325863301206,-0.33087351892243644,0.51605372933397,0.18857716052384882,0.35099142730864874,0.38479829828586937,590,1651,1628,False,right,right,False,0,0.0,none
286380__620468,J. Greaves + I. Diop,620468,J. Greaves,286380,I. Diop,1.0,0.9954954954954955,0.36066066066066066,0.6021021021021021,2.591577488954315,4.211426695719067,0.17656294072911694,0.02173490822983895,-0.3787623092606683,0.5316883687293081,0.3440974825957603,0.09474026256159157,0.05468929904604652,0.8490769101242808,-0.7943876110782343,0.12225041469795826,1.423856060450085,-0.5190373765935458,0.38447455016529547,591,1634,1616,False,left,right,True,0,0.0,none
496001__769441,M. Kilman + L. Yoro,496001,M. Kilman,769441,L. Yoro,1.0,1.0,0.4372481289579735,0.5644070236039148,2.2600688168397705,3.9222695986778464,0.17656294072911694,0.53680623164123,0.7717127350822413,0.022295501275856444,-0.101973983560394,-0.16782753343566648,0.3138166238933646,0.42467308299600465,-0.11085645910263994,0.7014939499914836,-0.4006348004692846,0.7639695495115741,0.38335044475727126,592,1633,1611,False,left,right,True,0,0.0,none
424806__558243,E. Pinnock + S. van den Berg,424806,E. Pinnock,558243,S. van den Berg,1.0,1.0,0.3588573360378634,0.5542596348884381,3.1075179514486333,5.637182049743494,0.17656294072911694,0.53680623164123,-0.40585133598398837,-0.1148313503153936,1.0383366923459159,1.3893909723939641,0.2010122806708439,0.6059037712148865,-0.4048914905440426,0.44933533799185293,0.37846687872819684,0.21205764210764347,0.3806192610359142,593,1669,1669,True,left,left,False,3,270.0,medium
479155__777938,N. Collins + Dean Huijsen,479155,N. Collins,777938,Dean Huijsen,1.0,0.9937155742856087,0.4121289416287753,0.5894606484048648,3.0263639868903027,5.128638904954695,0.17656294072911694,-0.1817916666082162,0.39437948724290617,0.36085794194228327,0.9291375340734869,0.9276106665912859,0.44181323310571546,0.21222379635422678,0.2295894367514887,0.9876127854691048,-1.3139436754375764,1.4029959363594193,0.38022247737516335,594,1669,1659,False,right,left,True,0,0.0,none
349142__578325,W. Saliba + N. Mazraoui,578325,W. Saliba,349142,N. Mazraoui,1.0,1.0,0.45921770770163733,0.539417828987265,1.7089094669528153,3.211269734747585,0.17656294072911694,0.53680623164123,1.1017334635543239,-0.31539626137002175,-0.8436030266908172,-0.8134477486638833,0.18597914833703275,0.6286434627233691,-0.44266431438633635,0.4157308359398097,0.4762236770541755,0.14115700434133158,0.3789639219544238,595,1609,1611,False,right,right,False,0,0.0,none
399581__479155,N. Collins + D. O'Shea,479155,N. Collins,399581,D. O'Shea,1.0,0.9976525821596245,0.37112814956801954,0.5939800538933799,3.4567669172932334,5.820488721804511,0.17656294072911694,0.2683887814127616,-0.22152268465128366,0.42193097886646175,1.508279144391309,1.5558417680588286,0.4331744768241102,0.22250722273455545,0.21066725408955472,0.9683020326102754,-1.2697357389144779,1.367478474803908,0.3767259895915759,596,1669,1634,False,right,right,False,0,0.0,none
8360__9097,L. Dunk + C. Dawson,9097,L. Dunk,8360,C. Dawson,1.0,1.0,0.41787439613526567,0.6298309178743962,2.241610654990662,3.5944274307222335,0.17656294072911694,0.53680623164123,0.48068606160915467,0.9064020326898848,-0.1268109184920223,-0.46552313335655326,0.35528349422875716,0.3486839333542927,0.006599560874464408,0.794187441829072,-0.7273083603861545,0.9844377559829406,0.3757887639952777,597,1651,1629,False,left,left,False,0,0.0,none
239411__620468,J. Greaves + T. Mings,620468,J. Greaves,239411,T. Mings,1.0,0.98729877418402,0.3637571998227736,0.6112095702259637,3.1539029229345195,5.143683524840806,0.17656294072911694,-0.9155260245351503,-0.33224698359391774,0.6547622417039414,1.1007513860742637,0.9412718657302079,0.20000959018647407,0.600742354301575,-0.4007327641151008,0.447093961165562,0.3562782051447109,0.21986368693337993,0.3744031795128703,598,1634,1614,False,left,left,False,0,0.0,none
192792__424241,D. Burn + N. Milenković,192792,D. Burn,424241,N. Milenković,0.9967741935483871,0.9914822713942948,0.3868568381764863,0.6210077312716609,3.3108108108108105,5.364864864864865,-2.5466959756012724,-0.43716054783748287,0.014749177137317777,0.7871698012499022,1.311883514684941,1.142114582578892,0.17520450536479648,0.6404472784566908,-0.4652427730918943,0.39164560181623337,0.5269676914876561,0.09877661126592771,0.373668430607599,599,1613,1642,False,left,right,True,0,0.0,none
399581__590703,I. Zabarnyi + D. O'Shea,590703,I. Zabarnyi,399581,D. O'Shea,1.0,1.0,0.38081749129212306,0.5759998321373117,2.9266000366770584,5.054121584448927,0.17656294072911694,0.53680623164123,-0.07597216447456848,0.17895504984132396,0.7948971497803873,0.8599455502616958,0.28576679713242825,0.45956201150548337,-0.17379521437305515,0.638792415805735,-0.2506490389281344,0.6458317606207746,0.37336784834858205,600,1659,1634,False,right,right,False,0,0.0,none
8653__234399,H. Maguire + A. Webster,8653,H. Maguire,234399,A. Webster,1.0,0.986842105263158,0.4048152295632699,0.645296752519597,2.727526518044018,4.25443719296727,0.17656294072911694,-0.9677442130604601,0.2845149963550564,1.1153997631988852,0.5270277882850058,0.1337957503319535,0.3359758174068587,0.37658546181566244,-0.040609644408803686,0.751027782818927,-0.6073610827475286,0.8958247685875774,0.37247052030272043,601,1611,1651,False,center,left,False,0,0.0,none
7919__346131,T. Chalobah + M. Keane,346131,T. Chalobah,7919,M. Keane,1.0,1.0,0.38112305854241335,0.6065312624452409,2.811930368209989,4.59166514764856,0.17656294072911694,0.53680623164123,-0.07138202063454982,0.5915418768659493,0.6405999278993507,0.44001407149841343,0.3047529817228761,0.4271095755729398,-0.12235659385006376,0.6812334230996838,-0.39016044054327836,0.7423834776998629,0.37204527492683104,602,1628,1623,False,right,left,True,0,0.0,none
15806__590781,J. van Hecke + J. Vestergaard,590781,J. van Hecke,15806,J. Vestergaard,1.0,1.0,0.4071446830265849,0.5745143149284253,2.3391196641926486,4.018639122946578,0.17656294072911694,0.53680623164123,0.31950738004501456,0.15888049632308546,0.004395262090594043,-0.0803196221740658,0.2075679266135894,0.5850237271242154,-0.3774558005106259,0.463989583869805,0.2887046117929635,0.2635551930731095,0.3713172140874134,603,1651,1631,False,right,left,True,0,0.0,none
349142__590781,J. van Hecke + N. Mazraoui,590781,J. van Hecke,349142,N. Mazraoui,1.0,1.0,0.4212378202814868,0.5389750992421509,2.3362776030168666,4.246303181343456,0.17656294072911694,0.53680623164123,0.5312104571766672,-0.32137909476248855,0.0005710411810768701,0.126409697814016,0.2057113842549336,0.586880269482871,-0.38116888522793746,0.4598395384823354,0.29668579468944356,0.25658563009744,0.3702426336674888,604,1651,1611,False,right,right,False,0,0.0,none
8653__413002,K. Mavropanos + H. Maguire,413002,K. Mavropanos,8653,H. Maguire,1.0,1.0,0.40969399952187424,0.6290341859909157,2.7046291833783975,4.314023966867888,0.17656294072911694,0.53680623164123,0.3578024833193063,0.8956353874171548,0.4962175908316119,0.1879032512501898,0.46891782763198364,0.15573770127784528,0.31318012635413833,1.0482013828520473,-1.556774577630952,1.5598979786557037,0.36904791386787883,605,1633,1611,False,right,center,False,0,0.0,none
346131__496001,M. Kilman + T. Chalobah,496001,M. Kilman,346131,T. Chalobah,1.0,1.0,0.418729610439455,0.5844687519989765,2.664443461882996,4.540426820865012,0.17656294072911694,0.53680623164123,0.49353284629089056,0.29339989368942426,0.44214448441283716,0.39348734027927335,0.4084237988665842,0.25439521288524153,0.1540285859813426,0.9129752923312396,-1.1326508615308704,1.2611661242136312,0.36892561254908496,606,1633,1628,False,left,right,True,0,0.0,none
424241__424806,N. Milenković + E. Pinnock,424241,N. Milenković,424806,E. Pinnock,0.9967741935483871,0.9935483870967742,0.403670745272525,0.6383203559510567,3.0713099877597534,4.8119293160938135,-2.5466959756012724,-0.20090882511573044,0.26732288066802257,1.0211241496672145,0.9896159776019993,0.6400239548373469,0.23547215021958512,0.5367702101009242,-0.30129805988133895,0.5263656422059211,0.08126515156961721,0.40650538403584885,0.3688634433810155,607,1642,1669,False,right,left,True,0,0.0,none
447424__590781,J. van Hecke + C. Bassey,590781,J. van Hecke,447424,C. Bassey,1.0,1.0,0.4182966438108986,0.5683868639480332,2.1990459419607142,3.789872044308543,0.17656294072911694,0.53680623164123,0.4870289454274528,0.07607711854971089,-0.18408514853456015,-0.28805053471036635,0.20059464609536468,0.5919970076424399,-0.3914023615470753,0.4484017732737981,0.31868239654154995,0.23737711127918518,0.3672810278552011,608,1651,1616,False,right,left,True,0,0.0,none
8360__424241,N. Milenković + C. Dawson,424241,N. Milenković,8360,C. Dawson,0.9967741935483871,0.9935483870967742,0.4189964157706093,0.6665770609318996,2.466222993304237,3.7194692184662097,-2.5466959756012724,-0.20090882511573044,0.497540719667761,1.402971450387651,0.1754229700793134,-0.35197950274384004,0.17108855712705928,0.6401382038249261,-0.46904964669786686,0.38244496498753605,0.5256389950788318,0.09163100394554045,0.36724038180652563,609,1642,1629,False,right,left,True,0,0.0,none
136441__590703,I. Zabarnyi + B. Davies,590703,I. Zabarnyi,136441,B. Davies,1.0,1.0,0.4184035316254161,0.5403459256042843,2.840885750962773,5.302931108258451,0.17656294072911694,0.53680623164123,0.48863458360665735,-0.3028544172924176,0.679561714193689,1.085875914614749,0.3923099866314095,0.2786521476355028,0.11365783899590673,0.8769550788255497,-1.0283715102695241,1.1853891126690264,0.3670439088657229,610,1659,1624,False,right,left,True,0,0.0,none
7919__619747,L. Colwill + M. Keane,619747,L. Colwill,7919,M. Keane,0.9964285714285714,0.9857142857142858,0.3988479262672811,0.6225806451612903,2.9061611374407583,4.644549763033176,-2.8384737166366527,-1.0967056797491785,0.19487587292288594,0.8084253907968038,0.767394974073189,0.48803570764632953,0.00028651091939896345,0.917956571866622,-0.9176700609472229,0.0006404557989050834,1.7199662868881123,-0.7504419535348572,0.3662217232589148,611,1610,1623,False,left,left,False,0,0.0,none
136441__346131,T. Chalobah + B. Davies,346131,T. Chalobah,136441,B. Davies,1.0,1.0,0.41288737717309143,0.5441546989166037,2.805769230769231,5.213782051282052,0.17656294072911694,0.53680623164123,0.4057724890730634,-0.25138451627773073,0.6323096240775579,1.0049245160668852,0.35841928037538295,0.33275032508781116,0.02566895528757171,0.8011970609596142,-0.7958061467053111,1.0202315380774845,0.3659029940837107,612,1628,1624,False,right,left,True,0,0.0,none
239411__590781,J. van Hecke + T. Mings,590781,J. van Hecke,239411,T. Mings,1.0,0.9918032786885246,0.3776023332998089,0.5905662274967314,2.8997674424171622,4.909194223284005,0.17656294072911694,-0.4004547011237593,-0.12426934828299097,0.3757981974408774,0.7587917454000479,0.7283449145168033,0.19592944481135194,0.5966622089264528,-0.4007327641151008,0.43797335671757553,0.3387378639123903,0.21986368693337993,0.3645807749191809,613,1651,1614,False,right,left,True,0,0.0,none
283145__475597,T. Adarabioyo + S. Botman,283145,T. Adarabioyo,475597,S. Botman,1.0,0.9859154929577465,0.4068075117370892,0.5483568075117371,2.989776599772813,5.4795153351003405,0.17656294072911694,-1.0736984697295928,0.3144424893669753,-0.19459927449268594,0.879906274721447,1.246222424260145,0.2380296471140881,0.5250383534254601,-0.287008706311372,0.5320825751598154,0.030830485532709607,0.43332689692058585,0.36195581262383775,614,1610,1613,False,right,right,False,0,0.0,none
9433__346131,J. Tarkowski + T. Chalobah,9433,J. Tarkowski,346131,T. Chalobah,1.0,0.9970588235294118,0.36840958605664487,0.613362381989833,2.8306152266624545,4.565185199810456,0.17656294072911694,0.20049495576673537,-0.2623601681956709,0.6838542876997504,0.6657419012650777,0.41596907446006615,0.2241087809568188,0.5474123332745662,-0.32330355231774743,0.5009643913401977,0.12701510769623675,0.3652004645355976,0.3616268208860894,615,1623,1628,False,right,right,False,0,0.0,none
145787__625787,J. Andersen + M. van de Ven,145787,J. Andersen,625787,M. van de Ven,1.0,0.9963503649635037,0.43636940653760714,0.5819581085369724,2.5317592098414017,4.331837619508852,0.17656294072911694,0.11948567033711163,0.7585128182027381,0.2594722850143276,0.26360719769119056,0.20407885807588685,0.406927769941714,0.24623184828983588,0.160695921651878,0.9096311251969793,-1.1677447583023728,1.273680898147841,0.359228314737346,616,1616,1624,False,right,left,True,0,0.0,none
501419__620468,J. Todibo + J. Greaves,501419,J. Todibo,620468,J. Greaves,1.0,0.9954954954954955,0.38288288288288286,0.5611664295874822,2.4024557986829214,4.072392842362152,0.17656294072911694,0.02173490822983895,-0.04494644271104731,-0.02149630243036149,0.08961910312174937,-0.03150880003612522,0.010091254925606615,0.8936749542447207,-0.8835836993191141,0.0225576140304813,1.6155808251940837,-0.6864609075676225,0.3586608730599412,617,1633,1634,False,right,left,True,0,0.0,none
627012__777938,Murillo + Dean Huijsen,627012,Murillo,777938,Dean Huijsen,1.0,0.9960629921259843,0.4420101899027328,0.5972209356183418,2.0890836977384484,3.525442885743921,0.17656294072911694,0.08662578362025217,0.8432470526199025,0.4657266705251272,-0.33204815411499583,-0.5281642378570842,0.3119770280539704,0.400470755312875,-0.0884937272589045,0.6973817862196783,-0.5046793986757457,0.8059450172853803,0.3584760769641915,618,1642,1659,False,left,left,False,0,0.0,none
364003__590781,J. van Hecke + S. Bueno,590781,J. van Hecke,364003,S. Bueno,1.0,1.0,0.4033946830265849,0.5503476482617587,2.465110376344002,4.4256171211314825,0.17656294072911694,0.53680623164123,0.26317595256476595,-0.16769602561510472,0.1739258548588981,0.2892349109714693,0.18492166483766348,0.6076699889001412,-0.42274832406247775,0.41336697685605567,0.3860597603639402,0.1785398704358757,0.358209390624385,619,1651,1629,False,right,center,False,0,0.0,none
412027__590781,J. van Hecke + E. Konsa,590781,J. van Hecke,412027,E. Konsa,1.0,1.0,0.42450579413769596,0.5721995001136106,2.0449874386115505,3.4842832368383503,0.17656294072911694,0.53680623164123,0.5803010257869058,0.12759922027536666,-0.391383202080017,-0.5655390711492309,0.1847007328905994,0.6078909208472052,-0.4231901879566058,0.41287311384044323,0.38700953577249575,0.17771047965401668,0.3580815135827737,620,1651,1614,False,right,right,False,0,0.0,none
424806__534563,C. Richards + E. Pinnock,534563,C. Richards,424806,E. Pinnock,1.0,1.0,0.35593501326259946,0.5881962864721486,3.041883364875187,5.147241263555294,0.17656294072911694,0.53680623164123,-0.4497496329142975,0.343771972737144,0.9500200999725675,0.944502454301458,0.21963220069049033,0.5505057196129267,-0.33087351892243644,0.4909576111558956,0.14031342110170417,0.35099142730864874,0.3577711173701888,621,1628,1669,False,right,left,True,0,0.0,none
8653__568412,H. Maguire + J. Gvardiol,8653,H. Maguire,568412,J. Gvardiol,1.0,1.0,0.4236630247268545,0.614002300172513,2.4765402095339057,4.041768633067563,0.17656294072911694,0.53680623164123,0.5676411847337357,0.6925018292621494,0.18930561073804142,-0.059316974972577596,0.4309758418597206,0.2046383379075855,0.22633750395213503,0.9633872862000179,-1.3465531825323311,1.3968919683211811,0.35710608200454586,622,1611,1625,False,center,left,False,0,0.0,none
240032__365443,J. Bednarek + M. de Ligt,240032,J. Bednarek,365443,M. de Ligt,1.0,0.9946236559139785,0.4508064516129032,0.6022849462365591,2.454871597046181,4.079213049707924,0.17656294072911694,-0.0779563156562349,0.975381980252904,0.5341592349977676,0.16014875737334516,-0.025315741559097715,0.47956694204545014,0.12521263249073233,0.3543543095547178,1.072006015127845,-1.688000324127789,1.6371830622548647,0.35703952277655876,623,1619,1611,False,center,right,False,0,0.0,none
479155__590703,N. Collins + I. Zabarnyi,479155,N. Collins,590703,I. Zabarnyi,1.0,0.9976525821596245,0.40875037458795327,0.5782639096993307,2.8119383825417206,4.838896020539153,0.17656294072911694,0.2683887814127616,0.3436276194436463,0.2095506874524606,0.6406107118244975,0.6645109490144695,0.3692176781850778,0.30297653386107626,0.06624114432400148,0.8253353957588445,-0.923802188483889,1.0963866619376539,0.35480437372178636,624,1669,1659,False,right,right,False,0,0.0,none
240032__568412,J. Bednarek + J. Gvardiol,240032,J. Bednarek,568412,J. Gvardiol,1.0,1.0,0.4412162162162162,0.6066441441441441,2.3094191914346567,3.8179240938657255,0.17656294072911694,0.53680623164123,0.8313202069817078,0.5930673049742922,-0.03556910247393466,-0.262577997806369,0.44931928552376377,0.17054351716729227,0.27877576835647144,1.0043915344539547,-1.4931251144262148,1.4953200446849888,0.35332224183611066,625,1619,1625,False,center,left,False,0,0.0,none
623641__769441,E. Agbadou + L. Yoro,623641,E. Agbadou,769441,L. Yoro,1.0,1.0,0.4722222222222222,0.5694444444444444,1.7538396601413133,3.0511410114714517,0.17656294072911694,0.53680623164123,1.2970835613229013,0.09036874448851018,-0.7831458536629345,-0.9588519126172778,0.3300328432865842,0.3652186072516806,-0.03518576396509629,0.7377430806300935,-0.6562266229329526,0.9060055425808762,0.3532046619513362,626,1629,1611,False,center,right,False,0,0.0,none
365443__415917,Gabriel Magalhaes + M. de Ligt,415917,Gabriel Magalhaes,365443,M. de Ligt,1.0,0.9946236559139785,0.41152073732718897,0.6302611367127496,2.4868921775898523,3.9443974630021144,0.17656294072911694,-0.0779563156562349,0.38524321617410984,0.9122157998030622,0.20323501276201653,-0.14773442617597815,0.3428507574255437,0.3441974865455212,-0.0013467291199774495,0.766395766738417,-0.746595371193742,0.9695223493182378,0.3531237418747335,627,1609,1611,False,left,right,True,0,0.0,none
145787__590703,I. Zabarnyi + J. Andersen,590703,I. Zabarnyi,145787,J. Andersen,1.0,0.9963503649635037,0.42819796034580937,0.590360822073821,2.5718621819392036,4.342661747989091,0.17656294072911694,0.11948567033711163,0.6357636905862031,0.37302244894703007,0.3175689581687714,0.21390765905545334,0.39575275223206097,0.2574068659994889,0.1383458862325721,0.8846509083521475,-1.1197039151746515,1.2317292619147524,0.3527601320066288,628,1659,1616,False,right,right,False,0,0.0,none
288080__590781,J. van Hecke + C. Burgess,590781,J. van Hecke,288080,C. Burgess,1.0,1.0,0.389481639548324,0.5645505468124834,2.548876240920835,4.479769982879041,0.17656294072911694,0.53680623164123,0.05417819263804646,0.024235003769858654,0.28663953377199525,0.33840817250125205,0.17198303273024718,0.6206086210075574,-0.44862558827731025,0.38444444231371017,0.44168229372446927,0.1299675279459643,0.3507204148633888,629,1651,1634,False,right,left,True,0,0.0,none
365443__366217,M. de Ligt + K. Danso,365443,M. de Ligt,366217,K. Danso,1.0,0.9946236559139785,0.44531864673485444,0.5991345397324941,2.4666081614743307,4.122219175076788,0.17656294072911694,-0.0779563156562349,0.8929457449159548,0.4915861812547736,0.1759412446971521,0.013735776345975559,0.4484736738179975,0.16885395049634172,0.27961972332165574,1.002501285657452,-1.5003884771789062,1.4969041715569282,0.35051493398643985,630,1611,1624,False,right,right,False,0,0.0,none
285382__620468,W. Faes + J. Greaves,285382,W. Faes,620468,J. Greaves,1.0,0.9954954954954955,0.3607945294692283,0.595408661673722,2.4691801126821686,4.022846256228922,0.17656294072911694,0.02173490822983895,-0.37675137030555,0.4412364861816854,0.1794020110138952,-0.0764993537984493,-0.004525531202470477,0.9082917403727977,-0.9128172715752682,-0.010116203277073719,1.6784176588935806,-0.7413331333191993,0.35020056936569743,631,1631,1634,False,right,left,True,0,0.0,none
549884__620468,T. Harwood-Bellis + J. Greaves,549884,T. Harwood-Bellis,620468,J. Greaves,1.0,0.9954954954954955,0.35442759833003734,0.5682267633487146,2.7065204693766765,4.656167612276358,0.17656294072911694,0.02173490822983895,-0.4723935889026349,0.07391359729926794,0.4987624675999681,0.49858524317986663,-0.006052357302191121,0.9098185664725184,-0.9158709237747096,-0.01352921326473795,1.684981408056737,-0.747064923173218,0.34931683115000844,632,1619,1634,False,right,left,True,0,0.0,none
590781__619747,L. Colwill + J. van Hecke,619747,L. Colwill,590781,J. van Hecke,0.9964285714285714,0.9857142857142858,0.45148992112182296,0.6036809815950921,2.701010781671159,4.471361185983827,-2.8384737166366527,-1.0967056797491785,0.9856488637400167,0.5530245745243499,0.49134874156623876,0.3307726024586808,0.1688436490560965,0.6237480046817081,-0.45490435562561155,0.3774267814046212,0.4551783473796974,0.1181821075273191,0.34890331642168365,633,1610,1651,False,left,right,True,0,0.0,none
240032__777938,J. Bednarek + Dean Huijsen,240032,J. Bednarek,777938,Dean Huijsen,1.0,0.9960629921259843,0.43759842519685044,0.5871719160104987,2.617159696543583,4.458708747808274,0.17656294072911694,0.08662578362025217,0.7769747849960811,0.3299291309767921,0.3785203915774984,0.31928361311780007,0.45295229342732846,0.1587858867835078,0.29416640664382065,1.0125126245128673,-1.5436705803482242,1.5242086995221171,0.3479968780563898,634,1619,1659,False,center,left,False,0,0.0,none
413002__777938,Dean Huijsen + K. Mavropanos,777938,Dean Huijsen,413002,K. Mavropanos,1.0,0.9960629921259843,0.41484561620808635,0.6171812793063789,2.6309711793582764,4.283485331872429,0.17656294072911694,0.08662578362025217,0.4351885957900785,0.7354609995594736,0.3971048477536917,0.16017278166956794,0.4013100862033696,0.24223580459649938,0.1590742816068703,0.8970735649679419,-1.1849235506041758,1.2706370348164027,0.3471871242659988,635,1659,1633,False,left,right,True,0,0.0,none
583655__623641,E. Agbadou + C. Okoli,623641,E. Agbadou,583655,C. Okoli,1.0,0.9918032786885246,0.3975409836065574,0.5596539162112932,2.2707856857690203,4.119562761706987,0.17656294072911694,-0.4004547011237593,0.17524335406597868,-0.04193566895922102,-0.08755357818945374,0.011323632183154575,0.018558190581681483,0.8662829078298511,-0.8477247172481696,0.04148428548598052,1.4978237854332161,-0.6191526038756441,0.3462587575978262,636,1629,1631,False,center,left,False,0,0.0,none
9097__496001,M. Kilman + L. Dunk,496001,M. Kilman,9097,L. Dunk,1.0,1.0,0.41067808064879474,0.5831268303671998,2.671899730638028,4.562864243100245,0.17656294072911694,0.53680623164123,0.3725850685555209,0.2752658206182825,0.45217749113448963,0.41386154020190363,0.36600763304548734,0.29681137870633834,0.06919625433914896,0.818159780851371,-0.9503058826472535,1.1019334853792462,0.3443748227073587,637,1633,1651,False,left,left,False,0,0.0,none
15806__424806,E. Pinnock + J. Vestergaard,424806,E. Pinnock,15806,J. Vestergaard,1.0,1.0,0.38397988505747127,0.5897988505747127,2.5715810324434054,4.26461265846197,0.17656294072911694,0.53680623164123,-0.02846758979278055,0.36542824077018043,0.31719064900720473,0.14303553581717282,0.1963410598963956,0.5737968604070214,-0.3774558005106259,0.4388934656917307,0.24044087237081835,0.2635551930731095,0.34429003317173273,638,1669,1631,False,left,left,False,0,0.0,none
349142__424806,E. Pinnock + N. Mazraoui,424806,E. Pinnock,349142,N. Mazraoui,1.0,1.0,0.3980730223123732,0.5542596348884381,2.5687389712676234,4.492276716858848,0.17656294072911694,0.53680623164123,0.18323548733887207,-0.1148313503153936,0.31336642809768755,0.3497648558052546,0.19448451753773982,0.5756534027656772,-0.38116888522793746,0.4347434203042611,0.24842205526729935,0.25658563009744,0.34321545275180837,639,1669,1611,False,left,right,True,0,0.0,none
15806__578325,W. Saliba + J. Vestergaard,578325,W. Saliba,15806,J. Vestergaard,1.0,1.0,0.44512457044673537,0.5749570446735395,1.7117515281285975,2.9836056763507073,0.17656294072911694,0.53680623164123,0.8900303864226712,0.16486332971555226,-0.8397788057813,-1.0201770686519651,0.18783569069568853,0.585441056367097,-0.3976053656714085,0.41988088132727935,0.2904986893694642,0.22573390053279005,0.3422368275810369,640,1609,1631,False,right,left,True,0,0.0,none
240032__627012,Murillo + J. Bednarek,627012,Murillo,240032,J. Bednarek,1.0,1.0,0.45441176470588235,0.6017156862745099,1.9956206836593204,3.3321369815375426,0.17656294072911694,0.53680623164123,1.0295399623971022,0.5264665340949511,-0.45781012424905176,-0.7036947911102537,0.3979282131466275,0.24168486852936716,0.15624334461726044,0.8895138523577205,-1.1872919972466933,1.2653232875869767,0.3416339845222476,641,1642,1619,False,left,center,False,0,0.0,none
415917__627012,Murillo + Gabriel Magalhaes,627012,Murillo,415917,Gabriel Magalhaes,1.0,1.0,0.41512605042016804,0.6296918767507003,2.0276412642029915,3.1973213948317323,0.17656294072911694,0.53680623164123,0.43940119831830826,0.9045230989002457,-0.4147238688603804,-0.8261134757271341,0.26121202852672126,0.4637468029452825,-0.20253477441856135,0.5839036039682929,-0.2326588294890961,0.5918868094872013,0.34053151503485785,642,1642,1609,False,left,left,False,0,0.0,none
424806__447424,C. Bassey + E. Pinnock,447424,C. Bassey,424806,E. Pinnock,1.0,1.0,0.39513184584178496,0.5836713995943206,2.431507310211471,4.035845579823935,0.17656294072911694,0.53680623164123,0.1390539755896577,0.28262486299680584,0.12871023838205053,-0.06469537671912773,0.18936777937817087,0.5807701409252461,-0.3914023615470753,0.42330565509572377,0.27041865711940577,0.23737711127918518,0.34025384693952065,643,1616,1669,False,left,left,False,0,0.0,none
475597__545267,R. Drăgușin + S. Botman,545267,R. Drăgușin,475597,S. Botman,1.0,1.0,0.4203703703703704,0.5259259259259259,2.721093843157518,5.1553264097482865,0.17656294072911694,0.53680623164123,0.5181798727071194,-0.4977192452086151,0.5183721090847482,0.9518441347856381,0.32609625348407956,0.3557637921101779,-0.029667538626098416,0.7289433749427571,-0.6968724011156735,0.9163634045587541,0.3386826480484273,644,1624,1613,False,right,right,False,0,0.0,none
8360__545267,R. Drăgușin + C. Dawson,545267,R. Drăgușin,8360,C. Dawson,1.0,1.0,0.42592592592592593,0.6064814814814814,2.122860293587946,3.5427909616774556,0.17656294072911694,0.53680623164123,0.6016338393445243,0.5908691612520198,-0.28659903950738963,-0.5124113958578026,0.30585159774613346,0.3887381773366665,-0.08288657959053311,0.6836892282897257,-0.5551171655485369,0.8164697889412469,0.3386034222685512,645,1624,1629,False,right,left,True,0,0.0,none
366217__415917,Gabriel Magalhaes + K. Danso,415917,Gabriel Magalhaes,366217,K. Danso,1.0,1.0,0.4052264808362369,0.6164924506387921,2.567453827436276,4.173593382264949,0.17656294072911694,0.53680623164123,0.2906926953575375,0.7261525056089166,0.3116371641559208,0.060385893152823354,0.3710940256726266,0.2820628942312285,0.08903113144139814,0.8295297127910884,-1.0137088809645047,1.1391640997076158,0.33848501204771597,646,1609,1624,False,left,right,True,0,0.0,none
239411__424806,E. Pinnock + T. Mings,424806,E. Pinnock,239411,T. Mings,1.0,0.9918032786885246,0.35443753533069533,0.6058507631430187,3.132228810667919,5.155167758799397,0.17656294072911694,-0.4004547011237593,-0.47224431812078604,0.5823459418879723,1.0715871323166586,0.951700072508042,0.1847025780941581,0.5854353422092589,-0.4007327641151008,0.41287723853950115,0.2904741244902452,0.21986368693337993,0.3375535940035001,647,1669,1614,False,left,left,False,0,0.0,none
504375__620468,M. Lacroix + J. Greaves,504375,M. Lacroix,620468,J. Greaves,1.0,0.991974368734932,0.3676246669204416,0.5848877046060145,2.823481199628362,4.755898610736009,0.17656294072911694,-0.38089126711286675,-0.2741509989687096,0.2990614144589438,0.6561424965846601,0.5891455258985149,0.10076252769191593,0.7224784464098701,-0.6217159187179543,0.22524078770838887,0.8796155864273059,-0.19492782196648484,0.3375195053890892,648,1628,1634,False,center,left,False,0,0.0,none
136441__769441,B. Davies + L. Yoro,136441,B. Davies,769441,L. Yoro,1.0,1.0,0.43140589569161,0.524092970521542,2.401394585726005,4.595624829094887,0.17656294072911694,0.53680623164123,0.6839523778644141,-0.5224889086912985,0.0881911561043267,0.44360964235194533,0.26381210540216343,0.4560186882856262,-0.19220658288346268,0.5897157186198583,-0.2658816085202998,0.6112731113922022,0.33734799903227963,649,1624,1611,False,left,right,True,0,0.0,none
557788__620468,J. Greaves + W. Fofana,620468,J. Greaves,557788,W. Fofana,1.0,0.9816066066066066,0.38288288288288286,0.6159909909909911,2.84135315874024,4.567919453057869,0.17656294072911694,-1.566401672288614,-0.04494644271104731,0.7193760250156246,0.6801906487891481,0.4184519007721913,0.13303386429389996,0.667718080194149,-0.534684215900249,0.2973789271847824,0.6442035064344851,-0.03156690244862012,0.3356371350330127,650,1634,1610,False,left,right,True,0,0.0,none
366217__627012,Murillo + K. Danso,627012,Murillo,366217,K. Danso,1.0,1.0,0.44892395982783356,0.5985652797704448,2.0073572480874704,3.375143106906406,0.17656294072911694,0.53680623164123,0.9471037270601532,0.4838934803519571,-0.44201763692524476,-0.6646432732051805,0.3668349449191749,0.28532618653497643,0.08150875838419844,0.8200091228873274,-0.9996801502978111,1.1250443968890405,0.3351093957321285,651,1642,1624,False,left,right,True,0,0.0,none
9097__136441,L. Dunk + B. Davies,9097,L. Dunk,136441,B. Davies,1.0,1.0,0.4048358473824313,0.542812777284827,2.8132254995242625,5.236219473517286,0.17656294072911694,0.53680623164123,0.28482471133769377,-0.2695185893488725,0.6423426307992103,1.0252987159895155,0.3160031145542861,0.36791286168045134,-0.05190974712616521,0.7063815494797455,-0.644644157676818,0.8746141624430431,0.334720359925436,652,1651,1624,False,left,left,False,0,0.0,none
145787__346131,J. Andersen + T. Chalobah,145787,J. Andersen,346131,T. Chalobah,1.0,0.9963503649635037,0.4226818058934847,0.5941695953861403,2.5367456617456616,4.253512691012691,0.17656294072911694,0.11948567033711163,0.5529015960526091,0.42449234996171686,0.2703168680526402,0.13295626050758938,0.3618620459760344,0.29129757225551545,0.07056447372051891,0.8088928904862119,-0.9740094612565106,1.1045016710978561,0.33314394108572404,653,1616,1628,False,right,right,False,0,0.0,none
415847__623641,C. Romero + E. Agbadou,415847,C. Romero,623641,E. Agbadou,1.0,0.9805194805194806,0.41233766233766234,0.5588023088023089,2.2874908168502133,4.160606494363429,0.17656294072911694,-1.6907100111638727,0.3975148300365854,-0.053443875263343044,-0.06507548654199345,0.048593208248812636,-0.027875293739757084,0.9269137348586594,-0.9547890285984162,-0.062311389594577944,1.7584726833297208,-0.8201152850994927,0.3323630531817287,654,1624,1629,False,right,center,False,0,0.0,none
619747__623641,L. Colwill + E. Agbadou,619747,L. Colwill,623641,E. Agbadou,0.9964285714285714,0.9857142857142858,0.4714285714285714,0.6055555555555556,2.2524450744153084,3.722182849043232,-2.8384737166366527,-1.0967056797491785,1.2851615660889864,0.5783566508329325,-0.112232339515865,-0.34951540275442183,0.12017354745632658,0.6850961155697672,-0.5649225681134407,0.2686314556690707,0.718910812770735,-0.08832512804141106,0.3323239460574736,655,1610,1629,False,left,center,False,0,0.0,none
239411__475597,T. Mings + S. Botman,239411,T. Mings,475597,S. Botman,1.0,0.9918032786885246,0.36420765027322405,0.5535519125683059,3.1253753657819745,5.675243109242624,0.17656294072911694,-0.4004547011237593,-0.32548044575845253,-0.12439516385222625,1.0623652733861104,1.423952145570296,0.14056364073957828,0.6505860040561537,-0.5100223633165755,0.3142107079741474,0.5705535665792075,0.014724078707080429,0.33121623970225206,656,1614,1613,False,left,right,True,0,0.0,none
364003__424806,E. Pinnock + S. Bueno,424806,E. Pinnock,364003,S. Bueno,1.0,1.0,0.38022988505747124,0.565632183908046,2.6975717445947587,4.671590656646874,0.17656294072911694,0.53680623164123,-0.08479901727302913,0.038851718831990234,0.4867212417755088,0.5125900689627079,0.17369479812046965,0.5964431221829474,-0.42274832406247775,0.3882708586779812,0.3377960209417955,0.1785398704358757,0.3311822097087044,657,1669,1629,False,left,center,False,0,0.0,none
590874__777938,Toti + Dean Huijsen,590874,Toti,777938,Dean Huijsen,1.0,0.9904450145978944,0.45417145890471555,0.5778554366097496,2.2624259798172845,3.909011278576496,0.17656294072911694,-0.5557665410838425,1.0259301573807,0.20403078176001554,-0.09880223200818922,-0.17986669112281609,0.3291543474862656,0.34252055836167883,-0.013366210875413315,0.7357793239578981,-0.7538044017214374,0.9469614487713539,0.33114063121678866,658,1629,1659,False,left,left,False,0,0.0,none
412027__424806,E. Konsa + E. Pinnock,412027,E. Konsa,424806,E. Pinnock,1.0,1.0,0.4013409961685824,0.5874840357598978,2.2774488068623073,3.7302567723537416,0.17656294072911694,0.53680623164123,0.23232605594911068,0.33414696472246164,-0.0785878151634063,-0.34218391315799224,0.1734738661734056,0.5966640541300114,-0.4231901879566058,0.3877769956623689,0.33874579635035157,0.17771047965401668,0.3310543326670932,659,1614,1669,False,right,left,True,0,0.0,none
424241__496001,M. Kilman + N. Milenković,496001,M. Kilman,424241,N. Milenković,0.9967741935483871,0.9935483870967742,0.4118001002841384,0.6198729734247033,2.896512068951603,4.687906030844221,-2.5466959756012724,-0.20090882511573044,0.38943972661412724,0.7718352383160485,0.7544113797058253,0.5274051708146169,0.18181269594378946,0.5828263203655948,-0.40101362442180544,0.40641730400983506,0.27925806986153573,0.2193365043496329,0.3308533738333048,660,1633,1642,False,left,right,True,0,0.0,none
557788__590781,J. van Hecke + W. Fofana,590781,J. van Hecke,557788,W. Fofana,1.0,0.9861111111111112,0.39672801635991817,0.5953476482617588,2.587217678222883,4.3334301515010685,0.17656294072911694,-1.051330348877223,0.16303119259987947,0.4404119807525605,0.3382310081149323,0.20552494955878672,0.12895371891877783,0.6636379348190269,-0.534684215900249,0.288258322736796,0.6266631652021646,-0.03156690244862012,0.32581473043932335,661,1651,1610,False,right,right,False,0,0.0,none
192792__412968,D. Burn + M. Senesi,192792,D. Burn,412968,M. Senesi,1.0,0.9979338842975207,0.3670057215511761,0.5554990464081373,3.283652584623458,5.851911929581832,0.17656294072911694,0.30055450891947755,-0.2834486192841797,-0.09808254879731887,1.2753399464690034,1.5843754699588684,0.27862675742217013,0.4182262177160202,-0.13959946029385006,0.622831837945631,-0.42834955239435357,0.7100181392520941,0.32491468110492827,662,1613,1659,False,left,left,False,0,0.0,none
240032__366217,J. Bednarek + K. Danso,240032,J. Bednarek,366217,K. Danso,1.0,1.0,0.4445121951219512,0.5885162601626016,2.535433246892605,4.30840896897076,0.17656294072911694,0.53680623164123,0.8808314594363316,0.34809594080362205,0.2685509087672494,0.1828045777697038,0.5078102102925329,0.0436413180056094,0.4641688922869236,1.1351399611805162,-2.038671331970289,1.8433080791257772,0.3246301968243269,663,1619,1624,False,center,right,False,0,0.0,none
288080__424806,E. Pinnock + C. Burgess,424806,E. Pinnock,288080,C. Burgess,1.0,1.0,0.3663168415792104,0.5798350824587706,2.781337609171592,4.725743518394433,0.17656294072911694,0.53680623164123,-0.2937967771997486,0.2307827482169536,0.5994349206886059,0.5617633304924906,0.16075616601305337,0.6093817542903637,-0.44862558827731025,0.35934832413563583,0.3934185543023251,0.1299675279459643,0.3236932339477083,664,1669,1634,False,left,left,False,0,0.0,none
240032__604320,J. Bednarek + J. Branthwaite,240032,J. Bednarek,604320,J. Branthwaite,1.0,0.9954954954954955,0.4186936936936937,0.6111486486486486,2.5093730937074747,4.110919243583126,0.17656294072911694,0.02173490822983895,0.49299331520844303,0.6539389772833679,0.233484885711514,0.003474924589022821,0.3585354659911536,0.28567600562353274,0.07285946036762087,0.8014567779418695,-0.9981762955037468,1.108809424672862,0.32303738525438314,665,1619,1623,False,center,left,False,0,0.0,none
145787__777938,J. Andersen + Dean Huijsen,145787,J. Andersen,777938,Dean Huijsen,1.0,0.992413357089488,0.43157652738663144,0.6015575607793551,2.7862877862877866,4.632404632404633,0.17656294072911694,-0.3306947776838662,0.686515558385463,0.5243297034368527,0.6060957804177607,0.4770073766322698,0.4683483071526987,0.10490855676576745,0.3634397503869313,1.046928298062408,-1.7752865318188817,1.654236686629931,0.3217255268115257,666,1616,1659,False,right,left,True,0,0.0,none
412968__475597,M. Senesi + S. Botman,412968,M. Senesi,475597,S. Botman,1.0,1.0,0.39358974358974363,0.5205128205128204,3.0372983166864564,5.819051731254008,0.17656294072911694,0.53680623164123,0.11588895660885859,-0.570869306120205,0.9438505504555135,1.554536915279577,0.2947554649223789,0.3871045806718785,-0.09234911574949956,0.6588853477699649,-0.5621399160395055,0.7987083461812723,0.32054236830938526,667,1659,1613,False,left,right,True,0,0.0,none
447424__578325,W. Saliba + C. Bassey,578325,W. Saliba,447424,C. Bassey,1.0,1.0,0.4562765312310491,0.5688295936931473,1.571677805896663,2.754838597712672,0.17656294072911694,0.53680623164123,1.0575519518051095,0.08205995194217769,-1.0282592164064543,-1.2279079811882656,0.18086241017746382,0.572264771724539,-0.3914023615470753,0.40429307073127246,0.2338544996271481,0.23737711127918518,0.31977830750961767,668,1609,1616,False,right,left,True,0,0.0,none
7919__545267,R. Drăgușin + M. Keane,545267,R. Drăgușin,7919,M. Keane,1.0,1.0,0.38112305854241335,0.5818399044205496,2.7006362755623052,4.562466100839016,0.17656294072911694,0.53680623164123,-0.07138202063454982,0.2578749323569424,0.49084481360563587,0.4135000089197943,0.21290491941915554,0.5189576378766603,-0.3060527184575047,0.4759196980804687,0.0046897930189203395,0.39758075804498605,0.3188829385549077,669,1624,1623,False,right,left,True,0,0.0,none
475597__557788,W. Fofana + S. Botman,557788,W. Fofana,475597,S. Botman,1.0,0.9861111111111112,0.3833333333333333,0.5583333333333333,2.8128256015876953,5.0994790374596874,0.17656294072911694,-1.051330348877223,-0.038179904875582094,-0.059781380540543105,0.6418045361009947,0.9011321806122793,0.0735879148470042,0.7434072432734011,-0.6698193284263969,0.1644956739933679,0.9695874390986745,-0.28521925586357194,0.31608021755357196,670,1610,1613,False,right,right,False,0,0.0,none
496001__545267,M. Kilman + R. Drăgușin,496001,M. Kilman,545267,R. Drăgușin,1.0,1.0,0.418729610439455,0.5597773939742852,2.553149369235312,4.511227774055467,0.17656294072911694,0.53680623164123,0.49353284629089056,-0.040267050819582595,0.2923893701191223,0.36697327770065424,0.31657573656286364,0.34624327518896203,-0.029667538626098416,0.7076615673120246,-0.7378006279686713,0.9163634045587541,0.3157632761771617,671,1633,1624,False,left,right,True,0,0.0,none
399581__619747,L. Colwill + D. O'Shea,619747,L. Colwill,399581,D. O'Shea,0.9964285714285714,0.9857142857142858,0.3930262045646661,0.5958579881656805,2.9857142857142858,5.017857142857142,-2.8384737166366527,-1.0967056797491785,0.10742363454927334,0.4473084647868653,0.8744401058380944,0.827015787861748,-0.05259037992707549,0.9486854972942924,-1.0012758772213677,-0.1175585693609794,1.8520684029034606,-0.9073723890129901,0.3153667583879505,672,1610,1634,False,left,right,True,0,0.0,none
50102__590781,J. van Hecke + F. Schär,590781,J. van Hecke,50102,F. Schär,1.0,1.0,0.3839075035394054,0.5449397228538333,2.5553401534877973,4.656420608734251,0.17656294072911694,0.53680623164123,-0.029554884255670766,-0.24077608646840626,0.2953372457728855,0.49881497547080494,0.10701957486688199,0.6855720788709226,-0.5785525040040406,0.23922755706303425,0.7209569552359597,-0.11390889565677913,0.31311908597094923,673,1651,1613,False,right,right,False,0,0.0,none
549884__578325,W. Saliba + T. Harwood-Bellis,578325,W. Saliba,549884,T. Harwood-Bellis,1.0,1.0,0.4062526192272232,0.5480261503645965,1.8250168527952684,3.386644864123686,0.17656294072911694,0.53680623164123,0.3061070527859485,-0.1990676135713293,-0.6873712409461419,-0.6541991545114372,-0.0298647385952142,0.9077152807843529,-0.937580019379567,-0.06675852025525023,1.6759394879074154,-0.7878134976017684,0.3118398867242458,674,1609,1619,False,right,right,False,0,0.0,none
412027__578325,W. Saliba + E. Konsa,578325,W. Saliba,412027,E. Konsa,1.0,1.0,0.46248568155784653,0.5726422298587247,1.4176193025474995,2.4492497902424795,0.17656294072911694,0.53680623164123,1.1508240321645624,0.13358205366783346,-1.235557269951911,-1.5053965176271302,0.16496849697269853,0.5881586849293043,-0.4231901879566058,0.36876441129791754,0.3021816388580939,0.17771047965401668,0.31057879323719023,675,1609,1614,False,right,right,False,0,0.0,none
8653__415917,Gabriel Magalhaes + H. Maguire,415917,Gabriel Magalhaes,8653,H. Maguire,1.0,1.0,0.393161094224924,0.627001013171226,2.722838281107375,4.3544317960979235,0.17656294072911694,0.53680623164123,0.10944990844651467,0.8681600836397678,0.5207193900440898,0.22459539808154144,0.38384385023603607,0.22982155716283809,0.15402229307319792,0.8580301940075447,-1.2382917804365163,1.2611543122505455,0.3097584253229266,676,1609,1611,False,left,center,False,0,0.0,none
145787__769441,J. Andersen + L. Yoro,145787,J. Andersen,769441,L. Yoro,1.0,0.9963503649635037,0.44120032441200324,0.5741078669910786,2.132371016702436,3.6353554688255265,0.17656294072911694,0.11948567033711163,0.8310814848439598,0.15338795754814905,-0.27380159992059094,-0.4283586132073504,0.2672548710028149,0.4200173175330756,-0.15276244653026058,0.5974115481464561,-0.42064970371644755,0.6853108490858311,0.30957303277546,677,1616,1611,False,right,right,False,0,0.0,none
9097__145787,J. Andersen + L. Dunk,145787,J. Andersen,9097,L. Dunk,1.0,0.9963503649635037,0.41463027610282455,0.5928276737543636,2.5442019305006935,4.275950113247925,0.17656294072911694,0.11948567033711163,0.43195381831723956,0.4063582768905751,0.2803498747742927,0.1533304604302197,0.3194458801549376,0.3337137380766123,-0.014267857921674718,0.7140773790063434,-0.7916644823728936,0.9452690322634711,0.3085931512439979,678,1616,1651,False,right,left,True,0,0.0,none
9433__545267,J. Tarkowski + R. Drăgușin,9433,J. Tarkowski,545267,R. Drăgușin,1.0,0.9970588235294118,0.36840958605664487,0.5886710239651416,2.7193211340147707,4.535986153000913,0.17656294072911694,0.20049495576673537,-0.2623601681956709,0.35018734319074357,0.5159867869713628,0.38945501188144704,0.13226071865309827,0.6392603955782867,-0.5069996769251884,0.29565066632098264,0.5218653412584359,0.020397744880720634,0.3084644845141662,679,1623,1624,False,right,right,False,0,0.0,none
399581__604320,J. Branthwaite + D. O'Shea,604320,J. Branthwaite,399581,D. O'Shea,1.0,0.9954954954954955,0.3652913268297884,0.6111733034809959,3.0332390381895333,4.996074964639321,0.17656294072911694,0.02173490822983895,-0.30920176646294656,0.6542721506377225,0.9383884661633922,0.807236579309735,0.26394552461689114,0.4232972863821147,-0.1593517617652236,0.5900139589449976,-0.4065492814142628,0.6729425216726433,0.3076306993827487,680,1623,1634,False,left,right,True,0,0.0,none
145787__412968,J. Andersen + M. Senesi,145787,J. Andersen,412968,M. Senesi,1.0,0.9963503649635037,0.39590117911285794,0.5640651319483436,2.7416560426269165,4.888038965708869,0.17656294072911694,0.11948567033711163,0.15061067995434838,0.01767534454112002,0.5460401951296907,0.7091349784229092,0.2386731951106133,0.46447330142680443,-0.2258001063161911,0.5335211382942049,-0.2295356487935366,0.5482171363837595,0.30754330178579337,681,1616,1659,False,right,left,True,0,0.0,none
504375__590781,M. Lacroix + J. van Hecke,504375,M. Lacroix,590781,J. van Hecke,1.0,0.9964788732394366,0.3814698003974769,0.5642443618767822,2.5693457191110047,4.521409309179208,0.17656294072911694,0.13418005629852428,-0.06617336365778281,0.02009737019587976,0.31418285591044415,0.3762185746851103,0.09668238231679374,0.6959092714210109,-0.5992268891042172,0.21612018326040233,0.7653960298381294,-0.1527152897762357,0.3071358426263928,682,1628,1651,False,center,right,False,0,0.0,none
9433__234399,J. Tarkowski + A. Webster,9433,J. Tarkowski,234399,A. Webster,1.0,0.9839009287925697,0.3620743034055728,0.6715170278637771,3.023403154605765,4.515961047159555,0.17656294072911694,-1.3040554889349547,-0.3575269722558696,1.469727749109122,0.9251534971257297,0.3712713049651086,0.23196200977705655,0.4742935801038174,-0.2423315703267609,0.5185192054763904,-0.1873187611204759,0.5171871200298364,0.3065013984080197,683,1623,1651,False,right,left,True,0,0.0,none
346131__399581,D. O'Shea + T. Chalobah,399581,D. O'Shea,346131,T. Chalobah,1.0,1.0,0.3753013368397984,0.5798086054496311,2.8914835164835164,4.964972527472527,0.17656294072911694,0.53680623164123,-0.15883425900816242,0.23042495085601078,0.7476450596642561,0.7789941517138319,0.2518760908764016,0.4354492515879942,-0.1835731607115926,0.5630343979397991,-0.35430858978252583,0.6274782842076386,0.3007202788766695,684,1634,1628,False,right,right,False,0,0.0,none
583655__620468,J. Greaves + C. Okoli,620468,J. Greaves,583655,C. Okoli,1.0,0.98729877418402,0.3637571998227736,0.578422684980062,2.9734868735422273,5.103230400204383,0.17656294072911694,-0.9155260245351503,-0.33224698359391774,0.21169629899526043,0.857987143566866,0.9045385886096617,0.07130843755657362,0.7294435069314754,-0.6581350693749017,0.15940021566951768,0.9095580338208781,-0.2632875776274789,0.29991000245552646,685,1634,1631,False,left,left,False,0,0.0,none
424806__557788,E. Pinnock + W. Fofana,424806,E. Pinnock,557788,W. Fofana,1.0,0.9861111111111112,0.3735632183908046,0.610632183908046,2.81967904647364,4.579403687016461,0.17656294072911694,-1.051330348877223,-0.1849437772379156,0.6469597251996555,0.6510263950315429,0.42888010755002537,0.11772685220158396,0.652411068101833,-0.534684215900249,0.2631622045587215,0.5783994257800199,-0.03156690244862012,0.29878754952364267,686,1669,1610,False,left,right,True,0,0.0,none
399581__415917,D. O'Shea + Gabriel Magalhaes,399581,D. O'Shea,415917,Gabriel Magalhaes,1.0,1.0,0.3573119188503804,0.6196675119752043,3.079583207490184,5.01574297795228,0.17656294072911694,0.53680623164123,-0.4290661509769029,0.7690587327062651,1.000748257283992,0.8250960299684623,0.30759735252581677,0.34165502214083676,-0.034057669615019964,0.6875916232646097,-0.7575252987157138,0.9081230069572469,0.2981628234090401,687,1634,1609,False,right,left,True,0,0.0,none
412968__496001,M. Kilman + M. Senesi,496001,M. Kilman,412968,M. Senesi,1.0,1.0,0.39194898365882824,0.5543642885611797,2.8693538427642507,5.174953095561189,0.17656294072911694,0.53680623164123,0.09124193019262974,-0.11341711173117258,0.7178678114898878,0.9696660581945931,0.28523494800116306,0.3775840637506626,-0.09234911574949956,0.6376035401392326,-0.6030681428925034,0.7987083461812723,0.29762299643811974,688,1633,1659,False,left,left,False,0,0.0,none
8653__625787,H. Maguire + M. van de Ven,8653,H. Maguire,625787,M. van de Ven,1.0,1.0,0.4248381128584644,0.5749306197964847,2.5297521381964474,4.381986274114331,0.17656294072911694,0.53680623164123,0.5852930225653841,0.1645062368421242,0.26090652206290427,0.24961611739520853,0.37318831255230045,0.23359663924123183,0.1395916733110686,0.8342112033935014,-1.2220628910839983,1.2340676388059058,0.29730026213273236,689,1611,1624,False,center,left,False,0,0.0,none
234399__365443,M. de Ligt + A. Webster,365443,M. de Ligt,234399,A. Webster,1.0,0.9814657611771365,0.4231748726655348,0.6485568760611206,2.491580414526495,3.844402859871461,0.17656294072911694,-1.582506760357925,0.5603083040826516,1.1594554793621796,0.2095434110029325,-0.23853407392556608,0.2949827245963665,0.3605713778497577,-0.06558865325339133,0.6593933555497996,-0.6762048300800843,0.8489384763356168,0.2966229240179979,690,1611,1651,False,right,left,True,0,0.0,none
9433__619747,L. Colwill + J. Tarkowski,619747,L. Colwill,9433,J. Tarkowski,0.9964285714285714,0.9827731092436975,0.38613445378151257,0.6294117647058823,2.924845995893224,4.618069815195072,-2.8384737166366527,-1.4330169556236731,0.0038977253617649144,0.9007378016306049,0.792536947438916,0.46399071060798225,-0.08035768984665825,0.9709970743933494,-1.0513547642400076,-0.17962857596058082,1.9479847587605053,-1.0013718485999394,0.29430676992787325,691,1610,1623,False,left,right,True,0,0.0,none
366217__568412,J. Gvardiol + K. Danso,568412,J. Gvardiol,366217,K. Danso,1.0,1.0,0.4357284113381674,0.6034937376400791,2.3211557558628066,3.8609302192345885,0.17656294072911694,0.53680623164123,0.7488839716447586,0.5504942512312981,-0.019776615150127713,-0.2235264799012957,0.41822601729631115,0.15647947043703725,0.2617465468592739,0.9348868049835617,-1.553585749054605,1.463355723726194,0.2940388225206382,692,1625,1624,False,left,right,True,0,0.0,none
365443__777938,Dean Huijsen + M. de Ligt,777938,Dean Huijsen,365443,M. de Ligt,1.0,0.9906866480399628,0.4384048768097536,0.5977901955803911,2.548334611125309,4.272518953914303,0.17656294072911694,-0.5281367636772127,0.7890890704757042,0.47341937142794366,0.2859107275074011,0.1502148116940718,0.39361575695279294,0.1939624296700446,0.19965332728274834,0.8798739489898026,-1.3924483789616506,1.3468050287789461,0.2915634665621954,693,1659,1611,False,left,right,True,0,0.0,none
234399__568412,J. Gvardiol + A. Webster,568412,J. Gvardiol,234399,A. Webster,1.0,0.986842105263158,0.4135846372688478,0.6529160739687055,2.3461280089149708,3.583113904029261,0.17656294072911694,-0.9677442130604601,0.4162465308114554,1.2183635493387042,0.013825551155652677,-0.47579633017283735,0.26473506807468006,0.40409839635255174,-0.13936332827787168,0.5917788748759093,-0.48908435098644737,0.7104613655938634,0.2912564052607931,694,1625,1651,False,left,left,False,0,0.0,none
397074__475597,M. Guéhi + S. Botman,397074,M. Guéhi,475597,S. Botman,1.0,0.9967741935483871,0.39408602150537636,0.5279569892473118,2.9543047946284267,5.586685922397145,0.17656294072911694,0.1679487032627498,0.123343901519396,-0.47027244816029334,0.8321761202520799,1.3435381920216474,0.24274727753889333,0.43911276805536403,-0.19636549051647076,0.542628189857465,-0.338559315420955,0.6034667264414086,0.2904396455907277,695,1628,1613,False,left,right,True,0,0.0,none
234399__625787,M. van de Ven + A. Webster,625787,M. van de Ven,234399,A. Webster,1.0,0.986842105263158,0.4147597254004577,0.6138443935926774,2.399339937577512,3.9233315450760298,0.17656294072911694,-0.9677442130604601,0.43389836864310366,0.6903679569186789,0.08542646248051554,-0.16686323780505122,0.20694753876725996,0.4974062855547766,-0.2904587467875167,0.46260279206939287,-0.08795839448162643,0.42685107527962174,0.29028409274613287,696,1624,1651,False,left,left,False,0,0.0,none
583655__590781,J. van Hecke + C. Okoli,590781,J. van Hecke,583655,C. Okoli,1.0,0.9918032786885246,0.3776023332998089,0.5577793422508297,2.719351393024871,4.8687410986475825,0.17656294072911694,-0.4004547011237593,-0.12426934828299097,-0.0672677452678036,0.5160275028926501,0.6916116373962572,0.06722829218145143,0.7253633615563533,-0.6581350693749017,0.1502796112215311,0.8920176925885575,-0.2632875776274789,0.29008759786183697,697,1651,1631,False,right,left,True,0,0.0,none
413002__568412,K. Mavropanos + J. Gvardiol,413002,K. Mavropanos,568412,J. Gvardiol,1.0,1.0,0.4184634072274522,0.6366535074400244,2.3232306742493503,3.64270067792988,0.17656294072911694,0.53680623164123,0.48953401777570527,0.9985991735569737,-0.01698464629774135,-0.42168882925460105,0.39767707829980503,0.1848290767623637,0.2128480015374413,0.8889524749090297,-1.4317122070528583,1.3715717982342124,0.2892769349854999,698,1633,1625,False,right,left,True,0,0.0,none
145787__604320,J. Andersen + J. Branthwaite,145787,J. Andersen,604320,J. Branthwaite,1.0,0.9918458604589991,0.4126717958834747,0.6255342934175051,2.6785011834516785,4.284615128179485,0.17656294072911694,-0.3955856530742794,0.402534088597825,0.8483395497434285,0.46106027455177634,0.16119868810349253,0.37393147971652385,0.22331179036487878,0.1506196893516451,0.8358724514914103,-1.2662769428464755,1.254767530713339,0.28900664903443035,699,1616,1623,False,right,left,True,0,0.0,none
8360__769441,L. Yoro + C. Dawson,769441,L. Yoro,8360,C. Dawson,1.0,1.0,0.4444444444444444,0.6111111111111112,1.8297797411924042,2.953832786299835,0.17656294072911694,0.53680623164123,0.879813728135875,0.6534317133474588,-0.6809623931869059,-1.0472122069941234,0.30309248507663444,0.3382782490417308,-0.03518576396509629,0.6775216109691846,-0.7720418776551753,0.9060055425808762,0.28834935070421497,700,1611,1629,False,right,left,True,0,0.0,none
415917__777938,Dean Huijsen + Gabriel Magalhaes,777938,Dean Huijsen,415917,Gabriel Magalhaes,1.0,0.9960629921259843,0.3983127109111361,0.6151481064866892,2.649180277087254,4.323893161102464,0.17656294072911694,0.08662578362025217,0.18683602091728693,0.7079856957820867,0.42160664696616973,0.1968649285009196,0.3162361088074221,0.3163196604814922,-8.355167407007869e-05,0.7069023761234393,-0.8664407534097402,0.9718933684112445,0.28789763572104654,701,1659,1609,False,left,left,False,0,0.0,none
568412__590874,Toti + J. Gvardiol,590874,Toti,568412,J. Gvardiol,1.0,0.9943820224719101,0.45778924992408143,0.597327664743395,1.9546854747083582,3.2682266246339475,0.17656294072911694,-0.10558609306286465,1.0802755793663268,0.46716895575751555,-0.5128917260596222,-0.7617283020469852,0.3255213395827009,0.3008457550681754,0.024675584514525423,0.7276582338989857,-0.9329623001176452,1.018366953590991,0.28761381763239746,702,1629,1625,False,left,left,False,0,0.0,none
8653__777938,Dean Huijsen + H. Maguire,777938,Dean Huijsen,8653,H. Maguire,1.0,0.9960629921259843,0.4200452337074887,0.5945300720388675,2.784280714642832,4.682553287010112,0.17656294072911694,0.08662578362025217,0.513295762748109,0.42936365526464937,0.6033951047894744,0.5225446359515914,0.43460884976328523,0.12177802015815453,0.31283082960513064,0.9715083762589302,-1.7027655510438393,1.5592423389720587,0.2867729906107251,703,1659,1611,False,left,center,False,0,0.0,none
50102__424806,F. Schär + E. Pinnock,50102,F. Schär,424806,E. Pinnock,1.0,1.0,0.36074270557029176,0.5602242585001206,2.787801521738554,4.9023941442496435,0.17656294072911694,0.53680623164123,-0.37752985409346584,-0.03422834202131131,0.6081326326894962,0.7221701334620436,0.09579270814968821,0.6743452121537288,-0.5785525040040406,0.21413143888495997,0.672693215813815,-0.11390889565677913,0.28609190505526866,704,1613,1669,False,right,left,True,0,0.0,none
568412__777938,Dean Huijsen + J. Gvardiol,777938,Dean Huijsen,568412,J. Gvardiol,1.0,0.9960629921259843,0.42881464141306663,0.6021493934879761,2.4028822055137846,4.011229998072103,0.17656294072911694,0.08662578362025217,0.645027297204508,0.5323274414044682,0.09019286766012125,-0.08704744455319943,0.36336810043110657,0.236966162496699,0.1264019379344076,0.8122594683159124,-1.2075774788603313,1.2093101397616572,0.2857185184521883,705,1659,1625,False,left,left,False,0,0.0,none
590874__604320,Toti + J. Branthwaite,590874,Toti,604320,J. Branthwaite,1.0,0.9898775179674055,0.43526672740155886,0.6018321692478996,2.1546393769811765,3.561221774351348,0.17656294072911694,-0.6206574164742557,0.741948687593062,0.5280406280665914,-0.24383773787417362,-0.4956753796515933,0.2347375200500907,0.44689075977685055,-0.2121532397267599,0.5247234773869003,-0.30512211739147194,0.5738326833903103,0.2855916401540706,706,1629,1623,False,left,left,False,0,0.0,none
479155__604320,N. Collins + J. Branthwaite,479155,N. Collins,604320,J. Branthwaite,1.0,0.9931480776551199,0.3932242101256186,0.6134373810430148,2.918577384054195,4.780849400729547,0.17656294072911694,-0.2466825419986294,0.11039801745526816,0.6848677882488591,0.7841020282075024,0.6118019780625087,0.34739640566954066,0.2621654209157233,0.08523098475381734,0.7765569388981073,-1.0992471252003508,1.1320311189995824,0.28491055568886486,707,1669,1623,False,right,left,True,0,0.0,none
145787__558243,J. Andersen + S. van den Berg,145787,J. Andersen,558243,S. van den Berg,1.0,0.9963503649635037,0.3709388865035065,0.5455130957492487,2.8050222325031484,5.226244634641581,0.17656294072911694,0.11948567033711163,-0.22436574027616507,-0.2330278053942671,0.6313044780895448,1.0162411085995504,0.10079107350449845,0.6637766490682476,-0.5629855755637492,0.22530459795073932,0.6272594908330973,-0.08468933931417405,0.283892278362464,708,1616,1669,False,right,left,True,0,0.0,none
7919__604320,J. Branthwaite + M. Keane,604320,J. Branthwaite,7919,M. Keane,1.0,0.9954954954954955,0.37111304853240334,0.6378959604766057,2.953685889916006,4.622767584815353,0.17656294072911694,0.02173490822983895,-0.22174952808933396,1.015389076647661,0.8313433343984868,0.46825649909431655,0.3168224154633656,0.3097828866141014,0.007039528849264162,0.7082129841048822,-0.894542017862632,0.9852635880716479,0.28279660430798115,709,1623,1623,True,left,left,False,4,137.0,low
412968__590874,Toti + M. Senesi,590874,Toti,412968,M. Senesi,1.0,0.9943820224719101,0.4184961106309421,0.540363007778738,2.2177942361564145,4.164645611880732,0.17656294072911694,-0.10558609306286465,0.49002527894958536,-0.3026235771357172,-0.1588578172962592,0.052260910667823346,0.09947923544418011,0.6645772105208856,-0.5650979750767056,0.22237216418969488,0.6307010645432721,-0.08865437177537326,0.28266552710275444,710,1629,1659,False,left,left,False,0,0.0,none
558243__590874,Toti + S. van den Berg,590874,Toti,558243,S. van den Berg,1.0,0.9943820224719101,0.39353381802159065,0.5218109715796431,2.2811604260326463,4.502851280813445,0.17656294072911694,-0.10558609306286465,0.11504885871907189,-0.5533267270711043,-0.07359353433640514,0.3593670408444645,-0.03840288616193479,0.889459843050285,-0.9278627292122197,-0.0858443761537708,1.5974602726438298,-0.76957387450391,0.28240111881548147,711,1629,1669,False,left,left,False,0,0.0,none
346131__479155,N. Collins + T. Chalobah,479155,N. Collins,346131,T. Chalobah,1.0,0.9976525821596245,0.4032342201356286,0.58207268301165,2.7768218623481786,4.749746963562753,0.17656294072911694,0.2683887814127616,0.26076552491005234,0.26102058846714743,0.5933586217083663,0.5835595504666056,0.3353269719290512,0.2788637739435871,0.05646319798546405,0.7495773778929089,-1.0274617393382803,1.0780331855245178,0.28215680424987394,712,1669,1628,False,right,right,False,0,0.0,none
288080__623641,C. Burgess + E. Agbadou,288080,C. Burgess,623641,E. Agbadou,1.0,1.0,0.40942028985507245,0.5664251207729469,2.100310533664985,3.7305916459384454,0.17656294072911694,0.53680623164123,0.3536908949870161,0.04956708007844124,-0.3169415473101086,-0.3418798327118506,0.12331293113047723,0.6239197552506743,-0.5006068241201971,0.27564911657815955,0.45591669449960187,0.03239730686508402,0.28107902801197715,713,1634,1629,False,left,center,False,0,0.0,none
286380__590781,J. van Hecke + I. Diop,590781,J. van Hecke,286380,I. Diop,1.0,1.0,0.37450579413769597,0.5814587593728698,2.337442008436958,3.976937394162266,0.17656294072911694,0.53680623164123,-0.1707846739497415,0.25272432446624404,0.00213784192154437,-0.11818668865181298,0.05060915367092434,0.7419825000668803,-0.691373346395956,0.11312981024997174,0.9634625391960433,-0.3256767452704717,0.2804683178297045,714,1651,1616,False,right,right,False,0,0.0,none
424806__504375,M. Lacroix + E. Pinnock,504375,M. Lacroix,424806,E. Pinnock,1.0,0.9964788732394366,0.3583050024283633,0.5795288975230695,2.8018070873617615,4.7673828446946,0.17656294072911694,0.13418005629852428,-0.4141483334955779,0.2266451146429747,0.6269782428270548,0.599573732676349,0.08545551559959993,0.6846824047038171,-0.5992268891042172,0.19102406508232797,0.7171322904159853,-0.1527152897762357,0.2801086617107124,715,1628,1669,False,center,left,False,0,0.0,none
145787__545267,J. Andersen + R. Drăgușin,145787,J. Andersen,545267,R. Drăgușin,1.0,0.9963503649635037,0.4226818058934847,0.5694782373614491,2.425451569097978,4.224313644203147,0.17656294072911694,0.11948567033711163,0.5529015960526091,0.09082540545271,0.12056175375892536,0.10644219792897033,0.2700139836723139,0.383145634559236,-0.11313165088692209,0.6035791654669971,-0.5791592276943114,0.7596989514429792,0.27998160471380096,716,1616,1624,False,right,right,False,0,0.0,none
364003__623641,S. Bueno + E. Agbadou,364003,S. Bueno,623641,E. Agbadou,1.0,1.0,0.42333333333333334,0.5522222222222223,2.0165446690881517,3.6764387841908865,0.17656294072911694,0.53680623164123,0.5626886549137355,-0.14236394930652213,-0.4296552262232057,-0.3910530942416333,0.13625156323789353,0.6011464708373015,-0.464894907599408,0.30457165112050505,0.35801548195290683,0.09942956444139449,0.27957638303440346,717,1629,1629,True,center,center,False,10,437.0,medium
413002__625787,K. Mavropanos + M. van de Ven,413002,K. Mavropanos,625787,M. van de Ven,1.0,1.0,0.41963849535906206,0.5975818270639961,2.3764426029118915,3.9829183189766484,0.17656294072911694,0.53680623164123,0.5071858556073535,0.47060358113694845,0.05461626502712151,-0.11275573688681492,0.3398895489923849,0.26731546578094134,0.07257408321144353,0.7597763921025132,-1.0771073394837742,1.1082737638374054,0.27841074697360546,718,1633,1624,False,right,left,True,0,0.0,none
50102__623641,F. Schär + E. Agbadou,50102,F. Schär,623641,E. Agbadou,1.0,1.0,0.40384615384615385,0.5468142968142968,2.106774446231947,3.907242271793656,0.17656294072911694,0.53680623164123,0.2699578180932989,-0.21544401015982367,-0.3082438353092183,-0.18147302974229768,0.05834947326711204,0.7217252156234006,-0.6633757423562886,0.13043223132748366,0.8763774848876104,-0.2731244661337856,0.27350446790326777,719,1613,1629,False,right,center,False,0,0.0,none
415847__620468,J. Greaves + C. Romero,620468,J. Greaves,415847,C. Romero,1.0,0.976014976014976,0.37855387855387856,0.5775710775710776,2.9901920046234207,5.144274132860826,0.17656294072911694,-2.205781334575264,-0.10997550762331104,0.2001880926911384,0.8804652352143263,0.9418081646753198,0.024874953235135028,0.775876991252914,-0.7510020380177789,0.05560454058895914,1.109173264339291,-0.4376014529070837,0.2730339590148501,720,1634,1624,False,left,right,True,0,0.0,none
496001__558243,M. Kilman + S. van den Berg,496001,M. Kilman,558243,S. van den Berg,1.0,1.0,0.3669866910494768,0.5358122523620847,2.932720032640483,5.513158764493902,0.17656294072911694,0.53680623164123,-0.2837344900378837,-0.3641202616665597,0.8031320944497418,1.2767721883712344,0.14735282639504813,0.5747680737436368,-0.4274152473485886,0.3293869997957667,0.24461607000899205,0.169779926017285,0.27203430610403795,721,1633,1669,False,left,left,False,0,0.0,none
192792__412027,D. Burn + E. Konsa,192792,D. Burn,412027,E. Konsa,1.0,0.9979338842975207,0.3845270890725436,0.5701714110805021,2.5169496299133645,4.283192321124793,0.17656294072911694,0.30055450891947755,-0.020247647581594086,0.10019261630514922,0.24367972191953535,0.1599067145835531,0.11320622131861699,0.6295119503599653,-0.5163057290413484,0.2530569552726813,0.4799572620374049,0.002930027008288137,0.2711016616492198,722,1613,1614,False,left,right,True,0,0.0,none
365443__568412,M. de Ligt + J. Gvardiol,365443,M. de Ligt,568412,J. Gvardiol,1.0,0.9946236559139785,0.4420226678291195,0.6172624237140366,2.240594106016383,3.631734299971754,0.17656294072911694,-0.0779563156562349,0.843434492461331,0.7365575454254437,-0.12817876654403196,-0.4316467992300972,0.38998274904922825,0.17676339397178914,0.21321935507743908,0.8717528589308902,-1.4663861746229718,1.3722688391261655,0.2704143449037867,723,1611,1625,False,right,left,True,0,0.0,none
7919__9097,L. Dunk + M. Keane,9097,L. Dunk,7919,M. Keane,1.0,1.0,0.3730715287517532,0.6051893408134642,2.819386636965021,4.614102569883794,0.17656294072911694,0.53680623164123,-0.19232979836991942,0.5734078037948075,0.6506329346210031,0.4603882714210437,0.26233681590177926,0.38486229697927793,-0.12252548107749867,0.5864179116198152,-0.5717793816692576,0.7420664716908414,0.27008843564729856,724,1651,1623,False,left,left,False,0,0.0,none
8360__583655,C. Okoli + C. Dawson,583655,C. Okoli,8360,C. Dawson,1.0,0.9918032786885246,0.3697632058287796,0.60132058287796,2.346725766820111,4.02225453653537,0.17656294072911694,-0.4004547011237593,-0.24202647912104763,0.5211272998997276,0.014629882286574844,-0.07703666219369104,-0.00838216762826826,0.8263595703524618,-0.83474173798073,-0.01873718417492832,1.3261953511239264,-0.5947831917816085,0.2695333748933921,725,1631,1629,False,left,left,False,0,0.0,none
234399__777938,Dean Huijsen + A. Webster,777938,Dean Huijsen,234399,A. Webster,1.0,0.9829050973891422,0.409966846249482,0.6334438458350601,2.653868514023897,4.22389855797181,0.17656294072911694,-1.417924661081438,0.36190110882582865,0.9552253753412041,0.4279150452070857,0.10606528075133168,0.26836807597824475,0.3730474755301209,-0.10467939955187613,0.5998999649348217,-0.6225707091255621,0.7755640615739546,0.26829158204453313,726,1659,1651,False,left,left,False,0,0.0,none
365443__590874,Toti + M. de Ligt,590874,Toti,365443,M. de Ligt,1.0,0.9890056783858886,0.4673794853207684,0.5929684668358101,2.1001378803198825,3.529515580476146,0.17656294072911694,-0.7203486403603295,1.224337352637523,0.408260885780991,-0.3171738662123424,-0.5244660457997139,0.35576899610438717,0.23025017030002443,0.12551882580436272,0.7952727145728757,-1.2364491939618423,1.2076525138054734,0.26823210185897994,727,1629,1611,False,left,right,True,0,0.0,none
397074__496001,M. Kilman + M. Guéhi,496001,M. Kilman,397074,M. Guéhi,1.0,0.9967741935483871,0.39244526157446097,0.5618084572956711,2.786360320706221,4.942587286704326,0.17656294072911694,0.1679487032627498,0.09869687510316716,-0.012820253771260892,0.6061933812864541,0.7586673349366635,0.23322676061767744,0.4295922511341482,-0.19636549051647076,0.5213463822267326,-0.37948754227395287,0.6034667264414086,0.2675202737194622,728,1633,1628,False,left,left,False,0,0.0,none
7919__399581,D. O'Shea + M. Keane,399581,D. O'Shea,7919,M. Keane,1.0,1.0,0.34901698797480435,0.6184386333269708,3.4918754231550437,5.662406905890318,0.17656294072911694,0.53680623164123,-0.5536702301958858,0.7524522672652636,1.5555204505822937,1.4122962890906363,0.402600486617935,0.15278644641902975,0.2498140401989053,0.89995807781705,-1.5694618749029565,1.4409580778445108,0.2673320920065402,729,1634,1623,False,right,left,True,0,0.0,none
365443__412968,M. de Ligt + M. Senesi,365443,M. de Ligt,412968,M. Senesi,1.0,0.9946236559139785,0.40272952853598015,0.5602977667493796,2.503702867464439,4.528153287218538,0.17656294072911694,-0.0779563156562349,0.25318419204458953,-0.03323498746778902,0.2258551422193311,0.38234241348471126,0.1639406449107075,0.5420824760880325,-0.3781418311773249,0.36646678922159953,0.10410231778895596,0.26226749448855863,0.2669175888451983,730,1611,1659,False,right,left,True,0,0.0,none
365443__558243,M. de Ligt + S. van den Berg,365443,M. de Ligt,558243,S. van den Berg,1.0,0.9946236559139785,0.3777672359266287,0.5417457305502846,2.567069057340671,4.8663589561512515,0.17656294072911694,-0.0779563156562349,-0.12179222818592389,-0.28393813740317614,0.31111942517918517,0.6894485436613524,0.026058523304592636,0.7669651086174318,-0.7409065853128391,0.058250248878133896,1.0708615258895133,-0.41865200823997833,0.26665318055792525,731,1611,1669,False,right,left,True,0,0.0,none
400549__620468,Pau Torres + J. Greaves,400549,Pau Torres,620468,J. Greaves,1.0,0.9954954954954955,0.37494637494637495,0.5227370227370227,2.310427604735406,4.105159470758792,0.17656294072911694,0.02173490822983895,-0.16416639505019764,-0.5408125243353572,-0.03421220162217886,-0.00175521111023913,-0.15109830959309578,1.054864518763423,-1.2059628283565187,-0.337759512923424,2.308526714324949,-1.2915754721215063,0.2653631634114713,732,1614,1634,False,left,left,False,0,0.0,none
283145__496001,M. Kilman + T. Adarabioyo,496001,M. Kilman,283145,T. Adarabioyo,1.0,0.9859154929577465,0.4051667518061738,0.5822082755600964,2.8218321258506074,4.835416699407521,0.17656294072911694,-1.0736984697295928,0.28979546295074643,0.26285291989634657,0.6539235357558213,0.6613515671751611,0.22850913019287225,0.4343098815589534,-0.2058007513660812,0.5108007675290831,-0.35920668464480915,0.5857564801934206,0.26478967440978296,733,1633,1610,False,left,right,True,0,0.0,none
7953__620468,J. Greaves + C. Coady,620468,J. Greaves,7953,C. Coady,1.0,0.9954954954954955,0.3783783783783784,0.5405405405405406,2.1713312332867813,3.668278233205368,0.17656294072911694,0.02173490822983895,-0.11261182106569995,-0.3002244861613915,-0.22137750850033555,-0.3984632457071028,-0.15268220055513831,1.0564484097254656,-1.2091306102806039,-0.34130008357112995,2.315335782481788,-1.2975214866334197,0.2644463956322874,734,1634,1631,False,left,right,True,0,0.0,none
475597__534563,C. Richards + S. Botman,534563,C. Richards,475597,S. Botman,1.0,1.0,0.36570512820512824,0.5358974358974359,3.0350299199892423,5.667316613998521,0.17656294072911694,0.53680623164123,-0.30298576055196397,-0.3629691330030546,0.9407982410420194,1.4167545273637119,0.17549326333591048,0.5202267937994902,-0.3447335304635798,0.3922910805905418,0.010145830957958634,0.3249758013173717,0.2641844498461328,735,1628,1613,False,right,right,False,0,0.0,none
366217__604320,J. Branthwaite + K. Danso,604320,J. Branthwaite,366217,K. Danso,1.0,0.9954954954954955,0.4132058888156449,0.6079982421445835,2.521109658135625,4.15392536895199,0.17656294072911694,0.02173490822983895,0.41055707987149387,0.6113659235403739,0.24927737303532094,0.042526442494096095,0.327442197763701,0.2716119588932777,0.055830238870423265,0.7319520484714765,-1.058636930132137,1.076845103714067,0.2637539659389106,736,1623,1624,False,left,right,True,0,0.0,none
415847__590781,J. van Hecke + C. Romero,590781,J. van Hecke,415847,C. Romero,1.0,0.9805194805194806,0.3923990120309139,0.5569277348418453,2.736056524106064,4.909784831304025,0.17656294072911694,-1.6907100111638727,0.09800212768761574,-0.07877595157192563,0.5385055945401104,0.7288812134619153,0.020794807860012865,0.7717968458777918,-0.7510020380177789,0.046483936140972654,1.0916329231069704,-0.4376014529070837,0.2632115544211607,737,1651,1624,False,right,right,False,0,0.0,none
424806__583655,E. Pinnock + C. Okoli,424806,E. Pinnock,583655,C. Okoli,1.0,0.9918032786885246,0.35443753533069533,0.5730638778971171,2.9518127612756278,5.114714634162974,0.17656294072911694,-0.4004547011237593,-0.47224431812078604,0.13927999917929135,0.8288228898092608,0.9149667953874958,0.05600142546425763,0.7141364948391594,-0.6581350693749017,0.1251834930434568,0.8437539531664128,-0.2632875776274789,0.2630604169461564,738,1669,1631,False,left,left,False,0,0.0,none
8653__769441,H. Maguire + L. Yoro,8653,H. Maguire,769441,L. Yoro,1.0,1.0,0.4296690307328605,0.5670803782505911,2.1303639450574816,3.6855041234310053,0.17656294072911694,0.53680623164123,0.6578616892066058,0.05842190937594566,-0.27650227554887724,-0.38282135388802874,0.2335154136134014,0.42406760482898614,-0.19055219121558467,0.5219916263429782,-0.4032377208757436,0.614378450427948,0.2629001869943557,739,1611,1611,True,center,right,False,13,650.0,high
349142__623641,E. Agbadou + N. Mazraoui,623641,E. Agbadou,349142,N. Mazraoui,1.0,1.0,0.4411764705882353,0.5408496732026145,1.887711895761016,3.4971248444028604,0.17656294072911694,0.53680623164123,0.8307231595256368,-0.29604701845390596,-0.603010039901027,-0.5538783073990866,0.15704128265516362,0.5477917087885408,-0.39075042613337707,0.3510442127467847,0.128646024087323,0.2386008121284157,0.26183607602527237,740,1629,1611,False,center,right,False,0,0.0,none
366217__777938,Dean Huijsen + K. Danso,777938,Dean Huijsen,366217,K. Danso,1.0,0.9960629921259843,0.43211062031880165,0.5840215095064336,2.628896260971733,4.5017148731771375,0.17656294072911694,0.08662578362025217,0.6945385496591319,0.28735607723379814,0.3943128789013053,0.35833513102287334,0.4218590251998758,0.11514456877789844,0.30671445642197737,0.9430078950424741,-1.7312824272971068,1.5477617369044745,0.2616715667129999,741,1659,1624,False,left,right,True,0,0.0,none
258154__620468,Rúben Dias + J. Greaves,258154,Rúben Dias,620468,J. Greaves,1.0,0.9893979345198858,0.39304548450889915,0.5499340804218853,2.486692835123489,4.327115865396515,0.17656294072911694,-0.6754957856563115,0.10771325235737686,-0.1732847792729535,0.20296678150981307,0.19979129057986755,0.0035735442622304506,0.7971784002258187,-0.7936048559635881,0.007988167257938852,1.200746957863086,-0.517568123538096,0.260704546280276,742,1625,1634,False,right,left,True,0,0.0,none
9097__9433,J. Tarkowski + L. Dunk,9433,J. Tarkowski,9097,L. Dunk,1.0,0.9970588235294118,0.36035805626598466,0.6120204603580562,2.838071495417486,4.58762262204569,0.17656294072911694,0.20049495576673537,-0.38330794593104045,0.6657202146286086,0.6757749079867301,0.43634327438269643,0.181692615135722,0.5051650546809043,-0.32347243954518234,0.40614887986032905,-0.05460383342974225,0.36488345852657605,0.2596699816065571,743,1623,1651,False,right,left,True,0,0.0,none
15806__475597,J. Vestergaard + S. Botman,15806,J. Vestergaard,475597,S. Botman,1.0,1.0,0.39375000000000004,0.5375,2.564727587557461,4.784688008905197,0.17656294072911694,0.53680623164123,0.11829628256955296,-0.34131286497001817,0.30796879007665656,0.6152876088794268,0.15220212254181575,0.5521804418067995,-0.39997831926498373,0.3402269351263769,0.14751296818867277,0.22127980083728446,0.25862331818724715,744,1631,1613,False,left,right,True,0,0.0,none
192792__534563,D. Burn + C. Richards,192792,D. Burn,534563,C. Richards,1.0,0.9979338842975207,0.3391211061665607,0.5708836617927526,3.281384187926244,5.700176812326345,0.17656294072911694,0.30055450891947755,-0.7023233364450022,0.10981762431983158,1.2722876370555092,1.4465930820430033,0.1593645558357017,0.5374884193024886,-0.37812386346678695,0.35623757076620793,0.08435269706455072,0.2623012203794706,0.2558848385783633,745,1613,1628,False,left,right,True,0,0.0,none
8360__415847,C. Romero + C. Dawson,415847,C. Romero,8360,C. Dawson,1.0,0.9805194805194806,0.38455988455988455,0.6004689754689754,2.3634308979013046,4.063298269191812,0.17656294072911694,-1.6907100111638727,-0.01975500315044093,0.5096190935956055,0.03710797393403513,-0.03976708612803298,-0.054815651949706834,0.8869903973812701,-0.9418060493309768,-0.1225328592554868,1.5868442490204309,-0.7957458730054574,0.25563767047729435,746,1624,1629,False,right,left,True,0,0.0,none
8360__619747,L. Colwill + C. Dawson,619747,L. Colwill,8360,C. Dawson,0.9964285714285714,0.9857142857142858,0.44365079365079363,0.6472222222222221,2.3283851554663997,3.624874623871615,-2.8384737166366527,-1.0967056797491785,0.86789173290196,1.141419619691881,-0.01004887903983643,-0.43787569713126745,0.0932331892463768,0.6451727780923779,-0.5519395888460013,0.20840998600816177,0.5472823784614451,-0.06395571594737574,0.25559856335303927,747,1610,1629,False,left,left,False,0,0.0,none
501419__590781,J. van Hecke + J. Todibo,590781,J. van Hecke,501419,J. Todibo,1.0,1.0,0.39672801635991817,0.5405230868582499,2.148320318165565,3.837903540805351,0.17656294072911694,0.53680623164123,0.16303119259987947,-0.30046034669342553,-0.25234053755246655,-0.24443575124952976,0.00601110955048445,0.7865805441873202,-0.7805694346368358,0.01343700958249481,1.155187303940042,-0.4931002762445483,0.25465464072435035,748,1651,1633,False,right,right,False,0,0.0,none
496001__619747,M. Kilman + L. Colwill,496001,M. Kilman,619747,L. Colwill,0.9964285714285714,0.9857142857142858,0.4364544781643227,0.6005181347150259,2.7586742311137655,4.593311436249627,-2.8384737166366527,-1.0967056797491785,0.7597907398483263,0.5102834076202788,0.5689395305866755,0.44150897642718945,0.10395732806310704,0.6261869821625217,-0.5222296540994147,0.23238232503046088,0.46566338978339733,-0.008189344592054192,0.2542523105318388,749,1633,1610,False,left,left,False,0,0.0,none
15806__623641,E. Agbadou + J. Vestergaard,623641,E. Agbadou,15806,J. Vestergaard,1.0,1.0,0.42708333333333337,0.5763888888888888,1.8905539569367984,3.2694607860059826,0.17656294072911694,0.53680623164123,0.6190200823939842,0.18421257263166804,-0.5991858189915098,-0.7606076273871685,0.15889782501381944,0.5363536255244453,-0.3774558005106259,0.3551942581342544,0.07947427527679829,0.2635551930731095,0.2541504502647886,750,1629,1631,False,center,left,False,0,0.0,none
365443__627012,Murillo + M. de Ligt,627012,Murillo,365443,M. de Ligt,1.0,0.9946236559139785,0.45521821631878556,0.6123339658444023,1.9267955982410467,3.1459471876435714,0.17656294072911694,-0.0779563156562349,1.0416542478767254,0.6699567745461027,-0.5504197883191491,-0.872763592533982,0.3385916766720921,0.24250182585925437,0.09608985081283772,0.7568751768346562,-1.183779938478925,1.1524135117012224,0.2537863092138951,751,1642,1611,False,left,right,True,0,0.0,none
286380__424806,E. Pinnock + I. Diop,424806,E. Pinnock,286380,I. Diop,1.0,1.0,0.3513409961685824,0.5967432950191571,2.569903376687715,4.222910929677658,0.17656294072911694,0.53680623164123,-0.5187596437875366,0.459272068913339,0.31493322883815505,0.10516846933942564,0.039382286953730555,0.7307556333496865,-0.691373346395956,0.08803369207189744,0.9151987997738992,-0.3256767452704717,0.25344113691402415,752,1669,1616,False,left,right,True,0,0.0,none
604320__627012,Murillo + J. Branthwaite,627012,Murillo,604320,J. Branthwaite,1.0,0.9954954954954955,0.42310545839957603,0.6211976682564918,1.9812970949023407,3.177653381518773,0.17656294072911694,0.02173490822983895,0.5592655828322646,0.789736516831703,-0.47708365998098023,-0.8439729263858614,0.21756020061779563,0.43920417055886574,-0.2216439699410701,0.48632593964868076,-0.3381663806224345,0.5560183196066537,0.2529167195589408,753,1642,1623,False,left,left,False,0,0.0,none
192792__349142,D. Burn + N. Mazraoui,192792,D. Burn,349142,N. Mazraoui,1.0,0.9979338842975207,0.3812591152163345,0.5369470102090423,2.8082397943186805,5.045212265629899,0.17656294072911694,0.30055450891947755,-0.0693382161918327,-0.348785698732706,0.6356339651806292,0.8518554835468,0.13421687268295118,0.5741379009684642,-0.43992102828551305,0.3000233799145734,0.24190698871516303,0.14630622842200652,0.2518450322562369,754,1613,1611,False,left,right,True,0,0.0,none
192792__397074,D. Burn + M. Guéhi,192792,D. Burn,397074,M. Guéhi,1.0,0.9947080778459078,0.36750199946680884,0.5629432151426286,3.2006590625654283,5.619546120724969,0.17656294072911694,-0.06830301945900266,-0.2759936743736423,0.0025143091625928204,1.1636655162655698,1.3733767467009388,0.22661857003868455,0.42298406055515525,-0.19636549051647076,0.5065746800331311,-0.4078958236039465,0.6034667264414086,0.25161193822366335,755,1613,1628,False,left,left,False,0,0.0,none
412968__627012,Murillo + M. Senesi,627012,Murillo,412968,M. Senesi,1.0,1.0,0.4063348416289593,0.5597285067873303,2.0444519540775787,3.7810772190481567,0.17656294072911694,0.53680623164123,0.30734217418878795,-0.04092768837060551,-0.3921037394030658,-0.29603663606644476,0.08230191601188502,0.6585547121266673,-0.5762527961147822,0.18397462645147533,0.6048106446700514,-0.10959228017932912,0.2515120505908872,756,1642,1659,False,left,left,False,0,0.0,none
558243__627012,Murillo + S. van den Berg,627012,Murillo,558243,S. van den Berg,1.0,1.0,0.3813725490196078,0.5411764705882354,2.1078181439538106,4.119282887980869,0.17656294072911694,0.53680623164123,-0.06763424604172552,-0.2916308383059926,-0.30683945644321176,0.01106949411019642,-0.05558020559422985,0.8834373446560666,-0.9390175502502965,-0.12424191389199032,1.5715698527706086,-0.7905117829078663,0.25124764230361407,757,1642,1669,False,left,left,False,0,0.0,none
258154__590781,J. van Hecke + Rúben Dias,590781,J. van Hecke,258154,Rúben Dias,1.0,0.9939024390243902,0.40689061798593446,0.529290737692653,2.232557354606133,4.092626563839715,0.17656294072911694,-0.16042446224492046,0.31569088766830367,-0.45224882353601753,-0.13899285916440285,-0.013135660633536994,-0.0005066011128917157,0.7930982548506964,-0.7936048559635881,-0.001132437190047642,1.1832066166307649,-0.517568123538096,0.2508821416865864,758,1651,1625,False,right,right,False,0,0.0,none
136441__283145,T. Adarabioyo + B. Davies,283145,T. Adarabioyo,136441,B. Davies,1.0,0.9859154929577465,0.3993245185398103,0.5418942224777235,2.9631578947368418,5.508771929824562,0.17656294072911694,-1.0736984697295928,0.20203510573291927,-0.2819314900708084,0.8440886754205419,1.272788742962773,0.17850461170167106,0.500446204244292,-0.321941592542621,0.3990225361574578,-0.07488993582872555,0.3677569007997142,0.2505956674900541,759,1610,1624,False,right,left,True,0,0.0,none
504375__623641,M. Lacroix + E. Agbadou,504375,M. Lacroix,623641,E. Agbadou,1.0,0.9964788732394366,0.4014084507042254,0.5661189358372457,2.1207800118551545,3.7722309722386123,0.17656294072911694,0.13418005629852428,0.23333933869118684,0.045429446504462345,-0.2893982251716596,-0.30406943052799235,0.048012280717023806,0.7131968110576175,-0.6651845303405937,0.10732485752485177,0.8397142995111235,-0.2765196113367682,0.25027279634840927,760,1628,1629,False,center,center,False,0,0.0,none
447424__623641,C. Bassey + E. Agbadou,447424,C. Bassey,623641,E. Agbadou,1.0,1.0,0.43823529411764706,0.5702614379084967,1.7504802347048638,3.0406937073679474,0.17656294072911694,0.53680623164123,0.7865416477764224,0.10140919485829347,-0.7876662296166639,-0.968338539923469,0.15192454449559473,0.5433269060426701,-0.3914023615470753,0.3396064475382475,0.10945206002538573,0.23737711127918518,0.2501142640325765,761,1616,1629,False,left,center,False,0,0.0,none
192792__283145,D. Burn + T. Adarabioyo,192792,D. Burn,283145,T. Adarabioyo,1.0,0.9838493772552672,0.3802234896985217,0.583343033407054,3.236130867709815,5.512375533428164,0.17656294072911694,-1.3099501924513453,-0.08489508652606302,0.2781874828302003,1.211395670734937,1.2760609789394364,0.22190093961387933,0.42831368025922434,-0.20641274064534504,0.4960290653354816,-0.38498405462192264,0.5846077593462023,0.24944086815040448,762,1613,1610,False,left,right,True,0,0.0,none
399581__545267,D. O'Shea + R. Drăgușin,399581,D. O'Shea,545267,R. Drăgușin,1.0,1.0,0.3753013368397984,0.5551172474249397,2.7801894238358322,4.935773480662983,0.17656294072911694,0.53680623164123,-0.15883425900816242,-0.10324199365299608,0.5978899453705413,0.7524800891352128,0.1600280285726811,0.5272973138917147,-0.3672692853190336,0.35772067292058424,0.04054164377967331,0.28267556455276166,0.24755794250474644,763,1634,1624,False,right,right,False,0,0.0,none
285382__590781,J. van Hecke + W. Faes,590781,J. van Hecke,285382,W. Faes,1.0,1.0,0.3746396629462636,0.5747653189444897,2.215044632164812,3.7883569546721207,0.17656294072911694,0.53680623164123,-0.16877373499462323,0.16227244191862134,-0.16255762966032072,-0.28942630501185385,-0.008605676577592647,0.8011973303153972,-0.8098030068929899,-0.01923680772506022,1.2180241376395389,-0.5479725019961251,0.2461943370301065,764,1651,1631,False,right,right,False,0,0.0,none
240032__625787,J. Bednarek + M. van de Ven,240032,J. Bednarek,625787,M. van de Ven,1.0,1.0,0.4423913043478261,0.5675724637681159,2.3626311200971983,4.158141734912494,0.17656294072911694,0.53680623164123,0.848972044813356,0.065071712554267,0.0360318088509282,0.04635509456141717,0.3915317562163436,0.14737172230364198,0.24416003391270166,0.8752154516474383,-1.5927395034996907,1.4303453512636157,0.2458549450265351,765,1619,1624,False,center,left,False,0,0.0,none
549884__590781,J. van Hecke + T. Harwood-Bellis,590781,J. van Hecke,549884,T. Harwood-Bellis,1.0,1.0,0.36827273180707265,0.5475834206194823,2.4523849888593197,4.421678310719557,0.17656294072911694,0.53680623164123,-0.2644159535917081,-0.2050504469637961,0.1568028269257522,0.2856582919664621,-0.010132502677313304,0.802724156415118,-0.8128566590924313,-0.02264981771272448,1.2245878868026956,-0.5537042918501439,0.24531059881441764,766,1651,1619,False,right,right,False,0,0.0,none
192792__558243,D. Burn + S. van den Berg,192792,D. Burn,558243,S. van den Berg,1.0,0.9979338842975207,0.34204342894182466,0.5369470102090423,3.3470187744996904,6.190117598514545,0.17656294072911694,0.30055450891947755,-0.6584250395146931,-0.348785698732706,1.3606042294288574,1.8914816001355095,0.14074463581605526,0.556108339322135,-0.4153637035060799,0.3146152976021653,0.16439880347401642,0.19240100799066417,0.2451074914414204,767,1613,1669,False,left,left,False,0,0.0,none
286380__578325,W. Saliba + I. Diop,578325,W. Saliba,286380,I. Diop,1.0,1.0,0.4124856815578465,0.5819014891179839,1.7100738723729068,2.941903947566395,0.17656294072911694,0.53680623164123,0.3997383324279151,0.25870715785871085,-0.8420362259503498,-1.0580441351297123,0.030876917753023425,0.7348264160142126,-0.7039494982611891,0.06902110770744593,0.9326988911808789,-0.3492825310495227,0.2444637149980821,768,1609,1616,False,right,right,False,0,0.0,none
557788__623641,E. Agbadou + W. Fofana,623641,E. Agbadou,557788,W. Fofana,1.0,0.9861111111111112,0.41666666666666663,0.5972222222222223,2.1386519709670324,3.5842518145604734,0.17656294072911694,-1.051330348877223,0.4625438949488491,0.4657440570611431,-0.2653500729671715,-0.47476305565431587,0.0802836173190079,0.6540011950917152,-0.5737175777727073,0.17946299700124546,0.5852353023091548,-0.10483360505140019,0.24433536818308912,769,1629,1610,False,center,right,False,0,0.0,none
415917__568412,Gabriel Magalhaes + J. Gvardiol,415917,Gabriel Magalhaes,568412,J. Gvardiol,1.0,1.0,0.40193050193050195,0.6346203346203346,2.3414397719783278,3.683108507159915,0.17656294072911694,0.53680623164123,0.24118144290291368,0.9711238697795868,0.007517152914736702,-0.3849966824232494,0.31260310090385746,0.2736019017773702,0.03900119912648717,0.6987812860645269,-1.050082265037939,1.0452565294570457,0.2434172694122909,770,1609,1625,False,left,left,False,0,0.0,none
8653__604320,J. Branthwaite + H. Maguire,604320,J. Branthwaite,8653,H. Maguire,1.0,0.9954954954954955,0.40114050220433195,0.6185068046770175,2.676494111806724,4.334763782784964,0.17656294072911694,0.02173490822983895,0.229314292960471,0.7533735015712251,0.45835959892349004,0.2067359474228142,0.3401920223271104,0.22755875224434663,0.11263327008276376,0.7604525296879325,-1.2480194657916799,1.1834659684084685,0.24251361878815603,771,1623,1611,False,left,center,False,0,0.0,none
15806__192792,D. Burn + J. Vestergaard,192792,D. Burn,15806,J. Vestergaard,1.0,0.9979338842975207,0.3671659779614325,0.5724862258953167,2.8110818554944625,4.8175482072330205,0.17656294072911694,0.30055450891947755,-0.2810412933234853,0.13147389235286802,0.6394581860901464,0.6451261635587182,0.13607341504160694,0.5607795600965834,-0.4247061450549764,0.304173425302043,0.18448014833366538,0.17486498614393134,0.24240375437990738,772,1613,1631,False,left,left,False,0,0.0,none
240032__412968,J. Bednarek + M. Senesi,240032,J. Bednarek,412968,M. Senesi,1.0,1.0,0.40192307692307694,0.5496794871794872,2.572527952882713,4.71434308111251,0.17656294072911694,0.53680623164123,0.24106990656496638,-0.17672522791894058,0.3184648062894284,0.5514112149084395,0.22327718138524302,0.4168698435973001,-0.1935926622120571,0.4991054647446641,-0.4341805370024268,0.6086714020574078,0.24103285168308558,773,1619,1659,False,center,left,False,0,0.0,none
412027__623641,E. Konsa + E. Agbadou,412027,E. Konsa,623641,E. Agbadou,1.0,1.0,0.4444444444444444,0.5740740740740742,1.5964217313557003,2.7351048998977543,0.17656294072911694,0.53680623164123,0.8798137281358754,0.15293129658394924,-0.9949642831621208,-1.2458270763623336,0.13603063129082943,0.5592208192474353,-0.4231901879566058,0.30407778810489255,0.17777919925633104,0.17771047965401668,0.24091474976014893,774,1614,1629,False,right,center,False,0,0.0,none
240032__558243,J. Bednarek + S. van den Berg,240032,J. Bednarek,558243,S. van den Berg,1.0,1.0,0.3769607843137255,0.5311274509803922,2.6358941427589446,5.052548750045222,0.17656294072911694,0.53680623164123,-0.13390651366554707,-0.4274283778543277,0.4037290892492824,0.8585173450850807,0.08539505977912813,0.6417524761266995,-0.5563574163475713,0.1908889244011984,0.5325786710981307,-0.07224810067112925,0.24076844339581255,775,1619,1669,False,center,left,False,0,0.0,none
475597__558243,S. van den Berg + S. Botman,558243,S. van den Berg,475597,S. Botman,1.0,1.0,0.3686274509803922,0.5019607843137255,3.1006645065626888,6.157257400186721,0.17656294072911694,0.53680623164123,-0.25908746362165486,-0.8215724560555921,1.0291148334153677,1.8616430454562183,0.15687334331626407,0.5249867022779933,-0.36811335896172936,0.3506688074264992,0.030608439828864437,0.2810912149198423,0.2407351786458774,776,1669,1613,False,left,right,True,0,0.0,none
240032__590703,I. Zabarnyi + J. Bednarek,590703,I. Zabarnyi,240032,J. Bednarek,1.0,1.0,0.43421985815602837,0.5759751773049646,2.4027340921950002,4.168965863392732,0.17656294072911694,0.53680623164123,0.7262229171968211,0.17862187648696945,0.08999356932850903,0.056183895540983644,0.3803567385066907,0.1585467400132949,0.22180999849339578,0.8502352348026068,-1.5446986603719697,1.388393715030527,0.2393867622958179,777,1659,1619,False,right,center,False,0,0.0,none
192792__447424,D. Burn + C. Bassey,192792,D. Burn,447424,C. Bassey,1.0,0.9979338842975207,0.37831793874574626,0.5663587749149246,2.671008133262528,4.588781128594986,0.17656294072911694,0.30055450891947755,-0.11351972794104706,0.04867051457949345,0.4509777754649922,0.4373952510224176,0.12910013452338223,0.567752840614808,-0.4386527060914258,0.2885856147060361,0.21445793308225233,0.14868690435000706,0.23836756814769516,778,1613,1616,False,left,left,False,0,0.0,none
7919__415917,Gabriel Magalhaes + M. Keane,415917,Gabriel Magalhaes,7919,M. Keane,1.0,1.0,0.3631336405529954,0.6463901689708141,3.000030059216657,4.642435598128313,0.17656294072911694,0.53680623164123,-0.3416139126032903,1.1301756587162037,0.8937031255190867,0.4861159497530438,0.3604742433722913,0.18886857572180693,0.1716056676504843,0.8057906484244943,-1.4143466027319296,1.2941587939069492,0.23742310217405815,779,1609,1623,False,left,left,False,0,0.0,none
349142__475597,N. Mazraoui + S. Botman,349142,N. Mazraoui,475597,S. Botman,1.0,1.0,0.40784313725490196,0.5019607843137255,2.561885526381679,5.012352067302075,0.17656294072911694,0.53680623164123,0.3299993597012056,-0.8215724560555921,0.3041445691671394,0.8220169288675085,0.15034558018315997,0.5315144654110975,-0.38116888522793746,0.33607688973890726,0.0586709675849944,0.25658563009744,0.23695686116443995,780,1611,1613,False,right,right,False,0,0.0,none
479155__619747,N. Collins + L. Colwill,479155,N. Collins,619747,L. Colwill,0.9964285714285714,0.9833668678739101,0.4209590878604963,0.5981220657276995,2.871052631578948,4.802631578947368,-2.8384737166366527,-1.365123129977647,0.527023418467488,0.47790410239800196,0.7201536678822046,0.6315811866145217,0.03086050112557409,0.7261782745597369,-0.6953177734341629,0.06898441059213033,0.895520962898767,-0.33308054419742444,0.2365323853262104,781,1669,1610,False,right,left,True,0,0.0,none
415847__424806,E. Pinnock + C. Romero,424806,E. Pinnock,415847,C. Romero,1.0,0.9805194805194806,0.36923421406180024,0.5722122704881325,2.9685178923568207,5.155758366819416,0.17656294072911694,-1.6907100111638727,-0.24997284215017934,0.12777179287516932,0.8513009814567211,0.9522363714531539,0.009567941142819059,0.760569979160598,-0.7510020380177789,0.021387817962898317,1.0433691836848258,-0.4376014529070837,0.23618437350548016,782,1669,1624,False,left,right,True,0,0.0,none
518805__620468,J. Greaves + L. Woolfenden,620468,J. Greaves,518805,L. Woolfenden,1.0,0.9954954954954955,0.370978120978121,0.502895752895753,2.3271801604936004,4.307545402794865,0.17656294072911694,0.02173490822983895,-0.22377637121977262,-0.8089377476015231,-0.011670296273957992,0.18202042040395922,-0.20382799695202722,1.1075942061223545,-1.3114222030743816,-0.45562948490999994,2.535209007311031,-1.4895256427825858,0.23484283118179206,783,1634,1634,True,left,right,True,11,853.0,high
234399__769441,L. Yoro + A. Webster,769441,L. Yoro,234399,A. Webster,1.0,0.986842105263158,0.4195906432748538,0.6059941520467836,1.9999517444385466,3.226849394392704,0.17656294072911694,-0.9677442130604601,0.5064670352843256,0.5842836294525005,-0.45198233513126596,-0.7993007090882884,0.06727463982836096,0.6647131777298799,-0.597438537901519,0.15038321501886986,0.6312855807854405,-0.14935850497902708,0.2347055807492617,784,1611,1651,False,right,left,True,0,0.0,none
258154__578325,W. Saliba + Rúben Dias,578325,W. Saliba,258154,Rúben Dias,1.0,0.9939024390243902,0.44487050540608497,0.5297334674377672,1.6051892185420813,3.0575931172438437,0.17656294072911694,-0.16042446224492046,0.8862138940459603,-0.44626599014355073,-0.9831669270362969,-0.9529931071114363,-0.020238837030792572,0.8069523764016839,-0.8271912134324765,-0.04524113973257331,1.2427647933957517,-0.5806106478337038,0.23408673858569815,785,1609,1625,False,right,right,False,0,0.0,none
447424__475597,C. Bassey + S. Botman,447424,C. Bassey,475597,S. Botman,1.0,1.0,0.40490196078431373,0.5313725490196078,2.4246538653255265,4.5559209302671615,0.17656294072911694,0.53680623164123,0.2858178479519912,-0.42411624274339277,0.11948837945150237,0.4075566963431262,0.14522884202359104,0.5366312035706663,-0.3914023615470753,0.32463912453037,0.08066756943710035,0.23737711127918518,0.23399525535215215,786,1616,1613,False,left,right,True,0,0.0,none
412027__475597,E. Konsa + S. Botman,412027,E. Konsa,475597,S. Botman,1.0,1.0,0.4111111111111111,0.5351851851851852,2.270595361976363,4.250332122796968,0.17656294072911694,0.53680623164123,0.3790899283114442,-0.37259414101773697,-0.08780967409395446,0.13006815990426168,0.12933492881882577,0.562535125110702,-0.4332001962918761,0.28911046509701516,0.1920272346681182,0.15892141643809413,0.23394768623656187,787,1614,1613,False,right,right,False,0,0.0,none
240032__424241,N. Milenković + J. Bednarek,424241,N. Milenković,240032,J. Bednarek,0.9967741935483871,0.9935483870967742,0.4217741935483871,0.6151881720430108,2.5996861790700656,4.227296016395543,-2.5466959756012724,-0.20090882511573044,0.5392677029864639,0.7085271221282805,0.355008374505366,0.10915032752846324,0.1198549293278694,0.576866786143359,-0.45701185681548967,0.26791922861526657,0.25363832981965556,0.1142262693543649,0.23289636712440293,788,1642,1619,False,right,center,False,0,0.0,none
413002__769441,K. Mavropanos + L. Yoro,413002,K. Mavropanos,769441,L. Yoro,1.0,1.0,0.42446941323345816,0.5897315855181025,1.9770544097729257,3.2864361682933225,0.17656294072911694,0.53680623164123,0.5797545222485754,0.3645192536707699,-0.48279253258466004,-0.7451932081700522,0.20021665005348585,0.4454438581396919,-0.24522720808620602,0.44755681505199013,-0.3113422752809703,0.5117519276613219,0.23272611047396835,789,1633,1611,False,right,right,False,0,0.0,none
8360__288080,C. Burgess + C. Dawson,288080,C. Burgess,8360,C. Dawson,1.0,1.0,0.38164251207729466,0.6080917874396135,2.176250614716076,3.6332834207668285,0.17656294072911694,0.53680623164123,-0.0635789382000102,0.6126300489373899,-0.21475808683408,-0.4302401270886962,0.0963725729205275,0.6146514559160937,-0.5182788829955662,0.21542764691725078,0.4160727384574798,-0.000773637677975584,0.2323809174602742,790,1634,1629,False,left,left,False,0,0.0,none
8360__364003,S. Bueno + C. Dawson,364003,S. Bueno,8360,C. Dawson,1.0,1.0,0.39555555555555555,0.5938888888888889,2.0924847501392425,3.57913055901927,0.17656294072911694,0.53680623164123,0.14541882172670928,0.4206990195524265,-0.32747176574717707,-0.47941338861847893,0.1093112050279438,0.5918781715027208,-0.48256696647477715,0.24435018145959622,0.3181715259107843,0.06625861989833488,0.23087827248270038,791,1629,1629,True,center,left,False,8,526.0,high
192792__364003,D. Burn + S. Bueno,192792,D. Burn,364003,S. Bueno,1.0,0.9979338842975207,0.36341597796143255,0.5483195592286502,2.937072567645816,5.224526205417925,0.17656294072911694,0.30055450891947755,-0.3373727208037339,-0.19510262958532215,0.8089887788584504,1.0146806967042532,0.11342715326568104,0.5834258218725092,-0.4699986686068282,0.2535508182882936,0.28183529690464204,0.08984966350669768,0.22929593091687897,792,1613,1629,False,left,center,False,0,0.0,none
479155__545267,N. Collins + R. Drăgușin,479155,N. Collins,545267,R. Drăgușin,1.0,0.9976525821596245,0.4032342201356286,0.5573813249869588,2.6655277697004944,4.720547916753209,0.17656294072911694,0.2683887814127616,0.26076552491005234,-0.07264635604185943,0.44360350741465143,0.5570454878879865,0.24347890962533064,0.37071183624730764,-0.12723292662197697,0.5442636528736938,-0.6326115057760812,0.7332304658696408,0.22899446787795072,793,1669,1624,False,right,right,False,0,0.0,none
496001__534563,M. Kilman + C. Richards,496001,M. Kilman,534563,C. Richards,1.0,1.0,0.36406436827421285,0.5697489039457951,2.8670854460670365,5.023217978305701,0.17656294072911694,0.53680623164123,-0.3276327869681928,0.09448306138597787,0.7148155020763935,0.831883670278728,0.16597274641469462,0.49684626533713105,-0.33087351892243644,0.37100927295980946,-0.09036589343359884,0.35099142730864874,0.22859315391155482,794,1633,1628,False,left,right,True,0,0.0,none
365443__625787,M. de Ligt + M. van de Ven,365443,M. de Ligt,625787,M. van de Ven,1.0,0.9946236559139785,0.4431977559607293,0.5781907433380085,2.293806034678924,3.9719519410185224,0.17656294072911694,-0.0779563156562349,0.8610863302929792,0.20856195300541855,-0.05657785521916909,-0.12271370686231106,0.3321952197418081,0.22532186251270242,0.10687335722910571,0.7425767761243738,-1.257635743052619,1.1726544522637454,0.2285285555991503,795,1611,1624,False,right,left,True,0,0.0,none
424806__501419,E. Pinnock + J. Todibo,424806,E. Pinnock,501419,J. Todibo,1.0,1.0,0.3735632183908046,0.5558076225045372,2.380781686416322,4.083877076320743,0.17656294072911694,0.53680623164123,-0.1849437772379156,-0.09391260224633058,0.060454849364144136,-0.021080593258291147,-0.005215757166709384,0.7753536774701264,-0.7805694346368358,-0.011659108595579594,1.1069235645178976,-0.4931002762445483,0.22762745980866983,796,1669,1633,False,left,right,True,0,0.0,none
415917__625787,Gabriel Magalhaes + M. van de Ven,415917,Gabriel Magalhaes,625787,M. van de Ven,1.0,1.0,0.4031055900621118,0.5955486542443065,2.3946517006408694,4.023326148206683,0.17656294072911694,0.53680623164123,0.2588332807345619,0.4431282773595615,0.07911806423959956,-0.07606359005546327,0.2548155715964373,0.34874986142967757,-0.09393428983324023,0.5696052032580106,-0.7270249388820847,0.795732930470308,0.22584170605844148,797,1609,1624,False,left,left,False,0,0.0,none
364003__475597,S. Bueno + S. Botman,364003,S. Bueno,475597,S. Botman,1.0,1.0,0.39,0.5133333333333333,2.690718299708814,5.191666007090101,0.17656294072911694,0.53680623164123,0.06196485508930438,-0.6678893869082083,0.47749938284496063,0.9848421420249618,0.12955586076588982,0.5523041848283674,-0.42274832406247775,0.2896043281126275,0.1480449332594896,0.1785398704358757,0.22492361812133577,798,1629,1613,False,center,right,False,0,0.0,none
8360__50102,F. Schär + C. Dawson,50102,F. Schär,8360,C. Dawson,1.0,1.0,0.37606837606837606,0.5884809634809635,2.1827145272830375,3.8099340466220393,0.17656294072911694,0.53680623164123,-0.14731201509372743,0.34761895869912496,-0.2060603748331897,-0.2698333241191433,0.03140911505716231,0.7116962743733695,-0.6802871593162072,0.07021076166657485,0.8332635672323658,-0.30486766470946935,0.2241109180611033,799,1613,1629,False,right,left,True,0,0.0,none
365443__590703,I. Zabarnyi + M. de Ligt,590703,I. Zabarnyi,365443,M. de Ligt,1.0,0.9946236559139785,0.4350263097689316,0.586593456874857,2.333909006776726,3.982776069498761,0.17656294072911694,-0.0779563156562349,0.7383372026764443,0.32211211693812103,-0.0026160947415882554,-0.1128849058827446,0.3210202020321552,0.23846264041826865,0.08255756161388653,0.7175965592795422,-1.20114419499966,1.1270130296337544,0.22385762706662404,800,1659,1611,False,right,right,False,0,0.0,none
258154__424806,Rúben Dias + E. Pinnock,258154,Rúben Dias,424806,E. Pinnock,1.0,0.9939024390243902,0.3837258200168209,0.5445752733389403,2.4650187228568896,4.338600099355107,0.17656294072911694,-0.16042446224492046,-0.03228408216949144,-0.24570107908892258,0.17380252775220784,0.21021949735770162,-0.011733467830085546,0.7818713881335027,-0.7936048559635881,-0.026228555368122037,1.1349428772086207,-0.517568123538096,0.22385496077090594,801,1625,1669,False,right,left,True,0,0.0,none
192792__288080,D. Burn + C. Burgess,192792,D. Burn,288080,C. Burgess,1.0,0.9979338842975207,0.3495029344831716,0.5625224577793748,3.020838432222649,5.278679067165484,0.17656294072911694,0.30055450891947755,-0.5463704807304534,-0.0031716002003587818,0.9217024577715476,1.063853958234036,0.10048852115826479,0.5963644539799255,-0.49587593282166076,0.2246282837459483,0.3374578302651716,0.04127732101678616,0.22180695515588286,802,1613,1634,False,left,left,False,0,0.0,none
9433__415917,J. Tarkowski + Gabriel Magalhaes,9433,J. Tarkowski,415917,Gabriel Magalhaes,1.0,0.9970588235294118,0.35042016806722687,0.6532212885154062,3.018714917669122,4.615955650290209,0.17656294072911694,0.20049495576673537,-0.5325920601644113,1.2224880695500047,0.9188450988848137,0.4620709527146965,0.27983004260623395,0.3025287472470327,-0.02269870464079879,0.6255216166650082,-0.9257272007781762,0.9294440991901165,0.22093146793707452,803,1623,1609,False,right,left,True,0,0.0,none
590703__590874,I. Zabarnyi + Toti,590703,I. Zabarnyi,590874,Toti,1.0,0.9943820224719101,0.45079289186389354,0.5666586979042154,2.0480003754687015,3.619268394160954,0.17656294072911694,-0.10558609306286465,0.97517828958144,0.052723527270192846,-0.38732905425717856,-0.4429664086996325,0.25655879256562775,0.33991081843767107,-0.08335202587204324,0.5735019342476375,-0.7650235433416882,0.8155961333643484,0.22036313079418202,804,1659,1629,False,right,left,True,0,0.0,none
136441__239411,B. Davies + T. Mings,136441,B. Davies,239411,T. Mings,1.0,0.9918032786885246,0.35672465707594514,0.5470893275342924,3.0987566607460035,5.704499703966844,0.17656294072911694,-0.4004547011237593,-0.43788782939250853,-0.21172737943034875,1.0265476740852053,1.4505184642729239,0.08103860532716123,0.6259938548749857,-0.5449552495478245,0.18115066897178977,0.4648331452177728,-0.05084591741379125,0.21985609456846847,805,1624,1614,False,left,left,False,0,0.0,none
240032__346131,J. Bednarek + T. Chalobah,240032,J. Bednarek,346131,T. Chalobah,1.0,1.0,0.4287037037037037,0.5797839506172839,2.3676175720014583,4.079816806416332,0.17656294072911694,0.53680623164123,0.6433608226632271,0.23009177750165627,0.04274147921237782,-0.024767503006880312,0.3464660322506641,0.19243744626932152,0.1540285859813426,0.774477216936671,-1.3990042064538286,1.2611661242136312,0.21977057137491318,806,1619,1628,False,center,right,False,0,0.0,none
285382__424806,W. Faes + E. Pinnock,285382,W. Faes,424806,E. Pinnock,1.0,1.0,0.35147486497714997,0.5900498545907769,2.4475060004155686,4.0343304901875126,0.17656294072911694,0.53680623164123,-0.5167487048324183,0.3688201863657163,0.15023775725628996,-0.06607114702061523,-0.019832543294786467,0.7899704635982034,-0.8098030068929899,-0.0443329259031346,1.1697603982173947,-0.5479725019961251,0.21916715611442605,807,1631,1669,False,right,left,True,0,0.0,none
399581__424241,N. Milenković + D. O'Shea,424241,N. Milenković,399581,D. O'Shea,0.9967741935483871,0.9935483870967742,0.36837182668448176,0.6152128268753578,3.1235521235521233,5.112451737451737,-2.5466959756012724,-0.20090882511573044,-0.2629273786849257,0.7088602954826351,1.0599119549572442,0.9129119822491755,0.025264987953606877,0.7162051524279784,-0.6909401644743717,0.05647640961839464,0.8526470088457412,-0.32486365079182217,0.2190595773045552,808,1642,1634,False,right,right,False,0,0.0,none
424806__549884,T. Harwood-Bellis + E. Pinnock,549884,T. Harwood-Bellis,424806,E. Pinnock,1.0,1.0,0.34510793383795907,0.5628679562657696,2.6848463571100765,4.667651846234948,0.17656294072911694,0.53680623164123,-0.6123909234295032,0.001497297483298854,0.4695982138423629,0.5090134499577007,-0.02135936939450714,0.7914972896979242,-0.8128566590924313,-0.04774593589079889,1.1763241473805515,-0.5537042918501439,0.21828341789873718,809,1619,1669,False,right,left,True,0,0.0,none
9097__479155,N. Collins + L. Dunk,479155,N. Collins,9097,L. Dunk,1.0,0.9976525821596245,0.39518269034496833,0.5807307613798733,2.78427813110321,4.772184385797987,0.17656294072911694,0.2683887814127616,0.1398177471746827,0.24288651539600564,0.6033916284300187,0.6039337503892359,0.29291080610795434,0.277398041814499,0.015512764293455286,0.6547618664130402,-1.0337628485723138,1.0011680859573635,0.21748569582629868,810,1669,1651,False,right,left,True,0,0.0,none
288080__475597,C. Burgess + S. Botman,288080,C. Burgess,475597,S. Botman,1.0,1.0,0.3760869565217391,0.527536231884058,2.7744841642856475,5.2458188688376595,0.17656294072911694,0.53680623164123,-0.1470329048374151,-0.475958357523245,0.5902130617580578,1.0340154035547446,0.11661722865847354,0.5652428169357839,-0.44862558827731025,0.2606817935702821,0.20366746662002014,0.1299675279459643,0.21743464236033996,811,1634,1613,False,left,right,True,0,0.0,none
15806__496001,M. Kilman + J. Vestergaard,496001,M. Kilman,15806,J. Vestergaard,1.0,1.0,0.39210924006908465,0.5713514680483592,2.396783113635255,4.140589373212377,0.17656294072911694,0.53680623164123,0.09364925615332412,0.11613932941901431,0.08198605111103074,0.030416751794442864,0.1426816056205999,0.5201374061312258,-0.3774558005106259,0.3189451274956446,0.009761557835515822,0.2635551930731095,0.21511206971309893,812,1633,1631,False,left,left,False,0,0.0,none
349142__496001,M. Kilman + N. Mazraoui,496001,M. Kilman,349142,N. Mazraoui,1.0,1.0,0.40620237732398656,0.5358122523620847,2.393941052459473,4.368253431609255,0.17656294072911694,0.53680623164123,0.30535233328497674,-0.3641202616665597,0.07816183020151357,0.23714607178252467,0.1408250632619441,0.5219939484898816,-0.38116888522793746,0.314795082108175,0.01774274073199635,0.25658563009744,0.2140374892931744,813,1633,1611,False,left,right,True,0,0.0,none
145787__534563,J. Andersen + C. Richards,145787,J. Andersen,534563,C. Richards,1.0,0.9963503649635037,0.36801656372824254,0.579449747332959,2.7393876459297024,4.736303848453382,0.17656294072911694,0.11948567033711163,-0.2682640372064742,0.22557551765827047,0.5429878857161966,0.571352590507044,0.11941099352414487,0.5561790254300999,-0.4367680319059549,0.2669268711147819,0.16470267952256332,0.15222449005684988,0.21331913742552994,814,1616,1628,False,right,right,False,1,84.0,low
8360__349142,C. Dawson + N. Mazraoui,8360,C. Dawson,349142,N. Mazraoui,1.0,1.0,0.4133986928104575,0.582516339869281,1.9636519768121068,3.3998166192312436,0.17656294072911694,0.53680623164123,0.4134533263386105,0.26701595040504267,-0.5008265794249983,-0.6422386017759323,0.13010092444521393,0.5385234094539602,-0.4084224850087462,0.29082274308587597,0.08880206804520091,0.20542986758535609,0.21313796547356947,815,1629,1611,False,left,right,True,0,0.0,none
8653__590703,I. Zabarnyi + H. Maguire,590703,I. Zabarnyi,8653,H. Maguire,1.0,1.0,0.41666666666666663,0.5833333333333334,2.5698551102942493,4.39281040259457,0.17656294072911694,0.53680623164123,0.46254389494884907,0.27805640077482663,0.3148682825404851,0.259444918374775,0.36201329484264744,0.15884726761931037,0.20316602722333713,0.8092309865486697,-1.54340670720006,1.3533984639721754,0.212273173908752,816,1659,1611,False,right,center,False,0,0.0,none
447424__496001,M. Kilman + C. Bassey,496001,M. Kilman,447424,C. Bassey,1.0,1.0,0.40326120085339834,0.5652240170679671,2.2567093914033207,3.911822294574342,0.17656294072911694,0.53680623164123,0.2611708215357624,0.03333595164563974,-0.10649435951412345,-0.17731416074185768,0.13570832510237518,0.5271106866494505,-0.3914023615470753,0.3033573168996377,0.03973934258410278,0.23737711127918518,0.2110758834808867,817,1633,1616,False,left,left,False,0,0.0,none
9433__604320,J. Tarkowski + J. Branthwaite,9433,J. Tarkowski,604320,J. Branthwaite,1.0,0.9925543190249073,0.35839957604663486,0.6447270800211977,2.972370748368471,4.59628763697725,0.17656294072911694,-0.31457636764465563,-0.412727675650455,1.1077014874814621,0.8564853077642138,0.44421150205596927,0.23617821469730832,0.3628233891408289,-0.12664517444352058,0.5279439523453962,-0.6665235459902383,0.7343336930065655,0.2108816509769397,818,1623,1623,True,right,left,True,26,2119.0,very_high
590874__625787,Toti + M. van de Ven,590874,Toti,625787,M. van de Ven,1.0,0.9943820224719101,0.45896433805569126,0.5582559843673669,2.0078974033708996,3.6084442656807156,0.17656294072911694,-0.10558609306286465,1.097927417197975,-0.060826636662509606,-0.4412908147347594,-0.45279520967919895,0.26773381027528065,0.3105815123888305,-0.042847702113549796,0.5984821510924689,-0.8911087655351323,0.891623872215974,0.2102332203288896,819,1629,1624,False,left,left,False,0,0.0,none
239411__496001,M. Kilman + T. Mings,496001,M. Kilman,239411,T. Mings,1.0,0.9918032786885246,0.36256689034230866,0.5874033806166652,2.9574308918597687,5.031144473549804,0.17656294072911694,-0.4004547011237593,-0.3501274721746814,0.33305703053680624,0.8363825344204845,0.839081288485312,0.13104312381836244,0.5317758879334632,-0.4007327641151008,0.2929289003434151,0.05979480995494216,0.21986368693337993,0.20837563054486619,820,1633,1614,False,left,left,False,0,0.0,none
501419__578325,W. Saliba + J. Todibo,578325,W. Saliba,501419,J. Todibo,1.0,1.0,0.43470790378006874,0.5409658166033641,1.5209521821015135,2.80287009420948,0.17656294072911694,0.53680623164123,0.733554198977536,-0.2944775133009587,-1.0965146054243606,-1.184293197727429,-0.013721126367416486,0.7668483082694194,-0.7805694346368358,-0.030671692960031027,1.0703594070256406,-0.4931002762445483,0.207151920378767,821,1609,1633,False,right,right,False,0,0.0,none
234399__590703,I. Zabarnyi + A. Webster,590703,I. Zabarnyi,234399,A. Webster,1.0,0.986842105263158,0.4065882792086599,0.6222471071295259,2.4394429096753143,3.934155673556268,0.17656294072911694,-0.9677442130604601,0.31114924102656877,0.8039181208513814,0.13938822295809639,-0.15703443682548474,0.195772521057607,0.4246226741287684,-0.22885015307116144,0.4376225752245612,-0.40085150567244954,0.5424921140489893,0.20705425872034364,822,1659,1651,False,right,left,True,0,0.0,none
136441__557788,B. Davies + W. Fofana,136441,B. Davies,557788,W. Fofana,1.0,0.9861111111111112,0.37585034013605445,0.5518707482993197,2.7862068965517244,5.128735632183909,0.17656294072911694,-1.051330348877223,-0.1505872885096381,-0.14711359611866562,0.6059869368000896,0.9276984993149072,0.014062879434587103,0.7188150940922331,-0.7047522146576459,0.031435634991010195,0.8638670177372398,-0.3507892519844436,0.20472007241978835,823,1624,1610,False,left,right,True,0,0.0,none
286380__475597,I. Diop + S. Botman,286380,I. Diop,475597,S. Botman,1.0,1.0,0.3611111111111111,0.5444444444444445,2.5630499318017703,4.742986280120885,0.17656294072911694,0.53680623164123,-0.37199577142520307,-0.24746903682685956,0.3057113699076069,0.5774205424016796,-0.0047566504008492855,0.7466767460067281,-0.7514333964075773,-0.01063283849345635,0.9836428680920207,-0.4384111245660058,0.20209421626767687,824,1616,1613,False,right,right,False,0,0.0,none
364003__496001,M. Kilman + S. Bueno,496001,M. Kilman,364003,S. Bueno,1.0,1.0,0.3883592400690846,0.5471848013816926,2.5227738257866084,4.547567371397282,0.17656294072911694,0.53680623164123,0.03731782867307554,-0.21043719251917586,0.2515166438793348,0.39997128493997797,0.12003534384467399,0.5427836679071516,-0.42274832406247775,0.26832252048189525,0.10711670640649201,0.1785398704358757,0.20200424625007035,825,1633,1629,False,left,center,False,0,0.0,none
412027__496001,M. Kilman + E. Konsa,496001,M. Kilman,412027,E. Konsa,1.0,1.0,0.4094703511801957,0.5690366532335445,2.102650888054157,3.6062334871041495,0.17656294072911694,0.53680623164123,0.3544429018952154,0.08485805337129551,-0.3137924130595803,-0.4548026971807222,0.11981441189760991,0.5430045998542158,-0.4231901879566058,0.2678286574662828,0.10806648181504858,0.17771047965401668,0.20187636920845933,826,1633,1614,False,left,right,True,0,0.0,none
7919__9433,J. Tarkowski + M. Keane,9433,J. Tarkowski,7919,M. Keane,1.0,0.9970588235294118,0.3421252371916509,0.6519924098671727,3.431007133333982,5.2626195782282466,0.17656294072911694,0.20049495576673537,-0.6571961393833943,1.2058816041090032,1.4736172921831152,1.0492712118368708,0.3748331766983522,0.12511175710929584,0.2497214195890565,0.8378880712174485,-1.6884339823555388,1.440784226391519,0.20057068618036644,827,1623,1623,True,right,left,True,9,810.0,high
9097__399581,D. O'Shea + L. Dunk,399581,D. O'Shea,9097,L. Dunk,1.0,1.0,0.3672498070491381,0.5784666838178544,2.8989397852385483,4.987409949707761,0.17656294072911694,0.53680623164123,-0.279782036743532,0.212290877784869,0.7576780663859085,0.7993683516364622,0.20945992505530478,0.39320197299433224,-0.18374204793902746,0.46821888645993054,-0.5359275309085053,0.6271612781986171,0.1987634395971371,828,1634,1651,False,right,left,True,0,0.0,none
285382__578325,W. Saliba + W. Faes,578325,W. Saliba,285382,W. Faes,1.0,1.0,0.41261955036641407,0.5752080486896037,1.5876764961007606,2.75332350807625,0.17656294072911694,0.53680623164123,0.4017492713830334,0.16825527531108814,-1.006731697532215,-1.2292837514897532,-0.028337912495493528,0.7814650943974965,-0.8098030068929899,-0.06334551026758593,1.1331962407251377,-0.5479725019961251,0.1986916166845233,829,1609,1631,False,right,right,False,0,0.0,none
9433__399581,J. Tarkowski + D. O'Shea,9433,J. Tarkowski,399581,D. O'Shea,1.0,0.9970588235294118,0.3363035154890358,0.6252697528715628,3.510560281607509,5.635926958052215,0.17656294072911694,0.20049495576673537,-0.7446483777570068,0.8447646780990647,1.5806624239480205,1.3882512920522891,0.3219562858518778,0.20913904465707867,0.1128172411947991,0.7196890460575641,-1.3272048689516283,1.1838112872871505,0.1984453198007237,830,1623,1634,False,right,right,False,0,0.0,none
424241__590874,N. Milenković + Toti,424241,N. Milenković,590874,Toti,0.9967741935483871,0.9879304095686843,0.4383472272562523,0.6058716926422616,2.244952462343767,3.6775985471637647,-2.5466959756012724,-0.8433011498198251,0.7882230753710828,0.582628772911504,-0.1223142490803216,-0.3899999767121529,-0.003943016613193517,0.7395344813456028,-0.7434774979587964,-0.008814071939702588,0.9529386289510487,-0.4234776825660727,0.19677901620224875,831,1642,1629,False,right,left,True,0,0.0,none
8360__504375,M. Lacroix + C. Dawson,504375,M. Lacroix,8360,C. Dawson,1.0,0.9964788732394366,0.3736306729264476,0.6077856025039123,2.1967200929062454,3.6749227470669954,0.17656294072911694,0.13418005629852428,-0.18393049449583948,0.608492415363411,-0.18721476469563103,-0.39242972490483796,0.02107192250707407,0.6975141867663188,-0.6764422642592447,0.047103387863942935,0.7722954807688076,-0.2976506900712653,0.1957102001483607,832,1628,1629,False,center,left,False,0,0.0,none
136441__545267,B. Davies + R. Drăgușin,136441,B. Davies,545267,R. Drăgușin,1.0,1.0,0.41288737717309143,0.5194633408919123,2.694475138121547,5.184583004472508,0.17656294072911694,0.53680623164123,0.4057724890730634,-0.5850514607867376,0.482554509783843,0.978410453488266,0.2665712180716624,0.2962387566977608,-0.029667538626098416,0.5958833359403992,-0.9527675560691928,0.9163634045587541,0.1953840820611926,833,1624,1624,True,left,right,True,6,407.0,medium
9097__240032,J. Bednarek + L. Dunk,240032,J. Bednarek,9097,L. Dunk,1.0,1.0,0.4206521739130435,0.5784420289855072,2.3750738407564898,4.102254228651566,0.17656294072911694,0.53680623164123,0.5224130449278576,0.21195770443051448,0.052774485934030294,-0.004393303084249983,0.3040498664295673,0.2348536120904183,0.06919625433914896,0.6796617054568025,-1.2166592275702117,1.1019334853792462,0.19521978153318698,834,1619,1651,False,center,left,False,0,0.0,none
413002__590703,I. Zabarnyi + K. Mavropanos,590703,I. Zabarnyi,413002,K. Mavropanos,1.0,1.0,0.4114670491672643,0.6059845406008447,2.4165455750096934,3.993742447456887,0.17656294072911694,0.53680623164123,0.3844367279908186,0.5841537450696509,0.10857802550470234,-0.10292693590724845,0.32871453128273187,0.19453185435493314,0.13418267692779876,0.7347961752576815,-1.3900004506745973,1.223914802606773,0.1951809129478162,835,1659,1633,False,right,right,False,0,0.0,none
288080__496001,M. Kilman + C. Burgess,496001,M. Kilman,288080,C. Burgess,1.0,1.0,0.37444619659082373,0.5613876999324172,2.6065396903634417,4.601720233144841,0.17656294072911694,0.53680623164123,-0.17167993125364395,-0.018506163134212494,0.36423032279243195,0.4491445464697607,0.10709671173725768,0.555722300014568,-0.44862558827731025,0.23939998593954975,0.1627392397670221,0.1299675279459643,0.19451527048907435,836,1633,1634,False,left,left,False,0,0.0,none
488453__620468,J. Greaves + L. Martínez,620468,J. Greaves,488453,L. Martínez,1.0,0.9954954954954955,0.35684121621621623,0.5430743243243243,2.133979695742334,3.5717554785207843,0.17656294072911694,0.02173490822983895,-0.43613691132388416,-0.26598417048753664,-0.2716369934464229,-0.48611029715575627,-0.2753715468975102,1.1791377560678376,-1.4545093029653475,-0.6155552620247378,2.842771156117501,-1.7581040969844206,0.19343289642599726,837,1634,1611,False,left,left,False,0,0.0,none
192792__239411,D. Burn + T. Mings,192792,D. Burn,239411,T. Mings,1.0,0.9897371629860452,0.3376236282346565,0.5885381384636228,3.371729633718976,5.708103307570448,0.17656294072911694,-0.6367064238455118,-0.7248180216514908,0.34839159347065995,1.3938546693996001,1.4537907002495873,0.12443493323936948,0.5251676973544703,-0.4007327641151008,0.2781571981498135,0.03138652862494873,0.21986368693337993,0.19246729504906734,838,1613,1614,False,left,left,False,0,0.0,none
346131__365443,M. de Ligt + T. Chalobah,365443,M. de Ligt,346131,T. Chalobah,1.0,0.9946236559139785,0.4295101553166069,0.5904022301871764,2.298792486583184,3.8936270125223613,0.17656294072911694,-0.0779563156562349,0.6554751081428504,0.3735820179528078,-0.04986818485771947,-0.19383630443060856,0.2871294957761287,0.25616306696472246,0.030966428811406113,0.6418385414136067,-1.1250509451180593,1.030175042777005,0.1894389957267866,839,1611,1628,False,right,right,False,0,0.0,none
8360__15806,J. Vestergaard + C. Dawson,15806,J. Vestergaard,8360,C. Dawson,1.0,1.0,0.3993055555555556,0.6180555555555556,1.9664940379878892,3.1721525608343657,0.17656294072911694,0.53680623164123,0.20175024920695786,0.7472755414906167,-0.49700235851548114,-0.848967921764014,0.13195746680386972,0.5094132673144955,-0.3774558005106259,0.2949727884733456,-0.036340979445424436,0.2635551930731095,0.18929513901766737,840,1631,1629,False,left,left,False,0,0.0,none
590703__627012,Murillo + I. Zabarnyi,627012,Murillo,590703,I. Zabarnyi,1.0,1.0,0.4386316228619107,0.5860241969128077,1.8746580933898658,3.2357000013283788,0.17656294072911694,0.53680623164123,0.7924951848206426,0.31441941603530454,-0.6205749763639852,-0.7912639554339006,0.23938147313333266,0.3338883200434526,-0.09450684691011993,0.5351043965094179,-0.7909139632149097,0.7946582249603925,0.18920965428231457,841,1642,1659,False,left,right,True,0,0.0,none
234399__413002,K. Mavropanos + A. Webster,413002,K. Mavropanos,234399,A. Webster,1.0,0.986842105263158,0.39961561206386753,0.6679479597871083,2.574216982759462,3.8553692378295867,0.17656294072911694,-0.9677442130604601,0.20640782939702595,1.4214971074937095,0.3207375312492231,-0.22857610395006994,0.30267705384694316,0.2300908197738353,0.0725862340731078,0.6765929715279388,-1.2371342339170237,1.1082965713416844,0.1888155298571992,842,1633,1651,False,right,left,True,0,0.0,none
534563__590874,Toti + C. Richards,590874,Toti,534563,C. Richards,1.0,0.9943820224719101,0.3906114952463267,0.5557476231633535,2.2155258394592003,4.0129104946252445,0.17656294072911694,-0.10558609306286465,0.07115056178876278,-0.09472340401856673,-0.16191012670975338,-0.08552147724804177,-0.019782966142288326,0.7553672417001328,-0.7751502078424212,-0.04422210298972811,1.0210028751323996,-0.48292823728001444,0.18760416358885296,843,1629,1628,False,left,right,True,0,0.0,none
424241__627012,N. Milenković + Murillo,424241,N. Milenković,627012,Murillo,0.9967741935483871,0.9935483870967742,0.4261859582542694,0.6252371916508539,2.071610180264931,3.2940301543311894,-2.5466959756012724,-0.20090882511573044,0.6055399706102854,0.8443246616766156,-0.35556017118712824,-0.738297523446421,-0.021120336045488575,0.7573120923861587,-0.7784324284316473,-0.04721160967792209,1.0293636911187138,-0.48908905633970273,0.18738549122871256,844,1642,1642,True,right,left,True,35,3099.0,very_high
415917__769441,Gabriel Magalhaes + L. Yoro,415917,Gabriel Magalhaes,769441,L. Yoro,1.0,1.0,0.40793650793650793,0.5876984126984127,1.9952635075019036,3.3268439975233575,0.17656294072911694,0.53680623164123,0.33140194737578377,0.337043949893383,-0.45829073337218196,-0.7085010613387005,0.11514267265753826,0.5342166831546984,-0.4190740104971601,0.25738562620748734,0.07028766673394876,0.18543665888415536,0.18686644490075938,845,1609,1611,False,left,right,True,0,0.0,none
8360__447424,C. Bassey + C. Dawson,447424,C. Bassey,8360,C. Dawson,1.0,1.0,0.41045751633986927,0.6119281045751634,1.8264203157559546,2.9433854821963306,0.17656294072911694,0.53680623164123,0.3692718145893961,0.6644721637172422,-0.6854827691406353,-1.0566988343003145,0.12498418628564503,0.5163865478327203,-0.3914023615470753,0.27938497787733874,-0.006363194696837004,0.23737711127918518,0.1852589527854553,846,1616,1629,False,left,left,False,0,0.0,none
50102__192792,D. Burn + F. Schär,192792,D. Burn,50102,F. Schär,1.0,0.9979338842975207,0.34392879847425306,0.5429116338207247,3.0273023447896112,5.455329693020694,0.17656294072911694,0.30055450891947755,-0.6301035576241706,-0.2681826904386237,0.9304001697724378,1.224260761203589,0.03552506329489958,0.6613279118432907,-0.6258028485483911,0.07941139849527232,0.6167324917766616,-0.20259910258595726,0.18420562626344317,847,1613,1613,True,left,right,True,33,2847.0,very_high
8360__557788,C. Dawson + W. Fofana,8360,C. Dawson,557788,W. Fofana,1.0,0.9861111111111112,0.38888888888888884,0.6388888888888888,2.2145920520181237,3.486943589388856,0.17656294072911694,-1.051330348877223,0.045274061761822804,1.0288070259200917,-0.16316661249114295,-0.5631233500311615,0.0533432591090581,0.6311041251390701,-0.577760866030012,0.11924152734033648,0.4868019419101549,-0.11242296922795299,0.18317675239762413,848,1629,1610,False,left,right,True,0,0.0,none
50102__475597,F. Schär + S. Botman,50102,F. Schär,475597,S. Botman,1.0,1.0,0.37051282051282053,0.5079254079254079,2.7809480768526096,5.42246949469287,0.17656294072911694,0.53680623164123,-0.23076598173113233,-0.7409694477615099,0.5989107737589481,1.1944222065242975,0.05165377079510837,0.630206274799149,-0.5785525040040406,0.1154649083196062,0.48294212813151005,-0.11390889565677913,0.1798333134679003,849,1613,1613,True,right,right,False,3,181.0,medium
15806__145787,J. Andersen + J. Vestergaard,145787,J. Andersen,15806,J. Vestergaard,1.0,0.9963503649635037,0.39606143552311435,0.581052311435523,2.269085313497921,3.8536752433600574,0.17656294072911694,0.11948567033711163,0.15301800591504275,0.2472317856913069,-0.0898415652491662,-0.23011432797724107,0.09611985273005016,0.5570397655014997,-0.4609199127714496,0.21486272565061706,0.16840295810987532,0.10689073995733459,0.17933039824973807,850,1616,1631,False,right,left,True,0,0.0,none
625787__627012,Murillo + M. van de Ven,627012,Murillo,625787,M. van de Ven,1.0,1.0,0.4468030690537084,0.5776214833759591,1.8345551212920639,3.2248758728481404,0.17656294072911694,0.53680623164123,0.9152443124371776,0.20086925210260206,-0.674536736841566,-0.8010927564134671,0.2505564908429856,0.30455901399461205,-0.054002523151626486,0.5600846133542495,-0.9169991854083539,0.870685963812018,0.1790797438170222,851,1642,1624,False,left,left,False,0,0.0,none
412968__568412,M. Senesi + J. Gvardiol,412968,M. Senesi,568412,J. Gvardiol,1.0,1.0,0.3931392931392932,0.5646569646569646,2.358250461852915,4.26686433137634,0.17656294072911694,0.53680623164123,0.10912241877339338,0.025673082508735512,0.030137282372051266,0.14508015723744,0.13369298838902116,0.49505011931049137,-0.36135713092147015,0.29885230854770933,-0.09808743551453362,0.2937728422969479,0.17875449207888416,852,1659,1625,False,left,left,False,0,0.0,none
558243__568412,S. van den Berg + J. Gvardiol,558243,S. van den Berg,568412,J. Gvardiol,1.0,1.0,0.36817700052994173,0.5461049284578696,2.4216166517291464,4.605070000309052,0.17656294072911694,0.53680623164123,-0.26585400145712007,-0.2250300674266516,0.11540156533190532,0.4521862874140812,-0.004189133217093743,0.7199327518398907,-0.7241218850569844,-0.009364231795756373,0.8686717725860237,-0.3871466604315891,0.17849008379161108,853,1669,1625,False,left,left,False,0,0.0,none
145787__349142,J. Andersen + N. Mazraoui,145787,J. Andersen,349142,N. Mazraoui,1.0,0.9963503649635037,0.4101545727780163,0.5455130957492487,2.2662432523221385,4.081339301756936,0.17656294072911694,0.11948567033711163,0.36472108304669537,-0.2330278053942671,-0.09366578615868337,-0.023385007989159268,0.09426331037139439,0.5588963078601555,-0.4646329974887612,0.21071268026314746,0.17638414100635633,0.09992117698166508,0.17825581782981365,854,1616,1611,False,right,right,False,0,0.0,none
136441__412968,B. Davies + M. Senesi,136441,B. Davies,412968,M. Senesi,1.0,1.0,0.38610675039246467,0.5140502354788069,3.0106796116504855,5.848308325978229,0.17656294072911694,0.53680623164123,0.003481572974802588,-0.6582015216983276,0.9080329511546084,1.5811032339822049,0.23523042950996187,0.3275795452594614,-0.09234911574949956,0.5258253087676071,-0.8180350709930246,0.7987083461812723,0.17724380232215065,855,1624,1659,False,left,left,False,0,0.0,none
8360__412027,E. Konsa + C. Dawson,412027,E. Konsa,8360,C. Dawson,1.0,1.0,0.41666666666666663,0.6157407407407407,1.6723618124067912,2.637796674726138,0.17656294072911694,0.53680623164123,0.4625438949488491,0.7159942654428979,-0.8927808226860922,-1.3341873707391791,0.10909027308087973,0.5322804610374856,-0.4231901879566058,0.24385631844398384,0.0619639445341088,0.17771047965401668,0.1760594385130279,856,1614,1629,False,right,left,True,0,0.0,none
8653__346131,T. Chalobah + H. Maguire,346131,T. Chalobah,8653,H. Maguire,1.0,1.0,0.41115051221434196,0.5871421066456528,2.5347385901007073,4.3036613456181705,0.17656294072911694,0.53680623164123,0.3796818004152551,0.3295263017895135,0.2676161924243539,0.17849351982691106,0.3281225885866209,0.1740940026052783,0.1540285859813426,0.7334729686827341,-1.477861754815947,1.2611661242136312,0.17561118273930926,857,1628,1611,False,right,center,False,0,0.0,none
145787__447424,C. Bassey + J. Andersen,447424,C. Bassey,145787,J. Andersen,1.0,0.9963503649635037,0.4072133963074281,0.5749248604551309,2.1290115912659866,3.6249081647220223,0.17656294072911694,0.11948567033711163,0.320539571297481,0.16442840791793234,-0.2783219758743204,-0.4378452405135416,0.08914657221182547,0.5640130460197245,-0.47486647380789904,0.1992749150546102,0.19838074285846277,0.08071265816341028,0.17529421201752599,858,1616,1616,True,left,right,True,25,2147.0,very_high
7919__424241,N. Milenković + M. Keane,424241,N. Milenković,7919,M. Keane,0.9967741935483871,0.9935483870967742,0.3741935483870968,0.6419354838709677,3.0439989752785963,4.7391443576277705,-2.5466959756012724,-0.20090882511573044,-0.17547514031131312,1.0699772214925736,0.9528668231923388,0.573931902033757,0.07814187880008133,0.5808554947220002,-0.5027136159219189,0.17467543477827913,0.2707855888296502,0.028442800233370088,0.17426195408470863,859,1642,1623,False,right,left,True,0,0.0,none
475597__504375,M. Lacroix + S. Botman,504375,M. Lacroix,475597,S. Botman,1.0,0.9964788732394366,0.36807511737089205,0.5272300469483568,2.794953642475817,5.287458195137827,0.17656294072911694,0.13418005629852428,-0.2673844611332444,-0.4800959910972239,0.6177563838965067,1.0718258057386028,0.04131657824502011,0.6405434673492374,-0.5992268891042172,0.09235753451697425,0.5273812027336803,-0.1527152897762357,0.17385007012334405,860,1628,1613,False,center,right,False,0,0.0,none
346131__590874,Toti + T. Chalobah,590874,Toti,346131,T. Chalobah,1.0,0.9943820224719101,0.44527673741156887,0.5704674712165348,2.0128838552751596,3.5301193371845545,0.17656294072911694,-0.10558609306286465,0.8923161950478461,0.10419342828487965,-0.43458114437330975,-0.5239178072474965,0.2226680863096012,0.3434356179492855,-0.12076753163968429,0.49774391638170185,-0.7498706062463074,0.7453661915323432,0.17298401462342736,861,1629,1628,False,left,right,True,0,0.0,none
365443__534563,M. de Ligt + C. Richards,365443,M. de Ligt,534563,C. Richards,1.0,0.9946236559139785,0.37484491315136476,0.575682382133995,2.501434470767225,4.376418169963051,0.17656294072911694,-0.0779563156562349,-0.165690525116233,0.17466518564936143,0.2228028328058369,0.24456002556884615,0.044678443324239085,0.6328725072672796,-0.5881940639430405,0.09987252204217657,0.49440412837808284,-0.13200637101608254,0.17185622533129663,862,1611,1628,False,right,right,False,0,0.0,none
145787__397074,M. Guéhi + J. Andersen,397074,M. Guéhi,145787,J. Andersen,1.0,0.9931245585118907,0.3963974570284907,0.5715093006828349,2.6586625205688863,4.655673156852005,0.17656294072911694,-0.24937185804136858,0.1580656248648858,0.11827220250103171,0.4343657649262571,0.4981362551649795,0.1866650077271277,0.40051023848300804,-0.21384523075588033,0.41726398038170504,-0.5045096624988709,0.5706567693109083,0.1714104453033729,863,1628,1616,False,left,right,True,1,90.0,low
365443__604320,J. Branthwaite + M. de Ligt,604320,J. Branthwaite,365443,M. de Ligt,1.0,0.990119151409474,0.4195001453065969,0.6217669282185412,2.440548008289201,3.9247294496891545,0.17656294072911694,-0.5930276390676259,0.5051076006880661,0.7974292177345195,0.1408752216414167,-0.16559387683470542,0.2991989295166181,0.21664058947682616,0.08255834003979198,0.668818102418805,-1.294956102348801,1.1270144907607642,0.17132511865691508,864,1623,1611,False,left,right,True,0,0.0,none
366217__625787,M. van de Ven + K. Danso,625787,M. van de Ven,366217,K. Danso,1.0,1.0,0.4369034994697773,0.5644220572640508,2.374367684525348,4.201147860281357,0.17656294072911694,0.53680623164123,0.7665358094764069,0.022498658811272998,0.05182429617473515,0.08540661246649045,0.360438487988891,0.11627845407618932,0.24416003391270166,0.8057107221770453,-1.7264079110184465,1.4303453512636157,0.1710020580357119,865,1624,1624,True,left,right,True,2,95.0,low
239411__627012,Murillo + T. Mings,627012,Murillo,239411,T. Mings,1.0,0.9918032786885246,0.37695274831243974,0.5927675988428158,2.132529003173097,3.637268597036772,0.17656294072911694,-0.4004547011237593,-0.1340272281785232,0.4055464538973733,-0.27358901647246897,-0.4266214057757259,-0.07188990817091562,0.8221839992467906,-0.8940739074177063,-0.16070001334434209,1.308244779440902,-0.7061513190549081,0.17089316334911792,866,1642,1614,False,left,left,False,0,0.0,none
145787__424241,N. Milenković + J. Andersen,424241,N. Milenković,145787,J. Andersen,0.9967741935483871,0.9898987520602778,0.41575229573816813,0.6295738168118672,2.768814268814269,4.400991900991901,-2.5466959756012724,-0.6182293864198488,0.44880847637584587,0.9029276945883411,0.5825837633456283,0.2668740910429329,0.13525094305323965,0.4838275849661281,-0.3485766419128884,0.30233490216480735,-0.14633255028220943,0.3177621745601923,0.17082012090977933,867,1642,1616,False,right,right,False,0,0.0,none
412968__479155,N. Collins + M. Senesi,479155,N. Collins,412968,M. Senesi,1.0,0.9976525821596245,0.37645359335500184,0.5519682195738533,2.981732243229433,5.384273238258931,0.17656294072911694,0.2683887814127616,-0.14152539118820848,-0.14579641695344941,0.8690819487854169,1.1597382683819253,0.2121381210636301,0.35817072685882334,-0.14603260579519323,0.47420562570090186,-0.6865251088175633,0.6979429467593897,0.17073386955705988,868,1669,1659,False,right,left,True,0,0.0,none
496001__557788,M. Kilman + W. Fofana,496001,M. Kilman,557788,W. Fofana,1.0,0.9861111111111112,0.3816925734024179,0.5921848013816926,2.6448811276654896,4.455380401766868,0.17656294072911694,-1.051330348877223,-0.06282693129181094,0.39767081384848935,0.415821797135369,0.3162613235272954,0.06406739792578833,0.5987516138260374,-0.534684215900249,0.14321386636263558,0.34772011124471686,-0.03156690244862012,0.1696095860650088,869,1633,1610,False,left,right,True,0,0.0,none
366217__424241,N. Milenković + K. Danso,424241,N. Milenković,366217,K. Danso,0.9967741935483871,0.9935483870967742,0.4162863886703383,0.6120377655389457,2.611422743498215,4.270302141764406,-2.5466959756012724,-0.20090882511573044,0.4568314676495147,0.6659540683852866,0.37080086182917293,0.1482018454335365,0.08876166110041672,0.5580649932159619,-0.4693033321155452,0.19841449914487344,0.17281036086129356,0.09115482938203673,0.16928132370723215,870,1642,1624,False,right,right,False,0,0.0,none
9097__365443,M. de Ligt + L. Dunk,365443,M. de Ligt,9097,L. Dunk,1.0,0.9946236559139785,0.4214586255259467,0.5890603085553997,2.306248755338216,3.916064434757595,0.17656294072911694,-0.0779563156562349,0.5345273304074807,0.35544794488166603,-0.039835178136067,-0.17346210450797822,0.24471332995503176,0.3026540727703454,-0.05794074281531357,0.5470230299337379,-0.9251884326113782,0.863293816299165,0.1686137484432885,871,1611,1651,False,right,left,True,0,0.0,none
625787__777938,Dean Huijsen + M. van de Ven,777938,Dean Huijsen,625787,M. van de Ven,1.0,0.9960629921259843,0.4299897295446765,0.563077713111948,2.4560941341763263,4.351447639118872,0.17656294072911694,0.08662578362025217,0.6626791350361563,0.004331848984443054,0.1617937789849841,0.2218856478145867,0.3055805711236865,0.20185470868727287,0.1037258624364136,0.6830833855093961,-1.3585198655545216,1.1667465172600047,0.16733503654034249,872,1659,1624,False,left,left,False,0,0.0,none
424241__479155,N. Collins + N. Milenković,479155,N. Collins,424241,N. Milenković,0.9967741935483871,0.9912009692563986,0.396304709980312,0.6174769044373769,3.0088904694167855,4.897226173541963,-2.5466959756012724,-0.4693262753441988,0.156672405233289,0.7394559330937718,0.9056255170013544,0.7174773810019491,0.10871586900625646,0.5226812155169727,-0.41396534651071615,0.24301938957150437,0.02069726736391557,0.19502576284643594,0.16672402756421403,873,1669,1642,False,right,right,False,0,0.0,none
240032__545267,J. Bednarek + R. Drăgușin,240032,J. Bednarek,545267,R. Drăgușin,1.0,1.0,0.4287037037037037,0.5550925925925926,2.2563234793537745,4.050617759606789,0.17656294072911694,0.53680623164123,0.6433608226632271,-0.10357516700735059,-0.10701363508133702,-0.05128156558549936,0.2546179699469436,0.284285508573042,-0.029667538626098416,0.5691634919174562,-1.0041539728916296,0.9163634045587541,0.16660823500299007,874,1619,1624,False,center,right,False,0,0.0,none
145787__364003,J. Andersen + S. Bueno,145787,J. Andersen,364003,S. Bueno,1.0,0.9963503649635037,0.39231143552311437,0.5568856447688565,2.3950760256492742,4.260653241544961,0.17656294072911694,0.11948567033711163,0.09668657843479417,-0.07934473624688326,0.07968902751913787,0.13944020516829403,0.07347359095412426,0.5796860272774257,-0.5062124363233014,0.16424011863686772,0.2657581066808525,0.021875417320101023,0.16622257478670982,875,1616,1629,False,right,center,False,0,0.0,none
145787__412027,J. Andersen + E. Konsa,145787,J. Andersen,412027,E. Konsa,1.0,0.9963503649635037,0.4134225466342255,0.5787374966207084,1.974953087916823,3.319319357251829,0.17656294072911694,0.11948567033711163,0.413811651656934,0.2159505096435881,-0.4856200294197772,-0.7153337769524062,0.0732526590070602,0.5799069592244898,-0.5066543002174295,0.16374625562125533,0.26670788208940854,0.021046026538241773,0.16609469774509855,876,1616,1614,False,right,right,False,0,0.0,none
549884__623641,T. Harwood-Bellis + E. Agbadou,549884,T. Harwood-Bellis,623641,E. Agbadou,1.0,1.0,0.3882113821138211,0.5494579945799458,2.003819281603469,3.672499973778961,0.17656294072911694,0.53680623164123,0.03509674875726154,-0.1797183706552135,-0.4467782541563516,-0.39462971324664053,-0.05880260427708328,0.7954853145512769,-0.8542879188283602,-0.13144514344827515,1.1934684670896716,-0.6314719152347104,0.1660235853558218,877,1619,1629,False,right,center,False,0,0.0,none
240032__769441,J. Bednarek + L. Yoro,240032,J. Bednarek,769441,L. Yoro,1.0,1.0,0.4472222222222222,0.5597222222222222,1.9632429269582325,3.4616595842291678,0.17656294072911694,0.53680623164123,0.9215407114545779,-0.04101261491191155,-0.5013769887608533,-0.5860823767218201,0.2518588572774446,0.287044621242541,-0.03518576396509629,0.5629958745969152,-0.9922926852971938,0.9060055425808762,0.16501124022547473,878,1619,1611,False,center,right,False,0,0.0,none
590874__627012,Murillo + Toti,627012,Murillo,590874,Toti,1.0,0.9943820224719101,0.4709847984137475,0.5923992068737607,1.6408869669330222,2.7824395123057646,0.17656294072911694,-0.10558609306286465,1.2784953347817214,0.4005681848781745,-0.9351327478347393,-1.2028450953508698,0.27413026720556477,0.25033413987915865,0.023796127326405986,0.6127805518027517,-1.1501092116010385,1.01671618806215,0.16470075003349433,879,1642,1629,False,left,left,False,0,0.0,none
366217__590703,I. Zabarnyi + K. Danso,590703,I. Zabarnyi,366217,K. Danso,1.0,1.0,0.4287320532779796,0.5728247708008996,2.41447065662315,4.211971988761595,0.17656294072911694,0.53680623164123,0.643786681859872,0.13604882274397545,0.10578605665231598,0.09523541344605692,0.3492634702792381,0.12745347178584226,0.22180999849339578,0.7807305053322138,-1.6783670678907257,1.388393715030527,0.16453387530499464,880,1659,1624,False,right,right,False,0,0.0,none
286380__623641,E. Agbadou + I. Diop,623641,E. Agbadou,286380,I. Diop,1.0,1.0,0.39444444444444443,0.5833333333333334,1.8888763011811078,3.2277590572216703,0.17656294072911694,0.53680623164123,0.12872802839922814,0.27805640077482663,-0.6014432391605594,-0.7984746938649157,0.0019390520711543846,0.6933123984671103,-0.691373346395956,0.004334484514421116,0.7542322026798786,-0.3256767452704717,0.16330155400707974,881,1629,1616,False,center,right,False,0,0.0,none
400549__590781,J. van Hecke + Pau Torres,590781,J. van Hecke,400549,Pau Torres,1.0,1.0,0.38879150842341026,0.5020936800077904,2.056292124218049,3.8706701692019916,0.17656294072911694,0.53680623164123,0.043811240260729134,-0.8197765685984213,-0.3761718422963948,-0.21468216232364368,-0.15517845496821797,0.9477701087060226,-1.1029485636742407,-0.3468801173714105,1.8481331930709082,-1.0982148407984325,0.1613569310758807,882,1651,1614,False,right,left,True,0,0.0,none
568412__627012,Murillo + J. Gvardiol,627012,Murillo,568412,J. Gvardiol,1.0,1.0,0.44562798092209854,0.6166931637519872,1.7813431926295222,2.884658231801372,0.17656294072911694,0.53680623164123,0.8975924746055293,0.7288648445226272,-0.7461376481664288,-1.110025848781253,0.30834402015040574,0.19014490116791233,0.11819911898249341,0.6892606961607659,-1.4088597433703283,1.193913221130408,0.16075506929536612,883,1642,1625,False,left,left,False,0,0.0,none
7953__590781,J. van Hecke + C. Coady,590781,J. van Hecke,7953,C. Coady,1.0,1.0,0.3922235118554137,0.5198971978113083,1.9171957527694248,3.433788931648567,0.17656294072911694,0.53680623164123,0.09536581424522683,-0.5791885304244555,-0.5633371491745515,-0.6113901969205073,-0.1567623459302605,0.9493539996680651,-1.1061163455983258,-0.35042068801911647,1.8549422612277462,-1.1041608553103461,0.1604401632966964,884,1651,1631,False,right,right,False,0,0.0,none
239411__240032,J. Bednarek + T. Mings,240032,J. Bednarek,239411,T. Mings,1.0,0.9918032786885246,0.3725409836065574,0.5827185792349727,2.6606050019782312,4.570534459101125,0.17656294072911694,-0.4004547011237593,-0.20029949580234474,0.26974891434903825,0.43697952922002525,0.42082644519915835,0.06908535720244238,0.5804991307174235,-0.5114137735149812,0.15443082494884666,0.2692535977684241,0.012112363181828734,0.1604139644413163,885,1619,1614,False,center,left,False,0,0.0,none
145787__288080,J. Andersen + C. Burgess,145787,J. Andersen,288080,C. Burgess,1.0,0.9963503649635037,0.3783983920448535,0.5710885433195811,2.4788418902261076,4.31480610329252,0.17656294072911694,0.11948567033711163,-0.11231118149192532,0.1125862931380801,0.19240270643223498,0.18861346669807674,0.06053495884670794,0.592624659384842,-0.532089700538134,0.13531758409452224,0.32138064004138206,-0.026696925169810606,0.15873359902571363,886,1616,1634,False,right,left,True,0,0.0,none
50102__496001,M. Kilman + F. Schär,496001,M. Kilman,50102,F. Schär,1.0,1.0,0.36887206058190514,0.5417768759737671,2.613003602930404,4.77837085900005,0.17656294072911694,0.53680623164123,-0.2554130081473612,-0.2835172533724774,0.3729280347933222,0.6095513494393137,0.042133253873892516,0.6206857578779332,-0.5785525040040406,0.0941831006888739,0.4420139012785125,-0.11390889565677913,0.15691394159663485,887,1633,1613,False,left,right,True,0,0.0,none
475597__583655,C. Okoli + S. Botman,583655,C. Okoli,475597,S. Botman,1.0,0.9918032786885246,0.36420765027322405,0.5207650273224044,2.9449593163896832,5.634789984606201,0.17656294072911694,-0.4004547011237593,-0.32548044575845253,-0.5674611065609072,0.8196010308787126,1.3872188684497497,0.011862488109677778,0.6699975574845796,-0.6581350693749017,0.026516962478102986,0.6540028654841074,-0.2632875776274789,0.15680182535878792,888,1631,1613,False,left,right,True,0,0.0,none
534563__627012,Murillo + C. Richards,627012,Murillo,534563,C. Richards,1.0,1.0,0.3784502262443439,0.5751131221719457,2.042183557380364,3.6293421017926693,0.17656294072911694,0.53680623164123,-0.11153254297203463,0.16697248474654494,-0.39515604881655997,-0.43381902398230987,-0.03696028557458342,0.7493447433059144,-0.7863050288804978,-0.08261964072794768,0.9951124552591782,-0.5038661456839704,0.1564506870769855,889,1642,1628,False,left,right,True,0,0.0,none
568412__604320,J. Branthwaite + J. Gvardiol,604320,J. Branthwaite,568412,J. Gvardiol,1.0,0.9954954954954955,0.40990990990990994,0.6261261261261262,2.2950956026776765,3.663440493846956,0.17656294072911694,0.02173490822983895,0.36104582741687,0.856337287711044,-0.054842638205863145,-0.40285613308197665,0.26895127299493177,0.24905926939095338,0.01989200360397838,0.6012036217449148,-1.1555898161712779,1.009388039576498,0.1558024739363737,890,1623,1625,False,left,left,False,0,0.0,none
9097__590874,Toti + L. Dunk,590874,Toti,9097,L. Dunk,1.0,0.9943820224719101,0.43722520762090866,0.5691255495847581,2.0203401240301915,3.5525567594197884,0.17656294072911694,-0.10558609306286465,0.7713684173124765,0.08605935521373789,-0.4245481376516573,-0.5035436073248661,0.18025192048850439,0.3929365257714041,-0.21268460528289973,0.4029284049018333,-0.5370686752652042,0.5728352955070359,0.15491065897276257,891,1629,1651,False,left,left,False,0,0.0,none
366217__412968,M. Senesi + K. Danso,412968,M. Senesi,366217,K. Danso,1.0,1.0,0.39643527204502815,0.5465290806754222,2.5842645173108627,4.757349206481374,0.17656294072911694,0.53680623164123,0.15863367122801722,-0.21929828166193457,0.3342572936132353,0.5904627328135128,0.19218391315779038,0.3732285255916908,-0.18104461243390038,0.429600735274271,-0.6217923839513094,0.6322244394397649,0.15470754033969566,892,1659,1624,False,left,right,True,0,0.0,none
366217__558243,S. van den Berg + K. Danso,558243,S. van den Berg,366217,K. Danso,1.0,1.0,0.3714729794356767,0.5279770444763271,2.647630707187095,5.095554875414086,0.17656294072911694,0.53680623164123,-0.21634274900249623,-0.47000143159732166,0.4195215765730894,0.8975688629901539,0.0543017915516755,0.5981111581210901,-0.5438093665694146,0.12138419493080534,0.3449668241492476,-0.04869506328877201,0.15444313205242255,893,1669,1624,False,left,right,True,0,0.0,none
240032__397074,M. Guéhi + J. Bednarek,397074,M. Guéhi,240032,J. Bednarek,1.0,0.9967741935483871,0.4024193548387097,0.5571236559139785,2.4895344308246825,4.481977272255646,0.17656294072911694,0.1679487032627498,0.2485248514755038,-0.07612836995902889,0.20679037608599474,0.3404124916505098,0.17126899400175738,0.40696637087540405,-0.2356973768736466,0.3828483068321641,-0.4767550717202826,0.529639685102936,0.15432556892058447,894,1628,1619,False,left,center,False,0,0.0,none
192792__557788,D. Burn + W. Fofana,192792,D. Burn,557788,W. Fofana,1.0,0.9840449954086318,0.35674931129476584,0.5933195592286502,3.059179869524697,5.132339235787511,0.17656294072911694,-1.2875820715989754,-0.4375174807686204,0.41300537678234306,0.9732939321144846,0.9309707352915707,0.05745920734679541,0.5921434232470445,-0.534684215900249,0.12844216416903406,0.31931182991472346,-0.03156690244862012,0.15370125056921005,895,1613,1610,False,left,right,True,0,0.0,none
136441__534563,C. Richards + B. Davies,534563,C. Richards,136441,B. Davies,1.0,1.0,0.3582221350078493,0.5294348508634223,3.008411214953271,5.696573208722741,0.17656294072911694,0.53680623164123,-0.41539314418601997,-0.4503013485811771,0.9049806417411143,1.4433208460663398,0.11596822792349343,0.4956346446183222,-0.3796664166948287,0.25923104158818416,-0.09557459040347605,0.25940580519650025,0.1528243047123493,896,1628,1624,False,right,left,True,0,0.0,none
145787__283145,J. Andersen + T. Adarabioyo,145787,J. Andersen,283145,T. Adarabioyo,1.0,0.9822658579212502,0.4091189472602036,0.5919091189472603,2.6941343257132733,4.548502569555201,0.17656294072911694,-1.4910190310337113,0.34916421271246506,0.39394537616863917,0.4820959193956243,0.4008204874034772,0.18194737730232252,0.3877481286684037,-0.2058007513660812,0.4067183656840556,-0.5593733353369514,0.5857564801934206,0.15269847827962651,897,1616,1610,False,right,right,False,0,0.0,none
136441__397074,M. Guéhi + B. Davies,397074,M. Guéhi,136441,B. Davies,1.0,0.9967741935483871,0.38660302830809745,0.5214944042132983,2.9276860895924552,5.615942517121366,0.17656294072911694,0.1679487032627498,0.010936517885340002,-0.5576046637384159,0.7963585209511748,1.3701045107242753,0.18322224212647623,0.3854593043524438,-0.20223706222596757,0.40956815085510717,-0.569212876782596,0.5924456235280534,0.15250933709838546,898,1628,1624,False,left,left,False,0,0.0,none
397074__627012,Murillo + M. Guéhi,627012,Murillo,397074,M. Guéhi,1.0,0.9967741935483871,0.40683111954459206,0.5671726755218216,1.9614584320195485,3.5487114101912933,0.17656294072911694,0.1679487032627498,0.31479711909932534,0.05966916958930618,-0.5037781696064995,-0.5070353593243744,0.030293728628399418,0.6348608257975369,-0.6045670971691375,0.06771746853897542,0.5029518104562526,-0.16273900839437383,0.1521964757274887,899,1642,1628,False,left,left,False,0,0.0,none
192792__286380,D. Burn + I. Diop,192792,D. Burn,286380,I. Diop,1.0,0.9979338842975207,0.3345270890725436,0.5794306703397613,2.809404199738772,4.775846478448709,0.17656294072911694,0.30055450891947755,-0.7713333473182413,0.2253177204960266,0.6372007659210968,0.607259097080971,-0.020885357901058048,0.7177383330392483,-0.7386236909403066,-0.04668634831779016,0.8592380757367452,-0.4143669521996498,0.1515548581221985,900,1613,1616,False,left,right,True,0,0.0,none
8653__9097,L. Dunk + H. Maguire,9097,L. Dunk,8653,H. Maguire,1.0,1.0,0.4030989824236818,0.5858001850138761,2.542194858855739,4.326098767853404,0.17656294072911694,0.53680623164123,0.25873402267988554,0.3113922287183717,0.2776491991460064,0.19886771974954137,0.28570642276552405,0.2165101684263751,0.06919625433914896,0.6386574572028655,-1.29551677593233,1.1019334853792462,0.151060392897583,901,1651,1611,False,left,center,False,0,0.0,none
496001__504375,M. Kilman + M. Lacroix,496001,M. Kilman,504375,M. Lacroix,1.0,0.9964788732394366,0.36643435743997665,0.5610815149967161,2.627009168553611,4.643359559445007,0.17656294072911694,0.13418005629852428,-0.2920314875494732,-0.022643796708191388,0.39177364493088085,0.48695494865361894,0.03179606132380425,0.6310229504280214,-0.5992268891042172,0.07107572688624193,0.4864529758806817,-0.1527152897762357,0.15093069825207833,902,1633,1628,False,left,center,False,0,0.0,none
15806__136441,J. Vestergaard + B. Davies,15806,J. Vestergaard,136441,B. Davies,1.0,1.0,0.3862670068027211,0.5310374149659864,2.53810888252149,4.813944603629418,0.17656294072911694,0.53680623164123,0.005888898935496961,-0.42864508054814066,0.27215119077575145,0.6418539275820547,0.09267708712939869,0.5275882926256314,-0.43491120549623274,0.20716689612401926,0.04179254682723808,0.1557098047164128,0.14726317305346362,903,1631,1624,False,left,left,False,0,0.0,none
240032__534563,J. Bednarek + C. Richards,240032,J. Bednarek,534563,C. Richards,1.0,1.0,0.37403846153846154,0.5650641025641026,2.5702595561854986,4.5626079638570225,0.17656294072911694,0.53680623164123,-0.17780481059585618,0.031174945198209875,0.3154124968759342,0.41362882699257436,0.1040149797987746,0.5076598747765473,-0.4036448949777728,0.23251119756524108,-0.04387872641329971,0.21439753655276633,0.1459714881691839,904,1619,1628,False,center,right,False,0,0.0,none
346131__366217,T. Chalobah + K. Danso,346131,T. Chalobah,366217,K. Danso,1.0,1.0,0.4232158988256549,0.5766335441132189,2.3793541364296082,4.122822931785196,0.17656294072911694,0.53680623164123,0.560924587326278,0.18751872375866224,0.05853396653618477,0.014284014898192962,0.31537276402321146,0.16134417804186887,0.1540285859813426,0.7049724874662779,-1.5326726139725844,1.2611661242136312,0.14491768438408992,905,1628,1624,False,right,right,False,0,0.0,none
283145__627012,Murillo + T. Adarabioyo,627012,Murillo,283145,T. Adarabioyo,1.0,0.9859154929577465,0.4195526097763049,0.587572493786247,1.996930237163935,3.4415408228944893,0.17656294072911694,-1.0736984697295928,0.5058957069469046,0.33534234325691364,-0.4560480151371323,-0.6043511270858768,0.025576098203594202,0.6344343490108517,-0.6088582508072575,0.05717185384132595,0.501118408045708,-0.1707936227638529,0.14476272478160476,906,1642,1610,False,left,right,True,0,0.0,none
297957__620468,M. Akanji + J. Greaves,297957,M. Akanji,620468,J. Greaves,1.0,0.9884532419743688,0.3570612866387515,0.5496764370003807,2.484629544863288,4.324391520975278,0.17656294072911694,-0.7835174424555724,-0.43283107637786017,-0.17676644654861862,0.20019045923262146,0.1973174619325988,-0.19777930113646724,0.9985312456245162,-1.1963105467609836,-0.44210845639560253,2.0663527860098663,-1.2734578719155822,0.14416003322204213,907,1625,1634,False,right,left,True,0,0.0,none
415917__590703,I. Zabarnyi + Gabriel Magalhaes,590703,I. Zabarnyi,415917,Gabriel Magalhaes,1.0,1.0,0.3949341438703141,0.603951367781155,2.4347546727386713,4.034150276686922,0.17656294072911694,0.53680623164123,0.13608415311802702,0.556678441292264,0.13307982471718038,-0.0662347890758968,0.24364055388678432,0.27596625000366937,-0.03232569611688502,0.5446249864131788,-1.039918050072908,0.9113739692396756,0.14261187203265216,908,1659,1609,False,right,left,True,0,0.0,none
346131__627012,Murillo + T. Chalobah,627012,Murillo,346131,T. Chalobah,1.0,1.0,0.43311546840958604,0.589832970225127,1.8395415731963238,3.1465509443519792,0.17656294072911694,0.53680623164123,0.7096330902870487,0.36588931704999134,-0.6678270664801164,-0.8722153539817645,0.20549076687730608,0.3374131195550671,-0.131922352677761,0.4593463786434822,-0.7757610261195287,0.7244282831283873,0.14183053811155996,909,1642,1628,False,left,right,True,0,0.0,none
8653__412968,H. Maguire + M. Senesi,8653,H. Maguire,412968,M. Senesi,1.0,1.0,0.3843698854337152,0.557037643207856,2.7396489709819623,4.9381876203143475,0.17656294072911694,0.53680623164123,-0.022609115683005637,-0.07729070363108337,0.5433395195014045,0.7546722377422308,0.2049337377211998,0.33816227991270287,-0.13322854219150307,0.45810121649072705,-0.7725404231501393,0.72197652919136,0.14168378713859375,910,1611,1659,False,center,left,False,0,0.0,none
604320__625787,J. Branthwaite + M. van de Ven,604320,J. Branthwaite,625787,M. van de Ven,1.0,0.9954954954954955,0.41108499804151977,0.5870544457500979,2.348307531340218,4.003658134893724,0.17656294072911694,0.02173490822983895,0.3786976652485183,0.32834169529101886,0.016758273118999717,-0.09392304071419053,0.21116374368751167,0.32777911917500613,-0.11661537548749451,0.47202753893839844,-0.8171771126954923,0.7531599037664268,0.14149261641383692,911,1623,1624,False,left,left,False,0,0.0,none
413002__415917,Gabriel Magalhaes + K. Mavropanos,415917,Gabriel Magalhaes,413002,K. Mavropanos,1.0,1.0,0.38796147672552167,0.6496522204387374,2.5695287458228195,3.9553638409602403,0.17656294072911694,0.53680623164123,0.031342741488484205,1.174257427934592,0.3144291330083071,-0.137776456200482,0.3505450866761205,0.09976294652596132,0.2507821401501592,0.7835953827165565,-1.7974072533022483,1.4427752282977575,0.14113056102715532,912,1609,1633,False,left,right,True,0,0.0,none
412968__413002,K. Mavropanos + M. Senesi,413002,K. Mavropanos,412968,M. Senesi,1.0,1.0,0.37917026793431285,0.5796888504753673,2.5863394356974063,4.539119665176665,0.17656294072911694,0.53680623164123,-0.1007162826410361,0.2288066406637409,0.3370492624656217,0.3923003834602074,0.17163497416128423,0.3914744658101298,-0.21983949164884556,0.38366640519973894,-0.5433539980331697,0.5594053753980965,0.14070807826953785,913,1633,1659,False,right,left,True,0,0.0,none
413002__558243,K. Mavropanos + S. van den Berg,413002,K. Mavropanos,558243,S. van den Berg,1.0,1.0,0.3542079753249614,0.5611368142762723,2.649705625573638,4.877325334109377,0.17656294072911694,0.53680623164123,-0.4756927028715495,-0.021896509271646214,0.4223135454254757,0.6994065136368486,0.033752852555169355,0.6163570983395291,-0.5826042457843598,0.07544986485627325,0.42340521006738746,-0.12151412733044047,0.14044366998226476,914,1633,1669,False,right,left,True,0,0.0,none
604320__777938,J. Branthwaite + Dean Huijsen,604320,J. Branthwaite,777938,Dean Huijsen,1.0,0.9915584876214798,0.40629211889054406,0.6066538979924807,2.6028361077866027,4.304225147789504,0.17656294072911694,-0.42844553979113886,0.3067004054312433,0.593199113713544,0.35924685584556987,0.17900547784219234,0.2725842808984964,0.22402076595880516,0.048563514939691285,0.6093247118038272,-1.2632290921697131,1.0632052613948453,0.13833468052996872,915,1623,1659,False,left,left,False,0,0.0,none
7919__283145,T. Adarabioyo + M. Keane,283145,T. Adarabioyo,7919,M. Keane,1.0,0.9859154929577465,0.36756019990913225,0.6042707860063607,2.9693190321776006,4.88665502619107,0.17656294072911694,-1.0736984697295928,-0.2751194039746939,0.5609949030728716,0.8523789792423349,0.7078782983943012,0.12483831304916423,0.4644080759085508,-0.33956976285938667,0.27905889829752745,-0.2298160500395802,0.33466833629815274,0.13751830139652022,916,1610,1623,False,right,left,True,0,0.0,none
501419__623641,J. Todibo + E. Agbadou,501419,J. Todibo,623641,E. Agbadou,1.0,1.0,0.41666666666666663,0.5423976608187134,1.6997546109097144,3.0887252038647555,0.17656294072911694,0.53680623164123,0.4625438949488491,-0.27512827038484294,-0.8559216186345704,-0.9247237564626324,-0.04265899204928547,0.7379104425875502,-0.7805694346368358,-0.09535831615305572,0.9459569674238772,-0.4931002762445483,0.13748787690172562,917,1633,1629,False,right,center,False,0,0.0,none
365443__545267,M. de Ligt + R. Drăgușin,365443,M. de Ligt,545267,R. Drăgușin,1.0,0.9946236559139785,0.4295101553166069,0.5657108721624851,2.1874983939355004,3.8644279657128173,0.17656294072911694,-0.0779563156562349,0.6554751081428504,0.039915073443800964,-0.1996232991514343,-0.2203503670092276,0.19528143347240812,0.3479014815579995,-0.1526200480855914,0.43652481639439167,-0.7306720815879792,0.6855781349150858,0.13617641070381922,918,1611,1624,False,right,right,False,0,0.0,none
192792__504375,D. Burn + M. Lacroix,192792,D. Burn,504375,M. Lacroix,1.0,0.9944127575369572,0.3414910953323245,0.5622162728436736,3.0413079104128187,5.320318393465651,0.17656294072911694,-0.10207166642322818,-0.6667220370262826,-0.007309233774337676,0.9492457799099965,1.1016643604178942,0.025187870744811304,0.6244147598490285,-0.5992268891042172,0.056304024692640335,0.4580446945506883,-0.1527152897762357,0.13502236275627952,919,1613,1628,False,left,center,False,0,0.0,none
285382__475597,W. Faes + S. Botman,285382,W. Faes,475597,S. Botman,1.0,1.0,0.36124497991967874,0.5377510040160642,2.440652555529624,4.554405840630739,0.17656294072911694,0.53680623164123,-0.3699848324700848,-0.3379209193744823,0.1410158983257418,0.4061809260416387,-0.06397148064936631,0.769710823236196,-0.8336823038855622,-0.14299945646848838,1.0826652159328496,-0.5927946046076025,0.13474091562409024,920,1631,1613,False,right,right,False,0,0.0,none
365443__769441,M. de Ligt + L. Yoro,365443,M. de Ligt,769441,L. Yoro,1.0,0.9946236559139785,0.44802867383512546,0.5703405017921147,1.8944178415399584,3.2754697903351966,0.17656294072911694,-0.0779563156562349,0.9336549969342011,0.10247762553924,-0.5939866528309506,-0.7551511781455483,0.19252232080290912,0.35066059422749846,-0.15813827342458928,0.4303571990738507,-0.7188107939935434,0.6752202729372078,0.1345794159263039,921,1611,1611,True,right,right,False,10,540.0,high
297957__590781,J. van Hecke + M. Akanji,590781,J. van Hecke,297957,M. Akanji,1.0,0.9929577464788732,0.3709064201157868,0.5290330942711484,2.230494064345931,4.0899022194184775,0.17656294072911694,-0.2684461190441814,-0.2248534410669334,-0.45573049081168265,-0.14176918144159445,-0.015609489280805744,-0.2018594465115894,0.994451100249394,-1.1963105467609836,-0.451229060843589,2.0488124447775453,-1.2734578719155822,0.1343376286283527,922,1651,1625,False,right,right,False,0,0.0,none
400549__424806,Pau Torres + E. Pinnock,400549,Pau Torres,424806,E. Pinnock,1.0,1.0,0.3656267104542966,0.5173782156540777,2.288753492468806,4.116643704717383,0.17656294072911694,0.53680623164123,-0.30416372957706594,-0.6132288241513263,-0.06337645537978409,0.00867299566759494,-0.16640532168541175,0.9365432419888289,-1.1029485636742407,-0.37197623554948483,1.799869453648764,-1.0982148407984325,0.13432975016020024,923,1614,1669,False,left,left,False,0,0.0,none
240032__283145,J. Bednarek + T. Adarabioyo,240032,J. Bednarek,283145,T. Adarabioyo,1.0,0.9859154929577465,0.41514084507042254,0.5775234741784038,2.5250062359690695,4.374806684958843,0.17656294072911694,-1.0736984697295928,0.43962343932308307,0.19954480370857855,0.25452053055536195,0.2430967238890075,0.1665513635769522,0.39274948048148456,-0.2261981169045324,0.37230269213451467,-0.5378727736267702,0.547470059472884,0.13428352587380307,924,1619,1610,False,center,right,False,0,0.0,none
496001__583655,M. Kilman + C. Okoli,496001,M. Kilman,583655,C. Okoli,1.0,0.9918032786885246,0.36256689034230866,0.5546164953707636,2.7770148424674774,4.990691348913382,0.17656294072911694,-0.4004547011237593,-0.3501274721746814,-0.11000891217187475,0.5936182919130868,0.8023480113647659,0.0023419711884619457,0.6604770405633638,-0.6581350693749017,0.005235154847370736,0.6130746386311098,-0.2632875776274789,0.13388245348752253,925,1633,1631,False,left,left,False,0,0.0,none
8653__619747,L. Colwill + H. Maguire,619747,L. Colwill,8653,H. Maguire,0.9964285714285714,0.9857142857142858,0.4288753799392097,0.6031914893617021,2.6289693593314767,4.3565459610027855,-2.8384737166366527,-1.0967056797491785,0.6459396939726909,0.5464098157203681,0.3944112385981922,0.22651515597482716,0.023656117783143804,0.6255815039955033,-0.6019253862123595,0.05288000138195553,0.46306046937693884,-0.15778044367568053,0.13380205276892332,926,1610,1611,False,left,center,False,0,0.0,none
258154__623641,Rúben Dias + E. Agbadou,258154,Rúben Dias,623641,E. Agbadou,1.0,0.9939024390243902,0.4268292682926829,0.5311653116531165,1.7839916473502822,3.3434482268991195,0.17656294072911694,-0.16042446224492046,0.6152035900172733,-0.42691674722743495,-0.7425739402465066,-0.6934236658466396,-0.04917670271266167,0.7444281532509265,-0.7936048559635881,-0.10992776292559825,0.9739762801146001,-0.517568123538096,0.1337153778639617,927,1625,1629,False,right,center,False,0,0.0,none
7953__424806,E. Pinnock + C. Coady,424806,E. Pinnock,7953,C. Coady,1.0,1.0,0.36905871388630007,0.5351817334575956,2.149657121020182,3.6797624671639593,0.17656294072911694,0.53680623164123,-0.25260915559256825,-0.3726407859773606,-0.2505417622579408,-0.3880350389292687,-0.16798921264745428,0.9381271329508714,-1.1061163455983258,-0.37551680619719074,1.8066785218056018,-1.1041608553103461,0.13341298238101593,928,1669,1631,False,left,right,True,0,0.0,none
769441__777938,Dean Huijsen + L. Yoro,777938,Dean Huijsen,769441,L. Yoro,1.0,0.9960629921259843,0.4348206474190726,0.5552274715660542,2.0567059410373605,3.654965488435546,0.17656294072911694,0.08662578362025217,0.7352478016773781,-0.10175247848173549,-0.3756150186267974,-0.4105518234686506,0.16590767218478747,0.3923256742750272,-0.22641800209023968,0.370863808458873,-0.5396946953462666,0.5470573288820471,0.13293496140196595,929,1659,1611,False,left,right,True,0,0.0,none
518805__590781,J. van Hecke + L. Woolfenden,590781,J. van Hecke,518805,L. Woolfenden,1.0,1.0,0.3848232544551563,0.48225241016652065,2.0730446799762436,4.073056101238064,0.17656294072911694,0.53680623164123,-0.01579873590884584,-1.0879017918645872,-0.3536299369481739,-0.03090653080944533,-0.2079081423271494,1.000499796064954,-1.2084079383921036,-0.4647500893579865,2.074815486056989,-1.2961650114595122,0.13083659884620097,930,1651,1634,False,right,right,False,0,0.0,none
415847__475597,C. Romero + S. Botman,415847,C. Romero,475597,S. Botman,1.0,0.9805194805194806,0.379004329004329,0.5199134199134199,2.961664447470876,5.675833717262643,0.17656294072911694,-1.6907100111638727,-0.10320896978784583,-0.5789693128650293,0.8420791225261729,1.4244884445154078,-0.03457099621176073,0.7164310418060182,-0.7510020380177789,-0.07727871260245535,0.8536180960025207,-0.4376014529070837,0.12992578191811177,931,1624,1613,False,right,right,False,0,0.0,none
285382__623641,W. Faes + E. Agbadou,285382,W. Faes,623641,E. Agbadou,1.0,1.0,0.39457831325301207,0.5766398929049532,1.7664789249089614,3.039178617731525,0.17656294072911694,0.53680623164123,0.13073896735434642,0.18760451822720392,-0.7661387107424245,-0.9697143102249565,-0.057275778177362624,0.7525272287156274,-0.8098030068929899,-0.12803213346061088,1.0087938011233748,-0.5479725019961251,0.12902757320748195,932,1631,1629,False,right,center,False,0,0.0,none
192792__501419,D. Burn + J. Todibo,192792,D. Burn,501419,J. Todibo,1.0,0.9979338842975207,0.35674931129476584,0.5384949978251413,2.620282509467379,4.636812625091794,0.17656294072911694,0.30055450891947755,-0.4375174807686204,-0.32786695066364296,0.3827223864470858,0.4810100344832542,-0.065483402021498,0.7623363771596883,-0.8278197791811863,-0.14637914898526722,1.0509628404807443,-0.5817904831737264,0.12574118101684437,933,1613,1633,False,left,right,True,0,0.0,none
8653__424241,N. Milenković + H. Maguire,424241,N. Milenković,8653,H. Maguire,0.9967741935483871,0.9935483870967742,0.4042210020590254,0.6225463280713796,2.7668071971693147,4.45114055559738,-2.5466959756012724,-0.20090882511573044,0.27558868073849185,0.8079616464161378,0.5798830877173421,0.3124113503622546,0.10151148566382617,0.4880745468455959,-0.38656306118176975,0.22691498036132957,-0.1280750732274137,0.24646061225532176,0.12432709066350503,934,1642,1611,False,right,center,False,0,0.0,none
286380__496001,M. Kilman + I. Diop,496001,M. Kilman,286380,I. Diop,1.0,1.0,0.3594703511801957,0.5782959124928038,2.3951054578795645,4.098887644428065,0.17656294072911694,0.53680623164123,-0.3966427978414319,0.2099831575621729,0.07972863094198107,-0.0074503146833043155,-0.01427716732206516,0.6770961790738907,-0.691373346395956,-0.03191464612418869,0.6845194852385956,-0.3256767452704717,0.12426317345539,935,1633,1616,False,left,right,True,0,0.0,none
9097__627012,Murillo + L. Dunk,627012,Murillo,9097,L. Dunk,1.0,1.0,0.42506393861892583,0.5884910485933503,1.8469978419513557,3.168988366587213,0.17656294072911694,0.53680623164123,0.5886853125516791,0.34775524397884955,-0.657794059758464,-0.8518411540591342,0.1630746010562093,0.3869140273771857,-0.2238394263209764,0.36453086716361377,-0.5629590951384252,0.5518973871030799,0.12375718246089532,936,1642,1651,False,left,left,False,0,0.0,none
136441__412027,E. Konsa + B. Davies,412027,E. Konsa,136441,B. Davies,1.0,1.0,0.40362811791383224,0.5287226001511716,2.243976656940392,4.2795887175211895,0.17656294072911694,0.53680623164123,0.2666825446773882,-0.45992635659585945,-0.12362727339485957,0.15663447860688962,0.06980989340640871,0.5379429759295339,-0.46813308252312513,0.15605042609465747,0.08630681330668304,0.09335142031722245,0.12258754110277814,937,1614,1624,False,right,left,True,0,0.0,none
8653__545267,H. Maguire + R. Drăgușin,8653,H. Maguire,545267,R. Drăgușin,1.0,1.0,0.41115051221434196,0.5624507486209613,2.4234444974530236,4.274462298808626,0.17656294072911694,0.53680623164123,0.3796818004152551,-0.0041406427194933815,0.11786107813063906,0.151979457248292,0.23627452628290035,0.2659420649089988,-0.029667538626098416,0.5281592436635191,-1.083011521253748,0.9163634045587541,0.12244884636738593,938,1611,1624,False,center,right,False,0,0.0,none
475597__501419,J. Todibo + S. Botman,501419,J. Todibo,475597,S. Botman,1.0,1.0,0.3833333333333333,0.5035087719298246,2.3739282415303773,4.6039524267639695,0.17656294072911694,0.53680623164123,-0.038179904875582094,-0.8006537079865291,0.05123299043359597,0.45117147980396277,-0.0493546945212892,0.7312147401155465,-0.7805694346368358,-0.11032563916093331,0.9171724768355923,-0.4931002762445483,0.12136886822130138,939,1633,1613,False,right,right,False,0,0.0,none
50102__145787,F. Schär + J. Andersen,50102,F. Schär,145787,J. Andersen,1.0,0.9963503649635037,0.3728242560359349,0.551477719360931,2.4853058027930697,4.491456729147731,0.17656294072911694,0.11948567033711163,-0.19604425838564254,-0.1524247971001848,0.20110041843312526,0.34902026966762967,-0.0044284990166572405,0.6575881172482071,-0.6620166162648643,-0.009899301156153686,0.600655301552872,-0.270573348772554,0.12113227013327395,940,1613,1616,False,right,right,False,0,0.0,none
9097__366217,L. Dunk + K. Danso,9097,L. Dunk,366217,K. Danso,1.0,1.0,0.4151643690349947,0.5752916224814422,2.38681040518464,4.145260354020429,0.17656294072911694,0.53680623164123,0.4399768095909084,0.1693846506875205,0.06856697325783724,0.03465821482082329,0.27295659820211465,0.20376034386296565,0.06919625433914896,0.6101569759864095,-1.3503276350889675,1.1019334853792462,0.12036689454236377,941,1651,1624,False,left,right,True,0,0.0,none
234399__346131,T. Chalobah + A. Webster,346131,T. Chalobah,234399,A. Webster,1.0,0.986842105263158,0.40107212475633525,0.6260558804418453,2.4043263894817724,3.8450066165798686,0.17656294072911694,-0.9677442130604601,0.22828714649297482,0.8553880218660682,0.09213613284196516,-0.2379858353733487,0.16188181480158043,0.3843196345017065,-0.22243781970012608,0.3618645573586256,-0.5741122605633815,0.5545282415959999,0.11960424882949834,942,1628,1651,False,right,left,True,0,0.0,none
145787__239411,J. Andersen + T. Mings,145787,J. Andersen,239411,T. Mings,1.0,0.9881536436520282,0.3665190857963384,0.5971042240038291,2.8297330917224346,4.744230343697485,0.17656294072911694,-0.8177752624278777,-0.29075872241296274,0.46414948680909884,0.6645549180602877,0.5785502087136281,0.08448137092781269,0.5090840594069252,-0.4246026884791124,0.18884649849838755,-0.03775622780161527,0.17505917700560744,0.11810821630983069,943,1616,1614,False,right,left,True,0,0.0,none
8653__558243,H. Maguire + S. van den Berg,8653,H. Maguire,558243,S. van den Berg,1.0,1.0,0.35940759282436374,0.5384856070087609,2.8030151608581937,5.276393289247061,0.17656294072911694,0.53680623164123,-0.3975855359135191,-0.3279938535664705,0.6286038024612586,1.0617783679188721,0.06705161611508492,0.537465627554146,-0.47041401143906103,0.1498846761472614,0.0842547164764941,0.0890700534934267,0.11803276371526426,944,1611,1669,False,center,left,False,0,0.0,none
192792__583655,D. Burn + C. Okoli,192792,D. Burn,583655,C. Okoli,1.0,0.9897371629860452,0.3376236282346565,0.5557512532177211,3.191313584326685,5.667650182934025,0.17656294072911694,-0.6367064238455118,-0.7248180216514908,-0.09467434923802104,1.1510904268922024,1.4170574231290411,-0.004266219390531026,0.6538688499843708,-0.6581350693749017,-0.009536547346230917,0.5846663573011158,-0.2632875776274789,0.1179741179917235,945,1613,1631,False,left,left,False,0,0.0,none
568412__625787,M. van de Ven + J. Gvardiol,625787,M. van de Ven,568412,J. Gvardiol,1.0,1.0,0.4336075205640423,0.5825499412455935,2.1483536290674,3.710662985176323,0.17656294072911694,0.53680623164123,0.717024557021783,0.2674700229819431,-0.25229571506644893,-0.3599759631095823,0.30194756322012184,0.15341070766058995,0.14853685555953183,0.6749622954504837,-1.5667782069969445,1.2508579939299993,0.11761928441215841,946,1624,1625,False,left,left,False,0,0.0,none
258154__475597,Rúben Dias + S. Botman,258154,Rúben Dias,475597,S. Botman,1.0,0.9939024390243902,0.3934959349593496,0.4922764227642277,2.458165277970945,4.8586754497983335,0.17656294072911694,-0.16042446224492046,0.11447979019284207,-0.9524421848291211,0.16458066882165967,0.6824715704199555,-0.055872405184665366,0.7377324507789228,-0.7936048559635881,-0.12489508593347577,0.9451917895263152,-0.517568123538096,0.11759636918353744,947,1625,1613,False,right,right,False,0,0.0,none
8360__549884,T. Harwood-Bellis + C. Dawson,549884,T. Harwood-Bellis,8360,C. Dawson,1.0,1.0,0.3604336043360433,0.5911246612466124,2.07975936265456,3.5751917486073443,0.17656294072911694,0.53680623164123,-0.3821730844297648,0.3833445982037351,-0.344594793680323,-0.48299000762348615,-0.08574296248703303,0.7862170152166963,-0.8719599777037293,-0.191666613109184,1.1536245110475496,-0.66464285977777,0.11732547480411887,948,1619,1629,False,right,left,True,0,0.0,none
192792__285382,D. Burn + W. Faes,192792,D. Burn,285382,W. Faes,1.0,0.9979338842975207,0.3346609578811112,0.5727372299113811,2.687006823466626,4.587266038958564,0.17656294072911694,0.30055450891947755,-0.769322408363123,0.1348658379484039,0.4725052943392316,0.4360194807209301,-0.08010018814957509,0.7769531632877652,-0.8570533514373404,-0.17905296629282225,1.113799674180241,-0.6366627089253032,0.11728087732260048,949,1613,1631,False,left,right,True,0,0.0,none
297957__578325,W. Saliba + M. Akanji,578325,W. Saliba,297957,M. Akanji,1.0,0.9929577464788732,0.40888630753593724,0.5294758240162625,1.6031259282818797,3.0548687728226067,0.17656294072911694,-0.2684461190441814,0.34566956531072324,-0.44974765741921585,-0.9859432493134885,-0.955466935758705,-0.22159168242949026,1.0078104560709278,-1.2294021385004181,-0.4953377633861147,2.106243648376921,-1.335571707217493,0.11708987137652033,950,1609,1625,False,right,right,False,0,0.0,none
568412__590703,I. Zabarnyi + J. Gvardiol,590703,I. Zabarnyi,568412,J. Gvardiol,1.0,1.0,0.4254360743722446,0.590952654782442,2.188456601165202,3.7214871136565613,0.17656294072911694,0.53680623164123,0.5942754294052481,0.38102018691464556,-0.1983339545888681,-0.35014716213001584,0.2907725455104688,0.17038372722727668,0.12038881828319214,0.649982078605652,-1.4938120433994946,1.1980233474366695,0.1164520957703116,951,1659,1625,False,right,left,True,0,0.0,none
192792__549884,D. Burn + T. Harwood-Bellis,192792,D. Burn,549884,T. Harwood-Bellis,1.0,0.9979338842975207,0.3282940267419203,0.5455553315863737,2.9243471801611336,5.2205873950059996,0.17656294072911694,0.30055450891947755,-0.8649646269602079,-0.23245705093401353,0.7918657509253045,1.011104077699246,-0.08162701424929572,0.7784799893874859,-0.8601070036367818,-0.18246597628048644,1.120363423343397,-0.642394498779322,0.11639713910691146,952,1613,1619,False,left,right,True,0,0.0,none
366217__769441,L. Yoro + K. Danso,769441,L. Yoro,366217,K. Danso,1.0,1.0,0.4417344173441734,0.5565718157181572,1.9749794913863825,3.504665709598031,0.17656294072911694,0.53680623164123,0.8391044761176287,-0.08358566865490555,-0.48558450143704635,-0.5470308588167468,0.220765589049992,0.28444782942786073,-0.06368224037786871,0.4934911451265222,-1.003456163641988,0.8525168661664856,0.11621209670396179,953,1611,1624,False,right,right,False,0,0.0,none
7919__412027,E. Konsa + M. Keane,412027,E. Konsa,7919,M. Keane,1.0,1.0,0.37186379928315416,0.5910991636798089,2.2501377943811502,3.657471813887698,0.17656294072911694,0.53680623164123,-0.210471965030225,0.38300003654782055,-0.11533696957306672,-0.4082759659615821,0.016143594753901855,0.6183560014649414,-0.6022124067110395,0.036086788234727045,0.43199839479160435,-0.15831918911058318,0.11597907473272819,954,1614,1623,False,right,left,True,0,0.0,none
397074__590874,M. Guéhi + Toti,397074,M. Guéhi,590874,Toti,1.0,0.9911562160202971,0.41899238854657483,0.5478071765132294,2.1348007140983842,3.9322798030238686,0.17656294072911694,-0.47444362144134483,0.49748022386012275,-0.2020267191758055,-0.27053224749969285,-0.15873781259010633,0.04747104806069451,0.5671118185160591,-0.5196407704553646,0.106115006277195,0.21170221108811182,-0.0033299382042161316,0.11590217882418781,955,1628,1629,False,left,left,False,0,0.0,none
590703__777938,I. Zabarnyi + Dean Huijsen,590703,I. Zabarnyi,777938,Dean Huijsen,1.0,0.9960629921259843,0.42181828335287874,0.5714804266487965,2.496197106274128,4.36227176759911,0.17656294072911694,0.08662578362025217,0.5399300074196214,0.1178820129171455,0.21575553946256493,0.23171444879415318,0.2944055534140335,0.16263164452483334,0.1317739088892002,0.6581031686645644,-1.527137859849835,1.219393478204849,0.11478892201830154,956,1659,1659,True,right,left,True,29,2114.0,very_high
400549__578325,W. Saliba + Pau Torres,578325,W. Saliba,400549,Pau Torres,1.0,1.0,0.4267713958435608,0.5025364097529046,1.428923988153998,2.8356367226061208,0.17656294072911694,0.53680623164123,0.6143342466383858,-0.8137937352059544,-1.2203459101682887,-1.154539608801543,-0.17491069088611882,0.9280378727881218,-1.1029485636742407,-0.3909888199139362,1.7633052961565063,-1.0982148407984325,0.11385421073029725,957,1609,1614,False,right,left,True,0,0.0,none
136441__447424,C. Bassey + B. Davies,447424,C. Bassey,136441,B. Davies,1.0,1.0,0.3974189675870348,0.5249099639855943,2.398035160289555,4.585177524991383,0.17656294072911694,0.53680623164123,0.17341046431793522,-0.5114484583215153,0.08367078015059726,0.4341230150457541,0.08570380661117395,0.5014402220345063,-0.4157364154233324,0.19157908552801228,-0.07061670298323286,0.19170141738693705,0.1129448153464237,958,1616,1624,False,left,left,False,0,0.0,none
7953__578325,W. Saliba + C. Coady,578325,W. Saliba,7953,C. Coady,1.0,1.0,0.4302033992755642,0.5203399275564224,1.2898276167053735,2.398755485052696,0.17656294072911694,0.53680623164123,0.6658888206228835,-0.5732056970319888,-1.4075112170464457,-1.5512476433984066,-0.1764945818481614,0.9296217637501644,-1.1061163455983258,-0.39452939056164227,1.7701143643133448,-1.1041608553103461,0.11293744295111305,959,1609,1631,False,right,right,False,0,0.0,none
475597__549884,T. Harwood-Bellis + S. Botman,549884,T. Harwood-Bellis,475597,S. Botman,1.0,1.0,0.3548780487804878,0.5105691056910568,2.677992912224132,5.187727196678175,0.17656294072911694,0.53680623164123,-0.4656270510671697,-0.7052438082568997,0.4603763549118147,0.9812655230199546,-0.06549830674908697,0.7473583523433444,-0.8128566590924313,-0.14641246645615266,0.986573059698246,-0.5537042918501439,0.11202482631136867,960,1619,1613,False,right,right,False,0,0.0,none
518805__578325,W. Saliba + L. Woolfenden,578325,W. Saliba,518805,L. Woolfenden,1.0,1.0,0.4228031418753068,0.4826951399116347,1.4456765439121924,3.0380226546421936,0.17656294072911694,0.53680623164123,0.5547242704688108,-1.0819189584721203,-1.197804004820068,-0.9707639772873446,-0.22764037824505026,1.0107997435807599,-1.2384401218258103,-0.5088587919005122,2.119094446116548,-1.3525362525362918,0.11079168737744993,961,1609,1634,False,right,right,False,0,0.0,none
413002__619747,L. Colwill + K. Mavropanos,619747,L. Colwill,413002,K. Mavropanos,0.9964285714285714,0.9857142857142858,0.42367576243980737,0.6258426966292134,2.4756598240469208,3.9574780058651027,-2.8384737166366527,-1.0967056797491785,0.5678325270146605,0.8525071600151923,0.18812098156240947,-0.1358566983071963,-0.009642645776771763,0.6546801382511365,-0.6643227840279082,-0.021554809909032614,0.5881540450496001,-0.27490208961222734,0.11068839063791823,962,1610,1633,False,left,right,True,0,0.0,none
479155__558243,N. Collins + S. van den Berg,479155,N. Collins,558243,S. van den Berg,1.0,0.9976525821596245,0.3514913007456504,0.5334161833747584,3.045098433105665,5.722478907191643,0.17656294072911694,0.2683887814127616,-0.5165018114187219,-0.39649956688883653,0.9543462317452709,1.4668443985585666,0.07425599945751524,0.5173402948143311,-0.4430842953568159,0.16598908535743626,-0.0022630840466747047,0.14036868841395908,0.11038935514750753,963,1669,1669,True,right,left,True,18,1572.0,very_high
346131__413002,K. Mavropanos + T. Chalobah,413002,K. Mavropanos,346131,T. Chalobah,1.0,1.0,0.4059508947149396,0.6097933139131642,2.3814290548161514,3.9045933904804873,0.17656294072911694,0.53680623164123,0.3015746334572247,0.6356236460843377,0.06132593538857113,-0.18387833445511242,0.29482382502670534,0.1561107610125269,0.13871306401417838,0.659038157391746,-1.5551708124596781,1.2324184647924137,0.10945152791645232,964,1633,1628,False,right,right,False,0,0.0,none
297957__424806,M. Akanji + E. Pinnock,297957,M. Akanji,424806,E. Pinnock,1.0,0.9929577464788732,0.34774162214667315,0.5443176299174357,2.462955432596688,4.33587575493387,0.17656294072911694,-0.2684461190441814,-0.5728284109047285,-0.2491827463645877,0.17102620547501624,0.20774566871043287,-0.21308631322878321,0.9832242335322002,-1.1963105467609836,-0.4763251790216634,2.000548705355401,-1.2734578719155822,0.10731044771267212,965,1625,1669,False,right,left,True,0,0.0,none
415847__496001,M. Kilman + C. Romero,496001,M. Kilman,415847,C. Romero,1.0,0.9805194805194806,0.3773635690734136,0.5537648879617791,2.7937199735486704,5.031735081569824,0.17656294072911694,-1.6907100111638727,-0.12785599620407467,-0.12151711847599678,0.6160963835605471,0.8396175874304239,-0.04409151313297663,0.7069105248848023,-0.7510020380177789,-0.09856052023318775,0.8126898691495227,-0.4376014529070837,0.10700641004684619,966,1633,1624,False,left,right,True,0,0.0,none
413002__604320,J. Branthwaite + K. Mavropanos,604320,J. Branthwaite,413002,K. Mavropanos,1.0,0.9954954954954955,0.3959408847049296,0.6411580119445288,2.5231845765221683,3.935695827647281,0.17656294072911694,0.02173490822983895,0.15120712600244055,1.0594708458660493,0.2520693418877073,-0.15563590685920928,0.30689325876719487,0.1324923445393981,0.17440091422779674,0.6860177183969445,-1.656705205530989,1.2994055492428225,0.10587840738774007,967,1623,1633,False,left,right,True,0,0.0,none
9433__412027,J. Tarkowski + E. Konsa,9433,J. Tarkowski,412027,E. Konsa,1.0,0.9970588235294118,0.3591503267973856,0.5979302832244009,2.2688226528336157,3.6309918660495946,0.17656294072911694,0.20049495576673537,-0.401450112591346,0.4753124473816217,-0.09019499620733973,-0.4323209629999294,-0.0645006060121554,0.7386587591665679,-0.8031593651787231,-0.14418224352475895,0.9491739430311199,-0.5355022022748483,0.10556062069198681,968,1623,1614,False,right,right,False,0,0.0,none
145787__619747,L. Colwill + J. Andersen,619747,L. Colwill,145787,J. Andersen,0.9964285714285714,0.9820646506777894,0.44040667361835245,0.6102189781021898,2.630976430976431,4.306397306397306,-2.8384737166366527,-1.514026241053297,0.8191594896100449,0.6413758638925714,0.3971119142264785,0.18097789665550548,0.05739557517255728,0.538067104438769,-0.48067152926621165,0.12829992318543332,0.0868404355697326,0.0698164080979775,0.10416537388323194,969,1610,1616,False,left,right,True,0,0.0,none
424806__518805,E. Pinnock + L. Woolfenden,424806,E. Pinnock,518805,L. Woolfenden,1.0,1.0,0.36165845648604267,0.49753694581280794,2.3055060482270004,4.319029636753457,0.17656294072911694,0.53680623164123,-0.3637737057466409,-0.8813540474174922,-0.04083455003156322,0.19244862718179329,-0.21913500904434327,0.9892729293477603,-1.2084079383921036,-0.48984620753606095,2.0265517466348455,-1.2961650114595122,0.10380941793052073,970,1669,1634,False,left,right,True,0,0.0,none
9433__424241,N. Milenković + J. Tarkowski,424241,N. Milenković,9433,J. Tarkowski,0.9967741935483871,0.990607210626186,0.36148007590132825,0.6487666034155597,3.062683833731062,4.712664409789666,-2.5466959756012724,-0.537220100990225,-0.36645328787243414,1.1622896323263747,0.9780087965580658,0.5498869049954097,-0.0025023219659758844,0.6338959972487277,-0.6363983192147036,-0.005593596981206766,0.4988040607020441,-0.22248709483171222,0.10234700075366739,971,1642,1623,False,right,right,False,0,0.0,none
479155__534563,N. Collins + C. Richards,479155,N. Collins,534563,C. Richards,1.0,0.9976525821596245,0.34856897797038644,0.5673528349584687,2.9794638465322185,5.232538121003444,0.17656294072911694,0.2683887814127616,-0.5604001083490311,0.062103756163701035,0.8660296393719227,1.0219558804660602,0.09287591947716162,0.4774329284452917,-0.38455700896813017,0.20761135852147877,-0.17382285935865907,0.2502260278867661,0.10170402703049489,972,1669,1628,False,right,right,False,0,0.0,none
365443__397074,M. Guéhi + M. de Ligt,397074,M. Guéhi,365443,M. de Ligt,1.0,0.9913978494623656,0.4032258064516129,0.567741935483871,2.420709345406409,4.295787478361675,0.17656294072911694,-0.4468138440347151,0.26063913695512697,0.06736187049212267,0.11418071201589744,0.1713436902267816,0.11193245752722193,0.444617084083206,-0.3326846265559841,0.2502096313090997,-0.3148965356662044,0.34759192805971556,0.10015424056663164,973,1628,1611,False,left,right,True,0,0.0,none
234399__415917,Gabriel Magalhaes + A. Webster,415917,Gabriel Magalhaes,234399,A. Webster,1.0,0.986842105263158,0.3830827067669173,0.6659147869674186,2.59242608048844,3.8957770670596217,0.17656294072911694,-0.9677442130604601,-0.04194474547576567,1.3940218037163226,0.3452393304617012,-0.1918839571187183,0.21760307645099558,0.27120198566107834,-0.05359890921008273,0.4864217826834361,-1.0603993845860251,0.8714435583722316,0.09937978764035688,974,1609,1651,False,left,left,False,0,0.0,none
604320__769441,J. Branthwaite + L. Yoro,604320,J. Branthwaite,769441,L. Yoro,1.0,0.9954954954954955,0.4159159159159159,0.5792042042042043,1.9489193382012524,3.307175984210398,0.17656294072911694,0.02173490822983895,0.45126633188974014,0.2222573678248403,-0.5206505244927818,-0.7263605119974278,0.07149084474861264,0.5096740507682815,-0.4381832060196689,0.15980796188787538,-0.03521988439939007,0.14956816900360756,0.09925164942484219,975,1623,1611,False,left,right,True,0,0.0,none
496001__501419,M. Kilman + J. Todibo,496001,M. Kilman,501419,J. Todibo,1.0,1.0,0.3816925734024179,0.5373602399781838,2.2059837676081715,3.95985379107115,0.17656294072911694,0.53680623164123,-0.06282693129181094,-0.3432015135974967,-0.17474974853202985,-0.1336993772810211,-0.05887521144250504,0.7216942231943306,-0.7805694346368358,-0.13160744679166558,0.8762442499825942,-0.4931002762445483,0.0984494963500358,976,1633,1633,True,left,right,True,26,1756.0,very_high
8360__286380,I. Diop + C. Dawson,286380,I. Diop,8360,C. Dawson,1.0,1.0,0.36666666666666664,0.625,1.9648163822321987,3.1304508320500535,0.17656294072911694,0.53680623164123,-0.2885418047877982,0.8411193696337753,-0.49925977868453086,-0.8868349882417612,-0.025001306138795337,0.6663720402571607,-0.691373346395956,-0.05588698514648769,0.6384169479576564,-0.3256767452704717,0.09844624275995871,977,1616,1629,False,right,left,True,0,0.0,none
239411__568412,T. Mings + J. Gvardiol,239411,T. Mings,568412,J. Gvardiol,1.0,0.9918032786885246,0.3637571998227736,0.5976960567124501,2.446327510948433,4.123055709364955,0.17656294072911694,-0.4004547011237593,-0.33224698359391774,0.47214722477671434,0.1486520053026481,0.014495387528158876,-0.02049883579377946,0.6586794064306148,-0.6791782422243943,-0.045822331248108014,0.6053466992563176,-0.30278619657863115,0.098135604837115,978,1614,1625,False,left,left,False,0,0.0,none
136441__558243,S. van den Berg + B. Davies,558243,S. van den Berg,136441,B. Davies,1.0,1.0,0.3611444577831132,0.4954981992797119,3.0740458015267174,6.186513994910942,0.17656294072911694,0.53680623164123,-0.37149484725571086,-0.9089046716337147,0.9932972341144625,1.888209364158846,0.09734830790384691,0.46546166686557633,-0.36811335896172936,0.2176087684241413,-0.22528671512465417,0.2810912149198423,0.09743661265864287,979,1669,1624,False,left,left,False,0,0.0,none
234399__412968,M. Senesi + A. Webster,412968,M. Senesi,234399,A. Webster,1.0,0.986842105263158,0.3742914979757085,0.5959514170040485,2.609236770363027,4.479532891276046,0.17656294072911694,-0.9677442130604601,-0.17400376960528596,0.44857101644547137,0.3678594599190157,0.3381928825419711,0.038692963936159314,0.561020985472972,-0.5223280215368127,0.08649280516661861,0.18551802397158204,-0.008373982999711354,0.09722701317484164,980,1659,1651,False,left,left,False,0,0.0,none
234399__558243,S. van den Berg + A. Webster,558243,S. van den Berg,234399,A. Webster,1.0,0.986842105263158,0.34932920536635703,0.5773993808049536,2.672602960239259,4.817738560208759,0.17656294072911694,-0.9677442130604601,-0.5489801898357994,0.19786786651008426,0.4531237428788698,0.6452990127186122,-0.09918915766995556,0.7859036180023713,-0.8850927756723269,-0.22172373517684707,1.1522772320721393,-0.6892934857282483,0.09696260488756855,981,1669,1651,False,left,left,False,0,0.0,none
7919__349142,M. Keane + N. Mazraoui,7919,M. Keane,349142,N. Mazraoui,1.0,1.0,0.36859582542694497,0.5578747628083491,2.541427958786466,4.4194917583928035,0.17656294072911694,0.53680623164123,-0.2595625336404636,-0.06597827849003468,0.27661727368802713,0.28367280300166475,0.03715424611823604,0.5629819520734402,-0.5258277059552041,0.08305321287661917,0.19394812146936202,-0.014942987696864793,0.09672244533974524,982,1623,1611,False,left,right,True,0,0.0,none
346131__777938,Dean Huijsen + T. Chalobah,777938,Dean Huijsen,346131,T. Chalobah,1.0,0.9960629921259843,0.41630212890055407,0.5752891999611159,2.461080586080586,4.273122710622711,0.17656294072911694,0.08662578362025217,0.45706791288602744,0.1693519139318323,0.16850344934643374,0.15076305024628922,0.26051484715800693,0.19652235078085992,0.06399249637714702,0.5823451507986288,-1.3814434059316942,1.0921658873879527,0.09517273109739671,983,1659,1628,False,left,right,True,0,0.0,none
258154__496001,M. Kilman + Rúben Dias,496001,M. Kilman,258154,Rúben Dias,1.0,0.9939024390243902,0.3918551750284342,0.5261278908125869,2.2902208040487393,4.214576814105514,0.17656294072911694,-0.16042446224492046,0.08983276377661323,-0.4949899904400887,-0.06140207014396615,0.09760071333497167,-0.06539292210588121,0.7282119338577069,-0.7936048559635881,-0.14617689356420807,0.9042635626733172,-0.517568123538096,0.09467699731227192,984,1633,1625,False,left,right,True,0,0.0,none
136441__349142,B. Davies + N. Mazraoui,136441,B. Davies,349142,N. Mazraoui,1.0,1.0,0.40036014405762305,0.4954981992797119,2.5352668213457075,5.041608662026295,0.17656294072911694,0.53680623164123,0.21759197606714958,-0.9089046716337147,0.2683269698662343,0.8485832475701365,0.09082054477074289,0.4719894299986803,-0.38116888522793746,0.20301685073654957,-0.19722418736852518,0.25658563009744,0.09365829517720524,985,1624,1611,False,left,right,True,0,0.0,none
366217__545267,R. Drăgușin + K. Danso,545267,R. Drăgușin,366217,K. Danso,1.0,1.0,0.4232158988256549,0.5519421860885275,2.268060043781924,4.093623884975652,0.17656294072911694,0.53680623164123,0.560924587326278,-0.1461482207503446,-0.09122114775753007,-0.012230047680426084,0.223524701719491,0.2531922403455894,-0.029667538626098416,0.4996587624470631,-1.137822380410385,0.9163634045587541,0.09175534801216687,986,1624,1624,True,right,right,False,0,0.0,none
397074__479155,N. Collins + M. Guéhi,479155,N. Collins,397074,M. Guéhi,1.0,0.9944267757080115,0.37694987127063456,0.5594123883083446,2.898738721171403,5.151907429402067,0.17656294072911694,-0.10046874696571856,-0.13407044627767106,-0.045199558993537725,0.7574075185819832,0.9487395451239957,0.16012993368014444,0.3564954241966153,-0.19636549051647076,0.35794846778840184,-0.6937271513089206,0.6034667264414086,0.09154943378980648,987,1669,1628,False,right,left,True,0,0.0,none
192792__415847,D. Burn + C. Romero,192792,D. Burn,415847,C. Romero,1.0,0.9784533648170012,0.35242030696576154,0.5548996458087367,3.208018715407878,5.708693915590468,0.17656294072911694,-1.926961733885625,-0.5025465456808841,-0.10618255554214306,1.1735685185396627,1.4543269991946992,-0.050699703711969496,0.7003023343058093,-0.7510020380177789,-0.11333222242678917,0.7842815878195288,-0.4376014529070837,0.09109807455104729,988,1613,1624,False,left,right,True,0,0.0,none
136441__286380,B. Davies + I. Diop,136441,B. Davies,286380,I. Diop,1.0,1.0,0.3536281179138322,0.5379818594104309,2.5364312267657994,4.772242874845105,0.17656294072911694,0.53680623164123,-0.48440315505925907,-0.3348012524049821,0.2698937706067018,0.6039868611043075,-0.0642816858132664,0.7220845968255599,-0.7863662826388264,-0.14369287749581414,0.8779224467305856,-0.5039811206868774,0.09073407113389309,989,1624,1616,False,left,right,True,0,0.0,none
424241__568412,N. Milenković + J. Gvardiol,424241,N. Milenković,568412,J. Gvardiol,0.9967741935483871,0.9935483870967742,0.41299040976460333,0.6301656495204881,2.3854086880402674,3.7798172666593723,-2.5466959756012724,-0.20090882511573044,0.40732021519489087,0.9109254325559566,0.06668085058798887,-0.29718073014253626,0.030270736331647563,0.5671671912182463,-0.5368964548865988,0.06766607241831192,0.21194025556987026,-0.03571933636985847,0.09027124560614534,990,1642,1625,False,right,left,True,0,0.0,none
285382__496001,M. Kilman + W. Faes,496001,M. Kilman,285382,W. Faes,1.0,1.0,0.35960421998876335,0.5716024720644235,2.2727080816074183,3.91030720493792,0.17656294072911694,0.53680623164123,-0.39463185888631364,0.11953127501455019,-0.08496684063988402,-0.17868993104334518,-0.07349199757058217,0.7363110093224079,-0.8098030068929899,-0.1642812640992207,0.9390810836820923,-0.5479725019961251,0.0899891926557923,991,1633,1631,False,left,right,True,0,0.0,none
488453__590781,J. van Hecke + L. Martínez,590781,J. van Hecke,488453,L. Martínez,1.0,1.0,0.37068634969325154,0.522430981595092,1.8798442152249772,3.3372661769639835,0.17656294072911694,0.53680623164123,-0.22815927601295738,-0.5449482147506006,-0.6135966341206388,-0.6990372483691608,-0.27945169227263245,1.072043346010437,-1.3514950382830695,-0.6246758664727244,2.382377634863459,-1.5647434656613468,0.08942666409040617,992,1651,1611,False,right,left,True,0,0.0,none
496001__549884,M. Kilman + T. Harwood-Bellis,496001,M. Kilman,549884,T. Harwood-Bellis,1.0,1.0,0.3532372888495724,0.5444205737394161,2.510048438301926,4.543628560985356,0.17656294072911694,0.53680623164123,-0.4902740774833985,-0.24779161386786724,0.2343936159461889,0.39639466593497075,-0.07501882367030283,0.7378378354221286,-0.8128566590924313,-0.16769427408688498,0.9456448328452485,-0.5537042918501439,0.08910545444010326,993,1633,1619,False,left,right,True,0,0.0,none
283145__479155,N. Collins + T. Adarabioyo,479155,N. Collins,283145,T. Adarabioyo,1.0,0.983568075117371,0.3896713615023474,0.57981220657277,2.9342105263157894,5.044736842105263,0.17656294072911694,-1.3421159199580612,0.0570281415699082,0.2304736146740697,0.8051376730513504,0.8514237773624933,0.15541230325533928,0.3612130546214204,-0.2058007513660812,0.3474028530907525,-0.6734462936797774,0.5857564801934206,0.08881883448012715,994,1669,1610,False,right,right,False,0,0.0,none
145787__286380,J. Andersen + I. Diop,145787,J. Andersen,286380,I. Diop,1.0,0.9963503649635037,0.36342254663422546,0.5879967558799676,2.2674076577422304,3.811973514575745,0.17656294072911694,0.11948567033711163,-0.3372740480797133,0.3410756138344655,-0.09209898541821587,-0.26798139445498825,-0.06083892021261489,0.7139985384441648,-0.7748374586567798,-0.1359970479692162,0.8431608855129561,-0.48234119838624656,0.08848150199202942,995,1616,1616,True,right,right,False,8,489.0,high
15806__479155,N. Collins + J. Vestergaard,479155,N. Collins,15806,J. Vestergaard,1.0,0.9976525821596245,0.37661384976525825,0.5689553990610328,2.5091615141004375,4.349909515910119,0.17656294072911694,0.2683887814127616,-0.1391180652275141,0.08376002419673748,0.23320018840655987,0.2204889619817751,0.06958477868306691,0.5007240692393865,-0.4311392905563196,0.15554721305731392,-0.07369540808954442,0.16278979365122687,0.08822294283203902,996,1669,1631,False,right,left,True,0,0.0,none
365443__424241,N. Milenković + M. de Ligt,424241,N. Milenković,365443,M. de Ligt,0.9967741935483871,0.9881720430107527,0.42258064516129035,0.6258064516129032,2.5308610936517915,4.041106222501571,-2.5466959756012724,-0.8156713724131953,0.551381988466087,0.8520173625794321,0.2623987104352687,-0.05991847389526501,0.06051839285333388,0.5148102665269043,-0.45429187367357043,0.13528055309220208,-0.01313954932153291,0.11933175313500194,0.08756476237664156,997,1642,1611,False,right,right,False,0,0.0,none
349142__479155,N. Collins + N. Mazraoui,479155,N. Collins,349142,N. Mazraoui,1.0,0.9976525821596245,0.39070698702016016,0.5334161833747584,2.506319452924655,4.577573574306998,0.17656294072911694,0.2683887814127616,0.07258501190413852,-0.39649956688883653,0.2293759674970427,0.4272182819698569,0.06772823632441112,0.5025806115980423,-0.4348523752736312,0.1513971676698443,-0.06571422519306341,0.15582023067555736,0.0871483624121146,998,1669,1611,False,right,right,False,0,0.0,none
239411__590874,Toti + T. Mings,590874,Toti,239411,T. Mings,1.0,0.9861853011604347,0.3891140173144225,0.5734020998342235,2.3058712852519325,4.0208369898693475,0.17656294072911694,-1.042847025827854,0.048655876582274216,0.14385056513226163,-0.04034309436566236,-0.07832385904145778,-0.05471258873862053,0.7017193403078696,-0.7564319290464901,-0.12230247560612251,0.7903732258665285,-0.44779350893510417,0.08640202816987642,999,1629,1614,False,left,left,False,0,0.0,none
9433__349142,J. Tarkowski + N. Mazraoui,9433,J. Tarkowski,349142,N. Mazraoui,1.0,0.9970588235294118,0.3558823529411764,0.5647058823529412,2.5601128172389314,4.3930118105547,0.17656294072911694,0.20049495576673537,-0.45054068120158464,0.02633413234376647,0.3017592470537541,0.25962780596331747,-0.04348995464782121,0.6832847097750665,-0.7267746644228877,-0.0972158188828668,0.7111236697088771,-0.39212600086113003,0.08630399129900371,1000,1623,1611,False,right,right,False,0,0.0,none
447424__479155,N. Collins + C. Bassey,479155,N. Collins,447424,C. Bassey,1.0,0.9976525821596245,0.38776581054957193,0.5628279480806406,2.3690877918685027,4.121142437272084,0.17656294072911694,0.2683887814127616,0.028403500154924155,0.0009566464233629057,0.04471977778140568,0.01275804944547454,0.0626114981648422,0.5076973497576112,-0.44508585159276903,0.13995940246130703,-0.04371762334095746,0.13661171185730256,0.0841867565998268,1001,1669,1616,False,right,left,True,0,0.0,none
534563__568412,C. Richards + J. Gvardiol,534563,C. Richards,568412,J. Gvardiol,1.0,1.0,0.3652546777546778,0.58004158004158,2.3559820651557004,4.115129214120852,0.17656294072911694,0.53680623164123,-0.3097522983874292,0.23357325562588596,0.02708497295855708,0.007297769321574887,0.014430786802552734,0.5858401504897385,-0.5714093636871858,0.03225804136828637,0.29221437507459325,-0.10050102320769333,0.08369312856498248,1002,1628,1625,False,right,left,True,0,0.0,none
136441__364003,S. Bueno + B. Davies,364003,S. Bueno,136441,B. Davies,1.0,1.0,0.3825170068027211,0.5068707482993198,2.664099594672843,5.220922601814322,0.17656294072911694,0.53680623164123,-0.05044252854475162,-0.7552216024863309,0.4416817835440555,1.0114084607275897,0.07003082535347277,0.49277914941595047,-0.42274832406247775,0.15654428911026988,-0.10785022169402902,0.1785398704358757,0.08162505213410137,1003,1629,1624,False,center,left,False,0,0.0,none
397074__568412,M. Guéhi + J. Gvardiol,397074,M. Guéhi,568412,J. Gvardiol,1.0,0.9967741935483871,0.3936355710549259,0.572101133391456,2.2752569397948843,4.034498522519476,0.17656294072911694,0.1679487032627498,0.11657736368393079,0.1262699404686472,-0.08153714783138238,-0.06591856602048968,0.08168480100553556,0.47135623298136087,-0.3896714319758254,0.18259515063520945,-0.19994626972833285,0.24062611408190326,0.07943891721548553,1004,1628,1625,False,left,left,False,0,0.0,none
192792__258154,D. Burn + Rúben Dias,192792,D. Burn,258154,Rúben Dias,1.0,0.991836323321911,0.36691191292078207,0.5272626486595444,2.7045195459079467,4.891535648126157,0.17656294072911694,-0.3966761849666729,-0.2848577857001962,-0.47965542750623497,0.4960700648351495,0.712310125099247,-0.07200111268487416,0.7216037432787139,-0.7936048559635881,-0.16094859575780968,0.8758552813433232,-0.517568123538096,0.07876866181647293,1005,1613,1625,False,left,right,True,0,0.0,none
136441__288080,C. Burgess + B. Davies,288080,C. Burgess,136441,B. Davies,1.0,1.0,0.3686039633244602,0.5210736468500443,2.7478654592496765,5.275075463561881,0.17656294072911694,0.53680623164123,-0.2594402884714711,-0.5632905731013675,0.5543954624571527,1.0605817222573726,0.057092193246056466,0.509314989487683,-0.4522227962416264,0.1276217545679244,-0.036763470915550614,0.12321546884884953,0.07742492977906693,1006,1634,1624,False,left,left,False,0,0.0,none
364003__479155,N. Collins + S. Bueno,479155,N. Collins,364003,S. Bueno,1.0,0.9976525821596245,0.3728638497652582,0.5447887323943662,2.635152226251791,4.756887514095023,0.17656294072911694,0.2683887814127616,-0.19544949270776268,-0.2428164977414527,0.40273078117486394,0.5900434951273101,0.04693851690714097,0.5233703310153124,-0.4764318141081714,0.10492460604356453,0.023659740481432257,0.07777447101399321,0.07511511936901058,1007,1669,1629,False,right,center,False,0,0.0,none
412027__479155,N. Collins + E. Konsa,479155,N. Collins,412027,E. Konsa,1.0,0.9976525821596245,0.3939749608763693,0.5666405842462181,2.2150292885193394,3.815553629801891,0.17656294072911694,0.2683887814127616,0.12167558051437713,0.05247874814901868,-0.16257827576405115,-0.26473048699338997,0.04671758496007691,0.5235912629623765,-0.4768736780022995,0.10443074302795213,0.024609515889988342,0.07694508023213406,0.07498724232739938,1008,1669,1614,False,right,right,False,0,0.0,none
8653__397074,M. Guéhi + H. Maguire,397074,M. Guéhi,8653,H. Maguire,1.0,0.9967741935483871,0.384866163349348,0.5644818119423474,2.6566554489239316,4.705821811457485,0.17656294072911694,0.1679487032627498,-0.015154170772468223,0.02330615432882832,0.4316650892979708,0.5436735144843012,0.1529255503377142,0.34929104085418494,-0.19636549051647076,0.3418440585782272,-0.7246984355590295,0.6034667264414086,0.07420584390968651,1009,1628,1611,False,left,center,False,0,0.0,none
239411__366217,T. Mings + K. Danso,239411,T. Mings,366217,K. Danso,1.0,0.9918032786885246,0.3670531787285086,0.5795681727309077,2.6723415664063808,4.613540584469989,0.17656294072911694,-0.4004547011237593,-0.2827357311392939,0.22717586060604422,0.45277201654383215,0.4598779631042316,0.03799208897498973,0.5368578127118142,-0.4988657237368245,0.08492609547845356,0.08164175081954154,0.03566540056418596,0.07408865309792645,1010,1614,1624,False,left,right,True,0,0.0,none
545267__590874,Toti + R. Drăgușin,590874,Toti,545267,R. Drăgușin,1.0,0.9943820224719101,0.44527673741156887,0.5457761131918435,1.9015897626274758,3.5009202903750105,0.17656294072911694,-0.10558609306286465,0.8923161950478461,-0.2294735162241272,-0.5843362586670247,-0.5504318698261155,0.13082002400588066,0.3850543334491678,-0.25423430944328707,0.2924301913624869,-0.5709538264742254,0.4948453486533787,0.07389801746965156,1011,1629,1624,False,left,right,True,0,0.0,none
239411__365443,M. de Ligt + T. Mings,365443,M. de Ligt,239411,T. Mings,1.0,0.9864269346025031,0.37334743521946057,0.5933368588048651,2.591779916559957,4.384344665207154,0.17656294072911694,-1.0152172484212243,-0.18818521032272156,0.4132391548001898,0.34436986514992796,0.25175764377543014,0.009748820727906893,0.582759253748663,-0.573010433020756,0.021792149425782198,0.27896975382420686,-0.103506274743352,0.07388574591148275,1012,1611,1614,False,right,left,True,0,0.0,none
9097__413002,L. Dunk + K. Mavropanos,9097,L. Dunk,413002,K. Mavropanos,1.0,1.0,0.39789936492427946,0.6084513922813874,2.3888853235711833,3.927030812715721,0.17656294072911694,0.53680623164123,0.18062685572185508,0.617489573013196,0.0713589421102236,-0.16350413453248208,0.2524076592056085,0.18540429856632987,0.06700336063927864,0.5642226459118773,-1.4292393572403597,1.097817363097161,0.07290298840326298,1013,1651,1633,False,left,right,True,0,0.0,none
8360__501419,J. Todibo + C. Dawson,501419,J. Todibo,8360,C. Dawson,1.0,1.0,0.38888888888888884,0.5840643274853801,1.7756946919608052,2.9914169786931386,0.17656294072911694,0.53680623164123,0.045274061761822804,0.2879346984741057,-0.7537381581585417,-1.013084050839478,-0.06959935025923525,0.7109700843776006,-0.7805694346368358,-0.15557978581396467,0.8301417127016549,-0.4931002762445483,0.07263256565460446,1014,1633,1629,False,right,left,True,0,0.0,none
366217__397074,M. Guéhi + K. Danso,397074,M. Guéhi,366217,K. Danso,1.0,0.9967741935483871,0.39693154996066093,0.5539732494099134,2.501270995252833,4.52498339762451,0.17656294072911694,0.1679487032627498,0.16608861613855463,-0.11870142370202288,0.22258286340980168,0.37946400955558307,0.1401757257743048,0.36806279906693673,-0.22788707329263197,0.3133435773617711,-0.6439995843391935,0.5442998414988265,0.07233188167889282,1015,1628,1624,False,left,right,True,0,0.0,none
283145__568412,T. Adarabioyo + J. Gvardiol,283145,T. Adarabioyo,568412,J. Gvardiol,1.0,0.9859154929577465,0.40635706128663873,0.5925009516558812,2.3107287449392713,3.9273279352226718,0.17656294072911694,-1.0736984697295928,0.30767595153151006,0.40194311413625466,-0.0338069933620152,-0.163234333781992,0.07696717058073038,0.4709297561946758,-0.3939625856139455,0.17204953593756006,-0.20177967213887701,0.23257149971242408,0.07200516626960175,1016,1610,1625,False,right,left,True,0,0.0,none
8653__283145,H. Maguire + T. Adarabioyo,8653,H. Maguire,283145,T. Adarabioyo,1.0,0.9859154929577465,0.39758765358106085,0.5848816302067725,2.6921272540683185,4.59865122416068,0.17656294072911694,-1.0736984697295928,0.17594441707511105,0.2989793279964358,0.479395243767338,0.4463577467227988,0.14820791991290902,0.35400867127899016,-0.2058007513660812,0.3312984438805778,-0.7044175779298858,0.5857564801934206,0.07147524460000729,1017,1611,1610,False,center,right,False,0,0.0,none
9097__777938,Dean Huijsen + L. Dunk,777938,Dean Huijsen,9097,L. Dunk,1.0,0.9960629921259843,0.4082505991098939,0.5739472783293392,2.4685368548356177,4.295560132857945,0.17656294072911694,0.08662578362025217,0.3361201351506578,0.15121784086069057,0.1785364560680862,0.17113725016891956,0.21809868133691016,0.23893851660195672,-0.02083983526504661,0.48752963931876026,-1.1990984270480771,0.9329332485535677,0.07062194125567059,1018,1659,1651,False,left,left,False,0,0.0,none
346131__568412,T. Chalobah + J. Gvardiol,346131,T. Chalobah,568412,J. Gvardiol,1.0,1.0,0.41991991991991995,0.5947614280947614,2.15334008097166,3.6323380566801617,0.17656294072911694,0.53680623164123,0.5114133348716542,0.43249008792933236,-0.24558604470499928,-0.43109856067787977,0.25688183925444225,0.17390852673889112,0.08297331251555111,0.5742240607397163,-1.478659106304114,1.1277934056046641,0.06907297959955686,1019,1628,1625,False,right,left,True,0,0.0,none
8360__258154,Rúben Dias + C. Dawson,258154,Rúben Dias,8360,C. Dawson,1.0,0.9939024390243902,0.3990514905149051,0.5728319783197832,1.859931728401373,3.246140001727502,0.17656294072911694,-0.16042446224492046,0.19793375683024697,0.1361462216315137,-0.640390479770478,-0.7817839602234853,-0.07611706092261142,0.7174877950409767,-0.7936048559635881,-0.17014923258650713,0.8581610253923774,-0.517568123538096,0.06886006661684041,1020,1625,1629,False,right,left,True,0,0.0,none
424241__625787,N. Milenković + M. van de Ven,424241,N. Milenković,625787,M. van de Ven,0.9967741935483871,0.9935483870967742,0.41416549789621315,0.59109396914446,2.4386206167028086,4.12003490770614,-2.5466959756012724,-0.20090882511573044,0.4249720530265391,0.38292984013593145,0.13828176191285174,0.011752362225249877,-0.027516792975772558,0.6373110070078203,-0.6648277999835928,-0.061510010388204465,0.5134850171335036,-0.275850018564791,0.06812049623299063,1021,1642,1624,False,right,left,True,0,0.0,none
288080__479155,N. Collins + C. Burgess,479155,N. Collins,288080,C. Burgess,1.0,0.9976525821596245,0.3589508062869973,0.5589916309450909,2.718918090828624,4.811040375842582,0.17656294072911694,0.2683887814127616,-0.40444725263448217,-0.05088546835648933,0.5154444600879611,0.6392167566570929,0.03399988479972468,0.5363089631227287,-0.502309078323004,0.07600207150121908,0.07928227384196185,0.029202128524081678,0.06762614360801443,1022,1669,1634,False,right,left,True,0,0.0,none
412968__777938,Dean Huijsen + M. Senesi,777938,Dean Huijsen,412968,M. Senesi,1.0,0.9960629921259843,0.3895215021199273,0.5451847365233191,2.665990966961841,4.907648985318888,0.17656294072911694,0.08662578362025217,0.054776996787766624,-0.23746509148876452,0.4442267764234843,0.726941768161609,0.13732599629258588,0.36613672200440894,-0.228810725711823,0.3069733986066219,-0.6522796934555193,0.5425661202957609,0.06631601532580735,1023,1659,1659,True,left,left,False,5,109.0,low
283145__399581,D. O'Shea + T. Adarabioyo,399581,D. O'Shea,283145,T. Adarabioyo,1.0,0.9859154929577465,0.36173847820651717,0.5775481290107509,3.0488721804511276,5.259962406015037,0.17656294072911694,-1.0736984697295928,-0.3625716423483065,0.19987797706293306,0.9594241110072401,1.0468583786097196,0.07196142220268975,0.4727477519236052,-0.4007863297209155,0.16085987313764288,-0.19396419927882771,0.21976314280592846,0.06619330534635882,1024,1634,1610,False,right,right,False,0,0.0,none
15806__240032,J. Bednarek + J. Vestergaard,240032,J. Bednarek,15806,J. Vestergaard,1.0,1.0,0.40208333333333335,0.5666666666666667,2.0999572237537176,3.6799793587636986,0.17656294072911694,0.53680623164123,0.24347723252566075,0.052831213231246316,-0.3174169540894286,-0.3878380914917108,0.08072383900467985,0.45817963951530577,-0.3774558005106259,0.18044705210107614,-0.2565917870874427,0.2635551930731095,0.06595702853892717,1025,1619,1631,False,center,left,False,0,0.0,none
9433__283145,J. Tarkowski + T. Adarabioyo,9433,J. Tarkowski,283145,T. Adarabioyo,1.0,0.9829743164871583,0.3548467274233637,0.6111019055509528,2.9880038906300657,4.860175078352967,0.17656294072911694,-1.4100097456040874,-0.46609755153581495,0.6533073139066727,0.8775209526080618,0.6838333013559539,0.044194112283106934,0.5174485784352783,-0.47325446615217137,0.09878986653804137,-0.0017975781671868308,0.08373844123307046,0.06560334806547873,1026,1623,1610,False,right,right,False,0,0.0,none
7919__447424,C. Bassey + M. Keane,447424,C. Bassey,7919,M. Keane,1.0,1.0,0.36565464895635674,0.5872865275142315,2.404196297730314,3.963060621357891,0.17656294072911694,0.53680623164123,-0.303744045389678,0.33147793482216475,0.09196108397239011,-0.1307874295227176,0.03203750795866711,0.537171632008559,-0.505134124049892,0.07161544766808188,0.08299084430619842,0.02389943935814529,0.06548486499752952,1027,1616,1623,False,left,left,False,0,0.0,none
240032__349142,J. Bednarek + N. Mazraoui,240032,J. Bednarek,349142,N. Mazraoui,1.0,1.0,0.41617647058823526,0.5311274509803922,2.097115162577935,3.9076434171605765,0.17656294072911694,0.53680623164123,0.4551803096573134,-0.4274283778543277,-0.3212411749989458,-0.18110877150362897,0.07886729664602404,0.46003618187396156,-0.38116888522793746,0.17629700671360649,-0.2486106041909619,0.25658563009744,0.06488244811900268,1028,1619,1611,False,center,right,False,0,0.0,none
8360__285382,W. Faes + C. Dawson,285382,W. Faes,8360,C. Dawson,1.0,1.0,0.3668005354752343,0.6183065595716197,1.8424190059600523,2.9418703925599083,0.17656294072911694,0.53680623164123,-0.2865308658326799,0.7506674870861525,-0.6639552502663959,-1.0580746046018021,-0.08421613638731237,0.7255868705056776,-0.8098030068929899,-0.18825360312151976,0.892978546401152,-0.5479725019961251,0.06417226196036069,1029,1631,1629,False,right,left,True,0,0.0,none
240032__619747,L. Colwill + J. Bednarek,619747,L. Colwill,240032,J. Bednarek,0.9964285714285714,0.9857142857142858,0.4464285714285714,0.5958333333333333,2.4618483412322276,4.132701421800948,-2.8384737166366527,-1.0967056797491785,0.9096187162206629,0.4469752914325108,0.16953652538621616,0.023254133141035797,0.04199956144718703,0.5194264358271564,-0.47742687437996945,0.09388424963589256,0.00670513199945086,0.07590671529149398,0.06413500747608034,1030,1610,1619,False,left,center,False,0,0.0,none
346131__415917,Gabriel Magalhaes + T. Chalobah,415917,Gabriel Magalhaes,346131,T. Chalobah,1.0,1.0,0.38941798941798944,0.6077601410934744,2.3996381525451294,3.945001219710522,0.17656294072911694,0.53680623164123,0.053222058584433074,0.6081483423069508,0.08582773460104919,-0.14718618762376076,0.20974984763075774,0.24488358602753346,-0.035133738396775735,0.46886696854724313,-1.1735408704447587,0.9061031960152469,0.06359186234324338,1031,1609,1628,False,left,right,True,0,0.0,none
145787__501419,J. Andersen + J. Todibo,145787,J. Andersen,501419,J. Todibo,1.0,0.9963503649635037,0.3856447688564477,0.5470610833653476,2.078285967470837,3.6729396612188303,0.17656294072911694,0.11948567033711163,-0.003458181530092308,-0.21210905732520408,-0.3465773648922268,-0.39423045705270504,-0.1054369643330548,0.7585965825646047,-0.8640335468976595,-0.23568984863669318,1.0348856502569548,-0.6497647293603231,0.06266782488667522,1032,1616,1633,False,right,right,False,0,0.0,none
424806__488453,E. Pinnock + L. Martínez,424806,E. Pinnock,488453,L. Martínez,1.0,1.0,0.3475215517241379,0.5377155172413793,2.112305583475734,3.583239712479376,0.17656294072911694,0.53680623164123,-0.5761342458507525,-0.33840047030350573,-0.3008012472040281,-0.4756820903779222,-0.2906785589898262,1.0608164792932433,-1.3514950382830695,-0.6497719846507987,2.334113895441315,-1.5647434656613468,0.06239948317472582,1033,1669,1611,False,left,left,False,0,0.0,none
240032__447424,C. Bassey + J. Bednarek,447424,C. Bassey,240032,J. Bednarek,1.0,1.0,0.41323529411764703,0.5605392156862745,1.9598835015217828,3.4512122801256635,0.17656294072911694,0.53680623164123,0.410998797908099,-0.029972164542128255,-0.5058973647145828,-0.5955690040280113,0.07375055848645515,0.4651529200335305,-0.3914023615470753,0.16485924150506928,-0.22661400233885548,0.23737711127918518,0.06192084230671503,1034,1616,1619,False,left,center,False,0,0.0,none
234399__545267,R. Drăgușin + A. Webster,545267,R. Drăgușin,234399,A. Webster,1.0,0.986842105263158,0.40107212475633525,0.601364522417154,2.293032296834088,3.8158075697703246,0.17656294072911694,-0.9677442130604601,0.22828714649297482,0.5217210773570613,-0.05761898145174968,-0.2644998979519677,0.07003375249785987,0.4708648842897032,-0.40083113179184326,0.15655083233941058,-0.20205855321908273,0.21967904807646654,0.06159365981927378,1035,1624,1651,False,right,left,True,0,0.0,none
239411__413002,K. Mavropanos + T. Mings,413002,K. Mavropanos,239411,T. Mings,1.0,0.9918032786885246,0.3497881746177933,0.6127279425308528,2.6744164847929244,4.395311043165281,0.17656294072911694,-0.4004547011237593,-0.5420856850083472,0.6752807829317197,0.45556398539621856,0.2617156137509263,0.01744314997848357,0.5551037529302532,-0.5376606029517697,0.038991765403921456,0.16008013673768093,-0.037153663477482494,0.060089191027768496,1036,1633,1614,False,right,left,True,0,0.0,none
366217__534563,C. Richards + K. Danso,534563,C. Richards,366217,K. Danso,1.0,1.0,0.36855065666041276,0.5619136960600375,2.5819961206136486,4.605614089225886,0.17656294072911694,0.53680623164123,-0.26024104593280534,-0.011398108544784125,0.33120498419974115,0.45268034489764764,0.07292171157132195,0.46401855677093795,-0.39109684519961596,0.16300646809484798,-0.2314905733621823,0.23795057393512375,0.05964617682579405,1037,1628,1624,False,right,right,False,0,0.0,none
397074__413002,M. Guéhi + K. Mavropanos,397074,M. Guéhi,413002,K. Mavropanos,1.0,0.9967741935483871,0.37966654584994564,0.5871330192098587,2.503345913639376,4.306753856319801,0.17656294072911694,0.1679487032627498,-0.09326133773049869,0.3294034986236526,0.22537483226218805,0.18130166020227773,0.11962678677779864,0.38714632994109166,-0.267519543163293,0.267409247287239,-0.561960438015839,0.4699085965705687,0.05909821155298159,1038,1628,1633,False,left,right,True,0,0.0,none
283145__590874,Toti + T. Adarabioyo,590874,Toti,283145,T. Adarabioyo,1.0,0.9802975154296566,0.4317138787782877,0.5682069947776547,2.170272519242771,3.8251092157270645,0.17656294072911694,-1.7160907944336876,0.688578811707702,0.07364645449180195,-0.22280209303032567,-0.25605358035160863,0.042753417635889246,0.5119783824642512,-0.4692249648283619,0.09556939157954543,-0.02531367750141892,0.09130192695315055,0.05845097792997715,1039,1629,1610,False,left,right,True,0,0.0,none
590703__604320,I. Zabarnyi + J. Branthwaite,590703,I. Zabarnyi,604320,J. Branthwaite,1.0,0.9954954954954955,0.40291355184972205,0.5954571592869465,2.3884105034380205,4.014482263373962,0.17656294072911694,0.02173490822983895,0.25594853763198333,0.4418918592237213,0.07072003359658055,-0.08409423973462406,0.19998872597785872,0.254995507748998,-0.05500678177113927,0.44704732209356685,-1.1300702238863152,0.8688009425357943,0.058262782388047774,1040,1659,1623,False,right,left,True,0,0.0,none
415917__619747,L. Colwill + Gabriel Magalhaes,619747,L. Colwill,415917,Gabriel Magalhaes,0.9964285714285714,0.9857142857142858,0.40714285714285714,0.6238095238095238,2.4938689217758987,3.9978858350951376,-2.8384737166366527,-1.0967056797491785,0.31947995214186886,0.8250318562378054,0.21262278077488753,-0.09916455147584465,-0.09471662317271934,0.7361145338998727,-0.830831157072592,-0.21172599875353534,0.9382364456512896,-0.5874429229793248,0.058119349722754246,1041,1610,1609,False,left,left,False,0,0.0,none
145787__557788,J. Andersen + W. Fofana,145787,J. Andersen,557788,W. Fofana,1.0,0.9824614760746148,0.3856447688564477,0.6018856447688565,2.517183327528155,4.168466271914548,0.17656294072911694,-1.4686509101813414,-0.003458181530092308,0.528763270120782,0.24399418077517204,0.05573024375561145,0.017505645035238604,0.5521898609354876,-0.534684215900249,0.03913146451760808,0.14755346055257437,-0.03156690244862012,0.05751838993485233,1042,1616,1610,False,right,right,False,0,0.0,none
413002__545267,K. Mavropanos + R. Drăgușin,413002,K. Mavropanos,545267,R. Drăgușin,1.0,1.0,0.4059508947149396,0.5851019558884727,2.2701349621684677,3.8753943436709433,0.17656294072911694,0.53680623164123,0.3015746334572247,0.3019567015753309,-0.08842917890514371,-0.21039239703373147,0.20297576272298481,0.24795882331624744,-0.044983060593262625,0.45372443237253096,-1.160320578897479,0.8876157451375366,0.05628919154452908,1043,1633,1624,False,right,right,False,0,0.0,none
9433__447424,J. Tarkowski + C. Bassey,9433,J. Tarkowski,447424,C. Bassey,1.0,0.9970588235294118,0.3529411764705882,0.5941176470588235,2.422881156182779,3.9365806735197872,0.17656294072911694,0.20049495576673537,-0.494722192950799,0.4237903456559659,0.1171030573381171,-0.15483242656106488,-0.048606692807390134,0.6574743897101855,-0.7060810825175756,-0.10865358409140408,0.600166392545714,-0.3532835738061199,0.05506641095678819,1044,1623,1616,False,right,left,True,0,0.0,none
145787__285382,W. Faes + J. Andersen,285382,W. Faes,145787,J. Andersen,1.0,0.9963503649635037,0.36355641544279305,0.5813033154515874,2.1450102814700838,3.6233930750856,0.17656294072911694,0.11948567033711163,-0.335263109124595,0.2506237312868428,-0.25679445700008097,-0.4392210108150291,-0.12005375046113187,0.7732133686926818,-0.8932671191538136,-0.26836366594424815,1.0977224839564517,-0.7046369551118999,0.05420752119243141,1045,1631,1616,False,right,right,False,0,0.0,none
145787__549884,T. Harwood-Bellis + J. Andersen,549884,T. Harwood-Bellis,145787,J. Andersen,1.0,0.9963503649635037,0.3571894843036022,0.55412141712658,2.3823506381645916,4.256714431133036,0.17656294072911694,0.11948567033711163,-0.4309053277216799,-0.11669915759557464,0.06256599958599196,0.1358635861632868,-0.12158057656085255,0.7747401947924025,-0.896320771353255,-0.27177667593191246,1.1042862331196084,-0.7103687449659187,0.053323782976742506,1046,1619,1616,False,right,right,False,0,0.0,none
240032__364003,J. Bednarek + S. Bueno,240032,J. Bednarek,364003,S. Bueno,1.0,1.0,0.3983333333333333,0.5425,2.2259479359050705,4.086957356948603,0.17656294072911694,0.53680623164123,0.18714580504541217,-0.27374530870694386,-0.1478863613211245,-0.018283558346175663,0.05807757722875394,0.4808259012912316,-0.42274832406247775,0.12982444508732682,-0.15923663851646622,0.1785398704358757,0.05284920507589869,1047,1619,1629,False,center,center,False,0,0.0,none
240032__412027,J. Bednarek + E. Konsa,240032,J. Bednarek,412027,E. Konsa,1.0,1.0,0.41944444444444445,0.5643518518518519,1.8058249981726193,3.145623472655471,0.17656294072911694,0.53680623164123,0.504270878267552,0.021549937183527518,-0.7131954182600396,-0.8730575404668758,0.05785664528168988,0.4810468332382958,-0.4231901879566058,0.12933058207171444,-0.15828686310790968,0.17771047965401668,0.052721328034287654,1048,1619,1614,False,center,right,False,0,0.0,none
283145__366217,T. Adarabioyo + K. Danso,283145,T. Adarabioyo,366217,K. Danso,1.0,0.9859154929577465,0.40965304019237375,0.5743730676743387,2.5367428003972194,4.417812810327706,0.17656294072911694,-1.0736984697295928,0.3571872039861339,0.15697174996558455,0.27031301787916884,0.28214824179408077,0.13545809534949957,0.3533172759394415,-0.21785918058994191,0.3027979626641216,-0.7073898519709195,0.5631224741683171,0.051806520574448386,1049,1610,1624,False,right,right,False,0,0.0,none
9097__568412,L. Dunk + J. Gvardiol,9097,L. Dunk,568412,J. Gvardiol,1.0,1.0,0.4118683901292597,0.5934195064629847,2.1607963497266915,3.654775478915396,0.17656294072911694,0.53680623164123,0.39046555713628456,0.41435601485819057,-0.2355530379833468,-0.4107243607552495,0.21446567343334547,0.22340943456100976,-0.008943761127664318,0.4794085492598478,-1.2658571753230106,0.9552625095793569,0.050999623948892125,1050,1651,1625,False,left,left,False,0,0.0,none
558243__777938,Dean Huijsen + S. van den Berg,777938,Dean Huijsen,558243,S. van den Berg,1.0,0.9960629921259843,0.36455920951057585,0.5266327003242242,2.7293571568380726,5.245854654251601,0.17656294072911694,0.08662578362025217,-0.3201994234427468,-0.4881682414241516,0.5294910593833384,1.0340478983382502,-0.0005561253135290128,0.5730026789473872,-0.5735588042609163,-0.0012431417368438413,0.2370267259319923,-0.10453558276708871,0.04957933035775802,1051,1659,1669,False,left,left,False,0,0.0,none
7919__412968,M. Senesi + M. Keane,412968,M. Senesi,7919,M. Keane,1.0,1.0,0.3543424317617866,0.5764267990074441,3.016840749091244,5.226191422344737,0.17656294072911694,0.53680623164123,-0.47367293673281063,0.18472487144535243,0.9163232549764013,1.0161927894137333,0.18156413085745501,0.2739132466069546,-0.09234911574949956,0.4058616709076767,-1.0487438091620462,0.7987083461812723,0.04804936194147896,1052,1659,1623,False,left,left,False,0,0.0,none
283145__365443,M. de Ligt + T. Adarabioyo,365443,M. de Ligt,283145,T. Adarabioyo,1.0,0.980539148871725,0.41594729668332575,0.5881417537482962,2.4561811505507958,4.188616891064871,0.17656294072911694,-1.6884610170270578,0.45173772480270624,0.34303504415973013,0.16191086648526462,0.07402792246527924,0.10721482710241673,0.39500960351272396,-0.28779477641030726,0.23966401661145023,-0.5281566175709878,0.43185142154770323,0.04775530734396943,1053,1611,1610,False,right,right,False,0,0.0,none
8653__534563,C. Richards + H. Maguire,534563,C. Richards,8653,H. Maguire,1.0,1.0,0.3564852700490998,0.5724222585924714,2.7373805742847477,4.78645250305886,0.17656294072911694,0.53680623164123,-0.4414838328438282,0.13060946948606708,0.5402872100879103,0.6168898498263657,0.08567153613473139,0.42986800391599833,-0.3441964677812669,0.1915069493113041,-0.37830209483403937,0.3259838828644504,0.047459622778330324,1054,1628,1611,False,right,center,False,0,0.0,none
413002__534563,K. Mavropanos + C. Richards,413002,K. Mavropanos,534563,C. Richards,1.0,1.0,0.35128565254969746,0.5950734658599828,2.584071039000192,4.387384547921178,0.17656294072911694,0.53680623164123,-0.5195909998018586,0.4367068137808914,0.3339969530521275,0.2545179955443423,0.05237277257481582,0.4822644969893769,-0.42989172441456114,0.11707213802031596,-0.1530521874440429,0.1651315098934553,0.04564671475563618,1055,1633,1628,False,right,right,False,0,0.0,none
240032__288080,J. Bednarek + C. Burgess,240032,J. Bednarek,288080,C. Burgess,1.0,1.0,0.3844202898550725,0.5567028985507246,2.3097138004819042,4.141110218696161,0.17656294072911694,0.53680623164123,-0.02185195488130731,-0.08181427932198049,-0.0351726824080274,0.030889703183607058,0.045138945121337634,0.493764533398648,-0.44862558827731025,0.10090191054498135,-0.10361410515593616,0.1299675279459643,0.04536022931490269,1056,1619,1634,False,center,left,False,0,0.0,none
399581__412027,D. O'Shea + E. Konsa,399581,D. O'Shea,412027,E. Konsa,1.0,1.0,0.3660420775805391,0.564376506684199,2.3296909426546772,4.030779193711665,0.17656294072911694,0.53680623164123,-0.2979242034038376,0.021883110537882028,-0.00829183780816134,-0.06929588574616363,-0.0367332960925726,0.6266956774799958,-0.6634289735725684,-0.08211223692515744,0.4678502455523569,-0.27322438260280757,0.04465407868256682,1057,1634,1614,False,right,right,False,0,0.0,none
400549__623641,Pau Torres + E. Agbadou,400549,Pau Torres,623641,E. Agbadou,1.0,1.0,0.4087301587301587,0.503968253968254,1.607726416962199,3.1214918322613956,0.17656294072911694,0.53680623164123,0.3433239426096988,-0.7944444922898386,-0.9797529233784985,-0.8949701675367463,-0.20384855656798787,0.8991000071062527,-1.1029485636742407,-0.455675443106961,1.6389028565547434,-1.0982148407984325,0.044190167253256,1058,1614,1629,False,left,center,False,0,0.0,none
7953__623641,C. Coady + E. Agbadou,7953,C. Coady,623641,E. Agbadou,1.0,1.0,0.41216216216216217,0.5217717717717718,1.4686300455135743,2.684610594707972,0.17656294072911694,0.53680623164123,0.3948785165941965,-0.553856454115873,-1.1669182302566552,-1.29167820213361,-0.20543244753003045,0.9006838980682953,-1.1061163455983258,-0.4592160137546671,1.645711924711582,-1.1041608553103461,0.0432733994740718,1059,1631,1629,False,right,center,False,0,0.0,none
545267__627012,Murillo + R. Drăgușin,627012,Murillo,545267,R. Drăgușin,1.0,1.0,0.43311546840958604,0.5651416122004358,1.72824748054864,3.1173518975424352,0.17656294072911694,0.53680623164123,0.7096330902870487,0.03222237254098448,-0.8175821807738313,-0.8987294165603836,0.11364270457358558,0.3790318350549493,-0.2653891304813637,0.2540326536242673,-0.596844246347447,0.4739074402494229,0.04274454095778411,1060,1642,1624,False,left,right,True,0,0.0,none
545267__777938,Dean Huijsen + R. Drăgușin,777938,Dean Huijsen,545267,R. Drăgușin,1.0,0.9960629921259843,0.41630212890055407,0.5505978419364246,2.3497864934329025,4.243923663813167,0.17656294072911694,0.08662578362025217,0.45706791288602744,-0.16431503057717453,0.01874833505271889,0.12424898766767017,0.16866678485428643,0.28837041308458045,-0.11970362823029398,0.37703142577941384,-0.986593172369495,0.7473631677330758,0.04201039472547363,1061,1659,1624,False,left,right,True,0,0.0,none
488453__578325,W. Saliba + L. Martínez,578325,W. Saliba,488453,L. Martínez,1.0,1.0,0.40866623711340205,0.5228737113402062,1.252476079160926,2.3022327303681127,0.17656294072911694,0.53680623164123,0.34236373036469925,-0.5389653813581339,-1.457770701992533,-1.63889469484706,-0.2991839281905333,1.0523111100925364,-1.3514950382830695,-0.6687845690152501,2.2975497379490584,-1.5647434656613468,0.04192394374482311,1062,1609,1611,False,right,left,True,0,0.0,none
145787__504375,M. Lacroix + J. Andersen,504375,M. Lacroix,145787,J. Andersen,1.0,0.9928292382029402,0.37038655289400635,0.5707823583838799,2.499311368416277,4.3564454295926875,0.17656294072911694,-0.28314050500559407,-0.2326627377877546,0.10844865956410121,0.21994602857068393,0.22642386888193503,-0.014765691566745481,0.5874000747297542,-0.6021657662964998,-0.033006674958785585,0.2989204114901769,-0.15823164375918564,0.04152645721582315,1063,1628,1616,False,center,right,False,0,0.0,none
283145__413002,K. Mavropanos + T. Adarabioyo,413002,K. Mavropanos,283145,T. Adarabioyo,1.0,0.9859154929577465,0.3923880360816585,0.6075328374742839,2.538817718783763,4.199583269022997,0.17656294072911694,-1.0736984697295928,0.09783725011708058,0.60507667229126,0.27310498673155525,0.08398589244077538,0.11490915635299348,0.3724008068135964,-0.257491650460603,0.25686363258958966,-0.6253507056475653,0.4887312292400592,0.03857285044853706,1064,1633,1610,False,right,right,False,0,0.0,none
9097__234399,L. Dunk + A. Webster,9097,L. Dunk,234399,A. Webster,1.0,0.986842105263158,0.3930205949656751,0.6247139588100686,2.4117826582368043,3.8674440388151026,0.17656294072911694,-0.9677442130604601,0.10733936875760519,0.8372539487949264,0.10216913956361763,-0.21761163545071838,0.11946564898048359,0.3641938774651903,-0.24472822848470666,0.267049045878757,-0.6606318851168828,0.5126885262096961,0.037872662646252914,1065,1651,1651,True,left,left,False,2,64.0,low
145787__583655,J. Andersen + C. Okoli,145787,J. Andersen,583655,C. Okoli,1.0,0.9881536436520282,0.3665190857963384,0.5643173387579274,2.649317042330143,4.703777219061061,0.17656294072911694,-0.8177752624278777,-0.29075872241296274,0.02108354410041785,0.4217906755528898,0.5418169315930819,-0.04421978170208782,0.6304385566127164,-0.6746583383148042,-0.09884724699765686,0.48394069604942697,-0.29430221160651565,0.036898142994696514,1066,1616,1631,False,right,left,True,0,0.0,none
50102__136441,F. Schär + B. Davies,50102,F. Schär,136441,B. Davies,1.0,1.0,0.3630298273155416,0.5014628228913943,2.754329371816638,5.451726089417091,0.17656294072911694,0.53680623164123,-0.34317336536518833,-0.8283016633396324,0.563093174458043,1.2209885252269255,-0.007871264617308693,0.570681239386732,-0.5785525040040406,-0.017595130682751463,0.22704697317799094,-0.11390889565677913,0.03653474748066572,1067,1613,1624,False,right,left,True,0,0.0,none
15806__365443,M. de Ligt + J. Vestergaard,365443,M. de Ligt,15806,J. Vestergaard,1.0,0.9946236559139785,0.40288978494623656,0.5772849462365591,2.0311321383354435,3.4937895648697275,0.17656294072911694,-0.0779563156562349,0.2555915180052839,0.19632145368239787,-0.41002661815952585,-0.556906892915439,0.021387302530144356,0.5217956125002632,-0.5004083099701189,0.04780837657801168,0.01689010421620743,0.03276992342944115,0.0355252042397563,1068,1611,1631,False,right,left,True,0,0.0,none
349142__365443,M. de Ligt + N. Mazraoui,365443,M. de Ligt,349142,N. Mazraoui,1.0,0.9946236559139785,0.41698292220113853,0.5417457305502846,2.028290077159661,3.721453623266605,0.17656294072911694,-0.0779563156562349,0.46729459513693655,-0.28393813740317614,-0.413850839069043,-0.3501775729273572,0.01953076017148861,0.523652154858919,-0.5041213946874304,0.04365833119054214,0.024871287112688434,0.025800360453771647,0.034450623819831924,1069,1611,1611,True,right,right,False,6,486.0,high
424241__769441,N. Milenković + L. Yoro,424241,N. Milenković,769441,L. Yoro,0.9967741935483871,0.9935483870967742,0.4189964157706093,0.5832437275985662,2.039232423563843,3.4235527570228146,-2.5466959756012724,-0.20090882511573044,0.497540719667761,0.27684551266975294,-0.3991270356989298,-0.6206851090579873,-0.16718969191467156,0.8277819725955746,-0.9949716645102461,-0.3737295874387275,1.3323101873417587,-0.8955392069427489,0.03372042109461407,1070,1642,1611,False,right,right,False,0,0.0,none
9433__412968,J. Tarkowski + M. Senesi,9433,J. Tarkowski,412968,M. Senesi,1.0,0.9970588235294118,0.3416289592760181,0.5832579185520361,3.0355256075437094,5.199711474506634,0.17656294072911694,0.20049495576673537,-0.6646510842939316,0.2770372822791536,0.9414652283421283,0.9921477923753859,0.10091993009139774,0.3889975428712047,-0.28807761277980704,0.22559263914819072,-0.5540021660665473,0.43132052983929486,0.032859775721990156,1071,1623,1659,False,right,left,True,0,0.0,none
192792__400549,D. Burn + Pau Torres,192792,D. Burn,400549,Pau Torres,1.0,0.9979338842975207,0.34881280335825793,0.5000655909746818,2.528254315519863,4.669579253488434,0.17656294072911694,0.30055450891947755,-0.5567374331077707,-0.8471831725686387,0.25889108170315756,0.5107636234091403,-0.2266729665402004,0.9235259416783907,-1.150198908218591,-0.5066962759391724,1.7439087296116105,-1.1869050477276104,0.03244347136837478,1072,1613,1614,False,left,left,False,0,0.0,none
239411__479155,N. Collins + T. Mings,479155,N. Collins,239411,T. Mings,1.0,0.989455860848149,0.34707150003848225,0.5850073116293388,3.069809292324951,5.240464616247547,0.17656294072911694,-0.6688721513522277,-0.5828947935555195,0.3006777253145294,0.9875966717160136,1.0291534986726443,0.05794629688082943,0.45867906099593025,-0.4007327641151008,0.1295309859050844,-0.2544447990800259,0.21986368693337993,0.032404790615210434,1073,1669,1614,False,right,left,True,0,0.0,none
136441__504375,M. Lacroix + B. Davies,504375,M. Lacroix,136441,B. Davies,1.0,0.9964788732394366,0.3605921241736131,0.5207674619143432,2.768334937439846,5.316714789862047,0.17656294072911694,0.13418005629852428,-0.3797918447673004,-0.5674282066753464,0.5819387845956016,1.0983921244412307,-0.018208457167396983,0.5829605864715448,-0.6011690436389417,-0.04070250448538348,0.27983527314665835,-0.15636076769251808,0.03232717616280214,1074,1628,1624,False,center,left,False,0,0.0,none
7953__192792,D. Burn + C. Coady,192792,D. Burn,7953,C. Coady,1.0,0.9979338842975207,0.3522448067902614,0.5178691087781997,2.389157944071239,4.23269801593501,0.17656294072911694,0.30055450891947755,-0.505182859123273,-0.6065951343946729,0.07172577482500087,0.11405558881227662,-0.22825685750224287,0.9251098326404331,-1.1533666901426762,-0.5102368465868783,1.750717797768448,-1.192851062239524,0.03152670358919046,1075,1613,1631,False,left,right,True,0,0.0,none
365443__447424,C. Bassey + M. de Ligt,447424,C. Bassey,365443,M. de Ligt,1.0,0.9946236559139785,0.4140417457305503,0.571157495256167,1.8910584161035089,3.2650224862316923,0.17656294072911694,-0.0779563156562349,0.4231130833877222,0.1135180759090233,-0.5985070287846801,-0.7646378054517395,0.014414022011919658,0.528768893018488,-0.5143548710065683,0.03222056598200481,0.046867888964794865,0.006591841635516846,0.03148901800754424,1076,1616,1611,False,left,right,True,0,0.0,none
50102__479155,N. Collins + F. Schär,479155,N. Collins,50102,F. Schär,1.0,0.9976525821596245,0.35337667027807873,0.5393808069864408,2.725382003395586,4.987691001697793,0.17656294072911694,0.2683887814127616,-0.4881803295281994,-0.31589655859475424,0.5241421720888513,0.7996235596266459,-0.030963573063640462,0.6012724209860939,-0.6322359940497343,-0.06921481374945676,0.35855693535345223,-0.21467429507866173,0.03002481471557493,1077,1669,1613,False,right,right,False,0,0.0,none
240032__583655,J. Bednarek + C. Okoli,240032,J. Bednarek,583655,C. Okoli,1.0,0.9918032786885246,0.3725409836065574,0.549931693989071,2.480188952585939,4.530081334464703,0.17656294072911694,-0.4004547011237593,-0.20029949580234474,-0.17331702835964274,0.19421528671262744,0.3840931680786122,-0.059615795427458096,0.64658729559024,-0.7062030910176981,-0.13326292054719768,0.5533633185531559,-0.35351258714406125,0.028675017863535657,1078,1619,1631,False,center,left,False,0,0.0,none
8653__239411,H. Maguire + T. Mings,8653,H. Maguire,239411,T. Mings,1.0,0.9918032786885246,0.35498779211719567,0.5900767352633415,2.8277260200774803,4.794378998302963,0.17656294072911694,-0.4004547011237593,-0.46397851805031676,0.36918343863689546,0.6618542424320013,0.6240874680329498,0.050741913538399165,0.4662371501536473,-0.4154952366152481,0.11342657669490967,-0.22195295119171593,0.19215411669743307,0.028558226329426672,1079,1611,1614,False,center,left,False,0,0.0,none
400549__475597,Pau Torres + S. Botman,400549,Pau Torres,475597,S. Botman,1.0,1.0,0.3753968253968254,0.4650793650793651,2.2819000475828615,4.63671905516061,0.17656294072911694,0.53680623164123,-0.15739985721473243,-1.3199699298915248,-0.07259831431033226,0.48092506872984886,-0.21054425903999155,0.8924043046342489,-1.1029485636742407,-0.4706427661148385,1.6101183659664582,-1.0982148407984325,0.028071158572831656,1080,1614,1613,False,left,right,True,0,0.0,none
7953__475597,C. Coady + S. Botman,7953,C. Coady,475597,S. Botman,1.0,1.0,0.37882882882882885,0.4828828828828829,2.1428036761342373,4.199837817607186,0.17656294072911694,0.53680623164123,-0.10584528323023473,-1.0793818917175593,-0.25976362118848895,0.0842170341329852,-0.21212815000203414,0.8939881955962915,-1.1061163455983258,-0.4741833367625446,1.6169274341232964,-1.1041608553103461,0.0271543907936474,1081,1631,1613,False,right,right,False,0,0.0,none
349142__399581,D. O'Shea + N. Mazraoui,399581,D. O'Shea,349142,N. Mazraoui,1.0,1.0,0.36277410372432994,0.5311521058127393,2.6209811070599933,4.792799138216772,0.17656294072911694,0.53680623164123,-0.3470147720140762,-0.4270952044999732,0.3836624054529325,0.6226528832170832,-0.015722644728238394,0.5713216280884945,-0.587044272816733,-0.03514581228326528,0.2297999722301145,-0.1298481811890892,0.025397449289583873,1082,1634,1611,False,right,right,False,0,0.0,none
288080__365443,M. de Ligt + C. Burgess,365443,M. de Ligt,288080,C. Burgess,1.0,0.9946236559139785,0.38522674146797564,0.5673211781206171,2.24088871506363,3.9549204248021903,0.17656294072911694,-0.0779563156562349,-0.009737669401684135,0.061675961129171064,-0.1277823464781247,-0.13817909824012117,-0.014197591353197855,0.5686215953321463,-0.5828191866853442,-0.03173676497808314,0.2181926662322557,-0.12191757736175096,0.025205901908284936,1083,1611,1634,False,right,left,True,0,0.0,none
364003__365443,M. de Ligt + S. Bueno,365443,M. de Ligt,364003,S. Bueno,1.0,0.9946236559139785,0.3991397849462366,0.5531182795698925,2.1571228504867968,3.9007675630546315,0.17656294072911694,-0.0779563156562349,0.19926009052503535,-0.1302550682557923,-0.2404960253912218,-0.1873523597699039,-0.0012589592457815518,0.5458483109187736,-0.5471072701645551,-0.0028142304357376673,0.12029145368556114,-0.05488531978544049,0.02370325693071141,1084,1611,1629,False,right,center,False,0,0.0,none
136441__285382,W. Faes + B. Davies,285382,W. Faes,136441,B. Davies,1.0,1.0,0.3537619867223998,0.5312884189820506,2.414033850493653,4.58366243535496,0.17656294072911694,0.53680623164123,-0.4823922161041408,-0.4252531349526048,0.10519829902483668,0.4327472447442666,-0.12349651606178336,0.7451186740550279,-0.8686151901168112,-0.276059495470846,0.9769447945714146,-0.6583646007284741,0.023380770490306513,1085,1631,1624,False,right,left,True,0,0.0,none
366217__619747,L. Colwill + K. Danso,619747,L. Colwill,366217,K. Danso,0.9964285714285714,0.9857142857142858,0.4409407665505226,0.5926829268292683,2.4735849056603776,4.175707547169811,-2.8384737166366527,-1.0967056797491785,0.8271824808837138,0.4044022376895168,0.1853290127100231,0.06230565104610907,0.010906293219734353,0.5255134688459333,-0.514607175626199,0.024379520165499397,0.03287298300121896,0.006118258868237185,0.02327530675676282,1086,1610,1624,False,left,right,True,0,0.0,none
583655__627012,Murillo + C. Okoli,627012,Murillo,583655,C. Okoli,1.0,0.9918032786885246,0.37695274831243974,0.5599807135969141,1.952112953780805,3.59681547240035,0.17656294072911694,-0.4004547011237593,-0.1340272281785232,-0.03751948881130768,-0.5163532589798667,-0.463354682896272,-0.2005910608008161,0.8707092237003625,-1.0713002845011788,-0.44839375884038646,1.5168522963397628,-1.038810143205664,0.023096780840602793,1087,1642,1631,False,left,left,False,0,0.0,none
365443__412027,E. Konsa + M. de Ligt,412027,E. Konsa,365443,M. de Ligt,1.0,0.9946236559139785,0.42025089605734767,0.5749701314217444,1.7369999127543454,2.959433678761499,0.17656294072911694,-0.0779563156562349,0.5163851637471751,0.16504017763467907,-0.8058050823301369,-1.0421263418906042,-0.0014798911928456393,0.5446628062232532,-0.5461426974160988,-0.0033080934513501194,0.11519502819574066,-0.05307478998965166,0.022289503735116806,1088,1614,1611,False,right,right,False,0,0.0,none
8653__15806,H. Maguire + J. Vestergaard,8653,H. Maguire,15806,J. Vestergaard,1.0,1.0,0.3845301418439716,0.5740248226950355,2.2670782418529667,3.903823897965536,0.17656294072911694,0.53680623164123,-0.020201789722311264,0.15226573751910352,-0.0925422408774525,-0.1845770686579194,0.06238039534063665,0.4398361958512625,-0.3774558005106259,0.13944280384713922,-0.33544933544956135,0.2635551930731095,0.021797639903323104,1089,1611,1631,False,center,left,False,0,0.0,none
8653__349142,H. Maguire + N. Mazraoui,8653,H. Maguire,349142,N. Mazraoui,1.0,1.0,0.3986232790988736,0.5384856070087609,2.2642361806771842,4.131487956362414,0.17656294072911694,0.53680623164123,0.19150128740934136,-0.3279938535664705,-0.09636646178696967,0.02215225133016241,0.06052385298198086,0.4416927382099183,-0.38116888522793746,0.13529275845966957,-0.32746815255308054,0.25658563009744,0.020723059483398636,1090,1611,1611,True,center,right,False,6,346.0,medium
240032__557788,J. Bednarek + W. Fofana,240032,J. Bednarek,557788,W. Fofana,1.0,0.9861111111111112,0.39166666666666666,0.5875,2.3480552377839516,3.994770387318189,0.17656294072911694,-1.051330348877223,0.0870010450805257,0.33436269766072135,0.01641879193490965,-0.10199351975885824,0.0021096313098682845,0.5367938472101174,-0.534684215900249,0.004715790968067161,0.08136676632175861,-0.03156690244862012,0.02045454489083714,1091,1619,1610,False,center,right,False,0,0.0,none
424241__777938,N. Milenković + Dean Huijsen,424241,N. Milenković,777938,Dean Huijsen,0.9967741935483871,0.9896113792227584,0.4093726187452375,0.6106934213868427,2.6931491931491935,4.420601920601921,-2.5466959756012724,-0.6510892731367083,0.3529747932092641,0.6477872585584566,0.4807703446394219,0.2846808807816328,0.03390374423521225,0.4845365605600544,-0.4506328163248422,0.07578716247722438,-0.14328469960544718,0.12619990524169888,0.020148152405317817,1092,1642,1659,False,right,left,True,0,0.0,none
7919__397074,M. Guéhi + M. Keane,397074,M. Guéhi,7919,M. Keane,1.0,0.9967741935483871,0.3548387096774194,0.5838709677419355,2.9338472270332137,4.993825613487874,0.17656294072911694,0.1679487032627498,-0.4662179918222732,0.2853217294052641,0.8046488247729676,0.8051940661558035,0.12955594347396943,0.32592143399044016,-0.19636549051647076,0.28960451299517687,-0.8251632085434958,0.6034667264414086,0.017946639222821442,1093,1628,1623,False,left,left,False,0,0.0,none
8653__447424,C. Bassey + H. Maguire,447424,C. Bassey,8653,H. Maguire,1.0,1.0,0.39568210262828535,0.5678973717146434,2.127004519621032,3.675056819327501,0.17656294072911694,0.53680623164123,0.147319775660127,0.06946235974572895,-0.2810226515026067,-0.39230798119421995,0.055407114822411944,0.4468094763694872,-0.3914023615470753,0.12385499325113232,-0.30547155070097415,0.23737711127918518,0.017761453671110948,1094,1616,1611,False,left,center,False,0,0.0,none
297957__623641,M. Akanji + E. Agbadou,297957,M. Akanji,623641,E. Agbadou,1.0,0.9929577464788732,0.39084507042253525,0.530907668231612,1.7819283570900806,3.3407238824778824,0.17656294072911694,-0.2684461190441814,0.07465926128203626,-0.43039841450310007,-0.7453502625236983,-0.6958974944939084,-0.2505295481113593,0.9457809986496242,-1.1963105467609836,-0.5600243865791394,1.839582108261381,-1.2734578719155822,0.017170864805728103,1095,1625,1629,False,right,center,False,0,0.0,none
50102__365443,F. Schär + M. de Ligt,50102,F. Schär,365443,M. de Ligt,1.0,0.9946236559139785,0.3796526054590571,0.547710354161967,2.247352627630592,4.131571050657401,0.17656294072911694,-0.0779563156562349,-0.09347074629540136,-0.20333512910909385,-0.11908463447723441,0.022227704729431752,-0.07916104921656303,0.6656664137894222,-0.7448274630059851,-0.17695365022875906,0.6353834950071422,-0.42601160439324476,0.016935902509114156,1096,1613,1611,False,right,right,False,0,0.0,none
145787__415847,J. Andersen + C. Romero,145787,J. Andersen,415847,C. Romero,1.0,0.9768698454829842,0.38131576452744337,0.5634657313489431,2.666022173411336,4.744820951717504,0.17656294072911694,-2.108030572467991,-0.06848724644235604,0.009575337796295824,0.4442687672003501,0.5790865076587399,-0.09065326602352639,0.6843259561472866,-0.7749792221708129,-0.20264292207821535,0.7155999358701314,-0.4826072924330912,0.01683706123531349,1097,1616,1624,False,right,right,False,0,0.0,none
50102__240032,F. Schär + J. Bednarek,50102,F. Schär,240032,J. Bednarek,1.0,1.0,0.37884615384615383,0.5370920745920746,2.316177713048866,4.317760844551373,0.17656294072911694,0.53680623164123,-0.10558503177502454,-0.3468253695602454,-0.026474970407137116,0.19129650615316,-0.01982451274202754,0.568236680519719,-0.5880611932617466,-0.04431497470569456,0.21653793667371699,-0.1317569690628815,0.016452499836691514,1098,1613,1619,False,right,center,False,0,0.0,none
7919__558243,S. van den Berg + M. Keane,558243,S. van den Berg,7919,M. Keane,1.0,1.0,0.32938013915243514,0.5578747628083491,3.0802069389674758,5.56439709127745,0.17656294072911694,0.53680623164123,-0.848649356963324,-0.06597827849003468,1.0015875379362553,1.3232989195903744,0.04368200925134011,0.46179191035610073,-0.41810990110476065,0.09764513056421102,-0.24106281511565142,0.18724631894777694,0.01395298453696548,1099,1669,1623,False,left,left,False,0,0.0,none
518805__623641,E. Agbadou + L. Woolfenden,623641,E. Agbadou,518805,L. Woolfenden,1.0,1.0,0.40476190476190477,0.4841269841269842,1.6244789727203932,3.3238777642974693,0.17656294072911694,0.53680623164123,0.2837139664401238,-1.0625697155560045,-0.9572110180302777,-0.711194536022548,-0.2565782439269193,0.9518296944651841,-1.2084079383921036,-0.573545415093537,1.8655851495408242,-1.2961650114595122,0.013669835023576327,1100,1629,1634,False,center,right,False,0,0.0,none
136441__583655,B. Davies + C. Okoli,136441,B. Davies,583655,C. Okoli,1.0,0.9918032786885246,0.35672465707594514,0.5143024422883908,2.918340611353712,5.664046579330423,0.17656294072911694,-0.4004547011237593,-0.43788782939250853,-0.6547933221390297,0.7837834315778075,1.4137851871523777,-0.04766254730273928,0.6104725220721625,-0.6581350693749017,-0.10654307652425465,0.39810771053058824,-0.2632875776274789,0.013503259371553354,1101,1624,1631,False,left,left,False,0,0.0,none
415917__545267,Gabriel Magalhaes + R. Drăgușin,415917,Gabriel Magalhaes,545267,R. Drăgușin,1.0,1.0,0.38941798941798944,0.5830687830687831,2.2883440598974456,3.915802172900978,0.17656294072911694,0.53680623164123,0.053222058584433074,0.27448139779794395,-0.06392737969266565,-0.1737002502023798,0.11790178532703724,0.336731648331254,-0.21882986300421672,0.2635532435280282,-0.7786906368825596,0.5613004763603701,0.010429525971320283,1102,1609,1624,False,left,right,True,0,0.0,none
413002__424241,N. Milenković + K. Mavropanos,424241,N. Milenković,413002,K. Mavropanos,0.9967741935483871,0.9935483870967742,0.39902138455962305,0.6451975353388909,2.6134976618847587,4.052072600459697,-2.5466959756012724,-0.20090882511573044,0.19748151378046136,1.1140589907109621,0.3735928306815593,-0.04996050391976887,0.0682127221039106,0.4174076108562894,-0.34919488875237886,0.15248016907034143,-0.4318687024085529,0.31660170809891064,0.009999815432386983,1103,1642,1633,False,right,right,False,0,0.0,none
415847__627012,Murillo + C. Romero,627012,Murillo,415847,C. Romero,1.0,0.9805194805194806,0.39174942704354465,0.5591291061879298,1.968818084861998,3.6378592050567917,0.17656294072911694,-1.6907100111638727,0.08824424779208351,-0.049027695115429704,-0.4938751673324065,-0.42608510683061396,-0.2470245451222547,0.9313400507291709,-1.1783645958514255,-0.552189433920945,1.7775011942362677,-1.239772824429513,0.009201076424505183,1104,1642,1624,False,left,right,True,0,0.0,none
619747__627012,Murillo + L. Colwill,627012,Murillo,619747,L. Colwill,0.9964285714285714,0.9857142857142858,0.45084033613445373,0.6058823529411765,1.9337723424270932,3.1994355597365947,-2.8384737166366527,-1.0967056797491785,0.9758909838444845,0.5827728309808459,-0.5410320203062781,-0.8241937178338484,-0.09897570392617105,0.6895224314402788,-0.7884981353664499,-0.22124658865729638,0.737939323677282,-0.507982667371431,0.009161969300250192,1105,1642,1610,False,left,left,False,0,0.0,none
8653__364003,H. Maguire + S. Bueno,8653,H. Maguire,364003,S. Bueno,1.0,1.0,0.38078014184397163,0.5498581560283688,2.3930689540043195,4.310801896150441,0.17656294072911694,0.53680623164123,-0.07653321720255984,-0.17431078441908665,0.07698835189085157,0.1849774644876157,0.03973413356471073,0.4624824576271885,-0.42274832406247775,0.08882019683338983,-0.23809418687858416,0.1785398704358757,0.00868981644029481,1106,1611,1629,False,center,center,False,0,0.0,none
240032__415847,J. Bednarek + C. Romero,240032,J. Bednarek,415847,C. Romero,1.0,0.9805194805194806,0.3873376623376623,0.5490800865800866,2.4968940836671325,4.5711250671211445,0.17656294072911694,-1.6907100111638727,0.021971980168261962,-0.18482523466376477,0.21669337836008773,0.4213627441442703,-0.10604927974889668,0.7004746951248102,-0.8065239748737069,-0.2370585956277562,0.7850225583738603,-0.5418176679706368,0.008613936104152606,1107,1619,1624,False,center,right,False,0,0.0,none
8653__412027,E. Konsa + H. Maguire,412027,E. Konsa,8653,H. Maguire,1.0,1.0,0.40189125295508277,0.5717100078802206,1.9729460162718684,3.3694680118573084,0.17656294072911694,0.53680623164123,0.24059185601957997,0.12098446147138472,-0.4883207050480635,-0.6697965176330845,0.039513201617646654,0.46270338957425255,-0.4231901879566058,0.08832633381777741,-0.2371444114700281,0.17771047965401668,0.008561939398683611,1108,1614,1611,False,right,center,False,0,0.0,none
568412__769441,L. Yoro + J. Gvardiol,769441,L. Yoro,568412,J. Gvardiol,1.0,1.0,0.43843843843843844,0.5746996996996997,1.7489654359284343,3.014180834492997,0.17656294072911694,0.53680623164123,0.7895932236630049,0.16138569551576454,-0.7897045126782305,-0.9924134343928196,0.16227466428122275,0.2606147813773282,-0.09834011709610538,0.3627427183999605,-1.1059132471472837,0.7874630705273621,0.007089999161267596,1109,1611,1625,False,right,left,True,0,0.0,none
400549__496001,M. Kilman + Pau Torres,496001,M. Kilman,400549,Pau Torres,1.0,1.0,0.37375606546591,0.49893083312772435,2.1139555736606557,3.992620419467791,0.17656294072911694,0.53680623164123,-0.18204688363096128,-0.8625177355024924,-0.2985810532759581,-0.10394578835513502,-0.22006477596120746,0.8828837877130331,-1.1029485636742407,-0.4919245737455709,1.5691901391134606,-1.0982148407984325,0.005151786701566186,1110,1633,1614,False,left,left,False,0,0.0,none
7953__496001,M. Kilman + C. Coady,496001,M. Kilman,7953,C. Coady,1.0,1.0,0.37718806889791345,0.5167343509312421,1.9748592022120313,3.555739181914366,0.17656294072911694,0.53680623164123,-0.13049230964646358,-0.6219296973285267,-0.48574636015411476,-0.5006538229519987,-0.22164866692324994,0.8844676786750756,-1.1061163455983258,-0.49546514439327677,1.5759992072702984,-1.1041608553103461,0.004235018922381872,1111,1633,1631,False,left,right,True,0,0.0,none
234399__534563,C. Richards + A. Webster,534563,C. Richards,234399,A. Webster,1.0,0.986842105263158,0.3464068825910931,0.611336032388664,2.6069683736658127,4.327797774020558,0.17656294072911694,-0.9677442130604601,-0.5928784867661085,0.6564711895626218,0.36480715050552154,0.200410494626106,-0.08056923765030913,0.6518110166522192,-0.7323802543025283,-0.18010146201280444,0.5758198345607094,-0.40264784850435253,0.002165649660940072,1112,1628,1651,False,right,left,True,0,0.0,none
192792__518805,D. Burn + L. Woolfenden,192792,D. Burn,518805,L. Woolfenden,1.0,0.9979338842975207,0.344844549390004,0.48022432113341207,2.5450068712780576,4.871965185524507,0.17656294072911694,0.30055450891947755,-0.6163474092773457,-1.1153083958348047,0.2814329870513784,0.6945392549233387,-0.2794026538991318,0.9762556290373221,-1.255658282936454,-0.6245662479257484,1.9705910225976915,-1.3848552183886902,0.0019231391386951846,1113,1613,1634,False,left,right,True,0,0.0,none
240032__504375,M. Lacroix + J. Bednarek,504375,M. Lacroix,240032,J. Bednarek,1.0,0.9964788732394366,0.37640845070422535,0.5563967136150234,2.3301832786720738,4.182749544996328,0.17656294072911694,0.13418005629852428,-0.1422035111771366,-0.08595191289595938,-0.007629360269578445,0.06870010536746533,-0.030161705292115787,0.5690651838121012,-0.5992268891042172,-0.06742234850832649,0.22009963095772297,-0.1527152897762357,0.001775657077906504,1114,1628,1619,False,center,center,False,0,0.0,none
8653__288080,H. Maguire + C. Burgess,8653,H. Maguire,288080,C. Burgess,1.0,1.0,0.36686709836571074,0.5640610545790934,2.4768348185811533,4.3649547578979995,0.17656294072911694,0.53680623164123,-0.28553097712927933,0.01762024496587672,0.18970203080394868,0.23415072601739842,0.02679550145729443,0.47542108973460473,-0.44862558827731025,0.05989766229104436,-0.18247165351805483,0.1299675279459643,0.0012008406792985912,1115,1611,1634,False,center,left,False,0,0.0,none
297957__475597,M. Akanji + S. Botman,297957,M. Akanji,475597,S. Botman,1.0,0.9929577464788732,0.3575117370892019,0.492018779342723,2.4561019877107433,4.8559511053770965,0.17656294072911694,-0.2684461190441814,-0.42606453854239495,-0.9559238521047863,0.16180434654446807,0.6799977417726868,-0.2572252505833631,0.9390852961776205,-1.1963105467609836,-0.5749917095870172,1.8107976176730962,-1.2734578719155822,0.0010518561253038405,1116,1625,1613,False,right,right,False,0,0.0,none
475597__518805,L. Woolfenden + S. Botman,518805,L. Woolfenden,475597,S. Botman,1.0,1.0,0.37142857142857144,0.4452380952380952,2.298652603341056,4.839104987196683,0.17656294072911694,0.53680623164123,-0.2170098333843074,-1.5880951531576908,-0.05005640896211139,0.6647007002440473,-0.263273946398923,0.9451339919931805,-1.2084079383921036,-0.5885127381014145,1.8368006589525399,-1.2961650114595122,-0.002449173656847714,1117,1634,1613,False,right,right,False,0,0.0,none
286380__479155,N. Collins + I. Diop,479155,N. Collins,286380,I. Diop,1.0,0.9976525821596245,0.3439749608763693,0.5758998435054773,2.507483858344747,4.3082077871258075,0.17656294072911694,0.2683887814127616,-0.6294101192222701,0.17760385233989606,0.2309427682375102,0.1826218955040279,-0.0873739942595981,0.6576828421820515,-0.7450568364416498,-0.19531256056251928,0.6010625193135358,-0.4264421446923543,-0.0026259534256697775,1118,1669,1616,False,right,right,False,0,0.0,none
399581__447424,C. Bassey + D. O'Shea,447424,C. Bassey,399581,D. O'Shea,1.0,1.0,0.3598329272537417,0.5605638705186217,2.483749446003841,4.336368001181858,0.17656294072911694,0.53680623164123,-0.3911962837632906,-0.029638991187773744,0.1990062157372955,0.20819265069270088,-0.020839382887807345,0.5455113080236134,-0.5663506909114208,-0.04658357749180261,0.11884269506695092,-0.09100575413407891,-0.0058401310526318105,1119,1616,1634,False,left,right,True,0,0.0,none
479155__557788,N. Collins + W. Fofana,479155,N. Collins,557788,W. Fofana,1.0,0.9837636932707355,0.3661971830985915,0.5897887323943662,2.757259528130672,4.66470054446461,0.17656294072911694,-1.3197477991056914,-0.29559425267264916,0.3652915086262125,0.5670359344308981,0.5063335337146276,-0.009029429011744666,0.5256547868885044,-0.534684215900249,-0.020184048075695103,0.03348050220974882,-0.03156690244862012,-0.00636125386464693,1120,1669,1610,False,right,right,False,0,0.0,none
15806__366217,J. Vestergaard + K. Danso,15806,J. Vestergaard,366217,K. Danso,1.0,1.0,0.39659552845528456,0.5635162601626016,2.111693788181867,3.722985484132562,0.17656294072911694,0.53680623164123,0.1610409971887116,0.010258159488252316,-0.3016244667656216,-0.3487865735866375,0.04963057077722722,0.4270863712878531,-0.3774558005106259,0.11094232263068311,-0.3902601946061985,0.2635551930731095,-0.00889585845189609,1121,1631,1624,False,left,right,True,0,0.0,none
349142__366217,N. Mazraoui + K. Danso,349142,N. Mazraoui,366217,K. Danso,1.0,1.0,0.4106886657101865,0.5279770444763271,2.108851727006085,3.95064954252944,0.17656294072911694,0.53680623164123,0.3727440743203642,-0.47000143159732166,-0.3054486876751388,-0.1420572535985557,0.047774028418571424,0.4289429136465088,-0.38116888522793746,0.10679227724321347,-0.38227901170971795,0.25658563009744,-0.009970438871820635,1122,1611,1624,False,right,right,False,0,0.0,none
545267__568412,R. Drăgușin + J. Gvardiol,545267,R. Drăgușin,568412,J. Gvardiol,1.0,1.0,0.41991991991991995,0.57007007007007,2.0420459883239763,3.6031390098706177,0.17656294072911694,0.53680623164123,0.5114133348716542,0.0988231434203255,-0.39534115899871414,-0.4576126232564989,0.16503377695072174,0.23696060202099406,-0.07192682507027234,0.3689103357205014,-1.2076013830677335,0.8370415520822025,-0.010416936643628805,1123,1624,1625,False,right,left,True,0,0.0,none
590874__619747,L. Colwill + Toti,619747,L. Colwill,590874,Toti,0.9964285714285714,0.9800963081861958,0.4630016051364366,0.5865168539325842,2.107114624505929,3.58300395256917,-2.8384737166366527,-1.7390980044532731,1.158574088605282,0.3210769422157342,-0.30778609819947145,-0.4758961710995803,-0.08179838449387583,0.6399483233347468,-0.7217467078286228,-0.18284905091907652,0.52482270833292,-0.38268838691192975,-0.010515390342048223,1124,1610,1629,False,left,left,False,0,0.0,none
288080__590874,Toti + C. Burgess,590874,Toti,288080,C. Burgess,1.0,0.9943820224719101,0.4009933235629376,0.5473864191499755,1.9549800837556055,3.5914127494643835,0.17656294072911694,-0.10558609306286465,0.22710341750331164,-0.2077126285387571,-0.512495305993715,-0.46826060105700906,-0.07865900081972527,0.6325198978305878,-0.711178898650313,-0.17583139000998782,0.4928882780167154,-0.36285231604618984,-0.01261967480921726,1125,1629,1634,False,left,left,False,0,0.0,none
366217__447424,C. Bassey + K. Danso,447424,C. Bassey,366217,K. Danso,1.0,1.0,0.40774748923959825,0.5573888091822095,1.9716200659499328,3.494218405494527,0.17656294072911694,0.53680623164123,0.32856256257114985,-0.07254521828512225,-0.4901048773907758,-0.556517486122938,0.0426572902590025,0.43405965180607786,-0.3914023615470753,0.0953545120346762,-0.36028240985761106,0.23737711127918518,-0.012932044684108183,1126,1616,1624,False,left,right,True,0,0.0,none
136441__415847,C. Romero + B. Davies,415847,C. Romero,136441,B. Davies,1.0,0.9805194805194806,0.3715213358070501,0.5134508348794062,2.9350457424349052,5.705090311986864,0.17656294072911694,-1.6907100111638727,-0.21561635342190183,-0.6663015284431517,0.8062615232252678,1.4510547632180357,-0.09409603162417784,0.6569060063936011,-0.7510020380177789,-0.21033875160481313,0.5977229410490011,-0.4376014529070837,-0.013372784069122984,1127,1624,1624,True,right,left,True,3,248.0,medium
568412__619747,L. Colwill + J. Gvardiol,619747,L. Colwill,568412,J. Gvardiol,0.9964285714285714,0.9857142857142858,0.43764478764478765,0.6108108108108108,2.2475708502024294,3.6852226720647776,-2.8384737166366527,-1.0967056797491785,0.7776712284290899,0.6493736018601869,-0.11879099853116096,-0.38307692452996367,-0.04758463154903486,0.5808267950913715,-0.6284114266404064,-0.10636890656106224,0.2706622105506462,-0.20749547599873952,-0.013484885315085161,1128,1610,1625,False,left,left,False,0,0.0,none
590874__769441,Toti + L. Yoro,590874,Toti,769441,L. Yoro,1.0,0.9943820224719101,0.4637952559300874,0.5504057428214731,1.6085092102319338,2.9119621149973898,0.17656294072911694,-0.10558609306286465,1.170496083839197,-0.16691096412868817,-0.9786996123465409,-1.0852326809624362,0.12806091133638173,0.29172514024229695,-0.16366422890591523,0.2862625740419461,-0.972171367831239,0.6648479012678287,-0.015550543074832918,1129,1629,1611,False,left,right,True,0,0.0,none
424241__590703,N. Milenković + I. Zabarnyi,424241,N. Milenković,590703,I. Zabarnyi,0.9967741935483871,0.9935483870967742,0.4059940517044155,0.5994966826813086,2.4787235888006105,4.130859036186379,-2.5466959756012724,-0.20090882511573044,0.3022229254100042,0.4964800040686339,0.19224352239043258,0.021581163204816352,-0.03869181068542554,0.5625616353858987,-0.6012534460713242,-0.08649022723303615,0.19214120101744162,-0.15651919339852122,-0.016906591990989837,1130,1642,1659,False,right,right,False,0,0.0,none
145787__258154,J. Andersen + Rúben Dias,145787,J. Andersen,258154,Rúben Dias,1.0,0.990252803987894,0.39580737048246395,0.5358287341997507,2.1625230039114047,3.9276626842531943,0.17656294072911694,-0.5777450235490388,0.14920151353833186,-0.3638975341677961,-0.2332296865041631,-0.16293036643671227,-0.11195467499643094,0.6816501809671571,-0.7936048559635881,-0.2502592954092356,0.7040969119811747,-0.517568123538096,-0.017414198817884585,1131,1616,1625,False,right,right,False,0,0.0,none
50102__590874,F. Schär + Toti,50102,F. Schär,590874,Toti,1.0,0.9943820224719101,0.39541918755401906,0.5277755951913254,1.9614439963225674,3.7680633753195942,0.17656294072911694,-0.10558609306286465,0.14337034060959442,-0.472723718777022,-0.5037975939928248,-0.30785379808745617,-0.14362245868309048,0.7321740298881306,-0.875796488571221,-0.3210482752606638,0.9212964156673787,-0.6718440970598495,-0.018504032342088222,1132,1613,1629,False,right,left,True,0,0.0,none
8360__400549,Pau Torres + C. Dawson,400549,Pau Torres,8360,C. Dawson,1.0,1.0,0.38095238095238093,0.5456349206349206,1.6836664980132898,3.024183607089779,0.17656294072911694,0.53680623164123,-0.07394589057732753,-0.23138152343089002,-0.87756946290247,-0.9833304619135919,-0.2307889147779376,0.8721596488963028,-1.1029485636742407,-0.5158969127678698,1.5230876018325203,-1.0982148407984325,-0.020665143993865293,1133,1614,1629,False,left,left,False,0,0.0,none
7919__534563,C. Richards + M. Keane,534563,C. Richards,7919,M. Keane,1.0,1.0,0.3264578163771712,0.5918114143920595,3.0145723523940298,5.0744563050892495,0.17656294072911694,0.53680623164123,-0.8925476538936332,0.3926250445625029,0.9132709455629071,0.8784104014978681,0.06230192927098657,0.393175448193423,-0.33087351892243644,0.13926740372825372,-0.536041559703142,0.35099142730864874,-0.020980480585086003,1134,1628,1623,False,right,left,True,0,0.0,none
7953__8360,C. Coady + C. Dawson,7953,C. Coady,8360,C. Dawson,1.0,1.0,0.3843843843843844,0.5634384384384384,1.5445701265646652,2.5873023695363546,0.17656294072911694,0.53680623164123,-0.022391316592829835,0.009206514743075656,-1.0647347697806266,-1.3800384965104555,-0.2323728057399802,0.8737435398583455,-1.1061163455983258,-0.5194374834155759,1.5298966699893592,-1.1041608553103461,-0.02158191177304944,1135,1631,1629,False,right,left,True,0,0.0,none
297957__496001,M. Kilman + M. Akanji,496001,M. Kilman,297957,M. Akanji,1.0,0.9929577464788732,0.35587097715828653,0.5258702473910822,2.2881575137885375,4.211852469684277,0.17656294072911694,-0.2684461190441814,-0.4507115649586238,-0.4984716577157538,-0.06417839242115775,0.09512688468770292,-0.2667457675045789,0.9295647792564047,-1.1963105467609836,-0.5962735172177493,1.7698693908200986,-1.2734578719155822,-0.02186751574596152,1136,1633,1625,False,left,right,True,0,0.0,none
136441__501419,J. Todibo + B. Davies,501419,J. Todibo,136441,B. Davies,1.0,1.0,0.37585034013605445,0.4970461868958109,2.347309536494406,4.633209021488191,0.17656294072911694,0.53680623164123,-0.1505872885096381,-0.8879859235646517,0.015415391132690859,0.4777377985065907,-0.10887972993370629,0.6716897047031295,-0.7805694346368358,-0.24338567816329104,0.6612773218820732,-0.4931002762445483,-0.021929697765933204,1137,1633,1624,False,right,left,True,0,0.0,none
364003__366217,S. Bueno + K. Danso,364003,S. Bueno,366217,K. Danso,1.0,1.0,0.39284552845528453,0.5393495934959349,2.2376845003332204,4.129963482317466,0.17656294072911694,0.53680623164123,0.10470956970846301,-0.31631836244993783,-0.13209387399731756,0.02076795955889761,0.026984309001301304,0.449732633063779,-0.42274832406247775,0.06031971561693374,-0.2929050460352218,0.1785398704358757,-0.022003681914924522,1138,1629,1624,False,center,right,False,0,0.0,none
366217__412027,E. Konsa + K. Danso,412027,E. Konsa,366217,K. Danso,1.0,1.0,0.41395663956639567,0.5612014453477868,1.8175615626007693,3.1886295980243338,0.17656294072911694,0.53680623164123,0.42183464293060285,-0.02102311655946648,-0.6974029309362326,-0.8340060225618026,0.02676337705423723,0.44995356501084305,-0.4231901879566058,0.059825852601321325,-0.29195527062666576,0.17771047965401668,-0.02213155895653572,1139,1614,1624,False,right,right,False,0,0.0,none
234399__604320,J. Branthwaite + A. Webster,604320,J. Branthwaite,234399,A. Webster,1.0,0.9823376007586534,0.39106211474632524,0.6574205784732101,2.5460819111877893,3.8761090537466623,0.17656294072911694,-1.4828155364718512,0.07791963903819066,1.2792352216477798,0.2828795393411013,-0.20974340777744555,0.17395124854206992,0.2082676587559803,-0.034316410213910326,0.38884411836382404,-1.3309509134292323,0.9076373436784316,-0.023335746111171313,1140,1623,1651,False,left,left,False,0,0.0,none
8653__557788,H. Maguire + W. Fofana,8653,H. Maguire,557788,W. Fofana,1.0,0.9861111111111112,0.374113475177305,0.5948581560283688,2.5151762558832007,4.218614926520027,0.17656294072911694,-1.051330348877223,-0.17667797716744632,0.4337972219485786,0.24129350514688575,0.10126750307493312,-0.016233812354174926,0.5184504035460741,-0.534684215900249,-0.03628845728586983,0.002509217959639955,-0.03156690244862012,-0.023704843744766956,1141,1611,1610,False,center,right,False,0,0.0,none
346131__604320,J. Branthwaite + T. Chalobah,604320,J. Branthwaite,346131,T. Chalobah,1.0,0.9954954954954955,0.3973973973973974,0.599265932599266,2.3532939832444786,3.925333206397563,0.17656294072911694,0.02173490822983895,0.17308644309838941,0.4933617602384081,0.023467943480449338,-0.16504563828248803,0.1660980197218321,0.2203409536411166,-0.05424293391928453,0.3712893042276311,-1.2790484215780975,0.8702347061346992,-0.024022933132673813,1142,1623,1628,False,left,right,True,0,0.0,none
240032__286380,J. Bednarek + I. Diop,240032,J. Bednarek,286380,I. Diop,1.0,1.0,0.36944444444444446,0.5736111111111111,2.0982795679980266,3.6382776299793864,0.17656294072911694,0.53680623164123,-0.24681482146909528,0.1466750413744049,-0.3196743742584782,-0.42570515796945796,-0.0762349339379852,0.6151384124579707,-0.691373346395956,-0.1704127215187571,0.41816614031563737,-0.3256767452704717,-0.024891867718781685,1143,1619,1616,False,center,right,False,0,0.0,none
479155__504375,N. Collins + M. Lacroix,479155,N. Collins,504375,M. Lacroix,1.0,0.994131455399061,0.35093896713615025,0.5586854460093896,2.7393875690187937,4.8526797021427495,0.17656294072911694,-0.13423739392994408,-0.5247988089303115,-0.05502310193046822,0.54298778222641,0.6770271588409512,-0.041300765613728724,0.5579261234904884,-0.5992268891042172,-0.09232218755208871,0.17221336684571367,-0.1527152897762357,-0.025040141677577395,1144,1669,1628,False,right,center,False,0,0.0,none
496001__518805,M. Kilman + L. Woolfenden,496001,M. Kilman,518805,L. Woolfenden,1.0,1.0,0.36978781149765605,0.47908956328645447,2.13070812941885,4.195006351503864,0.17656294072911694,0.53680623164123,-0.24165685980053625,-1.1306429587686584,-0.2760391479277372,0.07982984315906333,-0.2727944633201389,0.9356134750719646,-1.2084079383921036,-0.6097945457321469,1.7958724320995418,-1.2961650114595122,-0.025368545528113295,1145,1633,1634,False,left,right,True,0,0.0,none
415917__604320,J. Branthwaite + Gabriel Magalhaes,604320,J. Branthwaite,415917,Gabriel Magalhaes,1.0,0.9954954954954955,0.37940797940797943,0.6391248391248392,2.541393674251146,3.976103656877316,0.17656294072911694,0.02173490822983895,-0.09714544887035108,1.0319955420886624,0.2765711411001853,-0.11894376002785761,0.22181928137124723,0.12755689706869508,0.0942623843025522,0.4958465295524416,-1.6779224477641121,1.1489833063870318,-0.025656808275606402,1146,1623,1609,False,left,left,False,0,0.0,none
136441__258154,Rúben Dias + B. Davies,258154,Rúben Dias,136441,B. Davies,1.0,0.9939024390243902,0.3860129417620707,0.485813837730214,2.4315465729349737,4.887932044522555,0.17656294072911694,-0.16042446224492046,0.002072406558786072,-1.0397744004072438,0.12876306952075456,0.7090378891225835,-0.11539744059708246,0.6782074153665058,-0.7936048559635881,-0.2579551249358335,0.6892966345727961,-0.517568123538096,-0.025702196803697147,1147,1625,1624,False,right,left,True,0,0.0,none
488453__623641,L. Martínez + E. Agbadou,488453,L. Martínez,623641,E. Agbadou,1.0,1.0,0.390625,0.5243055555555556,1.4312785079691268,2.5880878400233884,0.17656294072911694,0.53680623164123,0.07135342633601227,-0.5196161384420181,-1.2171777152027425,-1.3793252535822633,-0.32812179387240237,1.0233732444106671,-1.3514950382830695,-0.733471192208275,2.1731472983472946,-1.5647434656613468,-0.027740099732218526,1148,1611,1629,False,left,center,False,0,0.0,none
534563__777938,Dean Huijsen + C. Richards,777938,Dean Huijsen,534563,C. Richards,1.0,0.9960629921259843,0.3616368867353119,0.5605693519079346,2.6637225702646266,4.7559138680634,0.17656294072911694,0.08662578362025217,-0.36409772037305593,-0.02956491837161407,0.4411744670099901,0.5891593802457439,0.018063794706117423,0.4578424460077043,-0.4397786513015869,0.0403791314271988,-0.2580413651394198,0.1465734739688514,-0.02790814903445625,1149,1659,1628,False,left,right,True,0,0.0,none
399581__412968,D. O'Shea + M. Senesi,399581,D. O'Shea,412968,M. Senesi,1.0,1.0,0.3485207100591716,0.5497041420118343,3.096393897364771,5.599498802168705,0.17656294072911694,0.53680623164123,-0.5611251751064232,-0.17639205456458606,1.0233683867413066,1.3551728696291516,0.12868724001098053,0.2770344611846327,-0.14834722117365218,0.2876626457477922,-1.03532586354531,0.6935983495113359,-0.028046766287429692,1150,1634,1659,False,right,left,True,0,0.0,none
479155__501419,N. Collins + J. Todibo,479155,N. Collins,501419,J. Todibo,1.0,0.9976525821596245,0.3661971830985915,0.5349641709908574,2.3183621680733535,4.169173933768892,0.17656294072911694,0.2683887814127616,-0.29559425267264916,-0.3755808188197735,-0.02353561123650072,0.05637283290631112,-0.13197203838003801,0.7022808863024914,-0.8342529246825295,-0.29500536122999627,0.7927872840575345,-0.5938656756664309,-0.02843963053102397,1151,1669,1633,False,right,right,False,0,0.0,none
288080__366217,C. Burgess + K. Danso,288080,C. Burgess,366217,K. Danso,1.0,1.0,0.3789324849770237,0.5535524920466596,2.3214503649100537,4.184116344065025,0.17656294072911694,0.53680623164123,-0.10428819021825647,-0.12438733306497449,-0.019380195084220453,0.06994122108868034,0.014045676893885,0.46267126517119533,-0.44862558827731025,0.03139718107458827,-0.237282512674692,0.1299675279459643,-0.029492657675920603,1152,1634,1624,False,left,right,True,0,0.0,none
145787__400549,J. Andersen + Pau Torres,145787,J. Andersen,400549,Pau Torres,1.0,0.9963503649635037,0.37770826091993975,0.5086316765148882,1.9862577735233216,3.7057062896154704,0.17656294072911694,0.11948567033711163,-0.12267813386924264,-0.7314252792301998,-0.470408669636155,-0.36447686812681895,-0.2666265288517572,0.9197861470833072,-1.1864126759350642,-0.5960069755905983,1.727831539387821,-1.254879293914207,-0.030629884761794346,1153,1616,1614,False,right,left,True,0,0.0,none
136441__549884,T. Harwood-Bellis + B. Davies,549884,T. Harwood-Bellis,136441,B. Davies,1.0,1.0,0.34739505558320893,0.5041065206570433,2.6513742071881605,5.216983791402397,0.17656294072911694,0.53680623164123,-0.5780344347012256,-0.7925760238350222,0.4245587556109096,1.0078318417225824,-0.12502334216150404,0.6878333169309272,-0.8128566590924313,-0.2794725054585103,0.7306779047447265,-0.5537042918501439,-0.031273739675866,1154,1619,1624,False,right,left,True,0,0.0,none
7953__145787,J. Andersen + C. Coady,145787,J. Andersen,7953,C. Coady,1.0,0.9963503649635037,0.3811402643519432,0.526435194318406,1.847161402074697,3.2688250520620468,0.17656294072911694,0.11948567033711163,-0.07112355988474495,-0.4908372410562341,-0.6575739765143117,-0.7611849027236826,-0.2682104198137997,0.9213700380453497,-1.1895804578591493,-0.5995475462383043,1.734640607544659,-1.2608253084261205,-0.031546652540978604,1155,1616,1631,False,right,right,False,0,0.0,none
7919__15806,J. Vestergaard + M. Keane,15806,J. Vestergaard,7919,M. Keane,1.0,1.0,0.354502688172043,0.5934139784946236,2.5442700199622483,4.191827699995926,0.17656294072911694,0.53680623164123,-0.47126561077211626,0.41428131259553935,0.2804414945975443,0.07694348301358295,0.03901078847689185,0.41646658898751765,-0.3774558005106259,0.08720325826408885,-0.43591410843402784,0.2635551930731095,-0.03446156478354201,1156,1631,1623,False,left,left,False,0,0.0,none
619747__777938,L. Colwill + Dean Huijsen,619747,L. Colwill,777938,Dean Huijsen,0.9964285714285714,0.98177727784027,0.4340269966254218,0.5913385826771653,2.5553113553113556,4.326007326007327,-2.8384737166366527,-1.5468861277701564,0.7233258064434631,0.38623542786268683,0.29529849552027204,0.19878468639420532,-0.0439516236454702,0.5506219480196363,-0.5945735716651064,-0.09824781650214985,0.14081308121847474,-0.14398088390974484,-0.03567616066748147,1157,1610,1659,False,left,left,False,0,0.0,none
8653__50102,F. Schär + H. Maguire,50102,F. Schär,8653,H. Maguire,1.0,1.0,0.36129296235679215,0.5444502306204434,2.483298731148115,4.541605383753209,0.17656294072911694,0.53680623164123,-0.36926405402299656,-0.2473908452723882,0.19839974280483896,0.39455752898695134,-0.03816795640607076,0.5403845475979699,-0.5785525040040406,-0.08531922295963158,0.09680300799343557,-0.11390889565677913,-0.03640048821314095,1158,1613,1611,False,right,center,False,0,0.0,none
412968__625787,M. Senesi + M. van de Ven,412968,M. Senesi,625787,M. van de Ven,1.0,1.0,0.394314381270903,0.5255852842809364,2.411462390515456,4.607081972423108,0.17656294072911694,0.53680623164123,0.12677425660504163,-0.5023225099112897,0.10173819369691413,0.45401324960522615,0.07590545908160107,0.3539956981320551,-0.27809023905045405,0.169676225741193,-0.7044733488407668,0.4500671072722686,-0.03649047032717981,1159,1659,1624,False,left,left,False,0,0.0,none
558243__625787,S. van den Berg + M. van de Ven,558243,S. van den Berg,625787,M. van de Ven,1.0,1.0,0.36935208866155156,0.5070332480818414,2.474828580391688,4.94528764135582,0.17656294072911694,0.53680623164123,-0.24820216362547182,-0.7530256598466768,0.18700247665676817,0.7611193797818673,-0.061976662524513865,0.5788783306614544,-0.6408549931859683,-0.13854031460227276,0.2622858592597904,-0.23085239545626837,-0.03675487861445293,1160,1669,1624,False,left,left,False,0,0.0,none
285382__479155,N. Collins + W. Faes,479155,N. Collins,285382,W. Faes,1.0,0.9976525821596245,0.34410882968493695,0.5692064030770971,2.3850864820726008,4.119627347635662,0.17656294072911694,0.2683887814127616,-0.6273991802671519,0.08715196979227335,0.0662472966556451,0.01138227914398704,-0.14658882450811514,0.7168976724305686,-0.8634864969386836,-0.32767917853755135,0.8556241177570321,-0.6487379014180077,-0.03689993422526758,1161,1669,1631,False,right,right,False,0,0.0,none
192792__297957,D. Burn + M. Akanji,192792,D. Burn,297957,M. Akanji,1.0,0.990891630776394,0.3309277150506344,0.5270050052380398,2.702456255647745,4.88881130370492,0.17656294072911694,-0.5046978417659339,-0.8254021144354332,-0.4831370947819001,0.4932937425579579,0.7098362964519782,-0.2733539580835719,0.9229565886774117,-1.1963105467609836,-0.611045219411351,1.7414611094901047,-1.2734578719155822,-0.03777585124176064,1162,1613,1625,False,left,right,True,0,0.0,none
479155__549884,N. Collins + T. Harwood-Bellis,479155,N. Collins,549884,T. Harwood-Bellis,1.0,0.9976525821596245,0.337741898545746,0.5420245047520897,2.622426838767108,4.7529487036830975,0.17656294072911694,0.2683887814127616,-0.7230413988642368,-0.2801709190901441,0.38560775324171803,0.586466876122303,-0.1481156506078358,0.7184244985302892,-0.866540149138125,-0.3310921885252156,0.8621878669201882,-0.6544696912720265,-0.03778367244095662,1163,1669,1619,False,right,right,False,0,0.0,none
9097__415917,Gabriel Magalhaes + L. Dunk,415917,Gabriel Magalhaes,9097,L. Dunk,1.0,1.0,0.3813664596273292,0.6064182194616977,2.407094421300161,3.967438641945756,0.17656294072911694,0.53680623164123,-0.06772571915093653,0.590014269235809,0.09586074132270166,-0.12681198770113042,0.1673336818096609,0.20263630743387157,-0.03530262562421063,0.3740514570673745,-1.355159811570738,0.9057861900062255,-0.038364976936288986,1164,1609,1651,False,left,left,False,0,0.0,none
192792__488453,D. Burn + L. Martínez,192792,D. Burn,488453,L. Martínez,1.0,0.9979338842975207,0.3307076446280992,0.5204028925619835,2.351806406526791,4.136175261250426,0.17656294072911694,0.30055450891947755,-0.8287079493814572,-0.5723548187208181,0.021466289878913525,0.02640853736362314,-0.35094620384461483,1.047799178982805,-1.39874538282742,-0.7844920250404863,2.2781531714041607,-1.6534336725905248,-0.039486795617099946,1165,1613,1611,False,left,left,False,0,0.0,none
7919__239411,T. Mings + M. Keane,239411,T. Mings,7919,M. Keane,1.0,0.9918032786885246,0.32496033844526706,0.6094658910629296,3.104917798186762,5.082382800333352,0.17656294072911694,-0.4004547011237593,-0.9150423391001217,0.6311990137133312,1.034837977906998,0.885608019704452,0.027372306674654324,0.4281050707897552,-0.4007327641151008,0.06118703111185922,-0.3858808563146008,0.21986368693337993,-0.041198003951774635,1166,1614,1623,False,left,left,False,0,0.0,none
479155__583655,N. Collins + C. Okoli,479155,N. Collins,583655,C. Okoli,1.0,0.989455860848149,0.34707150003848225,0.5522204263834372,2.8893932429326594,5.200011491611123,0.17656294072911694,-0.6688721513522277,-0.5828947935555195,-0.14238821739415158,0.7448324292086159,0.9924202215520981,-0.07075485574907102,0.5873802136258307,-0.6581350693749017,-0.1581627595909599,0.2988350295961413,-0.2632875776274789,-0.042088386442133356,1167,1669,1631,False,right,left,True,0,0.0,none
239411__625787,T. Mings + M. van de Ven,239411,T. Mings,625787,M. van de Ven,1.0,0.9918032786885246,0.3649322879543835,0.5586243763364219,2.4995394396109742,4.463273350411724,0.17656294072911694,-0.4004547011237593,-0.3145951457622695,-0.055848367643310845,0.22025291662751095,0.32342847989594503,-0.07828636510119957,0.5994958659700871,-0.6777822310712867,-0.1749984140546244,0.35091961404898336,-0.3001658449338227,-0.042256491799381735,1168,1614,1624,False,left,left,False,0,0.0,none
8653__504375,M. Lacroix + H. Maguire,504375,M. Lacroix,8653,H. Maguire,1.0,0.9964788732394366,0.3588552592148636,0.5637548696433923,2.497304296771323,4.406594084198166,0.17656294072911694,0.13418005629852428,-0.4058825334251086,0.013482611391897825,0.21724535294239763,0.2719611282012567,-0.048505148956159,0.5507217401480582,-0.5992268891042172,-0.10842659676226346,0.14124208259560528,-0.1527152897762357,-0.042383731557697285,1169,1628,1611,False,center,center,False,0,0.0,none
234399__397074,M. Guéhi + A. Webster,397074,M. Guéhi,234399,A. Webster,1.0,0.983616298811545,0.37478777589134127,0.6033955857385399,2.526243248304997,4.247167082419183,0.17656294072911694,-1.3366017414389404,-0.16654882469474858,0.5491678744053831,0.2561850297155821,0.12719415928404143,-0.013315223447326274,0.492164403164256,-0.5054796266115823,-0.029764352745881267,-0.11049298513372333,0.023250921469305092,-0.04337988761919661,1170,1628,1651,False,left,left,False,0,0.0,none
288080__627012,Murillo + C. Burgess,627012,Murillo,288080,C. Burgess,1.0,1.0,0.3888320545609548,0.5667519181585678,1.7816378016767698,3.2078443566318082,0.17656294072911694,0.53680623164123,0.044420312742514234,0.05398326022635458,-0.7457412281005216,-0.8165581477912772,-0.09583632025202038,0.6264973994363694,-0.7223337196883898,-0.21422892774820745,0.46699785814349415,-0.38379022445014593,-0.04377315132108467,1171,1642,1634,False,left,left,False,0,0.0,none
475597__488453,L. Martínez + S. Botman,488453,L. Martínez,475597,S. Botman,1.0,1.0,0.3572916666666667,0.48541666666666666,2.1054521385897895,4.1033150629226025,0.17656294072911694,0.53680623164123,-0.42937037348841894,-1.0451415760437044,-0.3100231061345763,-0.0034300173156682767,-0.33481749634440605,1.0166775419386636,-1.3514950382830695,-0.7484385152161525,2.14436280775901,-1.5647434656613468,-0.04385910841264257,1172,1611,1613,False,left,right,True,0,0.0,none
364003__590874,Toti + S. Bueno,590874,Toti,364003,S. Bueno,1.0,0.9943820224719101,0.41490636704119854,0.5331835205992509,1.8712142191787722,3.537259887716825,0.17656294072911694,-0.10558609306286465,0.43610117743003113,-0.3996436579237205,-0.6252089849068121,-0.5174338625867918,-0.06572036871230902,0.5759325097432858,-0.6416528784555948,-0.14690885546764249,0.24962192222729207,-0.23235004823216504,-0.04503786071206664,1173,1629,1629,True,left,center,False,19,1070.0,very_high
7919__364003,S. Bueno + M. Keane,364003,S. Bueno,7919,M. Keane,1.0,1.0,0.350752688172043,0.569247311827957,2.6702607321136016,4.59880569818083,0.17656294072911694,0.53680623164123,-0.5275970382523648,0.08770479065734915,0.44997208736584837,0.44649801615911805,0.016364526700965887,0.43911285076344364,-0.42274832406247775,0.03658065125033937,-0.3385589598630507,0.1785398704358757,-0.047569388246570365,1174,1629,1623,False,center,left,False,0,0.0,none
8360__297957,M. Akanji + C. Dawson,297957,M. Akanji,8360,C. Dawson,1.0,0.9929577464788732,0.36306729264475746,0.5725743348982786,1.8578684381411714,3.243415657306265,0.17656294072911694,-0.2684461190441814,-0.34261057190499006,0.13266455435584856,-0.6431668020476696,-0.784257788870754,-0.2774699063213091,0.9188406404396744,-1.1963105467609836,-0.6202458562400484,1.7237668535391584,-1.2734578719155822,-0.04768444644139319,1175,1625,1629,False,right,left,True,0,0.0,none
9433__15806,J. Tarkowski + J. Vestergaard,9433,J. Tarkowski,15806,J. Vestergaard,1.0,0.9970588235294118,0.3417892156862745,0.6002450980392157,2.562954878414714,4.165347752157823,0.17656294072911694,0.20049495576673537,-0.6622437583332372,0.5065937234293405,0.3055834679632713,0.052898485975235665,-0.04163341228916542,0.533236013424254,-0.5748694257134194,-0.09306577349539717,0.06607181653089367,-0.10699565557606495,-0.04811047290364348,1176,1623,1631,False,right,left,True,0,0.0,none
50102__627012,Murillo + F. Schär,627012,Murillo,50102,F. Schär,1.0,1.0,0.38325791855203617,0.5471410941999177,1.7881017142437314,3.384494982487019,0.17656294072911694,0.53680623164123,-0.039312764151202995,-0.21102783001191033,-0.7370435160996314,-0.6561513448217242,-0.16079977811538557,0.7261515314939122,-0.8869513096092978,-0.3594458129988834,0.8954059957941575,-0.6927820054638056,-0.04965750885395562,1177,1642,1613,False,left,right,True,0,0.0,none
568412__583655,C. Okoli + J. Gvardiol,583655,C. Okoli,568412,J. Gvardiol,1.0,0.9918032786885246,0.3637571998227736,0.5649091714665485,2.265911461556141,4.082602584728533,0.17656294072911694,-0.4004547011237593,-0.33224698359391774,0.029081282068033343,-0.09411223720474969,-0.02223788959238726,-0.14919998842367996,0.7072046308841867,-0.8564046193078666,-0.33351607674415246,0.8139542161551783,-0.6354450207293868,-0.04966077767140012,1178,1631,1625,False,left,left,False,0,0.0,none
240032__501419,J. Bednarek + J. Todibo,240032,J. Bednarek,501419,J. Todibo,1.0,1.0,0.39166666666666666,0.5326754385964912,1.9091578777266334,3.4992437766224715,0.17656294072911694,0.53680623164123,0.0870010450805257,-0.40650962978526467,-0.5741527537324892,-0.5519542205671747,-0.1208329780584251,0.6597364565784107,-0.7805694346368358,-0.27010552218623407,0.6098909050596365,-0.4931002762445483,-0.05070554482413575,1179,1619,1633,False,center,right,False,0,0.0,none
8360__518805,L. Woolfenden + C. Dawson,518805,L. Woolfenden,8360,C. Dawson,1.0,1.0,0.376984126984127,0.5257936507936508,1.700419053771484,3.226569539125852,0.17656294072911694,0.53680623164123,-0.1335558667469025,-0.49950674669705597,-0.8550275575542491,-0.7995548303993936,-0.2835186021368691,0.9248893362552344,-1.2084079383921036,-0.6337668847544459,1.749769894818602,-1.2961650114595122,-0.051185476223544746,1180,1634,1629,False,right,left,True,0,0.0,none
8653__583655,H. Maguire + C. Okoli,8653,H. Maguire,583655,C. Okoli,1.0,0.9918032786885246,0.35498779211719567,0.5572898500174399,2.647309970685188,4.753925873666541,0.17656294072911694,-0.4004547011237593,-0.46397851805031676,-0.07388250407178554,0.4190899999246035,0.5873541909124036,-0.07795923909150132,0.5875916473594386,-0.6655508864509398,-0.17426716880113471,0.2997439726593268,-0.27720727191469,-0.05265184698570733,1181,1611,1631,False,center,left,False,0,0.0,none
366217__583655,C. Okoli + K. Danso,583655,C. Okoli,366217,K. Danso,1.0,0.9918032786885246,0.3670531787285086,0.546781287485006,2.4919255170140895,4.573087459833566,0.17656294072911694,-0.4004547011237593,-0.2827357311392939,-0.21589008210263674,0.2100077740364344,0.4231446859836855,-0.09070906365491074,0.6076837237817727,-0.6983927874366834,-0.20276765001759078,0.38611880593424525,-0.33885243074817073,-0.053318669378155964,1182,1631,1624,False,left,right,True,0,0.0,none
397074__399581,M. Guéhi + D. O'Shea,397074,M. Guéhi,399581,D. O'Shea,1.0,0.9967741935483871,0.34901698797480435,0.5571483107463256,3.013400375306741,5.3671329933118415,0.17656294072911694,0.1679487032627498,-0.5536702301958858,-0.07579519660467438,0.911693956537873,1.144174146371222,0.07667905262749493,0.33426111000549447,-0.2575820573779996,0.17140548783529228,-0.7893113577827435,0.48856153294918436,-0.053378356827340045,1183,1628,1634,False,left,right,True,0,0.0,none
9433__397074,M. Guéhi + J. Tarkowski,397074,M. Guéhi,9433,J. Tarkowski,1.0,0.9938330170777989,0.3421252371916509,0.5907020872865275,2.9525320854856787,4.96734566564977,0.17656294072911694,-0.1683625726117448,-0.6571961393833943,0.3776341402390653,0.8297907981386946,0.7811490691174563,0.04891174270791211,0.3789619365171676,-0.3300501938092555,0.10933548123569076,-0.5971447366711025,0.35253683137632635,-0.05396831410822009,1184,1628,1623,False,left,right,True,0,0.0,none
366217__557788,W. Fofana + K. Danso,557788,W. Fofana,366217,K. Danso,1.0,0.9861111111111112,0.3861788617886179,0.584349593495935,2.3597918022121016,4.037776512687053,0.17656294072911694,-1.051330348877223,0.004564809743576537,0.2917896439177274,0.0322112792587166,-0.06294200185378497,-0.028983636917584342,0.5057005789826646,-0.534684215900249,-0.0647889385023259,-0.05230164119699746,-0.03156690244862012,-0.05439834209998621,1185,1610,1624,False,right,right,False,0,0.0,none
240032__258154,J. Bednarek + Rúben Dias,240032,J. Bednarek,258154,Rúben Dias,1.0,0.9939024390243902,0.40182926829268295,0.5214430894308943,1.9933949141672012,3.753966799656835,0.17656294072911694,-0.16042446224492046,0.23966074014894986,-0.5582981066278567,-0.4608050753444255,-0.320654129951182,-0.12735068872180128,0.6662541672417869,-0.7936048559635881,-0.28467496895877653,0.6379102177503589,-0.517568123538096,-0.054478043861899805,1186,1619,1625,False,center,right,False,0,0.0,none
7919__288080,C. Burgess + M. Keane,288080,C. Burgess,7919,M. Keane,1.0,1.0,0.33683964469378214,0.5834502103786816,2.754026596690435,4.652958559928389,0.17656294072911694,0.53680623164123,-0.7365947981790844,0.2796358200423125,0.5626857662789455,0.4956712776889008,0.0034258945935495833,0.45205148287085994,-0.44862558827731025,0.007658116707993893,-0.2829364265025211,0.1299675279459643,-0.055058364007566515,1187,1634,1623,False,left,left,False,0,0.0,none
286380__365443,M. de Ligt + I. Diop,365443,M. de Ligt,286380,I. Diop,1.0,0.9946236559139785,0.3702508960573476,0.5842293906810037,2.029454482579753,3.452087836085415,0.17656294072911694,-0.0779563156562349,-0.2347005359894721,0.29016528182555645,-0.4122840383285755,-0.5947739593931862,-0.13557147041252068,0.6787543854429283,-0.814325855855449,-0.3030513970418216,0.6916480316192882,-0.55646201491414,-0.055323692017952356,1188,1611,1616,False,right,right,False,0,0.0,none
590703__625787,I. Zabarnyi + M. van de Ven,590703,I. Zabarnyi,625787,M. van de Ven,1.0,1.0,0.42661116250385445,0.5518809744064138,2.2416685298277432,4.06170475470333,0.17656294072911694,0.53680623164123,0.6119272672368964,-0.14697540550537963,-0.12673304326400522,-0.04121406976222971,0.23298501620304876,0.07474937162192147,0.15823564458112724,0.5208059957991357,-1.9049393628031104,1.2690628898642573,-0.05726623296851385,1189,1659,1624,False,right,left,True,0,0.0,none
15806__413002,K. Mavropanos + J. Vestergaard,413002,K. Mavropanos,15806,J. Vestergaard,1.0,1.0,0.37933052434456926,0.5966760299625469,2.1137687065684108,3.5047559428278534,0.17656294072911694,0.53680623164123,-0.09830895668034173,0.4583630818139278,-0.2988324979132353,-0.5469489229399429,0.029081631780721075,0.406537432291347,-0.3774558005106259,0.06500799255615104,-0.47859905727480323,0.2635551930731095,-0.058364682289743564,1190,1633,1631,False,right,left,True,0,0.0,none
15806__777938,Dean Huijsen + J. Vestergaard,777938,Dean Huijsen,15806,J. Vestergaard,1.0,0.9960629921259843,0.3896817585301837,0.5621719160104987,2.1934202378328456,3.873285262970077,0.17656294072911694,0.08662578362025217,0.057184322748461,-0.007908650338577627,-0.19165498395537267,-0.21230753823854123,-0.005227346087977286,0.46226454402684414,-0.4674918901148215,-0.011685014036966037,-0.2390309865653083,0.09455495624743114,-0.058640811738589274,1191,1659,1631,False,left,left,False,0,0.0,none
240032__285382,W. Faes + J. Bednarek,285382,W. Faes,240032,J. Bednarek,1.0,1.0,0.36957831325301205,0.5669176706827309,1.9758821917258804,3.4496971904892413,0.17656294072911694,0.53680623164123,-0.244803882513977,0.056223158826782194,-0.48436984584034337,-0.5969447743294988,-0.1354497641865022,0.6743532427064878,-0.8098030068929899,-0.3027793394937891,0.6727277387591335,-0.5479725019961251,-0.05916584851837953,1192,1631,1619,False,right,center,False,0,0.0,none
349142__413002,K. Mavropanos + N. Mazraoui,413002,K. Mavropanos,349142,N. Mazraoui,1.0,1.0,0.39342366159947123,0.5611368142762723,2.1109266453926283,3.7324200012247313,0.17656294072911694,0.53680623164123,0.11339412045131089,-0.021896509271646214,-0.30265671882275247,-0.34021960295186104,0.027225089422065273,0.40839397465000277,-0.38116888522793746,0.06085794716868137,-0.4706178743783225,0.25658563009744,-0.059439262709668046,1193,1633,1611,False,right,right,False,0,0.0,none
349142__777938,Dean Huijsen + N. Mazraoui,777938,Dean Huijsen,349142,N. Mazraoui,1.0,0.9960629921259843,0.4037748957850857,0.5266327003242242,2.190578176657063,4.100949321366954,0.17656294072911694,0.08662578362025217,0.2688873998801136,-0.4881682414241516,-0.19547920486488984,-0.005578218250459427,-0.00708388844663306,0.4641210863855,-0.4712049748321331,-0.015835059424435645,-0.2310498036688273,0.08758539327176165,-0.05971539215851368,1194,1659,1611,False,left,right,True,0,0.0,none
240032__549884,T. Harwood-Bellis + J. Bednarek,549884,T. Harwood-Bellis,240032,J. Bednarek,1.0,1.0,0.36321138211382115,0.5397357723577236,2.2132225484203882,4.083018546536677,0.17656294072911694,0.53680623164123,-0.3404461011110619,-0.31109973005563524,-0.16500938925427042,-0.021860177351182897,-0.13697659028622286,0.6758800688062083,-0.8128566590924313,-0.30619234948145335,0.6792914879222892,-0.5537042918501439,-0.06004958673406871,1195,1619,1619,True,right,center,False,28,2252.0,very_high
412968__619747,L. Colwill + M. Senesi,619747,L. Colwill,412968,M. Senesi,0.9964285714285714,0.9857142857142858,0.3983516483516484,0.5538461538461539,2.5106796116504855,4.581641659311562,-2.8384737166366527,-1.0967056797491785,0.18742092801234853,-0.12041893103304585,0.2352429102322021,0.4309122881848448,-0.2736267356875556,0.898741994437624,-1.1723687301251795,-0.6116549762703527,1.6373637779690808,-1.228518418200132,-0.06032203838447853,1196,1610,1659,False,left,left,False,0,0.0,none
558243__619747,L. Colwill + S. van den Berg,619747,L. Colwill,558243,S. van den Berg,0.9964285714285714,0.9857142857142858,0.3733893557422969,0.5352941176470588,2.574045801526718,4.919847328244275,-2.8384737166366527,-1.0967056797491785,-0.18755549221816492,-0.37112208096843297,0.3205071931920561,0.738018418361486,-0.4115088572936705,1.1236246269670234,-1.5351334842606938,-0.9198715166138185,2.604122986069638,-1.9094379209286694,-0.060586446671751726,1197,1610,1669,False,left,left,False,0,0.0,none
145787__518805,J. Andersen + L. Woolfenden,145787,J. Andersen,518805,L. Woolfenden,1.0,0.9963503649635037,0.3737400069516858,0.4887904066736184,2.0030103292815156,3.908092221651544,0.17656294072911694,0.11948567033711163,-0.18228811003881762,-0.9995505024963658,-0.44786676428793415,-0.1807012366126206,-0.3193562162106886,0.9725158344422387,-1.291872050652927,-0.7138769475771743,1.9545138323739022,-1.4528294645752866,-0.06115021699147394,1198,1616,1634,False,right,right,False,0,0.0,none
413002__447424,C. Bassey + K. Mavropanos,447424,C. Bassey,413002,K. Mavropanos,1.0,1.0,0.390482485128883,0.5905485789821547,1.9736949843364762,3.2759888641898183,0.17656294072911694,0.53680623164123,0.06921260870209653,0.3755597040405532,-0.4873129085383895,-0.7546798354762434,0.022108351262496363,0.4135107128095717,-0.3914023615470753,0.04942018196014414,-0.44862127252621603,0.23737711127918518,-0.0624008685219557,1199,1616,1633,False,left,right,True,0,0.0,none
447424__777938,C. Bassey + Dean Huijsen,447424,C. Bassey,777938,Dean Huijsen,1.0,0.9960629921259843,0.40083371931449746,0.5560444650301065,2.0533465156009107,3.6445181843320418,0.17656294072911694,0.08662578362025217,0.22470588813089926,-0.0907120281119522,-0.38013539458052686,-0.4200384507748418,-0.012200626606202011,0.4692378245450689,-0.48143845115127093,-0.02727282463297297,-0.20905320181672088,0.06837687445350685,-0.06267699797080137,1200,1616,1659,False,left,left,False,0,0.0,none
583655__590874,Toti + C. Okoli,590874,Toti,583655,C. Okoli,1.0,0.9861853011604347,0.3891140173144225,0.540615214588322,2.125455235859641,3.980383865232925,0.17656294072911694,-1.042847025827854,0.048655876582274216,-0.29921537757641936,-0.28310733687306017,-0.11505713616200391,-0.183413741368521,0.7482532571537621,-0.9316669985222831,-0.4099962211021669,0.9904202107926363,-0.7767145934886605,-0.06321496601102464,1201,1629,1631,False,left,left,False,0,0.0,none
415847__568412,C. Romero + J. Gvardiol,415847,C. Romero,568412,J. Gvardiol,1.0,0.9805194805194806,0.37855387855387856,0.564057564057564,2.2826165926373343,4.123646317384974,0.17656294072911694,-1.6907100111638727,-0.10997550762331104,0.017573075763911317,-0.0716341455572894,0.0150316864732708,-0.19563347274511853,0.767835457912995,-0.9634689306581135,-0.4373117518247109,1.0746031140516827,-0.8364077019532359,-0.06355648208749784,1202,1624,1625,False,right,left,True,0,0.0,none
50102__366217,F. Schär + K. Danso,50102,F. Schär,366217,K. Danso,1.0,1.0,0.37335834896810505,0.5339416680880096,2.327914277477016,4.360766969920236,0.17656294072911694,0.53680623164123,-0.1880212671119737,-0.38939842330323937,-0.010682483083330169,0.23034802405823326,-0.05091778096948017,0.5293331087112517,-0.5802508896807319,-0.11381970417608762,0.049293424054806315,-0.117096812666991,-0.06554118740500012,1203,1613,1624,False,right,right,False,0,0.0,none
413002__583655,K. Mavropanos + C. Okoli,413002,K. Mavropanos,583655,C. Okoli,1.0,0.9918032786885246,0.3497881746177933,0.5799410572849513,2.4940004354006327,4.354857918528857,0.17656294072911694,-0.4004547011237593,-0.5420856850083472,0.23221484022303873,0.21279974288882075,0.22498233663038014,-0.11125800265141689,0.6267672546559276,-0.7380252573073446,-0.24870198009212288,0.46815795225759976,-0.4132436756764287,-0.06655233950406726,1204,1633,1631,False,right,left,True,0,0.0,none
488453__496001,M. Kilman + L. Martínez,496001,M. Kilman,488453,L. Martínez,1.0,1.0,0.3556509067357513,0.5192681347150259,1.9375076646675837,3.4592164272297827,0.17656294072911694,0.53680623164123,-0.4540173999046478,-0.5876893816546718,-0.5360058451002021,-0.5883008744006522,-0.34433801326562186,1.0071570250174475,-1.3514950382830695,-0.7697203228468846,2.1034345809060113,-1.5647434656613468,-0.06677848028390826,1205,1633,1611,False,left,left,False,0,0.0,none
412968__604320,J. Branthwaite + M. Senesi,604320,J. Branthwaite,412968,M. Senesi,1.0,0.9954954954954955,0.3706167706167706,0.5691614691614691,2.558204364125733,4.55985948109374,0.17656294072911694,0.02173490822983895,-0.22920447299987137,0.08654475481781126,0.2991912705574999,0.4111330796328318,0.04290916885641103,0.3733537835254465,-0.3304446146690354,0.09591755203562422,-0.6212539063486419,0.3517964924855013,-0.06805809738968016,1206,1623,1659,False,left,left,False,0,0.0,none
558243__604320,J. Branthwaite + S. van den Berg,604320,J. Branthwaite,558243,S. van den Berg,1.0,0.9954954954954955,0.34565447800741916,0.5506094329623741,2.621570554001965,4.8980651500264525,0.17656294072911694,0.02173490822983895,-0.6041808932303848,-0.16415839511757585,0.38445555351735394,0.718239209809473,-0.09497295274970387,0.5982364160548459,-0.6932093688045496,-0.21229898830784152,0.3455053017519157,-0.32912301024303564,-0.0683225056769532,1207,1623,1669,False,left,left,False,0,0.0,none
415847__479155,N. Collins + C. Romero,479155,N. Collins,415847,C. Romero,1.0,0.978172062679105,0.3618681787695872,0.5513688189744528,2.906098374013853,5.241055224267566,0.17656294072911694,-1.959127461392341,-0.3606233175849129,-0.1538964236982736,0.7673105208560762,1.0296897976177561,-0.1171883400705096,0.6338136979472693,-0.7510020380177789,-0.2619584346715184,0.4984502601145542,-0.4376014529070837,-0.06896442988280971,1208,1669,1624,False,right,right,False,0,0.0,none
8653__286380,H. Maguire + I. Diop,8653,H. Maguire,286380,I. Diop,1.0,1.0,0.3518912529550827,0.5809692671394799,2.2654005860972757,3.862122169181224,0.17656294072911694,0.53680623164123,-0.5104938437170673,0.2461095656622621,-0.09479966104650217,-0.22244413513566658,-0.09457837760202842,0.5967949687939276,-0.691373346395956,-0.21141696977269414,0.3393085919535192,-0.3256767452704717,-0.06905125635438565,1209,1611,1616,False,center,right,False,0,0.0,none
397074__777938,M. Guéhi + Dean Huijsen,397074,M. Guéhi,777938,Dean Huijsen,1.0,0.9928371856743714,0.3900177800355601,0.5526289052578105,2.5829974449038104,4.675283176462025,0.17656294072911694,-0.28223174475822804,0.06223194169830404,-0.13686823352885283,0.33255234622005064,0.5159430449036794,0.08531780890910028,0.3021736590606125,-0.21685585015151224,0.19071624069412194,-0.9272537071608538,0.5650057532229099,-0.06981684115661313,1210,1628,1659,False,left,left,False,0,0.0,none
288080__413002,K. Mavropanos + C. Burgess,413002,K. Mavropanos,288080,C. Burgess,1.0,1.0,0.3616674808663084,0.5867122618466047,2.3235252832965974,3.9658868027603162,0.17656294072911694,0.53680623164123,-0.36363814408730977,0.323717589260701,-0.01658822623183409,-0.12822112826462503,-0.006503262102621116,0.4513718211281309,-0.457875083230752,-0.014537148999943742,-0.2858582583967252,0.11260596943624501,-0.07050485813174041,1211,1633,1634,False,right,left,True,0,0.0,none
364003__413002,K. Mavropanos + S. Bueno,413002,K. Mavropanos,364003,S. Bueno,1.0,1.0,0.3755805243445693,0.5725093632958802,2.239759418719764,3.9117339410127574,0.17656294072911694,0.53680623164123,-0.1546403841605903,0.13178655987573762,-0.1293019051449312,-0.17739438979440775,0.00643537000479516,0.4291836940672729,-0.42274832406247775,0.014385385542401674,-0.38124390870382635,0.1785398704358757,-0.07147250575277192,1212,1633,1629,False,right,center,False,0,0.0,none
412027__413002,E. Konsa + K. Mavropanos,412027,E. Konsa,413002,K. Mavropanos,1.0,1.0,0.3966916354556804,0.594361215147732,1.8196364809873127,2.970400056719625,0.17656294072911694,0.53680623164123,0.1624846890615495,0.427081805766209,-0.6946109620838463,-1.032168371915108,0.006214438057731073,0.429404626014337,-0.4231901879566058,0.013891522526789222,-0.38029413329527023,0.17771047965401668,-0.0716003827943831,1213,1614,1633,False,right,right,False,0,0.0,none
364003__777938,Dean Huijsen + S. Bueno,777938,Dean Huijsen,364003,S. Bueno,1.0,0.9960629921259843,0.38593175853018374,0.538005249343832,2.3194109499841984,4.280263261154981,0.17656294072911694,0.08662578362025217,0.0008528952682124169,-0.3344851722767678,-0.022124391187068604,0.15724699490699387,-0.027873607863903194,0.48491080580277013,-0.5127844136666733,-0.06230762105071539,-0.14167583799433114,0.009539633610197589,-0.07174863520161752,1214,1659,1629,False,left,center,False,0,0.0,none
412027__777938,Dean Huijsen + E. Konsa,777938,Dean Huijsen,412027,E. Konsa,1.0,0.9960629921259843,0.4070428696412949,0.5598571011956839,1.8992880122517473,3.3389293768618487,0.17656294072911694,0.08662578362025217,0.31797796849035226,-0.039189926386296425,-0.5874334481259837,-0.6975269872137063,-0.02809453981096728,0.4851317377498342,-0.5132262775608014,-0.06280148406632784,-0.14072606258577505,0.008710242828338339,-0.07187651224322877,1215,1659,1614,False,left,right,True,0,0.0,none
8653__415847,H. Maguire + C. Romero,8653,H. Maguire,415847,C. Romero,1.0,0.9805194805194806,0.36978447084830063,0.5564382426084553,2.6640151017663816,4.794969606322983,0.17656294072911694,-1.6907100111638727,-0.24170704207971005,-0.08539071037590756,0.4415680915720638,0.6246237669780617,-0.12439272341293989,0.6414790468940088,-0.7658717703069486,-0.27806284388169317,0.5314032124800311,-0.46551235274126557,-0.07271292874509037,1216,1611,1624,False,center,right,False,0,0.0,none
346131__625787,T. Chalobah + M. van de Ven,346131,T. Chalobah,625787,M. van de Ven,1.0,1.0,0.4210950080515298,0.5556897477187333,2.2065520096342013,3.9725556977269303,0.17656294072911694,0.53680623164123,0.5290651727033024,-0.09550550449069282,-0.17398513338013644,-0.12216546831009367,0.19909430994702215,0.11308665105307014,0.08600765889395198,0.44504797793319995,-1.7401293128374165,1.133488957897253,-0.07281701330517432,1217,1628,1624,False,right,left,True,0,0.0,none
504375__627012,Murillo + M. Lacroix,627012,Murillo,504375,M. Lacroix,1.0,0.9964788732394366,0.3808202154101077,0.5664457332228666,1.8021072798669393,3.249483682931975,0.17656294072911694,0.13418005629852428,-0.07593124355331504,0.049845626652375685,-0.7181979059620727,-0.7787477456074189,-0.1711369706654738,0.7176231269281292,-0.888760097593603,-0.38255318680151523,0.8587428104176716,-0.6961771506667884,-0.07288918040881381,1218,1642,1628,False,left,center,False,0,0.0,none
366217__504375,M. Lacroix + K. Danso,504375,M. Lacroix,366217,K. Danso,1.0,0.9964788732394366,0.37092064582617656,0.5532463071109583,2.3419198431002233,4.225755670365192,0.17656294072911694,0.13418005629852428,-0.22463974651408575,-0.12852496663895338,0.008163127054228503,0.10775162327253861,-0.06125497351956842,0.5379719155846487,-0.5992268891042172,-0.13692707797871953,0.08643122343896786,-0.1527152897762357,-0.07307722991291656,1219,1628,1624,False,center,right,False,0,0.0,none
366217__415847,C. Romero + K. Danso,415847,C. Romero,366217,K. Danso,1.0,0.9805194805194806,0.38184985745961353,0.5459296800760215,2.5086306480952825,4.614131192490008,0.17656294072911694,-1.6907100111638727,-0.0604642551686872,-0.22739828840675877,0.23248586568389468,0.46041426204934355,-0.1371425479763493,0.6615711233163429,-0.7987136712926922,-0.30656332509814926,0.6177780457549495,-0.5271575115747463,-0.07337975113753906,1220,1624,1624,True,right,right,False,1,61.0,low
365443__583655,M. de Ligt + C. Okoli,365443,M. de Ligt,583655,C. Okoli,1.0,0.9864269346025031,0.37334743521946057,0.5605499735589635,2.4113638671676654,4.3438915405707315,0.17656294072911694,-1.0152172484212243,-0.18818521032272156,-0.029826787908491192,0.10160562264253015,0.215024366654884,-0.11895233190199361,0.6312844782022349,-0.7502368101042284,-0.26590159607026226,0.48757727072306756,-0.4361650988941077,-0.07391063659703241,1221,1611,1631,False,right,left,True,0,0.0,none
364003__627012,Murillo + S. Bueno,627012,Murillo,364003,S. Bueno,1.0,1.0,0.40274509803921565,0.5525490196078432,1.6978719370999362,3.1536914948842494,0.17656294072911694,0.53680623164123,0.2534180726692337,-0.1379477691586088,-0.8584549070136187,-0.86573140932106,-0.08289768814460405,0.5699100113490675,-0.6528076994936715,-0.18530639320586192,0.22373150235407127,-0.2532879566361209,-0.07619133722393376,1222,1642,1629,False,left,center,False,0,0.0,none
239411__769441,L. Yoro + T. Mings,769441,L. Yoro,239411,T. Mings,1.0,0.9918032786885246,0.3697632058287796,0.5507741347905282,2.1001512464720085,3.7667911997283974,0.17656294072911694,-0.4004547011237593,-0.24202647912104763,-0.16193269510948938,-0.31715588098427056,-0.30900899138729226,-0.2179592640400986,0.7899668315578414,-1.0079260955979399,-0.48721799110514746,1.1697447842572384,-0.9198550333117804,-0.07665656693775832,1223,1611,1614,False,right,left,True,0,0.0,none
415847__590874,Toti + C. Romero,590874,Toti,415847,C. Romero,1.0,0.9749015029913906,0.40391069604552754,0.5397636071793375,2.142160366940834,4.021427597889367,0.17656294072911694,-2.3331023358679674,0.2709273525528809,-0.3107235838805414,-0.2606292452255999,-0.07778756009634585,-0.22984722568995958,0.8088840841825704,-1.03873130987253,-0.5137918961827254,1.251069108689141,-0.9776772747125095,-0.07711067042712227,1224,1629,1624,False,left,right,True,0,0.0,none
545267__604320,J. Branthwaite + R. Drăgușin,604320,J. Branthwaite,545267,R. Drăgușin,1.0,0.9954954954954955,0.3973973973973974,0.5745745745745745,2.2419998905967944,3.896134159588019,0.17656294072911694,0.02173490822983895,0.17308644309838941,0.15969481572940125,-0.12628717081326551,-0.19155970086110707,0.0742499574181116,0.31218901594483717,-0.23793905852672553,0.16597557920841624,-0.8841981880158984,0.5254319864798223,-0.07718526950459693,1225,1623,1624,False,left,right,True,0,0.0,none
412968__415917,Gabriel Magalhaes + M. Senesi,415917,Gabriel Magalhaes,412968,M. Senesi,1.0,1.0,0.3626373626373627,0.5776556776556776,2.6045485334263843,4.579527494406699,0.17656294072911694,0.53680623164123,-0.3490688575138277,0.20133133688635396,0.36155106167809975,0.42899253029155904,0.08656099676533667,0.2917115192841685,-0.20515052251883184,0.1934952163552362,-0.9722299236500932,0.5869769777701048,-0.07752597336338886,1226,1609,1659,False,left,left,False,0,0.0,none
415917__558243,Gabriel Magalhaes + S. van den Berg,415917,Gabriel Magalhaes,558243,S. van den Berg,1.0,1.0,0.3376750700280112,0.5591036414565826,2.6679147233026157,4.917733163339412,0.17656294072911694,0.53680623164123,-0.7240452777443411,-0.04937181304903315,0.4468153446379538,0.7360986604682003,-0.05132112484077825,0.5165941518135678,-0.567915276654346,-0.11472132398822953,-0.005470715549535896,-0.09394252495843211,-0.07779038165066196,1227,1609,1669,False,left,left,False,0,0.0,none
50102__413002,F. Schär + K. Mavropanos,50102,F. Schär,413002,K. Mavropanos,1.0,1.0,0.3560933448573898,0.5671014378879548,2.3299891958635595,4.142537428615527,0.17656294072911694,0.53680623164123,-0.447371220981027,0.058706499022436076,-0.007890514230943807,0.03218567470492789,-0.0714667199659863,0.5484166395854067,-0.619883359551393,-0.15975403425061968,0.13133257037816085,-0.19148805759524876,-0.07877485753091135,1228,1613,1633,False,right,right,False,0,0.0,none
557788__627012,Murillo + W. Fofana,627012,Murillo,557788,W. Fofana,1.0,0.9861111111111112,0.396078431372549,0.5975490196078432,1.8199792389788172,3.061504525253836,0.17656294072911694,-1.051330348877223,0.15327331270434724,0.4701602372090564,-0.6941497537575846,-0.9494413707337425,-0.13886563406348973,0.6584275109622268,-0.7972931450257165,-0.31041504732512165,0.6042638132157023,-0.5244911443814202,-0.07882660857413416,1229,1642,1610,False,left,right,True,0,0.0,none
288080__777938,Dean Huijsen + C. Burgess,777938,Dean Huijsen,288080,C. Burgess,1.0,0.9960629921259843,0.37201871505192285,0.5522081478945566,2.403176814561032,4.33441612290254,0.17656294072911694,0.08662578362025217,-0.20814486465850707,-0.14255414289180443,0.0905892877260285,0.20642025643677658,-0.0408122399713195,0.4978494379101863,-0.5386616778815059,-0.09123015559306086,-0.08605330463380204,-0.03903270887971404,-0.07923761096261385,1230,1659,1634,False,left,left,False,0,0.0,none
7919__557788,M. Keane + W. Fofana,7919,M. Keane,557788,W. Fofana,1.0,0.9861111111111112,0.34408602150537637,0.614247311827957,2.7923680339924823,4.506618728550417,0.17656294072911694,-1.051330348877223,-0.6277417982172513,0.6958127970250144,0.6142772406218825,0.3627880547464355,-0.03960341921791971,0.4950807966823293,-0.534684215900249,-0.08852800286892015,-0.09795555502482634,-0.03156690244862012,-0.07996404843163199,1231,1623,1610,False,left,right,True,0,0.0,none
412968__590703,I. Zabarnyi + M. Senesi,590703,I. Zabarnyi,412968,M. Senesi,1.0,1.0,0.3861429350791053,0.533987997817785,2.451565362613258,4.617906100903346,0.17656294072911694,0.53680623164123,0.00402512898850671,-0.38877234597858723,0.15569995417449495,0.4638420505847926,0.0647304413719481,0.3246663920832146,-0.2599359507112665,0.14469600889636136,-0.8305585710342108,0.4841432098908054,-0.07999092488392147,1232,1659,1659,True,right,left,True,15,1042.0,very_high
558243__590703,I. Zabarnyi + S. van den Berg,590703,I. Zabarnyi,558243,S. van den Berg,1.0,1.0,0.36118064246975384,0.5154359616186901,2.5149315524894904,4.956111769836059,0.17656294072911694,0.53680623164123,-0.37095129124200676,-0.6394754959139743,0.240964237134349,0.7709481807614338,-0.07315168023416682,0.549549024612614,-0.6227007048467808,-0.1635205314471044,0.13620063706634672,-0.19677629283773157,-0.08025533317119452,1233,1659,1669,False,right,left,True,0,0.0,none
365443__501419,M. de Ligt + J. Todibo,365443,M. de Ligt,501419,J. Todibo,1.0,0.9946236559139785,0.3924731182795699,0.5432937181663837,1.8403327923083594,3.3130539827285004,0.17656294072911694,-0.0779563156562349,0.09911533056014887,-0.2630193893341131,-0.6667624178025865,-0.721023021990903,-0.1801695145329606,0.7233524295633682,-0.9035219440963288,-0.40274419770929853,0.8833727963632868,-0.7238855458882166,-0.08113736912330655,1234,1611,1633,False,right,right,False,0,0.0,none
258154__479155,N. Collins + Rúben Dias,479155,N. Collins,258154,Rúben Dias,1.0,0.9915550211840147,0.3763597847246078,0.5237318218252605,2.4025992045139213,4.423896956803256,0.17656294072911694,-0.4288419124733888,-0.142934557604225,-0.5273692956623655,0.08981206715156298,0.2876729235223039,-0.13848974904341418,0.6551151069201738,-0.7936048559635881,-0.3095748080025387,0.5900239536383487,-0.517568123538096,-0.08129384261738398,1235,1669,1625,False,right,right,False,0,0.0,none
349142__590874,Toti + N. Mazraoui,590874,Toti,349142,N. Mazraoui,1.0,0.9943820224719101,0.4327495042961005,0.5218109715796431,1.7423814458516365,3.3579459479287985,0.17656294072911694,-0.10558609306286465,0.7041356820419323,-0.5533267270711043,-0.7985637985846333,-0.680259075744245,-0.044930649295038844,0.4995743954481889,-0.5445050447432277,-0.10043629384136263,-0.07863779831083853,-0.05000087051169467,-0.0838096605162718,1236,1629,1611,False,left,right,True,0,0.0,none
365443__504375,M. Lacroix + M. de Ligt,504375,M. Lacroix,365443,M. de Ligt,1.0,0.9911025291534151,0.37721490231712856,0.567014993184916,2.2613581932537996,3.9965597511023567,0.17656294072911694,-0.48058249099894057,-0.1300892256975134,0.05753832755519217,-0.10023902433967574,-0.1003686960562629,-0.08949824176665128,0.5709590911138303,-0.6604573328804816,-0.20006102403139098,0.2282414438787187,-0.26764653062221594,-0.08508738497652307,1237,1628,1611,False,center,right,False,0,0.0,none
413002__415847,K. Mavropanos + C. Romero,413002,K. Mavropanos,415847,C. Romero,1.0,0.9805194805194806,0.3645848533488983,0.5790894498759667,2.5107055664818256,4.3959016511853,0.17656294072911694,-1.6907100111638727,-0.3198142090377405,0.2207066339189167,0.23527783453628104,0.2622519126960382,-0.15769148697285543,0.6806546541904979,-0.8383461411633533,-0.3524976551726813,0.6998171920783041,-0.6015487565030041,-0.08661342126345024,1238,1633,1624,False,right,right,False,0,0.0,none
365443__415847,M. de Ligt + C. Romero,365443,M. de Ligt,415847,C. Romero,1.0,0.9751431364334591,0.3881441139505656,0.559698366149979,2.4280689982488584,4.384935273227174,0.17656294072911694,-2.3054725584613376,0.03408626564788514,-0.04133499421261322,0.12408371428999043,0.25229394272054206,-0.16538581622343215,0.6919153052310432,-0.8573011214544752,-0.3696972711508206,0.7482261686195721,-0.6371277801179568,-0.08780634101313006,1239,1611,1624,False,right,right,False,0,0.0,none
365443__619747,L. Colwill + M. de Ligt,619747,L. Colwill,365443,M. de Ligt,0.9964285714285714,0.9803379416282643,0.44723502304147467,0.6064516129032258,2.3930232558139535,3.9465116279069763,-2.8384737166366527,-1.7114682270466435,0.921733001700286,0.5904655318836624,0.07692686131611887,-0.14581466828269243,-0.017336975027348545,0.4500976859421511,-0.4674346609694996,-0.038754425887172116,-0.2913357019394134,0.09466237694012507,-0.08784544813738505,1240,1610,1611,False,left,right,True,0,0.0,none
346131__424241,N. Milenković + T. Chalobah,424241,N. Milenković,346131,T. Chalobah,0.9967741935483871,0.9935483870967742,0.4004778972520908,0.603305455993628,2.4436070686070686,4.04170997920998,-2.5466959756012724,-0.20090882511573044,0.21936083087641023,0.5479499050833208,0.14499143227430134,-0.059370235343047605,-0.07258251694145212,0.5384488754684096,-0.6110313924098617,-0.16224824509897182,0.08848165016305064,-0.17487266981165722,-0.08955416146290215,1241,1642,1628,False,right,right,False,0,0.0,none
285382__365443,W. Faes + M. de Ligt,285382,W. Faes,365443,M. de Ligt,1.0,0.9946236559139785,0.37038476486591526,0.5775359502526234,1.9070571063076065,3.26350739659527,0.17656294072911694,-0.0779563156562349,-0.23268959703435382,0.19971339927793375,-0.5769795099104407,-0.766013575753227,-0.19478630066103766,0.7379692156914452,-0.9327555163524829,-0.4354180150168535,0.9462096300627839,-0.7787577716397934,-0.0895976728175503,1242,1631,1611,False,right,right,False,0,0.0,none
365443__549884,T. Harwood-Bellis + M. de Ligt,549884,T. Harwood-Bellis,365443,M. de Ligt,1.0,0.9946236559139785,0.36401783372672436,0.550354051927616,2.144397463002114,3.8968287526427057,0.17656294072911694,-0.0779563156562349,-0.3283318156314387,-0.16760948960448369,-0.2576190533243677,-0.19092897877491113,-0.19631312676075835,0.7401871546327489,-0.9365002813935073,-0.43883102500451787,0.9557444388223254,-0.7857867994615454,-0.08984954074787041,1243,1619,1611,False,right,right,False,0,0.0,none
283145__777938,Dean Huijsen + T. Adarabioyo,777938,Dean Huijsen,283145,T. Adarabioyo,1.0,0.9819784850837308,0.40273927026727296,0.5730287235222358,2.6184692500481974,4.568112589165221,0.17656294072911694,-1.5238789177505707,0.2533305295458833,0.1388049401387546,0.3802825006894178,0.418627277142177,0.08060017848429507,0.28640092985037624,-0.2058007513660812,0.1801706259964725,-0.9950598824504421,0.5857564801934206,-0.09128135569821222,1244,1659,1610,False,left,right,True,0,0.0,none
590703__769441,I. Zabarnyi + L. Yoro,590703,I. Zabarnyi,769441,L. Yoro,1.0,1.0,0.4314420803782506,0.5440307328605201,1.8422803366887779,3.365222604020004,0.17656294072911694,0.53680623164123,0.6844959338781182,-0.25305973297155815,-0.6641418408757868,-0.673651541045467,0.09331211726414976,0.26522033720967575,-0.17190821994552605,0.20858641874861264,-1.0861141925948556,0.6493737014862994,-0.09166630810689053,1245,1659,1611,False,right,right,False,0,0.0,none
8360__488453,L. Martínez + C. Dawson,488453,L. Martínez,8360,C. Dawson,1.0,1.0,0.3628472222222222,0.5659722222222222,1.5072185890202177,2.490779614851771,0.17656294072911694,0.53680623164123,-0.34591640685101405,0.04344683041693054,-1.114994254726714,-1.467685547959109,-0.35506215208235214,0.9964328862007175,-1.3514950382830695,-0.7936926618691839,2.057332043625072,-1.5647434656613468,-0.09259541097933971,1246,1611,1629,False,left,left,False,0,0.0,none
7919__50102,F. Schär + M. Keane,50102,F. Schär,7919,M. Keane,1.0,1.0,0.33126550868486354,0.5638393864200315,2.760490509257397,4.8296091857836,0.17656294072911694,0.53680623164123,-0.8203278750728016,0.01462472980404761,0.5713834782798357,0.6560780806584537,-0.061537563269815604,0.5170149407342252,-0.5785525040040406,-0.13755876854268204,-0.0036617649910307168,-0.11390889565677913,-0.09265969290000606,1247,1613,1623,False,right,left,True,0,0.0,none
283145__625787,T. Adarabioyo + M. van de Ven,283145,T. Adarabioyo,625787,M. van de Ven,1.0,0.9859154929577465,0.4075321494182486,0.553429271279853,2.363940673601813,4.26754557626944,0.17656294072911694,-1.0736984697295928,0.3253277893631583,-0.12605247828377053,0.03779391796284766,0.14569875858579412,0.01917964127331026,0.38366457147796423,-0.364484930204654,0.04287345313104366,-0.5769283437929578,0.28790187631069714,-0.09406140131022606,1248,1610,1624,False,right,left,True,0,0.0,none
8653__501419,J. Todibo + H. Maguire,501419,J. Todibo,8653,H. Maguire,1.0,1.0,0.374113475177305,0.54003359462486,2.076278895825882,3.723088315824309,0.17656294072911694,0.53680623164123,-0.17667797716744632,-0.30707510549740746,-0.3492780405205131,-0.34869319773338336,-0.13917642172246833,0.6413930129143675,-0.7805694346368358,-0.3111097704401711,0.5310333566975178,-0.4931002762445483,-0.09486493345973984,1249,1633,1611,False,right,center,False,0,0.0,none
619747__625787,L. Colwill + M. van de Ven,619747,L. Colwill,625787,M. van de Ven,0.9964285714285714,0.9857142857142858,0.43881987577639747,0.5717391304347825,2.3007827788649706,4.025440313111545,-2.8384737166366527,-1.0967056797491785,0.7953230662607382,0.12137800944016172,-0.0471900872062981,-0.07414383216217756,-0.10537216085645496,0.5847977112661553,-0.6901698721226103,-0.2355449893675786,0.28773298090489247,-0.32341779068789095,-0.09613615854989975,1250,1610,1624,False,left,left,False,0,0.0,none
9433__364003,J. Tarkowski + S. Bueno,9433,J. Tarkowski,364003,S. Bueno,1.0,0.9970588235294118,0.3380392156862745,0.576078431372549,2.6889455905660666,4.572325750342727,0.17656294072911694,0.20049495576673537,-0.7185751858134859,0.1800172014911503,0.47511406073157536,0.42245301912077077,-0.06427967406509139,0.516450275964006,-0.5807299500290972,-0.14368838050914665,-0.006089230642599185,-0.11799602222488541,-0.09727016389233016,1251,1623,1629,False,right,center,False,0,0.0,none
8653__258154,Rúben Dias + H. Maguire,258154,Rúben Dias,8653,H. Maguire,1.0,0.9939024390243902,0.3842760768033212,0.5288012454592631,2.16051593226645,3.9778113388586727,0.17656294072911694,-0.16042446224492046,-0.024018282099022153,-0.45886358233999947,-0.2359303621324494,-0.1173931071173906,-0.14569413238584447,0.6479107235777437,-0.7936048559635881,-0.3256792172127135,0.5590526693882407,-0.517568123538096,-0.09863743249750373,1252,1625,1611,False,right,center,False,0,0.0,none
7919__504375,M. Lacroix + M. Keane,504375,M. Lacroix,7919,M. Keane,1.0,0.9964788732394366,0.328827805542935,0.5831440254429805,2.7744960748806045,4.694597886228555,0.17656294072911694,0.13418005629852428,-0.8569463544749136,0.27549818646833363,0.5902290884173944,0.5334816798727591,-0.07187475581990382,0.5273521332843134,-0.5992268891042172,-0.1606661423453139,0.040777309611139,-0.1527152897762357,-0.0986429362445624,1253,1628,1623,False,center,left,False,0,0.0,none
286380__366217,I. Diop + K. Danso,286380,I. Diop,366217,K. Danso,1.0,1.0,0.3639566395663957,0.570460704607046,2.1100161324261766,3.68128375534825,0.17656294072911694,0.53680623164123,-0.32925105680604444,0.10410198763141092,-0.30388188693467133,-0.3866536400643847,-0.10732820216543784,0.5840451442305181,-0.691373346395956,-0.2399174509891502,0.2844977327968818,-0.3256767452704717,-0.09974475470960491,1254,1616,1624,False,right,right,False,0,0.0,none
590703__619747,L. Colwill + I. Zabarnyi,619747,L. Colwill,590703,I. Zabarnyi,0.9964285714285714,0.9857142857142858,0.4306484295845998,0.5801418439716313,2.340885750962773,4.0362644415917845,-2.8384737166366527,-1.0967056797491785,0.6725739386442032,0.23492817337286417,0.006771673271282731,-0.06431503118261109,-0.11654717856610791,0.5979384891717217,-0.7144856677378295,-0.2605252062124102,0.34422452895785205,-0.36905921331788205,-0.10080708708242592,1255,1610,1659,False,left,right,True,0,0.0,none
9097__625787,L. Dunk + M. van de Ven,9097,L. Dunk,625787,M. van de Ven,1.0,1.0,0.41304347826086957,0.5543478260869565,2.214008278389233,3.994993119962164,0.17656294072911694,0.53680623164123,0.4081173949679328,-0.11363957756183458,-0.16395212665848397,-0.10179126838746333,0.15667814412592534,0.151259089662206,0.005419054463719333,0.35023246645333145,-1.576027905334501,0.9822219127153444,-0.10124775583061568,1256,1651,1624,False,left,left,False,0,0.0,none
415917__424241,N. Milenković + Gabriel Magalhaes,424241,N. Milenković,415917,Gabriel Magalhaes,0.9967741935483871,0.9935483870967742,0.3824884792626728,0.6431643625192012,2.6317067596137367,4.092480429689733,-2.5466959756012724,-0.20090882511573044,-0.050871061092330236,1.086583686933575,0.3980946298940373,-0.013268357088417213,-0.01686125529203697,0.4339418049347121,-0.4508030602267491,-0.0376910197741613,-0.3607890276731232,0.12588035271707376,-0.10190614764560285,1257,1642,1609,False,right,left,True,0,0.0,none
145787__488453,J. Andersen + L. Martínez,145787,J. Andersen,488453,L. Martínez,1.0,0.9963503649635037,0.35960310218978103,0.5289689781021898,1.8098098645302494,3.1723022973774633,0.17656294072911694,0.11948567033711163,-0.39464865014292916,-0.4565969253823792,-0.707833461460399,-0.8488319541723361,-0.39089976615617167,1.0440593843877215,-1.434959150543893,-0.8738027246919123,2.2620759811803715,-1.7214079187771214,-0.10256015174726901,1258,1616,1611,False,right,left,True,0,0.0,none
15806__234399,J. Vestergaard + A. Webster,15806,J. Vestergaard,234399,A. Webster,1.0,0.986842105263158,0.3744517543859649,0.6129385964912281,2.1366660412340313,3.445169168927235,0.17656294072911694,-0.9677442130604601,-0.1715964436445916,0.6781274575956583,-0.2680223004598412,-0.6010564238581791,-0.10386037844440382,0.5745055110065601,-0.678365889450964,-0.23216560747696924,0.24348732591293654,-0.3012613878969209,-0.10328888354398785,1259,1631,1651,False,left,left,False,0,0.0,none
8653__285382,W. Faes + H. Maguire,285382,W. Faes,8653,H. Maguire,1.0,1.0,0.3520251217636503,0.5742758267110997,2.1430032098251295,3.673541729691079,0.17656294072911694,0.53680623164123,-0.508482904761949,0.1556576831146394,-0.25949513262836726,-0.39368375149570745,-0.1537932078505454,0.6560097990424445,-0.8098030068929899,-0.34378358774772605,0.5938701903970148,-0.5479725019961251,-0.10332523715398362,1260,1631,1611,False,right,center,False,0,0.0,none
413002__557788,K. Mavropanos + W. Fofana,413002,K. Mavropanos,557788,W. Fofana,1.0,0.9861111111111112,0.36891385767790263,0.6175093632958801,2.3618667205986448,3.8195469713823442,0.17656294072911694,-1.051330348877223,-0.2547851441254768,0.7398945662434029,0.03500324811110296,-0.26110435120709036,-0.049532575914090465,0.4851516399861585,-0.534684215900249,-0.11072326857685791,-0.1406405038656022,-0.03156690244862012,-0.10386716593783363,1261,1633,1610,False,right,right,False,0,0.0,none
8653__549884,T. Harwood-Bellis + H. Maguire,549884,T. Harwood-Bellis,8653,H. Maguire,1.0,1.0,0.34565819062445946,0.5470939283860924,2.3803435665196373,4.306863085738515,0.17656294072911694,0.53680623164123,-0.6041251233590339,-0.21166520576777803,0.05986532395770566,0.18140084548260849,-0.15532003395026608,0.6575366251421653,-0.8128566590924313,-0.3471965977353904,0.6004339395601715,-0.5537042918501439,-0.10420897536967252,1262,1619,1611,False,right,center,False,0,0.0,none
234399__349142,A. Webster + N. Mazraoui,234399,A. Webster,349142,N. Mazraoui,1.0,0.986842105263158,0.38854489164086686,0.5773993808049536,2.1338239800582492,3.6728332273241127,0.17656294072911694,-0.9677442130604601,0.040106633487061026,0.19786786651008426,-0.2718465213693584,-0.39432710387009734,-0.10571692080305961,0.5763620533652158,-0.6820789741682756,-0.23631565286443887,0.25146850880941707,-0.30823095087259045,-0.10436346396391241,1263,1651,1611,False,left,right,True,0,0.0,none
234399__288080,C. Burgess + A. Webster,288080,C. Burgess,234399,A. Webster,1.0,0.986842105263158,0.35678871090770403,0.602974828375286,2.346422617962218,3.9063000288596976,0.17656294072911694,-0.9677442130604601,-0.4369256310515597,0.5434819650424314,0.014221971221559937,-0.18232862918286133,-0.13944527232774606,0.6301614000269913,-0.7696066723547373,-0.3117107490330641,0.4827492137267516,-0.47252286745122013,-0.10553518388875062,1264,1634,1651,False,left,left,False,0,0.0,none
234399__364003,S. Bueno + A. Webster,364003,S. Bueno,234399,A. Webster,1.0,0.986842105263158,0.3707017543859649,0.5887719298245614,2.2626567533853845,3.852147167112139,0.17656294072911694,-0.9677442130604601,-0.2279278711248402,0.3515509356574681,-0.09849170769153717,-0.23150189071264404,-0.12650664022032976,0.6073881156136184,-0.7338947558339483,-0.28278821449071867,0.3848480011800561,-0.40549060987490965,-0.10703782886632446,1265,1629,1651,False,center,left,False,0,0.0,none
413002__504375,M. Lacroix + K. Mavropanos,504375,M. Lacroix,413002,K. Mavropanos,1.0,0.9964788732394366,0.35365564171546127,0.5864060769109036,2.343994761486767,4.0075261290604836,0.17656294072911694,0.13418005629852428,-0.48398970038313904,0.3195799556867221,0.010955095906614865,-0.09041072608076677,-0.08180391251607455,0.534234551978356,-0.6160384644944306,-0.1828614080532516,0.07036448391460262,-0.18427108295704495,-0.107175575443654,1266,1628,1633,False,center,right,False,0,0.0,none
234399__447424,C. Bassey + A. Webster,447424,C. Bassey,234399,A. Webster,1.0,0.986842105263158,0.38560371517027864,0.6068111455108359,1.9965923190020969,3.2164020902891997,0.17656294072911694,-0.9677442130604601,-0.004074878262153345,0.5953240798222836,-0.4565027110849954,-0.8087873363944798,-0.11083365896262856,0.5814787915247848,-0.6923124504874134,-0.2477534180729762,0.27346511066152346,-0.32743946969084525,-0.10732506977620011,1267,1616,1651,False,left,left,False,0,0.0,none
15806__399581,D. O'Shea + J. Vestergaard,399581,D. O'Shea,15806,J. Vestergaard,1.0,1.0,0.34868096646942803,0.5666913214990138,2.6238231682357753,4.5651350798198935,0.17656294072911694,0.53680623164123,-0.5587178491457289,0.053164386585600826,0.3874866263624497,0.4159235632290014,-0.01386610236958262,0.42127293173768193,-0.4351390341072645,-0.030995766895795668,-0.4152518809478692,0.15528216409597606,-0.1090170149130634,1268,1634,1631,False,right,left,True,0,0.0,none
412968__769441,L. Yoro + M. Senesi,769441,L. Yoro,412968,M. Senesi,1.0,1.0,0.39914529914529917,0.5177350427350427,2.0120741973764904,3.910599821739782,0.17656294072911694,0.53680623164123,0.1993429232462635,-0.6084068373774683,-0.4356706039148674,-0.17842422167801114,-0.06376743985729799,0.502032932733338,-0.565800372590636,-0.14254335130933013,-0.06806866928498645,-0.08997279138601878,-0.10968683471736475,1269,1611,1659,False,right,left,True,0,0.0,none
558243__769441,S. van den Berg + L. Yoro,558243,S. van den Berg,769441,L. Yoro,1.0,1.0,0.3741830065359477,0.4991830065359477,2.0754403872527223,4.248805490672495,0.17656294072911694,0.53680623164123,-0.17563349698424996,-0.8591099873128554,-0.35040632095501334,0.12868190849863004,-0.20164956146341287,0.7269155652627374,-0.9285651267261502,-0.4507598916527958,0.8986905388155708,-0.7708922941145557,-0.1099512430046378,1270,1669,1611,False,left,right,True,0,0.0,none
239411__777938,Dean Huijsen + T. Mings,777938,Dean Huijsen,239411,T. Mings,1.0,0.9878662708145088,0.3601394088034078,0.5782238285788046,2.754068016057359,4.763840363307503,0.17656294072911694,-0.8506351491447371,-0.3865924055795445,0.20900905077921428,0.5627414993540811,0.5963569984523279,-0.016865827890214763,0.4217132439339158,-0.43857907182413053,-0.03770124118919556,-0.4133590008025231,0.1488251179115477,-0.11309329725304515,1271,1659,1614,False,left,left,False,0,0.0,none
50102__234399,F. Schär + A. Webster,50102,F. Schär,234399,A. Webster,1.0,0.986842105263158,0.35121457489878544,0.5833640044166359,2.35288653052918,4.082950654714908,0.17656294072911694,-0.9677442130604601,-0.5206587079452769,0.27847087480416655,0.02291968322245022,-0.02192182621330839,-0.20440873019111122,0.727206218484267,-0.9316149486753783,-0.45692763428374,0.8999400425016376,-0.7766168944827139,-0.11380518328792152,1272,1613,1651,False,right,left,True,0,0.0,none
9433__558243,J. Tarkowski + S. van den Berg,9433,J. Tarkowski,558243,S. van den Berg,1.0,0.9970588235294118,0.31666666666666665,0.5647058823529412,3.098891797419941,5.537917143439346,0.17656294072911694,0.20049495576673537,-1.0396275045244452,0.02633413234376647,1.0267295113019823,1.299253922552027,-0.03696219151471722,0.4532189641726119,-0.490181155687329,-0.08262390119527513,-0.27791748268254246,0.05196657561016508,-0.11429388028036727,1273,1623,1669,False,right,left,True,0,0.0,none
15806__590874,Toti + J. Vestergaard,590874,Toti,15806,J. Vestergaard,1.0,0.9943820224719101,0.4186563670411985,0.5573501872659176,1.745223507027419,3.1302818895319207,0.17656294072911694,-0.10558609306286465,0.49243260491027974,-0.07306713598553029,-0.7947395776751162,-0.8869883957323269,-0.04307410693638308,0.46286015851506174,-0.5059342654514448,-0.09628624845389305,-0.2364704696214879,0.022397551760062,-0.1146047547613805,1274,1629,1631,False,left,left,False,0,0.0,none
136441__400549,Pau Torres + B. Davies,400549,Pau Torres,136441,B. Davies,1.0,1.0,0.3679138321995465,0.45861678004535145,2.2552813425468905,4.665975649884831,0.17656294072911694,0.53680623164123,-0.26980724084878843,-1.4073021454696475,-0.10841591361123737,0.5074913874324768,-0.2700692944524087,0.8328792692218319,-1.1029485636742407,-0.6037028051171962,1.354223211012939,-1.0982148407984325,-0.11522740741440288,1275,1614,1624,False,left,left,False,0,0.0,none
504375__590874,M. Lacroix + Toti,504375,M. Lacroix,590874,Toti,1.0,0.9908608957113467,0.3929814844120905,0.5470802342142744,1.975449561945775,3.6330520757645504,0.17656294072911694,-0.5082122684055703,0.10675186120748237,-0.211850262112736,-0.48495198385526606,-0.43045019887315084,-0.15395965123317873,0.6431203902538065,-0.7970800414869852,-0.34415564906329577,0.5384592656260281,-0.5240911431300076,-0.115358273469841,1276,1628,1629,False,center,left,False,0,0.0,none
7919__583655,C. Okoli + M. Keane,583655,C. Okoli,7919,M. Keane,1.0,0.9918032786885246,0.32496033844526706,0.576679005817028,2.9245017487944702,5.041929675696931,0.17656294072911694,-0.4004547011237593,-0.9150423391001217,0.18813307100465027,0.7920737353996004,0.8488747425839059,-0.10132884595524613,0.5568062234196557,-0.6581350693749017,-0.2265067143841851,0.1673989723615666,-0.2632875776274789,-0.11569118100911835,1277,1631,1623,False,left,left,False,0,0.0,none
7953__136441,C. Coady + B. Davies,7953,C. Coady,136441,B. Davies,1.0,1.0,0.37134583563154994,0.4764202978488693,2.116184971098266,4.229094412331407,0.17656294072911694,0.53680623164123,-0.21825266686429073,-1.1667141072956817,-0.29558122048939406,0.11078335283561314,-0.27165318541445116,0.8344631601838743,-1.1061163455983258,-0.6072433757649021,1.3610322791697769,-1.1041608553103461,-0.11614417519358719,1278,1631,1624,False,right,left,True,0,0.0,none
234399__412027,E. Konsa + A. Webster,412027,E. Konsa,234399,A. Webster,1.0,0.986842105263158,0.39181286549707606,0.6106237816764133,1.8425338156529334,2.9108132828190065,0.17656294072911694,-0.9677442130604601,0.08919720209729964,0.6468461815479395,-0.6638007646304522,-1.0862758728333441,-0.12672757216739383,0.5973727047295501,-0.7241002768969439,-0.28328207750633105,0.3417922498924693,-0.38710610131601375,-0.11652458404862749,1279,1614,1651,False,right,left,True,0,0.0,none
288080__568412,C. Burgess + J. Gvardiol,288080,C. Burgess,568412,J. Gvardiol,1.0,1.0,0.3756365060712887,0.5716803760282021,2.095436309452106,3.6936314689599907,0.17656294072911694,0.53680623164123,-0.15379944267288032,0.1205840311056956,-0.32350020632540455,-0.3754413544873924,-0.044445247874884214,0.4629928066201935,-0.5074380544950777,-0.09935124565197337,-0.23590022204109085,0.019574898026131077,-0.11653070983308772,1280,1634,1625,False,left,left,False,0,0.0,none
50102__777938,F. Schär + Dean Huijsen,50102,F. Schär,777938,Dean Huijsen,1.0,0.9960629921259843,0.36644457904300426,0.5325973239359065,2.409640727127994,4.5110667487577505,0.17656294072911694,0.08662578362025217,-0.2918779415522243,-0.4075652331300693,0.09928699972691879,0.36682705940632954,-0.10577569783468468,0.5628128957735515,-0.6685885936082362,-0.2364470408437368,0.19322135687768835,-0.28290913248245747,-0.11683893985505339,1281,1613,1659,False,right,left,True,0,0.0,none
364003__568412,S. Bueno + J. Gvardiol,364003,S. Bueno,568412,J. Gvardiol,1.0,1.0,0.38954954954954957,0.5574774774774774,2.0116704448752722,3.6394786072124323,0.17656294072911694,0.53680623164123,0.05519831725383917,-0.07134699827926777,-0.43621388523850163,-0.42461461601717515,-0.03150661576746791,0.44010059618704844,-0.4716072119545164,-0.07042871110962788,-0.33431269160841215,0.0868303830392905,-0.11814208642947949,1282,1629,1625,False,center,left,False,0,0.0,none
447424__590874,C. Bassey + Toti,447424,C. Bassey,590874,Toti,1.0,0.9943820224719101,0.42980832782551226,0.5512227362855254,1.6051497847954843,2.9015148108938855,0.17656294072911694,-0.10558609306286465,0.659954170292718,-0.15587051375890487,-0.9832199883002704,-1.0947193082686275,-0.05004738745460777,0.46983343903328645,-0.5198808264878942,-0.11187405904989989,-0.2064926848729007,-0.0037805300338623004,-0.11864094099359261,1283,1616,1629,False,left,left,False,0,0.0,none
346131__769441,T. Chalobah + L. Yoro,346131,T. Chalobah,769441,L. Yoro,1.0,1.0,0.42592592592592593,0.5478395061728395,1.807163816495236,3.2760735470436044,0.17656294072911694,0.53680623164123,0.6016338393445243,-0.20158983195687136,-0.7113939309919179,-0.7546029395933309,0.05942141100812312,0.28933309712716493,-0.2299116861190418,0.13282840088267692,-0.9824546417404642,0.5404995870825394,-0.1202222746642929,1284,1628,1611,False,right,right,False,0,0.0,none
604320__619747,L. Colwill + J. Branthwaite,619747,L. Colwill,604320,J. Branthwaite,0.9964285714285714,0.9812097812097812,0.41512226512226513,0.6153153153153152,2.447524752475248,3.978217821782178,-2.8384737166366527,-1.6117770031605696,0.4393443366558252,0.7102452741692626,0.15026298965428767,-0.1170240021345719,-0.138368451081645,0.6121295269629231,-0.7504979780445681,-0.30930366307314744,0.4052310918161619,-0.436655318360132,-0.12041356766375157,1285,1610,1623,False,left,left,False,0,0.0,none
400549__479155,N. Collins + Pau Torres,479155,N. Collins,400549,Pau Torres,1.0,0.9976525821596245,0.3582606751620836,0.4965347641403979,2.226333974125838,4.201940562165532,0.17656294072911694,0.2683887814127616,-0.4148142050117995,-0.8948970407247692,-0.14736691598042895,0.08612642183219721,-0.2931616028987404,0.8634704508211939,-1.1566320537199342,-0.6553224881839014,1.4857331731884007,-1.1989802402203147,-0.12173734017949345,1286,1669,1614,False,right,left,True,0,0.0,none
365443__557788,M. de Ligt + W. Fofana,365443,M. de Ligt,557788,W. Fofana,1.0,0.9807347670250897,0.3924731182795699,0.5981182795698925,2.2792301523656775,3.808580593424218,0.17656294072911694,-1.666092896174688,0.09911533056014887,0.4778529381118729,-0.07619087213518763,-0.2710623211825865,-0.057226905164667205,0.47745731073558184,-0.534684215900249,-0.1279228845549973,-0.17371804111019132,-0.03156690244862012,-0.12239023510028008,1287,1611,1610,False,right,right,False,0,0.0,none
50102__568412,F. Schär + J. Gvardiol,50102,F. Schär,568412,J. Gvardiol,1.0,1.0,0.3700623700623701,0.552069552069552,2.1019002220190677,3.8702820948152015,0.17656294072911694,0.53680623164123,-0.23753251956659754,-0.1444270591325693,-0.31480249432451424,-0.2150345515178395,-0.10940870573824937,0.5626469386777364,-0.6720556444159856,-0.24456813090264926,0.19250791560957295,-0.2894168829875284,-0.12241506736595842,1288,1613,1625,False,right,left,True,0,0.0,none
7953__479155,N. Collins + C. Coady,479155,N. Collins,7953,C. Coady,1.0,0.9976525821596245,0.36169267859408705,0.5143382819439157,2.0872376026772135,3.7650593246121087,0.17656294072911694,0.2683887814127616,-0.3632596310273018,-0.6543090025508036,-0.33453222285858564,-0.31058161276466645,-0.29474549386078297,0.8650543417832365,-1.1597998356440193,-0.6588630588316075,1.4925422413452392,-1.2049262547322284,-0.12265410795867765,1289,1669,1631,False,right,right,False,0,0.0,none
7919__286380,I. Diop + M. Keane,286380,I. Diop,7919,M. Keane,1.0,1.0,0.3218637992831541,0.6003584229390682,2.5425923642065578,4.150125971211613,0.17656294072911694,0.53680623164123,-0.9615576647668722,0.508125140738698,0.27818407442849463,0.03907641653583577,-0.1179479844657732,0.5734253619301828,-0.691373346395956,-0.26365651535574447,0.23884381896905293,-0.3256767452704717,-0.1253104610412507,1290,1616,1623,False,right,left,True,0,0.0,none
366217__501419,J. Todibo + K. Danso,501419,J. Todibo,366217,K. Danso,1.0,1.0,0.3861788617886179,0.5295250320924262,1.9208944421547833,3.542249901991335,0.17656294072911694,0.53680623164123,0.004564809743576537,-0.44908268352825864,-0.5583602664086822,-0.5129027026621015,-0.15192624628587773,0.628643188350958,-0.7805694346368358,-0.3396102516566271,0.4762224975408804,-0.4931002762445483,-0.1255584318149591,1291,1633,1624,False,right,right,False,0,0.0,none
9097__604320,J. Branthwaite + L. Dunk,604320,J. Branthwaite,9097,L. Dunk,1.0,0.9954954954954955,0.3893458676067372,0.5979240109674893,2.36075025199951,3.9477706286327967,0.17656294072911694,0.02173490822983895,0.05213866536301979,0.4752276871672663,0.03350095020210181,-0.14467143835985768,0.12368185390073529,0.1780936750474547,-0.05441182114671943,0.27647379274776257,-1.4606673627040767,0.8699177001256777,-0.1259797724122062,1292,1623,1651,False,left,left,False,0,0.0,none
346131__619747,L. Colwill + T. Chalobah,619747,L. Colwill,346131,T. Chalobah,0.9964285714285714,0.9857142857142858,0.42513227513227514,0.5839506172839506,2.305769230769231,3.9471153846153846,-2.8384737166366527,-1.0967056797491785,0.5897118441106093,0.286398074387551,-0.04048041684484848,-0.14526642973047504,-0.1504378848221345,0.6252432429477586,-0.7756811277698932,-0.3362832240783458,0.4616063020231918,-0.4839247887059224,-0.12644467917339985,1293,1610,1628,False,left,right,True,9,622.0,high
239411__590703,I. Zabarnyi + T. Mings,590703,I. Zabarnyi,239411,T. Mings,1.0,0.9918032786885246,0.3567608417625857,0.5670270898732706,2.539642411708776,4.474097478891961,0.17656294072911694,-0.4004547011237593,-0.43734427337880444,0.05770179628939161,0.2742146771050918,0.3332572808755115,-0.08946138281085256,0.5247464943481656,-0.6142078771590181,-0.19997863089945608,0.029575797932921897,-0.1808350197675529,-0.12728358002336204,1294,1659,1614,False,right,left,True,0,0.0,none
412027__590874,Toti + E. Konsa,590874,Toti,412027,E. Konsa,1.0,0.9943820224719101,0.4360174781523096,0.5550353724511028,1.4510912814463208,2.595926003423693,0.17656294072911694,-0.10558609306286465,0.753226250652171,-0.10434841203324909,-1.1905180418457273,-1.372207844707492,-0.06594130065937306,0.4857273522380518,-0.5516686528974247,-0.14740271848325484,-0.13816554564195466,-0.0634471616590308,-0.12784045526601998,1295,1629,1614,False,left,right,True,0,0.0,none
283145__769441,T. Adarabioyo + L. Yoro,283145,T. Adarabioyo,769441,L. Yoro,1.0,0.9859154929577465,0.4123630672926447,0.5455790297339593,1.9645524804628471,3.5710634255861144,0.17656294072911694,-1.0736984697295928,0.3978964560043802,-0.23213680574994908,-0.49961487964893386,-0.4867387126974432,-0.12049325766558874,0.5741355370657185,-0.6946287947313072,-0.2693461239194794,0.241896826415297,-0.3317873120672606,-0.12846147644860273,1296,1610,1611,False,right,right,False,0,0.0,none
258154__366217,Rúben Dias + K. Danso,258154,Rúben Dias,366217,K. Danso,1.0,0.9939024390243902,0.39634146341463417,0.5182926829268293,2.0051314785953513,3.796972925025699,0.17656294072911694,-0.16042446224492046,0.1572245048120007,-0.6008711603708506,-0.4450125880206185,-0.2816026120461087,-0.1584439569492539,0.6351608990143343,-0.7936048559635881,-0.3541796984291696,0.5042418102316033,-0.517568123538096,-0.12933093085272301,1297,1625,1624,False,right,right,False,0,0.0,none
283145__415917,Gabriel Magalhaes + T. Adarabioyo,415917,Gabriel Magalhaes,283145,T. Adarabioyo,1.0,0.9859154929577465,0.3758551307847082,0.6054996646545943,2.5570268165127406,4.239991098253032,0.17656294072911694,-1.0736984697295928,-0.15051532475571103,0.5776013685138731,0.2976067859440333,0.12067803927212703,0.029835178957045877,0.3265345560913959,-0.29669937713435013,0.06669244374508689,-0.8225274272467278,0.41513723907024447,-0.13038455848742597,1298,1609,1610,False,left,right,True,0,0.0,none
534563__625787,C. Richards + M. van de Ven,534563,C. Richards,625787,M. van de Ven,1.0,1.0,0.3664297658862876,0.5409698996655519,2.409193993818242,4.455346855167621,0.17656294072911694,0.53680623164123,-0.2921004605557809,-0.2944223367941392,0.09868588428341994,0.31623086168936104,-0.043356742504867374,0.44478572931130234,-0.48814247181616965,-0.09691804143822999,-0.3141715382516395,0.055793241767627406,-0.13155183384108138,1299,1628,1624,False,right,left,True,0,0.0,none
346131__412968,T. Chalobah + M. Senesi,346131,T. Chalobah,412968,M. Senesi,1.0,1.0,0.3806267806267806,0.5377967711301044,2.416448842419716,4.528757043926946,0.17656294072911694,0.53680623164123,-0.07883696554508723,-0.3373024449639004,0.10844786405836375,0.3828906520369286,0.030839735115921516,0.32114159257160024,-0.2903018574556787,0.06893799103042572,-0.8457115081295913,0.4271455609059145,-0.1338153447424816,1300,1628,1659,False,right,left,True,0,0.0,none
145787__297957,J. Andersen + M. Akanji,145787,J. Andersen,297957,M. Akanji,1.0,0.989308111442377,0.3598231726123162,0.5355710907782462,2.1604597136512034,3.9249383398319573,0.17656294072911694,-0.6857666803482998,-0.39134281519690517,-0.3673792014434612,-0.2360060087813547,-0.16540419508398102,-0.31330752039512866,0.8830030263658548,-1.1963105467609836,-0.7003559190627769,1.5697027401279555,-1.2734578719155822,-0.1339587118761183,1301,1616,1625,False,right,right,False,0,0.0,none
285382__366217,W. Faes + K. Danso,285382,W. Faes,366217,K. Danso,1.0,1.0,0.36409050837496326,0.5637672641786659,1.9876187561540304,3.4927033158581047,0.17656294072911694,0.53680623164123,-0.32724011785092616,0.013650105083788194,-0.46857735851653637,-0.5578932564244256,-0.16654303241395482,0.6432599744790352,-0.8098030068929899,-0.37228406896418215,0.539059331240378,-0.5479725019961251,-0.1340187355092027,1302,1631,1624,False,right,right,False,0,0.0,none
346131__558243,T. Chalobah + S. van den Berg,346131,T. Chalobah,558243,S. van den Berg,1.0,1.0,0.35566448801742917,0.5192447349310094,2.4798150322959485,4.866962712859659,0.17656294072911694,0.53680623164123,-0.4538133857756007,-0.5880055948992875,0.19371214701821782,0.6899967822135699,-0.10704238649019338,0.5460242251009996,-0.6530666115911928,-0.23927854931304,0.121047699970966,-0.25377394182262225,-0.13407975302975467,1303,1628,1669,False,right,left,True,0,0.0,none
366217__549884,T. Harwood-Bellis + K. Danso,549884,T. Harwood-Bellis,366217,K. Danso,1.0,1.0,0.35772357723577236,0.5365853658536586,2.224959112848538,4.12602467190554,0.17656294072911694,0.53680623164123,-0.42288233644801104,-0.3536727837986292,-0.14921690193046347,0.017191340553890377,-0.16806985851367548,0.6447868005787558,-0.8128566590924313,-0.3756970789518464,0.5456230804035341,-0.5537042918501439,-0.13490247372489175,1304,1619,1624,False,right,right,False,0,0.0,none
397074__625787,M. Guéhi + M. van de Ven,397074,M. Guéhi,625787,M. van de Ven,1.0,0.9967741935483871,0.3948106591865358,0.5330294530154278,2.328468868457426,4.374716163566244,0.17656294072911694,0.1679487032627498,0.13422920151557904,-0.401725651951378,-0.009936236506519522,0.24301452634729645,0.02389727169811545,0.3303018118029247,-0.3064045401048093,0.05341906782869308,-0.8063321830545657,0.396920379057224,-0.13580604519057835,1305,1628,1624,False,left,left,False,0,0.0,none
349142__568412,J. Gvardiol + N. Mazraoui,568412,J. Gvardiol,349142,N. Mazraoui,1.0,1.0,0.4073926868044515,0.5461049284578696,1.882837671548137,3.460164667424406,0.17656294072911694,0.53680623164123,0.32323282186574037,-0.2250300674266516,-0.6095686989163229,-0.5874398291746284,-0.010716896350197791,0.3867458341382877,-0.39746273048848546,-0.023956149483348173,-0.5636821494739958,0.22600163072631171,-0.13588239343861047,1306,1625,1611,False,left,right,True,0,0.0,none
557788__590874,Toti + W. Fofana,590874,Toti,557788,W. Fofana,1.0,0.9804931335830211,0.40823970037453183,0.5781835205992509,1.9933215210576531,3.445072918086411,0.17656294072911694,-1.6937226735813176,0.33595641746514465,0.2084643484439448,-0.4609038316507779,-0.6011438239994744,-0.12168831463119462,0.5638083653479791,-0.6854966799791737,-0.272017509586902,0.19750083087102105,-0.31464607945026885,-0.13968772142219849,1307,1629,1610,False,left,right,True,0,0.0,none
349142__627012,Murillo + N. Mazraoui,627012,Murillo,349142,N. Mazraoui,1.0,1.0,0.4205882352941176,0.5411764705882354,1.5690391637728007,2.9743775550962233,0.17656294072911694,0.53680623164123,0.5214525772811349,-0.2916308383059926,-1.0318097206914398,-1.0285566224785132,-0.06210796872733393,0.46454880519696023,-0.5266567739242942,-0.13883383157958218,-0.22921106185579304,-0.016499171264329305,-0.14148006859939485,1308,1642,1611,False,left,right,True,0,0.0,none
136441__297957,M. Akanji + B. Davies,297957,M. Akanji,136441,B. Davies,1.0,0.9929577464788732,0.35002874389192296,0.48555619430870944,2.429483282674772,4.885207700101318,0.17656294072911694,-0.2684461190441814,-0.5384719221764509,-1.0432560676829088,0.12598674724356296,0.7065640604753147,-0.31675028599578015,0.8795602607652034,-1.1963105467609836,-0.7080517485893748,1.554902462719577,-1.2734578719155822,-0.14224670986193078,1309,1625,1624,False,right,left,True,0,0.0,none
7919__415847,C. Romero + M. Keane,415847,C. Romero,7919,M. Keane,1.0,0.9805194805194806,0.339757017176372,0.5758273984080435,2.941206879875663,5.082973408353372,0.17656294072911694,-1.6907100111638727,-0.6927708631295151,0.17662486470052824,0.8145518270470606,0.886144318649564,-0.1477623302766847,0.6032397077410943,-0.7510020380177789,-0.3303023894647436,0.3670142028799795,-0.4376014529070837,-0.1425672244497947,1310,1624,1623,False,right,left,True,0,0.0,none
424241__545267,N. Milenković + R. Drăgușin,424241,N. Milenković,545267,R. Drăgușin,0.9967741935483871,0.9935483870967742,0.4004778972520908,0.5786140979689367,2.332312975959385,4.012510932400435,-2.5466959756012724,-0.20090882511573044,0.21936083087641023,0.2142829605743139,-0.00476368201941349,-0.08588429792166666,-0.16443057924517263,0.6302969377721301,-0.7947275170173027,-0.3675619701181867,0.48333188372524977,-0.5196753894665342,-0.1427164978348253,1311,1642,1624,False,right,right,False,0,0.0,none
346131__590703,I. Zabarnyi + T. Chalobah,590703,I. Zabarnyi,346131,T. Chalobah,1.0,1.0,0.41292356185973206,0.5640924612555818,2.2466549817320036,3.9833798262071687,0.17656294072911694,0.53680623164123,0.4063160450867675,0.018044659442009628,-0.1200233729025556,-0.11233666733052719,0.1879192922373692,0.05447866666190132,0.13344062557546787,0.42006776108836835,-1.9920821112420197,1.2225219516418762,-0.14308636250004647,1312,1659,1628,False,right,right,False,0,0.0,none
625787__769441,L. Yoro + M. van de Ven,769441,L. Yoro,625787,M. van de Ven,1.0,1.0,0.43961352657004826,0.5356280193236715,1.8021773645909756,3.3543984755397656,0.17656294072911694,0.53680623164123,0.8072450614946531,-0.3666098969042606,-0.7181036013533676,-0.6834803420250335,0.10448713497380266,0.1904709655877543,-0.08598383061395162,0.23356663559344415,-1.4074580087109165,0.8106561628856579,-0.14332285223942132,1313,1611,1624,False,right,left,True,0,0.0,none
240032__400549,J. Bednarek + Pau Torres,240032,J. Bednarek,400549,Pau Torres,1.0,1.0,0.3837301587301587,0.49424603174603177,1.8171296837791178,3.532010405019112,0.17656294072911694,0.53680623164123,-0.03221890725862464,-0.9258258516902604,-0.6979840584764174,-0.5222006316412886,-0.28202254257712756,0.8209260210971131,-1.1029485636742407,-0.6304226491401395,1.3028367941905024,-1.0982148407984325,-0.14400325447260556,1314,1619,1614,False,center,left,False,0,0.0,none
7953__240032,J. Bednarek + C. Coady,240032,J. Bednarek,7953,C. Coady,1.0,1.0,0.38716216216216215,0.5120495495495496,1.6780333123304934,3.0951291674656876,0.17656294072911694,0.53680623164123,0.019335666725873057,-0.6852378135162946,-0.8851493653545741,-0.9189086662381523,-0.28360643353917003,0.8225099120591556,-1.1061163455983258,-0.6339632197878452,1.3096458623473402,-1.1041608553103461,-0.14492002225178982,1315,1619,1631,False,center,right,False,0,0.0,none
9097__769441,L. Dunk + L. Yoro,9097,L. Dunk,769441,L. Yoro,1.0,1.0,0.41787439613526567,0.5464975845410628,1.8146200852502674,3.2985109692788384,0.17656294072911694,0.53680623164123,0.48068606160915467,-0.21972390502801314,-0.7013609242702655,-0.7342287396707006,0.017005245187026313,0.3315803757208269,-0.3145751305338005,0.03801288940280837,-0.8008357006144846,0.38158395425717595,-0.144927474631506,1316,1651,1611,False,left,right,True,0,0.0,none
504375__568412,M. Lacroix + J. Gvardiol,504375,M. Lacroix,568412,J. Gvardiol,1.0,0.9964788732394366,0.3676246669204416,0.571374191092501,2.1159057876422755,3.735270795260158,0.17656294072911694,0.13418005629852428,-0.2741509989687096,0.1164463975317167,-0.29595688418695554,-0.3376309523035342,-0.11974589828833762,0.5541185341119532,-0.6738644324002909,-0.2676755047052812,0.15584473023308615,-0.29281202819051144,-0.14564673892081703,1317,1628,1625,False,center,left,False,0,0.0,none
136441__518805,B. Davies + L. Woolfenden,136441,B. Davies,518805,L. Woolfenden,1.0,1.0,0.36394557823129253,0.4387755102040817,2.272033898305085,4.8683615819209045,0.17656294072911694,0.53680623164123,-0.3294172170183634,-1.6754273687358134,-0.0858740082630165,0.6912670189466752,-0.32279898181134015,0.8856089565807634,-1.2084079383921036,-0.7215727771037723,1.5809055039990207,-1.2961650114595122,-0.14574773964408239,1318,1624,1634,False,left,right,True,0,0.0,none
412968__424241,N. Milenković + M. Senesi,424241,N. Milenković,412968,M. Senesi,0.9967741935483871,0.9935483870967742,0.37369727047146406,0.5732009925558312,2.6485174494883235,4.676236253906157,-2.5466959756012724,-0.20090882511573044,-0.18293008522185056,0.1411328996627239,0.42071475935135194,0.5168084825722722,-0.19577136780687318,0.6772247200360917,-0.8729960878429648,-0.43761999729097867,0.6850720764166166,-0.6665876672397337,-0.14660590916845112,1319,1642,1659,False,right,left,True,0,0.0,none
399581__534563,D. O'Shea + C. Richards,399581,D. O'Shea,534563,C. Richards,1.0,1.0,0.3206360946745562,0.5650887573964497,3.0941255006675568,5.447763684913218,0.17656294072911694,0.53680623164123,-0.9799998922672457,0.031508118552564385,1.0203160773278124,1.2173904817132866,0.009425038424512172,0.3402985573469485,-0.33087351892243644,0.021068378568369357,-0.7633566731318072,0.35099142730864874,-0.14827452719362771,1320,1634,1628,False,right,right,False,0,0.0,none
286380__413002,K. Mavropanos + I. Diop,413002,K. Mavropanos,286380,I. Diop,1.0,1.0,0.3466916354556804,0.6036204744069913,2.11209105081272,3.463054214043541,0.17656294072911694,0.53680623164123,-0.5886010106750977,0.5522069099570864,-0.3010899180822849,-0.5848159894176901,-0.12787714116194396,0.5634962052340119,-0.691373346395956,-0.2858517810636822,0.19615887012827657,-0.3256767452704717,-0.14921357854745249,1321,1633,1616,False,right,right,False,0,0.0,none
286380__777938,Dean Huijsen + I. Diop,777938,Dean Huijsen,286380,I. Diop,1.0,0.9960629921259843,0.35704286964129484,0.5691163604549432,2.1917425820771546,3.8315835341857647,0.17656294072911694,0.08662578362025217,-0.43310773124629504,0.08593517780458097,-0.19391240412442234,-0.2501746047162884,-0.16218611903064234,0.6192233169695093,-0.7814094360001517,-0.3625447876567993,0.43572694083777247,-0.49467698209615,-0.1494897079962979,1322,1659,1616,False,left,right,True,0,0.0,none
15806__568412,J. Vestergaard + J. Gvardiol,15806,J. Vestergaard,568412,J. Gvardiol,1.0,1.0,0.3932995495495496,0.5816441441441441,1.8856797327239192,3.232500609027528,0.17656294072911694,0.53680623164123,0.11152974473408775,0.2552295236589224,-0.6057444780068058,-0.7941691491627103,-0.008860353991542017,0.36859544651908394,-0.3774558005106259,-0.019806104095878567,-0.6417097595392847,0.2635551930731095,-0.14970494129510278,1323,1631,1625,False,left,left,False,0,0.0,none
9097__619747,L. Colwill + L. Dunk,619747,L. Colwill,9097,L. Dunk,0.9964285714285714,0.9857142857142858,0.4170807453416149,0.5826086956521739,2.313225499524263,3.9695528068506185,-2.8384737166366527,-1.0967056797491785,0.4687640663752397,0.2682640013164092,-0.03044741012319601,-0.1248922298078447,-0.1928540506432313,0.6676594087688554,-0.8605134594120867,-0.4310987355582144,0.6439512809068089,-0.6431574275403072,-0.15099546901512598,1324,1610,1651,False,left,left,False,0,0.0,none
7919__501419,J. Todibo + M. Keane,501419,J. Todibo,7919,M. Keane,1.0,1.0,0.34408602150537637,0.5594227504244482,2.3534706739351643,4.011092117854699,0.17656294072911694,0.53680623164123,-0.6277417982172513,-0.04505953042097166,0.023705694954483714,-0.08717264606188102,-0.16254602858621311,0.6180234060506227,-0.7805694346368358,-0.3633493160232214,0.43056858371305157,-0.4931002762445483,-0.15112413814660489,1325,1633,1623,False,right,left,True,0,0.0,none
557788__568412,J. Gvardiol + W. Fofana,568412,J. Gvardiol,557788,W. Fofana,1.0,0.9861111111111112,0.38288288288288286,0.6024774774774775,2.1337777467541534,3.5472916375820187,0.17656294072911694,-1.051330348877223,-0.04494644271104731,0.5367610080883974,-0.27190873198246746,-0.5083245774298577,-0.08747456168635355,0.49492291814605094,-0.5823974798324045,-0.1955373652288875,-0.09863426696888268,-0.1211260219051434,-0.15158416708613723,1326,1625,1610,False,left,right,True,0,0.0,none
479155__518805,N. Collins + L. Woolfenden,479155,N. Collins,518805,L. Woolfenden,1.0,0.9976525821596245,0.35429242119382964,0.4766934942991281,2.2430865298840326,4.404326494201606,0.17656294072911694,0.2683887814127616,-0.47442418118137447,-1.1630222639909351,-0.12482501063220808,0.26990205334639555,-0.3458912902576719,0.9162001381801252,-1.262091428437797,-0.7731924601704776,1.7124154661744815,-1.3969304108813945,-0.15225767240917332,1327,1669,1634,False,right,right,False,0,0.0,none
397074__415917,M. Guéhi + Gabriel Magalhaes,397074,M. Guéhi,415917,Gabriel Magalhaes,1.0,0.9967741935483871,0.3631336405529954,0.585099846390169,2.5215550113683536,4.347161685549836,0.17656294072911694,0.1679487032627498,-0.3416139126032903,0.30192819484626565,0.2498766314746661,0.21799380703362936,0.034552809381851055,0.29473392317887376,-0.26018111379702274,0.07723805844273629,-0.9592367602255085,0.48368303198063783,-0.1524153924501568,1328,1628,1609,False,left,left,False,0,0.0,none
234399__619747,L. Colwill + A. Webster,619747,L. Colwill,234399,A. Webster,0.9964285714285714,0.9725563909774436,0.418796992481203,0.6421052631578947,2.4985571587125417,3.897891231964484,-2.8384737166366527,-2.6012561244508685,0.49454504005041056,1.0722715357969228,0.2189311790158035,-0.1899641992254326,-0.14258465600189663,0.5838608690846337,-0.7264455250865305,-0.3187284099421528,0.28370554314620033,-0.39150819719998087,-0.1525541814672125,1329,1610,1651,False,left,left,False,0,0.0,none
627012__769441,Murillo + L. Yoro,627012,Murillo,769441,L. Yoro,1.0,1.0,0.4516339869281045,0.5697712418300653,1.435166928153098,2.5283937221648145,0.17656294072911694,0.53680623164123,0.9878129790783994,0.09478492463642352,-1.2119455344533474,-1.4335302276967044,0.11088359190408661,0.1695918387468697,-0.05870824684278306,0.24786503630372647,-1.4972163324351193,0.861853189957248,-0.15286174358722296,1330,1642,1611,False,left,right,True,0,0.0,none
9433__534563,J. Tarkowski + C. Richards,9433,J. Tarkowski,534563,C. Richards,1.0,0.9970588235294118,0.3137443438914027,0.5986425339366516,3.033257210846495,5.047976357251146,0.17656294072911694,0.20049495576673537,-1.0835258014547542,0.48493745539630406,0.9384129189286341,0.8543654044595208,-0.0183422714950707,0.37979350260226463,-0.3981357740973354,-0.0410016280312323,-0.5935698755941511,0.22473830920946575,-0.1536241148519683,1331,1623,1628,False,right,right,False,0,0.0,none
447424__568412,C. Bassey + J. Gvardiol,447424,C. Bassey,568412,J. Gvardiol,1.0,1.0,0.4044515103338633,0.575516693163752,1.7456060104919846,3.0037335303894928,0.17656294072911694,0.53680623164123,0.279051310116526,0.17242614588554783,-0.7942248886319598,-1.0019000616990108,-0.015833634509766728,0.3755687270373086,-0.3914023615470753,-0.03539391469188548,-0.6117319747906976,0.23737711127918518,-0.15374112752731497,1332,1616,1625,False,left,left,False,0,0.0,none
234399__239411,T. Mings + A. Webster,239411,T. Mings,234399,A. Webster,1.0,0.9786453839516824,0.34490940465918896,0.628990509059534,2.697313819458545,4.335724269264661,0.17656294072911694,-1.9050051458254496,-0.6153731719725971,0.8950451587134501,0.48637418284961254,0.20760811283268998,-0.11549886024664133,0.5371980860400976,-0.6526969462867389,-0.2581818346291988,0.08310456886684427,-0.25308006979559855,-0.15477556061366582,1333,1614,1651,False,left,left,False,0,0.0,none
7919__258154,Rúben Dias + M. Keane,258154,Rúben Dias,7919,M. Keane,1.0,0.9939024390243902,0.3542486231313926,0.5481904012588513,2.437707710375732,4.265815140889063,0.17656294072911694,-0.16042446224492046,-0.47508210314882715,-0.19684800726356366,0.1370533733425474,0.14412744455411175,-0.16906373924958928,0.6245411167139988,-0.7936048559635881,-0.37791876279576386,0.458587896403774,-0.517568123538096,-0.15489663718436894,1334,1625,1623,False,right,left,True,0,0.0,none
534563__619747,L. Colwill + C. Richards,619747,L. Colwill,534563,C. Richards,0.9964285714285714,0.9857142857142858,0.370467032967033,0.5692307692307692,2.5084112149532714,4.429906542056075,-2.8384737166366527,-1.0967056797491785,-0.23145378914847403,0.0874812420841046,0.2321906008187079,0.29312990026897967,-0.392888937274024,0.9895320256168714,-1.3824209628908952,-0.8782492434497757,2.0276655885582087,-1.6227922837047737,-0.15538340189838007,1335,1610,1628,False,left,right,True,0,0.0,none
424241__558243,N. Milenković + S. van den Berg,424241,N. Milenković,558243,S. van den Berg,0.9967741935483871,0.9935483870967742,0.3487349778621126,0.5546489563567363,2.7118836393645553,5.01444192283887,-2.5466959756012724,-0.20090882511573044,-0.557906505452364,-0.1095702502726632,0.5059790423112059,0.8239146127489134,-0.33365348941298806,0.8911442821007096,-1.2247977715136977,-0.7458365376344442,1.6047015920119196,-1.3269291827075012,-0.15689362775514648,1336,1642,1669,False,right,left,True,0,0.0,none
239411__415917,Gabriel Magalhaes + T. Mings,415917,Gabriel Magalhaes,239411,T. Mings,1.0,0.9918032786885246,0.3332552693208431,0.6106947697111631,2.6926255825219023,4.435718872395315,0.17656294072911694,-0.4004547011237593,-0.7904382598811388,0.6478054791543327,0.4800657846086966,0.2984077605822779,-0.06763082741746398,0.455340806404292,-0.5229716338217558,-0.15117942344058125,-0.268795788879242,-0.009582061105473934,-0.158144860605158,1337,1609,1614,False,left,left,False,0,0.0,none
364003__399581,D. O'Shea + S. Bueno,399581,D. O'Shea,364003,S. Bueno,1.0,1.0,0.344930966469428,0.5425246548323471,2.7498138803871286,4.9721130780047975,0.17656294072911694,0.53680623164123,-0.6150492766259774,-0.27341213535258935,0.5570172191307537,0.7854780963745365,-0.03651236414550857,0.40448719427743385,-0.44099955842294236,-0.08161837390954511,-0.4874129281213623,0.1442817974471556,-0.15817670590175012,1338,1634,1629,False,right,center,False,0,0.0,none
399581__558243,D. O'Shea + S. van den Berg,399581,D. O'Shea,558243,S. van den Berg,1.0,1.0,0.32355841744982017,0.5311521058127393,3.159760087241003,5.9377044711014175,0.17656294072911694,0.53680623164123,-0.9361015953369367,-0.4270952044999732,1.1086326697011608,1.662278999805793,-0.009194881595134347,0.35891847736659493,-0.36811335896172936,-0.020553894595673472,-0.6833105667223416,0.2810912149198423,-0.15905187433057075,1339,1634,1669,False,right,left,True,0,0.0,none
7919__285382,W. Faes + M. Keane,285382,W. Faes,7919,M. Keane,1.0,1.0,0.3219976680917217,0.5936649825106879,2.420194987934411,3.9615455317214687,0.17656294072911694,0.53680623164123,-0.959546725811754,0.4176732581910752,0.11348860284662954,-0.1321631998242051,-0.17716281471429024,0.6326401921786998,-0.8098030068929899,-0.39602313333077654,0.49340541741254906,-0.5479725019961251,-0.15958444184084858,1340,1631,1623,False,right,left,True,0,0.0,none
7919__549884,T. Harwood-Bellis + M. Keane,549884,T. Harwood-Bellis,7919,M. Keane,1.0,1.0,0.31563073695253085,0.5664830841856805,2.657535344628919,4.594866887768905,0.17656294072911694,0.53680623164123,-1.055188944408839,0.05035036930865777,0.43284905943270247,0.44292139715411083,-0.17868964081401087,0.6341670182784205,-0.8128566590924313,-0.39943614331844074,0.4999691665757053,-0.5537042918501439,-0.16046818005653757,1341,1619,1623,False,right,left,True,0,0.0,none
412027__568412,E. Konsa + J. Gvardiol,412027,E. Konsa,568412,J. Gvardiol,1.0,1.0,0.41066066066066065,0.5793293293293293,1.5915475071428211,2.6981447229193,0.17656294072911694,0.53680623164123,0.372323390475979,0.2239482476112036,-1.0015229421774168,-1.2793885981378752,-0.03172754771453193,0.3914626402420739,-0.4231901879566058,-0.07092257412524018,-0.5434048355597518,0.17771047965401668,-0.16294064179974227,1342,1614,1625,False,right,left,True,0,0.0,none
534563__604320,J. Branthwaite + C. Richards,604320,J. Branthwaite,534563,C. Richards,1.0,0.9954954954954955,0.3427321552321552,0.5845460845460846,2.5559359674285185,4.408124363838253,0.17656294072911694,0.02173490822983895,-0.6480791901606939,0.2944449279349617,0.29613896114400573,0.2733506917169667,-0.0763530327300574,0.4641438147046937,-0.540496847434751,-0.1706767151437988,-0.23095209575951473,-0.04247737301913987,-0.1631194609035818,1343,1623,1628,False,left,right,True,0,0.0,none
549884__590874,T. Harwood-Bellis + Toti,549884,T. Harwood-Bellis,590874,Toti,1.0,0.9943820224719101,0.3797844158216863,0.5304192929569744,1.8584888316940895,3.5333210773048993,0.17656294072911694,-0.10558609306286465,-0.09149072872644293,-0.43699807927241185,-0.642332012839958,-0.5210104815917991,-0.26077453622728575,0.7651344450773173,-1.0259089813046032,-0.5829256500364224,1.0629915947417252,-0.9536094084361925,-0.16328722828293216,1344,1619,1629,False,right,left,True,0,0.0,none
234399__424241,N. Milenković + A. Webster,424241,N. Milenković,234399,A. Webster,0.9967741935483871,0.980390492359932,0.3941426146010187,0.6614601018675721,2.6363949965503792,3.992485826559079,-2.5466959756012724,-1.7054592698174207,0.1241940268162115,1.3338233664926924,0.4044030281349533,-0.10406800483800516,-0.06472928812121437,0.43941111916773956,-0.5041404072889538,-0.144693430962779,-0.33727671888652333,0.025764673273505963,-0.1683767964926453,1345,1642,1651,False,right,left,True,0,0.0,none
239411__399581,D. O'Shea + T. Mings,399581,D. O'Shea,239411,T. Mings,1.0,0.9918032786885246,0.31913861674265204,0.5827432340673198,3.184470946460289,5.455690180157321,0.17656294072911694,-0.4004547011237593,-1.0024945774737344,0.27008208770339276,1.1418831096719035,1.2245880999198706,-0.02550458417182013,0.3752281799432807,-0.4007327641151008,-0.05701199404802527,-0.6131959697432661,0.21986368693337993,-0.16849205056031646,1346,1634,1614,False,right,left,True,0,0.0,none
240032__297957,J. Bednarek + M. Akanji,240032,J. Bednarek,297957,M. Akanji,1.0,0.9929577464788732,0.3658450704225352,0.5211854460093897,1.9913316239069996,3.751242455235598,0.17656294072911694,-0.2684461190441814,-0.30088358858628717,-0.5617797739035217,-0.4635813976216171,-0.3231279585984507,-0.3287035341204989,0.8676070126404846,-1.1963105467609836,-0.7347715926123177,1.50351604589714,-1.2734578719155822,-0.17102255692013335,1347,1619,1625,False,center,right,False,0,0.0,none
415917__534563,Gabriel Magalhaes + C. Richards,415917,Gabriel Magalhaes,534563,C. Richards,1.0,1.0,0.3347527472527473,0.593040293040293,2.6022801367291697,4.427792377151212,0.17656294072911694,0.53680623164123,-0.7679435746746502,0.40923151000350444,0.3584987522646056,0.2912101423756939,-0.03270120482113176,0.3825015504634156,-0.4152027552845474,-0.07309905082418676,-0.5819281130609663,0.19270311226546366,-0.17258733687729053,1348,1609,1628,False,left,right,True,0,0.0,none
619747__769441,L. Colwill + L. Yoro,619747,L. Colwill,769441,L. Yoro,0.9964285714285714,0.9857142857142858,0.44365079365079363,0.5638888888888889,1.9013945857260053,3.32895816242822,-2.8384737166366527,-1.0967056797491785,0.86789173290196,0.015293681973983175,-0.5845988848180796,-0.7065813034454148,-0.24504505979535396,0.7281958145847185,-0.9732408743800725,-0.5477645664181016,0.9041942667236295,-0.8547499112886058,-0.1735739854496831,1349,1610,1611,False,left,right,True,0,0.0,none
9097__590703,I. Zabarnyi + L. Dunk,590703,I. Zabarnyi,9097,L. Dunk,1.0,1.0,0.40487203206907185,0.5627505396238051,2.2541112504870355,4.005817248442403,0.17656294072911694,0.53680623164123,0.28536826735139786,-8.94136291321318e-05,-0.10999036618090313,-0.09196246740789686,0.14550312641627236,0.08964120325454143,0.05586192316173094,0.32525224960849974,-1.8409201222135267,1.0769045760074352,-0.17426899665832107,1350,1659,1651,False,right,left,True,0,0.0,none
365443__400549,M. de Ligt + Pau Torres,365443,M. de Ligt,400549,Pau Torres,1.0,0.9946236559139785,0.38453661034306197,0.5048643113159242,1.748304598360844,3.3458206111251405,0.17656294072911694,-0.0779563156562349,-0.020104621779001464,-0.7823356112391089,-0.7905937225465147,-0.6912694330650169,-0.34135907905166296,0.8845419940820705,-1.2259010731337336,-0.7630613246632038,1.5763186854941522,-1.3290001104421008,-0.17443507877177644,1351,1611,1614,False,right,left,True,0,0.0,none
240032__518805,J. Bednarek + L. Woolfenden,240032,J. Bednarek,518805,L. Woolfenden,1.0,1.0,0.37976190476190474,0.4744047619047619,1.8338822395373122,3.734396337055185,0.17656294072911694,0.53680623164123,-0.09182888342819961,-1.1939510749564264,-0.6754421531281966,-0.3384250001270903,-0.3347522299360589,0.8736557084560446,-1.2084079383921036,-0.7482926211267152,1.5295190871765836,-1.2961650114595122,-0.17452358670228502,1352,1619,1634,False,center,right,False,0,0.0,none
413002__501419,K. Mavropanos + J. Todibo,413002,K. Mavropanos,501419,J. Todibo,1.0,1.0,0.36891385767790263,0.5626848018923714,1.9229693605413267,3.3240203606866263,0.17656294072911694,0.53680623164123,-0.2547851441254768,-0.0009777612025831939,-0.5555682975562959,-0.7110650520154068,-0.1724751852823839,0.6080942493544519,-0.7805694346368358,-0.38554458173115924,0.3878836348722757,-0.4931002762445483,-0.17502725565280658,1353,1633,1633,True,right,right,False,11,579.0,high
534563__590703,I. Zabarnyi + C. Richards,590703,I. Zabarnyi,534563,C. Richards,1.0,1.0,0.3582583196944899,0.5493726132024004,2.449296965916044,4.466170983647858,0.17656294072911694,0.53680623164123,-0.4148495881723159,-0.18087217286143675,0.1526476447610008,0.3260596626689275,-0.05453176021452033,0.4154564232624618,-0.4699881834769821,-0.12189825828306163,-0.44025676044508366,0.08986934438616419,-0.17505228839782305,1354,1659,1628,False,right,right,False,0,0.0,none
501419__777938,Dean Huijsen + J. Todibo,777938,Dean Huijsen,501419,J. Todibo,1.0,0.9960629921259843,0.3792650918635171,0.5281806879403232,2.002620891805761,3.69254968082885,0.17656294072911694,0.08662578362025217,-0.09929186469667406,-0.4672494933550886,-0.44839078359843326,-0.37642366731400523,-0.20678416315108222,0.663821361089949,-0.8706055242410314,-0.46223758832427625,0.6274517055817707,-0.6621005130702267,-0.17530338510165225,1355,1659,1633,False,left,right,True,0,0.0,none
7953__365443,M. de Ligt + C. Coady,365443,M. de Ligt,7953,C. Coady,1.0,0.9946236559139785,0.3879686137750654,0.522667829119442,1.6092082269122194,2.9089393735717164,0.17656294072911694,-0.0779563156562349,0.031449952205496234,-0.5417475730651431,-0.9777590294246714,-1.0879774676618805,-0.34294297001370544,0.8861258850441132,-1.2290688550578188,-0.7666018953109095,1.5831277536509911,-1.3349461249540144,-0.17535184655096037,1356,1611,1631,False,right,right,False,0,0.0,none
15806__627012,Murillo + J. Vestergaard,627012,Murillo,15806,J. Vestergaard,1.0,1.0,0.4064950980392157,0.5767156862745098,1.5718812249485832,2.7467134966993454,0.17656294072911694,0.53680623164123,0.3097495001494823,0.18862875277958138,-1.0279854997819227,-1.235285942466595,-0.06025142636867811,0.42249366511354325,-0.48274509148222144,-0.1346837861921125,-0.410004009120349,0.06592427432007847,-0.17715824096814525,1357,1642,1631,False,left,left,False,0,0.0,none
534563__769441,C. Richards + L. Yoro,534563,C. Richards,769441,L. Yoro,1.0,1.0,0.3712606837606838,0.5331196581196581,2.0098058006792763,3.7588647044842944,0.17656294072911694,0.53680623164123,-0.21953179391455907,-0.4005066642603178,-0.43872291332836155,-0.31620660959387625,-0.18302964144376635,0.6216979879566338,-0.8047276294004001,-0.40913761848875296,0.44636542784280675,-0.5384458777058202,-0.17834835643269853,1358,1628,1611,False,right,right,False,0,0.0,none
258154__413002,Rúben Dias + K. Mavropanos,258154,Rúben Dias,413002,K. Mavropanos,1.0,0.9939024390243902,0.37907645930391887,0.5514524527267745,2.0072063969818945,3.5787433837209903,0.17656294072911694,-0.16042446224492046,-0.10212544905705262,-0.1527662380451752,-0.4422206191682322,-0.47976496139941405,-0.17899289594576007,0.614611960017828,-0.7936048559635881,-0.4001140285037017,0.4159029475629981,-0.517568123538096,-0.17879975469057063,1359,1625,1633,False,right,right,False,0,0.0,none
283145__590703,I. Zabarnyi + T. Adarabioyo,590703,I. Zabarnyi,283145,T. Adarabioyo,1.0,0.9859154929577465,0.3993607032264509,0.5618319848167017,2.404043645699615,4.278369704749679,0.17656294072911694,-1.0736984697295928,0.2025786617466234,-0.012502314351068074,0.09175567844042849,0.1555275595653606,0.008004623563657304,0.30891519985604277,-0.3009105762923855,0.01789323628621204,-0.898272159909019,0.4072327014769669,-0.17908848953420625,1360,1659,1610,False,right,right,False,0,0.0,none
397074__590703,I. Zabarnyi + M. Guéhi,590703,I. Zabarnyi,397074,M. Guéhi,1.0,0.9967741935483871,0.386639212994738,0.5414321665522763,2.3685718405552283,4.385540292046483,0.17656294072911694,0.1679487032627498,0.011480073899044124,-0.28817548801867554,0.04402552397106131,0.25284332732686293,0.012722253988462492,0.3009725057540842,-0.2882502517656217,0.028438850983861456,-0.9324174052480098,0.4309964816757609,-0.17930649974732005,1361,1659,1628,False,right,left,True,0,0.0,none
545267__619747,L. Colwill + R. Drăgușin,619747,L. Colwill,545267,R. Drăgușin,0.9964285714285714,0.9857142857142858,0.42513227513227514,0.5592592592592592,2.194475138121547,3.9179163378058406,-2.8384737166366527,-1.0967056797491785,0.5897118441106093,-0.047268870121455864,-0.1902355311385633,-0.1717804923090941,-0.242285947125855,0.7170913052514791,-0.9593772523773341,-0.5415969490975607,0.856456535585391,-0.8287275083607992,-0.17960701554532293,1362,1610,1624,False,left,right,True,0,0.0,none
9097__424241,N. Milenković + L. Dunk,424241,N. Milenković,9097,L. Dunk,0.9967741935483871,0.9935483870967742,0.39242636746143056,0.6019635343618512,2.4510633373621005,4.064147401445213,-2.5466959756012724,-0.20090882511573044,0.09841305314104062,0.529815832012179,0.1550244389959538,-0.038996035420417276,-0.11499868276254893,0.507999857515772,-0.622998540278321,-0.25706375657884034,-0.0424171575938498,-0.19733533820150356,-0.18072409320787583,1363,1642,1651,False,right,left,True,0,0.0,none
288080__399581,D. O'Shea + C. Burgess,399581,D. O'Shea,288080,C. Burgess,1.0,1.0,0.3310179229911671,0.5567275533830718,2.833579744963962,5.026265939752356,0.17656294072911694,0.53680623164123,-0.8240470365526968,-0.08148110596762598,0.6697308980438509,0.8346513579043192,-0.04945099625292479,0.39917459202438543,-0.44862558827731025,-0.1105409084518904,-0.5102515399311865,0.1299675279459643,-0.1823524106161083,1364,1634,1634,True,right,left,True,15,1315.0,very_high
285382__413002,W. Faes + K. Mavropanos,285382,W. Faes,413002,K. Mavropanos,1.0,1.0,0.34682550426424796,0.596927033978611,1.9896936745405738,3.274473774553396,0.17656294072911694,0.53680623164123,-0.5865900717199795,0.46175502740946367,-0.46578538966415006,-0.7560556057777309,-0.187091971410461,0.6227110354825289,-0.8098030068929899,-0.4182183990387143,0.4507204685717727,-0.5479725019961251,-0.18348755934705036,1365,1631,1633,False,right,right,False,0,0.0,none
285382__777938,W. Faes + Dean Huijsen,285382,W. Faes,777938,Dean Huijsen,1.0,0.9960629921259843,0.3571767384498624,0.5624229200265629,2.0693452058050084,3.6430030946956196,0.17656294072911694,0.08662578362025217,-0.43109679229117676,-0.0045167047430417495,-0.35860787570628744,-0.4214142210763293,-0.22140094927915932,0.6784381472180262,-0.8998390964971855,-0.4949114056318313,0.6902885392812681,-0.7169727388218035,-0.1837636887958959,1366,1631,1659,False,right,left,True,0,0.0,none
413002__549884,T. Harwood-Bellis + K. Mavropanos,549884,T. Harwood-Bellis,413002,K. Mavropanos,1.0,1.0,0.3404585731250571,0.5697451356536037,2.2270340312350814,3.907795130600832,0.17656294072911694,0.53680623164123,-0.6822322903170643,0.09443213852704624,-0.1464249330780771,-0.180971008799415,-0.1886187975101816,0.6242378615822497,-0.8128566590924313,-0.4216314090263784,0.4572842177349294,-0.5537042918501439,-0.18437129756273918,1367,1619,1633,False,right,right,False,0,0.0,none
549884__777938,T. Harwood-Bellis + Dean Huijsen,549884,T. Harwood-Bellis,777938,Dean Huijsen,1.0,0.9960629921259843,0.3508098073106716,0.5352410217015555,2.306685562499516,4.276324450743056,0.17656294072911694,0.08662578362025217,-0.5267390108882617,-0.37183959362545915,-0.03924741912021451,0.15367037590198662,-0.22292777537888003,0.6799649733177469,-0.902892748696627,-0.49832441561949564,0.6968522884444244,-0.7227045286758222,-0.18464742701158496,1368,1619,1659,False,right,left,True,0,0.0,none
557788__777938,Dean Huijsen + W. Fofana,777938,Dean Huijsen,557788,W. Fofana,1.0,0.9821741032370954,0.3792650918635171,0.583005249343832,2.4415182518630796,4.188076291524568,0.17656294072911694,-1.5015107968982009,-0.09929186469667406,0.27362283409089744,0.14218076206896557,0.07353703349431129,-0.08384155378278887,0.4526160887910318,-0.5364576425738208,-0.1874162751699751,-0.28050921384436756,-0.03489567349081172,-0.18484003643646016,1369,1659,1610,False,left,right,True,0,0.0,none
136441__488453,L. Martínez + B. Davies,488453,L. Martínez,136441,B. Davies,1.0,1.0,0.34980867346938777,0.4789540816326531,2.0788334335538186,4.132571657646824,0.17656294072911694,0.53680623164123,-0.5417777571224749,-1.1324737916218268,-0.3458407054354814,0.023136301386959657,-0.3943425317568231,0.9571525065262465,-1.3514950382830695,-0.8814985542185101,1.888467652805491,-1.5647434656613468,-0.18715767439987718,1370,1611,1624,False,left,left,False,0,0.0,none
9433__288080,J. Tarkowski + C. Burgess,9433,J. Tarkowski,288080,C. Burgess,1.0,0.9970588235294118,0.32412617220801365,0.5902813299232736,2.7727114551429004,4.626478612090285,0.17656294072911694,0.20049495576673537,-0.9275729457402053,0.3719482308761137,0.5878277396446725,0.4716262806505535,-0.0772183061725076,0.4386695372797016,-0.5158878434522092,-0.17261091505149195,-0.34046474239353014,0.003714409846781374,-0.18770199827444875,1371,1623,1634,False,right,left,True,0,0.0,none
8653__400549,Pau Torres + H. Maguire,400549,Pau Torres,8653,H. Maguire,1.0,1.0,0.366176967240797,0.5016041877744005,1.9842507018783668,3.7558549442209497,0.17656294072911694,0.53680623164123,-0.29589792950659666,-0.8263913274024032,-0.4731093452644413,-0.3189396088074973,-0.3003659862411707,0.8025825774330699,-1.1029485636742407,-0.6714268973940763,1.223979245828384,-1.0982148407984325,-0.1881626431082095,1372,1614,1611,False,left,center,False,0,0.0,none
545267__625787,R. Drăgușin + M. van de Ven,545267,R. Drăgușin,625787,M. van de Ven,1.0,1.0,0.4210950080515298,0.5309983896940418,2.0952579169865175,3.9433566509173863,0.17656294072911694,0.53680623164123,0.5290651727033024,-0.42917244899969964,-0.3237402476738513,-0.14867953088871272,0.10724624764330165,0.13691378626940004,-0.029667538626098416,0.23973425291398506,-1.6376976483111105,0.9163634045587541,-0.18816948712458978,1373,1624,1624,True,right,left,True,1,63.0,low
7953__8653,H. Maguire + C. Coady,8653,H. Maguire,7953,C. Coady,1.0,1.0,0.36960897067280046,0.5194077055779184,1.8451543304297424,3.318973706667525,0.17656294072911694,0.53680623164123,-0.24434335552209896,-0.5858032892284375,-0.660274652142598,-0.7156476434043609,-0.3019498772032132,0.8041664683951125,-1.1061163455983258,-0.6749674680417821,1.2307883139852225,-1.1041608553103461,-0.18907941088739352,1374,1611,1631,False,center,right,False,0,0.0,none
412027__415917,E. Konsa + Gabriel Magalhaes,412027,E. Konsa,415917,Gabriel Magalhaes,1.0,1.0,0.38015873015873014,0.5923280423280424,1.8378455787162904,3.01080788594966,0.17656294072911694,0.53680623164123,-0.0858678858112421,0.3996065019888221,-0.6701091628713682,-0.9954762250837562,-0.07885953933821646,0.43613001191953504,-0.5149895512577515,-0.1762796663177134,-0.35138203510987603,0.005400529204800832,-0.19247433785085935,1375,1614,1609,False,right,left,True,0,0.0,none
479155__488453,N. Collins + L. Martínez,479155,N. Collins,488453,L. Martínez,1.0,0.9976525821596245,0.3401555164319249,0.5168720657276995,2.049886065132766,3.668536569927525,0.17656294072911694,0.2683887814127616,-0.6867847212854861,-0.6200686868769487,-0.384791707804673,-0.3982286642133199,-0.4174348402031549,0.9877436881256083,-1.405178528328763,-0.9331182372852155,2.019977614980952,-1.665508865083229,-0.193667607164968,1376,1669,1611,False,right,left,True,0,0.0,none
234399__286380,I. Diop + A. Webster,286380,I. Diop,234399,A. Webster,1.0,0.986842105263158,0.341812865497076,0.6198830409356726,2.1349883854783407,3.4034674401429226,0.17656294072911694,-0.9677442130604601,-0.6618884976393477,0.7719712857388169,-0.27027972062889094,-0.6389234903359263,-0.26081915138706885,0.7314642839492251,-0.9922834353362942,-0.5830253810968025,0.9182452533160168,-0.890493326240502,-0.1941377798016966,1377,1616,1651,False,right,left,True,0,0.0,none
549884__627012,Murillo + T. Harwood-Bellis,627012,Murillo,549884,T. Harwood-Bellis,1.0,1.0,0.3676231468197035,0.5497847919655667,1.6851465496152538,3.149752684472324,0.17656294072911694,0.53680623164123,-0.27417383348724034,-0.17530219050730017,-0.8755779349467646,-0.8693080283260671,-0.2779518556595808,0.759111946683099,-1.03706380234268,-0.6213231877746419,1.0371011748685044,-0.9745473168401486,-0.19444070479479936,1378,1642,1619,False,left,right,True,0,0.0,none
504375__777938,M. Lacroix + Dean Huijsen,504375,M. Lacroix,777938,Dean Huijsen,1.0,0.9925418653654209,0.3640068759010757,0.5519019629588555,2.4236462927512017,4.376055449202706,0.17656294072911694,-0.31600039172245353,-0.32849642095433634,-0.14669177646578332,0.11813260986447746,0.24423065862063487,-0.11611289038477293,0.49262485325509864,-0.6087377436398717,-0.25955441464636875,-0.10851353318500676,-0.17056742746908907,-0.19644475277250423,1379,1628,1659,False,center,left,False,0,0.0,none
258154__365443,Rúben Dias + M. de Ligt,258154,Rúben Dias,365443,M. de Ligt,1.0,0.9885260949383687,0.4026357199055861,0.5320613690007868,1.9245698287489272,3.567777005762864,0.17656294072911694,-0.7751870095423854,0.251775025628573,-0.4148078661767051,-0.5534147394145228,-0.4897229313749102,-0.18668722519633676,0.6069176307672515,-0.7936048559635881,-0.417313644481841,0.3828254103184095,-0.517568123538096,-0.19732282385301686,1380,1625,1611,False,right,right,False,0,0.0,none
297957__479155,N. Collins + M. Akanji,479155,N. Collins,297957,M. Akanji,1.0,0.9906103286384977,0.3403755868544601,0.5234741784037559,2.4005359142537195,4.421172612382019,0.17656294072911694,-0.5368635692726498,-0.6834788863394621,-0.5308509629380307,0.08703574487437138,0.28519909487503514,-0.3398425944421119,0.8564679523188715,-1.1963105467609836,-0.7596714316560801,1.4556297817851296,-1.2734578719155822,-0.19783835567561764,1381,1669,1625,False,right,right,False,0,0.0,none
239411__346131,T. Chalobah + T. Mings,346131,T. Chalobah,239411,T. Mings,1.0,0.9918032786885246,0.35124468731026104,0.5708358631855899,2.504525891515234,4.384948421915562,0.17656294072911694,-0.4004547011237593,-0.5202063679123984,0.10917169730407841,0.2269625869889606,0.2523058823276475,-0.12335208906687914,0.5006337344306765,-0.6239858234975556,-0.2757366487653917,-0.07408375292146908,-0.1991884961806889,-0.19993114949527435,1382,1628,1614,False,right,left,True,0,0.0,none
365443__518805,M. de Ligt + L. Woolfenden,365443,M. de Ligt,518805,L. Woolfenden,1.0,0.9946236559139785,0.380568356374808,0.48502304147465436,1.7650571541190383,3.5482065431612138,0.17656294072911694,-0.0779563156562349,-0.07971459794857644,-1.0504608345052748,-0.7680518171982939,-0.5074938015508186,-0.3940887664105944,0.937271681441002,-1.3313604478515966,-0.8809312966497798,1.8030009784802339,-1.5269502811031805,-0.20495541100145592,1383,1611,1634,False,right,right,False,0,0.0,none
286380__590874,Toti + I. Diop,590874,Toti,286380,I. Diop,1.0,0.9943820224719101,0.3860174781523096,0.5642946317103621,1.7435458512717283,3.0885801607476084,0.17656294072911694,-0.10558609306286465,0.0021405509155236757,0.020776692157628313,-0.7969969978441658,-0.9248554622100741,-0.20003287987904808,0.6198189314577268,-0.819851811336775,-0.4471460220737262,0.4382874577815926,-0.5668343865835191,-0.20545365101908916,1384,1629,1616,False,left,right,True,0,0.0,none
399581__557788,D. O'Shea + W. Fofana,399581,D. O'Shea,557788,W. Fofana,1.0,0.9861111111111112,0.3382642998027613,0.5875246548323472,2.87192118226601,4.879926108374384,0.17656294072911694,-1.051330348877223,-0.7151940365908639,0.3346958710150759,0.7213223723867879,0.701768134961854,-0.09248031006439417,0.4422039058358548,-0.534684215900249,-0.20672702802880466,-0.3252706684534918,-0.03156690244862012,-0.2072580950401739,1385,1634,1610,False,right,right,False,0,0.0,none
397074__769441,M. Guéhi + L. Yoro,397074,M. Guéhi,769441,L. Yoro,1.0,0.9967741935483871,0.3996415770609319,0.5251792114695341,1.9290806753184602,3.6782340128829185,0.17656294072911694,0.1679487032627498,0.2067978681568009,-0.5078099794175566,-0.547345034118301,-0.3894229449359408,-0.11577562724078361,0.4783390464042076,-0.5941146736449912,-0.25880050922183007,-0.16992750349878544,-0.14311951960106328,-0.20900240958076333,1386,1628,1611,False,left,right,True,0,0.0,none
583655__777938,Dean Huijsen + C. Okoli,777938,Dean Huijsen,583655,C. Okoli,1.0,0.9878662708145088,0.3601394088034078,0.545436943332903,2.573651966665067,4.723387238671082,0.17656294072911694,-0.8506351491447371,-0.3865924055795445,-0.2340568919294667,0.3199772568466833,0.5596237213317817,-0.14556698052011524,0.525529999846949,-0.6710969803670642,-0.3253949866852399,0.03294404894913731,-0.2876174439846107,-0.21033776745480093,1387,1659,1631,False,left,left,False,0,0.0,none
349142__415917,Gabriel Magalhaes + N. Mazraoui,415917,Gabriel Magalhaes,349142,N. Mazraoui,1.0,1.0,0.376890756302521,0.5591036414565826,2.1291357431216063,3.772827830454766,0.17656294072911694,0.53680623164123,-0.13495845442148072,-0.04937181304903315,-0.2781549196102744,-0.3035274561205094,-0.057848887973882296,0.3807559625280338,-0.4386048505019161,-0.12931324167582134,-0.5894323084321184,0.14877673061851923,-0.21173096724384233,1388,1609,1611,False,left,right,True,0,0.0,none
545267__590703,I. Zabarnyi + R. Drăgușin,590703,I. Zabarnyi,545267,R. Drăgușin,1.0,1.0,0.41292356185973206,0.5394011032308905,2.1353608890843194,3.9541807793976247,0.17656294072911694,0.53680623164123,0.4063160450867675,-0.3156222850669972,-0.26977848719627046,-0.13885072990914624,0.09607122993364867,0.12573876855974708,-0.029667538626098416,0.2147540360691534,-1.6857384914388314,0.9163634045587541,-0.21507184848532193,1389,1659,1624,False,right,right,False,0,0.0,none
8653__297957,M. Akanji + H. Maguire,297957,M. Akanji,8653,H. Maguire,1.0,0.9929577464788732,0.3482918789331735,0.5285436020377585,2.1584526420062486,3.9750869944374356,0.17656294072911694,-0.2684461190441814,-0.5645626108342592,-0.4623452496156646,-0.238706684409641,-0.11986693576465934,-0.3470469777845422,0.8492635689764413,-1.1963105467609836,-0.7757758408662548,1.4246584975350212,-1.2734578719155822,-0.21518194555573755,1390,1625,1611,False,right,center,False,0,0.0,none
234399__504375,M. Lacroix + A. Webster,504375,M. Lacroix,234399,A. Webster,1.0,0.9833209785025945,0.3487768717568569,0.6026686434395849,2.3668920961523874,3.9479393551598645,0.17656294072911694,-1.370370388403166,-0.557277187347389,0.5393443314684525,0.04176529336000889,-0.14451822699900305,-0.2147459227411995,0.6324988958086752,-0.8472448185498748,-0.48003500808637195,0.49279799137321456,-0.6182518207116852,-0.21582847077355866,1391,1628,1651,False,center,left,False,0,0.0,none
240032__488453,J. Bednarek + L. Martínez,240032,J. Bednarek,488453,L. Martínez,1.0,1.0,0.365625,0.5145833333333334,1.6406817747860458,2.998606412781104,0.17656294072911694,0.53680623164123,-0.30418942353231115,-0.6509974978424398,-0.9354088503006615,-1.0065557176868059,-0.406295779881542,0.9451992584015275,-1.3514950382830695,-0.9082183982414532,1.8370812359830533,-1.5647434656613468,-0.21593352145808004,1392,1619,1611,False,center,left,False,0,0.0,none
8653__518805,H. Maguire + L. Woolfenden,8653,H. Maguire,518805,L. Woolfenden,1.0,1.0,0.36220871327254306,0.48176291793313075,2.0010032576365613,3.9582408762570225,0.17656294072911694,0.53680623164123,-0.35550790567617163,-1.094516550668569,-0.45056743991622045,-0.13516397729329893,-0.3530956736001022,0.8553122647920013,-1.2084079383921036,-0.7892968693806524,1.4506615388144648,-1.2961650114595122,-0.21868297533788916,1393,1611,1634,False,center,right,False,0,0.0,none
366217__400549,Pau Torres + K. Danso,400549,Pau Torres,366217,K. Danso,1.0,1.0,0.3782423538521099,0.4910956252419667,1.8288662482072677,3.575016530387975,0.17656294072911694,0.53680623164123,-0.1146551425955738,-0.9683989054332544,-0.6821915711526104,-0.4831491137362154,-0.31311581080458006,0.7898327528696605,-1.1029485636742407,-0.6999273786105322,1.1691683866717466,-1.0982148407984325,-0.21885614146342866,1394,1614,1624,False,left,right,True,0,0.0,none
7953__366217,C. Coady + K. Danso,7953,C. Coady,366217,K. Danso,1.0,1.0,0.38167435728411336,0.5088991430454846,1.6897698767586433,3.1381352928345514,0.17656294072911694,0.53680623164123,-0.0631005686110761,-0.7278108672592887,-0.8693568780307671,-0.879857148333079,-0.31469970176662265,0.791416643831703,-1.1061163455983258,-0.7034679492582383,1.1759774548285846,-1.1041608553103461,-0.21977290924261303,1395,1631,1624,False,right,right,False,0,0.0,none
234399__501419,J. Todibo + A. Webster,501419,J. Todibo,234399,A. Webster,1.0,0.986842105263158,0.36403508771929827,0.5789473684210527,1.9458666952069474,3.2644335867860077,0.17656294072911694,-0.9677442130604601,-0.3280726310897267,0.21878661457914728,-0.5247581001029018,-0.7651725529336431,-0.3054171955075088,0.776062328069665,-1.081479523577174,-0.6827181817642795,1.1099700180600154,-1.0579168572145787,-0.2199514569070509,1396,1633,1651,False,right,left,True,0,0.0,none
50102__399581,F. Schär + D. O'Shea,50102,F. Schär,399581,D. O'Shea,1.0,1.0,0.3254437869822485,0.5371167294244217,2.840043657530924,5.202916565607567,0.17656294072911694,0.53680623164123,-0.9077801134464141,-0.3464921962058909,0.6784286100447412,0.9950581608738722,-0.11441445411628995,0.46413804988775065,-0.5785525040040406,-0.2557577937025663,-0.2309768784196962,-0.11390889565677913,-0.21995373950854782,1397,1613,1634,False,right,right,False,0,0.0,none
234399__549884,T. Harwood-Bellis + A. Webster,549884,T. Harwood-Bellis,234399,A. Webster,1.0,0.986842105263158,0.33557980316645275,0.5860077021822849,2.2499313659007023,3.8482083567002134,0.17656294072911694,-0.9677442130604601,-0.7555197772813143,0.3141965143087767,-0.11561473562468308,-0.23507850971765126,-0.3215608077353065,0.8017269593275939,-1.1232877670629005,-0.7188050090594986,1.2203009863168213,-1.1363920895510145,-0.22059062654490583,1398,1619,1651,False,right,left,True,0,0.0,none
9433__50102,F. Schär + J. Tarkowski,50102,F. Schär,9433,J. Tarkowski,1.0,0.9970588235294118,0.318552036199095,0.5706705059646235,2.779175367709862,4.803129237945496,0.17656294072911694,0.20049495576673537,-1.0113060226339226,0.10693714063784876,0.5965254516455627,0.6320330836201065,-0.14218176403587282,0.5036329951430668,-0.6458147591789395,-0.31782780030216795,-0.06119008088203976,-0.24016201375596205,-0.22530332716688833,1399,1613,1623,False,right,right,False,0,0.0,none
399581__504375,M. Lacroix + D. O'Shea,504375,M. Lacroix,399581,D. O'Shea,1.0,0.9964788732394366,0.32300608384032004,0.5564213684473707,2.8540492231541315,5.067905266052524,0.17656294072911694,0.13418005629852428,-0.9443985928485261,-0.08561873954160487,0.6972742201822998,0.8724617600881776,-0.12475164666637825,0.47447524243783884,-0.5992268891042172,-0.2788651675051983,-0.18653780381752672,-0.1527152897762357,-0.22593698285310432,1400,1628,1634,False,center,right,False,0,0.0,none
397074__619747,L. Colwill + M. Guéhi,619747,L. Colwill,397074,M. Guéhi,0.9964285714285714,0.9824884792626728,0.3988479262672811,0.5612903225806452,2.4276860895924557,4.349275850454699,-2.8384737166366527,-1.4655632081276588,0.19487587292288594,-0.01982207307313416,0.12356848002876844,0.21991356492691508,-0.3256349230710412,0.8012766024327976,-1.1269115255038389,-0.7279121341828527,1.218364924513921,-1.1431939846289756,-0.22708538666304523,1401,1610,1628,False,left,left,False,0,0.0,none
397074__604320,M. Guéhi + J. Branthwaite,397074,M. Guéhi,604320,J. Branthwaite,1.0,0.9922696890438826,0.37111304853240334,0.5766056378959605,2.475210842067703,4.327493672236876,0.17656294072911694,-0.34712262014864126,-0.22174952808933396,0.18714161277772295,0.18751684035406624,0.20013435637490212,-0.009099018527074572,0.2838967444082758,-0.29299576293535035,-0.02033960587687569,-1.0058252506236622,0.4220890256204318,-0.22749957300145013,1402,1628,1623,False,left,left,False,0,0.0,none
234399__285382,W. Faes + A. Webster,285382,W. Faes,234399,A. Webster,1.0,0.986842105263158,0.3419467343056436,0.6131896005072923,2.0125910092061945,3.2148870006527774,0.17656294072911694,-0.9677442130604601,-0.6598775586842294,0.6815194031911942,-0.434975192210756,-0.8101631066959671,-0.3200339816355859,0.7906791141977422,-1.110713095833328,-0.7153919990718345,1.172806851759513,-1.1127890829661555,-0.2284117606012945,1403,1631,1651,False,right,left,True,0,0.0,none
346131__534563,C. Richards + T. Chalobah,534563,C. Richards,346131,T. Chalobah,1.0,1.0,0.35274216524216523,0.5531813865147198,2.414180445722502,4.377021926671459,0.17656294072911694,0.53680623164123,-0.4977116827059098,-0.12940227184674996,0.10539555464486956,0.24510826412106354,-0.08842246647054694,0.41193162375084735,-0.5003540902213942,-0.19765627614899733,-0.4554096975404644,0.03287169540127353,-0.2288767082563833,1404,1628,1628,True,right,right,False,1,90.0,low
415847__777938,Dean Huijsen + C. Romero,777938,Dean Huijsen,415847,C. Romero,1.0,0.9765824726454648,0.37493608753451274,0.5445853359239186,2.5903570977462604,4.764430971327523,0.17656294072911694,-2.1408904591848503,-0.1643209296089378,-0.2455650982335887,0.3424553484941436,0.5968932973974398,-0.1920004648415538,0.5794173993815191,-0.7714178642230729,-0.4291906617657984,0.2646032887698412,-0.475922524811186,-0.23039884921418405,1405,1659,1624,False,left,right,True,0,0.0,none
501419__590874,Toti + J. Todibo,590874,Toti,501419,J. Todibo,1.0,0.9943820224719101,0.40823970037453183,0.5233589591957422,1.5544241610003349,2.9495463073906936,0.17656294072911694,-0.10558609306286465,0.33595641746514465,-0.5324079790020413,-1.0514753773181766,-1.0511045248077908,-0.24463092399948805,0.6644169755781667,-0.9090478995776547,-0.5468388227412033,0.6300122225255913,-0.7342579175575957,-0.23126732812444342,1406,1629,1633,False,left,right,True,0,0.0,none
549884__568412,T. Harwood-Bellis + J. Gvardiol,549884,T. Harwood-Bellis,568412,J. Gvardiol,1.0,1.0,0.35442759833003734,0.554713249835201,1.99894505739059,3.635539796800507,0.17656294072911694,0.53680623164123,-0.4723935889026349,-0.10870141962795915,-0.45333691317164754,-0.42819123502218237,-0.2265607832824447,0.6344394399010238,-0.8610002231834685,-0.5064455056784081,0.5011402935283525,-0.6440710966368142,-0.2316948841080611,1407,1619,1625,False,right,left,True,0,0.0,none
258154__399581,D. O'Shea + Rúben Dias,399581,D. O'Shea,258154,Rúben Dias,1.0,0.9939024390243902,0.3484269014287776,0.5214677442632415,2.5172608586492595,4.63912252071303,0.17656294072911694,-0.16042446224492046,-0.5625343415224398,-0.5579649332735022,0.2440985051074528,0.4831075247695302,-0.22194063009606377,0.6266759148004654,-0.8486165448965292,-0.4961177879556484,0.46776528677987245,-0.62082658910138,-0.2318946257641385,1408,1634,1625,False,right,right,False,0,0.0,none
9433__258154,J. Tarkowski + Rúben Dias,9433,J. Tarkowski,258154,Rúben Dias,1.0,0.990961262553802,0.3415351506456241,0.5550215208034434,2.456392568828197,4.239335193050959,0.17656294072911694,-0.49673573811941507,-0.6660602507099481,-0.10453559642976251,0.1621953467082744,0.12008244751576447,-0.24970794001564656,0.6713767413121384,-0.921084681327785,-0.5581877945552499,0.6599319078915133,-0.7568512906742378,-0.23248458304501854,1409,1623,1625,False,right,right,False,0,0.0,none
346131__397074,M. Guéhi + T. Chalobah,397074,M. Guéhi,346131,T. Chalobah,1.0,0.9967741935483871,0.38112305854241335,0.5452409398645958,2.3334553203616863,4.296391235070083,0.17656294072911694,0.1679487032627498,-0.07138202063454982,-0.2367055870039887,-0.0032265661450699007,0.17189192877899898,-0.021168452267564086,0.29744770624246974,-0.31861615851003383,-0.04731916688207418,-0.9475703423433905,0.37399883269087014,-0.23313091960588017,1410,1628,1628,True,left,right,True,10,883.0,high
9433__239411,J. Tarkowski + T. Mings,9433,J. Tarkowski,239411,T. Mings,1.0,0.9888621022179364,0.3122468659594986,0.6162970106075216,3.1236026566392274,5.055902852495249,0.17656294072911694,-0.7367659769982539,-1.1060204866612429,0.7235114245471324,1.059979951272725,0.8615630226661048,-0.05327189409140294,0.34746087002369797,-0.4007327641151008,-0.11908200064762678,-0.7325662485727313,0.21986368693337993,-0.2353381375089568,1411,1623,1614,False,right,left,True,0,0.0,none
557788__625787,M. van de Ven + W. Fofana,625787,M. van de Ven,557788,W. Fofana,1.0,0.9861111111111112,0.38405797101449274,0.5634057971014492,2.1869896754166946,3.8875092786287873,0.17656294072911694,-1.051330348877223,-0.027294604879399054,0.0087654156683723,-0.2003078206576046,-0.1993914850620716,-0.14526209099377366,0.49713851894905714,-0.6424006099428308,-0.32471344803540386,-0.08910950974913066,-0.23375356096778482,-0.2358402891359981,1412,1624,1610,False,left,right,True,0,0.0,none
285382__590874,W. Faes + Toti,285382,W. Faes,590874,Toti,1.0,0.9943820224719101,0.3861513469608772,0.5576011912819818,1.621148474999582,2.8999997212574633,0.17656294072911694,-0.10558609306286465,0.004151489870641956,-0.06967519038999441,-0.9616924694260309,-1.096095078570115,-0.2592477101275651,0.6790337617062437,-0.9382814718338088,-0.5795126400487581,0.6928490562250883,-0.7891301433091725,-0.2397276318186871,1413,1631,1629,False,right,left,True,0,0.0,none
286380__568412,I. Diop + J. Gvardiol,286380,I. Diop,568412,J. Gvardiol,1.0,1.0,0.36066066066066066,0.5885885885885886,1.8840020769682284,3.190798880243216,0.17656294072911694,0.53680623164123,-0.3787623092606683,0.349073351802081,-0.6080018981758554,-0.8320362156404575,-0.16581912693420706,0.525554219461749,-0.691373346395956,-0.37066587771571186,0.03304816786379567,-0.3256767452704717,-0.24055383755281157,1414,1616,1625,False,right,left,True,0,0.0,none
283145__346131,T. Chalobah + T. Adarabioyo,346131,T. Chalobah,283145,T. Adarabioyo,1.0,0.9859154929577465,0.3938445487741262,0.565640758129021,2.368927125506073,4.189220647773279,0.17656294072911694,-1.0736984697295928,0.11971656721302945,0.03896758666361873,0.04450358832429728,0.07457616101749664,-0.025886082692369278,0.2970212294557847,-0.32290731214815394,-0.057864781579723606,-0.9494037447539346,0.36594421832139096,-0.240564670551764,1415,1628,1610,False,right,right,False,4,182.0,medium
424241__534563,N. Milenković + C. Richards,424241,N. Milenković,534563,C. Richards,0.9967741935483871,0.9935483870967742,0.34581265508684866,0.5885856079404466,2.6462490527911093,4.524501136650669,-2.5466959756012724,-0.20090882511573044,-0.6018048023826731,0.3490330727798744,0.4176624499378577,0.3790260946564071,-0.3150335693933416,0.7689304440393869,-1.0839640134327286,-0.7042142644704016,1.0793104047327156,-1.0625803135666434,-0.24083007352871483,1416,1642,1628,False,right,right,False,0,0.0,none
9097__412968,L. Dunk + M. Senesi,9097,L. Dunk,412968,M. Senesi,1.0,1.0,0.3725752508361204,0.5364548494983277,2.423905111174748,4.551194466162181,0.17656294072911694,0.53680623164123,-0.19978474328045684,-0.35543651803504217,0.11848087078001622,0.40326485195955897,-0.011576430705175292,0.27164068474948155,-0.2832171154546569,-0.0258775204494428,-1.058513439110695,0.4404438180968368,-0.2424040283385625,1417,1651,1659,False,left,left,False,0,0.0,none
9097__558243,L. Dunk + S. van den Berg,9097,L. Dunk,558243,S. van den Berg,1.0,1.0,0.34761295822676896,0.5179028132992327,2.48727130105098,4.889400135094894,0.17656294072911694,0.53680623164123,-0.5747611635109703,-0.6061396679704293,0.2037451537398703,0.7103709821362002,-0.14945855231129018,0.496523317278881,-0.645981869590171,-0.3340940607929085,-0.09175423101013724,-0.24047568463169994,-0.2426684366258354,1418,1651,1669,False,left,left,False,0,0.0,none
239411__604320,J. Branthwaite + T. Mings,604320,J. Branthwaite,239411,T. Mings,1.0,0.98729877418402,0.34123467730025103,0.6022005612169546,2.646281413221251,4.416050859082356,0.17656294072911694,-0.9155260245351503,-0.6705738753671825,0.5330188970857901,0.4177059934880967,0.2805483099235507,-0.11128265532638959,0.4339688059632917,-0.5452514612896813,-0.24875708776019317,-0.3606729515995115,-0.051401915067003534,-0.24286081237335075,1419,1623,1614,False,left,left,False,0,0.0,none
415917__447424,C. Bassey + Gabriel Magalhaes,447424,C. Bassey,415917,Gabriel Magalhaes,1.0,1.0,0.3739495798319328,0.588515406162465,1.9919040820654539,3.316396693419853,0.17656294072911694,0.53680623164123,-0.17913996617069508,0.3480844002631663,-0.4628111093259114,-0.7179876886448917,-0.06296562613345119,0.35494564246315274,-0.417911268596604,-0.14075100688435854,-0.7003895855952815,0.1876191576735293,-0.24296854758605788,1420,1616,1609,False,left,left,False,0,0.0,none
399581__583655,D. O'Shea + C. Okoli,399581,D. O'Shea,583655,C. Okoli,1.0,0.9918032786885246,0.31913861674265204,0.5499563488214182,3.0040548970679977,5.4152370555208975,0.17656294072911694,-0.4004547011237593,-1.0024945774737344,-0.17298385500528823,0.8991188671645057,1.1878548227993244,-0.15420573680172062,0.5039293325731813,-0.6581350693749017,-0.34470573954406963,-0.0599161410670984,-0.2632875776274789,-0.24298522761766012,1421,1634,1631,False,right,left,True,0,0.0,none
424241__604320,N. Milenković + J. Branthwaite,424241,N. Milenković,604320,J. Branthwaite,0.9967741935483871,0.9890438825922696,0.3904678872420808,0.6346701540249927,2.5853625903130855,4.072812416376773,-2.5466959756012724,-0.7159801485271214,0.06899332342162609,0.9717971048650325,0.3357348387734375,-0.03112780774714447,-0.0605130832009626,0.3504999932719075,-0.41101307647287016,-0.1352686840937733,-0.7195012094822851,0.20056725557188274,-0.24337125377719562,1422,1642,1623,False,right,left,True,0,0.0,none
7919__400549,Pau Torres + M. Keane,400549,Pau Torres,7919,M. Keane,1.0,1.0,0.3361495135688684,0.5209933435739887,2.261442479987649,4.043858746251339,0.17656294072911694,0.53680623164123,-0.7469617505564017,-0.5643757523259674,-0.10012560978944451,-0.05741905713599493,-0.3237355931049155,0.779212970569325,-1.1029485636742407,-0.7236664429771267,1.1235144728439173,-1.0982148407984325,-0.24442184779507467,1423,1614,1623,False,left,left,False,0,0.0,none
7919__7953,C. Coady + M. Keane,7953,C. Coady,7919,M. Keane,1.0,1.0,0.33958151700087186,0.5387968613775065,2.1223461085390243,3.6069775086979154,0.17656294072911694,0.53680623164123,-0.6954071765719039,-0.3237877141520017,-0.2872909166676012,-0.4541270917328586,-0.325319484066958,0.7807968615313675,-1.1061163455983258,-0.7272070136248324,1.1303235410007553,-1.1041608553103461,-0.24533861557425887,1424,1631,1623,False,right,left,True,0,0.0,none
297957__366217,M. Akanji + K. Danso,297957,M. Akanji,366217,K. Danso,1.0,0.9929577464788732,0.36035726554448644,0.5180350395053246,2.0030681883351495,3.794248580604462,0.17656294072911694,-0.2684461190441814,-0.3833198239232363,-0.6043528276465158,-0.4477889102978101,-0.28407644069337745,-0.3597968023479515,0.836513744413032,-1.1963105467609836,-0.8042763220827107,1.3698476383783842,-1.2734578719155822,-0.24587544391095656,1425,1625,1624,False,right,right,False,0,0.0,none
365443__488453,M. de Ligt + L. Martínez,365443,M. de Ligt,488453,L. Martínez,1.0,0.9946236559139785,0.36643145161290325,0.5252016129032258,1.571856689367772,2.812416618887133,0.17656294072911694,-0.0779563156562349,-0.292075138052688,-0.5075072573912882,-1.0280185143707588,-1.1756245191105341,-0.4656323163560774,1.0088152313864849,-1.4744475477425625,-1.0408570737645175,2.1105631272867034,-1.7955287353050151,-0.2463653457572509,1426,1611,1611,True,right,left,True,16,1108.0,very_high
366217__518805,L. Woolfenden + K. Danso,518805,L. Woolfenden,366217,K. Danso,1.0,1.0,0.37427409988385596,0.4712543554006968,1.8456188039654622,3.7774024624240488,0.17656294072911694,0.53680623164123,-0.17426511876514877,-1.2365241286994204,-0.6596496658043896,-0.29937348222201704,-0.36584549816351164,0.842562440228592,-1.2084079383921036,-0.8177973505971085,1.395850679657828,-1.2961650114595122,-0.24937647369310828,1427,1634,1624,False,right,right,False,0,0.0,none
286380__399581,D. O'Shea + I. Diop,399581,D. O'Shea,286380,I. Diop,1.0,1.0,0.3160420775805391,0.5736357659434583,2.6221455124800848,4.523433351035582,0.17656294072911694,0.53680623164123,-1.049009903140485,0.1470082147287594,0.3852292061934,0.37805649675125425,-0.1708248753122477,0.5205484710837084,-0.691373346395956,-0.381855540515629,0.011528705540387936,-0.3256767452704717,-0.2526045076497924,1428,1634,1616,False,right,right,False,0,0.0,none
239411__545267,R. Drăgușin + T. Mings,545267,R. Drăgușin,239411,T. Mings,1.0,0.9918032786885246,0.35124468731026104,0.5461445051608986,2.3932317988675504,4.355749375106019,0.17656294072911694,-0.4004547011237593,-0.5202063679123984,-0.22449524720492842,0.07720747269524575,0.22579181974902848,-0.21520015137059964,0.5924817967343969,-0.8076819481049965,-0.48105037378460663,0.3207664806407296,-0.5439912158355656,-0.25309348586719754,1429,1624,1614,False,right,left,True,0,0.0,none
9433__557788,J. Tarkowski + W. Fofana,9433,J. Tarkowski,557788,W. Fofana,1.0,0.9831699346405229,0.33137254901960783,0.621078431372549,2.811052892444948,4.480138780712313,0.17656294072911694,-1.3876416247517176,-0.8187199457783723,0.7881252078588156,0.6394192139876095,0.3387430577080882,-0.12024761998397698,0.435054634732572,-0.5553022547165491,-0.2687970346284062,-0.35600502793944405,-0.07026753303079712,-0.2552535323021958,1430,1623,1610,False,right,right,False,0,0.0,none
447424__627012,Murillo + C. Bassey,627012,Murillo,447424,C. Bassey,1.0,1.0,0.41764705882352937,0.5705882352941176,1.4318075027166484,2.5179464180613103,0.17656294072911694,0.53680623164123,0.47727106553192056,0.10582537500620681,-1.216465910407077,-1.4430168550028957,-0.06722470688690285,0.34580281207662095,-0.41302751896352374,-0.15027159678811947,-0.7396941568948266,0.19678609115782647,-0.25768682723094244,1431,1642,1616,False,left,left,False,0,0.0,none
9433__286380,J. Tarkowski + I. Diop,9433,J. Tarkowski,286380,I. Diop,1.0,0.9970588235294118,0.30915032679738563,0.6071895424836602,2.561277222659023,4.12364602337351,0.17656294072911694,0.20049495576673537,-1.1525358123279932,0.6004375515724991,0.3033260477942216,0.015031419497488485,-0.19859218523183042,0.5600434163390243,-0.758635601570855,-0.44392554711523036,0.18131550307804342,-0.45192986336965457,-0.25795409530813307,1432,1623,1616,False,right,right,False,0,0.0,none
8653__488453,H. Maguire + L. Martínez,8653,H. Maguire,488453,L. Martínez,1.0,1.0,0.3480718085106383,0.5219414893617021,1.8078027928852949,3.2224509519829416,0.17656294072911694,0.53680623164123,-0.5678684457802832,-0.5515629735545826,-0.7105341370886853,-0.8032946948530144,-0.42463922354558514,0.9268558147374844,-1.3514950382830695,-0.9492226464953901,1.7582236876209352,-1.5647434656613468,-0.26009291009368385,1433,1611,1611,True,center,left,False,14,847.0,high
258154__777938,Dean Huijsen + Rúben Dias,777938,Dean Huijsen,258154,Rúben Dias,1.0,0.9899654311503745,0.3894276934895333,0.5169483387747263,2.086857928246329,3.947272703863214,0.17656294072911694,-0.6106049102658982,0.05336783037175011,-0.6190379701976806,-0.33504310521036956,-0.14512357669801243,-0.2133018738144584,0.5803029821491297,-0.7936048559635881,-0.4768070350968187,0.26841036486768405,-0.517568123538096,-0.2613940327957234,1434,1659,1625,False,left,right,True,0,0.0,none
9097__346131,L. Dunk + T. Chalobah,9097,L. Dunk,346131,T. Chalobah,1.0,1.0,0.3993558776167472,0.5665593129361245,2.2189947302934936,3.916668191466003,0.17656294072911694,0.53680623164123,0.20250617281780395,0.051380487385554674,-0.15724245629703434,-0.1729138659557608,0.11161242016024578,0.04950090782211861,0.06211151233812716,0.2494942317425641,-2.013481247938068,1.0886352281883238,-0.2615702128724735,1435,1651,1628,False,left,right,True,0,0.0,none
15806__415917,Gabriel Magalhaes + J. Vestergaard,415917,Gabriel Magalhaes,15806,J. Vestergaard,1.0,1.0,0.3627976190476191,0.5946428571428571,2.1319778042973887,3.5451637720578884,0.17656294072911694,0.53680623164123,-0.34666153155313334,0.4308877780365409,-0.2743306987007572,-0.5102567761085912,-0.05599234561522648,0.32146345489539935,-0.3774558005106259,-0.12516319628835162,-0.8443278380712432,0.2635551930731095,-0.26316891095092687,1436,1609,1631,False,left,left,False,0,0.0,none
583655__625787,C. Okoli + M. van de Ven,583655,C. Okoli,625787,M. van de Ven,1.0,0.9918032786885246,0.3649322879543835,0.5258374910905204,2.3191233902186825,4.4228202257753,0.17656294072911694,-0.4004547011237593,-0.3145951457622695,-0.49891431035199185,-0.02251132587988683,0.2866952027753989,-0.20698751773110008,0.5661502097057505,-0.7731377274368506,-0.46269215955066884,0.207568302828945,-0.4791507557540663,-0.2649057400774642,1437,1631,1624,False,left,left,False,0,0.0,none
9433__501419,J. Tarkowski + J. Todibo,9433,J. Tarkowski,501419,J. Todibo,1.0,0.9970588235294118,0.33137254901960783,0.5662538699690403,2.3721555323876293,3.9846121700165953,0.17656294072911694,0.20049495576673537,-0.8187199457783723,0.04725288041282949,0.0488476683202107,-0.1112176431002283,-0.24319022935227042,0.6252594992757643,-0.8684497286280347,-0.5436183477827075,0.46167618716555553,-0.6580540249259078,-0.2649171227268686,1438,1623,1633,False,right,right,False,0,0.0,none
501419__568412,J. Todibo + J. Gvardiol,501419,J. Todibo,568412,J. Gvardiol,1.0,1.0,0.38288288288288286,0.5476529160739687,1.6948803866968352,3.051765026886301,0.17656294072911694,0.53680623164123,-0.04494644271104731,-0.20411131935758858,-0.8624802776498663,-0.9582852782381742,-0.21041717105464694,0.570152263582189,-0.7805694346368358,-0.47035867838318873,0.22477293260779477,-0.4931002762445483,-0.2663675146581656,1439,1633,1625,False,right,left,True,0,0.0,none
400549__413002,K. Mavropanos + Pau Torres,413002,K. Mavropanos,400549,Pau Torres,1.0,1.0,0.36097734974139467,0.5242553950419119,1.8309411665938113,3.3567869890832664,0.17656294072911694,0.53680623164123,-0.3740050964646271,-0.5202939831075789,-0.6793996023002241,-0.6813114630895207,-0.3336647498010863,0.7692838138731543,-1.1029485636742407,-0.7458617086850644,1.0808295240031416,-1.0982148407984325,-0.26832496530127625,1440,1633,1614,False,right,left,True,0,0.0,none
400549__777938,Dean Huijsen + Pau Torres,777938,Dean Huijsen,400549,Pau Torres,1.0,0.9960629921259843,0.3713285839270091,0.48975128108986377,1.9105926978582457,3.72531630922549,0.17656294072911694,0.08662578362025217,-0.2185118170358244,-0.9865657152600843,-0.5722220883423614,-0.34667007838811914,-0.3679737276697846,0.8250109256086515,-1.192984653278436,-0.8225547152781814,1.320397594712637,-1.2672150776241105,-0.2686010947501217,1441,1659,1614,False,left,left,False,0,0.0,none
283145__604320,J. Branthwaite + T. Adarabioyo,604320,J. Branthwaite,283145,T. Adarabioyo,1.0,0.981410988453242,0.3838345387641162,0.5970054561603857,2.5106826472120893,4.220323084940073,0.17656294072911694,-1.5887697931409839,-0.030650940241754708,0.4628147864453304,0.23524699482343342,0.10281858861339978,-0.013816648951879756,0.2462191557273527,-0.2600358046792325,-0.030885220574525103,-1.167799322994706,0.4839557812240517,-0.268991250940864,1442,1623,1610,False,left,right,True,0,0.0,none
7953__413002,K. Mavropanos + C. Coady,413002,K. Mavropanos,7953,C. Coady,1.0,1.0,0.3644093531733981,0.5420589128454297,1.6918447951451867,2.9199057515298428,0.17656294072911694,0.53680623164123,-0.3224505224801294,-0.2797059449336132,-0.8665649091783808,-1.0780194976863844,-0.33524864076312877,0.7708677048351968,-1.1061163455983258,-0.7494022793327703,1.0876385921599798,-1.1041608553103461,-0.2692417330804604,1443,1633,1631,False,right,right,False,0,0.0,none
7953__777938,Dean Huijsen + C. Coady,777938,Dean Huijsen,7953,C. Coady,1.0,0.9960629921259843,0.3747605873590126,0.5075547988933815,1.7714963264096213,3.2884350716720663,0.17656294072911694,0.08662578362025217,-0.1669572430513267,-0.7459776770861186,-0.7593873952205181,-0.7433781129849828,-0.3695576186318271,0.826594816570694,-1.1961524352025212,-0.8260952859258873,1.3272066628694748,-1.273161092136024,-0.26951786252930604,1444,1659,1631,False,left,right,True,0,0.0,none
399581__415847,D. O'Shea + C. Romero,399581,D. O'Shea,415847,C. Romero,1.0,0.9805194805194806,0.333935295473757,0.5491047414124337,3.0207600281491906,5.45628078817734,0.17656294072911694,-1.6907100111638727,-0.7802231015031276,-0.18449206130941026,0.921596958811966,1.2251243988649825,-0.20063922112315913,0.5503628168946199,-0.7510020380177789,-0.448501414624628,0.1396990894513145,-0.4376014529070837,-0.2698612710583364,1445,1634,1624,False,right,right,False,0,0.0,none
258154__568412,Rúben Dias + J. Gvardiol,258154,Rúben Dias,568412,J. Gvardiol,1.0,0.9939024390243902,0.39304548450889915,0.5364205669083718,1.779117423137403,3.306488049920665,0.17656294072911694,-0.16042446224492046,0.10771325235737686,-0.3558997962001806,-0.7491325992618025,-0.7269851876221815,-0.21693488171802314,0.576669974245565,-0.7936048559635881,-0.48492812515573125,0.25279224529851674,-0.517568123538096,-0.2701400136959298,1446,1625,1625,True,right,left,True,10,898.0,high
7919__297957,M. Akanji + M. Keane,297957,M. Akanji,7919,M. Keane,1.0,0.9929577464788732,0.3182644252612449,0.5479327578373466,2.4356444201155307,4.263090796467826,0.17656294072911694,-0.2684461190441814,-1.0156264318840642,-0.20032967453922879,0.1342770510653558,0.141653615906843,-0.370416584648287,0.8258939621126966,-1.1963105467609836,-0.8280153864493052,1.3241937245505553,-1.2734578719155822,-0.27144115024260246,1447,1625,1623,False,right,left,True,0,0.0,none
234399__283145,T. Adarabioyo + A. Webster,283145,T. Adarabioyo,234399,A. Webster,1.0,0.9727575982209045,0.38750926612305414,0.6237954040029652,2.5617150534493836,4.139996495122379,0.17656294072911694,-2.578248914431283,0.0245497631528307,0.8248410480729905,0.3039151841849492,0.0298783915225391,-0.018032853872131466,0.25028029677211877,-0.26831315064425026,-0.04030996744353069,-1.150340680429636,0.46841897332262444,-0.2715733931861313,1448,1610,1651,False,right,left,True,0,0.0,none
234399__583655,C. Okoli + A. Webster,583655,C. Okoli,234399,A. Webster,1.0,0.9786453839516824,0.34490940465918896,0.5962036238136325,2.5168977700662536,4.29527114462824,0.17656294072911694,-1.9050051458254496,-0.6153731719725971,0.4519792160047692,0.24360994034221478,0.17087483571214385,-0.2442000128765418,0.6181046470017902,-0.862304659878332,-0.5458755801252432,0.43091783450548804,-0.6465195604842021,-0.2729663518078156,1449,1631,1651,False,left,left,False,0,0.0,none
15806__604320,J. Branthwaite + J. Vestergaard,604320,J. Branthwaite,15806,J. Vestergaard,1.0,0.9954954954954955,0.37077702702702703,0.5861486486486487,2.0856336349967375,3.525495758744929,0.17656294072911694,0.02173490822983895,-0.226797147039177,0.3161011959679981,-0.3366904898213571,-0.5281162267673185,-0.09964417352415215,0.380825891668752,-0.48047006519290414,-0.22274086060796375,-0.589131686547967,0.07019456175003536,-0.27407102391836485,1450,1623,1631,False,left,left,False,0,0.0,none
285382__568412,W. Faes + J. Gvardiol,285382,W. Faes,568412,J. Gvardiol,1.0,1.0,0.3607945294692283,0.5818951481602084,1.7616047006960822,3.0022184407530705,0.17656294072911694,0.53680623164123,-0.37675137030555,0.2586214692544583,-0.7726973697577204,-1.0032758320004982,-0.22503395718272398,0.5847690497102659,-0.8098030068929899,-0.5030324956907437,0.28760976630729135,-0.5479725019961251,-0.2748278183524095,1451,1631,1625,False,right,left,True,0,0.0,none
7919__518805,L. Woolfenden + M. Keane,518805,L. Woolfenden,7919,M. Keane,1.0,1.0,0.33218125960061445,0.5011520737327189,2.278195035745843,4.246244678287413,0.17656294072911694,0.53680623164123,-0.8065717267259767,-0.8325009755921333,-0.07758370444122364,0.1263565743782034,-0.376465280463847,0.8319426579282566,-1.2084079383921036,-0.8415364149637027,1.3501967658299991,-1.2961650114595122,-0.27494218002475407,1452,1634,1623,False,right,left,True,0,0.0,none
349142__604320,J. Branthwaite + N. Mazraoui,604320,J. Branthwaite,349142,N. Mazraoui,1.0,0.9954954954954955,0.384870164281929,0.5506094329623741,2.082791573820955,3.753159817141807,0.17656294072911694,0.02173490822983895,-0.015094069907524382,-0.16415839511757585,-0.34051471073087425,-0.32138690677923665,-0.10150071588280792,0.38268243402740776,-0.4841831499102157,-0.22689090599543332,-0.5811505036514865,0.06322499877436585,-0.27514560433828944,1453,1623,1611,False,left,right,True,0,0.0,none
286380__627012,Murillo + I. Diop,627012,Murillo,286380,I. Diop,1.0,1.0,0.3738562091503268,0.5836601307189543,1.5702035691928924,2.705011767915033,0.17656294072911694,0.53680623164123,-0.18054255384527373,0.28247258092273997,-1.0302429199509724,-1.2731530089443421,-0.21721019931134314,0.571201798709944,-0.7884119980212873,-0.48554355981194575,0.22928483171520833,-0.5078209851860317,-0.27555052742861674,1454,1642,1616,False,left,right,True,0,0.0,none
364003__415917,Gabriel Magalhaes + S. Bueno,415917,Gabriel Magalhaes,364003,S. Bueno,1.0,1.0,0.35904761904761906,0.5704761904761905,2.2579685164487415,3.9521417702427923,0.17656294072911694,0.53680623164123,-0.40299295903338195,0.10431125609835068,-0.10480010593245315,-0.1407022429630561,-0.07863860739115244,0.3441097166713253,-0.42274832406247775,-0.17578580330210114,-0.7469726895002663,0.1785398704358757,-0.27627673441395534,1455,1609,1629,False,left,center,False,0,0.0,none
415917__583655,Gabriel Magalhaes + C. Okoli,415917,Gabriel Magalhaes,583655,C. Okoli,1.0,0.9918032786885246,0.3332552693208431,0.5779078844652615,2.51220953312961,4.395265747758893,0.17656294072911694,-0.4004547011237593,-0.7904382598811388,0.2047395364456518,0.23730154210129878,0.2616744834617318,-0.1963319800473645,0.5343548478937098,-0.7306868279410742,-0.43887316893662565,0.07088163004793044,-0.3994692402663594,-0.2780659435072056,1456,1609,1631,False,left,left,False,0,0.0,none
447424__604320,C. Bassey + J. Branthwaite,447424,C. Bassey,604320,J. Branthwaite,1.0,0.9954954954954955,0.38192898781134077,0.5800211976682565,1.945559912764803,3.296728680106894,0.17656294072911694,0.02173490822983895,-0.059275581656738754,0.23329781819462359,-0.5251709004465113,-0.735847139303619,-0.10661745404237684,0.3877991721869767,-0.49441662622935356,-0.23832867120397058,-0.55915390179938,0.044016479956111056,-0.27810721015057704,1457,1616,1623,False,left,left,False,0,0.0,none
399581__501419,D. O'Shea + J. Todibo,399581,D. O'Shea,501419,J. Todibo,1.0,1.0,0.3382642998027613,0.5327000934288384,2.4330238222086917,4.384399497678666,0.17656294072911694,0.53680623164123,-0.7151940365908639,-0.40617645643091016,0.1307508267193891,0.25180743415353746,-0.21542291943268757,0.5651465152041483,-0.7805694346368358,-0.4815483411831059,0.20325347028438656,-0.4931002762445483,-0.2784181847551467,1458,1634,1633,False,right,right,False,0,0.0,none
415847__625787,C. Romero + M. van de Ven,415847,C. Romero,625787,M. van de Ven,1.0,0.9805194805194806,0.3797289666854884,0.5249858836815358,2.3358285212998755,4.463863958431743,0.17656294072911694,-1.6907100111638727,-0.09232366979166279,-0.5104225166561138,-3.323423242654333e-05,0.32396477884105696,-0.2534210020525386,0.6267810367345588,-0.8802020387870975,-0.5664878346312271,0.4682172007254496,-0.6801134369779154,-0.27880144449356176,1459,1624,1624,True,right,left,True,11,859.0,high
412027__604320,J. Branthwaite + E. Konsa,604320,J. Branthwaite,412027,E. Konsa,1.0,0.9954954954954955,0.38813813813813813,0.5838338338338338,1.7915014094156394,2.991139872636701,0.17656294072911694,0.02173490822983895,0.03399649870271423,0.28481991992027933,-0.7324689539919681,-1.0133356757424836,-0.12251136724714215,0.41158737953311825,-0.5340987467802604,-0.27385733063732554,-0.45688958624321463,-0.03046796067574707,-0.2800891333267766,1460,1623,1614,False,left,right,True,0,0.0,none
15806__619747,L. Colwill + J. Vestergaard,619747,L. Colwill,15806,J. Vestergaard,0.9964285714285714,0.9857142857142858,0.3985119047619048,0.5708333333333333,2.03810888252149,3.5472779369627507,-2.8384737166366527,-1.0967056797491785,0.1898282539730429,0.10913751011714104,-0.4006388501466549,-0.5083370182153055,-0.41618007806811874,0.8909854361937428,-1.3071655142618614,-0.9303133889139407,1.6040187213895778,-1.4815357198464436,-0.28025822200938577,1461,1610,1631,False,left,left,False,0,0.0,none
349142__619747,L. Colwill + N. Mazraoui,619747,L. Colwill,349142,N. Mazraoui,0.9964285714285714,0.9857142857142858,0.4126050420168067,0.5352941176470588,2.035266821345708,3.7749419953596286,-2.8384737166366527,-1.0967056797491785,0.4015313311046955,-0.37112208096843297,-0.4044630710561721,-0.30160769822722366,-0.41803662042677453,0.8928419785523987,-1.3108785989791731,-0.9344634343014103,1.6119999042860587,-1.4885052828221133,-0.28133280242931025,1462,1610,1611,False,left,right,True,0,0.0,none
288080__415917,Gabriel Magalhaes + C. Burgess,415917,Gabriel Magalhaes,288080,C. Burgess,1.0,1.0,0.34513457556935817,0.5846790890269151,2.3417343810255753,4.006294631990351,0.17656294072911694,0.53680623164123,-0.6119907189601014,0.29624228548331405,0.007913572980643963,-0.09152898143327338,-0.09157723949856869,0.358959414365913,-0.4505366538644816,-0.20470833784444648,-0.6831345806063948,0.12638040484631435,-0.2820184621348788,1463,1609,1634,False,left,left,False,0,0.0,none
397074__424241,N. Milenković + M. Guéhi,424241,N. Milenković,397074,M. Guéhi,0.9967741935483871,0.9903225806451612,0.3741935483870968,0.5806451612903225,2.5655239274302932,4.443870445049294,-2.5466959756012724,-0.5697663534942107,-0.17547514031131312,0.2417297576226356,0.30904032914791824,0.3058097593143425,-0.24777955519035882,0.6132616570922952,-0.8610412122826541,-0.5538771552034787,0.41009806271128185,-0.6441480343125849,-0.28273876565087175,1464,1642,1628,False,right,left,True,0,0.0,none
447424__619747,L. Colwill + C. Bassey,619747,L. Colwill,447424,C. Bassey,0.9964285714285714,0.9857142857142858,0.4096638655462185,0.5647058823529412,1.8980351602895555,3.3185108583247156,-2.8384737166366527,-1.0967056797491785,0.35734981935548116,0.02633413234376647,-0.5891192607718091,-0.716067930751606,-0.42315335858634345,0.8979587167119676,-1.321112075298311,-0.9459011995099476,1.6339965061381652,-1.5077138016403682,-0.2842944082415979,1465,1610,1616,False,left,left,False,0,0.0,none
412027__627012,Murillo + E. Konsa,627012,Murillo,412027,E. Konsa,1.0,1.0,0.4238562091503268,0.5744008714596951,1.277748999367485,2.212357610591117,0.17656294072911694,0.53680623164123,0.5705431458913736,0.15734747673186258,-1.423763963952534,-1.72050539144176,-0.08311862009166815,0.34007156786493775,-0.4231901879566058,-0.1858002562214744,-0.7643324895806262,0.17771047965401668,-0.2866577790541217,1466,1642,1614,False,left,right,True,0,0.0,none
285382__399581,W. Faes + D. O'Shea,285382,W. Faes,399581,D. O'Shea,1.0,1.0,0.31617594638910673,0.5669423255150781,2.4997481362079386,4.334852911545436,0.17656294072911694,0.53680623164123,-1.0469989641853665,0.056556332181136704,0.22053373461153492,0.20681688039121338,-0.2300397055607646,0.5797633013322253,-0.8098030068929899,-0.5142221584906608,0.2660903039838836,-0.5479725019961251,-0.28687848844939035,1467,1631,1634,False,right,right,False,0,0.0,none
364003__604320,J. Branthwaite + S. Bueno,604320,J. Branthwaite,364003,S. Bueno,1.0,0.9954954954954955,0.36702702702702705,0.561981981981982,2.2116243471480908,3.9324737569298334,0.17656294072911694,0.02173490822983895,-0.2831285745194256,-0.010475325970192018,-0.167159897053053,-0.15856169362178335,-0.12229043530007805,0.4034721534446779,-0.5257625887447559,-0.27336346762171304,-0.4917765379769903,-0.014820760887198199,-0.2871788473813932,1468,1623,1629,False,left,center,False,0,0.0,none
399581__549884,T. Harwood-Bellis + D. O'Shea,549884,T. Harwood-Bellis,399581,D. O'Shea,1.0,1.0,0.3098090152499158,0.5397604271900707,2.7370884929024464,4.968174267592872,0.17656294072911694,0.53680623164123,-1.1426411827824514,-0.3107665567012807,0.5398941911976078,0.7819014773695293,-0.23156653166048533,0.581290127431946,-0.8128566590924313,-0.5176351684783252,0.2726540531470398,-0.5537042918501439,-0.28776222666507945,1469,1619,1634,False,right,right,False,0,0.0,none
15806__625787,J. Vestergaard + M. van de Ven,15806,J. Vestergaard,625787,M. van de Ven,1.0,1.0,0.3944746376811594,0.542572463768116,1.9388916613864606,3.5727182500742964,0.17656294072911694,0.53680623164123,0.129181582565736,-0.27276606876110276,-0.5341435666819428,-0.4852360567949241,-0.0666478832989621,0.3108079172116638,-0.3774558005106259,-0.14898218690239487,-0.8901354625069235,0.2635551930731095,-0.2888206935886526,1470,1631,1624,False,left,left,False,0,0.0,none
288080__604320,J. Branthwaite + C. Burgess,604320,J. Branthwaite,288080,C. Burgess,1.0,0.9954954954954955,0.3531139835487661,0.5761848805327066,2.295390211724924,3.9866266186773918,0.17656294072911694,0.02173490822983895,-0.49212633444614506,0.18145570341477135,-0.054446218139955885,-0.10938843209200064,-0.13522906740749435,0.4218937412710111,-0.5571228086785054,-0.30228600216405854,-0.41258305176318716,-0.07368476330009342,-0.2896548692710041,1471,1623,1634,False,left,left,False,0,0.0,none
349142__625787,M. van de Ven + N. Mazraoui,625787,M. van de Ven,349142,N. Mazraoui,1.0,1.0,0.40856777493606133,0.5070332480818414,1.9360496002106782,3.8003823084711743,0.17656294072911694,0.53680623164123,0.3408846596973886,-0.7530256598466768,-0.53796778759146,-0.2785067368068423,-0.06850442565761791,0.3126644595703195,-0.38116888522793746,-0.15313223228986458,-0.882154279610443,0.25658563009744,-0.2898952740085772,1472,1624,1611,False,left,right,True,0,0.0,none
50102__415917,F. Schär + Gabriel Magalhaes,50102,F. Schär,415917,Gabriel Magalhaes,1.0,1.0,0.3395604395604396,0.565068265068265,2.348198293592537,4.182945257845562,0.17656294072911694,0.53680623164123,-0.6957237958538186,0.031231195245049137,0.016611284981534247,0.06887782153627955,-0.15654069736193388,0.45600423282318875,-0.6125449301851226,-0.3499252230951224,-0.2659437518315087,-0.17771362218517942,-0.2902884615340497,1473,1613,1609,False,right,left,True,0,0.0,none
366217__488453,L. Martínez + K. Danso,488453,L. Martínez,366217,K. Danso,1.0,1.0,0.3601371951219512,0.5114329268292683,1.6524183392141958,3.041612538149968,0.17656294072911694,0.53680623164123,-0.3866256588692603,-0.6935705515854338,-0.9196163629768545,-0.9675041997817325,-0.4373890481089946,0.9141059901740749,-1.3514950382830695,-0.9777231277118462,1.7034128284642978,-1.5647434656613468,-0.2907864084489032,1474,1611,1624,False,left,right,True,0,0.0,none
9433__285382,J. Tarkowski + W. Faes,9433,J. Tarkowski,285382,W. Faes,1.0,0.9970588235294118,0.3092841956059532,0.6004961020552799,2.4388798463868766,3.935065583883365,0.17656294072911694,0.20049495576673537,-1.150524873372875,0.5099856690248763,0.13863057621235653,-0.15620819686255238,-0.2578070154803475,0.6192582465875415,-0.8770652620678888,-0.5762921650902625,0.43587710152154,-0.6742256200953081,-0.2922280761077308,1475,1623,1631,False,right,right,False,0,0.0,none
9433__504375,M. Lacroix + J. Tarkowski,504375,M. Lacroix,9433,J. Tarkowski,1.0,0.9935376967688484,0.3161143330571665,0.5899751449875725,2.79318093333307,4.668117938390452,0.17656294072911694,-0.2021312195759703,-1.0479245020360346,0.3678105973021348,0.6153710617831214,0.5094366828344118,-0.15251895658596107,0.4467079325182561,-0.5992268891042172,-0.34093517410479984,-0.305908082646992,-0.1527152897762357,-0.2927830698017447,1476,1628,1623,False,center,right,False,0,0.0,none
447424__625787,C. Bassey + M. van de Ven,447424,C. Bassey,625787,M. van de Ven,1.0,1.0,0.4056265984654731,0.5364450127877238,1.798817939154526,3.3439511714362613,0.17656294072911694,0.53680623164123,0.29670314794817426,-0.3555694465344773,-0.722623977307097,-0.6929669693312247,-0.07362116381718681,0.31778119772988844,-0.3914023615470753,-0.1645699974984018,-0.8601576777583366,0.23737711127918518,-0.29285687982086483,1477,1616,1624,False,left,left,False,0,0.0,none
9433__549884,J. Tarkowski + T. Harwood-Bellis,9433,J. Tarkowski,549884,T. Harwood-Bellis,1.0,0.9970588235294118,0.3029172644667623,0.5733142037302725,2.6762202030813844,4.568386939930801,0.17656294072911694,0.20049495576673537,-1.24616709196996,0.14266278014245892,0.45799103279842945,0.41887640011576355,-0.25933384158006817,0.620785072687262,-0.8801189142673302,-0.5797051750779267,0.44244085068469574,-0.6799574099493267,-0.29311181432342004,1478,1623,1619,False,right,right,False,0,0.0,none
364003__619747,L. Colwill + S. Bueno,619747,L. Colwill,364003,S. Bueno,0.9964285714285714,0.9857142857142858,0.39476190476190476,0.5466666666666666,2.164099594672843,3.954255935147655,-2.8384737166366527,-1.0967056797491785,0.13349682649279432,-0.21743901182104913,-0.2311082573783508,-0.1387824850697704,-0.4388263398440446,0.9136316979696688,-1.3524580378137134,-0.9809359959276899,1.7013738699605547,-1.5665510424836777,-0.29336604547241407,1479,1610,1629,False,left,center,False,0,0.0,none
412027__619747,L. Colwill + E. Konsa,619747,L. Colwill,412027,E. Konsa,0.9964285714285714,0.9857142857142858,0.41587301587301584,0.5685185185185185,1.743976656940392,3.012922050854523,-2.8384737166366527,-1.0967056797491785,0.45062189971493416,0.07785623406942224,-0.7964173143172659,-0.9935564671904705,-0.4390472717911087,0.9138526299167329,-1.3528999017078416,-0.9814298589433024,1.7023236453691108,-1.5673804332655368,-0.29349392251402534,1480,1610,1614,False,left,right,True,0,0.0,none
297957__413002,K. Mavropanos + M. Akanji,413002,K. Mavropanos,297957,M. Akanji,1.0,0.9929577464788732,0.34309226143377114,0.5511948093052699,2.005143106721693,3.5760190392997533,0.17656294072911694,-0.2684461190441814,-0.6426697777922896,-0.15624790532084032,-0.4449969414454238,-0.4822387900466828,-0.38034574134445764,0.8159648054165257,-1.1963105467609836,-0.8502106521572428,1.281508775709779,-1.2734578719155822,-0.2953442677488042,1481,1633,1625,False,right,right,False,0,0.0,none
346131__545267,T. Chalobah + R. Drăgușin,346131,T. Chalobah,545267,R. Drăgușin,1.0,1.0,0.4074074074074074,0.5432098765432098,2.1002443688907775,3.865031722421225,0.17656294072911694,0.53680623164123,0.32345395055317355,-0.2641523840523104,-0.31703057731240164,-0.2198021284570102,0.062180523677622085,0.09184806230372049,-0.029667538626098416,0.13899601820321777,-1.8314329453569727,0.9163634045587541,-0.29665919359373205,1482,1628,1624,False,right,right,False,0,0.0,none
50102__604320,F. Schär + J. Branthwaite,50102,F. Schär,604320,J. Branthwaite,1.0,0.9954954954954955,0.34753984753984757,0.5565740565740566,2.3018541242918857,4.163277244532603,0.17656294072911694,0.02173490822983895,-0.5758594113398623,-0.08355538682349356,-0.0457485061390656,0.05101837087755229,-0.2001925252708595,0.5189385597282868,-0.7191310849991464,-0.44750288741473443,0.004607777011698833,-0.3777787903315872,-0.297924868670175,1483,1613,1623,False,right,left,True,0,0.0,none
415847__415917,Gabriel Magalhaes + C. Romero,415917,Gabriel Magalhaes,415847,C. Romero,1.0,0.9805194805194806,0.34805194805194806,0.577056277056277,2.5289146642108036,4.436309480415335,0.17656294072911694,-1.6907100111638727,-0.5681667839105321,0.19323133014152977,0.25977963374875906,0.29894405952738984,-0.24276546436880303,0.5882422474282799,-0.8310077117970829,-0.5426688440171841,0.3025408698686343,-0.5877743210929347,-0.2981270252665887,1484,1609,1624,False,left,right,True,0,0.0,none
413002__518805,K. Mavropanos + L. Woolfenden,413002,K. Mavropanos,518805,L. Woolfenden,1.0,1.0,0.3570090957731407,0.5044141252006421,1.8476937223520056,3.55917292111934,0.17656294072911694,0.53680623164123,-0.43361507263420207,-0.7884192063737449,-0.6568576969520032,-0.4975358315753224,-0.38639443716001776,0.8220135012320857,-1.2084079383921036,-0.8637316806716405,1.3075118169892228,-1.2961650114595122,-0.29884529753095584,1485,1633,1634,False,right,right,False,0,0.0,none
518805__777938,Dean Huijsen + L. Woolfenden,777938,Dean Huijsen,518805,L. Woolfenden,1.0,0.9960629921259843,0.36736032995875517,0.4699100112485939,1.9273452536164402,3.9277022412615636,0.17656294072911694,0.08662578362025217,-0.27812179320539937,-1.2546909385262504,-0.5496801829941407,-0.16289444687392077,-0.4207034150287161,0.877740612967583,-1.298444027996299,-0.9404246872647576,1.5470798876987182,-1.46516524828519,-0.2991214269798014,1486,1659,1634,False,left,right,True,0,0.0,none
288080__619747,L. Colwill + C. Burgess,619747,L. Colwill,288080,C. Burgess,0.9964285714285714,0.9857142857142858,0.38084886128364387,0.5608695652173913,2.2478654592496765,4.008408796895214,-2.8384737166366527,-1.0967056797491785,-0.07550093343392517,-0.025507982436085763,-0.1183945784652537,-0.08960922353998767,-0.4517649719514609,0.9280974440855994,-1.37986241603706,-1.0098585304700354,1.763561390189768,-1.6179898203133871,-0.2994588122407647,1487,1610,1634,False,left,left,False,0,0.0,none
9097__239411,L. Dunk + T. Mings,9097,L. Dunk,239411,T. Mings,1.0,0.9918032786885246,0.3431931575196009,0.5694939415538132,2.511982160270266,4.407385844150796,0.17656294072911694,-0.4004547011237593,-0.641154145647768,0.09103762423293665,0.23699559371061307,0.27268008225027784,-0.16576825488797595,0.4583864558370146,-0.6241547107249904,-0.3705521602452603,-0.25570269404744833,-0.19950550218971025,-0.30188798877480666,1488,1651,1614,False,left,left,False,0,0.0,none
364003__625787,S. Bueno + M. van de Ven,364003,S. Bueno,625787,M. van de Ven,1.0,1.0,0.3907246376811594,0.5184057971014493,2.064882373537814,3.9796962482592004,0.17656294072911694,0.53680623164123,0.07285015508548742,-0.599342590699293,-0.3646129739136388,-0.11568152364938902,-0.08929414507488803,0.3334541789875897,-0.42274832406247775,-0.1996047939161443,-0.7927803139359466,0.1785398704358757,-0.301928517051681,1489,1629,1624,False,center,left,False,0,0.0,none
412027__625787,E. Konsa + M. van de Ven,412027,E. Konsa,625787,M. van de Ven,1.0,1.0,0.41183574879227053,0.5402576489533011,1.6447594358053625,3.038362363966068,0.17656294072911694,0.53680623164123,0.38997522830762726,-0.30404734480882156,-0.9299220308525539,-0.9704555057700892,-0.08951507702195208,0.3336751109346538,-0.4231901879566058,-0.20009865693175666,-0.7918305385273905,0.17771047965401668,-0.30205639409329216,1490,1614,1624,False,right,left,True,0,0.0,none
557788__769441,L. Yoro + W. Fofana,769441,L. Yoro,557788,W. Fofana,1.0,0.9861111111111112,0.38888888888888884,0.5555555555555556,1.7876014822777293,3.1910271279454614,0.17656294072911694,-1.051330348877223,0.045274061761822804,-0.09731891179780625,-0.7377166182693862,-0.8318289563453088,-0.28493498993267274,0.6520558565979508,-0.9369908465306235,-0.636933025085927,0.5768723892617309,-0.786707603826945,-0.30274631652983325,1491,1611,1610,False,right,right,False,0,0.0,none
557788__590703,I. Zabarnyi + W. Fofana,590703,I. Zabarnyi,557788,W. Fofana,1.0,0.9861111111111112,0.375886524822695,0.571808510638298,2.227092647514497,3.8983334071090257,0.17656294072911694,-1.051330348877223,-0.15004373249593397,0.12231557960107475,-0.14634606018002377,-0.18956268408250512,-0.15643710870342661,0.44054343566632315,-0.5969805443697498,-0.3496936648802355,-0.3324089467994692,-0.14849883842005182,-0.3042692841639689,1492,1659,1610,False,right,right,False,0,0.0,none
283145__545267,T. Adarabioyo + R. Drăgușin,283145,T. Adarabioyo,545267,R. Drăgușin,1.0,0.9859154929577465,0.3938445487741262,0.5409494001043297,2.257633032858389,4.160021600963735,0.17656294072911694,-1.0736984697295928,0.11971656721302945,-0.2946993578453881,-0.10525152596941756,0.0480620984388776,-0.11773414499608978,0.3766505022422741,-0.49438464723836395,-0.2631785065989385,-0.6070814772012115,0.0440765054089539,-0.3048983953780419,1493,1610,1624,False,right,right,False,0,0.0,none
50102__619747,L. Colwill + F. Schär,619747,L. Colwill,50102,F. Schär,0.9964285714285714,0.9857142857142858,0.3752747252747253,0.5412587412587413,2.2543293718166386,4.185059422750424,-2.8384737166366527,-1.0967056797491785,-0.1592340103276424,-0.2905190726743507,-0.10969686646436341,0.07079757942956527,-0.5167284298148261,1.025142262542875,-1.5418706923577012,-1.1550754157207115,2.1807522189646535,-1.9220838473448814,-0.30772881163993604,1494,1610,1613,False,left,right,True,0,0.0,none
583655__590703,I. Zabarnyi + C. Okoli,590703,I. Zabarnyi,583655,C. Okoli,1.0,0.9918032786885246,0.3567608417625857,0.5342402046273689,2.359226362316485,4.43364435425554,0.17656294072911694,-0.4004547011237593,-0.43734427337880444,-0.3853641464192894,0.031450434597694005,0.29652400375496535,-0.21816253544075306,0.53682090365691,-0.754983439097663,-0.48767237639550054,0.08148308063550132,-0.4450746531355293,-0.3084061946342057,1495,1659,1631,False,right,left,True,0,0.0,none
415917__557788,Gabriel Magalhaes + W. Fofana,415917,Gabriel Magalhaes,557788,W. Fofana,1.0,0.9861111111111112,0.35238095238095235,0.6154761904761905,2.3800758183276227,3.859954800612379,0.17656294072911694,-1.051330348877223,-0.5031377189982684,0.712419262466016,0.059505047323581015,-0.2244122043757387,-0.13460655331003807,0.40007766259021094,-0.534684215900249,-0.30089445742136073,-0.5063692846620419,-0.03156690244862012,-0.30867139459901693,1496,1609,1610,False,left,right,True,0,0.0,none
412968__545267,R. Drăgușin + M. Senesi,545267,R. Drăgușin,412968,M. Senesi,1.0,1.0,0.3806267806267806,0.5131054131054131,2.3051547497720324,4.499557997117403,0.17656294072911694,0.53680623164123,-0.07883696554508723,-0.6709693894729072,-0.04130725023535109,0.35637658945830963,-0.06100832718779897,0.27952287707171797,-0.3405312042595169,-0.13637573398878913,-1.0246282879016733,0.3328636841300021,-0.3090036165388961,1497,1624,1659,False,right,left,True,0,0.0,none
545267__558243,S. van den Berg + R. Drăgușin,558243,S. van den Berg,545267,R. Drăgușin,1.0,1.0,0.35566448801742917,0.49455337690631807,2.3685209396482643,4.837763666050115,0.17656294072911694,0.53680623164123,-0.4538133857756007,-0.9216725394082943,0.043957032724502965,0.6634827196349508,-0.19889044879391385,0.5044055096011173,-0.7032959583950312,-0.4445922743322548,-0.057869079801115976,-0.34805581859853507,-0.3092680248261692,1498,1669,1624,False,left,right,True,0,0.0,none
288080__625787,C. Burgess + M. van de Ven,288080,C. Burgess,625787,M. van de Ven,1.0,1.0,0.37681159420289856,0.5326086956521738,2.1486482381146472,4.033849110006759,0.17656294072911694,0.53680623164123,-0.13614760484123206,-0.40741156131432954,-0.25189929500054165,-0.0665082621196063,-0.10223277718230431,0.346392811095006,-0.44862558827731025,-0.22852732845848972,-0.737157780575417,0.1299675279459643,-0.30941749281267705,1499,1634,1624,False,left,left,False,0,0.0,none
9433__583655,J. Tarkowski + C. Okoli,9433,J. Tarkowski,583655,C. Okoli,1.0,0.9888621022179364,0.3122468659594986,0.5835101253616201,2.9431866072469353,5.015449727858827,0.17656294072911694,-0.7367659769982539,-1.1060204866612429,0.2804454818384514,0.8172157087653273,0.8248297455455587,-0.18197304672130343,0.4761620226535984,-0.6581350693749017,-0.4067757461436712,-0.17928641989656416,-0.2632875776274789,-0.30983131456630064,1500,1623,1631,False,right,left,True,0,0.0,none
15806__424241,N. Milenković + J. Vestergaard,424241,N. Milenković,15806,J. Vestergaard,0.9967741935483871,0.9935483870967742,0.37385752688172047,0.5901881720430107,2.175946720359328,3.6418725315573455,-2.5466959756012724,-0.20090882511573044,-0.18052275926115618,0.37068934081291083,-0.21516700102750505,-0.42244082382787806,-0.3383247101874364,0.7313258849406594,-1.069650595128096,-0.7562784099345666,0.917650282888919,-1.0357136305076402,-0.3099868462021357,1501,1642,1631,False,right,left,True,0,0.0,none
349142__424241,N. Milenković + N. Mazraoui,424241,N. Milenković,349142,N. Mazraoui,0.9967741935483871,0.9935483870967742,0.3879506641366224,0.5546489563567363,2.1731046591835455,3.8695365899542233,-2.5466959756012724,-0.20090882511573044,0.03118031787049646,-0.1095702502726632,-0.21899122193702222,-0.21571150383979626,-0.3401812525460921,0.7331824272993153,-1.0733636798454076,-0.7604284553220361,0.9256314657854,-1.0426831934833098,-0.31106142662206004,1502,1642,1611,False,right,right,False,0,0.0,none
239411__619747,L. Colwill + T. Mings,619747,L. Colwill,239411,T. Mings,0.9964285714285714,0.9775175644028102,0.3689695550351288,0.5868852459016394,2.5987566607460035,4.4378330373001775,-2.8384737166366527,-2.0339666125141678,-0.2539484743549626,0.326055211234933,0.3537576331627989,0.30032751847556366,-0.4278185598703562,0.8749190950047496,-1.3027376548751057,-0.9563296160661702,1.534950322864343,-1.4732245049960193,-0.31232461217298607,1503,1610,1614,False,left,left,False,0,0.0,none
234399__400549,Pau Torres + A. Webster,400549,Pau Torres,234399,A. Webster,1.0,0.986842105263158,0.3560985797827903,0.5405179615705932,1.8538385012594318,3.297200215182648,0.17656294072911694,-0.9677442130604601,-0.447292583428877,-0.30052960732584844,-0.64858940484683,-0.7354189640077571,-0.4666067600262112,0.9372518925883674,-1.4038586526145787,-1.0430353087181847,1.8029159071908814,-1.6630314217684627,-0.3132491665555205,1504,1614,1651,False,left,left,False,0,0.0,none
297957__365443,M. de Ligt + M. Akanji,365443,M. de Ligt,297957,M. Akanji,1.0,0.9875814023928517,0.36665152203543844,0.5318037255792821,1.9225065384887257,3.565052661341627,0.17656294072911694,-0.8832086663416463,-0.288769303106664,-0.41828953345237024,-0.5561910616917144,-0.49219676002217894,-0.3880400705950344,0.808270476165949,-1.1963105467609836,-0.8674102681353822,1.2484312384651899,-1.2734578719155822,-0.3138673369112506,1505,1611,1625,False,right,right,False,0,0.0,none
424241__447424,N. Milenković + C. Bassey,424241,N. Milenković,447424,C. Bassey,0.9967741935483871,0.9935483870967742,0.38500948766603416,0.5840607210626185,2.0358729981273935,3.4131054529193103,-2.5466959756012724,-0.20090882511573044,-0.013001193878717912,0.28788596303953623,-0.40364741165265927,-0.6301717363641786,-0.34529799070566103,0.7382991654588842,-1.0835971561645454,-0.7718662205305734,0.9476280676375065,-1.0618917123015648,-0.3140230324343477,1506,1642,1616,False,right,left,True,0,0.0,none
7953__234399,C. Coady + A. Webster,7953,C. Coady,234399,A. Webster,1.0,0.986842105263158,0.35953058321479375,0.5583214793741109,1.7147421298108074,2.860318977629224,0.17656294072911694,-0.9677442130604601,-0.3957380094443793,-0.059941569151882756,-0.8357547117249867,-1.1321269986046207,-0.4681906509882537,0.9388357835504099,-1.4070264345386638,-1.0465758793658906,1.8097249753477191,-1.6689774362803762,-0.3141659343347048,1507,1631,1651,False,right,left,True,0,0.0,none
15806__590703,I. Zabarnyi + J. Vestergaard,590703,I. Zabarnyi,15806,J. Vestergaard,1.0,1.0,0.3863031914893617,0.5509751773049645,1.9789946334842627,3.583542378554535,0.17656294072911694,0.53680623164123,0.006432454949201083,-0.1592159048284003,-0.480181806204362,-0.47540725581535764,-0.07782290100861505,0.29963289950201083,-0.3774558005106259,-0.17396240374722652,-0.9381763056346445,0.2635551930731095,-0.3157230549493847,1508,1659,1631,False,right,left,True,0,0.0,none
7919__488453,L. Martínez + M. Keane,488453,L. Martínez,7919,M. Keane,1.0,1.0,0.3180443548387097,0.5413306451612903,2.084994570994577,3.510454754013332,0.17656294072911694,0.53680623164123,-1.0189322668300882,-0.2895473984781468,-0.33755040161368854,-0.5417741431815121,-0.44800883040933004,0.9034862078737396,-1.3514950382830695,-1.0014621920784408,1.6577589146364688,-1.5647434656613468,-0.31635211478054914,1509,1611,1623,False,left,left,False,0,0.0,none
349142__590703,I. Zabarnyi + N. Mazraoui,590703,I. Zabarnyi,349142,N. Mazraoui,1.0,1.0,0.4003963287442637,0.5154359616186901,1.9761525723084805,3.8112064369514127,0.17656294072911694,0.53680623164123,0.2181355320808537,-0.6394754959139743,-0.4840060271138792,-0.26867793582727584,-0.07967944336727084,0.30148944186066656,-0.38116888522793746,-0.17811244913469615,-0.930195122738164,0.25658563009744,-0.3167976353693092,1510,1659,1611,False,right,right,False,0,0.0,none
545267__769441,R. Drăgușin + L. Yoro,545267,R. Drăgușin,769441,L. Yoro,1.0,1.0,0.42592592592592593,0.5231481481481481,1.6958697238475517,3.2468745002340604,0.17656294072911694,0.53680623164123,0.6016338393445243,-0.5352567764658782,-0.8611490452856327,-0.78111700217195,-0.03242665129559741,0.22251005566162005,-0.2549367069572175,-0.07248532413653805,-1.2697235603024848,0.4935269290427332,-0.3184543443504678,1511,1624,1611,False,right,right,False,0,0.0,none
415917__504375,M. Lacroix + Gabriel Magalhaes,504375,M. Lacroix,415917,Gabriel Magalhaes,1.0,0.9964788732394366,0.3371227364185111,0.584372904091214,2.362203859215745,4.047933958290518,0.17656294072911694,0.13418005629852428,-0.7323422752559307,0.29210465190933516,0.03545689511909292,-0.053718579249415116,-0.1668778899120221,0.44182214521613805,-0.6087000351281602,-0.37303259689775425,-0.32691183829506715,-0.17049664754697563,-0.3186891794467924,1512,1628,1609,False,center,left,False,0,0.0,none
447424__590703,I. Zabarnyi + C. Bassey,590703,I. Zabarnyi,447424,C. Bassey,1.0,1.0,0.39745515227367545,0.5448477263245723,1.8389209112523281,3.3547752999164997,0.17656294072911694,0.53680623164123,0.17395402033163934,-0.24201928260177488,-0.6686622168295162,-0.6831381683516582,-0.08479618152683979,0.30660618002023554,-0.3914023615470753,-0.18955021434323346,-0.9081985208860573,0.23737711127918518,-0.31975924118159693,1513,1659,1616,False,right,left,True,0,0.0,none
50102__625787,F. Schär + M. van de Ven,50102,F. Schär,625787,M. van de Ven,1.0,1.0,0.3712374581939799,0.5129978716935238,2.1551121506816093,4.21049973586197,0.17656294072911694,0.53680623164123,-0.2198806817349493,-0.6724226515525945,-0.2432015829996514,0.09389854084994664,-0.1671962350456695,0.4403445512767198,-0.6075407863223892,-0.37374421370916566,-0.3332639408594101,-0.1683207053933744,-0.32051543019108075,1514,1613,1624,False,right,left,True,0,0.0,none
9097__545267,L. Dunk + R. Drăgușin,9097,L. Dunk,545267,R. Drăgușin,1.0,1.0,0.3993558776167472,0.5418679549114331,2.1077006376458094,3.887469144656459,0.17656294072911694,0.53680623164123,0.20250617281780395,-0.2822864571234522,-0.30699757059074917,-0.19942792853437985,0.019764357856525278,0.13409534089738243,-0.11433098304085715,0.04418050672334922,-1.6498140042309934,0.7574477717333905,-0.32136439356094526,1515,1651,1624,False,left,right,True,0,0.0,none
415847__590703,I. Zabarnyi + C. Romero,590703,I. Zabarnyi,415847,C. Romero,1.0,0.9805194805194806,0.37155752049369073,0.5333885972183845,2.375931493397678,4.474688086911981,0.17656294072911694,-1.6907100111638727,-0.2150727974081977,-0.39687235272341137,0.05392852624515429,0.3337935798206234,-0.2645960197621916,0.5974517306857183,-0.8620477504479098,-0.5914680514760589,0.3421319785320059,-0.6460373343593784,-0.3223018990503033,1516,1659,1624,False,right,right,False,0,0.0,none
364003__424241,N. Milenković + S. Bueno,424241,N. Milenković,364003,S. Bueno,0.9967741935483871,0.9935483870967742,0.37010752688172044,0.5660215053763441,2.301937432510681,4.04885052974225,-2.5466959756012724,-0.20090882511573044,-0.23685418674140474,0.04411281887472063,-0.04563640825920098,-0.052886290682342955,-0.36097097196336225,0.7539721467165854,-1.1149431186799477,-0.8069010169483158,1.0150054314598962,-1.1207289531448736,-0.32309466966516387,1517,1642,1629,False,right,center,False,0,0.0,none
412027__424241,N. Milenković + E. Konsa,424241,N. Milenković,412027,E. Konsa,0.9967741935483871,0.9935483870967742,0.3912186379928315,0.587873357228196,1.8818144947782298,3.1075166454491177,-2.5466959756012724,-0.20090882511573044,0.08027088648073508,0.33940806476519203,-0.6109454651981161,-0.9076602728030431,-0.3611919039104263,0.7541930786636495,-1.1153849825740758,-0.8073948799639283,1.0159552068684523,-1.121558343926733,-0.3232225467067751,1518,1642,1614,False,right,right,False,0,0.0,none
258154__627012,Murillo + Rúben Dias,627012,Murillo,258154,Rúben Dias,1.0,0.9939024390243902,0.4062410329985653,0.5314921090387374,1.465318915362067,2.8207009375924823,0.17656294072911694,-0.16042446224492046,0.30593300777277144,-0.4225005670795216,-1.1713736210369197,-1.1681019809260662,-0.26832595409515925,0.6018870341002431,-0.8702129881954025,-0.5998058072519652,0.36119912644148766,-0.6613637120278275,-0.32381590809910177,1519,1642,1625,False,left,right,True,0,0.0,none
400549__590874,Toti + Pau Torres,590874,Toti,400549,Pau Torres,1.0,0.9943820224719101,0.4003031924380239,0.4849295523452827,1.4623959670528195,2.982312935787334,0.17656294072911694,-0.10558609306286465,0.21673646512599432,-1.0517242009070369,-1.175306682062105,-1.0213509358819048,-0.4058204885181904,0.8256065400968691,-1.2314270286150595,-0.9071559496951085,1.322958111656457,-1.3393724821114799,-0.3245650377729131,1520,1629,1614,False,left,left,False,0,0.0,none
7953__590874,Toti + C. Coady,590874,Toti,7953,C. Coady,1.0,0.9943820224719101,0.4037351958700274,0.5027330701488004,1.3232995956041949,2.5454316982339096,0.17656294072911694,-0.10558609306286465,0.268291039110492,-0.8111361627330713,-1.3624719889402617,-1.4180589704787685,-0.4074043794802329,0.8271904310589117,-1.2345948105391447,-0.9106965203428143,1.3297671798132955,-1.3453184966233933,-0.3254818055520972,1521,1629,1631,False,left,right,True,0,0.0,none
364003__590703,I. Zabarnyi + S. Bueno,590703,I. Zabarnyi,364003,S. Bueno,1.0,1.0,0.38255319148936173,0.5268085106382979,2.104985345635616,3.990520376739439,0.17656294072911694,0.53680623164123,-0.0498989725310475,-0.4857924267665905,-0.31065121343605795,-0.10585272266982254,-0.10046916278454099,0.32227916127793677,-0.42274832406247775,-0.22458501076097592,-0.8408211570636676,0.1785398704358757,-0.3288308784124131,1522,1659,1629,False,right,center,False,0,0.0,none
412027__590703,I. Zabarnyi + E. Konsa,590703,I. Zabarnyi,412027,E. Konsa,1.0,1.0,0.4036643026004728,0.5486603624901498,1.6848624079031647,3.0491864924463066,0.17656294072911694,0.53680623164123,0.2672261006910923,-0.1904971808761191,-0.875960270374973,-0.9606267047905227,-0.10069009473160506,0.32250009322500084,-0.4231901879566058,-0.22507887377658833,-0.8398713816551115,0.17771047965401668,-0.3289587554540243,1523,1659,1614,False,right,right,False,0,0.0,none
288080__424241,N. Milenković + C. Burgess,424241,N. Milenković,288080,C. Burgess,0.9967741935483871,0.9935483870967742,0.35619448340345955,0.5802244039270688,2.3857032970875145,4.103003391489809,-2.5466959756012724,-0.20090882511573044,-0.4458519466681242,0.236043848259684,0.06707727065389613,-0.003713029152560235,-0.37390960407077856,0.7669107788240017,-1.1408203828947803,-0.8358235514906613,1.0706279648204258,-1.1693012956347852,-0.33058364542616003,1524,1642,1634,False,right,left,True,0,0.0,none
288080__590703,I. Zabarnyi + C. Burgess,590703,I. Zabarnyi,288080,C. Burgess,1.0,1.0,0.3686401480111008,0.5410114091890226,2.188751210212449,4.044673238486998,0.17656294072911694,0.53680623164123,-0.258896732457767,-0.2938613973816271,-0.1979375345229608,-0.05667946114003982,-0.11340779489195726,0.33521779338535307,-0.44862558827731025,-0.2535075453033213,-0.785198623703138,0.1299675279459643,-0.33631985417340915,1525,1659,1634,False,right,left,True,0,0.0,none
9433__415847,J. Tarkowski + C. Romero,9433,J. Tarkowski,415847,C. Romero,1.0,0.9775783040488923,0.3270435446906035,0.5826585179526356,2.9598917383281287,5.056493460515268,0.17656294072911694,-2.0270212870383673,-0.883749010690636,0.2689372755343294,0.8396938004127876,0.8620993216112167,-0.22840653104274194,0.522595506975037,-0.7510020380177789,-0.5105714212242295,0.020328810621848752,-0.4376014529070837,-0.3367073580069769,1526,1623,1624,False,right,right,False,0,0.0,none
9097__534563,L. Dunk + C. Richards,9097,L. Dunk,534563,C. Richards,1.0,1.0,0.344690635451505,0.5518394648829431,2.4216367144775335,4.399459348906693,0.17656294072911694,0.53680623164123,-0.6186594604412794,-0.1475363449178917,0.11542856136652203,0.26548246404369386,-0.13083863229164372,0.3624307159287287,-0.4932693482203725,-0.29247178762886583,-0.6682116285215679,0.04616995259219562,-0.3374653918524641,1527,1651,1628,False,left,right,True,0,0.0,none
583655__769441,L. Yoro + C. Okoli,769441,L. Yoro,583655,C. Okoli,1.0,0.9918032786885246,0.3697632058287796,0.5179872495446266,1.9197351970797167,3.726338075091975,0.17656294072911694,-0.4004547011237593,-0.24202647912104763,-0.6049986378181704,-0.5599201234916683,-0.3457422685078384,-0.346660416669999,0.7141874443070334,-1.0608478609770324,-0.7749117366011916,0.8439729823847254,-1.0191906544123535,-0.33810210446764893,1528,1611,1631,False,right,left,True,0,0.0,none
413002__488453,K. Mavropanos + L. Martínez,413002,K. Mavropanos,488453,L. Martínez,1.0,1.0,0.34287219101123595,0.5445926966292135,1.6544932576007392,2.8233829968452593,0.17656294072911694,0.53680623164123,-0.6459756127383136,-0.24546562925975834,-0.9168243941244681,-1.165666549135038,-0.4579379871055007,0.8935570511775688,-1.3514950382830695,-1.0236574577863782,1.615073965795693,-1.5647434656613468,-0.3402552322867506,1529,1633,1611,False,right,left,True,0,0.0,none
488453__777938,Dean Huijsen + L. Martínez,777938,Dean Huijsen,488453,L. Martínez,1.0,0.9960629921259843,0.3532234251968504,0.5100885826771653,1.7341447888651738,3.191912316987483,0.17656294072911694,0.08662578362025217,-0.4904823333095109,-0.7117373614122637,-0.8096468801666055,-0.8310251644336363,-0.49224696497419906,0.9492841629130659,-1.441531127887265,-1.1003504643794952,1.8546420365051879,-1.7337437024870248,-0.3405313617355963,1530,1659,1611,False,left,left,False,0,0.0,none
9097__397074,M. Guéhi + L. Dunk,397074,M. Guéhi,9097,L. Dunk,1.0,0.9967741935483871,0.3730715287517532,0.543899018232819,2.340911589116718,4.318828657305318,0.17656294072911694,0.1679487032627498,-0.19232979836991942,-0.2548396600751305,0.00680644057658257,0.1922661287016293,-0.0635846180886609,0.24794679842035117,-0.31153141650901206,-0.1421346783619427,-1.1603722733244937,0.38729708988179234,-0.341719603201961,1531,1628,1651,False,left,left,False,0,0.0,none
234399__518805,L. Woolfenden + A. Webster,518805,L. Woolfenden,234399,A. Webster,1.0,0.986842105263158,0.35213032581453635,0.5206766917293233,1.8705910570176263,3.4995861472187215,0.17656294072911694,-0.9677442130604601,-0.506902559598452,-0.5686548305920144,-0.6260474994986092,-0.5516433324935587,-0.5193364473851427,0.9899815799472989,-1.5093180273324416,-1.1609052807047608,2.0295982001769626,-1.8609815924295423,-0.34376949878520013,1532,1634,1651,False,right,left,True,0,0.0,none
258154__590874,Toti + Rúben Dias,590874,Toti,258154,Rúben Dias,1.0,0.9882844614963003,0.41840230200054807,0.5121266100301453,1.6386611974409027,3.204269330425057,0.17656294072911694,-0.802816786949015,0.48861611253356885,-0.6841964558446333,-0.938127698930113,-0.819804434191798,-0.25114863466286413,0.5494048441856846,-0.8005534788485489,-0.5614082695137456,0.1355808126103889,-0.5306108813736826,-0.3461520672484926,1533,1629,1625,False,left,right,True,0,0.0,none
504375__625787,M. Lacroix + M. van de Ven,504375,M. Lacroix,625787,M. van de Ven,1.0,0.9964788732394366,0.3687997550520514,0.5323025107164727,2.1691177163048168,4.075488436306927,0.17656294072911694,0.13418005629852428,-0.25649916113706134,-0.41154919488830843,-0.2243559728620927,-0.028697859935748027,-0.17753342759575771,0.42616246366966903,-0.6036958912654268,-0.3968515875117975,-0.39423202732296875,-0.16110373075517062,-0.34891614810382343,1534,1628,1624,False,center,left,False,0,0.0,none
9097__283145,L. Dunk + T. Adarabioyo,9097,L. Dunk,283145,T. Adarabioyo,1.0,0.9859154929577465,0.385793018983466,0.5642988364972443,2.3763833942611043,4.211658070008513,0.17656294072911694,-1.0736984697295928,-0.0012312105223401676,0.02083351359247697,0.05453659504594975,0.09495036094012697,-0.06830224851346609,0.24752032163366605,-0.31582257014713216,-0.15268029305959213,-1.162205675735038,0.37924247551231316,-0.3491533541478449,1535,1651,1610,False,left,right,True,0,0.0,none
50102__590703,I. Zabarnyi + F. Schär,590703,I. Zabarnyi,50102,F. Schär,1.0,1.0,0.36306601200218225,0.5214005852303725,2.195215122779411,4.221323864342208,0.17656294072911694,0.53680623164123,-0.34262980935148424,-0.558872487619892,-0.18923982252207056,0.10372734182951311,-0.17837125275532248,0.4272037733711535,-0.605575026126476,-0.3987244305539973,-0.38975548891236944,-0.16463091899647225,-0.34921504575000395,1536,1659,1613,False,right,right,False,0,0.0,none
286380__625787,I. Diop + M. van de Ven,286380,I. Diop,625787,M. van de Ven,1.0,1.0,0.36183574879227054,0.5495169082125604,1.93721400563077,3.5310165212899842,0.17656294072911694,0.53680623164123,-0.36111047142902003,-0.17892224061794415,-0.5364009868509925,-0.5231031232726713,-0.22360665624162715,0.500408021682384,-0.7240146779240112,-0.4998419605222282,-0.07505408075578487,-0.38694542967021867,-0.3498262904218933,1537,1616,1624,False,right,left,True,0,0.0,none
234399__258154,Rúben Dias + A. Webster,258154,Rúben Dias,234399,A. Webster,1.0,0.9807445442875482,0.3741976893453145,0.5677150192554558,2.0301037316475155,3.5191566098203717,0.17656294072911694,-1.6649749069466107,-0.17541293602130248,0.06699813773655527,-0.4114104217148381,-0.5338724623176503,-0.31193490617088493,0.643133899955811,-0.9550688061266961,-0.6972876285368218,0.5385173431603609,-0.8206404352781118,-0.351216698375925,1538,1625,1651,False,right,left,True,0,0.0,none
518805__590874,Toti + L. Woolfenden,590874,Toti,518805,L. Woolfenden,1.0,0.9943820224719101,0.39633493846976997,0.4650882825040128,1.4791485228110137,3.184698867823407,0.17656294072911694,-0.10558609306286465,0.15712648895641934,-1.3198494241732028,-1.1527647767138842,-0.8375753043677064,-0.4585501758771219,0.8817306763055796,-1.3402808521827014,-1.0250259216816846,1.564232970751534,-1.5436941273893177,-0.35198189509324573,1539,1629,1634,False,left,right,True,0,0.0,none
415847__769441,C. Romero + L. Yoro,415847,C. Romero,769441,L. Yoro,1.0,0.9805194805194806,0.38455988455988455,0.5171356421356421,1.9364403281609102,3.767381807748417,0.17656294072911694,-1.6907100111638727,-0.01975500315044093,-0.6165068441222924,-0.537442031844208,-0.30847269244218034,-0.3930939009914376,0.7748182713358417,-1.1679121723272792,-0.8787074116817502,1.10462188028123,-1.2201533356362024,-0.35199780888374654,1540,1624,1611,False,right,right,False,0,0.0,none
50102__424241,N. Milenković + F. Schär,424241,N. Milenković,50102,F. Schär,0.9967741935483871,0.9935483870967742,0.35062034739454095,0.5606135799684187,2.3921672096544766,4.279654017345019,-2.5466959756012724,-0.20090882511573044,-0.5295850235618415,-0.028967241978580915,0.07577498265478641,0.1566937738169927,-0.4388730619341437,0.8483034724123062,-1.2871765343464499,-0.9810404367413372,1.4205310903466428,-1.4440158502646034,-0.3531640613195965,1541,1642,1613,False,right,right,False,0,0.0,none
286380__415917,Gabriel Magalhaes + I. Diop,415917,Gabriel Magalhaes,286380,I. Diop,1.0,1.0,0.33015873015873015,0.6015873015873017,2.1303001485416977,3.503462043273576,0.17656294072911694,0.53680623164123,-0.8369535855478893,0.5247316061796995,-0.2765881188698069,-0.5481238425863384,-0.21295111855789153,0.4784222278380645,-0.691373346395956,-0.47602296990818493,-0.1695699106681624,-0.3256767452704717,-0.3540178072086355,1542,1609,1616,False,left,right,True,0,0.0,none
534563__545267,C. Richards + R. Drăgușin,534563,C. Richards,545267,R. Drăgușin,1.0,1.0,0.35274216524216523,0.5284900284900285,2.3028863530748183,4.347822879861916,0.17656294072911694,0.53680623164123,-0.4977116827059098,-0.4630692163557568,-0.044359559648845276,0.2185942015424445,-0.18027052877426744,0.4242129531331893,-0.6044834819074567,-0.40297000116821224,-0.4026128757737021,-0.16258206022960556,-0.35478527536213783,1543,1628,1624,False,right,right,False,0,0.0,none
400549__568412,Pau Torres + J. Gvardiol,400549,Pau Torres,568412,J. Gvardiol,1.0,1.0,0.37494637494637495,0.5092235092235092,1.6028521927493196,3.0845316552829414,0.17656294072911694,0.53680623164123,-0.16416639505019764,-0.7234275412625844,-0.9863115823937945,-0.9285316893122881,-0.37160673557334933,0.7313418281008912,-1.1029485636742407,-0.830675805337094,0.91771882173866,-1.0982148407984325,-0.3596652243066355,1544,1614,1625,False,left,left,False,0,0.0,none
7953__568412,C. Coady + J. Gvardiol,7953,C. Coady,568412,J. Gvardiol,1.0,1.0,0.3783783783783784,0.527027027027027,1.4637558213006951,2.6476504177295173,0.17656294072911694,0.53680623164123,-0.11261182106569995,-0.4828395030886186,-1.1734768892719512,-1.3252397239091518,-0.3731906265353918,0.7329257190629337,-1.1061163455983258,-0.8342163759847998,0.9245278898954981,-1.1041608553103461,-0.36058199208581976,1545,1631,1625,False,right,left,True,0,0.0,none
346131__583655,T. Chalobah + C. Okoli,346131,T. Chalobah,583655,C. Okoli,1.0,0.9918032786885246,0.35124468731026104,0.5380489779396883,2.324109842122943,4.34449529727914,0.17656294072911694,-0.4004547011237593,-0.5202063679123984,-0.33389424540460255,-0.015801655518437208,0.2155726052071014,-0.2520532416967796,0.5332961041452956,-0.7853493458420752,-0.563430394261436,0.0663301435401206,-0.5020723021204202,-0.3622306144927659,1546,1628,1631,False,right,left,True,0,0.0,none
501419__627012,Murillo + J. Todibo,627012,Murillo,501419,J. Todibo,1.0,1.0,0.396078431372549,0.5427244582043343,1.3810818789214991,2.5659779145581183,0.17656294072911694,0.53680623164123,0.15327331270434724,-0.2707120902369296,-1.2847212994249833,-1.399402071542059,-0.2618082434317831,0.5491093053136684,-0.8109175487454515,-0.5852363604794227,0.13431030575683753,-0.5500645279586717,-0.36233799410439443,1547,1642,1633,False,left,right,True,0,0.0,none
286380__604320,J. Branthwaite + I. Diop,604320,J. Branthwaite,286380,I. Diop,1.0,0.9954954954954955,0.3381381381381381,0.5930930930930931,2.083955979241047,3.4837940299606167,0.17656294072911694,0.02173490822983895,-0.717089201033933,0.40994502411115674,-0.33894790999040675,-0.5659832932450657,-0.25660294646681714,0.537784664611417,-0.7943876110782343,-0.5736006342277968,0.08562624085511333,-0.5190373765935458,-0.36491992017607355,1548,1623,1616,False,left,right,True,0,0.0,none
283145__424241,N. Milenković + T. Adarabioyo,424241,N. Milenković,283145,T. Adarabioyo,0.9967741935483871,0.9794638800545207,0.3869150386188096,0.6010449795547479,2.60099573257468,4.336699857752489,-2.5466959756012724,-1.8114135264865534,0.015623447536266134,0.5174029312902431,0.35677048361728547,0.20849399155284018,-0.252497185615164,0.524744628289104,-0.7772418139042679,-0.5644227699011279,0.029567775838194636,-0.4868542398568929,-0.37071190017048417,1549,1642,1610,False,right,right,False,0,0.0,none
286380__619747,L. Colwill + I. Diop,619747,L. Colwill,286380,I. Diop,0.9964285714285714,0.9857142857142858,0.36587301587301585,0.5777777777777777,2.0364312267657994,3.5055762081784385,-2.8384737166366527,-1.0967056797491785,-0.30046380002171313,0.20298133826029963,-0.4028962703157046,-0.5462040846930527,-0.5731388510107838,1.047944209136408,-1.6210830601471917,-1.281173162533774,2.2787766487926584,-2.070767658190025,-0.3711071182670945,1550,1610,1616,False,left,right,True,0,0.0,none
399581__400549,D. O'Shea + Pau Torres,399581,D. O'Shea,400549,Pau Torres,1.0,1.0,0.3303277918662534,0.4942706865783789,2.340995628261176,4.417166126075307,0.17656294072911694,0.53680623164123,-0.8344139889300142,-0.9254926783359059,0.006919521975460863,0.28156102307942354,-0.3766124839513899,0.7263360797228505,-1.1029485636742407,-0.841865468137011,0.8961993594152519,-1.0982148407984325,-0.3717158944036165,1551,1634,1614,False,right,left,True,0,0.0,none
239411__424241,N. Milenković + T. Mings,424241,N. Milenković,239411,T. Mings,0.9967741935483871,0.9853516657852988,0.3443151771549445,0.6062400846113167,2.7365944985838415,4.532427631894772,-2.5466959756012724,-1.1381697578807197,-0.6242994875891617,0.5876070419307027,0.5392294822819488,0.38622371286299106,-0.34996319198967385,0.6823479253400417,-1.0323111173297155,-0.7822946370867961,0.7070964801994912,-0.9656263952821402,-0.3721436535399788,1552,1642,1614,False,right,left,True,0,0.0,none
7953__399581,D. O'Shea + C. Coady,399581,D. O'Shea,7953,C. Coady,1.0,1.0,0.33375979529825683,0.5120742043818967,2.2018992568125517,3.980284888521883,0.17656294072911694,0.53680623164123,-0.7828594149455166,-0.6849046401619402,-0.18024578490269583,-0.11514701151744011,-0.3781963749134325,0.7279199706848932,-1.1061163455983258,-0.8454060387847171,0.9030084275720908,-1.1041608553103461,-0.37263266218280056,1553,1634,1631,False,right,right,False,0,0.0,none
346131__415847,T. Chalobah + C. Romero,346131,T. Chalobah,415847,C. Romero,1.0,0.9805194805194806,0.36604136604136606,0.5371973705307038,2.340814973204136,4.385539029935582,0.17656294072911694,-1.6907100111638727,-0.2979348919417917,-0.3454024517087246,0.006676436129023078,0.2528421812727595,-0.2984867260182182,0.5939269311741039,-0.892413657192322,-0.6672260693419945,0.32697904143662515,-0.7030349833442693,-0.3761263189088636,1554,1628,1624,False,right,right,False,0,0.0,none
9433__400549,J. Tarkowski + Pau Torres,9433,J. Tarkowski,400549,Pau Torres,1.0,0.9970588235294118,0.32343604108309987,0.5278244631185808,2.280127338440114,4.017378798413236,0.17656294072911694,0.20049495576673537,-0.9379398981175227,-0.4720633414921662,-0.07498363642371753,-0.08146405417434222,-0.40437979387097284,0.7658310249781667,-1.1702108188491396,-0.9039354747366127,1.0659861569529083,-1.2244679588976155,-0.377065482061957,1555,1623,1614,False,right,left,True,0,0.0,none
504375__590703,M. Lacroix + I. Zabarnyi,504375,M. Lacroix,590703,I. Zabarnyi,1.0,0.9964788732394366,0.3606283088602537,0.5407052242533213,2.2092206884026186,4.086312564787164,0.17656294072911694,0.13418005629852428,-0.3792482887535963,-0.297999030955606,-0.17039421238451186,-0.01886905895618155,-0.1887084453054107,0.4130216857641028,-0.6017301310695135,-0.4218318043566292,-0.4507235753759279,-0.15741394435826825,-0.37761576366274663,1556,1628,1659,False,center,right,False,0,0.0,none
297957__777938,Dean Huijsen + M. Akanji,777938,Dean Huijsen,297957,M. Akanji,1.0,0.9890207386048575,0.3534434956193856,0.5166906953532217,2.0847946379861275,3.944548359441977,0.17656294072911694,-0.7186265670651593,-0.4871764983634869,-0.6225196374733457,-0.33781942748756116,-0.14759740534528118,-0.4146547192131561,0.7816558275478273,-1.1963105467609836,-0.9269036587503601,1.1340161930144645,-1.2734578719155822,-0.37793854585395714,1557,1659,1625,False,left,right,True,0,0.0,none
7953__9433,J. Tarkowski + C. Coady,9433,J. Tarkowski,7953,C. Coady,1.0,0.9970588235294118,0.3268680445151033,0.5456279809220985,2.1410309669914893,3.5804975608598113,0.17656294072911694,0.20049495576673537,-0.886385324133025,-0.23147530331820054,-0.2621489433018742,-0.47817208877120587,-0.4059636848330153,0.7674149159402093,-1.1733786007732248,-0.9074760453843186,1.0727952251097468,-1.230413973409529,-0.3779822498411411,1558,1623,1631,False,right,right,False,0,0.0,none
285382__627012,Murillo + W. Faes,627012,Murillo,285382,W. Faes,1.0,1.0,0.3739900779588944,0.5769666902905741,1.447806192920746,2.516431328424888,0.17656294072911694,0.53680623164123,-0.17853161489015545,0.19202069837511726,-1.1949383915328375,-1.444392625304383,-0.27642502955986015,0.5547279806892808,-0.831153010249141,-0.6179101777869777,0.1584647106373076,-0.5880470503164736,-0.3790250857655913,1559,1642,1631,False,left,right,True,0,0.0,none
283145__412968,T. Adarabioyo + M. Senesi,283145,T. Adarabioyo,412968,M. Senesi,1.0,0.9859154929577465,0.36706392199349946,0.5355362946912243,2.573837506387328,4.823746922469457,0.17656294072911694,-1.0736984697295928,-0.28257434888523136,-0.3678494187569781,0.32022691540134784,0.6507548789328165,-0.14907493355779033,0.34622130338998014,-0.4952962369477705,-0.3332365337717305,-0.7378950836353689,0.042365426246644584,-0.37951370672714696,1560,1610,1659,False,right,left,True,0,0.0,none
283145__558243,S. van den Berg + T. Adarabioyo,558243,S. van den Berg,283145,T. Adarabioyo,1.0,0.9859154929577465,0.342101629384148,0.5169842584921293,2.637203696263559,5.161952591402169,0.17656294072911694,-1.0736984697295928,-0.6575507691157448,-0.6185525686923652,0.4054911983612019,0.9578610091094576,-0.28695705516390524,0.5711039359193795,-0.8580609910832848,-0.6414530741151961,0.2288641244651883,-0.6385540764818926,-0.3797781150144201,1561,1669,1610,False,left,right,True,0,0.0,none
415917__501419,Gabriel Magalhaes + J. Todibo,415917,Gabriel Magalhaes,501419,J. Todibo,1.0,1.0,0.35238095238095235,0.5606516290726817,1.9411784582703044,3.3644281899166613,0.17656294072911694,0.53680623164123,-0.5031377189982684,-0.028453064979970133,-0.5310664983438178,-0.6743729051840551,-0.2575491626783314,0.5230202719585043,-0.7805694346368358,-0.5757157705756617,0.022154854075835968,-0.4931002762445483,-0.3798314843139897,1562,1609,1633,False,left,right,True,0,0.0,none
583655__604320,J. Branthwaite + C. Okoli,604320,J. Branthwaite,583655,C. Okoli,1.0,0.98729877418402,0.34123467730025103,0.5694136759710531,2.4658653638289594,4.375597734445933,0.17656294072911694,-0.9155260245351503,-0.6705738753671825,0.0899529543771091,0.17494175098069895,0.24381503280300454,-0.2399838079562901,0.4942749101165296,-0.7342587180728196,-0.5364508332562375,-0.10142002113058289,-0.4061737770896928,-0.3798861783852322,1563,1623,1631,False,left,left,False,0,0.0,none
258154__415917,Gabriel Magalhaes + Rúben Dias,415917,Gabriel Magalhaes,258154,Rúben Dias,1.0,0.9939024390243902,0.36254355400696864,0.5494192799070848,2.025415494710872,3.6191512129510253,0.17656294072911694,-0.16042446224492046,-0.35047802392984423,-0.18024154182256213,-0.4177188199557541,-0.4430728145680624,-0.2640668733417076,0.5295379826218806,-0.7936048559635881,-0.5902852173482043,0.05017416676655891,-0.517568123538096,-0.38360398335175366,1564,1609,1625,False,left,right,True,0,0.0,none
234399__488453,L. Martínez + A. Webster,488453,L. Martínez,234399,A. Webster,1.0,0.986842105263158,0.3379934210526316,0.5608552631578947,1.67739059226636,2.7637962229446407,0.17656294072911694,-0.9677442130604601,-0.7192630997025635,-0.025701253478027875,-0.8860141966710741,-1.219774050053274,-0.5908799973306256,1.061525129892782,-1.6524051272234075,-1.3208310578194984,2.3371603489834327,-2.129560046631377,-0.3851794335409949,1565,1611,1651,False,left,left,False,0,0.0,none
297957__568412,M. Akanji + J. Gvardiol,297957,M. Akanji,568412,J. Gvardiol,1.0,0.9929577464788732,0.3570612866387515,0.5361629234868671,1.7770541328772014,3.3037637054994278,0.17656294072911694,-0.2684461190441814,-0.43283107637786017,-0.3593814634758457,-0.7519089215389942,-0.7294590162694502,-0.4182877271167208,0.7780228196442627,-1.1963105467609836,-0.9350247488092726,1.1183980734452976,-1.2734578719155822,-0.3866845267541635,1566,1625,1625,True,right,left,True,3,212.0,medium
285382__415917,W. Faes + Gabriel Magalhaes,285382,W. Faes,415917,Gabriel Magalhaes,1.0,1.0,0.3302925989672978,0.5948938611589214,2.0079027722695515,3.314881603783431,0.17656294072911694,0.53680623164123,-0.8349426465927711,0.43427972363207673,-0.441283590451672,-0.7193634589463792,-0.27216594880640854,0.5376370580865814,-0.8098030068929899,-0.6083895878832168,0.08499168777533302,-0.5479725019961251,-0.38829178800823355,1567,1631,1609,False,right,left,True,0,0.0,none
415917__549884,T. Harwood-Bellis + Gabriel Magalhaes,549884,T. Harwood-Bellis,415917,Gabriel Magalhaes,1.0,1.0,0.32392566782810683,0.567711962833914,2.2452431289640593,3.948202959830867,0.17656294072911694,0.53680623164123,-0.930584865189856,0.0669568347496593,-0.12192313386559905,-0.14427886196806333,-0.2736927749061292,0.5391638841863021,-0.8128566590924313,-0.6118025978708811,0.09155543693848968,-0.5537042918501439,-0.38917552622392243,1568,1619,1609,False,right,left,True,0,0.0,none
518805__568412,L. Woolfenden + J. Gvardiol,518805,L. Woolfenden,568412,J. Gvardiol,1.0,1.0,0.370978120978121,0.48938223938223935,1.619604748507514,3.2869175873190146,0.17656294072911694,0.53680623164123,-0.22377637121977262,-0.9915527645287503,-0.9637696770455737,-0.7447560577980898,-0.4243364229322808,0.7840715154598228,-1.2084079383921036,-0.94854577732367,1.144401114724742,-1.2961650114595122,-0.39018555653631487,1569,1634,1625,False,right,left,True,0,0.0,none
501419__604320,J. Branthwaite + J. Todibo,604320,J. Branthwaite,501419,J. Todibo,1.0,0.9954954954954955,0.36036036036036034,0.5521574205784732,1.8948342889696534,3.344760176603702,0.17656294072911694,0.02173490822983895,-0.38327333448431206,-0.14323964704851283,-0.5934262894644177,-0.6922323558427824,-0.3012009905872571,0.5823827087318569,-0.8835836993191141,-0.6732934348952738,0.27735100559911197,-0.6864609075676225,-0.39073359728142787,1570,1623,1633,False,left,right,True,0,0.0,none
488453__590874,Toti + L. Martínez,590874,Toti,488453,L. Martínez,1.0,0.9943820224719101,0.3821980337078652,0.5052668539325842,1.2859480580597473,2.448908943549326,0.17656294072911694,-0.10558609306286465,-0.0552340511476922,-0.7768958470592164,-1.412731473886349,-1.5057060219274219,-0.5300937258226049,0.9498797774012836,-1.4799735032238883,-1.1849516987964226,1.8572025534490086,-1.805901106974394,-0.39649530475838757,1571,1629,1611,False,left,left,False,0,0.0,none
234399__415847,C. Romero + A. Webster,415847,C. Romero,234399,A. Webster,1.0,0.9673615857826384,0.3597060833902939,0.595352016404648,2.5336029011474466,4.336314877284681,0.17656294072911694,-3.195260455865563,-0.3931016960019904,0.4404710097006472,0.26608803198967507,0.2081444117778019,-0.2906334971979804,0.5585341441490201,-0.8491676413470006,-0.6496712552058016,0.1748272172962328,-0.621861012420439,-0.39675966489811876,1572,1624,1651,False,right,left,True,0,0.0,none
501419__619747,L. Colwill + J. Todibo,619747,L. Colwill,501419,J. Todibo,0.9964285714285714,0.9857142857142858,0.38809523809523805,0.5368421052631579,1.847309536494406,3.3665423548215236,-2.8384737166366527,-1.0967056797491785,0.03335206652790784,-0.35020333289936995,-0.6573746497897155,-0.6724531472907694,-0.6177368951312237,1.0925422532568478,-1.7102791483880715,-1.3808659632012508,2.470501413536657,-2.2381911891641018,-0.3969207953724487,1573,1610,1633,False,left,right,True,0,0.0,none
15806__346131,T. Chalobah + J. Vestergaard,346131,T. Chalobah,15806,J. Vestergaard,1.0,1.0,0.38078703703703703,0.5547839506172839,1.9438781132907208,3.4943933215781353,0.17656294072911694,0.53680623164123,-0.07642963958439286,-0.1077460038137135,-0.5274338963204932,-0.5563586543632216,-0.11171360726464163,0.26574219324598425,-0.3774558005106259,-0.24972042161316216,-1.0838707595527857,0.2635551930731095,-0.39731040005779483,1574,1628,1631,False,right,left,True,0,0.0,none
397074__545267,M. Guéhi + R. Drăgușin,397074,M. Guéhi,545267,R. Drăgușin,1.0,0.9967741935483871,0.38112305854241335,0.5205495818399044,2.222161227714002,4.267192188260539,0.17656294072911694,0.1679487032627498,-0.07138202063454982,-0.5703725315129955,-0.15298168043878474,0.14537786620037993,-0.11301651457128459,0.26680770956191624,-0.37982422413320077,-0.25263289190128907,-1.079290158115394,0.25910959625878455,-0.39828157413350573,1575,1628,1624,False,left,right,True,0,0.0,none
346131__349142,T. Chalobah + N. Mazraoui,346131,T. Chalobah,349142,N. Mazraoui,1.0,1.0,0.394880174291939,0.5192447349310094,1.9410360521149386,3.722057379975013,0.17656294072911694,0.53680623164123,0.13527343754725976,-0.5880055948992875,-0.5312581172300104,-0.34962933437513977,-0.11357014962329742,0.26759873560464004,-0.38116888522793746,-0.25387046700063176,-1.075889576656305,0.25658563009744,-0.39838498047771936,1576,1628,1611,False,right,right,False,0,0.0,none
297957__399581,D. O'Shea + M. Akanji,399581,D. O'Shea,297957,M. Akanji,1.0,0.9929577464788732,0.3124427035586299,0.5212101008417368,2.5151975683890577,4.636398176291793,0.17656294072911694,-0.2684461190441814,-1.1030786702576767,-0.5614466005491673,0.2413221828302612,0.4806336961222615,-0.4232934754947614,0.773017071266222,-1.1963105467609836,-0.9462144116091895,1.0968786111218893,-1.2734578719155822,-0.39873519685114445,1577,1634,1625,False,right,right,False,0,0.0,none
285382__604320,W. Faes + J. Branthwaite,285382,W. Faes,604320,J. Branthwaite,1.0,0.9954954954954955,0.33827200694670573,0.5863996526647128,1.9615586029689005,3.2952135904704716,0.17656294072911694,0.02173490822983895,-0.7150782620788148,0.31949314156353403,-0.5036433815722718,-0.7372229096051065,-0.3158177767153342,0.5969994948599341,-0.9128172715752682,-0.7059672522028289,0.34018783929860946,-0.7413331333191993,-0.3991939009756714,1578,1631,1623,False,right,left,True,0,0.0,none
415847__604320,J. Branthwaite + C. Romero,604320,J. Branthwaite,415847,C. Romero,1.0,0.976014976014976,0.35603135603135605,0.5685620685620685,2.482570494910153,4.416641467102375,0.17656294072911694,-2.205781334575264,-0.4483023993965758,0.07844474807298707,0.19741984262815923,0.2810846088686626,-0.28641729227772866,0.5481623096510998,-0.8345796019288284,-0.640246508336796,0.13023921869012145,-0.5944788579162684,-0.39994726014461524,1579,1623,1624,False,left,right,True,0,0.0,none
504375__604320,M. Lacroix + J. Branthwaite,504375,M. Lacroix,604320,J. Branthwaite,1.0,0.991974368734932,0.34510214439791903,0.5758786955970054,2.3158596899150936,4.028265944977559,0.17656294072911694,-0.38089126711286675,-0.6124778907419743,0.17731806984079246,-0.02690289600150693,-0.07157802990814237,-0.21052971782094776,0.424231237052695,-0.6347609548736427,-0.4706102612173663,-0.40253427411672443,-0.21941371656055822,-0.39994815615581214,1580,1628,1623,False,center,left,False,0,0.0,none
549884__604320,T. Harwood-Bellis + J. Branthwaite,549884,T. Harwood-Bellis,604320,J. Branthwaite,1.0,0.9954954954954955,0.3319050758075148,0.5592177543397056,2.198898959663408,3.9285349465179076,0.17656294072911694,0.02173490822983895,-0.8107204806758996,-0.0478297473188834,-0.18428292498619891,-0.1621383126267906,-0.31734460281505483,0.5985263209596547,-0.9158709237747096,-0.7093802621904931,0.3467515884617657,-0.747064923173218,-0.4000776391913604,1581,1619,1623,False,right,left,True,0,0.0,none
286380__424241,N. Milenković + I. Diop,424241,N. Milenković,286380,I. Diop,0.9967741935483871,0.9935483870967742,0.34121863799283153,0.5971326164874552,2.1742690646036373,3.6001708027730333,-2.5466959756012724,-0.20090882511573044,-0.6708148132559122,0.4645331689560694,-0.21742442119655472,-0.46030789030562524,-0.4952834831301014,0.8882846578833246,-1.3835681410134262,-1.1071381835543999,1.5924082102919999,-1.6249455688512215,-0.4008357424598443,1582,1642,1616,False,right,right,False,0,0.0,none
346131__447424,C. Bassey + T. Chalobah,447424,C. Bassey,346131,T. Chalobah,1.0,1.0,0.3919389978213508,0.5486564996368918,1.8038043910587862,3.2656262429401,0.17656294072911694,0.53680623164123,0.0910919257980454,-0.19054938158708806,-0.7159143069456474,-0.7640895668995221,-0.11868688778286635,0.27271547376420896,-0.3914023615470753,-0.26530823220916905,-1.0538929748041985,0.23737711127918518,-0.4013465862900071,1583,1616,1628,False,left,right,True,0,0.0,none
399581__518805,D. O'Shea + L. Woolfenden,399581,D. O'Shea,518805,L. Woolfenden,1.0,1.0,0.32635953789799943,0.47442941673710903,2.3577481840193704,4.61955205811138,0.17656294072911694,0.53680623164123,-0.8940239650995891,-1.1936179016020718,0.029461427323681733,0.4653366545936219,-0.4293421713103214,0.779065767081782,-1.2084079383921036,-0.959735440123587,1.1228816524013332,-1.2961650114595122,-0.402236226633296,1584,1634,1634,True,right,right,False,4,313.0,medium
346131__557788,T. Chalobah + W. Fofana,346131,T. Chalobah,557788,W. Fofana,1.0,0.9861111111111112,0.37037037037037035,0.5756172839506173,2.191976127320955,3.809184350132626,0.17656294072911694,-1.051330348877223,-0.23290582702952792,0.17378548061576155,-0.19359815029615499,-0.2705140826303691,-0.19032781495945322,0.3860647690044219,-0.576392583963875,-0.42545168274617123,-0.566610014476621,-0.10985466584829695,-0.40467977888573126,1585,1628,1610,False,right,right,False,0,0.0,none
288080__769441,C. Burgess + L. Yoro,288080,C. Burgess,769441,L. Yoro,1.0,1.0,0.38164251207729466,0.5247584541062802,1.7492600449756814,3.3373669593234334,0.17656294072911694,0.53680623164123,-0.0635789382000102,-0.5134958887805081,-0.7893080926123232,-0.6989457334028436,-0.2419056761212034,0.46997562004304017,-0.7118812961642434,-0.5407469055090129,-0.20588145581154368,-0.3641707356568354,-0.4049720366293367,1586,1634,1611,False,left,right,True,0,0.0,none
285382__619747,L. Colwill + W. Faes,619747,L. Colwill,285382,W. Faes,0.9964285714285714,0.9857142857142858,0.3660068846815835,0.5710843373493976,1.9140338504936532,3.3169957686882934,-2.8384737166366527,-1.0967056797491785,-0.29845286106659485,0.11252945571267692,-0.5675917418975697,-0.7174437010530935,-0.6323536812593008,1.1071590393849249,-1.7395127206442256,-1.413539780508806,2.5333382472361543,-2.2930634149156783,-0.40538109906669234,1587,1610,1631,False,left,right,True,0,0.0,none
501419__625787,J. Todibo + M. van de Ven,501419,J. Todibo,625787,M. van de Ven,1.0,1.0,0.38405797101449274,0.5085812356979404,1.7480923153593766,3.3919826679330694,0.17656294072911694,0.53680623164123,-0.027294604879399054,-0.7321069117776138,-0.7908793663250034,-0.6493521858703881,-0.268204700362067,0.5123647342747688,-0.7805694346368358,-0.599534761189705,-0.023652770359844144,-0.4931002762445483,-0.4054832669517154,1588,1633,1624,False,right,left,True,0,0.0,none
549884__619747,L. Colwill + T. Harwood-Bellis,619747,L. Colwill,549884,T. Harwood-Bellis,0.9964285714285714,0.9857142857142858,0.35963995354239253,0.5439024390243903,2.151374207188161,3.9503171247357294,-2.8384737166366527,-1.0967056797491785,-0.39409507966367974,-0.2547934331697405,-0.2482312853114967,-0.14235910407477761,-0.6338805073590215,1.1086858654846456,-1.742566372843667,-1.4169527904964703,2.5399019963993106,-2.2987952047696973,-0.4062648372823815,1589,1610,1619,False,left,right,True,0,0.0,none
286380__590703,I. Zabarnyi + I. Diop,590703,I. Zabarnyi,286380,I. Diop,1.0,1.0,0.35366430260047277,0.557919621749409,1.977316977728572,3.5418406497702226,0.17656294072911694,0.53680623164123,-0.483859599045555,-0.06537207668524171,-0.4824392263734117,-0.5132743222931049,-0.23478167395128013,0.45659167244467586,-0.691373346395956,-0.5248221773670598,-0.2634183782315642,-0.3256767452704717,-0.40657195120709355,1590,1659,1616,False,right,right,False,0,0.0,none
9433__518805,J. Tarkowski + L. Woolfenden,9433,J. Tarkowski,518805,L. Woolfenden,1.0,0.9970588235294118,0.3194677871148459,0.5079831932773109,2.2968798941983084,4.219764730449309,0.17656294072911694,0.20049495576673537,-0.9975498742870976,-0.7401885647583322,-0.052441731075496656,0.10231157733985613,-0.4571094812299043,0.8185607123370982,-1.2756701935670025,-1.0218054467231887,1.2926684499389895,-1.422418129558695,-0.40758581429163654,1591,1623,1634,False,right,right,False,0,0.0,none
288080__346131,T. Chalobah + C. Burgess,346131,T. Chalobah,288080,C. Burgess,1.0,1.0,0.3631239935587761,0.5448201825013419,2.153634690018907,3.955524181510598,0.17656294072911694,0.53680623164123,-0.34175882699136095,-0.2423914963669403,-0.24518962463909205,-0.13763085968790378,-0.14729850114798387,0.31245852836742394,-0.45975702951540776,-0.32926556316925704,-0.8830395675688562,0.10907350407487497,-0.40772995104031035,1592,1628,1634,False,right,left,True,0,0.0,none
346131__364003,T. Chalobah + S. Bueno,346131,T. Chalobah,364003,S. Bueno,1.0,1.0,0.37703703703703706,0.5306172839506172,2.069868825442074,3.9013713197630393,0.17656294072911694,0.53680623164123,-0.13276106706464144,-0.43432252575190367,-0.35790330355218913,-0.1868041212176865,-0.13435986904056757,0.28968524395405104,-0.42404511299461867,-0.30034302862691153,-0.9809407801155516,0.17610576165118544,-0.40923259601788414,1593,1628,1629,False,right,center,False,0,0.0,none
258154__625787,Rúben Dias + M. van de Ven,258154,Rúben Dias,625787,M. van de Ven,1.0,0.9939024390243902,0.394220572640509,0.49734888653234355,1.8323293517999444,3.6467056909674334,0.17656294072911694,-0.16042446224492046,0.1253650901890251,-0.8838953886202058,-0.6775316879369397,-0.4180520952543953,-0.2747224110254432,0.518882444938145,-0.7936048559635881,-0.6141042079622475,0.0043665423308783275,-0.517568123538096,-0.4092557659894795,1594,1625,1624,False,right,left,True,0,0.0,none
504375__619747,L. Colwill + M. Lacroix,619747,L. Colwill,504375,M. Lacroix,0.9964285714285714,0.9821931589537223,0.3728370221327968,0.5605633802816901,2.268334937439846,4.05004812319538,-2.8384737166366527,-1.4993318550918844,-0.19585248972975444,-0.029645616010064657,-0.09085125632680474,-0.0517988213561294,-0.5270656223649144,0.9304349398672833,-1.4575005622321977,-1.1781827895233432,1.773610167836231,-1.7637187735738526,-0.4097520991255728,1595,1610,1628,False,left,center,False,0,0.0,none
346131__412027,E. Konsa + T. Chalobah,412027,E. Konsa,346131,T. Chalobah,1.0,1.0,0.39814814814814814,0.5524691358024691,1.6497458877096227,2.960037435469907,0.17656294072911694,0.53680623164123,0.18436400615749837,-0.13902727986143232,-0.9232123604911042,-1.0415781033383866,-0.13458080098763162,0.28860938696897426,-0.4231901879566058,-0.3008368916425239,-0.9855658355732527,0.17771047965401668,-0.41054610056243446,1596,1614,1628,False,right,right,False,0,0.0,none
50102__769441,F. Schär + L. Yoro,50102,F. Schär,769441,L. Yoro,1.0,1.0,0.37606837606837606,0.5051476301476301,1.7557239575426435,3.514017585178644,0.17656294072911694,0.53680623164123,-0.14731201509372743,-0.7785069790187731,-0.7806103806114328,-0.5385389304332906,-0.3068691339845685,0.5696297521005831,-0.8764988860851515,-0.6859637907596886,0.2225266818391201,-0.6731625166704951,-0.4108563941622073,1597,1613,1611,False,right,right,False,0,0.0,none
557788__604320,J. Branthwaite + W. Fofana,604320,J. Branthwaite,557788,W. Fofana,1.0,0.9816066066066066,0.36036036036036034,0.6069819819819819,2.333731649026972,3.8402867872994193,0.17656294072911694,-1.566401672288614,-0.38327333448431206,0.5976326803974732,-0.0028547437970188327,-0.24227165503446596,-0.1782583812189637,0.3564258346812853,-0.534684215900249,-0.39847212174097274,-0.6940263131604866,-0.03156690244862012,-0.41375733530835634,1598,1623,1610,False,left,right,True,0,0.0,none
285382__625787,W. Faes + M. van de Ven,285382,W. Faes,625787,M. van de Ven,1.0,1.0,0.3619696176008381,0.5428234677841801,1.8148166293586236,3.342436081799839,0.17656294072911694,0.53680623164123,-0.35909953247390175,-0.26937412316556686,-0.7010964584328576,-0.6943427396327122,-0.28282148649014416,0.5269815204028458,-0.8098030068929899,-0.6322085784972601,0.03918406333965291,-0.5479725019961251,-0.4139435706459592,1599,1631,1624,False,right,left,True,0,0.0,none
549884__625787,T. Harwood-Bellis + M. van de Ven,549884,T. Harwood-Bellis,625787,M. van de Ven,1.0,1.0,0.3556026864616472,0.5156415694591728,2.0521569860531312,3.975757437847275,0.17656294072911694,0.53680623164123,-0.45474175107098663,-0.6366970120479843,-0.3817360018467847,-0.11925814265439624,-0.2843483125898648,0.5285083465025665,-0.8128566590924313,-0.6356215884849243,0.04574781250280909,-0.5537042918501439,-0.4148273088616482,1600,1619,1624,False,right,left,True,0,0.0,none
50102__346131,F. Schär + T. Chalobah,50102,F. Schär,346131,T. Chalobah,1.0,1.0,0.3575498575498576,0.5252093585426918,2.1600986025858693,4.132174807365809,0.17656294072911694,0.53680623164123,-0.4254919038850782,-0.5074025866052052,-0.23649191263820174,0.022775943281649155,-0.21226195901134906,0.4095033468246997,-0.6217653058360487,-0.474482448419933,-0.46584873879397015,-0.19502052295661879,-0.4159999504394813,1601,1613,1628,False,right,right,False,0,0.0,none
234399__557788,A. Webster + W. Fofana,234399,A. Webster,557788,W. Fofana,1.0,0.972953216374269,0.36403508771929827,0.6337719298245614,2.3847640552642657,3.7599601974817256,0.17656294072911694,-2.555880793578913,-0.3280726310897267,0.9596589420251334,0.06581344556449699,-0.31521185212532665,-0.18247458613921538,0.35220962976103365,-0.534684215900249,-0.40789686860997826,-0.71215156758341,-0.03156690244862012,-0.42390728506973613,1602,1651,1610,False,left,right,True,0,0.0,none
424241__501419,N. Milenković + J. Todibo,424241,N. Milenković,501419,J. Todibo,0.9967741935483871,0.9935483870967742,0.36344086021505373,0.5561969439728353,1.9851473743322439,3.4611369494161184,-2.5466959756012724,-0.20090882511573044,-0.3369989467062912,-0.08865150220360019,-0.47190280067056567,-0.586556952903342,-0.5398815272505413,0.9328827020037644,-1.472764229254306,-1.2068309842218767,1.7841329750359984,-1.7923690998252981,-0.42664941956519853,1603,1642,1633,False,right,right,False,0,0.0,none
488453__568412,L. Martínez + J. Gvardiol,488453,L. Martínez,568412,J. Gvardiol,1.0,1.0,0.35684121621621623,0.5295608108108107,1.4264042837562476,2.5511276630449338,0.17656294072911694,0.53680623164123,-0.43613691132388416,-0.44859918741476373,-1.2237363742180385,-1.4128867753578054,-0.49587997287776375,0.8556150654053056,-1.3514950382830695,-1.1084715544384078,1.4519632635312112,-1.5647434656613468,-0.43159549129210995,1604,1611,1625,False,left,left,False,0,0.0,none
501419__590703,I. Zabarnyi + J. Todibo,590703,I. Zabarnyi,501419,J. Todibo,1.0,1.0,0.375886524822695,0.5169839492347891,1.7881952874571787,3.4028067964133077,0.17656294072911694,0.53680623164123,-0.15004373249593397,-0.6185567478449113,-0.7369176058474226,-0.6395233848908216,-0.27937971807172,0.5011897165651158,-0.7805694346368358,-0.6245149780345367,-0.07169361348756537,-0.4931002762445483,-0.4323856283124476,1605,1659,1633,False,right,right,False,0,0.0,none
504375__769441,M. Lacroix + L. Yoro,504375,M. Lacroix,769441,L. Yoro,1.0,0.9964788732394366,0.3736306729264476,0.5244522691705791,1.769729523165851,3.3790062856236003,0.17656294072911694,0.13418005629852428,-0.18393049449583948,-0.517633522354487,-0.7617647704738743,-0.6611353312189853,-0.3172063265346568,0.5611013475347999,-0.8783076740694566,-0.7090711645623207,0.1858634964626333,-0.6765576618734779,-0.43408806571706593,1606,1628,1611,False,center,right,False,0,0.0,none
285382__424241,N. Milenković + W. Faes,424241,N. Milenković,285382,W. Faes,0.9967741935483871,0.9935483870967742,0.34135250680139917,0.590439176059075,2.0518716883314907,3.411590363282888,-2.5466959756012724,-0.20090882511573044,-0.6688038743007939,0.3740812864084467,-0.38211989277841985,-0.6315475066656661,-0.5544983133786183,0.9474994881318415,-1.50199780151046,-1.2395048015294317,1.8469698087354955,-1.847241325576875,-0.4351097232594422,1607,1642,1631,False,right,right,False,0,0.0,none
424241__549884,N. Milenković + T. Harwood-Bellis,424241,N. Milenković,549884,T. Harwood-Bellis,0.9967741935483871,0.9935483870967742,0.3349855756622082,0.5632572777340676,2.2892120450259985,4.044911719330324,-2.5466959756012724,-0.20090882511573044,-0.7644460928978788,0.006758397526029247,-0.06275943619234689,-0.05646290968735019,-0.5560251394783391,0.9490263142315623,-1.5050514537099013,-1.2429178115170962,1.853533557898652,-1.8529731154308935,-0.4359934614751313,1608,1642,1619,False,right,right,False,0,0.0,none
258154__590703,I. Zabarnyi + Rúben Dias,590703,I. Zabarnyi,258154,Rúben Dias,1.0,0.9939024390243902,0.38604912644871126,0.5057516000691922,1.8724323238977465,3.6575298194476717,0.17656294072911694,-0.16042446224492046,0.0026159625724901936,-0.7703452246875033,-0.6235699274593589,-0.40822329427482884,-0.28589742873509616,0.5077074272284919,-0.7936048559635881,-0.639084424807079,-0.04367430079684289,-0.517568123538096,-0.4361581273502116,1609,1659,1625,False,right,right,False,0,0.0,none
364003__769441,S. Bueno + L. Yoro,364003,S. Bueno,769441,L. Yoro,1.0,1.0,0.39555555555555555,0.5105555555555555,1.6654941803988481,3.2832140975758746,0.17656294072911694,0.53680623164123,0.14541882172670928,-0.7054269181654715,-0.9020217715254203,-0.7481189949326263,-0.22896704401378706,0.4133882319557382,-0.6423552759695252,-0.5118243709666673,-0.4491478116009668,-0.23366846784281056,-0.4373902225321858,1610,1629,1611,False,center,right,False,0,0.0,none
297957__627012,Murillo + M. Akanji,627012,Murillo,297957,M. Akanji,1.0,0.9929577464788732,0.37025683512841756,0.5312344656172329,1.4632556251018651,2.8179765931712453,0.17656294072911694,-0.2684461190441814,-0.23461132096246562,-0.42598223435518673,-1.1741499433141112,-1.170575809573335,-0.46967879949385694,0.8027451137694871,-1.2724239132633444,-1.0499024309055065,1.2246779814226576,-1.4163247714116172,-0.44081277530827945,1611,1642,1625,False,left,right,True,0,0.0,none
285382__590703,I. Zabarnyi + W. Faes,590703,I. Zabarnyi,285382,W. Faes,1.0,1.0,0.3537981714090404,0.5512261813210289,1.8549196014564258,3.3532602102800775,0.17656294072911694,0.53680623164123,-0.4818486600904367,-0.15582395923286443,-0.6471346979552768,-0.6845139386531457,-0.29399650419979706,0.5158065026931928,-0.8098030068929899,-0.6571887953420916,-0.008856779788068309,-0.5479725019961251,-0.4408459320066913,1612,1659,1631,False,right,right,False,0,0.0,none
549884__590703,I. Zabarnyi + T. Harwood-Bellis,590703,I. Zabarnyi,549884,T. Harwood-Bellis,1.0,1.0,0.3474312402698495,0.5240442829960215,2.0922599581509336,3.9865815663275135,0.17656294072911694,0.53680623164123,-0.5774908786875216,-0.5231468481152819,-0.32777424136920386,-0.10942934167482977,-0.29552333029951783,0.5173333287929136,-0.8128566590924313,-0.6606018053297561,-0.0022930306249116447,-0.5537042918501439,-0.4417296702223803,1613,1659,1619,False,right,right,False,0,0.0,none
399581__488453,D. O'Shea + L. Martínez,399581,D. O'Shea,488453,L. Martínez,1.0,1.0,0.31222263313609466,0.5146079881656804,2.164547719268104,3.8837621338372994,0.17656294072911694,0.53680623164123,-1.1063845052037007,-0.6506643244880853,-0.23050526984878317,-0.2027940629660936,-0.5008857212558043,0.850609317027265,-1.3514950382830695,-1.119661217238325,1.4304438012078033,-1.5647434656613468,-0.4436461613890908,1614,1634,1611,False,right,left,True,0,0.0,none
346131__504375,M. Lacroix + T. Chalobah,504375,M. Lacroix,346131,T. Chalobah,1.0,0.9964788732394366,0.35511215440792904,0.5445139975656408,2.1741041682090767,3.997163507810765,0.17656294072911694,0.13418005629852428,-0.46211038328719023,-0.2465291299409192,-0.2176463025006431,-0.0998204575040455,-0.2225991515614373,0.395321259217649,-0.6179204107790863,-0.49758982222256487,-0.5268168252575286,-0.187803548318415,-0.444400668352224,1615,1628,1628,True,center,right,False,12,1063.0,very_high
518805__627012,Murillo + L. Woolfenden,627012,Murillo,518805,L. Woolfenden,1.0,1.0,0.3841736694677871,0.4844537815126051,1.3058062407321778,2.801130474990832,0.17656294072911694,0.53680623164123,-0.02555661580437807,-1.0581535354080913,-1.3860106988206908,-1.1858728511019745,-0.47572749530941694,0.8057344012793193,-1.2814618965887363,-1.063423459419904,1.2375287791622849,-1.4332893167304157,-0.4471109593073497,1616,1642,1634,False,left,right,True,0,0.0,none
424241__504375,N. Milenković + M. Lacroix,424241,N. Milenković,504375,M. Lacroix,0.9967741935483871,0.9900272603362108,0.34818264425261247,0.5799182189913675,2.406172775277684,4.144642717789975,-2.5466959756012724,-0.6035350004584361,-0.5662035029639535,0.2319062146857051,0.09462059279234508,0.034097373031298034,-0.449210254484232,0.7616861941689139,-1.2108964486531462,-1.0041478105439692,1.0481677362692206,-1.3008360142241606,-0.4477907872360506,1617,1642,1628,False,right,center,False,0,0.0,none
9433__488453,J. Tarkowski + L. Martínez,9433,J. Tarkowski,488453,L. Martínez,1.0,0.9970588235294118,0.30533088235294115,0.5481617647058823,2.103679429447042,3.483974806175228,0.17656294072911694,0.20049495576673537,-1.2099104143912092,-0.19723498764434566,-0.31240842824796156,-0.5658191402198594,-0.5286530311753872,0.8901042622825812,-1.4187572934579684,-1.1817312238379265,1.6002305987454597,-1.6909965837605296,-0.44899574904743134,1618,1623,1611,False,right,left,True,0,0.0,none
400549__627012,Murillo + Pau Torres,627012,Murillo,400549,Pau Torres,1.0,1.0,0.38814192343604104,0.5042950513538749,1.2890536849739835,2.5987445429547584,0.17656294072911694,0.53680623164123,0.034053360365196905,-0.7900283121419254,-1.4085526041689116,-1.369648482616173,-0.42299780795048547,0.7162495876175481,-1.1392473955680338,-0.945553487433328,0.8528380335069031,-1.1663487548046296,-0.45019508462551905,1619,1642,1614,False,left,left,False,0,0.0,none
239411__412027,E. Konsa + T. Mings,412027,E. Konsa,239411,T. Mings,1.0,0.9918032786885246,0.34198542805100185,0.5554037644201579,1.9427333176863955,3.4507550881547004,0.17656294072911694,-0.4004547011237593,-0.6592963123080735,-0.09937014301405032,-0.5289743104834568,-0.5959841551323479,-0.4119614760358533,0.6918801603226781,-1.1038416363585315,-0.9208832836303481,0.7480750824134136,-1.0998911629911354,-0.4559973496893771,1620,1614,1614,True,right,left,True,11,837.0,high
583655__619747,L. Colwill + C. Okoli,619747,L. Colwill,583655,C. Okoli,0.9964285714285714,0.9775175644028102,0.3689695550351288,0.5540983606557377,2.4183406113537123,4.397379912663755,-2.8384737166366527,-2.0339666125141678,-0.2539484743549626,-0.11701073147374802,0.11099339065540112,0.2635942413550175,-0.5565197125002567,0.9234443194583215,-1.4799640319585783,-1.2440233615622145,1.7435578397632039,-1.8058833291467755,-0.46012099468150125,1621,1610,1631,False,left,left,False,0,0.0,none
283145__619747,L. Colwill + T. Adarabioyo,619747,L. Colwill,283145,T. Adarabioyo,0.9964285714285714,0.9716297786720323,0.4115694164989939,0.5816901408450704,2.463157894736842,4.242105263157894,-2.8384737166366527,-2.7072103811200012,0.3859744607704652,0.2558511005944733,0.17129863449813562,0.12259779716541275,-0.33035255349584636,0.5525206910476439,-0.8828732445434904,-0.7384577488805021,0.14897568268527828,-0.6851273642533563,-0.4615616424853388,1622,1610,1610,True,left,right,True,16,1107.0,very_high
297957__590874,Toti + M. Akanji,590874,Toti,297957,M. Akanji,1.0,0.9873397689507833,0.3824181041304004,0.5118689666086406,1.636597907180701,3.20154498600382,0.17656294072911694,-0.910838443748276,-0.05192821620166821,-0.6876781231202984,-0.9409040212073047,-0.8222782628390668,-0.4525014800615619,0.7502629238549285,-1.2027644039164906,-1.011504893167287,0.9990596675915588,-1.285571940757472,-0.46314893445767025,1623,1629,1625,False,left,right,True,0,0.0,none
9433__297957,J. Tarkowski + M. Akanji,9433,J. Tarkowski,297957,M. Akanji,1.0,0.990016570008285,0.3055509527754764,0.5547638773819387,2.4543292785679958,4.236610848629722,0.17656294072911694,-0.604757394918676,-1.2066045794451852,-0.10801726370542764,0.1594190244310828,0.11760861886849572,-0.45106078541434425,0.7452497613466392,-1.1963105467609836,-1.0082844182087911,0.9775083322924242,-1.2734578719155822,-0.46558128379978475,1624,1623,1625,False,right,right,False,0,0.0,none
412027__412968,E. Konsa + M. Senesi,412027,E. Konsa,412968,M. Senesi,1.0,1.0,0.3713675213675214,0.5223646723646724,1.8546562685908774,3.594563710166085,0.17656294072911694,0.53680623164123,-0.21792690994076241,-0.5458442852820291,-0.6474890334140537,-0.46539938542306686,-0.2577696518530528,0.4289712823363503,-0.686740934189403,-0.576208643834531,-0.38215705612863327,-0.31698157910517927,-0.4661477545768913,1625,1614,1659,False,right,left,True,0,0.0,none
412027__558243,E. Konsa + S. van den Berg,412027,E. Konsa,558243,S. van den Berg,1.0,1.0,0.3464052287581699,0.5038126361655774,1.9180224584671093,3.932769379098797,0.17656294072911694,0.53680623164123,-0.5929033301712758,-0.7965474352174162,-0.5622247504541996,-0.15829325524642568,-0.3956517734591676,0.6538539148657496,-1.0495056883249172,-0.8844251841779964,0.584602151971924,-0.9979010818337163,-0.4664121628641643,1626,1614,1669,False,right,left,True,0,0.0,none
545267__557788,R. Drăgușin + W. Fofana,545267,R. Drăgușin,557788,W. Fofana,1.0,0.9861111111111112,0.37037037037037035,0.5509259259259259,2.080682034673271,3.779985303323082,0.17656294072911694,-1.051330348877223,-0.23290582702952792,-0.15988146389324528,-0.3433532645898698,-0.2970281452089881,-0.2821758772631737,0.4647132126091781,-0.7468890898723518,-0.630765407765386,-0.22850428260008146,-0.42988133518890465,-0.4699102557004984,1627,1624,1610,False,right,right,False,0,0.0,none
9097__583655,L. Dunk + C. Okoli,9097,L. Dunk,583655,C. Okoli,1.0,0.9918032786885246,0.3431931575196009,0.5367070563079116,2.3315661108779744,4.366932719514374,0.17656294072911694,-0.4004547011237593,-0.641154145647768,-0.35202831847574434,-0.005768648796784737,0.2359468051297317,-0.2944694075178764,0.483795196323177,-0.7782646038410533,-0.6582459057413046,-0.14647178744098266,-0.4887740449294979,-0.4708192980888467,1628,1651,1631,False,left,left,False,0,0.0,none
400549__415917,Gabriel Magalhaes + Pau Torres,415917,Gabriel Magalhaes,400549,Pau Torres,1.0,1.0,0.34444444444444444,0.5222222222222223,1.8491502643227888,3.3971948183133014,0.17656294072911694,0.53680623164123,-0.6223576713374187,-0.5477692868849658,-0.654897803087746,-0.644619316258169,-0.41873872719703376,0.6842098364772068,-1.1029485636742407,-0.936032897529567,0.7151007432067022,-1.0982148407984325,-0.47312919396245934,1629,1609,1614,False,left,left,False,0,0.0,none
7953__415917,Gabriel Magalhaes + C. Coady,415917,Gabriel Magalhaes,7953,C. Coady,1.0,1.0,0.3478764478764479,0.54002574002574,1.7100538928741644,2.9603135807598777,0.17656294072911694,0.53680623164123,-0.570803097352921,-0.30718124871100017,-0.8420631099659027,-1.0413273508550327,-0.42032261815907634,0.6857937274392493,-1.1061163455983258,-0.939573468177273,0.7219098113635402,-1.1041608553103461,-0.4740459617416437,1630,1609,1631,False,left,right,True,0,0.0,none
283145__534563,C. Richards + T. Adarabioyo,534563,C. Richards,283145,T. Adarabioyo,1.0,0.9859154929577465,0.33917930660888407,0.5509209100758397,2.571569109690113,4.67201180521397,0.17656294072911694,-1.0736984697295928,-0.701449066046054,-0.15994924563982765,0.31717460598785363,0.5129724910169513,-0.26833713514425883,0.4370113345692273,-0.7053484697134862,-0.5998308009511536,-0.3475932730462418,-0.3519084392579968,-0.4745750702410487,1631,1628,1610,False,right,right,False,0,0.0,none
239411__349142,T. Mings + N. Mazraoui,239411,T. Mings,349142,N. Mazraoui,1.0,0.9918032786885246,0.33871745419479266,0.5221793635486982,2.234023482091711,4.212775032659806,0.17656294072911694,-0.4004547011237593,-0.7083868809183121,-0.5483484580519056,-0.13702006722236298,0.09596461383089888,-0.39095082467151915,0.6365061109311769,-1.027456935602696,-0.8739168589884561,0.5100248090911718,-0.9565149615774166,-0.4752539790823598,1632,1614,1611,False,left,right,True,0,0.0,none
424241__583655,N. Milenković + C. Okoli,424241,N. Milenković,583655,C. Okoli,0.9967741935483871,0.9853516657852988,0.3443151771549445,0.5734531993654151,2.55617844919155,4.49197450725835,-2.5466959756012724,-1.1381697578807197,-0.6242994875891617,0.14454109922202174,0.29646523977455097,0.3494904357424449,-0.4786643446195743,0.7791110761314353,-1.2577754207510095,-1.0699883825828405,1.1230764337433599,-1.3888291447733807,-0.47583709012308845,1633,1642,1631,False,right,left,True,0,0.0,none
400549__604320,J. Branthwaite + Pau Torres,604320,J. Branthwaite,400549,Pau Torres,1.0,0.9954954954954955,0.35242385242385244,0.5137280137280137,1.802806095022138,3.3775268050003424,0.17656294072911694,0.02173490822983895,-0.5024932868234624,-0.6625558689535085,-0.7172575942083459,-0.6624787669168963,-0.46239055510595944,0.7435722732505593,-1.2059628283565187,-1.033610561849179,0.9702968947299777,-1.2915754721215063,-0.48403130692989754,1634,1623,1614,False,left,left,False,0,0.0,none
7953__627012,Murillo + C. Coady,627012,Murillo,7953,C. Coady,1.0,1.0,0.3915739268680445,0.5220985691573927,1.1499573135253591,2.1618633054013348,0.17656294072911694,0.53680623164123,0.0856079343496946,-0.5494402739679596,-1.5957179110470683,-1.7663565172130364,-0.42458169891252806,0.6815346466857974,-1.1061163455983258,-0.9490940580810341,0.7036002358746232,-1.1041608553103461,-0.48429912934019936,1635,1642,1631,False,left,right,True,0,0.0,none
9097__415847,L. Dunk + C. Romero,9097,L. Dunk,415847,C. Romero,1.0,0.9805194805194806,0.3579898362507058,0.5358554488989271,2.348271241959168,4.407976452170816,0.17656294072911694,-1.6907100111638727,-0.41888266967716126,-0.36353652477986637,0.01670944285067555,0.27321638119538977,-0.340902891839315,0.5444260233519853,-0.8853289151913002,-0.762041580821863,0.11417711045552192,-0.689736726153347,-0.48471500250494437,1636,1651,1624,False,left,right,True,0,0.0,none
7953__604320,J. Branthwaite + C. Coady,604320,J. Branthwaite,7953,C. Coady,1.0,0.9954954954954955,0.3558558558558559,0.5315315315315315,1.6637097235735134,2.940645567446918,0.17656294072911694,0.02173490822983895,-0.4509387128389647,-0.42196783077954286,-0.9044229010865026,-1.05918680151376,-0.463974446068002,0.7451561642126018,-1.2091306102806039,-1.037151132496885,0.9771059628868156,-1.2975214866334197,-0.48494807470908174,1637,1623,1631,False,left,right,True,0,0.0,none
234399__297957,M. Akanji + A. Webster,297957,M. Akanji,234399,A. Webster,1.0,0.9797998517420312,0.33821349147516677,0.5674573758339511,2.0280404413873137,3.5164322653991347,0.17656294072911694,-1.7729965637458716,-0.7159572647565395,0.06351647046089015,-0.4141867439920297,-0.536346290964919,-0.5132877515695826,0.8228824139946566,-1.3361701655642393,-1.1473842521903632,1.3112472295677893,-1.5359782546199625,-0.4875136081488374,1638,1625,1651,False,right,left,True,0,0.0,none
286380__346131,T. Chalobah + I. Diop,346131,T. Chalobah,286380,I. Diop,1.0,1.0,0.3481481481481481,0.5617283950617284,1.94220045753503,3.452691592793823,0.17656294072911694,0.53680623164123,-0.5667216935791489,-0.013902175670554906,-0.5296913164895429,-0.5942257208409688,-0.26867238020730666,0.42270096618864933,-0.691373346395956,-0.6005801952329953,-0.40911283214970523,-0.3256767452704717,-0.4881592963155036,1639,1628,1616,False,right,right,False,0,0.0,none
258154__604320,J. Branthwaite + Rúben Dias,604320,J. Branthwaite,258154,Rúben Dias,1.0,0.9893979345198858,0.3705229619863766,0.5409250714128763,1.9790713254102212,3.5994831996380654,0.17656294072911694,-0.6754957856563115,-0.2306136394158879,-0.29502812389110483,-0.48007861107635397,-0.46093226522678965,-0.3077187012506332,0.4858861547129548,-0.7936048559635881,-0.6878628816678163,-0.13748286173188623,-0.517568123538096,-0.48868992406109324,1640,1623,1625,False,left,right,True,0,0.0,none
400549__619747,L. Colwill + Pau Torres,619747,L. Colwill,400549,Pau Torres,0.9964285714285714,0.9857142857142858,0.38015873015873014,0.4984126984126984,1.7552813425468905,3.399308983218164,-2.8384737166366527,-1.0967056797491785,-0.0858678858112425,-0.8695195548043657,-0.7812059545336437,-0.6426995583648833,-0.7789264596499261,1.2537318177755503,-2.0326582774254764,-1.7411830901551562,3.163447302667523,-2.843305753717986,-0.49021850502091846,1641,1610,1614,False,left,left,False,0,0.0,none
424241__557788,N. Milenković + W. Fofana,424241,N. Milenković,557788,W. Fofana,0.9967741935483871,0.9796594982078852,0.36344086021505373,0.6110215053763441,2.424044734389562,3.956663560111836,-2.5466959756012724,-1.7890454056341833,-0.3369989467062912,0.6522208252423859,0.11866874499683318,-0.13659625209502554,-0.4169389178822479,0.6623970812840789,-1.079335999166327,-0.9320096710675755,0.6213287978153978,-1.0538934024569668,-0.49038487668056174,1642,1642,1610,False,right,right,False,0,0.0,none
7953__619747,L. Colwill + C. Coady,619747,L. Colwill,7953,C. Coady,0.9964285714285714,0.9857142857142858,0.3835907335907336,0.5162162162162163,1.616184971098266,2.9624277456647397,-2.8384737166366527,-1.0967056797491785,-0.0343133118267448,-0.6289315166303999,-0.9683712614118004,-1.039407592961747,-0.7805103506119686,1.2553157087375928,-2.0358260593495614,-1.744723660802862,3.170256370824361,-2.849251768229899,-0.4911352728001025,1643,1610,1631,False,left,right,True,0,0.0,none
415847__424241,N. Milenković + C. Romero,424241,N. Milenković,415847,C. Romero,0.9967741935483871,0.9740678676162546,0.35911185588604944,0.5726015919564307,2.5728835802727428,4.533018239914792,-2.5466959756012724,-2.4284250679208332,-0.40202801161855495,0.13303289291789971,0.31894333142201126,0.386760011808103,-0.5250978289410129,0.8329984756660054,-1.358096304607018,-1.1737840576633989,1.3547356735640639,-1.5771342255999559,-0.4958981718824715,1644,1642,1624,False,right,right,False,0,0.0,none
400549__625787,Pau Torres + M. van de Ven,400549,Pau Torres,625787,M. van de Ven,1.0,1.0,0.3761214630779848,0.47015182884748097,1.6560641214118612,3.4247492963297095,0.17656294072911694,0.53680623164123,-0.1465145572185494,-1.2514231336826094,-0.9147106710689317,-0.619598596944502,-0.4293942648807695,0.6735542987934711,-1.1029485636742407,-0.9598518881436104,0.6692931187710212,-1.0982148407984325,-0.4987809766001854,1645,1614,1624,False,left,left,False,0,0.0,none
9097__15806,L. Dunk + J. Vestergaard,9097,L. Dunk,15806,J. Vestergaard,1.0,1.0,0.37273550724637683,0.5534420289855072,1.9513343820457525,3.5168307438133692,0.17656294072911694,0.53680623164123,-0.19737741731976247,-0.12588007688485525,-0.5174008895988408,-0.5359844544405913,-0.15412977308573847,0.2233260274248874,-0.3774558005106259,-0.3445359330930307,-1.2662157384364028,0.2635551930731095,-0.4994216494628143,1646,1651,1631,False,left,left,False,0,0.0,none
7953__625787,C. Coady + M. van de Ven,7953,C. Coady,625787,M. van de Ven,1.0,1.0,0.3795534665099882,0.4879553466509988,1.5169677499632366,2.987868058776286,0.17656294072911694,0.53680623164123,-0.09495998323405169,-1.0108350955086438,-1.1018759779470884,-1.0163066315413656,-0.43097815584281196,0.6751381897555137,-1.1061163455983258,-0.9633924587913162,0.6761021869278596,-1.1041608553103461,-0.4996977443793694,1647,1631,1624,False,right,left,True,0,0.0,none
297957__415917,Gabriel Magalhaes + M. Akanji,415917,Gabriel Magalhaes,297957,M. Akanji,1.0,0.9929577464788732,0.32655935613682097,0.5491616364855801,2.0233522044506707,3.6164268685297882,0.17656294072911694,-0.2684461190441814,-0.8910223526650812,-0.18372320909822726,-0.4204951422329457,-0.44554664321533116,-0.4654197187404052,0.7308908280205781,-1.1963105467609836,-1.0403818410017456,0.9157799949133393,-1.2734578719155822,-0.5001484964099875,1648,1609,1625,False,left,right,True,0,0.0,none
9097__557788,L. Dunk + W. Fofana,9097,L. Dunk,557788,W. Fofana,1.0,0.9861111111111112,0.36231884057971014,0.5742753623188406,2.199432396075987,3.8316217723678596,0.17656294072911694,-1.051330348877223,-0.3538536047648975,0.1556514075446198,-0.18356514357450252,-0.25013988270773874,-0.23274398078055003,0.35090223241178176,-0.5836462131923318,-0.5202671942260397,-0.7177720035051137,-0.12346992904824079,-0.5001591839742022,1649,1651,1610,False,left,right,True,0,0.0,none
9097__349142,L. Dunk + N. Mazraoui,9097,L. Dunk,349142,N. Mazraoui,1.0,1.0,0.38682864450127874,0.5179028132992327,1.94849232086997,3.744494802210247,0.17656294072911694,0.53680623164123,0.014325659811890157,-0.6061396679704293,-0.521225110508358,-0.3292551344525095,-0.15598631544439426,0.2251825697835432,-0.38116888522793746,-0.34868597848050037,-1.2582345555399217,0.25658563009744,-0.5004962298827387,1650,1651,1611,False,left,right,True,0,0.0,none
349142__769441,L. Yoro + N. Mazraoui,769441,L. Yoro,349142,N. Mazraoui,1.0,1.0,0.4133986928104575,0.4991830065359477,1.5366614070717126,3.1039001577878484,0.17656294072911694,0.53680623164123,0.4134533263386105,-0.8591099873128554,-1.0753765852032415,-0.9109442080900796,-0.20817732459651697,0.30802702580363106,-0.5162043504001479,-0.4653518093403877,-0.9020903758108306,0.0031203175289812456,-0.5026789539076468,1651,1611,1611,True,right,right,False,6,347.0,medium
9097__447424,C. Bassey + L. Dunk,447424,C. Bassey,9097,L. Dunk,1.0,1.0,0.3838874680306905,0.5473145780051151,1.811260659813818,3.288063665175334,0.17656294072911694,0.53680623164123,-0.029855851937324214,-0.20868345465822985,-0.705881300223995,-0.7437153669768918,-0.1611030536039632,0.23029930794311215,-0.3914023615470753,-0.3601237436890377,-1.2362379536878154,0.23737711127918518,-0.5034578356950264,1652,1616,1651,False,left,left,False,0,0.0,none
415917__518805,Gabriel Magalhaes + L. Woolfenden,415917,Gabriel Magalhaes,518805,L. Woolfenden,1.0,1.0,0.3404761904761905,0.5023809523809524,1.8659028200809833,3.599580750349375,0.17656294072911694,0.53680623164123,-0.6819676475069937,-0.8158945101511318,-0.6323558977395252,-0.46084368474397075,-0.4714684145559652,0.7369395238361381,-1.2084079383921036,-1.053902869516143,0.941783036192783,-1.2961650114595122,-0.503649526192139,1653,1609,1634,False,left,right,True,0,0.0,none
15806__769441,J. Vestergaard + L. Yoro,15806,J. Vestergaard,769441,L. Yoro,1.0,1.0,0.3993055555555556,0.5347222222222222,1.5395034682474948,2.8762360993909706,0.17656294072911694,0.53680623164123,0.20175024920695786,-0.37885039622728134,-1.0715523642937244,-1.1176735280781613,-0.20632078223786107,0.30350941697747724,-0.5098301992153382,-0.46120176395291784,-0.9215113505751206,0.015084776053680575,-0.504037331938259,1654,1631,1611,False,left,right,True,0,0.0,none
239411__412968,M. Senesi + T. Mings,412968,M. Senesi,239411,T. Mings,1.0,0.9918032786885246,0.3244640605296343,0.5407313997477932,2.709436272396489,5.01947469661174,0.17656294072911694,-0.4004547011237593,-0.9224972840106591,-0.2976453081165184,0.5026859140660112,0.8284846002429673,-0.24654093993230014,0.3683358979691712,-0.6148768379014714,-0.5511084009573984,-0.6428255457952307,-0.1820906776309572,-0.5048199997434598,1655,1659,1614,False,left,left,False,0,0.0,none
239411__447424,C. Bassey + T. Mings,447424,C. Bassey,239411,T. Mings,1.0,0.9918032786885246,0.33577627772420443,0.5515911282545805,2.096791821035559,3.756343895624893,0.17656294072911694,-0.4004547011237593,-0.7525683926675265,-0.15089224473970608,-0.321676256938,-0.3184956186934835,-0.396067562831088,0.6106957908662957,-1.006763353697384,-0.8853546241969932,0.3990675319280077,-0.9176725345224067,-0.5064915594245756,1656,1616,1614,False,left,left,False,0,0.0,none
283145__412027,E. Konsa + T. Adarabioyo,412027,E. Konsa,283145,T. Adarabioyo,1.0,0.9859154929577465,0.384585289514867,0.550208659363589,1.807134551677234,3.255027314012417,0.17656294072911694,-1.0736984697295928,-0.01937337718264573,-0.16957425365451,-0.7114333091481202,-0.7737138764424989,-0.31449546966134356,0.4760488658305552,-0.7905443354918986,-0.7030114164446802,-0.17977287542852755,-0.5118234417466151,-0.5078022592002214,1657,1614,1610,False,right,right,False,0,0.0,none
9097__364003,L. Dunk + S. Bueno,9097,L. Dunk,364003,S. Bueno,1.0,1.0,0.3689855072463768,0.5292753623188405,2.0773250941971058,3.9238087419982737,0.17656294072911694,0.53680623164123,-0.25370884480001105,-0.45245659882304545,-0.34787029683053666,-0.16642992129505618,-0.1767760348616644,0.24597228920081335,-0.42274832406247775,-0.39515854010678014,-1.1688605898654256,0.1785398704358757,-0.5125294729258426,1658,1651,1629,False,left,center,False,0,0.0,none
9097__412027,E. Konsa + L. Dunk,412027,E. Konsa,9097,L. Dunk,1.0,1.0,0.39009661835748793,0.5511272141706924,1.6572021564646544,2.9824748577051414,0.17656294072911694,0.53680623164123,0.06341622842212877,-0.15716135293257405,-0.9131793537694518,-1.0212039034157563,-0.17699696680872842,0.24619322114787745,-0.4231901879566058,-0.39565240312239247,-1.1679108144568695,0.17771047965401668,-0.5126573499674537,1659,1614,1651,False,right,left,True,0,0.0,none
9097__288080,L. Dunk + C. Burgess,9097,L. Dunk,288080,C. Burgess,1.0,1.0,0.35507246376811596,0.5434782608695652,2.161090958773939,3.977961603745832,0.17656294072911694,0.53680623164123,-0.46270660472673053,-0.2605255694380821,-0.23515661791743958,-0.11725665976527344,-0.18971466696908065,0.26596752256180106,-0.4556821895308817,-0.4240810746491255,-1.082902080075537,0.11672209171832988,-0.5135667430035578,1660,1651,1634,False,left,left,False,0,0.0,none
346131__501419,J. Todibo + T. Chalobah,501419,J. Todibo,346131,T. Chalobah,1.0,1.0,0.37037037037037035,0.5207927225471085,1.7530787672636368,3.3136577394369082,0.17656294072911694,0.53680623164123,-0.23290582702952792,-0.5670868468302245,-0.7841696959635538,-0.7204747834386855,-0.31327042432774665,0.4672990103090892,-0.7805694346368358,-0.7002729959004724,-0.2173880674057066,-0.4931002762445483,-0.5139729734208578,1661,1633,1628,False,right,right,False,0,0.0,none
518805__604320,J. Branthwaite + L. Woolfenden,604320,J. Branthwaite,518805,L. Woolfenden,1.0,0.9954954954954955,0.3484555984555985,0.4938867438867439,1.8195586507803323,3.579912737036415,0.17656294072911694,0.02173490822983895,-0.5621032629930374,-0.9306810922196744,-0.694715688860125,-0.478703135402698,-0.515120242464891,0.7963019606094908,-1.3114222030743816,-1.1514805338357552,1.196979187716059,-1.4895256427825858,-0.5145516391595771,1662,1623,1634,False,left,right,True,0,0.0,none
258154__346131,Rúben Dias + T. Chalobah,258154,Rúben Dias,346131,T. Chalobah,1.0,0.9939024390243902,0.3805329719963866,0.5095603733815116,1.8373158037042046,3.5683807624712722,0.17656294072911694,-0.16042446224492046,-0.08024613196110375,-0.7188753236728165,-0.6708220175754901,-0.48917469282269277,-0.31978813499112274,0.4738167209724653,-0.7936048559635881,-0.7148424426730148,-0.18936875471498438,-0.517568123538096,-0.5177454724586219,1663,1625,1628,False,right,right,False,0,0.0,none
400549__424241,N. Milenković + Pau Torres,424241,N. Milenković,400549,Pau Torres,0.9967741935483871,0.9935483870967742,0.3555043522785458,0.5177675371223758,1.8931191803847285,3.493903577812759,-2.5466959756012724,-0.20090882511573044,-0.45621889904544155,-0.6079677241085959,-0.5957341054144939,-0.5568033639774559,-0.7010710917692436,1.094072266522467,-1.7951433582917105,-1.567148111175782,2.477078864166865,-2.3974836643791817,-0.5199471292136679,1664,1642,1614,False,right,left,True,0,0.0,none
518805__619747,L. Colwill + L. Woolfenden,619747,L. Colwill,518805,L. Woolfenden,0.9964285714285714,0.9857142857142858,0.3761904761904762,0.47857142857142854,1.772033898305085,3.601694915254237,-2.8384737166366527,-1.0967056797491785,-0.14547786198081747,-1.1376447780705317,-0.7586640491854229,-0.458923926850685,-0.8316561470088575,1.3064615051344817,-2.138117652143339,-1.859053062141732,3.390129595653604,-3.0412559243790653,-0.520738837250598,1665,1610,1634,False,left,right,True,0,0.0,none
7953__424241,N. Milenković + C. Coady,424241,N. Milenković,7953,C. Coady,0.9967741935483871,0.9935483870967742,0.35893635571054927,0.5355710549258936,1.7540228089361038,3.0570223402593344,-2.5466959756012724,-0.20090882511573044,-0.40466432506094385,-0.3673796859346302,-0.7828994122926506,-0.9535113985743195,-0.7026549827312862,1.0956561574845094,-1.7983111402157959,-1.570688681823488,2.4838879323237024,-2.403429678891096,-0.5208638969928524,1666,1642,1631,False,right,right,False,0,0.0,none
9097__50102,F. Schär + L. Dunk,50102,F. Schär,9097,L. Dunk,1.0,1.0,0.3494983277591973,0.5238674369109151,2.1675548713409007,4.154612229601042,0.17656294072911694,0.53680623164123,-0.5464396816204478,-0.525536659676347,-0.22645890591654927,0.043150143204279484,-0.2546781248324458,0.3630123410190768,-0.6176904658515227,-0.5692979598998013,-0.665711251300651,-0.1873719353131639,-0.5218367424027287,1667,1613,1651,False,right,left,True,0,0.0,none
285382__346131,W. Faes + T. Chalobah,285382,W. Faes,346131,T. Chalobah,1.0,1.0,0.34828201695671573,0.5550349546333482,1.8198030812628838,3.264111153303678,0.17656294072911694,0.53680623164123,-0.5647107546240306,-0.10435405821817763,-0.694386788071408,-0.7654653372010096,-0.3278872104558237,0.4819157964371663,-0.8098030068929899,-0.7329468132080273,-0.1545512337062093,-0.5479725019961251,-0.5224332771151015,1668,1631,1628,False,right,right,False,0,0.0,none
346131__549884,T. Harwood-Bellis + T. Chalobah,549884,T. Harwood-Bellis,346131,T. Chalobah,1.0,1.0,0.34191508581752483,0.5278530563083408,2.0571434379573916,3.897432509351114,0.17656294072911694,0.53680623164123,-0.6603529732211155,-0.47167694710059505,-0.37502633148533504,-0.19038074022269375,-0.32941403655554435,0.4840240876680264,-0.8134381242235708,-0.7363598231956916,-0.14548779497878694,-0.5547957180249192,-0.5227853936964657,1669,1619,1628,False,right,right,False,0,0.0,none
400549__590703,I. Zabarnyi + Pau Torres,590703,I. Zabarnyi,400549,Pau Torres,1.0,1.0,0.3679500168861871,0.4785545423843296,1.696167093509663,3.435573424809948,0.17656294072911694,0.53680623164123,-0.26926368483508434,-1.137872969749907,-0.8607489105913508,-0.6097697959649355,-0.4405692825904224,0.6623792810838183,-1.1029485636742407,-0.9848321049884419,0.6212522756433009,-1.0982148407984325,-0.5256833379609172,1670,1659,1614,False,right,left,True,0,0.0,none
297957__625787,M. Akanji + M. van de Ven,297957,M. Akanji,625787,M. van de Ven,1.0,0.9929577464788732,0.3582363747703613,0.49709124311083897,1.8302660615397428,3.6439813465461963,0.17656294072911694,-0.2684461190441814,-0.4151792385462119,-0.8873770558958709,-0.6803080102141313,-0.42052592390166404,-0.47607525642414084,0.7202352903368426,-1.1963105467609836,-1.0642008316157887,0.8699723704776592,-1.2734578719155822,-0.5258002790477131,1671,1625,1624,False,right,left,True,0,0.0,none
7953__590703,I. Zabarnyi + C. Coady,590703,I. Zabarnyi,7953,C. Coady,1.0,1.0,0.37138202031819056,0.49635806018784745,1.5570707220610387,2.998692187256524,0.17656294072911694,0.53680623164123,-0.2177091108505866,-0.8972849315759414,-1.0479142174695075,-1.0064778305617992,-0.442153173552465,0.6639631720458608,-1.1061163455983258,-0.988372675636148,0.6280613438001389,-1.1041608553103461,-0.5266001057401015,1672,1659,1631,False,right,right,False,0,0.0,none
283145__349142,T. Adarabioyo + N. Mazraoui,283145,T. Adarabioyo,349142,N. Mazraoui,1.0,0.9859154929577465,0.3813173156586578,0.5169842584921293,2.0984247160825498,4.017047258517524,0.17656294072911694,-1.0736984697295928,-0.06846394579288434,-0.6185525686923652,-0.3194790658870263,-0.081765107479252,-0.29348481829700934,0.42067481643905397,-0.7141596347360633,-0.6560449918027881,-0.41782314875076987,-0.3684472403328968,-0.5270588885932044,1673,1610,1611,False,right,right,False,0,0.0,none
258154__619747,L. Colwill + Rúben Dias,619747,L. Colwill,258154,Rúben Dias,0.9964285714285714,0.979616724738676,0.39825783972125434,0.525609756097561,1.931546572934974,3.621265377855887,-2.8384737166366527,-1.793936373635329,0.186011761596332,-0.501991809741962,-0.5440269714016518,-0.44115305667477667,-0.6242546057945999,0.959613825142994,-1.5838684309375939,-1.3954354099737933,1.899048738637003,-2.000914767227635,-0.5281860368413228,1674,1610,1625,False,left,right,True,0,0.0,none
518805__625787,L. Woolfenden + M. van de Ven,518805,L. Woolfenden,625787,M. van de Ven,1.0,1.0,0.3721532091097308,0.4503105590062112,1.6728166771700554,3.627135228365783,0.17656294072911694,0.53680623164123,-0.20612453338812436,-1.5195483569487753,-0.8921687657207108,-0.43582296543030363,-0.48212395223970084,0.7262839861524025,-1.2084079383921036,-1.0777218601301861,0.8959754117571025,-1.2961650114595122,-0.5293013088298648,1675,1634,1624,False,right,left,True,0,0.0,none
283145__397074,M. Guéhi + T. Adarabioyo,397074,M. Guéhi,283145,T. Adarabioyo,1.0,0.9826896865061336,0.36756019990913225,0.5429804634257156,2.490843984329297,4.591381113612593,0.17656294072911694,-1.4425559981080731,-0.2751194039746939,-0.2672525607970664,0.2085524851979142,0.4397561556748868,-0.20108312094127595,0.2630749577259638,-0.4641580786672398,-0.4494936916842304,-1.0953370718693474,0.10081261277883177,-0.533185444847153,1676,1628,1610,False,left,right,True,0,0.0,none
412968__447424,C. Bassey + M. Senesi,447424,C. Bassey,412968,M. Senesi,1.0,1.0,0.365158371040724,0.518552036199095,2.008714771940041,3.9001525176362777,0.17656294072911694,0.53680623164123,-0.31119899030021536,-0.5973663870076849,-0.44019097986859684,-0.18791084898420235,-0.24187573864828738,0.3271780721897056,-0.5690538108379931,-0.5406799844011759,-0.8197609836730093,-0.09607958519190452,-0.5354842043408716,1677,1616,1659,False,left,left,False,0,0.0,none
447424__558243,C. Bassey + S. van den Berg,447424,C. Bassey,558243,S. van den Berg,1.0,1.0,0.34019607843137256,0.5,2.0720809618162725,4.23835818656899,0.17656294072911694,0.53680623164123,-0.6861754105307288,-0.848069536943072,-0.3549266969087428,0.11919528119243883,-0.3797578602544023,0.5520607047191051,-0.9318185649735072,-0.8488965247446415,0.14699822442754845,-0.7769990879204413,-0.5357486126281445,1678,1616,1669,False,left,left,False,0,0.0,none
15806__283145,T. Adarabioyo + J. Vestergaard,283145,T. Adarabioyo,15806,J. Vestergaard,1.0,0.9859154929577465,0.3672241784037559,0.5525234741784038,2.101266777258332,3.7893832001206453,0.17656294072911694,-1.0736984697295928,-0.280167022924537,-0.1382929776067912,-0.3156548449775091,-0.2884944274673338,-0.2916282759383535,0.40792846484643697,-0.6995567407847905,-0.6518949464153183,-0.4726190777793876,-0.3410372034581904,-0.5359406372331135,1679,1610,1631,False,right,left,True,0,0.0,none
545267__583655,R. Drăgușin + C. Okoli,545267,R. Drăgușin,583655,C. Okoli,1.0,0.9918032786885246,0.35124468731026104,0.513357619914997,2.2128157494752587,4.315296250469595,0.17656294072911694,-0.4004547011237593,-0.5202063679123984,-0.6675611899136094,-0.16555676981215206,0.18905854262848235,-0.3439013040005001,0.4916773886454133,-0.8355786926459134,-0.7687441192806509,-0.11258663623196138,-0.5963541788963328,-0.5374188862891804,1680,1624,1631,False,right,left,True,0,0.0,none
283145__447424,C. Bassey + T. Adarabioyo,447424,C. Bassey,283145,T. Adarabioyo,1.0,0.9859154929577465,0.37837613918806956,0.5463960231980116,1.9611930550263974,3.56061612148261,0.17656294072911694,-1.0736984697295928,-0.1126454575420987,-0.22109635538016578,-0.5041352556026633,-0.4962253400036344,-0.2986015564565782,0.4149017453646617,-0.71350330182124,-0.6674827570113252,-0.4426412930308004,-0.3672152852521149,-0.5399768234653257,1681,1616,1610,False,left,right,True,0,0.0,none
415917__488453,Gabriel Magalhaes + L. Martínez,415917,Gabriel Magalhaes,488453,L. Martínez,1.0,1.0,0.3263392857142857,0.5425595238095238,1.672702355329717,2.8637908260752942,0.17656294072911694,0.53680623164123,-0.8943281876111052,-0.2729409330371453,-0.8923225949119901,-1.1289744023036863,-0.5430119645014483,0.8084830737816212,-1.3514950382830695,-1.213828646630881,1.2493451849992532,-1.5647434656613468,-0.5450594609479339,1682,1609,1611,False,left,left,False,0,0.0,none
283145__364003,S. Bueno + T. Adarabioyo,364003,S. Bueno,283145,T. Adarabioyo,1.0,0.9859154929577465,0.36347417840375584,0.5283568075117371,2.227257489409685,4.196361198305549,0.17656294072911694,-1.0736984697295928,-0.33649845040478554,-0.46486949954498136,-0.14612425220920505,0.0810601056782013,-0.31427453771427943,0.43057472662236285,-0.7448492643366423,-0.7025175534290677,-0.37526392920841095,-0.42605252609542416,-0.549048460696142,1683,1629,1610,False,center,right,False,0,0.0,none
9097__504375,M. Lacroix + L. Dunk,504375,M. Lacroix,9097,L. Dunk,1.0,0.9964788732394366,0.34706062461726883,0.5431720759338641,2.1815604369641086,4.019600930045999,0.17656294072911694,0.13418005629852428,-0.5830581610225598,-0.264663203012061,-0.20761329577899063,-0.07944625758141517,-0.26501531738253414,0.34883025341202617,-0.6138455707945603,-0.5924053337024334,-0.7266793377642091,-0.1801549606749601,-0.5502374603154715,1684,1628,1651,False,center,left,False,0,0.0,none
424241__518805,N. Milenković + L. Woolfenden,424241,N. Milenković,518805,L. Woolfenden,0.9967741935483871,0.9935483870967742,0.35153609831029187,0.497926267281106,1.9098717361429227,3.6962895098488318,-2.5466959756012724,-0.20090882511573044,-0.5158288752150165,-0.8760929473747618,-0.573192200066273,-0.3730277324632576,-0.7538007791281751,1.1468019538813983,-1.9006027330095736,-1.685018083162358,2.7037611571529454,-2.5954338350402617,-0.5504674614433478,1685,1642,1634,False,right,right,False,0,0.0,none
415847__545267,C. Romero + R. Drăgușin,415847,C. Romero,545267,R. Drăgușin,1.0,0.9805194805194806,0.36604136604136606,0.5125060125060125,2.2295208805564517,4.356339983126038,0.17656294072911694,-1.6907100111638727,-0.2979348919417917,-0.6790693962177314,-0.14307867816469177,0.2263281186941404,-0.3903347883219387,0.5523082156742216,-0.9426430039961602,-0.8725397943612094,0.1480622616645432,-0.7973168601201817,-0.5513145907052781,1686,1624,1624,True,right,right,False,4,250.0,medium
412968__557788,M. Senesi + W. Fofana,412968,M. Senesi,557788,W. Fofana,1.0,0.9861111111111112,0.3435897435897436,0.5455128205128206,2.3968865082022095,4.443710624828803,0.17656294072911694,-1.051330348877223,-0.6351967431277887,-0.23303152480483527,0.08212517678089558,0.3056646352849507,-0.3135166658248743,0.42560272030723956,-0.7391193861321138,-0.7008234349381781,-0.39663833608819155,-0.41529738581995745,-0.5524626954595381,1687,1659,1610,False,left,right,True,0,0.0,none
297957__590703,I. Zabarnyi + M. Akanji,590703,I. Zabarnyi,297957,M. Akanji,1.0,0.9929577464788732,0.3500649285785636,0.5054939566476876,1.870369033637545,3.6548054750264347,0.17656294072911694,-0.2684461190441814,-0.5379283661627469,-0.7738268919631685,-0.6263462497365505,-0.4106971229220976,-0.48725027413379385,0.7090602726271896,-1.1963105467609836,-1.0891810484606204,0.821931527349938,-1.2734578719155822,-0.5527026404084452,1688,1659,1625,False,right,right,False,0,0.0,none
488453__627012,Murillo + L. Martínez,627012,Murillo,488453,L. Martínez,1.0,1.0,0.3700367647058823,0.5246323529411765,1.1126057759809116,2.0653405507167513,0.17656294072911694,0.53680623164123,-0.2379171559084896,-0.5151999582941047,-1.6459773959931556,-1.85400356866169,-0.5472710452548999,0.8042239930281696,-1.3514950382830695,-1.223349236534642,1.2310356095103372,-1.5647434656613468,-0.5553126285464891,1689,1642,1611,False,left,left,False,0,0.0,none
549884__769441,T. Harwood-Bellis + L. Yoro,549884,T. Harwood-Bellis,769441,L. Yoro,1.0,1.0,0.3604336043360433,0.5077913279132791,1.6527687929141657,3.2792752871639492,0.17656294072911694,0.53680623164123,-0.3821730844297648,-0.7427813395141629,-0.9191447994585662,-0.7516956139376335,-0.4240212115287638,0.6025901672897698,-1.0266113788185336,-0.9478411655354474,0.36422186091346664,-0.9549278280468381,-0.5556395901030513,1690,1619,1611,False,right,right,False,0,0.0,none
488453__604320,J. Branthwaite + L. Martínez,604320,J. Branthwaite,488453,L. Martínez,1.0,0.9954954954954955,0.3343186936936937,0.5340653153153153,1.626358186029066,2.8441228127623344,0.17656294072911694,0.02173490822983895,-0.7744638030971489,-0.387727515105688,-0.9546823860325899,-1.1468338529624136,-0.5866637924103739,0.8678455105549738,-1.4545093029653475,-1.311406310950493,1.5045413365225293,-1.7581040969844206,-0.5559615739153718,1691,1623,1611,False,left,left,False,0,0.0,none
518805__590703,I. Zabarnyi + L. Woolfenden,590703,I. Zabarnyi,518805,L. Woolfenden,1.0,1.0,0.36398176291793316,0.4587132725430598,1.7129196492678576,3.6379593568460216,0.17656294072911694,0.53680623164123,-0.3288736610046593,-1.405998193016073,-0.83820700524313,-0.4259941644507372,-0.49329896994935385,0.7151089684427496,-1.2084079383921036,-1.102702076975018,0.8479345686293818,-1.2961650114595122,-0.5562036701905969,1692,1659,1634,False,right,right,False,0,0.0,none
283145__288080,C. Burgess + T. Adarabioyo,288080,C. Burgess,283145,T. Adarabioyo,1.0,0.9859154929577465,0.349561134925495,0.5425597060624617,2.311023353986519,4.250514060053108,0.17656294072911694,-1.0736984697295928,-0.5454962103315051,-0.272938470160018,-0.03341057329610794,0.130233367207984,-0.3272131698216958,0.44351335872977915,-0.7707265285514748,-0.7314400879714134,-0.31964139584788137,-0.4746248685853356,-0.5565374364571382,1693,1634,1610,False,left,right,True,0,0.0,none
412027__534563,E. Konsa + C. Richards,412027,E. Konsa,534563,C. Richards,1.0,1.0,0.343482905982906,0.5377492877492878,1.852387871893663,3.4428285929105975,0.17656294072911694,0.53680623164123,-0.6368016271015849,-0.3379441121648787,-0.6505413428275478,-0.603181773338932,-0.37703185343952106,0.5236113167214704,-0.9006431701609915,-0.8428029110139537,0.024695725998981954,-0.7184820073851748,-0.5576891391843172,1694,1614,1628,False,right,right,False,0,0.0,none
258154__424241,N. Milenković + Rúben Dias,424241,N. Milenković,258154,Rúben Dias,0.9967741935483871,0.9874508261211644,0.37360346184107,0.5449645948072384,2.0693844107728117,3.715859972450482,-2.5466959756012724,-0.8981395190018808,-0.18433925163786707,-0.2404399790461922,-0.35855512228250197,-0.35525686228734926,-0.5463992379139175,0.7999542738899106,-1.346353511803828,-1.2214004309944193,1.2126803001363444,-1.5550926778888308,-0.5579146610340725,1695,1642,1625,False,right,right,False,0,0.0,none
349142__412968,M. Senesi + N. Mazraoui,412968,M. Senesi,349142,N. Mazraoui,1.0,1.0,0.36809954751131224,0.48914027149321265,2.145946432996193,4.356583654671191,0.17656294072911694,0.53680623164123,-0.267017478551001,-0.9948226003198843,-0.2555347901529598,0.22654938354018,-0.23675900048871845,0.2942871669038618,-0.5310461673925804,-0.5292422191926386,-0.9611573431437472,-0.024738184519152814,-0.557915949443274,1696,1659,1611,False,left,right,True,0,0.0,none
15806__545267,J. Vestergaard + R. Drăgușin,15806,J. Vestergaard,545267,R. Drăgușin,1.0,1.0,0.38078703703703703,0.5300925925925926,1.8325840206430368,3.4651942747685913,0.17656294072911694,0.53680623164123,-0.07642963958439286,-0.4414129483227204,-0.677189010614208,-0.5828727169418406,-0.20356166956836216,0.23645668303770248,-0.4400183526060646,-0.4550341466323771,-1.2097677056145406,0.14612354797359506,-0.5612226754058317,1697,1631,1624,False,left,right,True,0,0.0,none
488453__619747,L. Colwill + L. Martínez,619747,L. Colwill,488453,L. Martínez,0.9964285714285714,0.9857142857142858,0.3620535714285714,0.51875,1.5788334335538186,2.865904990980156,-2.8384737166366527,-1.0967056797491785,-0.357838402084929,-0.594691200956545,-1.0186307463578876,-1.1270546444104006,-0.9031996969543405,1.3780050550799647,-2.2812047520343053,-2.0189788392564703,3.6976917444600743,-3.3098343785809003,-0.5621487720063929,1698,1610,1611,False,left,left,False,0,0.0,none
397074__412027,M. Guéhi + E. Konsa,397074,M. Guéhi,412027,E. Konsa,1.0,0.9967741935483871,0.37186379928315416,0.5298088410991637,1.7716627465328472,3.362197901309221,0.17656294072911694,0.1679487032627498,-0.210471965030225,-0.4452474273221174,-0.7591634636174873,-0.6763981086809965,-0.3097778392365383,0.4052773960072199,-0.7150552352437581,-0.6924658017470307,-0.48401589034243203,-0.3701283073202238,-0.5654633294402897,1699,1628,1614,False,left,right,True,0,0.0,none
286380__769441,I. Diop + L. Yoro,286380,I. Diop,769441,L. Yoro,1.0,1.0,0.36666666666666664,0.5416666666666667,1.5378258124918043,2.8345343706066584,0.17656294072911694,0.53680623164123,-0.2885418047877982,-0.2850065680841227,-1.073809784462774,-1.1555405945559085,-0.3632795551805261,0.48975508183114136,-0.8530346370116675,-0.812061537572751,-0.12085053723929648,-0.6291194705121387,-0.5681098240605922,1700,1616,1611,False,right,right,False,0,0.0,none
488453__625787,L. Martínez + M. van de Ven,488453,L. Martínez,625787,M. van de Ven,1.0,1.0,0.35801630434782605,0.4904891304347826,1.479616212418789,2.8913453040917023,0.17656294072911694,0.53680623164123,-0.4184850734922359,-0.9765947798347889,-1.1521354628931757,-1.1039536829900192,-0.5536675021851839,0.7978275360978857,-1.3514950382830695,-1.2376476372449243,1.2035375605635732,-1.5647434656613468,-0.5707112435856596,1701,1611,1624,False,left,left,False,0,0.0,none
349142__534563,C. Richards + N. Mazraoui,534563,C. Richards,349142,N. Mazraoui,1.0,1.0,0.34021493212669685,0.504524886877828,2.143678036298979,4.204848537415703,0.17656294072911694,0.53680623164123,-0.6858921957118236,-0.7869224272027339,-0.258587099566454,0.08876699562431489,-0.35602120207518695,0.4682372673299692,-0.8242584694051561,-0.7958364863720617,-0.2133545473232604,-0.5751058059714564,-0.5769457685773003,1702,1628,1611,False,right,right,False,0,0.0,none
412027__545267,E. Konsa + R. Drăgușin,412027,E. Konsa,545267,R. Drăgușin,1.0,1.0,0.39814814814814814,0.5277777777777778,1.5384517950619387,2.930838388660363,0.17656294072911694,0.53680623164123,0.18436400615749837,-0.4726942243704392,-1.072967474784819,-1.0680921659170057,-0.22642886329135217,0.24681136634160497,-0.473240229632957,-0.5061506166617389,-1.1652534391350957,0.08376516357440472,-0.5858983073565173,1703,1614,1624,False,right,right,False,0,0.0,none
9097__286380,L. Dunk + I. Diop,9097,L. Dunk,286380,I. Diop,1.0,1.0,0.34009661835748795,0.5603864734299517,1.949656726290062,3.475129015029057,0.17656294072911694,0.53680623164123,-0.6876694713145185,-0.032036248741696666,-0.5196583097678904,-0.5738515209183385,-0.3110885460284035,0.3802848003675525,-0.691373346395956,-0.695395706712864,-0.591457811033322,-0.3256767452704717,-0.590270545720523,1704,1651,1616,False,left,right,True,0,0.0,none
424241__488453,N. Milenković + L. Martínez,424241,N. Milenković,488453,L. Martínez,0.9967741935483871,0.9935483870967742,0.3373991935483871,0.5381048387096774,1.7166712713916563,2.960499585574751,-2.5466959756012724,-0.20090882511573044,-0.7281894153191281,-0.33313937026077534,-0.8331588972387379,-1.0411584500229731,-0.8253443290736582,1.2183455038268813,-2.0436898329005393,-1.844943860277096,3.0113233059594156,-2.864012289242096,-0.5918773961991426,1705,1642,1611,False,right,left,True,0,0.0,none
50102__283145,F. Schär + T. Adarabioyo,50102,F. Schär,283145,T. Adarabioyo,1.0,0.9859154929577465,0.34398699891657636,0.5229488821038117,2.3174872665534805,4.427164685908319,0.17656294072911694,-1.0736984697295928,-0.6292292872252223,-0.5379495603982829,-0.02471286129521766,0.29064017017753696,-0.3921766276850609,0.5084768165931444,-0.9006534442782053,-0.8766569732220891,-0.04036673433639098,-0.7185012921880792,-0.5941387653495778,1706,1613,1610,False,right,right,False,0,0.0,none
447424__545267,C. Bassey + R. Drăgușin,447424,C. Bassey,545267,R. Drăgușin,1.0,1.0,0.3919389978213508,0.5239651416122004,1.6925102984111022,3.236427196130556,0.17656294072911694,0.53680623164123,0.0910919257980454,-0.5242163260960949,-0.8656694212393623,-0.7906036294781412,-0.21053495008658693,0.2103086124465774,-0.42084356253316424,-0.4706219572283841,-1.3221769554250116,0.18211516064411934,-0.5955410331128717,1707,1616,1624,False,left,right,True,0,0.0,none
288080__545267,C. Burgess + R. Drăgușin,288080,C. Burgess,545267,R. Drăgușin,1.0,1.0,0.3631239935587761,0.5201288244766505,2.0423405973712234,3.926325134701054,0.17656294072911694,0.53680623164123,-0.34175882699136095,-0.5760584408759472,-0.3949447389328069,-0.16414492226652283,-0.23914656345170437,0.25616991945556816,-0.4953164829072725,-0.5345792881884719,-1.1250214866020813,0.04232742401925283,-0.5963306052710098,1708,1634,1624,False,left,right,True,0,0.0,none
488453__590703,I. Zabarnyi + L. Martínez,590703,I. Zabarnyi,488453,L. Martínez,1.0,1.0,0.3498448581560284,0.4988918439716312,1.5197191845165912,2.9021694325719407,0.17656294072911694,0.53680623164123,-0.5412342011087709,-0.8630446159020865,-1.0981737024155949,-1.0941248820104525,-0.5648425198948369,0.7866525183882327,-1.3514950382830695,-1.262627854089756,1.155496717435852,-1.5647434656613468,-0.5976136049463918,1709,1659,1611,False,right,left,True,0,0.0,none
397074__412968,M. Guéhi + M. Senesi,397074,M. Guéhi,412968,M. Senesi,1.0,0.9967741935483871,0.3543424317617866,0.5151364764267989,2.538365701242941,4.93091750976626,0.17656294072911694,0.1679487032627498,-0.47367293673281063,-0.6435225924245855,0.27249676093198066,0.7480706466943188,-0.1443573031329852,0.09746539200482648,-0.24182269513781163,-0.3226909190740812,-1.8072843254640112,0.5181422928702517,-0.5999022986021936,1710,1628,1659,False,left,left,False,0,0.0,none
397074__558243,M. Guéhi + S. van den Berg,397074,M. Guéhi,558243,S. van den Berg,1.0,0.9967741935483871,0.32938013915243514,0.496584440227704,2.6017318911191727,5.269123178698973,0.17656294072911694,0.1679487032627498,-0.848649356963324,-0.8942257423599727,0.3577610438918347,1.05517677687096,-0.2822394247391,0.3223480245342258,-0.6045874492733259,-0.6309074594175467,-0.8405251173634543,-0.16277720985828523,-0.6001667068894666,1711,1628,1669,False,left,left,False,0,0.0,none
415847__619747,L. Colwill + C. Romero,619747,L. Colwill,415847,C. Romero,0.9964285714285714,0.9662337662337662,0.38376623376623376,0.5532467532467532,2.4350457424349052,4.4384236453201975,-2.8384737166366527,-3.3242219225542815,-0.03167699838435589,-0.12851893777787005,0.1334714823028614,0.3008638174206756,-0.6029531968216952,0.844824950762046,-1.4477781475837412,-1.347819036642773,1.4055770994664152,-1.7454695316828541,-0.6013302948180328,1712,1610,1624,False,left,right,True,0,0.0,none
412968__534563,C. Richards + M. Senesi,534563,C. Richards,412968,M. Senesi,1.0,1.0,0.32596153846153847,0.523076923076923,2.619090826603757,5.011548201367637,0.17656294072911694,0.53680623164123,-0.9000025988041706,-0.5362192772673468,0.3811188817219201,0.8212869820363833,-0.21161131733596797,0.20242227083332862,-0.4140335881692966,-0.47302802834100416,-1.3560799442289073,0.19489767136098637,-0.6043584631669771,1713,1628,1659,False,right,left,True,0,0.0,none
297957__604320,J. Branthwaite + M. Akanji,604320,J. Branthwaite,297957,M. Akanji,1.0,0.9884532419743688,0.3345387641162289,0.5406674279913717,1.9770080351500197,3.5967588552168284,0.17656294072911694,-0.7835174424555724,-0.7711579681511249,-0.29850979116676996,-0.48285493335354557,-0.4634060938740584,-0.509071546649331,0.6872390001116525,-1.1963105467609836,-1.1379595053213578,0.7281229664148947,-1.2734578719155822,-0.605234437119327,1714,1623,1625,False,left,right,True,0,0.0,none
239411__283145,T. Adarabioyo + T. Mings,283145,T. Adarabioyo,239411,T. Mings,1.0,0.9777187716462711,0.33768182867697993,0.5685753867467098,2.661914555482846,4.679938300458073,0.17656294072911694,-2.0109594024945823,-0.7239437512525425,0.07862472351100071,0.4387416383319447,0.5201701092235353,-0.303266757740591,0.3504800482132896,-0.6537468059538807,-0.6779111735675478,-0.7195869522933599,-0.2550506855027074,-0.6058418095723234,1715,1610,1614,False,right,left,True,0,0.0,none
346131__400549,Pau Torres + T. Chalobah,400549,Pau Torres,346131,T. Chalobah,1.0,1.0,0.36243386243386244,0.48236331569664903,1.6610505733161212,3.3464243678335484,0.17656294072911694,0.53680623164123,-0.3521257793686783,-1.0864030687352202,-0.908001000707482,-0.6907211945127995,-0.4744599888464489,0.6284885748277915,-1.1029485636742407,-1.0605901228543775,0.475557821725159,-1.0982148407984325,-0.6072706830693275,1716,1614,1628,False,left,right,True,0,0.0,none
447424__534563,C. Bassey + C. Richards,447424,C. Bassey,534563,C. Richards,1.0,1.0,0.3372737556561086,0.5339366515837104,2.0064463752428265,3.74841740038079,0.17656294072911694,0.53680623164123,-0.730073707461038,-0.3894662138905345,-0.443243289282091,-0.32569323690006746,-0.36113794023475587,0.442426947265088,-0.8035648874998439,-0.807274251580599,-0.324311824486424,-0.5362633789164462,-0.6081833489195159,1717,1616,1628,False,left,right,True,0,0.0,none
7953__346131,T. Chalobah + C. Coady,346131,T. Chalobah,7953,C. Coady,1.0,1.0,0.3658658658658659,0.5001668335001668,1.5219542018674967,2.9095431302801247,0.17656294072911694,0.53680623164123,-0.3005712053841806,-0.8458150305612545,-1.0951663075856388,-1.0874292291096632,-0.4760438798084915,0.6300724657898342,-1.1061163455983258,-1.0641306935020836,0.48236688988199783,-1.1041608553103461,-0.6081874508485117,1718,1628,1631,False,right,right,False,0,0.0,none
15806__412968,J. Vestergaard + M. Senesi,15806,J. Vestergaard,412968,M. Senesi,1.0,1.0,0.3540064102564103,0.5246794871794871,2.1487884941719755,4.128919596274313,0.17656294072911694,0.53680623164123,-0.47872055568265365,-0.5145630092343103,-0.25171056924344265,0.0198200635520982,-0.23490245813006272,0.23606104701312397,-0.47096350514318674,-0.5250921738051691,-1.2114685251287716,0.08803863857370169,-0.6083789167264758,1719,1631,1659,False,left,left,False,0,0.0,none
15806__558243,S. van den Berg + J. Vestergaard,558243,S. van den Berg,15806,J. Vestergaard,1.0,1.0,0.3290441176470588,0.5061274509803921,2.2121546840482074,4.4671252652070255,0.17656294072911694,0.53680623164123,-0.8536969759131671,-0.7652661591696974,-0.1664462862835886,0.3269261937287394,-0.3727845797361776,0.4609436795425233,-0.8337282592787009,-0.8333087141486347,-0.24470931702821422,-0.5928808641548351,-0.6086433250137486,1720,1669,1631,False,left,left,False,0,0.0,none
15806__239411,J. Vestergaard + T. Mings,15806,J. Vestergaard,239411,T. Mings,1.0,0.9918032786885246,0.3246243169398907,0.5577185792349726,2.2368655432674935,3.9851109742629283,0.17656294072911694,-0.4004547011237593,-0.9200899580499647,-0.06808886696633153,-0.1331958463128458,-0.11076470615718292,-0.38909428231286336,0.48645741458036423,-0.8755516968932275,-0.8697668136009864,-0.1350270440868124,-0.6713846162923515,-0.6096684432850072,1721,1631,1614,False,left,left,False,0,0.0,none
50102__545267,F. Schär + R. Drăgușin,50102,F. Schär,545267,R. Drăgușin,1.0,1.0,0.3575498575498576,0.5005180005180005,2.0488045099381855,4.102975760556265,0.17656294072911694,0.53680623164123,-0.4254919038850782,-0.841069531114212,-0.3862470269319166,-0.003738119296969891,-0.3041100213150695,0.34711969643896295,-0.6512297177540325,-0.6797961734391476,-0.7340329367775669,-0.2503260411544744,-0.6101731759837387,1722,1613,1624,False,right,right,False,0,0.0,none
412968__558243,S. van den Berg + M. Senesi,558243,S. van den Berg,412968,M. Senesi,1.0,1.0,0.3288838612368024,0.48914027149321265,2.684725413177203,5.501488987555836,0.17656294072911694,0.53680623164123,-0.8561043018738614,-0.9948226003198843,0.46943547409526837,1.2661755001288897,-0.2302312373556145,0.22488263252939933,-0.4551138698850138,-0.514650301505047,-1.2595239708186143,0.11778884345273533,-0.6116245733075607,1723,1669,1659,False,left,left,False,0,0.0,none
412027__769441,E. Konsa + L. Yoro,412027,E. Konsa,769441,L. Yoro,1.0,1.0,0.41666666666666663,0.5324074074074074,1.2453712426663968,2.3418802132827423,0.17656294072911694,0.53680623164123,0.4625438949488491,-0.41013167227500014,-1.4673308284643354,-1.6028929770533265,-0.22918797596085108,0.21902723283393039,-0.4482152087947814,-0.5123182339822797,-1.2846960417297095,0.13073782161421071,-0.6154203651872105,1724,1614,1611,False,right,right,False,0,0.0,none
9097__501419,L. Dunk + J. Todibo,9097,L. Dunk,501419,J. Todibo,1.0,1.0,0.36231884057971014,0.5194508009153318,1.7605350360186685,3.336095161672142,0.17656294072911694,0.53680623164123,-0.3538536047648975,-0.5852209199013663,-0.7741366892419014,-0.7001005835160552,-0.3556865901488434,0.4248828444879924,-0.7805694346368358,-0.7950885073803409,-0.3997330462893234,-0.4931002762445483,-0.6160842228258772,1725,1651,1633,False,left,right,True,0,0.0,none
557788__619747,L. Colwill + W. Fofana,619747,L. Colwill,557788,W. Fofana,0.9964285714285714,0.9718253968253968,0.38809523809523805,0.5916666666666667,2.2862068965517244,3.862068965517241,-2.8384737166366527,-2.6848422602676316,0.03335206652790784,0.3906689945466161,-0.06680310412231666,-0.22249244648245298,-0.49479428576293033,0.6519723277848638,-1.146766613547794,-1.1060446500469496,0.5765133030651433,-1.1804625354553628,-0.6161608411950044,1726,1610,1610,True,left,right,True,10,870.0,high
286380__545267,I. Diop + R. Drăgușin,286380,I. Diop,545267,R. Drăgușin,1.0,1.0,0.3481481481481481,0.537037037037037,1.8309063648873463,3.423492545984279,0.17656294072911694,0.53680623164123,-0.5667216935791489,-0.34756912017956176,-0.6794464307832577,-0.6207397834195878,-0.3605204425110272,0.430952987237631,-0.7914734297486582,-0.8058939202522103,-0.37363780571119315,-0.5135673774296952,-0.6177517773254021,1727,1616,1624,False,right,right,False,0,0.0,none
349142__545267,R. Drăgușin + N. Mazraoui,545267,R. Drăgușin,349142,N. Mazraoui,1.0,1.0,0.394880174291939,0.49455337690631807,1.8297419594672544,3.692858333165469,0.17656294072911694,0.53680623164123,0.13527343754725976,-0.9216725394082943,-0.6810132315237252,-0.37614339695375887,-0.2054182119270179,0.1757506733009195,-0.38116888522793746,-0.4591841920198466,-1.4707398102185039,0.25658563009744,-0.6194969130559864,1728,1624,1611,False,right,right,False,0,0.0,none
9097__258154,Rúben Dias + L. Dunk,258154,Rúben Dias,9097,L. Dunk,1.0,0.9939024390243902,0.37248144220572643,0.5082184517497349,1.8447720724592362,3.5908181847065057,0.17656294072911694,-0.16042446224492046,-0.20119390969647336,-0.7370093967439583,-0.6607890108538377,-0.4688004929000625,-0.3622043008122196,0.43140055515136855,-0.7936048559635881,-0.8096579541528834,-0.3717137335986009,-0.517568123538096,-0.6198567218636413,1729,1625,1651,False,right,left,True,0,0.0,none
349142__397074,M. Guéhi + N. Mazraoui,397074,M. Guéhi,349142,N. Mazraoui,1.0,0.9967741935483871,0.36859582542694497,0.496584440227704,2.062952910938163,4.124217845814327,0.17656294072911694,0.1679487032627498,-0.2595625336404636,-0.8942257423599727,-0.3672092203563935,0.015550660282250328,-0.2887671878722041,0.31083202375869606,-0.5995992116309002,-0.6454993771051386,-0.8900318296649524,-0.15341414948306642,-0.6204420673486684,1730,1628,1611,False,left,right,True,0,0.0,none
239411__397074,M. Guéhi + T. Mings,397074,M. Guéhi,239411,T. Mings,1.0,0.9885774722369116,0.32496033844526706,0.5481755684822844,2.626442750338459,4.787108887754876,0.17656294072911694,-0.7693122295022395,-0.9150423391001217,-0.1970484501566067,0.3910114838625775,0.6174858769850377,-0.2985491273157858,0.32567408717248075,-0.6242232144882666,-0.6673655588698985,-0.8262265401630479,-0.19963408565294166,-0.6214775586144519,1731,1628,1614,False,left,left,False,0,0.0,none
9097__285382,W. Faes + L. Dunk,285382,W. Faes,9097,L. Dunk,1.0,1.0,0.34023048716605553,0.5536930330015715,1.8272593500179155,3.286548575538912,0.17656294072911694,0.53680623164123,-0.6856585323594002,-0.12248813128931939,-0.6843537813497556,-0.7450911372783793,-0.37030337627692045,0.43949963061606945,-0.8098030068929899,-0.8277623246878958,-0.3368962125898263,-0.5479725019961251,-0.6245445265201208,1732,1631,1651,False,right,left,True,0,0.0,none
447424__769441,C. Bassey + L. Yoro,447424,C. Bassey,769441,L. Yoro,1.0,1.0,0.41045751633986927,0.5285947712418301,1.3994297460155605,2.6474690207529354,0.17656294072911694,0.53680623164123,0.3692718145893961,-0.4616537740006559,-1.2600327749188787,-1.325404440614462,-0.2132940627560859,0.1825244789389028,-0.39581854169498865,-0.476789574548925,-1.4416195580196256,0.2290878186839253,-0.6250630909435652,1733,1616,1611,False,left,right,True,0,0.0,none
9097__549884,T. Harwood-Bellis + L. Dunk,549884,T. Harwood-Bellis,9097,L. Dunk,1.0,1.0,0.3338635560268646,0.5265111346765641,2.064599706712423,3.919869931586348,0.17656294072911694,0.53680623164123,-0.7813007509564851,-0.48981102017173683,-0.36499332476368257,-0.1700065403000634,-0.3718302023766412,0.4410264567157901,-0.8128566590924313,-0.8311753346755603,-0.33033246342667016,-0.5537042918501439,-0.6254282647358099,1734,1619,1651,False,right,left,True,0,0.0,none
364003__545267,S. Bueno + R. Drăgușin,364003,S. Bueno,545267,R. Drăgușin,1.0,1.0,0.37703703703703706,0.5059259259259259,1.95857473279439,3.8721722729534953,0.17656294072911694,0.53680623164123,-0.13276106706464144,-0.7679894702609105,-0.507658417845904,-0.21331818379630554,-0.22620793134428804,0.20313999416605438,-0.4293479255103424,-0.5056567536461264,-1.3529944874598503,0.16615223551584204,-0.62549627595785,1735,1629,1624,False,center,right,False,0,0.0,none
283145__286380,T. Adarabioyo + I. Diop,283145,T. Adarabioyo,286380,I. Diop,1.0,0.9859154929577465,0.334585289514867,0.5594679186228482,2.099589121502641,3.747681471336333,0.17656294072911694,-1.0736984697295928,-0.770459076919293,-0.04444914946363261,-0.3179122651465588,-0.32636149394508096,-0.4485870488810185,0.564887237789102,-1.0134742866701207,-1.0027547200351516,0.20213884962369266,-0.9302691418017718,-0.6267895334908223,1736,1610,1616,False,right,right,False,0,0.0,none
504375__545267,M. Lacroix + R. Drăgușin,504375,M. Lacroix,545267,R. Drăgușin,1.0,0.9964788732394366,0.35511215440792904,0.5198226395409493,2.062810075561393,3.967964461001221,0.17656294072911694,0.13418005629852428,-0.46211038328719023,-0.580196074449926,-0.3674014167943579,-0.12633452008266455,-0.31444721386515784,0.34564059351773635,-0.6600878073828942,-0.7029035472417797,-0.7403915263793553,-0.2669529210165575,-0.6269598157380081,1737,1628,1624,False,center,right,False,0,0.0,none
297957__346131,M. Akanji + T. Chalobah,297957,M. Akanji,346131,T. Chalobah,1.0,0.9929577464788732,0.3445487741262389,0.5093027299600069,1.835252513444003,3.565656418050035,0.17656294072911694,-0.2684461190441814,-0.6207904606963408,-0.7223569909484816,-0.6735983398526817,-0.4916485214699615,-0.5211409803898204,0.6751695663711631,-1.1963105467609836,-1.164939066326556,0.676237073431797,-1.2734578719155822,-0.6342899855168553,1738,1625,1628,False,right,right,False,0,0.0,none
397074__447424,M. Guéhi + C. Bassey,397074,M. Guéhi,447424,C. Bassey,1.0,0.9967741935483871,0.36565464895635674,0.5259962049335863,1.9257212498820107,3.6677867087794143,0.17656294072911694,0.1679487032627498,-0.303744045389678,-0.4967695290477732,-0.5518654100720305,-0.398909572242132,-0.29388392603177305,0.30348418586057524,-0.5973681118923483,-0.6569371423136758,-0.921619817886808,-0.14922631340694903,-0.63479977920427,1739,1628,1616,False,left,left,False,0,0.0,none
346131__518805,T. Chalobah + L. Woolfenden,346131,T. Chalobah,518805,L. Woolfenden,1.0,1.0,0.3584656084656085,0.46252204585537915,1.6778031290743156,3.548810299869622,0.17656294072911694,0.53680623164123,-0.41173575553825326,-1.3545282920013861,-0.8854590953592612,-0.5069455629986012,-0.5271896762053805,0.681218262186723,-1.2084079383921036,-1.1784600948409538,0.7022401147112403,-1.2961650114595122,-0.6377910152990073,1740,1628,1634,False,right,right,False,0,0.0,none
349142__558243,S. van den Berg + N. Mazraoui,558243,S. van den Berg,349142,N. Mazraoui,1.0,1.0,0.3431372549019608,0.47058823529411764,2.209312622872425,4.694789323603903,0.17656294072911694,0.53680623164123,-0.6419938987815145,-1.2455257502552715,-0.17027050719310577,0.5336555137168212,-0.37464112209483336,0.4188885394591063,-0.7935296615539397,-0.8374587595361043,-0.42550226429277016,-0.5174269815460968,-0.6498654553651025,1741,1669,1611,False,left,right,True,0,0.0,none
557788__558243,S. van den Berg + W. Fofana,558243,S. van den Berg,557788,W. Fofana,1.0,0.9861111111111112,0.31862745098039214,0.5269607843137255,2.460252698078442,4.781916293761516,0.17656294072911694,-1.051330348877223,-1.0101731633583022,-0.48373467474022236,0.16738945974074965,0.6127707654615919,-0.4513987874309892,0.5426371497975304,-0.9940359372285197,-1.009039975281644,0.10648683236937068,-0.893782820887877,-0.6513305021075861,1742,1669,1610,False,left,right,True,0,0.0,none
283145__501419,J. Todibo + T. Adarabioyo,501419,J. Todibo,283145,T. Adarabioyo,1.0,0.9859154929577465,0.3568075117370892,0.5185322461082283,1.910467431231248,3.6086476179794182,0.17656294072911694,-1.0736984697295928,-0.436643210369672,-0.5976338206233022,-0.5723906446205698,-0.4526105565427978,-0.4931850930014584,0.609485281909542,-1.1026703749110005,-1.1024475207026285,0.39386361436769174,-1.0976926727758485,-0.6526032105961764,1743,1633,1610,False,right,right,False,0,0.0,none
397074__534563,M. Guéhi + C. Richards,397074,M. Guéhi,534563,C. Richards,1.0,0.9967741935483871,0.3264578163771712,0.5305210918114144,2.5360973045457262,4.779182392510773,0.17656294072911694,0.1679487032627498,-0.8925476538936332,-0.43562241930743506,0.2694444515184865,0.6102882587784537,-0.26361950471945356,0.23117674924696913,-0.4947962539664228,-0.589285186253504,-1.2324658773361183,0.043303908166817055,-0.6557215746942241,1744,1628,1628,True,left,right,True,19,1563.0,very_high
239411__364003,S. Bueno + T. Mings,364003,S. Bueno,239411,T. Mings,1.0,0.9918032786885246,0.3208743169398907,0.533551912568306,2.362856255418847,4.392088972447833,0.17656294072911694,-0.4004547011237593,-0.9764213855302133,-0.3946653889045217,0.036334746455458256,0.2587898269883522,-0.41174054408878924,0.46967167712011615,-0.8814122212089054,-0.9203894206147357,-0.2071880912603055,-0.6823849829411719,-0.6588281342736939,1745,1629,1614,False,center,left,False,0,0.0,none
283145__285382,W. Faes + T. Adarabioyo,285382,W. Faes,283145,T. Adarabioyo,1.0,0.9859154929577465,0.3347191583234346,0.552774478194468,1.977191745230495,3.559101031846188,0.17656294072911694,-1.0736984697295928,-0.7684481379641748,-0.13490103201125533,-0.4826077367284239,-0.4976011103051219,-0.5078018791295356,0.624102068037619,-1.1319039471671546,-1.1351213380101837,0.4567004480671888,-1.1525648985274253,-0.6610635142904202,1746,1631,1610,False,right,right,False,0,0.0,none
283145__549884,T. Harwood-Bellis + T. Adarabioyo,549884,T. Harwood-Bellis,283145,T. Adarabioyo,1.0,0.9859154929577465,0.3283522271842437,0.5255925798694607,2.214532101925003,4.1924223878936235,0.17656294072911694,-1.0736984697295928,-0.8640903565612597,-0.5022239208936727,-0.16324728014235096,0.07748348667319406,-0.5093287052292562,0.6256288941373397,-1.134957599366596,-1.1385343479978478,0.463264197230345,-1.1582966883814438,-0.6619472525061092,1747,1619,1610,False,right,right,False,0,0.0,none
297957__619747,L. Colwill + M. Akanji,619747,L. Colwill,297957,M. Akanji,0.9964285714285714,0.978672032193159,0.36227364185110666,0.5253521126760563,1.9294832826747723,3.61854103343465,-2.8384737166366527,-1.90195803043459,-0.354532567138905,-0.505473477017627,-0.5468032936788434,-0.4436268853220454,-0.8256074511932976,1.1393623391818393,-1.9649697903751369,-1.8455320336273349,2.67177862504443,-2.7162525865694853,-0.6644829466142355,1748,1610,1625,False,left,right,True,0,0.0,none
286380__412968,I. Diop + M. Senesi,286380,I. Diop,412968,M. Senesi,1.0,1.0,0.32136752136752134,0.5316239316239316,2.147110838416285,4.087217867490001,0.17656294072911694,0.53680623164123,-0.9690126096774097,-0.42071918109115175,-0.2539679894124923,-0.01804700292564898,-0.39186123107272774,0.42887222304056644,-0.8207334541132941,-0.8759519474250023,-0.3825829070948455,-0.5684892545223911,-0.6664486967454331,1749,1616,1659,False,right,left,True,0,0.0,none
283145__504375,M. Lacroix + T. Adarabioyo,504375,M. Lacroix,283145,T. Adarabioyo,1.0,0.9823943661971831,0.3415492957746479,0.5422535211267605,2.3314928321766883,4.2921533863532755,0.17656294072911694,-1.4763246450722987,-0.6658477666273344,-0.2770761037339969,-0.005867251157658987,0.1680437693918423,-0.40251382023514914,0.43828877407469147,-0.8408025943098407,-0.899764347024721,-0.3421016243990861,-0.6061595871747109,-0.6737445782670285,1750,1628,1610,False,center,right,False,0,0.0,none
346131__488453,T. Chalobah + L. Martínez,346131,T. Chalobah,488453,L. Martínez,1.0,1.0,0.3443287037037037,0.5027006172839505,1.4846026643230492,2.813020375595541,0.17656294072911694,0.53680623164123,-0.6240962956423648,-0.8115747148873996,-1.1454257925317262,-1.1750762805583166,-0.5987332261508634,0.7527618121322062,-1.3514950382830695,-1.3383858719556916,1.0098022635177109,-1.5647434656613468,-0.679200950054802,1751,1628,1611,False,right,left,True,0,0.0,none
288080__412968,C. Burgess + M. Senesi,288080,C. Burgess,412968,M. Senesi,1.0,1.0,0.33634336677814936,0.5147157190635452,2.358545070900162,4.590050456206775,0.17656294072911694,0.53680623164123,-0.7440497430896217,-0.6492085017875371,0.030533702437958526,0.43854785822741604,-0.2704873520134049,0.2161026157026894,-0.4865899677160943,-0.6046373153612637,-1.297268824740982,0.05870733501333567,-0.6797578381002594,1752,1634,1659,False,left,left,False,0,0.0,none
297957__424241,N. Milenković + M. Akanji,424241,N. Milenković,297957,M. Akanji,0.9967741935483871,0.9865061335756474,0.33761926397092235,0.5447069513857338,2.0673211205126103,3.713135628029245,-2.5466959756012724,-1.0061611758011417,-0.7248835803731041,-0.2439216463218573,-0.36133144455969357,-0.357730690934618,-0.7477520833126151,0.9932102467144464,-1.7409623300270614,-1.6714970546479604,2.04347807739078,-2.2957843719239284,-0.681861978491532,1753,1642,1625,False,right,right,False,0,0.0,none
412027__557788,E. Konsa + W. Fofana,412027,E. Konsa,557788,W. Fofana,1.0,0.9861111111111112,0.3611111111111111,0.5601851851851852,1.630183553492116,2.874991016371764,0.17656294072911694,-1.051330348877223,-0.37199577142520307,-0.03475635970236718,-0.9495350477685724,-1.1188041200903647,-0.4789372019284275,0.5539691853627875,-1.032906387291215,-1.0705983176111278,0.15520268741790616,-0.9667437335062998,-0.6820870992814521,1754,1614,1610,False,right,right,False,0,0.0,none
285382__545267,W. Faes + R. Drăgușin,285382,W. Faes,545267,R. Drăgușin,1.0,1.0,0.34828201695671573,0.5303435966086568,1.7085089886151998,3.234912106494134,0.17656294072911694,0.53680623164123,-0.5647107546240306,-0.43802100272718447,-0.8441419023651229,-0.7919793997796287,-0.41973527275954425,0.4539870644670989,-0.873722337226643,-0.9382605382272424,-0.27461545787036423,-0.6679508574712918,-0.6851050779689888,1755,1631,1624,False,right,right,False,0,0.0,none
258154__769441,Rúben Dias + L. Yoro,258154,Rúben Dias,769441,L. Yoro,1.0,0.9939024390243902,0.3990514905149051,0.4894986449864499,1.4329411586609786,2.9502235402841075,0.17656294072911694,-0.16042446224492046,0.19793375683024697,-0.9899797160863844,-1.2149404855487211,-1.0504895665376326,-0.41439530996434215,0.4444667693783019,-0.8588620793426441,-0.9263237850127704,-0.31554273107687036,-0.6400577413583344,-0.6858362601011132,1756,1625,1611,False,right,right,False,0,0.0,none
412027__583655,E. Konsa + C. Okoli,412027,E. Konsa,583655,C. Okoli,1.0,0.9918032786885246,0.34198542805100185,0.5226168791742563,1.7623172682941037,3.410301963518278,0.17656294072911694,-0.4004547011237593,-0.6592963123080735,-0.5424360857227313,-0.7717385529908546,-0.6327174322528941,-0.5406626286657538,0.6411257939100456,-1.1817884225757995,-1.2085770291263924,0.5298845955410786,-1.2461994421315141,-0.6945630243271754,1757,1614,1631,False,right,left,True,0,0.0,none
349142__557788,W. Fofana + N. Mazraoui,557788,W. Fofana,349142,N. Mazraoui,1.0,0.9861111111111112,0.3578431372549019,0.5269607843137255,1.921473717897432,3.6370109608768697,0.17656294072911694,-1.051330348877223,-0.4210863400354417,-0.48373467474022236,-0.5575808045074786,-0.4268553511271177,-0.45792655056409326,0.49859513597128624,-0.9565216865353795,-1.0236318929692356,-0.0828475859043362,-0.8233675320925812,-0.7013437286744348,1758,1610,1611,False,right,right,False,0,0.0,none
15806__534563,C. Richards + J. Vestergaard,534563,C. Richards,15806,J. Vestergaard,1.0,1.0,0.3261217948717949,0.5400641025641025,2.1465200974747614,3.9771844790188253,0.17656294072911694,0.53680623164123,-0.8975952728434762,-0.3066628361171599,-0.2547628786569368,-0.11796232436376691,-0.3541646597165311,0.32685107819237114,-0.6810157379089022,-0.791686440984592,-0.8211667145396444,-0.3062352269309393,-0.7034402802403771,1759,1628,1631,False,right,left,True,0,0.0,none
15806__397074,M. Guéhi + J. Vestergaard,397074,M. Guéhi,15806,J. Vestergaard,1.0,0.9967741935483871,0.354502688172043,0.5321236559139785,2.0657949721139452,3.8965537874174494,0.17656294072911694,0.1679487032627498,-0.47126561077211626,-0.4139661512743986,-0.3633849994468763,-0.19117865970583148,-0.28691064551354833,0.21590049394888366,-0.502811139462432,-0.641349331717669,-1.2981377360679764,0.028259745843566407,-0.7044640375105141,1760,1628,1631,False,left,left,False,0,0.0,none
364003__412968,S. Bueno + M. Senesi,364003,S. Bueno,412968,M. Senesi,1.0,1.0,0.3502564102564103,0.5005128205128205,2.2747792063233288,4.535897594459217,0.17656294072911694,0.53680623164123,-0.5350519831629023,-0.8411395311725005,-0.08217997647513858,0.3893745966976333,-0.2575487199059886,0.16519960415648907,-0.42274832406247775,-0.5757147808189184,-1.516098329620176,0.1785398704358757,-0.7069789152083368,1761,1629,1659,False,center,left,False,0,0.0,none
412027__415847,E. Konsa + C. Romero,412027,E. Konsa,415847,C. Romero,1.0,0.9805194805194806,0.35678210678210676,0.5217652717652718,1.779022399375297,3.4513456961747195,0.17656294072911694,-1.6907100111638727,-0.4370248363374668,-0.5539442920268534,-0.7492604613433943,-0.5954478561872361,-0.5870961129871923,0.7017566209388539,-1.2888527339260463,-1.3123727042069508,0.7905334934375832,-1.447162123355363,-0.7084587287432731,1762,1614,1624,False,right,right,False,0,0.0,none
9097__400549,L. Dunk + Pau Torres,9097,L. Dunk,400549,Pau Torres,1.0,1.0,0.3543823326432022,0.4810213940648723,1.668506842071153,3.3688617900687827,0.17656294072911694,0.53680623164123,-0.47307355710404786,-1.1045371418063619,-0.8979679939858296,-0.6703469945901691,-0.5168761546675458,0.5860724090066948,-1.1029485636742407,-1.155405634334246,0.2932128428415424,-1.0982148407984325,-0.7093819324743468,1763,1651,1614,False,left,left,False,0,0.0,none
285382__769441,W. Faes + L. Yoro,285382,W. Faes,769441,L. Yoro,1.0,1.0,0.3668005354752343,0.5349732262382865,1.415428436219658,2.6459539311165132,0.17656294072911694,0.53680623164123,-0.2865308658326799,-0.37545845063174543,-1.2385052560446392,-1.3267802109159494,-0.42249438542904316,0.4313050738355773,-0.8537994592646204,-0.9444281555477831,-0.3721242030074854,-0.6305550630889244,-0.709962351293922,1764,1631,1611,False,right,right,False,0,0.0,none
7953__9097,L. Dunk + C. Coady,9097,L. Dunk,7953,C. Coady,1.0,1.0,0.35781433607520563,0.4988249118683901,1.5294104706225284,2.931980552515358,0.17656294072911694,0.53680623164123,-0.42151898311955016,-0.8639491036323963,-1.0851333008639863,-1.0670550291870329,-0.5184600456295884,0.5876562999687373,-1.1061163455983258,-1.158946204981952,0.3000219109983803,-1.1041608553103461,-0.7102987002535311,1765,1651,1631,False,left,right,True,0,0.0,none
397074__557788,M. Guéhi + W. Fofana,397074,M. Guéhi,557788,W. Fofana,1.0,0.9828853046594982,0.34408602150537637,0.5529569892473118,2.3138929861441797,4.21134481597194,0.17656294072911694,-1.4201878772557033,-0.6277417982172513,-0.13243466684492358,-0.02954925342253807,0.09466591202702104,-0.3655248532083599,0.33335578973978924,-0.6988806429481491,-0.817080592850678,-0.7932032843993361,-0.3397681490710884,-0.7144549115593576,1766,1628,1610,False,left,right,True,0,0.0,none
412968__504375,M. Lacroix + M. Senesi,504375,M. Lacroix,412968,M. Senesi,1.0,0.9964788732394366,0.3283315276273023,0.514409534127844,2.3790145490903316,4.6316897825069425,0.17656294072911694,0.13418005629852428,-0.864401299385451,-0.653346135361516,0.05807702457640748,0.47635826041127427,-0.34578800242685837,0.28974821268655127,-0.6355362151134096,-0.7729615744145717,-0.980670080678773,-0.22086890152803196,-0.7248555917165241,1767,1628,1659,False,center,left,False,0,0.0,none
424241__619747,N. Milenković + L. Colwill,424241,N. Milenković,619747,L. Colwill,0.9932027649769586,0.9792626728110598,0.4182027649769585,0.6193548387096774,2.537837837837838,4.094594594594595,-5.5617326329670425,-1.834420736506139,0.485618724433846,0.7648334190141752,0.2717864784481397,-0.011348599195131495,-0.37704898774492923,0.33710107714462173,-0.7141500648895509,-0.8428412123997503,-0.7771024808607102,-0.3684292774656278,-0.7282372059512138,1768,1642,1610,False,right,left,True,0,0.0,none
447424__557788,C. Bassey + W. Fofana,447424,C. Bassey,557788,W. Fofana,1.0,0.9861111111111112,0.3549019607843137,0.5563725490196079,1.7842420568412796,3.180579823841957,0.17656294072911694,-1.051330348877223,-0.4652678517846561,-0.08627846142802295,-0.7422369942231156,-0.8413155836515,-0.4630432887236622,0.4727848159064051,-0.9358281046300673,-1.035069658177773,-0.19380486306749978,-0.7845251050375709,-0.7325813090166506,1769,1616,1610,False,left,right,True,0,0.0,none
285382__412968,W. Faes + M. Senesi,285382,W. Faes,412968,M. Senesi,1.0,1.0,0.321501390176089,0.5249304911955515,2.0247134621441383,3.8986374279998555,0.17656294072911694,0.53680623164123,-0.9670016707222914,-0.5111710636387745,-0.4186634609943574,-0.18928661928568985,-0.4510760613212448,0.4519063002700343,-0.902982361591279,-1.0083185654000344,-0.2835605592540168,-0.7228727345639878,-0.7338019973890199,1770,1631,1659,False,right,left,True,0,0.0,none
501419__545267,J. Todibo + R. Drăgușin,501419,J. Todibo,545267,R. Drăgușin,1.0,1.0,0.37037037037037035,0.49610136452241715,1.6417846746159528,3.2844586926273642,0.17656294072911694,0.53680623164123,-0.23290582702952792,-0.9007537913392314,-0.9339248102572686,-0.7469888460173046,-0.4051184866314671,0.3754509480053687,-0.7805694346368358,-0.9055867209196873,-0.6122383009679055,-0.4931002762445483,-0.7350849059991249,1771,1633,1624,False,right,right,False,0,0.0,none
501419__769441,J. Todibo + L. Yoro,501419,J. Todibo,769441,L. Yoro,1.0,1.0,0.38888888888888884,0.5007309941520468,1.3487041222204108,2.6955005172497435,0.17656294072911694,0.53680623164123,0.045274061761822804,-0.8381912392437922,-1.328288163936785,-1.2817896571536254,-0.407877599300966,0.37951746656679874,-0.7873950658677648,-0.911754338240228,-0.5947565407272148,-0.5059121753350435,-0.7354865664052872,1772,1633,1611,False,right,right,False,0,0.0,none
9097__297957,L. Dunk + M. Akanji,9097,L. Dunk,297957,M. Akanji,1.0,0.9929577464788732,0.3364972443355787,0.5079608083282302,1.8427087821990347,3.5880938402852687,0.17656294072911694,-0.2684461190441814,-0.7417382384317104,-0.7404910640196234,-0.6635653331310293,-0.47127432154733123,-0.5635571462109172,0.6327534005500662,-1.1963105467609836,-1.2597545778064245,0.49389209454818,-1.2734578719155822,-0.7364012349218747,1773,1651,1625,False,left,right,True,0,0.0,none
258154__545267,Rúben Dias + R. Drăgușin,258154,Rúben Dias,545267,R. Drăgușin,1.0,0.9939024390243902,0.3805329719963866,0.48486901535682025,1.7260217110565206,3.5391817156617282,0.17656294072911694,-0.16042446224492046,-0.08024613196110375,-1.0525422681818233,-0.820577131869205,-0.5156887554013119,-0.41163619729484324,0.38196865866874485,-0.7936048559635881,-0.9201561676922296,-0.584218988277183,-0.517568123538096,-0.738857405036889,1774,1625,1624,False,right,right,False,0,0.0,none
545267__549884,T. Harwood-Bellis + R. Drăgușin,549884,T. Harwood-Bellis,545267,R. Drăgușin,1.0,1.0,0.34191508581752483,0.5031616982836495,1.9458493453097074,3.86823346254157,0.17656294072911694,0.53680623164123,-0.6603529732211155,-0.8053438916096018,-0.5247814457790498,-0.2168948028013128,-0.4212620988592648,0.3974788378800297,-0.8187409367392946,-0.9416735482149065,-0.5175415023230857,-0.5647492441602628,-0.7390490736364316,1775,1619,1624,False,right,right,False,0,0.0,none
9097__518805,L. Dunk + L. Woolfenden,9097,L. Dunk,518805,L. Woolfenden,1.0,1.0,0.3504140786749482,0.46118012422360244,1.6852593978293473,3.5712477221048555,0.17656294072911694,0.53680623164123,-0.5326835332736228,-1.3726623650725278,-0.8754260886376087,-0.4865713630759708,-0.5696058420264772,0.6388020963656262,-1.2084079383921036,-1.2732756063208222,0.5198951358276237,-1.2961650114595122,-0.7399022647040263,1776,1651,1634,False,left,right,True,0,0.0,none
283145__400549,Pau Torres + T. Adarabioyo,400549,Pau Torres,283145,T. Adarabioyo,1.0,0.9859154929577465,0.3488710038005812,0.48010283925776887,1.8184392372837324,3.6414142463760584,0.17656294072911694,-1.0736984697295928,-0.5558631627088224,-1.1169500425282979,-0.6962219493644979,-0.4228569676169117,-0.6543746575201609,0.7706748464282442,-1.4250495039484052,-1.462764647656534,1.086809503498557,-1.7028072373297323,-0.7459009202446463,1777,1614,1610,False,left,right,True,0,0.0,none
534563__557788,C. Richards + W. Fofana,534563,C. Richards,557788,W. Fofana,1.0,0.9861111111111112,0.3157051282051282,0.5608974358974359,2.3946181115049954,4.291975507573316,0.17656294072911694,-1.051330348877223,-1.0540714602886112,-0.025131351687684822,0.07907286736740139,0.1678822473690856,-0.4327788674113427,0.4085445484473782,-0.841323415858721,-0.967417702117601,-0.4699705651420597,-0.607137183663981,-0.7461274573342146,1778,1628,1610,False,right,right,False,0,0.0,none
7953__283145,C. Coady + T. Adarabioyo,7953,C. Coady,283145,T. Adarabioyo,1.0,0.9859154929577465,0.3523030072325847,0.49790635706128666,1.679342865835108,3.2045330088226347,0.17656294072911694,-1.0736984697295928,-0.5043085887243247,-0.8763620043543322,-0.8833872562426546,-0.8195650022137754,-0.6559585484822034,0.7722587373902869,-1.4282172858724904,-1.4663052183042398,1.0936185716553959,-1.708753251841646,-0.7468176880238303,1779,1631,1610,False,right,right,False,0,0.0,none
50102__412968,F. Schär + M. Senesi,50102,F. Schär,412968,M. Senesi,1.0,1.0,0.3307692307692308,0.4951048951048951,2.365008983467124,4.766701082061987,0.17656294072911694,0.53680623164123,-0.8277828199833389,-0.914219592025802,0.03923141443884881,0.5989546611969689,-0.3354508098767701,0.24310169412727056,-0.5785525040040406,-0.7498542006119397,-1.181201134748156,-0.11390889565677913,-0.7520692198617724,1780,1613,1659,False,right,left,True,0,0.0,none
364003__534563,C. Richards + S. Bueno,534563,C. Richards,364003,S. Bueno,1.0,1.0,0.3223717948717949,0.5158974358974359,2.272510809626114,4.38416247720373,0.17656294072911694,0.53680623164123,-0.9539267003237248,-0.63323935805535,-0.08523228588863277,0.2515922087817682,-0.3768109214924571,0.3014028335189085,-0.6782137550113655,-0.8423090479983415,-0.9305674476747372,-0.3009758273352116,-0.7605199237686342,1781,1628,1629,False,right,center,False,0,0.0,none
286380__397074,M. Guéhi + I. Diop,397074,M. Guéhi,286380,I. Diop,1.0,0.9967741935483871,0.3218637992831541,0.539068100358423,2.0641173163582547,3.854852058633137,0.17656294072911694,0.1679487032627498,-0.9615576647668722,-0.32012232313124006,-0.365642419615926,-0.22904572618357866,-0.44386941845621336,0.41039679814881214,-0.8542662166050257,-0.9922091053375022,-0.4620078361646289,-0.6314311795597238,-0.7609931394300845,1782,1628,1616,False,left,right,True,0,0.0,none
288080__412027,E. Konsa + C. Burgess,412027,E. Konsa,288080,C. Burgess,1.0,1.0,0.3538647342995169,0.5293880837359098,1.5918421161900684,3.021330847749736,0.17656294072911694,0.53680623164123,-0.4808487713870361,-0.4509333366850691,-1.0011265221115095,-0.9859208971478993,-0.43590788811695813,0.3969139696460525,-0.8328218577630104,-0.9744121980342136,-0.51996984265519,-0.5911795233759959,-0.761432956488863,1783,1614,1634,False,right,left,True,0,0.0,none
283145__583655,T. Adarabioyo + C. Okoli,283145,T. Adarabioyo,583655,C. Okoli,1.0,0.9777187716462711,0.33768182867697993,0.5357885015008081,2.4814985060905537,4.639485175821649,0.17656294072911694,-2.0109594024945823,-0.7239437512525425,-0.36444121919768024,0.19597739582454687,0.48343683210298916,-0.43196791037049154,0.389015201563498,-0.8209831119339894,-0.9656049190635924,-0.553926252230136,-0.5689578691746752,-0.7627719090357721,1784,1610,1631,False,right,left,True,0,0.0,none
447424__583655,C. Bassey + C. Okoli,447424,C. Bassey,583655,C. Okoli,1.0,0.9918032786885246,0.33577627772420443,0.5188042430086789,1.9163757716432672,3.7158907709884708,0.17656294072911694,-0.4004547011237593,-0.7525683926675265,-0.593958187448387,-0.5644404994453978,-0.3552288958140296,-0.5247687154609885,0.539332583763401,-1.0641012992243895,-1.1730483696930376,0.09228066799670256,-1.025297448218239,-0.7638994740911559,1785,1616,1631,False,left,left,False,0,0.0,none
364003__397074,M. Guéhi + S. Bueno,397074,M. Guéhi,364003,S. Bueno,1.0,0.9967741935483871,0.350752688172043,0.5079569892473118,2.1917856842652985,4.303531785602353,0.17656294072911694,0.1679487032627498,-0.5275970382523648,-0.7405426732125888,-0.19385440667857223,0.17837587343970362,-0.30955690728947427,0.1869629224486995,-0.49651982973817377,-0.6919719387314184,-1.4225389109973654,0.0400687086496743,-0.764733900934984,1786,1628,1629,False,left,center,False,0,0.0,none
50102__412027,F. Schär + E. Konsa,50102,F. Schär,412027,E. Konsa,1.0,1.0,0.3482905982905983,0.5097772597772599,1.5983060287570303,3.197981473604947,0.17656294072911694,0.53680623164123,-0.5645818482807533,-0.7159444269233339,-0.9924288101106191,-0.8255140941783463,-0.5008713459803232,0.49656810170359533,-0.9974394476839186,-1.1196290832848894,-0.09156170500452668,-0.9001713043896558,-0.7673173140217339,1787,1613,1614,False,right,right,False,0,0.0,none
239411__558243,S. van den Berg + T. Mings,558243,S. van den Berg,239411,T. Mings,1.0,0.9918032786885246,0.2995017679202828,0.5221793635486982,2.772802462272721,5.357680365544452,0.17656294072911694,-0.4004547011237593,-1.2974737042411726,-0.5483484580519056,0.5879501970258652,1.1355907304196085,-0.3844230615384151,0.305155751449255,-0.68957881298767,-0.8593249413008642,-0.9144338408879443,-0.32230835630194626,-0.7684542941772047,1788,1669,1614,False,left,left,False,0,0.0,none
288080__397074,M. Guéhi + C. Burgess,397074,M. Guéhi,288080,C. Burgess,1.0,0.9967741935483871,0.33683964469378214,0.5221598877980365,2.275551548842132,4.357684647349912,0.17656294072911694,0.1679487032627498,-0.7365947981790844,-0.5486116438276254,-0.08114072776547512,0.22754913496948634,-0.3224955393968906,0.1999015545561158,-0.5223970939530064,-0.7208944732737639,-1.3669163776368358,-0.008503633840237331,-0.7722228766959801,1789,1628,1634,False,left,left,False,0,0.0,none
412968__583655,C. Okoli + M. Senesi,583655,C. Okoli,412968,M. Senesi,1.0,0.9918032786885246,0.3244640605296343,0.5079445145018915,2.5290202230041974,4.979021571975317,0.17656294072911694,-0.4004547011237593,-0.9224972840106591,-0.7407112508251994,0.25992167155861334,0.7917513231224211,-0.37524209256220065,0.28425625663642023,-0.6594983491986209,-0.8388021464534429,-1.0042797255065194,-0.2658464916594081,-0.7738542892105589,1790,1631,1659,False,left,left,False,0,0.0,none
283145__518805,T. Adarabioyo + L. Woolfenden,283145,T. Adarabioyo,518805,L. Woolfenden,1.0,0.9859154929577465,0.34490274983232727,0.460261569416499,1.8351917930419268,3.843800178412132,0.17656294072911694,-1.0736984697295928,-0.6154731388783974,-1.3850752657944638,-0.6736800440162771,-0.23908133610271334,-0.7071043448790924,0.8234045337871758,-1.5305088786662682,-1.58063461964311,1.3134917964846389,-1.900757407990812,-0.7764212524743258,1791,1610,1634,False,right,right,False,0,0.0,none
364003__558243,S. Bueno + S. van den Berg,364003,S. Bueno,558243,S. van den Berg,1.0,1.0,0.32529411764705884,0.48196078431372547,2.3381453961995606,4.8741032633919295,0.17656294072911694,0.53680623164123,-0.9100284033934156,-1.0918426811078876,0.003084306484715471,0.6964807268742745,-0.3954308415121035,0.31352733330699917,-0.7089581748191026,-0.883931321162384,-0.8784448285026341,-0.35868395583586926,-0.777235900299156,1792,1629,1669,False,center,left,False,0,0.0,none
415847__447424,C. Bassey + C. Romero,447424,C. Bassey,415847,C. Romero,1.0,0.9805194805194806,0.3505729564553094,0.5179526355996944,1.9330809027244604,3.7569345036449127,0.17656294072911694,-1.6907100111638727,-0.5302969166969198,-0.6054663937525091,-0.5419624077979375,-0.31795931974837155,-0.571202199782427,0.5999634107922093,-1.1711656105746364,-1.276844044773596,0.3529295658932071,-1.2262601294420883,-0.7777951785072535,1793,1616,1624,False,left,right,True,0,0.0,none
9097__488453,L. Dunk + L. Martínez,9097,L. Dunk,488453,L. Martínez,1.0,1.0,0.33627717391304346,0.5013586956521738,1.492058933078081,2.8354577978307747,0.17656294072911694,0.53680623164123,-0.7450440733777344,-0.8297087879585414,-1.1353927858100736,-1.1547020806356862,-0.6411493919719603,0.7103456463111093,-1.3514950382830695,-1.4332013834355601,0.827457284634094,-1.5647434656613468,-0.7813121994598212,1794,1651,1611,False,left,left,False,0,0.0,none
258154__283145,Rúben Dias + T. Adarabioyo,258154,Rúben Dias,283145,T. Adarabioyo,1.0,0.9798179319821367,0.3669701133631055,0.5072998969426314,1.9947044676718158,3.8633706410137822,0.17656294072911694,-1.7709291636157434,-0.2839835153012479,-0.7494222974658942,-0.459042966232506,-0.221310465926805,-0.49970280366483466,0.476556853795688,-0.9762596574605227,-1.117016967475171,-0.1775890605319628,-0.8604162508393814,-0.7838684520650506,1795,1625,1610,False,right,right,False,0,0.0,none
349142__583655,C. Okoli + N. Mazraoui,583655,C. Okoli,349142,N. Mazraoui,1.0,0.9918032786885246,0.33871745419479266,0.48939247830279653,2.0536074326994194,4.172321908023384,0.17656294072911694,-0.4004547011237593,-0.7083868809183121,-0.9914144007605865,-0.3797843097297608,0.059231336710352744,-0.5196519773014197,0.5078049583012764,-1.027456935602696,-1.1616106044845005,-0.04325501958499588,-0.9565149615774166,-0.7850848004332324,1796,1631,1611,False,left,right,True,0,0.0,none
412027__504375,M. Lacroix + E. Konsa,504375,M. Lacroix,412027,E. Konsa,1.0,0.9964788732394366,0.3458528951486698,0.5290818988002086,1.612311594380238,3.0629701740499033,0.17656294072911694,0.13418005629852428,-0.6012003276828654,-0.45507097025904797,-0.9735831999730605,-0.948110494964041,-0.5112085385304116,0.4880396971378122,-0.9992482356682237,-1.1427364570875216,-0.12822489038101326,-0.9035664495926385,-0.7905489855765925,1797,1628,1614,False,center,right,False,0,0.0,none
364003__412027,E. Konsa + S. Bueno,412027,E. Konsa,364003,S. Bueno,1.0,1.0,0.36777777777777776,0.5151851851851852,1.508076251613235,2.9671779860021776,0.17656294072911694,0.53680623164123,-0.2718510114603166,-0.6428643660700324,-1.1138402010246065,-1.035094158677682,-0.4229692560095417,0.34032658155875045,-0.7632958375682922,-0.9454896634918679,-0.7632361984446135,-0.4606772555619711,-0.7938511423917122,1798,1614,1629,False,right,center,False,0,0.0,none
239411__288080,C. Burgess + T. Mings,288080,C. Burgess,239411,T. Mings,1.0,0.9918032786885246,0.3069612734616298,0.5477548111190307,2.44662211999568,4.446241834195391,0.17656294072911694,-0.4004547011237593,-1.1854191454569327,-0.20273435951955832,0.14904842536855537,0.3079630885181349,-0.4246791761962055,0.3363118772788288,-0.7609910534750344,-0.9493119551570811,-0.7804952116763606,-0.4563511119088544,-0.8000747634632196,1799,1634,1614,False,left,left,False,0,0.0,none
412968__415847,C. Romero + M. Senesi,415847,C. Romero,412968,M. Senesi,1.0,0.9805194805194806,0.3392607392607393,0.5070929070929071,2.5457253540853904,5.020065304631759,0.17656294072911694,-1.6907100111638727,-0.7002258080400524,-0.7522194571293215,0.28239976320607363,0.8290208991880792,-0.42167557688363927,0.3293264611341397,-0.7510020380177789,-0.9425978215340014,-0.8105251668771455,-0.4376014529070837,-0.8019767514115611,1800,1624,1659,False,right,left,True,0,0.0,none
349142__415847,C. Romero + N. Mazraoui,415847,C. Romero,349142,N. Mazraoui,1.0,0.9805194805194806,0.3535141329258976,0.48854087089381204,2.070312563780613,4.213365640679825,0.17656294072911694,-1.6907100111638727,-0.48611540494770544,-1.0029226070647086,-0.3573062180823005,0.0965009127760108,-0.5660854616228582,0.5638325028084359,-1.129917964431294,-1.265406279565059,0.19760459660826063,-1.1488371538622848,-0.8031891915725082,1801,1624,1611,False,right,right,False,0,0.0,none
297957__769441,M. Akanji + L. Yoro,297957,M. Akanji,769441,L. Yoro,1.0,0.9929577464788732,0.36306729264475746,0.4892410015649452,1.4308778684007772,2.9474991958628705,0.17656294072911694,-0.2684461190441814,-0.34261057190499006,-0.9934613833620494,-1.2177168078259129,-1.0529633951849013,-0.6157481553630398,0.6444919523643883,-1.2602401077274283,-1.3764204086663117,0.5443555426527273,-1.3934554305721871,-0.8035946276517751,1802,1625,1611,False,right,right,False,0,0.0,none
50102__397074,M. Guéhi + F. Schär,397074,M. Guéhi,50102,F. Schär,1.0,0.9967741935483871,0.33126550868486354,0.5025490638393864,2.2820154614090935,4.534335273205123,0.17656294072911694,0.1679487032627498,-0.8203278750728016,-0.8136227340658904,-0.07244301576458484,0.38795593793903926,-0.38745899726025573,0.264865012419481,-0.6523240096797367,-0.8661113585244398,-1.0876417161253453,-0.25238005744298075,-0.8098242055884196,1803,1628,1613,False,left,right,True,0,0.0,none
412968__501419,J. Todibo + M. Senesi,501419,J. Todibo,412968,M. Senesi,1.0,1.0,0.3435897435897436,0.4906882591093117,1.9579891481448914,3.9481840141330857,0.17656294072911694,0.53680623164123,-0.6351967431277887,-0.9739038522508213,-0.5084463688865033,-0.14429606552336577,-0.43645927519316763,0.34411015944366813,-0.7805694346368358,-0.9756447480924791,-0.7469707860440735,-0.4931002762445483,-0.8105336651083712,1804,1633,1659,False,right,left,True,0,0.0,none
258154__412968,Rúben Dias + M. Senesi,258154,Rúben Dias,412968,M. Senesi,1.0,0.9939024390243902,0.3537523452157598,0.4794559099437148,2.0422261845854592,4.202907037167449,0.17656294072911694,-0.16042446224492046,-0.48253704805936454,-1.1256923290934133,-0.39509869049843954,0.087004025092627,-0.44297698585654377,0.3506278701070443,-0.7936048559635881,-0.9902141948650216,-0.7189514733533507,-0.517568123538096,-0.8143061641461353,1805,1625,1659,False,right,left,True,0,0.0,none
283145__488453,L. Martínez + T. Adarabioyo,488453,L. Martínez,283145,T. Adarabioyo,1.0,0.9859154929577465,0.3307658450704225,0.5004401408450705,1.6419913282906604,3.108010254138051,0.17656294072911694,-1.0736984697295928,-0.8278336789825089,-0.8421216886804773,-0.9336467411887419,-0.9072120536624289,-0.7786478948245753,0.8949480837326587,-1.673595978557234,-1.7405603967578478,1.6210539452911081,-2.169335862192647,-0.8178311872301209,1806,1611,1610,False,left,right,True,0,0.0,none
288080__349142,C. Burgess + N. Mazraoui,288080,C. Burgess,349142,N. Mazraoui,1.0,1.0,0.35059676044330773,0.4961636828644501,1.883132280595384,3.783350792254842,0.17656294072911694,0.53680623164123,-0.5299393399972747,-0.8999116517229242,-0.6091722788504156,-0.2939721281846524,-0.4148972367526239,0.300194233652348,-0.7150914704049719,-0.9274457733923215,-0.93576315815164,-0.37019632172259803,-0.8184910984861723,1807,1634,1611,False,left,right,True,0,0.0,none
412968__549884,T. Harwood-Bellis + M. Senesi,549884,T. Harwood-Bellis,412968,M. Senesi,1.0,1.0,0.3151344590368981,0.49774859287054407,2.262053818838646,4.5319587840472915,0.17656294072911694,0.53680623164123,-1.0626438893193764,-0.8784939525211919,-0.09930300440828449,0.3857979776926261,-0.45260288742096544,0.36025377167146594,-0.8128566590924313,-1.0117315753876985,-0.6775702031814198,-0.5537042918501439,-0.819877707018304,1808,1619,1659,False,right,left,True,0,0.0,none
518805__769441,L. Yoro + L. Woolfenden,769441,L. Yoro,518805,L. Woolfenden,1.0,1.0,0.376984126984127,0.44246031746031744,1.2734284840310899,2.9306530776824573,0.17656294072911694,0.53680623164123,-0.1335558667469025,-1.625632684414954,-1.4295775633324923,-1.0682604367135409,-0.6217968511786,0.6361425625324495,-1.2579394137110496,-1.3899414371807095,0.5084619326782321,-1.3891369641067874,-0.8202595316082426,1809,1611,1634,False,right,right,False,0,0.0,none
283145__557788,T. Adarabioyo + W. Fofana,283145,T. Adarabioyo,557788,W. Fofana,1.0,0.9720266040688577,0.3568075117370892,0.5733568075117371,2.3493647912885662,4.104174228675136,0.17656294072911694,-2.6618350502480457,-0.436643210369672,0.14323850682268385,0.01818090104682911,-0.002649855734481288,-0.3702424836331651,0.22284251401841504,-0.5930849976515802,-0.8276262075483274,-1.268294338427383,-0.14118678920922648,-0.8225387631442239,1810,1610,1610,True,right,right,False,0,0.0,none
400549__769441,Pau Torres + L. Yoro,400549,Pau Torres,769441,L. Yoro,1.0,1.0,0.38095238095238093,0.4623015873015873,1.2566759282728954,2.7282671456463836,0.17656294072911694,0.53680623164123,-0.07394589057732753,-1.357507461148788,-1.452119468680713,-1.2520360682277394,-0.5690671638196684,0.5466577488706784,-1.115724912690347,-1.2720714651941332,0.12377118702285085,-1.1221964021810014,-0.8233436569264116,1811,1614,1611,False,left,right,True,0,0.0,none
239411__501419,J. Todibo + T. Mings,501419,J. Todibo,239411,T. Mings,1.0,0.9918032786885246,0.31420765027322406,0.5237273511647972,2.0460661972404095,3.804375392121701,0.17656294072911694,-0.4004547011237593,-1.0765661454950999,-0.5274297099828426,-0.3899316459559064,-0.2748808352326469,-0.5906510993759683,0.5784809004318747,-1.169131999807843,-1.3203193878882966,0.26057732654785015,-1.2224429856421948,-0.8264750931082322,1812,1633,1614,False,right,left,True,0,0.0,none
285382__397074,M. Guéhi + W. Faes,397074,M. Guéhi,285382,W. Faes,1.0,0.9967741935483871,0.3219976680917217,0.5323746599300427,1.9417199400861083,3.666271619142992,0.17656294072911694,0.1679487032627498,-0.959546725811754,-0.41057420567886277,-0.5303378911977911,-0.4002853425436195,-0.5030842487047303,0.43343087537828007,-0.9365151240830105,-1.1245757233125342,-0.36298548832379995,-0.7858146596013205,-0.8283464400736712,1813,1628,1631,False,left,right,True,0,0.0,none
400549__545267,Pau Torres + R. Drăgușin,400549,Pau Torres,545267,R. Drăgușin,1.0,1.0,0.36243386243386244,0.4576719576719577,1.5497564806684374,3.3172253210240044,0.17656294072911694,0.53680623164123,-0.3521257793686783,-1.420070013244227,-1.057756115001197,-0.7172352570914186,-0.5663080511501695,0.5366405125240711,-1.1029485636742407,-1.2659038478735924,0.08070758816296028,-1.0982148407984325,-0.8283826156475946,1814,1614,1624,False,left,right,True,0,0.0,none
7953__545267,C. Coady + R. Drăgușin,7953,C. Coady,545267,R. Drăgușin,1.0,1.0,0.3658658658658659,0.4754754754754755,1.4106601092198128,2.8803440834705807,0.17656294072911694,0.53680623164123,-0.3005712053841806,-1.1794819750702614,-1.2449214218793536,-1.113943291688282,-0.5678919421122121,0.5382244034861137,-1.1061163455983258,-1.2694444185212985,0.08751665631979869,-1.1041608553103461,-0.8292993834267789,1815,1631,1624,False,right,right,False,0,0.0,none
288080__447424,C. Bassey + C. Burgess,447424,C. Bassey,288080,C. Burgess,1.0,1.0,0.3476555839727195,0.5255754475703325,1.745900619539232,3.326919655219929,0.17656294072911694,0.53680623164123,-0.5741208517464891,-0.5024554384107248,-0.7938284685660526,-0.7084323607090348,-0.42001397491219283,0.2951207594994078,-0.7151347344116006,-0.9388835386008587,-0.9575737701995662,-0.3702775294627211,-0.8307694062528433,1816,1616,1634,False,left,left,False,0,0.0,none
258154__534563,Rúben Dias + C. Richards,258154,Rúben Dias,534563,C. Richards,1.0,0.9939024390243902,0.3258677298311444,0.4948405253283302,2.0399577878882447,4.051171919911962,0.17656294072911694,-0.16042446224492046,-0.9014117652201871,-0.9177921559762628,-0.3981509999119337,-0.05077836282323811,-0.5622391874430123,0.52359155404194,-1.0858307414849524,-1.2568084620444446,0.024610767226497524,-1.0660842138837474,-0.8342378436310225,1817,1625,1628,False,right,right,False,0,0.0,none
15806__557788,J. Vestergaard + W. Fofana,15806,J. Vestergaard,557788,W. Fofana,1.0,0.9861111111111112,0.34375,0.5625,1.9243157790732142,3.4093469024799923,0.17656294072911694,-1.051330348877223,-0.6327894171670944,-0.003475083654648381,-0.5537565835979614,-0.6335846711151996,-0.4560700082054374,0.3485464396204736,-0.804616447825911,-1.019481847581766,-0.7278994390823201,-0.538237186807516,-0.8357581928770822,1818,1631,1610,False,left,right,True,0,0.0,none
7953__769441,C. Coady + L. Yoro,7953,C. Coady,769441,L. Yoro,1.0,1.0,0.3843843843843844,0.4801051051051051,1.1175795568242708,2.29138590809296,0.17656294072911694,0.53680623164123,-0.022391316592829835,-1.1169194229748223,-1.63928477555887,-1.6487441028246028,-0.570651054781711,0.5354652908166146,-1.1061163455983258,-1.2756120358418392,0.07565536872536262,-1.1041608553103461,-0.8359415783653801,1819,1631,1611,False,right,right,False,0,0.0,none
50102__447424,F. Schär + C. Bassey,50102,F. Schär,447424,C. Bassey,1.0,1.0,0.3420814479638009,0.5059646236116824,1.7523645321061938,3.50357028107514,0.17656294072911694,0.53680623164123,-0.6578539286402063,-0.7674665286489897,-0.7851307565651624,-0.5480255577394818,-0.48497743277555794,0.39477489155695067,-0.8797523243325086,-1.0841004238515344,-0.5291656325489027,-0.6792693104763808,-0.8366537637857142,1820,1613,1616,False,right,left,True,0,0.0,none
15806__583655,J. Vestergaard + C. Okoli,15806,J. Vestergaard,583655,C. Okoli,1.0,0.9918032786885246,0.3246243169398907,0.524931693989071,2.056449493875202,3.944657849626506,0.17656294072911694,-0.4004547011237593,-0.9200899580499647,-0.5111548096750125,-0.3759600888202436,-0.14749798327772906,-0.5177954349427638,0.4482155585868194,-0.9660109935295832,-1.1574605590970308,-0.2994268734590594,-0.841179224452633,-0.8367941864767598,1821,1631,1631,True,left,left,False,3,69.0,low
534563__558243,C. Richards + S. van den Berg,534563,C. Richards,558243,S. van den Berg,1.0,1.0,0.300999245852187,0.504524886877828,2.6824570164799884,5.349753870300349,0.17656294072911694,0.53680623164123,-1.2749790190346841,-0.7869224272027339,0.4663831646817742,1.1283931122130246,-0.34949343894208285,0.1648214092013686,-0.5143148481434514,-0.7812445686844698,-1.5177241708476976,0.006666965659393599,-0.8446061424646655,1822,1628,1669,False,right,left,True,0,0.0,none
288080__558243,S. van den Berg + C. Burgess,558243,S. van den Berg,288080,C. Burgess,1.0,1.0,0.3113810741687979,0.4961636828644501,2.421911260776394,4.928256125139488,0.17656294072911694,0.53680623164123,-1.119026163320135,-0.8999116517229242,0.11579798539781258,0.7456539884040572,-0.4083694736195198,0.25693994521969715,-0.6653094188392169,-0.9128538557047295,-1.1217111842920573,-0.2767540305117559,-0.8482910892423331,1823,1669,1634,False,left,left,False,0,0.0,none
349142__504375,M. Lacroix + N. Mazraoui,504375,M. Lacroix,349142,N. Mazraoui,1.0,0.9964788732394366,0.34258492129246065,0.49585749792874895,1.9036017587855536,3.824990118555009,0.17656294072911694,0.13418005629852428,-0.650290896293104,-0.9040492852969031,-0.5816289567119667,-0.2561617260007942,-0.4901978871660774,0.38966490771451623,-0.8798627948805935,-1.0957700324456294,-0.5511331979289137,-0.6794766667584081,-0.8491203089531705,1824,1628,1611,False,center,right,False,0,0.0,none
15806__415847,C. Romero + J. Vestergaard,415847,C. Romero,15806,J. Vestergaard,1.0,0.9805194805194806,0.3394209956709957,0.5240800865800865,2.073154624956395,3.985701582282948,0.17656294072911694,-1.6907100111638727,-0.697818482079358,-0.5226630159791346,-0.35348199717278334,-0.110228407212071,-0.5642289192642024,0.5088463856156276,-1.07307530487983,-1.2612562341775893,-0.038777975562555286,-1.042141905676482,-0.8506898908928576,1825,1624,1631,False,right,left,True,0,0.0,none
297957__545267,M. Akanji + R. Drăgușin,297957,M. Akanji,545267,R. Drăgușin,1.0,0.9929577464788732,0.3445487741262389,0.48461137193531556,1.723958420796319,3.536457371240491,0.17656294072911694,-0.2684461190441814,-0.6207904606963408,-1.0560239354574885,-0.8233534541463965,-0.5181625840485806,-0.6129890426935409,0.5833215040674425,-1.1963105467609836,-1.370252791345771,0.28138683986959784,-1.2734578719155822,-0.8554019180951227,1826,1625,1624,False,right,right,False,0,0.0,none
518805__545267,R. Drăgușin + L. Woolfenden,545267,R. Drăgușin,518805,L. Woolfenden,1.0,1.0,0.3584656084656085,0.4378306878306878,1.5665090364266316,3.519611253060078,0.17656294072911694,0.53680623164123,-0.41173575553825326,-1.688195236510393,-1.035214209652976,-0.5334596255772202,-0.6190377385091009,0.5893701998830025,-1.2084079383921036,-1.3837738198601686,0.30738988114904153,-1.2961650114595122,-0.8589029478772743,1827,1624,1634,False,right,right,False,0,0.0,none
349142__412027,E. Konsa + N. Mazraoui,412027,E. Konsa,349142,N. Mazraoui,1.0,1.0,0.3856209150326797,0.5038126361655774,1.3792434782860994,2.7878640462141515,0.17656294072911694,0.53680623164123,-0.0038165068484154047,-0.7965474352174162,-1.2871950147024278,-1.1979193718351353,-0.4021795365922717,0.2349653754066433,-0.6371449119989149,-0.8990171018655884,-1.2161787626544773,-0.22388847019017927,-0.8591398737671733,1828,1614,1611,False,right,right,False,0,0.0,none
447424__504375,M. Lacroix + C. Bassey,504375,M. Lacroix,447424,C. Bassey,1.0,0.9964788732394366,0.33964374482187243,0.5252692626346314,1.7663700977294015,3.368558981520096,0.17656294072911694,0.13418005629852428,-0.6944724080423184,-0.5065930719847037,-0.7662851464276037,-0.6706219585251765,-0.4953146253256463,0.38624648699116754,-0.8815611123168139,-1.1072077976541665,-0.5658288179253893,-0.6826644556793638,-0.8598854353405728,1829,1628,1616,False,center,left,False,0,0.0,none
239411__258154,Rúben Dias + T. Mings,258154,Rúben Dias,239411,T. Mings,1.0,0.9857057177129148,0.3243702518992403,0.5124950019992003,2.1303032336809773,4.059098415156065,0.17656294072911694,-1.0976853950099097,-0.9239064504266756,-0.6792181868254346,-0.2765839675678427,-0.04358074461665412,-0.5971688100393445,0.5524142588659176,-1.149583068905262,-1.3348888346608392,0.14851813605055217,-1.1857491002596927,-0.8600387965671925,1830,1625,1614,False,right,left,True,0,0.0,none
364003__447424,C. Bassey + S. Bueno,447424,C. Bassey,364003,S. Bueno,1.0,1.0,0.3615686274509804,0.5113725490196078,1.6621347549623984,3.2727667934723703,0.17656294072911694,0.53680623164123,-0.3651230918197696,-0.6943864677956881,-0.9065421474791497,-0.7576056222388174,-0.4070753428047764,0.2385333714121058,-0.6456087142168824,-0.909961004058513,-1.2008401259889896,-0.2397752616486963,-0.8631875921556926,1831,1616,1629,False,left,center,False,0,0.0,none
15806__349142,J. Vestergaard + N. Mazraoui,15806,J. Vestergaard,349142,N. Mazraoui,1.0,1.0,0.36825980392156865,0.5061274509803921,1.6733757038671975,3.3222199323223793,0.17656294072911694,0.53680623164123,-0.2646101525903066,-0.7652661591696974,-0.8914165505318168,-0.7126999228599702,-0.3793123428692816,0.19139456034842894,-0.5707069032177106,-0.8479006318362264,-1.4034875209529574,-0.09918248542774455,-0.8648330692895494,1832,1631,1611,False,left,right,True,0,0.0,none
239411__534563,C. Richards + T. Mings,534563,C. Richards,239411,T. Mings,1.0,0.9918032786885246,0.2965794451450189,0.5561160151324085,2.707167875699275,4.867739579356252,0.17656294072911694,-0.4004547011237593,-1.3413720011714818,-0.08974513499936797,0.49963360465251694,0.6907022123271023,-0.36580314151876864,0.1682688436012077,-0.5340719851199762,-0.8177026681368216,-1.5029038225047398,-0.030417728297311365,-0.8658060264792949,1833,1628,1614,False,right,left,True,0,0.0,none
397074__501419,M. Guéhi + J. Todibo,397074,M. Guéhi,501419,J. Todibo,1.0,0.9967741935483871,0.34408602150537637,0.49813242784380307,1.8749956260868612,3.7158182052762223,0.17656294072911694,0.1679487032627498,-0.6277417982172513,-0.8733069942909096,-0.6201207990899369,-0.35529478878129545,-0.4884674625766532,0.3658734777358785,-0.8543409403125319,-1.091901906004979,-0.6534113674212632,-0.6315714380307499,-0.8682886508350185,1834,1628,1633,False,left,right,True,0,0.0,none
364003__557788,S. Bueno + W. Fofana,364003,S. Bueno,557788,W. Fofana,1.0,0.9861111111111112,0.33999999999999997,0.5383333333333333,2.050306491224567,3.8163249006648963,0.17656294072911694,-1.051330348877223,-0.6891208446473429,-0.3300516055928385,-0.3842259908296573,-0.26403013796966446,-0.4787162699813633,0.348502694442762,-0.8272189644241253,-1.0701044545955152,-0.728087497416959,-0.5806627372145445,-0.8696110239657542,1835,1629,1610,False,center,right,False,0,0.0,none
397074__549884,M. Guéhi + T. Harwood-Bellis,397074,M. Guéhi,549884,T. Harwood-Bellis,1.0,0.9967741935483871,0.31563073695253085,0.5051927616050353,2.179060296780616,4.2995929751904285,0.17656294072911694,0.1679487032627498,-1.055188944408839,-0.7778970945612802,-0.21097743461171814,0.1747992544346964,-0.504611074804451,0.38201708996367634,-0.8866281647681274,-1.1279887333001983,-0.5840107845586094,-0.6921754536363455,-0.8776326927449511,1836,1628,1619,False,left,right,True,0,0.0,none
397074__504375,M. Lacroix + M. Guéhi,504375,M. Lacroix,397074,M. Guéhi,1.0,0.9932530667878237,0.328827805542935,0.5218537028623353,2.2960210270323014,4.399323973650079,0.17656294072911694,-0.23467747207995593,-0.8569463544749136,-0.5527492774016043,-0.05359740562702617,0.2653595371533446,-0.397796189810344,0.2014306992938732,-0.5992268891042172,-0.8892187323270716,-1.360342660764537,-0.1527152897762357,-0.883255222348144,1837,1628,1628,True,center,left,False,30,2694.0,very_high
15806__412027,E. Konsa + J. Vestergaard,412027,E. Konsa,15806,J. Vestergaard,1.0,1.0,0.3715277777777778,0.5393518518518519,1.3820855394618818,2.560199987817273,0.17656294072911694,0.53680623164123,-0.21551958398006804,-0.31628784413184224,-1.2833707937929106,-1.404648691823217,-0.40032299423361584,0.20542274574231384,-0.6057457399759296,-0.8948670564781186,-1.3431810524189456,-0.16495135362567395,-0.8833781146898778,1838,1614,1631,False,right,left,True,0,0.0,none
50102__239411,F. Schär + T. Mings,50102,F. Schär,239411,T. Mings,1.0,0.9918032786885246,0.30138713745271123,0.5281439871603806,2.4530860325626422,4.622892460050602,0.17656294072911694,-0.4004547011237593,-1.26915222235065,-0.46774544975782323,0.15774613736944565,0.4683698914876878,-0.48964263405957076,0.3426621813165919,-0.8323048153761626,-1.094528840407757,-0.7531955717099749,-0.5902090204786541,-0.8912648958126018,1839,1613,1614,False,right,left,True,0,0.0,none
397074__583655,M. Guéhi + C. Okoli,397074,M. Guéhi,583655,C. Okoli,1.0,0.9885774722369116,0.32496033844526706,0.5153886832363829,2.446026700946167,4.746655763118454,0.17656294072911694,-0.7693122295022395,-0.9150423391001217,-0.6401143928652877,0.1482472413551797,0.5807525998644916,-0.4272502799456863,0.23962092471483595,-0.6668712046605223,-0.9550593043659429,-1.196164788645733,-0.27968554580558863,-0.892316197937809,1840,1628,1631,False,left,left,False,0,0.0,none
349142__447424,C. Bassey + N. Mazraoui,447424,C. Bassey,349142,N. Mazraoui,1.0,1.0,0.37941176470588234,0.5,1.533301981635263,3.093452853684344,0.17656294072911694,0.53680623164123,-0.0970885872078684,-0.848069536943072,-1.079896961156971,-0.9204308353962708,-0.3862856233875064,0.16409922348444872,-0.5503848468719551,-0.8634884424322334,-1.5208288111835835,-0.061037422150169586,-0.9002003490012257,1841,1616,1611,False,left,right,True,0,0.0,none
488453__545267,L. Martínez + R. Drăgușin,488453,L. Martínez,545267,R. Drăgușin,1.0,1.0,0.3443287037037037,0.47800925925925924,1.3733085716753652,2.783821328785997,0.17656294072911694,0.53680623164123,-0.6240962956423648,-1.1452416593964065,-1.295180906825441,-1.2015903431369357,-0.690581288454584,0.6609137498284856,-1.3514950382830695,-1.5436995969749066,0.6149520299555118,-1.5647434656613468,-0.9003128826330691,1842,1611,1624,False,left,right,True,0,0.0,none
288080__534563,C. Richards + C. Burgess,534563,C. Richards,288080,C. Burgess,1.0,1.0,0.30845875139353396,0.5301003344481605,2.356276674202948,4.438315338951288,0.17656294072911694,0.53680623164123,-1.1629244602504443,-0.4413083286703867,0.02748139302446434,0.30076547031155093,-0.3897495535998734,0.16804303367762113,-0.5577925872774945,-0.871231582540687,-1.5038745680907923,-0.07494195630289407,-0.90176655295816,1843,1628,1634,False,right,left,True,0,0.0,none
239411__557788,T. Mings + W. Fofana,239411,T. Mings,557788,W. Fofana,1.0,0.9779143897996356,0.31420765027322406,0.5785519125683061,2.4849635572977276,4.299902002817419,0.17656294072911694,-1.9885912816422122,-1.0765661454950999,0.21344261746314352,0.20063989971149243,0.1750798655756696,-0.46770849000767495,0.2939316178352567,-0.7616401078429316,-1.0454980747339955,-0.9626858308359244,-0.45756940495522697,-0.9030686676088204,1844,1614,1610,False,left,right,True,0,0.0,none
15806__288080,C. Burgess + J. Vestergaard,288080,C. Burgess,15806,J. Vestergaard,1.0,1.0,0.33650362318840576,0.5317028985507246,1.8859743417711665,3.5556867338579643,0.17656294072911694,0.53680623164123,-0.7416424171289273,-0.4196520606373503,-0.6053480579408984,-0.5007014481727342,-0.41304069439396807,0.20400373432282615,-0.6170444287167942,-0.9232957280048517,-1.3492813116553284,-0.1861593056971149,-0.9036641186384474,1845,1634,1631,False,left,left,False,0,0.0,none
400549__412968,Pau Torres + M. Senesi,400549,Pau Torres,412968,M. Senesi,1.0,1.0,0.3356532356532357,0.4522588522588522,1.865960954197376,3.9809506425297263,0.17656294072911694,0.53680623164123,-0.754416695466939,-1.493220074155817,-0.6322776736304314,-0.11454247659747968,-0.59764883971187,0.5052997239623704,-1.1029485636742407,-1.3359618750463844,-0.054024896913207915,-1.0982148407984325,-0.9038313747568412,1846,1614,1659,False,left,left,False,0,0.0,none
7953__412968,C. Coady + M. Senesi,7953,C. Coady,412968,M. Senesi,1.0,1.0,0.33908523908523913,0.47006237006237006,1.7268645827487514,3.5440694049763017,0.17656294072911694,0.53680623164123,-0.7028621214824413,-1.2526320359818515,-0.8194429805085881,-0.5112505111943433,-0.5992327306739126,0.5068836149244131,-1.1061163455983258,-1.3395024456940905,-0.047215828756369045,-1.1041608553103461,-0.9047481425360252,1847,1631,1659,False,right,left,True,0,0.0,none
283145__415847,T. Adarabioyo + C. Romero,283145,T. Adarabioyo,415847,C. Romero,1.0,0.9664349734772271,0.35247850740808484,0.5349368940918237,2.498203637171747,4.680528908478092,0.17656294072911694,-3.3012147125346956,-0.5016722752819358,-0.37594942550180227,0.21845548747200716,0.5207064081686472,-0.4784013946919301,0.3082538473769015,-0.7866552420688315,-1.069400594144151,-0.9011152811933022,-0.5045235055496426,-0.9059395825399946,1848,1610,1624,False,right,right,False,0,0.0,none
286380__558243,S. van den Berg + I. Diop,558243,S. van den Berg,286380,I. Diop,1.0,1.0,0.2964052287581699,0.5130718954248366,2.210477028292517,4.425423536422713,0.17656294072911694,0.53680623164123,-1.3439890299079231,-0.6714223310265388,-0.16870370645263827,0.2890591272509922,-0.5297433526788425,0.39127136140860636,-0.9210147140874491,-1.1841684877684677,-0.5442271337136357,-0.756719960223984,-0.9066963760431215,1849,1669,1616,False,left,right,True,0,0.0,none
488453__769441,L. Martínez + L. Yoro,488453,L. Martínez,769441,L. Yoro,1.0,1.0,0.3628472222222222,0.4826388888888889,1.0802280192798235,2.1948631534083765,0.17656294072911694,0.53680623164123,-0.34591640685101405,-1.0826791073009674,-1.6895442605049573,-1.7363911542732564,-0.6933404011240828,0.6581546371589866,-1.3514950382830695,-1.549867214295447,0.6030907423610757,-1.5647434656613468,-0.9069550775716702,1850,1611,1611,True,left,right,True,8,390.0,medium
258154__558243,Rúben Dias + S. van den Berg,258154,Rúben Dias,558243,S. van den Berg,1.0,0.9939024390243902,0.32879005260640837,0.46090387374461983,2.105592374461691,4.541112706100162,0.17656294072911694,-0.16042446224492046,-0.857513468289878,-1.3763954790288004,-0.3098344075385855,0.3941101552692682,-0.5808591074626587,0.47424282617107716,-1.055101933633736,-1.2984307352084874,-0.18753694974301224,-1.0084053894583878,-0.907157530418825,1851,1625,1669,False,right,left,True,0,0.0,none
15806__50102,F. Schär + J. Vestergaard,50102,F. Schär,15806,J. Vestergaard,1.0,1.0,0.3309294871794872,0.5120920745920745,1.8924382543381284,3.732337359713175,0.17656294072911694,0.53680623164123,-0.8253754940226445,-0.6846631508756151,-0.5966503459400081,-0.3402946452031813,-0.47800415225733317,0.30365786638036896,-0.7816620186377022,-1.0685126132555274,-0.9208731740046652,-0.49515108671077457,-0.9095484761713182,1852,1613,1631,False,right,left,True,0,0.0,none
397074__415847,M. Guéhi + C. Romero,397074,M. Guéhi,415847,C. Romero,1.0,0.9772936740678676,0.339757017176372,0.5145370758273984,2.4627318320273606,4.787699495774896,0.17656294072911694,-2.059567539542353,-0.6927708631295151,-0.6516225991694098,0.17072533300263998,0.6180221759301496,-0.4736837642671249,0.2964792249316341,-0.7701629891987589,-1.0588549794465014,-0.9517337951391561,-0.4735670895937306,-0.9096610461837437,1853,1628,1624,False,left,right,True,0,0.0,none
412027__549884,T. Harwood-Bellis + E. Konsa,549884,T. Harwood-Bellis,412027,E. Konsa,1.0,1.0,0.3326558265582656,0.5124209575429088,1.4953508641285524,2.9632391755902523,0.17656294072911694,0.53680623164123,-0.7994429176167906,-0.6802187874187238,-1.1309632289577525,-1.0386707776826893,-0.6180234235245184,0.5295285168927821,-1.1475519404173007,-1.381506458060648,0.050133474069820314,-1.1819366157659987,-0.9121005099625776,1854,1619,1614,False,right,right,False,0,0.0,none
283145__297957,M. Akanji + T. Adarabioyo,297957,M. Akanji,283145,T. Adarabioyo,1.0,0.9788732394366197,0.33098591549295775,0.5070422535211268,1.9926411774116142,3.860646296592545,0.17656294072911694,-1.8789508204150043,-0.8245278440364849,-0.7529039647415593,-0.4618192885096976,-0.22378429457407376,-0.7010556490635322,0.6563053678345335,-1.3573610168980659,-1.5671135911287122,0.5951408258754655,-1.575754070181232,-0.9201653618379629,1855,1625,1610,False,right,right,False,0,0.0,none
349142__364003,S. Bueno + N. Mazraoui,364003,S. Bueno,349142,N. Mazraoui,1.0,1.0,0.3645098039215686,0.48196078431372547,1.7993664160185507,3.7291979305072838,0.17656294072911694,0.53680623164123,-0.32094158007055523,-1.0918426811078876,-0.7218859577635127,-0.34314538971443515,-0.4019586046452076,0.16683443381106072,-0.5687930384562683,-0.898523238849976,-1.5090702785676946,-0.0955901082003689,-0.9211007246353702,1856,1629,1611,False,center,right,False,0,0.0,none
50102__349142,F. Schär + N. Mazraoui,50102,F. Schär,349142,N. Mazraoui,1.0,1.0,0.34502262443438914,0.47655285890580007,1.8895961931623462,3.960001418110053,0.17656294072911694,0.53680623164123,-0.613672416890992,-1.1649227419611892,-0.6004745668495253,-0.1335653252150995,-0.479860694615989,0.2938439296145849,-0.773704624230574,-1.0726626586429973,-0.9630627981180258,-0.4802148367555417,-0.9212931361080146,1857,1613,1611,False,right,right,False,0,0.0,none
286380__349142,I. Diop + N. Mazraoui,286380,I. Diop,349142,N. Mazraoui,1.0,1.0,0.3356209150326797,0.5130718954248366,1.671698048111507,3.280518203538067,0.17656294072911694,0.53680623164123,-0.7549022065850627,-0.6714223310265388,-0.8936739707008665,-0.7505669893377174,-0.5362711158119468,0.38521363849764256,-0.9214847543095893,-1.1987604054560599,-0.5702689820254673,-0.7576022387548321,-0.9219813450866365,1858,1616,1611,False,right,right,False,0,0.0,none
501419__534563,C. Richards + J. Todibo,534563,C. Richards,501419,J. Todibo,1.0,1.0,0.3157051282051282,0.5060728744939271,1.955720751447677,3.7964488968775982,0.17656294072911694,0.53680623164123,-1.0540714602886112,-0.7660036791336708,-0.5114986782999974,-0.2820784534392309,-0.555721476779636,0.41021205683066697,-0.9659335336103031,-1.242239015271902,-0.462802029866582,-0.8410338300362342,-0.9281668826031724,1859,1628,1633,False,right,right,False,0,0.0,none
297957__412968,M. Akanji + M. Senesi,297957,M. Akanji,412968,M. Senesi,1.0,0.9929577464788732,0.31776814734561215,0.4791982665222102,2.040162894325258,4.200182692746212,0.17656294072911694,-0.2684461190441814,-1.0230813767946016,-1.1291739963690786,-0.39787501277563114,0.08453019644535825,-0.6443298312552415,0.551980715505742,-1.1963105467609836,-1.440310818518563,0.14665435479343011,-1.2734578719155822,-0.930850677204369,1860,1625,1659,False,right,left,True,0,0.0,none
288080__557788,C. Burgess + W. Fofana,288080,C. Burgess,557788,W. Fofana,1.0,0.9861111111111112,0.32608695652173914,0.552536231884058,2.1340723558014005,3.870477762412455,0.17656294072911694,-1.051330348877223,-0.8981186045740623,-0.13812057620787518,-0.2715123119165602,-0.21485687643988172,-0.4916549020887796,0.30117464688071427,-0.792829548969494,-1.0990269891378606,-0.9315484106382108,-0.5161128508114536,-0.9322005879226843,1861,1634,1610,False,left,right,True,0,0.0,none
15806__504375,M. Lacroix + J. Vestergaard,504375,M. Lacroix,15806,J. Vestergaard,1.0,0.9964788732394366,0.3284917840375587,0.5313967136150235,1.906443819961336,3.597326060158131,0.17656294072911694,0.13418005629852428,-0.8619939734247566,-0.42378969421132917,-0.5778047358024495,-0.462891045988876,-0.48834134480742153,0.29512946181458594,-0.7834708066220074,-1.0916199870581595,-0.9575363593811512,-0.4985462319137574,-0.9327801477261767,1862,1628,1631,False,center,left,False,0,0.0,none
15806__447424,C. Bassey + J. Vestergaard,447424,C. Bassey,15806,J. Vestergaard,1.0,1.0,0.3653186274509804,0.5355392156862745,1.5361440428110453,2.8657887952874663,0.17656294072911694,0.53680623164123,-0.308791664339521,-0.36780994585749804,-1.076072740247454,-1.1271601553843527,-0.38442908102885065,0.12423837628593151,-0.5086674573147821,-0.859338397044764,-1.6921886029043514,0.017267274843054507,-0.9338723244250764,1863,1616,1631,False,left,left,False,0,0.0,none
412968__518805,L. Woolfenden + M. Senesi,518805,L. Woolfenden,412968,M. Senesi,1.0,1.0,0.33168498168498173,0.43241758241758244,1.8827135099555703,4.183336574565799,0.17656294072911694,0.53680623164123,-0.814026671636514,-1.761345297421983,-0.6097357682822107,0.06923315491671866,-0.6503785270708015,0.558029411321302,-1.2084079383921036,-1.4538318470329603,0.17265739607287384,-1.2961650114595122,-0.9343517069865204,1864,1634,1659,False,right,left,True,0,0.0,none
15806__364003,S. Bueno + J. Vestergaard,364003,S. Bueno,15806,J. Vestergaard,1.0,1.0,0.3504166666666667,0.5175,1.8022084771943332,3.5015338721104055,0.17656294072911694,0.53680623164123,-0.5326446572022079,-0.6115830900223136,-0.7180617368539955,-0.549874709702517,-0.40010206228655176,0.1474163462355242,-0.547518408522076,-0.8943731934625062,-1.5925476674447516,-0.05565703788309009,-0.9360823045412966,1865,1629,1631,False,center,left,False,0,0.0,none
258154__397074,M. Guéhi + Rúben Dias,397074,M. Guéhi,258154,Rúben Dias,1.0,0.9906766325727774,0.3542486231313926,0.48690007867820617,1.959232662527429,3.9705412283105863,0.17656294072911694,-0.5292819906234006,-0.47508210314882715,-1.0250954711335016,-0.5067731207018732,-0.12399469816530267,-0.49498517324002944,0.2986196827235587,-0.7936048559635881,-1.1064713527775216,-0.9425320739719015,-0.517568123538096,-0.9395089232879505,1866,1628,1625,False,left,right,True,0,0.0,none
50102__557788,F. Schär + W. Fofana,50102,F. Schär,557788,W. Fofana,1.0,0.9861111111111112,0.3205128205128205,0.532925407925408,2.1405362683683626,4.047128388267666,0.17656294072911694,-1.051330348877223,-0.9818516814677796,-0.40313166644614007,-0.2628145999156699,-0.05445007347032878,-0.5566183599521448,0.39821946533799,-0.954837825290135,-1.2442438743885367,-0.5143575818633248,-0.8202068778429474,-0.9404705873218553,1867,1613,1610,False,right,right,False,0,0.0,none
415847__558243,S. van den Berg + C. Romero,558243,S. van den Berg,415847,C. Romero,1.0,0.9805194805194806,0.31429844665138784,0.48854087089381204,2.6090915439616227,5.358270973564472,0.17656294072911694,-1.6907100111638727,-1.075202228270566,-1.0029226070647086,0.3676640461659277,1.1361270293647205,-0.5595576984897542,0.3976005424879163,-0.9571582409776704,-1.2508143618774672,-0.5170183002908999,-0.8245623624319766,-0.9454251435123988,1868,1669,1624,False,left,right,True,0,0.0,none
286380__412027,E. Konsa + I. Diop,412027,E. Konsa,286380,I. Diop,1.0,1.0,0.3388888888888889,0.5462962962962963,1.3804078837061913,2.5184982590329614,0.17656294072911694,0.53680623164123,-0.705811637974824,-0.22244401598868363,-1.2856282139619604,-1.4425157583009642,-0.5572817671762809,0.391668410595978,-0.9489501777722588,-1.2457268300979518,-0.5425202390831213,-0.809155600191493,-0.9474506068122109,1869,1614,1616,False,right,right,False,0,0.0,none
415847__534563,C. Richards + C. Romero,534563,C. Richards,415847,C. Romero,1.0,0.9805194805194806,0.3113761238761239,0.5224775224775224,2.5434569573881762,4.868330187376271,0.17656294072911694,-1.6907100111638727,-1.119100525200875,-0.544319284012171,0.27934745379257947,0.6912385112722141,-0.5409377784701077,0.35145479651289313,-0.8923925749830008,-1.2091920887134244,-0.7153965580258129,-0.7029954114527783,-0.9598140940550117,1870,1628,1624,False,right,right,False,0,0.0,none
397074__400549,M. Guéhi + Pau Torres,397074,M. Guéhi,400549,Pau Torres,1.0,0.9967741935483871,0.3361495135688684,0.4597030209933436,1.7829674321393458,3.7485848336728624,0.17656294072911694,0.1679487032627498,-0.7469617505564017,-1.3926232161959053,-0.7439521038338651,-0.32554119985540936,-0.6496570270953557,0.527063042254581,-1.1767200693499367,-1.4522190329588844,0.039534521709603136,-1.2366860025846338,-0.961586360483488,1871,1628,1614,False,left,left,False,0,0.0,none
7953__397074,M. Guéhi + C. Coady,397074,M. Guéhi,7953,C. Coady,1.0,0.9967741935483871,0.33958151700087186,0.4775065387968614,1.6438710606907212,3.3117035961194388,0.17656294072911694,0.1679487032627498,-0.6954071765719039,-1.1520351780219396,-0.9311174107120218,-0.7222492344522731,-0.6512409180573981,0.5286469332166235,-1.1798878512740218,-1.4557596036065903,0.046343589866441055,-1.2426320170965475,-0.9625031282626724,1872,1628,1631,False,left,right,True,0,0.0,none
7953__239411,C. Coady + T. Mings,7953,C. Coady,239411,T. Mings,1.0,0.9918032786885246,0.30970314576871955,0.5031014621178556,1.8149416318442695,3.400260782964917,0.17656294072911694,-0.4004547011237593,-1.1442315238497525,-0.8061578937138726,-0.7009282575779914,-0.6418352809036245,-0.7534245548567132,0.6938885910643627,-1.4473131459210762,-1.6841770854899079,0.7567092258842396,-1.7445967106678566,-0.9639951171132534,1873,1631,1614,False,right,left,True,0,0.0,none
504375__558243,M. Lacroix + S. van den Berg,504375,M. Lacroix,558243,S. van den Berg,1.0,0.9964788732394366,0.3033692350179508,0.49585749792874895,2.4423807389665635,4.969895451439655,0.17656294072911694,0.13418005629852428,-1.2393777196159643,-0.9040492852969031,0.14334130753626154,0.7834643905879155,-0.48367012403297316,0.2521473510545912,-0.7358174750875645,-1.0811781147580373,-1.1423143072975632,-0.40909960722962474,-0.9651032710142126,1874,1628,1669,False,center,left,False,0,0.0,none
364003__583655,S. Bueno + C. Okoli,364003,S. Bueno,583655,C. Okoli,1.0,0.9918032786885246,0.3208743169398907,0.5007650273224044,2.182440206026555,4.35163584781141,0.17656294072911694,-0.4004547011237593,-0.9764213855302133,-0.8377313316132027,-0.20642949605193955,0.22205654986780604,-0.5404416967186897,0.34097052449021564,-0.8814122212089054,-1.20808316611078,-0.7604679199364729,-0.6823849829411719,-0.9686589556245663,1875,1629,1631,False,center,left,False,0,0.0,none
285382__558243,W. Faes + S. van den Berg,285382,W. Faes,558243,S. van den Berg,1.0,1.0,0.2965390975667375,0.5063784549964564,2.0880796520203706,4.236843096932568,0.17656294072911694,0.53680623164123,-1.341978090952805,-0.7618742135741616,-0.33339917803450336,0.11781951089095133,-0.5889581829273597,0.4143054386380743,-1.003263621565434,-1.3165351057435,-0.4452047858728068,-0.911103440265581,-0.9740496766867083,1876,1631,1669,False,right,left,True,0,0.0,none
412968__488453,L. Martínez + M. Senesi,488453,L. Martínez,412968,M. Senesi,1.0,1.0,0.31754807692307696,0.47259615384615383,1.689513045204304,3.4475466502917183,0.17656294072911694,0.53680623164123,-1.0263872117406256,-1.2183917203079964,-0.8697024654546754,-0.5988975626429969,-0.7219220770162845,0.6295729612667851,-1.3514950382830695,-1.6137576241476985,0.48021954487934404,-1.5647434656613468,-0.9757616417423154,1877,1611,1659,False,left,left,False,0,0.0,none
447424__549884,C. Bassey + T. Harwood-Bellis,447424,C. Bassey,549884,T. Harwood-Bellis,1.0,1.0,0.32644667623146817,0.5086083213773314,1.6494093674777162,3.268827983060445,0.17656294072911694,0.53680623164123,-0.8927149979762437,-0.7317408891443795,-0.9236651754122956,-0.7611822412438247,-0.6021295103197531,0.42773530674613736,-1.0298648170658908,-1.345977798627293,-0.3874704534745562,-0.9610346218527239,-0.9814369597265581,1878,1616,1619,False,left,right,True,0,0.0,none
239411__286380,I. Diop + T. Mings,286380,I. Diop,239411,T. Mings,1.0,0.9918032786885246,0.2919854280510018,0.5646630236794171,2.235187887511803,3.943409245478616,0.17656294072911694,-0.4004547011237593,-1.4103820120447208,0.025754961176827074,-0.13545326648189548,-0.1486317726349301,-0.5460530552555284,0.33277247769342544,-0.8788255329489539,-1.2206265872208197,-0.7957109137599292,-0.6775296973501634,-0.9845325072084212,1879,1616,1614,False,right,left,True,0,0.0,none
364003__415847,S. Bueno + C. Romero,364003,S. Bueno,415847,C. Romero,1.0,0.9805194805194806,0.3356709956709957,0.49991341991341987,2.199145337107748,4.392679580467852,0.17656294072911694,-1.6907100111638727,-0.7541499095596067,-0.8492395379173248,-0.18395140440447927,0.2593261259334641,-0.5868751810401284,0.3969980689973751,-0.9838732500375034,-1.3118788411913387,-0.5196083037432166,-0.8747071752260399,-0.9867633467638423,1880,1629,1624,False,center,right,False,0,0.0,none
412027__447424,C. Bassey + E. Konsa,447424,C. Bassey,412027,E. Konsa,1.0,1.0,0.3826797385620915,0.5332244008714597,1.2420118172299472,2.331432909179238,0.17656294072911694,0.53680623164123,-0.047998018597629775,-0.39909122190521684,-1.4718512044180647,-1.6123796043595178,-0.4072962747518406,0.10179321014664468,-0.5090894848984852,-0.9104548670741257,-1.7886792513747956,0.01647511736591041,-0.9885361854763194,1881,1616,1614,False,left,right,True,0,0.0,none
285382__349142,W. Faes + N. Mazraoui,285382,W. Faes,349142,N. Mazraoui,1.0,1.0,0.33575478384124735,0.5063784549964564,1.5493006718393607,3.091937764047922,0.17656294072911694,0.53680623164123,-0.7528912676299444,-0.7618742135741616,-1.0583694422827317,-0.9218066056977583,-0.5954859460604637,0.40777767550497024,-1.003263621565434,-1.3311270234310917,-0.47326731362893604,-0.911103440265581,-0.9897643938573428,1882,1631,1611,False,right,right,False,0,0.0,none
397074__518805,M. Guéhi + L. Woolfenden,397074,M. Guéhi,518805,L. Woolfenden,1.0,0.9967741935483871,0.33218125960061445,0.4398617511520737,1.79971998789754,3.950970765708936,0.17656294072911694,0.1679487032627498,-0.8065717267259767,-1.6607484394620713,-0.7214101984856442,-0.141765568341211,-0.7023867144542871,0.5797927296135125,-1.2821794440677996,-1.5700890049454606,0.2662168146956844,-1.4346361732457136,-0.9921066927131676,1883,1628,1634,False,left,right,True,0,0.0,none
50102__534563,F. Schär + C. Richards,50102,F. Schär,534563,C. Richards,1.0,1.0,0.3028846153846154,0.5104895104895104,2.3627405867699096,4.614965964806499,0.17656294072911694,0.53680623164123,-1.2466575371441615,-0.7063194189086516,0.036179105025354624,0.46117227328110383,-0.4547130114632385,0.1743933377153843,-0.6291063491786227,-1.0164484677913628,-1.4765749281244063,-0.2087998648726938,-0.992956685307542,1884,1613,1628,False,right,right,False,0,0.0,none
501419__558243,J. Todibo + S. van den Berg,501419,J. Todibo,558243,S. van den Berg,1.0,1.0,0.31862745098039214,0.47213622291021673,2.0213553380211233,4.286389683065798,0.17656294072911694,0.53680623164123,-1.0101731633583022,-1.2246070021862083,-0.4231820859266492,0.1628100646532754,-0.5743413967992825,0.36923082818742936,-0.9435722249867119,-1.2838612884359448,-0.6389782854738032,-0.7990610336861038,-0.9934363365973341,1885,1633,1669,False,right,left,True,0,0.0,none
239411__504375,M. Lacroix + T. Mings,504375,M. Lacroix,239411,T. Mings,1.0,0.9882821519279612,0.2989494343107827,0.5474486261833295,2.4670915981858497,4.487881160495558,0.17656294072911694,-0.803080876466465,-1.305770701752762,-0.2068719930935372,0.17659174750700432,0.34577349070199315,-0.4999798266096589,0.24684120321666056,-0.7468210298263196,-1.1176362142103888,-1.1651251718990867,-0.4297535845952441,-0.9943063755939692,1886,1628,1614,False,center,left,False,0,0.0,none
239411__400549,Pau Torres + T. Mings,400549,Pau Torres,239411,T. Mings,1.0,0.9918032786885246,0.3062711423367161,0.4852979443143377,1.9540380032928941,3.8371420205183417,0.17656294072911694,-0.4004547011237593,-1.19578609783425,-1.0467459318878383,-0.5137629506998347,-0.2451272463067608,-0.7518406638946707,0.6562164983131717,-1.4080571622078424,-1.680636514842202,0.5947587802406842,-1.670912140696791,-0.9960730514882539,1887,1614,1614,True,left,left,False,0,0.0,none
286380__447424,C. Bassey + I. Diop,447424,C. Bassey,286380,I. Diop,1.0,1.0,0.3326797385620915,0.542483660130719,1.5344663870553545,2.824087066503154,0.17656294072911694,0.53680623164123,-0.799083718334277,-0.27396611771433943,-1.0783301604165034,-1.1650272218620998,-0.5413878539715156,0.3104840411395956,-0.8518718951111114,-1.210198170664597,-0.8915277895685272,-0.6269369717227647,-0.9979448165474096,1888,1616,1616,True,left,right,True,14,903.0,very_high
288080__364003,S. Bueno + C. Burgess,364003,S. Bueno,288080,C. Burgess,1.0,1.0,0.3327536231884058,0.5075362318840579,2.01196505392252,3.9626647320428683,0.17656294072911694,0.53680623164123,-0.797973844609176,-0.7462285825755404,-0.43581746517259434,-0.13114691502719913,-0.43568695616989395,0.13335979984128735,-0.5690467560111813,-0.973918335018601,-1.6529760585031168,-0.0960663430863532,-1.002065253677506,1889,1629,1634,False,center,left,False,0,0.0,none
558243__583655,S. van den Berg + C. Okoli,558243,S. van den Berg,583655,C. Okoli,1.0,0.9918032786885246,0.2995017679202828,0.48939247830279653,2.5923864128804293,5.31722724090803,0.17656294072911694,-0.4004547011237593,-1.2974737042411726,-0.9914144007605865,0.3451859545184674,1.0988574532990625,-0.5131242141683156,0.24665539500446015,-0.7597796091727758,-1.1470186867969085,-1.1659239521253097,-0.4540771973610009,-1.0141019685082475,1890,1669,1631,False,left,left,False,0,0.0,none
239411__285382,W. Faes + T. Mings,285382,W. Faes,239411,T. Mings,1.0,0.9918032786885246,0.2921192968595694,0.557969583251037,2.1127905112396563,3.754828805988471,0.17656294072911694,-0.4004547011237593,-1.4083710730896026,-0.06469692137079565,-0.3001487380637606,-0.319871388994971,-0.6052678855040454,0.3919873079419425,-0.9972551934459879,-1.3529932051958518,-0.5411493153164331,-0.899825454075817,-1.0188064880080192,1891,1631,1614,False,right,left,True,0,0.0,none
239411__549884,T. Harwood-Bellis + T. Mings,549884,T. Harwood-Bellis,239411,T. Mings,1.0,0.9918032786885246,0.28575236572037854,0.5307876849260296,2.350130867934164,4.388150162035907,0.17656294072911694,-0.4004547011237593,-1.5040132916866873,-0.43201981025321307,0.01921171852231235,0.25521320798334496,-0.606794711603766,0.3935141340416631,-1.0003088456454292,-1.3564062151835157,-0.534585566153277,-0.9055572439298357,-1.019690226223708,1892,1619,1614,False,right,left,True,0,0.0,none
504375__534563,M. Lacroix + C. Richards,504375,M. Lacroix,534563,C. Richards,1.0,0.9964788732394366,0.3004469122426869,0.5297941495124594,2.3767461523931175,4.479954665251455,0.17656294072911694,0.13418005629852428,-1.2832760165462735,-0.4454459622443656,0.055024715162913296,0.33857587249540916,-0.4650502040133268,0.1590975946839941,-0.6241477986973208,-1.0395558415939947,-1.5423305636486535,-0.19949252812210871,-1.022375595516015,1893,1628,1628,True,center,right,False,20,1636.0,very_high
286380__557788,I. Diop + W. Fofana,286380,I. Diop,557788,W. Fofana,1.0,0.9861111111111112,0.3111111111111111,0.5694444444444444,1.9226381233175234,3.3676451736956796,0.17656294072911694,-1.051330348877223,-1.1230814711618504,0.09036874448851022,-0.556014003767011,-0.6714517375929467,-0.6130287811481026,0.3959718813515441,-1.0090006624996468,-1.3703416212015993,-0.5240198331916567,-0.9218720251832826,-1.0267511655949533,1894,1616,1610,False,right,right,False,0,0.0,none
286380__364003,S. Bueno + I. Diop,364003,S. Bueno,286380,I. Diop,1.0,1.0,0.31777777777777777,0.5244444444444445,1.8005308214386424,3.4598321433260937,0.17656294072911694,0.53680623164123,-1.0229367111969638,-0.517739261879155,-0.7203191570230452,-0.5877417761802641,-0.5570608352292167,0.3024806511992786,-0.8595414864284955,-1.2452329670823392,-0.9259339632858743,-0.6413330072979668,-1.0286632739865254,1895,1629,1616,False,center,right,False,0,0.0,none
286380__534563,C. Richards + I. Diop,534563,C. Richards,286380,I. Diop,1.0,1.0,0.29348290598290594,0.5470085470085471,2.1448424417190703,3.935482750234513,0.17656294072911694,0.53680623164123,-1.3878873268382321,-0.21281900797400127,-0.25702029882598654,-0.1558293908415141,-0.5111234326591961,0.22644995220723774,-0.737573384866434,-1.1425462146044252,-1.25278614178511,-0.4123954985747287,-1.0295880495526915,1896,1628,1616,False,right,right,False,0,0.0,none
239411__415847,C. Romero + T. Mings,415847,C. Romero,239411,T. Mings,1.0,0.972322759208005,0.3098786459442197,0.5401319991483926,2.6338024031809084,4.876256682620374,0.17656294072911694,-2.627970943928862,-1.1415952104073637,-0.3057453148613426,0.40091448613667047,0.6984361294787982,-0.57586740106644,0.33083192991978616,-0.9066993309862259,-1.287272461329819,-0.8040532317407522,-0.7298495891872983,-1.0308221180245947,1897,1624,1614,False,right,left,True,0,0.0,none
364003__504375,M. Lacroix + S. Bueno,504375,M. Lacroix,364003,S. Bueno,1.0,0.9964788732394366,0.3247417840375587,0.5072300469483568,2.0324345321126893,4.004304058343036,0.17656294072911694,0.13418005629852428,-0.9183254009050053,-0.7503662161495193,-0.40827414303414544,-0.09333651284334085,-0.5109876065833475,0.22283047390345556,-0.733818080486803,-1.1422425940719092,-1.2683460982803905,-0.4053466881221635,-1.0326944641445044,1898,1628,1629,False,center,center,False,0,0.0,none
397074__488453,M. Guéhi + L. Martínez,397074,M. Guéhi,488453,L. Martínez,1.0,0.9967741935483871,0.3180443548387097,0.48004032258064516,1.6065195231462737,3.2151808414348553,0.17656294072911694,0.1679487032627498,-1.0189322668300882,-1.117794862348085,-0.9813768956581091,-0.8098962859009264,-0.7739302643997701,0.6513362795589955,-1.4252665439587655,-1.7300147820601983,0.5737789635021546,-1.7032146274475481,-1.0335166274689624,1899,1628,1611,False,left,left,False,0,0.0,none
50102__558243,F. Schär + S. van den Berg,50102,F. Schär,558243,S. van den Berg,1.0,1.0,0.30580693815987936,0.47655285890580007,2.4283751733433556,5.104906750994699,0.17656294072911694,0.53680623164123,-1.2027592402138523,-1.1649227419611892,0.12449569739870286,0.9060607913736102,-0.4733329314828849,0.15728581316215431,-0.6306187446450393,-1.0580707409554053,-1.550119321942721,-0.2116386731008398,-1.036398901680687,1900,1613,1669,False,right,left,True,0,0.0,none
258154__412027,E. Konsa + Rúben Dias,412027,E. Konsa,258154,Rúben Dias,1.0,0.9939024390243902,0.3712737127371274,0.49412827461607955,1.2755232298753656,2.63418742871041,0.17656294072911694,-0.16042446224492046,-0.21933607635677893,-0.9274171639909452,-1.4267589150479076,-1.3374647302826883,-0.6083975219600969,0.3714051189813142,-0.9798026409414111,-1.3599890775379713,-0.629631117920517,-0.8670665290774949,-1.0422971799606398,1901,1614,1625,False,right,right,False,0,0.0,none
504375__557788,M. Lacroix + W. Fofana,504375,M. Lacroix,557788,W. Fofana,1.0,0.9825899843505477,0.318075117370892,0.5522300469483568,2.15454183399157,3.9121170887126215,0.17656294072911694,-1.4539565242199288,-1.0184701608698916,-0.14225820978185408,-0.24396898977811127,-0.17704647425602343,-0.5669555525022331,0.30351214266239823,-0.8704676951646314,-1.2673512481911686,-0.9214996329917478,-0.6618418040719186,-1.0424938748074923,1902,1628,1610,False,center,right,False,0,0.0,none
549884__557788,T. Harwood-Bellis + W. Fofana,549884,T. Harwood-Bellis,557788,W. Fofana,1.0,0.9861111111111112,0.3048780487804878,0.535569105691057,2.037581103739885,3.8123860902529705,0.17656294072911694,-1.051330348877223,-1.216712750803817,-0.3674060269415299,-0.4013490187628032,-0.2676067569746717,-0.6737704374963401,0.47274020618131685,-1.1465106436776569,-1.5061212491642955,-0.1939966380481411,-1.1799820729112476,-1.0472560305788394,1903,1619,1610,False,right,right,False,0,0.0,none
286380__415847,C. Romero + I. Diop,415847,C. Romero,286380,I. Diop,1.0,0.9805194805194806,0.30678210678210677,0.531024531024531,2.0714769692007042,3.9439998534986356,0.17656294072911694,-1.6907100111638727,-1.188110536074114,-0.42881918783597595,-0.355739417341833,-0.14809547368981818,-0.7211876922068675,0.5482890131653769,-1.2694767053722444,-1.6121160077974228,0.13078391077126783,-1.4107927804759826,-1.0489813867625275,1904,1624,1616,False,right,right,False,0,0.0,none
557788__583655,C. Okoli + W. Fofana,583655,C. Okoli,557788,W. Fofana,1.0,0.9779143897996356,0.31420765027322406,0.5457650273224044,2.3045475079054363,4.259448878180996,0.17656294072911694,-1.9885912816422122,-1.0765661454950999,-0.22962332524553744,-0.04212434279590538,0.13834658845512346,-0.5964096426375755,0.34245684228882856,-0.938866484926404,-1.33319182023004,-0.7540783139370637,-0.7902282291059829,-1.0508650501173356,1905,1631,1610,False,left,right,True,0,0.0,none
501419__557788,J. Todibo + W. Fofana,501419,J. Todibo,557788,W. Fofana,1.0,0.9861111111111112,0.3333333333333333,0.5285087719298246,1.7335164330461301,3.228611320338765,0.17656294072911694,-1.051330348877223,-0.7892656046122294,-0.46281592667115934,-0.810492383241022,-0.7977008001906635,-0.6576268252685423,0.44056992547198404,-1.0981967507405266,-1.470034421869076,-0.33229506844765777,-1.0892955561573592,-1.0525648427003071,1906,1633,1610,False,right,right,False,0,0.0,none
349142__549884,T. Harwood-Bellis + N. Mazraoui,549884,T. Harwood-Bellis,349142,N. Mazraoui,1.0,1.0,0.3293878527020564,0.47919655667144906,1.7866410285338683,3.725259120095358,0.17656294072911694,0.53680623164123,-0.8485334862270293,-1.129197102456579,-0.7390089856966586,-0.34672200871944236,-0.5970127721601842,0.34109460060561575,-0.9381073727658001,-1.3345400334187558,-0.759934522911904,-0.7888033545308732,-1.0530110444891239,1907,1619,1611,False,right,right,False,0,0.0,none
15806__549884,T. Harwood-Bellis + J. Vestergaard,549884,T. Harwood-Bellis,15806,J. Vestergaard,1.0,1.0,0.3152947154471545,0.5147357723577235,1.7894830897096505,3.49759506169848,0.17656294072911694,0.53680623164123,-1.0602365633586819,-0.648937511371005,-0.7351847647871415,-0.5534513287075242,-0.5951562298015286,0.33661828156955576,-0.9317745113710844,-1.3303899880312864,-0.7791779949303181,-0.7769163980871175,-1.054331672112162,1908,1619,1631,False,right,left,True,0,0.0,none
297957__397074,M. Guéhi + M. Akanji,397074,M. Guéhi,297957,M. Akanji,1.0,0.9897319400272604,0.3182644252612449,0.4866424352567015,1.9571693722672274,3.9678168838893493,0.17656294072911694,-0.6373036474226617,-1.0156264318840642,-1.0285771384091666,-0.5095494429790648,-0.12646852681257142,-0.696338018638727,0.49997252812225634,-1.1963105467609836,-1.5565679764310627,-0.07692624582512089,-1.2734578719155822,-1.056053436346184,1909,1628,1625,False,left,right,True,0,0.0,none
285382__557788,W. Faes + W. Fofana,285382,W. Faes,557788,W. Fofana,1.0,0.9861111111111112,0.3112449799196787,0.5627510040160643,1.8002407470453772,3.179064734205535,0.17656294072911694,-1.051330348877223,-1.121070532206732,-8.313805911250305e-05,-0.7207094753488762,-0.8426913539529876,-0.6722436113966195,0.4551867116000611,-1.1274303229966807,-1.502708239176631,-0.2694582347481607,-1.144167781908936,-1.061025146394551,1910,1631,1610,False,right,right,False,0,0.0,none
534563__583655,C. Richards + C. Okoli,534563,C. Richards,583655,C. Okoli,1.0,0.9918032786885246,0.2965794451450189,0.5233291298865069,2.526751826306983,4.82728645471983,0.17656294072911694,-0.4004547011237593,-1.3413720011714818,-0.5328110777080489,0.2568693621451192,0.6539689352065561,-0.49450429414866914,0.1636307752262327,-0.6581350693749017,-1.105396413632866,-1.522842646854463,-0.2632875776274789,-1.0622085163982675,1911,1628,1631,False,right,left,True,0,0.0,none
288080__415847,C. Burgess + C. Romero,288080,C. Burgess,415847,C. Romero,1.0,0.9805194805194806,0.3217579521927348,0.5141163184641445,2.2829112016845814,4.446832442215411,0.17656294072911694,-1.6907100111638727,-0.9631476694863261,-0.6573085085323613,-0.07123772549138215,0.30849938746324684,-0.5998138131475447,0.33551940582749995,-0.9353332189750445,-1.3408013757336843,-0.7839020068748683,-0.7835961909402557,-1.0622905281173538,1912,1634,1624,False,left,right,True,0,0.0,none
239411__518805,L. Woolfenden + T. Mings,518805,L. Woolfenden,239411,T. Mings,1.0,0.9918032786885246,0.30230288836846214,0.46545667447306793,1.9707905590510884,4.0395279525544145,0.17656294072911694,-0.4004547011237593,-1.255396074003825,-1.3148711551540042,-0.49122104535161376,-0.06135161479256246,-0.8045703512536021,0.6672192023534007,-1.471789553607003,-1.798506486828778,0.6420588555077502,-1.7905396066082275,-1.0647435080837095,1913,1634,1614,False,right,left,True,0,0.0,none
7953__534563,C. Richards + C. Coady,534563,C. Richards,7953,C. Coady,1.0,1.0,0.31120062370062374,0.48544698544698545,1.724596186051537,3.3923342877208142,0.17656294072911694,0.53680623164123,-1.121736838643264,-1.0447318628647009,-0.8224952899220823,-0.6490328991102084,-0.718494932260381,0.5256197474631551,-1.2441146797235363,-1.6060967128735133,0.033329869469807975,-1.3631875550618964,-1.0656869066081935,1914,1628,1631,False,right,right,False,0,0.0,none
258154__288080,Rúben Dias + C. Burgess,258154,Rúben Dias,288080,C. Burgess,1.0,0.9939024390243902,0.33624955814775537,0.4864793213149523,1.7794120321846503,3.629674174751101,0.17656294072911694,-0.16042446224492046,-0.7454589095056382,-1.0307813804964532,-0.7487361791958953,-0.4335174866322054,-0.6211152221204492,0.3555485203643189,-0.9766637424847681,-1.3884177490647045,-0.6977978436018818,-0.8611747296348888,-1.0757831735398946,1915,1625,1634,False,right,left,True,0,0.0,none
288080__583655,C. Burgess + C. Okoli,288080,C. Burgess,583655,C. Okoli,1.0,0.9918032786885246,0.3069612734616298,0.514967925873129,2.2662060706033884,4.405788709558969,0.17656294072911694,-0.4004547011237593,-1.1854191454569327,-0.6458003022282393,-0.09371581713884243,0.2712298113975888,-0.553380328826106,0.24421182426399318,-0.7975921530900992,-1.2370057006531254,-1.1764287407229028,-0.5250523908095538,-1.0764419507053442,1916,1634,1631,False,left,left,False,0,0.0,none
50102__364003,F. Schär + S. Bueno,50102,F. Schär,364003,S. Bueno,1.0,1.0,0.3271794871794872,0.48792540792540795,2.0184289664894814,4.139315357898079,0.17656294072911694,0.53680623164123,-0.8817069215028932,-1.0112396728138053,-0.4271197531717041,0.029259887942353804,-0.5006504140332592,0.15624152014484485,-0.656891934178104,-1.119135220269277,-1.554608685479085,-0.2609541783918088,-1.0781410514567258,1917,1613,1629,False,right,center,False,0,0.0,none
258154__557788,Rúben Dias + W. Fofana,258154,Rúben Dias,557788,W. Fofana,1.0,0.9800135501355014,0.3434959349593496,0.5172764227642277,1.817753469486698,3.4833343433731287,0.17656294072911694,-1.7485610427633735,-0.6366059095438052,-0.6146044035137513,-0.6971447048529583,-0.5664007095746707,-0.6641445359319186,0.414503283906027,-1.0786478198379454,-1.4846038686416188,-0.44435425894495534,-1.0526016707748571,-1.0861285461592673,1918,1625,1610,False,right,right,False,0,0.0,none
285382__412027,W. Faes + E. Konsa,285382,W. Faes,412027,E. Konsa,1.0,1.0,0.3390227576974565,0.5396028558679161,1.2580105074340449,2.329917819542816,0.17656294072911694,0.53680623164123,-0.7038006990197058,-0.3128958985363064,-1.4503236855438253,-1.6137553746610052,-0.6164965974247979,0.3310459230788782,-0.9475425205036762,-1.3780934480729838,-0.8031332858352108,-0.8065133884649992,-1.0912893874800549,1919,1631,1614,False,right,right,False,0,0.0,none
15806__286380,J. Vestergaard + I. Diop,15806,J. Vestergaard,286380,I. Diop,1.0,1.0,0.32152777777777775,0.5486111111111112,1.6745401092872894,3.0528541451411892,0.17656294072911694,0.53680623164123,-0.9666052837167153,-0.19116273994096483,-0.8898497497913493,-0.9572963093257992,-0.5344145734532909,0.1944963041999285,-0.7289108776532195,-1.1946103600685902,-1.3901532790158242,-0.39613573233018073,-1.0935783102050785,1920,1631,1616,False,left,right,True,0,0.0,none
285382__364003,W. Faes + S. Bueno,285382,W. Faes,364003,S. Bueno,1.0,1.0,0.3179116465863454,0.5177510040160642,1.678133445166496,3.271251703835948,0.17656294072911694,0.53680623164123,-1.0209257722418457,-0.6081911444267778,-0.8850146286049103,-0.758981392540305,-0.6162756654777338,0.3255147284287466,-0.9417903939064803,-1.3775995850573715,-0.8269116154450449,-0.7957164873395635,-1.0960165746301118,1921,1631,1629,False,right,center,False,0,0.0,none
285382__534563,W. Faes + C. Richards,285382,W. Faes,534563,C. Richards,1.0,1.0,0.2936167747914736,0.5403151065801668,2.022445065446924,3.746902310744368,0.17656294072911694,0.53680623164123,-1.385876387883114,-0.30327089052162404,-0.4217157704078516,-0.32706900720155496,-0.5703382629077132,0.24948402943670572,-0.8198222923444188,-1.2749128325794572,-1.1537637939442809,-0.5667789786163254,-1.096941350196278,1922,1631,1628,False,right,right,False,0,0.0,none
400549__534563,Pau Torres + C. Richards,400549,Pau Torres,534563,C. Richards,1.0,1.0,0.3077686202686203,0.46764346764346765,1.8636925575001615,3.829215525274239,0.17656294072911694,0.53680623164123,-1.1732914126277616,-1.2853199010386667,-0.6353299830439256,-0.2523248645133448,-0.7169110412983385,0.48794765471196416,-1.2048586960103027,-1.6025561422258074,-0.12862057617374725,-1.289502985090831,-1.0977648409831942,1923,1614,1628,False,left,right,True,0,0.0,none
534563__549884,T. Harwood-Bellis + C. Richards,549884,T. Harwood-Bellis,534563,C. Richards,1.0,1.0,0.2872498436522827,0.5131332082551594,2.259785422141432,4.380223666791804,0.17656294072911694,0.53680623164123,-1.4815186064801988,-0.6705937794040414,-0.10235531382177868,0.24801558977676097,-0.5718650890074338,0.24099157008499744,-0.8128566590924313,-1.2783258425671216,-1.1902724526403246,-0.5537042918501439,-1.106985515445687,1924,1619,1628,False,right,right,False,0,0.0,none
549884__558243,T. Harwood-Bellis + S. van den Berg,549884,T. Harwood-Bellis,558243,S. van den Berg,1.0,1.0,0.2901721664275466,0.47919655667144906,2.325420008714878,4.8701644529800046,0.17656294072911694,0.53680623164123,-1.4376203095498896,-1.129197102456579,-0.014038721448430436,0.6929041078692673,-0.5904850090270802,0.2689031091848279,-0.8593881182119083,-1.319948115731164,-1.0702821397668205,-0.6410451309026379,-1.1092677259761559,1925,1619,1669,False,right,left,True,0,0.0,none
258154__447424,C. Bassey + Rúben Dias,447424,C. Bassey,258154,Rúben Dias,1.0,0.9939024390243902,0.36506456241033,0.4903156384505022,1.429581733224529,2.9397762361806032,0.17656294072911694,-0.16042446224492046,-0.3126081567162319,-0.978939265716601,-1.2194608615024507,-1.059976193843824,-0.5925036087553317,0.26961190883466946,-0.8621155175900013,-1.3244604181046165,-1.0672350454648931,-0.6461645351642201,-1.11163362972462,1926,1616,1625,False,left,right,True,0,0.0,none
412027__501419,E. Konsa + J. Todibo,412027,E. Konsa,501419,J. Todibo,1.0,1.0,0.3611111111111111,0.5053606237816765,1.1912861934347978,2.379464405676046,0.17656294072911694,0.53680623164123,-0.37199577142520307,-0.7756286871483532,-1.5401065934359712,-1.568764820898681,-0.6018798112967207,0.28462308667832026,-0.886502897975041,-1.3454196307654287,-1.0027027414734444,-0.6919403243921606,-1.1119087027031798,1927,1614,1633,False,right,right,False,0,0.0,none
285382__415847,W. Faes + C. Romero,285382,W. Faes,415847,C. Romero,1.0,0.9805194805194806,0.3069159755906744,0.5243310905961508,1.949079592928558,3.7554194140084904,0.17656294072911694,-1.6907100111638727,-1.1860995971189958,-0.5192710703835987,-0.520434888923698,-0.31933509004985905,-0.7804025224553844,0.5713230903948449,-1.3517256128502293,-1.7444826257724546,0.22980625861209678,-1.5651762605175794,-1.1163346874061142,1928,1631,1624,False,right,right,False,0,0.0,none
286380__288080,C. Burgess + I. Diop,288080,C. Burgess,286380,I. Diop,1.0,1.0,0.3038647342995169,0.538647342995169,1.884296686015476,3.513985005073652,0.17656294072911694,0.53680623164123,-1.2319344711236835,-0.32580823249419166,-0.6076054781099481,-0.5385685146504814,-0.5699994673366332,0.21276960733787703,-0.7827690746745102,-1.2741555016246853,-1.311597261273035,-0.49722906158976266,-1.1300027415122056,1929,1634,1616,False,left,right,True,0,0.0,none
501419__583655,J. Todibo + C. Okoli,501419,J. Todibo,583655,C. Okoli,1.0,0.9918032786885246,0.31420765027322406,0.4909404659188956,1.8656501478481178,3.763922267485279,0.17656294072911694,-0.4004547011237593,-1.0765661454950999,-0.9704956526915235,-0.6326958884633042,-0.31161411235319303,-0.7193522520058688,0.44977974780197416,-1.169131999807843,-1.608013133384341,-0.29270250212831744,-1.2224429856421948,-1.1363059144591046,1930,1633,1631,False,right,left,True,0,0.0,none
50102__415847,F. Schär + C. Romero,50102,F. Schär,415847,C. Romero,1.0,0.9805194805194806,0.3161838161838162,0.49450549450549447,2.2893751142515435,4.623483068070621,0.17656294072911694,-1.6907100111638727,-1.0468807463800434,-0.9223195987706263,-0.06254001349049186,0.46890619043279974,-0.6647772710109098,0.35927848155415143,-1.024055752565061,-1.48601826098436,-0.6817629266962515,-0.9501308467033186,-1.1375641778417191,1931,1613,1624,False,right,right,False,0,0.0,none
7953__558243,C. Coady + S. van den Berg,7953,C. Coady,558243,S. van den Berg,1.0,1.0,0.3141229464758877,0.45151033386327505,1.7902307726249833,3.882275073909015,0.17656294072911694,0.53680623164123,-1.0778385417129548,-1.5033351859172384,-0.7341786975487341,-0.20414438101770216,-0.7371148522800274,0.4762710195922923,-1.2133858718723198,-1.6477189860375558,-0.17881784749970156,-1.3055087306365367,-1.1386065933959957,1932,1631,1669,False,right,left,True,0,0.0,none
285382__447424,C. Bassey + W. Faes,447424,C. Bassey,285382,W. Faes,1.0,1.0,0.3328136073706591,0.5357902197023388,1.4120690107832083,2.635506627013009,0.17656294072911694,0.53680623164123,-0.7970727793791588,-0.36441800026196214,-1.2430256319983686,-1.3362668382221408,-0.6006026842200326,0.2501367076827934,-0.850739391902826,-1.342564788639629,-1.1509579627547615,-0.6248112317972809,-1.1415320295056992,1933,1616,1631,False,left,right,True,0,0.0,none
15806__258154,Rúben Dias + J. Vestergaard,258154,Rúben Dias,15806,J. Vestergaard,1.0,0.9939024390243902,0.35391260162601623,0.4964430894308943,1.5696554554564637,3.1685433148186384,0.17656294072911694,-0.16042446224492046,-0.48012972209867016,-0.8961358879432264,-1.0309804508772964,-0.8522452813075232,-0.5855303282371069,0.22151132003458684,-0.8070416482716939,-1.3088726075086095,-1.2740170748928845,-0.5427893552933843,-1.145199297280847,1934,1625,1631,False,right,left,True,0,0.0,none
400549__557788,Pau Torres + W. Fofana,400549,Pau Torres,557788,W. Fofana,1.0,0.9861111111111112,0.32539682539682535,0.4900793650793651,1.6414882390986145,3.2613779487354053,0.17656294072911694,-1.051330348877223,-0.9084855569513797,-0.982132148576155,-0.9343236879849502,-0.7679472112647774,-0.8188163897872448,0.6017594899906864,-1.420575879777931,-1.8303515488229816,0.36065082068320803,-1.6944101207112428,-1.1458625523487769,1935,1614,1610,False,left,right,True,0,0.0,none
239411__583655,C. Okoli + T. Mings,583655,C. Okoli,239411,T. Mings,1.0,0.9836065573770492,0.29508196721311475,0.540983606557377,2.6170972720997154,4.835212949963933,0.17656294072911694,-1.3377156338887486,-1.3638666863779703,-0.2942371085572206,0.3784363944892102,0.6611665534131401,-0.5294339167450013,0.12870115262990048,-0.6581350693749017,-1.1834767862492603,-1.6730033502430044,-0.2632875776274789,-1.1462969137230272,1936,1631,1614,False,left,left,False,0,0.0,none
7953__557788,C. Coady + W. Fofana,7953,C. Coady,557788,W. Fofana,1.0,0.9861111111111112,0.3288288288288288,0.507882882882883,1.50239186764999,2.824496711181981,0.17656294072911694,-1.051330348877223,-0.8569309829668821,-0.7415441104021894,-1.1214889948631068,-1.164655245861641,-0.8204002807492873,0.603343380952729,-1.4237436617020165,-1.8338921194706872,0.36745988884004643,-1.7003561352231567,-1.146779320127961,1937,1631,1610,False,right,right,False,0,0.0,none
50102__288080,F. Schär + C. Burgess,50102,F. Schär,288080,C. Burgess,1.0,1.0,0.3132664437012263,0.5021283064761326,2.102194831066315,4.193468219645638,0.17656294072911694,0.53680623164123,-1.0907046814296126,-0.8193086434288419,-0.314406074258607,0.07843314947213653,-0.5135890461406755,0.09965413205754284,-0.6132431781982183,-1.1480577548116224,-1.7978750412685083,-0.1790242530676954,-1.1491962403999028,1938,1613,1634,False,right,left,True,0,0.0,none
349142__501419,J. Todibo + N. Mazraoui,501419,J. Todibo,349142,N. Mazraoui,1.0,1.0,0.3578431372549019,0.47213622291021673,1.4825763578401134,3.1414843501811522,0.17656294072911694,0.53680623164123,-0.4210863400354417,-1.2246070021862083,-1.1481523501748774,-0.8768160519354342,-0.5808691599323865,0.20806777393207437,-0.7889369338644608,-1.2984532061235365,-1.331810208306285,-0.508806304319777,-1.1505309264176091,1939,1633,1611,False,right,right,False,0,0.0,none
15806__501419,J. Todibo + J. Vestergaard,501419,J. Todibo,15806,J. Vestergaard,1.0,1.0,0.34375,0.5076754385964912,1.4854184190158959,2.9138202917842744,0.17656294072911694,0.53680623164123,-0.6327894171670944,-0.7443474111006344,-1.1443281292653602,-1.083545371923516,-0.5790126175737308,0.20155681706310494,-0.7805694346368358,-1.294303160736067,-1.3598004867720928,-0.4931002762445483,-1.153711781648571,1940,1633,1631,False,right,left,True,0,0.0,none
415847__501419,J. Todibo + C. Romero,501419,J. Todibo,415847,C. Romero,1.0,0.9805194805194806,0.32900432900432897,0.49008885850991113,1.882355278929311,3.8049660001417207,0.17656294072911694,-1.6907100111638727,-0.8542946695244931,-0.9820038589956455,-0.6102177968158439,-0.27434453628753497,-0.7657857363273074,0.5058072923091336,-1.271593028636441,-1.7118088084648997,-0.051842885935061415,-1.4147651779270625,-1.1544103055983808,1941,1633,1624,False,right,right,False,0,0.0,none
297957__412027,E. Konsa + M. Akanji,412027,E. Konsa,297957,M. Akanji,1.0,0.9929577464788732,0.33528951486697967,0.49387063119457486,1.273459939615164,2.631463084289173,0.17656294072911694,-0.2684461190441814,-0.7598804050920159,-0.9308988312666103,-1.4295352373250991,-1.339938558929957,-0.8097503673587947,0.5714303019674005,-1.3811806693261954,-1.8100857011915128,0.23026715580908053,-1.6204642182913478,-1.160055547511302,1942,1614,1625,False,right,right,False,0,0.0,none
15806__285382,W. Faes + J. Vestergaard,285382,W. Faes,15806,J. Vestergaard,1.0,1.0,0.3216616465863454,0.5419176706827309,1.552142733015143,2.864273705651044,0.17656294072911694,0.53680623164123,-0.964594344761597,-0.2816146224885876,-1.0545452213732145,-1.12853592568584,-0.5936294037018078,0.2175303814293964,-0.8111597851312043,-1.326976978043622,-1.2911309311749952,-0.5505192123717775,-1.160931610848665,1943,1631,1631,True,right,left,True,11,872.0,high
258154__349142,Rúben Dias + N. Mazraoui,258154,Rúben Dias,349142,N. Mazraoui,1.0,0.9939024390243902,0.3680057388809182,0.46090387374461983,1.5668133942806812,3.396207373215516,0.17656294072911694,-0.16042446224492046,-0.2684266449670175,-1.3763954790288004,-1.0348046717868136,-0.6455159613194414,-0.5873868705957628,0.20621798536782532,-0.7936048559635881,-1.3130226528960793,-1.3397623569778507,-0.517568123538096,-1.161953658249014,1944,1625,1611,False,right,right,False,0,0.0,none
447424__501419,C. Bassey + J. Todibo,447424,C. Bassey,501419,J. Todibo,1.0,1.0,0.3549019607843137,0.5015479876160991,1.3453446967839613,2.6850532131462392,0.17656294072911694,0.53680623164123,-0.4652678517846561,-0.8271507888740091,-1.3328085398905145,-1.2912762844598165,-0.5859858980919556,0.20330649323704758,-0.789292391329003,-1.309890971332074,-1.352278716267507,-0.5094735078373127,-1.1625238021137516,1945,1616,1633,False,left,right,True,0,0.0,none
518805__534563,C. Richards + L. Woolfenden,534563,C. Richards,518805,L. Woolfenden,1.0,1.0,0.30380036630036633,0.44780219780219777,1.880445113258356,4.031601457310312,0.17656294072911694,0.53680623164123,-1.2329013887973366,-1.5534451243048326,-0.6127880776957048,-0.06854923299914645,-0.76964072865727,0.4989503587521931,-1.2685910874094632,-1.7204261142123836,-0.08132050090668116,-1.4091304510022677,-1.1664352975786496,1946,1628,1634,False,right,right,False,0,0.0,none
288080__501419,J. Todibo + C. Burgess,501419,J. Todibo,288080,C. Burgess,1.0,1.0,0.32608695652173914,0.4977116704805492,1.6951749957440825,3.374951151716737,0.17656294072911694,0.53680623164123,-0.8981186045740623,-0.8789929036538613,-0.862083857583959,-0.6648175772481982,-0.614597511457073,0.24216902315304584,-0.8567665346101189,-1.373848302292162,-1.1852106406949614,-0.6361243457873758,-1.1697122125120445,1947,1633,1634,False,right,left,True,0,0.0,none
258154__583655,Rúben Dias + C. Okoli,258154,Rúben Dias,583655,C. Okoli,1.0,0.9857057177129148,0.3243702518992403,0.4797081167532987,1.9498871842886856,4.018645290519642,0.17656294072911694,-1.0976853950099097,-0.9239064504266756,-1.1222841295341155,-0.5193482100752405,-0.08031402173720026,-0.725869962669245,0.4237131062360171,-1.149583068905262,-1.6225825801568836,-0.404761692625615,-1.1857491002596927,-1.169869617918065,1948,1625,1631,False,right,left,True,0,0.0,none
400549__558243,Pau Torres + S. van den Berg,400549,Pau Torres,558243,S. van den Berg,1.0,1.0,0.3106909430438842,0.43370681605975725,1.929327144073608,4.3191563114624385,0.17656294072911694,0.53680623164123,-1.1293931156974524,-1.7439232240912041,-0.5470133906705774,0.1925636535791615,-0.7355309613179849,0.43859892684110124,-1.1741298881590863,-1.6441784153898502,-0.34076829314325724,-1.2318241606654716,-1.1706845277709967,1949,1614,1669,False,left,left,False,0,0.0,none
288080__504375,M. Lacroix + C. Burgess,504375,M. Lacroix,288080,C. Burgess,1.0,0.9964788732394366,0.31082874055929777,0.5214329454990814,2.1162003966895226,4.058456920090594,0.17656294072911694,0.13418005629852428,-1.1273231608317247,-0.558435186764556,-0.2955604641210483,-0.04416325131355814,-0.5239262386907638,0.09112572749175976,-0.6150519661825236,-1.1711651286142546,-1.8345382266449946,-0.1824193982706784,-1.1724279119547611,1950,1628,1634,False,center,left,False,0,0.0,none
239411__488453,L. Martínez + T. Mings,488453,L. Martínez,239411,T. Mings,1.0,0.9918032786885246,0.2881659836065574,0.5056352459016393,1.777590094299822,3.3037380282803337,0.17656294072911694,-0.4004547011237593,-1.4677566141079366,-0.7719175780400177,-0.7511877425240787,-0.7294823323522779,-0.8761139011990852,0.6628333236369822,-1.5389472248360672,-1.9584322639435159,0.6232041819074867,-1.9165964177410382,-1.1755741609477197,1951,1611,1614,False,left,left,False,0,0.0,none
518805__557788,L. Woolfenden + W. Fofana,518805,L. Woolfenden,557788,W. Fofana,1.0,0.9861111111111112,0.3214285714285714,0.47023809523809523,1.658240794856809,3.4637638807714786,0.17656294072911694,-1.051330348877223,-0.9680955331209546,-1.250257371842321,-0.9117817826367294,-0.5841715797505791,-0.8715460771461763,0.6544891773496179,-1.5260352544957942,-1.9482215208095575,0.5873331136692893,-1.892360291372323,-1.1763828845784565,1952,1634,1610,False,right,right,False,0,0.0,none
286380__583655,I. Diop + C. Okoli,286380,I. Diop,583655,C. Okoli,1.0,0.9918032786885246,0.2919854280510018,0.5318761384335156,2.0547718381195113,3.9029561208421937,0.17656294072911694,-0.4004547011237593,-1.4103820120447208,-0.4173109815318539,-0.3782175089892933,-0.18536504975547624,-0.6747542078854288,0.33206815295714404,-1.006822360842573,-1.508320332716864,-0.7987387706319089,-0.9177832925701541,-1.1773384560620355,1953,1616,1631,False,right,left,True,0,0.0,none
258154__364003,Rúben Dias + S. Bueno,258154,Rúben Dias,364003,S. Bueno,1.0,0.9939024390243902,0.35016260162601626,0.47227642276422765,1.695646167607817,3.5755213130035424,0.17656294072911694,-0.16042446224492046,-0.5364611495789188,-1.2227124098814166,-0.8614498581089924,-0.48269074816198815,-0.6081765900130329,0.22218872052303157,-0.8303653105360644,-1.359495214522359,-1.2711049640179366,-0.5865685161126597,-1.1783927996890924,1954,1625,1629,False,right,center,False,0,0.0,none
50102__258154,F. Schär + Rúben Dias,50102,F. Schär,258154,Rúben Dias,1.0,0.9939024390243902,0.33067542213883677,0.4668684973563022,1.7858759447516122,3.806324800606312,0.17656294072911694,-0.16042446224492046,-0.8291919863993554,-1.2957924707347181,-0.7400384671950051,-0.2731106836626525,-0.6860786799838144,0.3491982163265558,-1.0352768963103702,-1.5336346343153804,-0.7250974835682675,-0.9711932446678327,-1.178585211161737,1955,1613,1625,False,right,right,False,0,0.0,none
258154__504375,M. Lacroix + Rúben Dias,504375,M. Lacroix,258154,Rúben Dias,1.0,0.9903813122638269,0.32823771899690823,0.4861731363792511,1.7998815103748198,3.6713135010512676,0.17656294072911694,-0.5630506375876262,-0.8658104658014675,-1.034919014070432,-0.7211928570574464,-0.3957070844483472,-0.6964158725339027,0.364493959357946,-1.0609098318918486,-1.5567420081180123,-0.6593418480440203,-1.019306975537874,-1.1800349535797872,1956,1628,1625,False,center,right,False,0,0.0,none
415847__504375,M. Lacroix + C. Romero,504375,M. Lacroix,415847,C. Romero,1.0,0.9769983537589171,0.3137461130418877,0.5138101335284433,2.303380679874751,4.488471768515577,0.17656294072911694,-2.0933361865065785,-1.0834992257821554,-0.6614461421063402,-0.04369440335293319,0.34630978964710507,-0.675114463560998,0.32863976774282067,-1.0037542313038188,-1.509125634786992,-0.8134772274775243,-0.9120243283487985,-1.181010851306513,1957,1628,1624,False,center,right,False,0,0.0,none
415847__557788,C. Romero + W. Fofana,415847,C. Romero,557788,W. Fofana,1.0,0.9666305916305916,0.32900432900432897,0.5449134199134199,2.3212526389866293,4.300492610837439,0.17656294072911694,-3.278846591682326,-0.8542946695244931,-0.24113153154965947,-0.019646251148445093,0.17561616452078152,-0.642843126959014,0.2729125397669441,-0.9157556667259581,-1.4369874953105983,-1.053045797898606,-0.746848582496713,-1.1837772035242236,1958,1624,1610,False,right,right,False,0,0.0,none
258154__415847,Rúben Dias + C. Romero,258154,Rúben Dias,415847,C. Romero,1.0,0.9744219195438708,0.33916693063034525,0.47885650934431423,1.9665923153698788,4.059689023176085,0.17656294072911694,-2.387940705050023,-0.7016349744560689,-1.1337923358382376,-0.4968701184277802,-0.0430444456715422,-0.7723034469906835,0.4797406507431766,-1.25204409773386,-1.726378255237442,-0.16390207643235846,-1.3780712925445608,-1.1879740090573407,1959,1625,1624,False,right,right,False,0,0.0,none
50102__286380,F. Schär + I. Diop,50102,F. Schär,286380,I. Diop,1.0,1.0,0.2982905982905983,0.519036519036519,1.8907605985824376,3.690635630928863,0.17656294072911694,0.53680623164123,-1.3156675480174007,-0.5908193227324565,-0.5989077661090578,-0.3781617116809285,-0.6349629251999983,0.2538105855698178,-0.8887735107698161,-1.419372386875361,-1.1351641451674763,-0.6962023275704786,-1.1894759025020192,1960,1613,1616,False,right,right,False,0,0.0,none
285382__288080,W. Faes + C. Burgess,285382,W. Faes,288080,C. Burgess,1.0,1.0,0.30399860310808446,0.5319539025667889,1.7618993097433295,3.325404565583507,0.17656294072911694,0.53680623164123,-1.229923532168565,-0.41626011504181437,-0.7723009496918132,-0.7098081310105223,-0.6292142975851501,0.23580368456734493,-0.865017982152495,-1.406522119599717,-1.2125749134322064,-0.6516125416313594,-1.1973560421557923,1961,1631,1634,False,right,left,True,0,0.0,none
501419__504375,M. Lacroix + J. Todibo,504375,M. Lacroix,501419,J. Todibo,1.0,0.9964788732394366,0.318075117370892,0.497405485544848,1.715644473934252,3.416590478016904,0.17656294072911694,0.13418005629852428,-1.0184701608698916,-0.8831305372278402,-0.8345405354455101,-0.6270071750643399,-0.6898981618705265,0.3316396972152141,-1.0215378590857405,-1.54217256134547,-0.8005806804722351,-0.9454046908231859,-1.2003414229790428,1962,1628,1633,False,center,right,False,0,0.0,none
50102__583655,F. Schär + C. Okoli,50102,F. Schär,583655,C. Okoli,1.0,0.9918032786885246,0.30138713745271123,0.49535710191447896,2.27266998317035,4.582439335414179,0.17656294072911694,-0.4004547011237593,-1.26915222235065,-0.9108113924665042,-0.08501810513795215,0.4316366143671417,-0.6183437866894712,0.21396102868669142,-0.8323048153761626,-1.3822225859038015,-1.306475400386142,-0.5902090204786541,-1.2010957171634742,1963,1613,1631,False,right,left,True,0,0.0,none
258154__286380,Rúben Dias + I. Diop,258154,Rúben Dias,286380,I. Diop,1.0,0.9939024390243902,0.32127371273712735,0.5033875338753387,1.5679777997007731,3.1268415860343257,0.17656294072911694,-0.16042446224492046,-0.9704217760934262,-0.8022920598000678,-1.0332378710463461,-0.8901123477852704,-0.742489101179772,0.4126588535201028,-1.1551479546998749,-1.6597323811284428,-0.4522833730754543,-1.1961945452066223,-1.204790111528182,1964,1625,1616,False,right,right,False,0,0.0,none
415847__549884,T. Harwood-Bellis + C. Romero,549884,T. Harwood-Bellis,415847,C. Romero,1.0,0.9805194805194806,0.30054904445148345,0.49714919227114346,2.186419949623066,4.388740770055927,0.17656294072911694,-1.6907100111638727,-1.2817418157160807,-0.8865939592660161,-0.20107443233762518,0.2557495069284569,-0.7819293485551051,0.47643055909834675,-1.258359907653452,-1.7478956357601187,-0.17813199512951552,-1.3899262428966834,-1.2053726649982508,1965,1619,1624,False,right,right,False,0,0.0,none
364003__501419,J. Todibo + S. Bueno,501419,J. Todibo,364003,S. Bueno,1.0,1.0,0.33999999999999997,0.48350877192982455,1.6114091311672492,3.3207982899691784,0.17656294072911694,0.53680623164123,-0.6891208446473429,-1.0709239330388245,-0.9747975364970561,-0.713990838777981,-0.6016588793496567,0.178910555287179,-0.7805694346368358,-1.3449257677498163,-1.4571556353430695,-0.4931002762445483,-1.2082296297267385,1966,1633,1629,False,right,center,False,0,0.0,none
364003__549884,T. Harwood-Bellis + S. Bueno,549884,T. Harwood-Bellis,364003,S. Bueno,1.0,1.0,0.31154471544715445,0.49056910569105694,1.9154738018610038,3.9045730598833845,0.17656294072911694,0.53680623164123,-1.1165679908389305,-0.9755140333091952,-0.5656541720188374,-0.18389679556198907,-0.6178024915774546,0.1950541675149768,-0.8128566590924313,-1.381012595045036,-1.3877550524804156,-0.5537042918501439,-1.2175736716366714,1967,1619,1629,False,right,center,False,0,0.0,none
488453__557788,L. Martínez + W. Fofana,488453,L. Martínez,557788,W. Fofana,1.0,0.9861111111111112,0.30729166666666663,0.5104166666666667,1.4650403301055426,2.7279739564973977,0.17656294072911694,-1.051330348877223,-1.1804560732250662,-0.7073037947283345,-1.1717484798091942,-1.2523022973102946,-0.9430896270916592,0.7260327272951008,-1.66912235438676,-2.1081472979242952,0.894895262475759,-2.160938745574157,-1.2177928193342513,1968,1611,1610,False,left,right,True,0,0.0,none
297957__534563,M. Akanji + C. Richards,297957,M. Akanji,534563,C. Richards,1.0,0.9929577464788732,0.28988353196099675,0.49458288190682553,2.0378944976280433,4.048447575490725,0.17656294072911694,-0.2684461190441814,-1.4419560939554241,-0.921273823251928,-0.4009273221891253,-0.05325219147050686,-0.76359203284171,0.4327185139192735,-1.1963105467609836,-1.7069050856979862,-0.36604789466547466,-1.2734578719155822,-1.217958485631752,1969,1625,1628,False,right,right,False,0,0.0,none
412027__518805,E. Konsa + L. Woolfenden,412027,E. Konsa,518805,L. Woolfenden,1.0,1.0,0.3492063492063492,0.4470899470899471,1.1160105552454767,2.61461696610876,0.17656294072911694,0.53680623164123,-0.5508256999339284,-1.5630701323195149,-1.6413959928316786,-1.3552356004585966,-0.8157990631743547,0.5108613628252588,-1.3266604259996135,-1.8236067297059102,-0.030115689152913815,-1.5181282097586473,-1.2244637135505587,1970,1614,1634,False,right,right,False,0,0.0,none
297957__447424,C. Bassey + M. Akanji,447424,C. Bassey,297957,M. Akanji,1.0,0.9929577464788732,0.3290803645401823,0.4900579950289975,1.4275184429643275,2.937051891759366,0.17656294072911694,-0.2684461190441814,-0.8531524854514689,-0.9824209329922662,-1.2222371837796424,-1.0624500224910927,-0.7938564541540294,0.46963709182075597,-1.2634935459747854,-1.7745570417581578,-0.20733677173529502,-1.3995622243780728,-1.229391997275282,1971,1616,1625,False,left,right,True,0,0.0,none
400549__412027,E. Konsa + Pau Torres,412027,E. Konsa,400549,Pau Torres,1.0,1.0,0.35317460317460314,0.466931216931217,1.0992579994872824,2.4122310340726867,0.17656294072911694,0.53680623164123,-0.4912157237643534,-1.294944909053349,-1.6639378981798996,-1.539011231972795,-0.7630693758154232,0.4146139775590215,-1.1776833533744446,-1.7057367577193343,-0.44387839245803673,-1.2384941134098362,-1.2337307192790454,1972,1614,1614,True,right,left,True,16,1291.0,very_high
286380__504375,M. Lacroix + I. Diop,504375,M. Lacroix,286380,I. Diop,1.0,0.9964788732394366,0.29585289514866975,0.5383411580594679,1.9047661642056455,3.555624331373819,0.17656294072911694,0.13418005629852428,-1.3522860274195128,-0.32994586606817056,-0.5800621559714991,-0.5007581124666232,-0.6453001177500867,0.21964924542255632,-0.8649493631726428,-1.442479760677993,-1.2820220406703793,-0.6514837419034198,-1.2361432409207944,1973,1628,1616,False,center,right,False,0,0.0,none
518805__558243,S. van den Berg + L. Woolfenden,558243,S. van den Berg,518805,L. Woolfenden,1.0,1.0,0.3067226890756303,0.41386554621848737,1.9460796998318022,4.521542243498512,0.17656294072911694,0.53680623164123,-1.1890030918670274,-2.01204844735737,-0.5244714853223565,0.37633928509335984,-0.7882606486769163,0.44960163088133015,-1.2378622795582468,-1.7620483873764259,-0.29346821787619143,-1.351451626576908,-1.239354984366452,1974,1669,1634,False,left,right,True,0,0.0,none
50102__504375,M. Lacroix + F. Schär,504375,M. Lacroix,50102,F. Schär,1.0,0.9964788732394366,0.3052546045503792,0.5018221215404314,2.1226643092564847,4.235107545945805,0.17656294072911694,0.13418005629852428,-1.211056237725442,-0.8234462770028208,-0.286862752120158,0.1162435516559948,-0.5888896965541289,0.12034025825707026,-0.7092299548111991,-1.3163820138649303,-1.7089464176643314,-0.35919409441730593,-1.2427137511152258,1975,1628,1613,False,center,right,False,0,0.0,none
285382__583655,W. Faes + C. Okoli,285382,W. Faes,583655,C. Okoli,1.0,0.9918032786885246,0.2921192968595694,0.5251826980051353,1.9323744618473648,3.7143756813520485,0.17656294072911694,-0.4004547011237593,-1.4083710730896026,-0.5077628640794767,-0.5429129805711583,-0.3566046661155171,-0.7339690381339459,0.35510223018661197,-1.0890712683205577,-1.640686950691896,-0.6997164227910799,-1.0721667726117503,-1.244691756705622,1976,1631,1631,True,right,left,True,14,1003.0,very_high
15806__400549,Pau Torres + J. Vestergaard,400549,Pau Torres,15806,J. Vestergaard,1.0,1.0,0.3358134920634921,0.46924603174603174,1.3933902250683805,2.9465869201809145,0.17656294072911694,0.53680623164123,-0.7520093695062446,-1.2636636330056301,-1.2681594340092883,-1.05379178299763,-0.7402021820924333,0.3627463815818073,-1.1029485636742407,-1.6546202876899725,-0.6668545976412269,-1.0982148407984325,-1.2470094912970409,1977,1614,1631,False,left,left,False,0,0.0,none
447424__518805,C. Bassey + L. Woolfenden,447424,C. Bassey,518805,L. Woolfenden,1.0,1.0,0.3429971988795518,0.4432773109243697,1.2700690585946401,2.920205773578953,0.17656294072911694,0.53680623164123,-0.6440977802933814,-1.6145922340451706,-1.4340979392862216,-1.0777470640197322,-0.7999051499695894,0.4599315892026983,-1.2598367391722878,-1.7880780702725554,-0.24906024286206022,-1.3926982966090566,-1.247296767316707,1978,1616,1634,False,left,right,True,0,0.0,none
7953__15806,C. Coady + J. Vestergaard,7953,C. Coady,15806,J. Vestergaard,1.0,1.0,0.33924549549549554,0.48704954954954954,1.2542938536197559,2.509705682627491,0.17656294072911694,0.53680623164123,-0.7004547955217469,-1.0230755948316645,-1.4553247408874452,-1.4504998175944936,-0.7417860730544757,0.36433027254384986,-1.1061163455983258,-1.6581608583376783,-0.6600455294843884,-1.1041608553103461,-1.247926259076225,1979,1631,1631,True,right,left,True,10,583.0,high
288080__549884,T. Harwood-Bellis + C. Burgess,549884,T. Harwood-Bellis,288080,C. Burgess,1.0,1.0,0.2976316719688936,0.5047720042417816,1.9992396664378371,3.958725921630943,0.17656294072911694,0.53680623164123,-1.32556575076565,-0.7835830039242317,-0.45294049310574025,-0.13472353403220635,-0.6307411236848708,0.18211553540756048,-0.8128566590924313,-1.4099351295873812,-1.4433775858409454,-0.5537042918501439,-1.248721698916003,1980,1619,1634,False,right,left,True,0,0.0,none
400549__447424,C. Bassey + Pau Torres,447424,C. Bassey,400549,Pau Torres,1.0,1.0,0.3469654528478058,0.4631185807656396,1.2533165028364457,2.7178198415428794,0.17656294072911694,0.53680623164123,-0.5844878041238064,-1.3464670107790047,-1.4566398446344426,-1.2615226955339305,-0.7471754626106579,0.37044677554092714,-1.1176222381515852,-1.6702080982859793,-0.6337509885174418,-1.1257577346832708,-1.2503808926348765,1981,1616,1614,False,left,left,False,0,0.0,none
349142__400549,Pau Torres + N. Mazraoui,400549,Pau Torres,349142,N. Mazraoui,1.0,1.0,0.349906629318394,0.43370681605975725,1.390548163892598,3.174250978577793,0.17656294072911694,0.53680623164123,-0.540306292374592,-1.7439232240912041,-1.2719836549188055,-0.8470624630095481,-0.742058724451089,0.36088983922315154,-1.1029485636742407,-1.658770333077442,-0.6748357805377074,-1.0982148407984325,-1.2514788688597198,1982,1614,1611,False,left,right,True,0,0.0,none
7953__349142,C. Coady + N. Mazraoui,7953,C. Coady,349142,N. Mazraoui,1.0,1.0,0.35333863275039745,0.45151033386327505,1.2514517924439734,2.7373697410243683,0.17656294072911694,0.53680623164123,-0.48875171839009435,-1.5033351859172384,-1.4591489617969624,-1.2437704976064117,-0.7436426154131315,0.362473730185194,-1.1061163455983258,-1.6623109037251478,-0.6680267123808695,-1.1041608553103461,-1.252395636638904,1983,1631,1611,False,right,right,False,0,0.0,none
50102__285382,F. Schär + W. Faes,50102,F. Schär,285382,W. Faes,1.0,1.0,0.2984244670991659,0.5123430786081389,1.7683632223102914,3.5020551914387177,0.17656294072911694,0.53680623164123,-1.3136566090622823,-0.6812712052800793,-0.763603237690923,-0.5494013280409693,-0.6941777554485152,0.2768446627992857,-0.971022418247801,-1.5517390048503927,-1.0361417973266474,-0.8505858076120754,-1.2568292031456056,1984,1613,1631,False,right,right,False,0,0.0,none
15806__297957,M. Akanji + J. Vestergaard,297957,M. Akanji,15806,J. Vestergaard,1.0,0.9929577464788732,0.31792840375586856,0.49618544600938963,1.567592165196262,3.1658189703974013,0.17656294072911694,-0.2684461190441814,-1.0206740508339072,-0.8996175552188915,-1.033756773154488,-0.854719109954792,-0.7868831736358046,0.4223693997038308,-1.2092525733396355,-1.7589692311621508,-0.4105382199117145,-1.2977504146771737,-1.2621961644900244,1985,1625,1631,False,right,left,True,0,0.0,none
297957__558243,M. Akanji + S. van den Berg,297957,M. Akanji,558243,S. van den Berg,1.0,0.9929577464788732,0.2928058547362607,0.46064623032311514,2.1035290842014893,4.538388361678925,0.17656294072911694,-0.2684461190441814,-1.398057797025115,-1.3798771463044655,-0.3126107298157771,0.39163632662199943,-0.7822119528613563,0.414098593899627,-1.1963105467609836,-1.7485273588620285,-0.44609400107494085,-1.2734578719155822,-1.262783454136613,1986,1625,1669,False,right,left,True,0,0.0,none
488453__534563,C. Richards + L. Martínez,534563,C. Richards,488453,L. Martínez,1.0,1.0,0.28966346153846156,0.4879807692307692,1.6872446485070896,3.2958115330362308,0.17656294072911694,0.53680623164123,-1.4452619289014481,-1.010491547190846,-0.8727547748681697,-0.7366799505588619,-0.8411842786027529,0.5103107596803166,-1.3514950382830695,-1.8803518913271213,-0.032482704579560734,-1.5647434656613468,-1.2628694501696982,1987,1628,1611,False,right,left,True,0,0.0,none
7953__447424,C. Bassey + C. Coady,447424,C. Bassey,7953,C. Coady,1.0,1.0,0.3503974562798092,0.4809220985691574,1.1142201313878213,2.2809386039894557,0.17656294072911694,0.53680623164123,-0.5329332301393087,-1.105878972605039,-1.6438051515125993,-1.6582307301307941,-0.7487593535727005,0.35735699202562515,-1.1061163455983258,-1.6737486689336853,-0.6900233142329757,-1.1041608553103461,-1.2647134997988048,1988,1616,1631,False,left,right,True,0,0.0,none
15806__518805,J. Vestergaard + L. Woolfenden,15806,J. Vestergaard,518805,L. Woolfenden,1.0,1.0,0.33184523809523814,0.44940476190476186,1.4101427808265747,3.148972852216988,0.17656294072911694,0.53680623164123,-0.8116193456758196,-1.531788856271796,-1.2456175286610676,-0.8700161514834316,-0.7929318694513646,0.4253586872136629,-1.2182905566650277,-1.7724902596765484,-0.3976874221720877,-1.3147149599959724,-1.2684943484890951,1989,1631,1634,False,left,right,True,0,0.0,none
504375__583655,M. Lacroix + C. Okoli,504375,M. Lacroix,583655,C. Okoli,1.0,0.9882821519279612,0.2989494343107827,0.5146617409374279,2.286675548793558,4.447428035859136,0.17656294072911694,-0.803080876466465,-1.305770701752762,-0.6499379358022181,-0.06617249500039347,0.309040213581447,-0.6286809792395595,0.15308609677223342,-0.7817670760117928,-1.4053299597064335,-1.56817369299708,-0.49534828231511113,-1.272186744215363,1990,1628,1631,False,center,left,False,0,0.0,none
50102__501419,F. Schär + J. Todibo,50102,F. Schär,501419,J. Todibo,1.0,1.0,0.3205128205128205,0.4781008465218991,1.7016389083110444,3.551601777571948,0.17656294072911694,0.53680623164123,-0.9818516814677796,-1.144003993892126,-0.8533861455830687,-0.5044107742786452,-0.6795609693204382,0.23581871911528265,-0.9153796884357209,-1.5190651875428378,-1.2125102806613475,-0.7461428608203196,-1.2725142501338869,1991,1613,1633,False,right,right,False,0,0.0,none
7953__583655,C. Coady + C. Okoli,7953,C. Coady,583655,C. Okoli,1.0,0.9918032786885246,0.30970314576871955,0.47031457687195394,1.6345255824519778,3.359807658328495,0.17656294072911694,-0.4004547011237593,-1.1442315238497525,-1.2492238364225536,-0.9436925000853891,-0.6785685580241706,-0.8821257074866138,0.5651874384344623,-1.4473131459210762,-1.9718708309859525,0.2034293972080725,-1.7445967106678566,-1.273825938464126,1992,1631,1631,True,right,left,True,5,193.0,medium
239411__297957,M. Akanji + T. Mings,297957,M. Akanji,239411,T. Mings,1.0,0.9847610251673978,0.28838605402909256,0.5122373585776957,2.128239943420776,4.056374070734828,0.17656294072911694,-1.2057070518091706,-1.4644507791619126,-0.6826998541010997,-0.2793602898450343,-0.04605457326392287,-0.7985216554380421,0.4241906077388569,-1.2227122631768992,-1.7849854583143803,-0.40270893750815656,-1.323014625729624,-1.2779083355555618,1993,1625,1614,False,right,left,True,0,0.0,none
297957__349142,M. Akanji + N. Mazraoui,297957,M. Akanji,349142,N. Mazraoui,1.0,0.9929577464788732,0.3320215410107705,0.46064623032311514,1.5647501040204799,3.3934830287942788,0.17656294072911694,-0.2684461190441814,-0.8089709737022546,-1.3798771463044655,-1.0375809940640053,-0.6479897899667102,-0.7887397159944604,0.40757083076652295,-1.1963105467609836,-1.7631192765496204,-0.47415652883107007,-1.2734578719155822,-1.2784981713072476,1994,1625,1611,False,right,right,False,0,0.0,none
349142__518805,L. Woolfenden + N. Mazraoui,518805,L. Woolfenden,349142,N. Mazraoui,1.0,1.0,0.34593837535014005,0.41386554621848737,1.4073007196507925,3.3766369106138656,0.17656294072911694,0.53680623164123,-0.599916268544167,-2.01204844735737,-1.2494417495705847,-0.6632868314953497,-0.7947884118100204,0.413619526582083,-1.2084079383921036,-1.7766403050640178,-0.44815348755162615,-1.2961650114595122,-1.2819992010893992,1995,1634,1611,False,right,right,False,0,0.0,none
400549__415847,Pau Torres + C. Romero,400549,Pau Torres,415847,C. Romero,1.0,0.9805194805194806,0.32106782106782106,0.45165945165945165,1.7903270849817954,3.837732628538361,0.17656294072911694,-1.6907100111638727,-0.9735146218636435,-1.5013200809006413,-0.7340491015597721,-0.24459094736164888,-0.9269753008460097,0.6214765113892514,-1.548451812235261,-2.0721259354188044,0.44541331113869703,-1.9344367918449716,-1.2893263327367874,1996,1614,1624,False,left,right,True,0,0.0,none
7953__415847,C. Coady + C. Romero,7953,C. Coady,415847,C. Romero,1.0,0.9805194805194806,0.3244998244998245,0.46946296946296945,1.651230713533171,3.400851390984937,0.17656294072911694,-1.6907100111638727,-0.9219600478791458,-1.2607320427266755,-0.9212144084379288,-0.6412989819585125,-0.9285591918080522,0.6230604023512939,-1.5516195941593462,-2.0756665060665105,0.452222379295535,-1.9403828063568853,-1.2902431005159718,1997,1631,1624,False,right,right,False,0,0.0,none
364003__400549,Pau Torres + S. Bueno,400549,Pau Torres,364003,S. Bueno,1.0,1.0,0.33206349206349206,0.4450793650793651,1.5193809372197336,3.353564918365819,0.17656294072911694,0.53680623164123,-0.8083407969864933,-1.5902401549438203,-1.0986288412409844,-0.6842372498520948,-0.762848443868359,0.34010011980588145,-1.1029485636742407,-1.7052428947037215,-0.7642097462122033,-1.0982148407984325,-1.3015273393752083,1998,1614,1629,False,left,center,False,0,0.0,none
7953__364003,C. Coady + S. Bueno,7953,C. Coady,364003,S. Bueno,1.0,1.0,0.3354954954954955,0.46288288288288293,1.3802845657711091,2.916683680812395,0.17656294072911694,0.53680623164123,-0.7567862230019955,-1.3496521167698545,-1.285794148119141,-1.0809452844489584,-0.7644323348304015,0.3416840107679239,-1.1061163455983258,-1.7087834653514273,-0.7574006780553656,-1.1041608553103461,-1.3024441071543926,1999,1631,1629,False,right,center,False,0,0.0,none
7953__412027,E. Konsa + C. Coady,412027,E. Konsa,7953,C. Coady,1.0,1.0,0.3566066066066066,0.4847347347347348,0.9601616280386578,1.9753497965192626,0.17656294072911694,0.53680623164123,-0.4396611497798557,-1.0543568708793833,-1.851103205058056,-1.9357192665696585,-0.7646532667774657,0.3414630788208599,-1.1061163455983258,-1.7092773283670402,-0.7583504534639213,-1.1041608553103461,-1.3029759712847657,2000,1614,1631,False,right,right,False,0,0.0,none
285382__504375,M. Lacroix + W. Faes,504375,M. Lacroix,285382,W. Faes,1.0,0.9964788732394366,0.2959867639572374,0.5316477176310876,1.782368787933499,3.367043891883674,0.17656294072911694,0.13418005629852428,-1.3502750884643944,-0.42039774861579327,-0.7447576275533643,-0.671997728826664,-0.7045149479986036,0.24268332265202416,-0.9471982706506277,-1.574846378653025,-1.1829996928295505,-0.8058672219450165,-1.303496541564381,2001,1628,1631,False,center,right,False,0,0.0,none
400549__583655,Pau Torres + C. Okoli,400549,Pau Torres,583655,C. Okoli,1.0,0.9918032786885246,0.3062711423367161,0.45251105906843614,1.7736219539006024,3.7966888958819194,0.17656294072911694,-0.4004547011237593,-1.19578609783425,-1.4898118745965192,-0.7565271932072324,-0.28186052342730694,-0.8805418165245711,0.5275153456832712,-1.4080571622078424,-1.968330260338246,0.04147895156451655,-1.670912140696791,-1.3059038728391263,2002,1614,1631,False,left,left,False,0,0.0,none
7953__288080,C. Coady + C. Burgess,7953,C. Coady,288080,C. Burgess,1.0,1.0,0.3215824520172346,0.4770857814336075,1.4640504303479425,2.9708365425599537,0.17656294072911694,0.53680623164123,-0.965783982928715,-1.1577210873848913,-1.173080469206044,-1.0317720229191758,-0.777370966937818,0.3575767137855339,-1.134947680723352,-1.7377059998937734,-0.6890787413585716,-1.158278070813038,-1.3072322365170657,2003,1631,1634,False,right,left,True,0,0.0,none
488453__558243,L. Martínez + S. van den Berg,488453,L. Martínez,558243,S. van den Berg,1.0,1.0,0.2925857843137255,0.4540441176470588,1.7528792350805358,3.7857523192244313,0.17656294072911694,0.53680623164123,-1.401363631971139,-1.4690948702433837,-0.7844381824948214,-0.29179143246635564,-0.8598041986223993,0.4916908396606701,-1.3514950382830695,-1.9219741644911639,-0.11252881098902669,-1.5647434656613468,-1.3076944186745592,2004,1611,1669,False,left,left,False,0,0.0,none
258154__549884,T. Harwood-Bellis + Rúben Dias,549884,T. Harwood-Bellis,258154,Rúben Dias,1.0,0.9939024390243902,0.3150406504065041,0.4695121951219512,1.6829207801231343,3.5715825025916166,0.17656294072911694,-0.16042446224492046,-1.0640530557353929,-1.260066831230108,-0.8785728860421383,-0.48626736716699537,-0.8032307575280097,0.39644888731758665,-1.1996796448455964,-1.795512009091139,-0.5219692083621458,-1.2797817624431642,-1.310303119542846,2005,1619,1625,False,right,right,False,0,0.0,none
258154__285382,W. Faes + Rúben Dias,285382,W. Faes,258154,Rúben Dias,1.0,0.9939024390243902,0.32140758154569493,0.4966940934469586,1.4455804234286267,2.938261146544181,0.17656294072911694,-0.16042446224492046,-0.9684108371383079,-0.8927439423476906,-1.1979333426282113,-1.0613519641453113,-0.8017039314282891,0.3933537204237866,-1.195057651852076,-1.792098999103475,-0.5352751762865388,-1.2711061534296517,-1.3108532831236295,2006,1631,1625,False,right,right,False,0,0.0,none
286380__501419,J. Todibo + I. Diop,501419,J. Todibo,286380,I. Diop,1.0,1.0,0.3111111111111111,0.5146198830409356,1.4837407632602053,2.872118562999962,0.17656294072911694,0.53680623164123,-1.1230814711618504,-0.6505035829574758,-1.14658554943441,-1.1214124384012631,-0.7359713905163959,0.27826915070517455,-1.0142405412215705,-1.6451629343559004,-1.0300179949486852,-0.9317074228425526,-1.3179283502310664,2007,1633,1616,False,right,right,False,0,0.0,none
15806__488453,L. Martínez + J. Vestergaard,488453,L. Martínez,15806,J. Vestergaard,1.0,1.0,0.31770833333333337,0.4895833333333333,1.2169423160753083,2.4131829279429073,0.17656294072911694,0.53680623164123,-1.0239798857799312,-0.9888352791578096,-1.5055842258335326,-1.538146869043147,-0.8644754193968477,0.48701961888622186,-1.3514950382830695,-1.9324160367912864,-0.13261015584867517,-1.5647434656613468,-1.318939758282515,2008,1611,1631,False,left,left,False,0,0.0,none
415847__518805,C. Romero + L. Woolfenden,415847,C. Romero,518805,L. Woolfenden,1.0,0.9805194805194806,0.3170995670995671,0.43181818181818177,1.8070796407399898,4.0401185605744345,0.17656294072911694,-1.6907100111638727,-1.0331245980332184,-1.7694453041668072,-0.7115071962115512,-0.060815315847450535,-0.9797049882049412,0.6742061987481829,-1.653911186953124,-2.1899959074053807,0.6720956041247783,-2.1323869625060516,-1.3198466649664673,2009,1624,1634,False,right,right,False,0,0.0,none
297957__557788,M. Akanji + W. Fofana,297957,M. Akanji,557788,W. Fofana,1.0,0.9790688575899844,0.3075117370892019,0.517018779342723,1.8156901792264963,3.4806099989518917,0.17656294072911694,-1.8565826995626344,-1.1771502382790422,-0.6180860707894165,-0.6999210271301499,-0.5688745382219395,-0.8654973813306162,0.4873900113969756,-1.352887392727592,-1.9347004922951598,-0.13101785693988405,-1.567356953562743,-1.3201269939420937,2010,1625,1610,False,right,right,False,0,0.0,none
349142__488453,L. Martínez + N. Mazraoui,488453,L. Martínez,349142,N. Mazraoui,1.0,1.0,0.3318014705882353,0.4540441176470588,1.214100254899526,2.6408469863397848,0.17656294072911694,0.53680623164123,-0.8122768086482786,-1.4690948702433837,-1.5094084467430497,-1.3314175490550653,-0.8663319617555035,0.4851630765275661,-1.3514950382830695,-1.936566082178756,-0.14059133874515592,-1.5647434656613468,-1.323409135845194,2011,1611,1611,True,left,right,True,2,81.0,low
415847__583655,C. Romero + C. Okoli,415847,C. Romero,583655,C. Okoli,1.0,0.972322759208005,0.3098786459442197,0.5073451139024909,2.453386353788617,4.835803557983953,0.17656294072911694,-2.627970943928862,-1.1415952104073637,-0.7488112575700236,0.15815024362927269,0.661702852358252,-0.7045685536963404,0.216220860208233,-0.9207894139045734,-1.5749662068258632,-1.2967604975159943,-0.7562970655333079,-1.3277706657743915,2012,1624,1631,False,right,left,True,0,0.0,none
297957__364003,M. Akanji + S. Bueno,297957,M. Akanji,364003,S. Bueno,1.0,0.9929577464788732,0.3141784037558686,0.472018779342723,1.6935828773476151,3.5727969685823053,0.17656294072911694,-0.2684461190441814,-1.0770054783141558,-1.2261940771570816,-0.864226180386184,-0.4851645768092569,-0.8095294354117306,0.38678111134925286,-1.1963105467609836,-1.8095918381759004,-0.563530494505566,-1.2734578719155822,-1.3285466418227365,2013,1625,1629,False,right,center,False,0,0.0,none
549884__583655,T. Harwood-Bellis + C. Okoli,549884,T. Harwood-Bellis,583655,C. Okoli,1.0,0.9918032786885246,0.28575236572037854,0.49800079968012795,2.1697148185418724,4.3476970373994845,0.17656294072911694,-0.4004547011237593,-1.5040132916866873,-0.8750857529618941,-0.22355252398508546,0.21847993086279882,-0.7354958642336665,0.26481298141176257,-1.0003088456454292,-1.6440999606795603,-1.0878653948294446,-0.9055572439298357,-1.3295210475745807,2014,1619,1631,False,right,left,True,0,0.0,none
364003__518805,S. Bueno + L. Woolfenden,364003,S. Bueno,518805,L. Woolfenden,1.0,1.0,0.3280952380952381,0.42523809523809525,1.5361334929779278,3.555950850401892,0.17656294072911694,0.53680623164123,-0.8679507731560683,-1.8583653782099863,-1.0760869358927634,-0.5004616183378965,-0.8155781312272906,0.3928298071648129,-1.2084079383921036,-1.8231128666902978,-0.537527453226122,-1.2961650114595122,-1.3320476716048881,2015,1629,1634,False,center,right,False,0,0.0,none
288080__400549,Pau Torres + C. Burgess,400549,Pau Torres,288080,C. Burgess,1.0,1.0,0.31815044858523117,0.4592822636300897,1.603146801796567,3.4077177801133773,0.17656294072911694,0.53680623164123,-1.0173385569132127,-1.398309125558857,-0.9859151623278872,-0.6350639883223121,-0.7757870759757755,0.3271614876984652,-1.1029485636742407,-1.7341654292460673,-0.8198322795727326,-1.0982148407984325,-1.33267536665454,2016,1614,1634,False,left,left,False,0,0.0,none
447424__488453,C. Bassey + L. Martínez,447424,C. Bassey,488453,L. Martínez,1.0,1.0,0.32886029411764706,0.4834558823529412,1.0768685938433737,2.184415849304872,0.17656294072911694,0.53680623164123,-0.8564583203974929,-1.0716386569311842,-1.6940646364586867,-1.7458777815794475,-0.8714486999150723,0.4800463383679971,-1.3514950382830695,-1.9480038473872932,-0.1625879405972626,-1.5647434656613468,-1.3357269990050946,2017,1616,1611,False,left,left,False,0,0.0,none
7953__504375,M. Lacroix + C. Coady,504375,M. Lacroix,7953,C. Coady,1.0,0.9964788732394366,0.31357061286638754,0.47677959649790635,1.484519908538112,3.01247586886012,0.17656294072911694,0.13418005629852428,-1.0861355392245442,-1.1618587209588702,-1.145537147067595,-0.9939616207353175,-0.8526716173512714,0.4470473878477021,-1.2997190051989735,-1.906030258947081,-0.30444878113584556,-1.467558415848848,-1.3378614469840637,2018,1628,1631,False,center,right,False,0,0.0,none
504375__549884,M. Lacroix + T. Harwood-Bellis,504375,M. Lacroix,549884,T. Harwood-Bellis,1.0,0.9964788732394366,0.2896198328180465,0.5044658193060804,2.0197091446280067,4.00036524793111,0.17656294072911694,0.13418005629852428,-1.4459173070614793,-0.7877206374982106,-0.42539717096729135,-0.09691313184834809,-0.7060417740983242,0.1873401200626482,-0.8933818941609725,-1.5782593886406893,-1.4209173572897404,-0.7048523909829688,-1.3563753797038605,2019,1628,1619,False,center,right,False,0,0.0,none
288080__297957,M. Akanji + C. Burgess,297957,M. Akanji,288080,C. Burgess,1.0,0.9929577464788732,0.30026536027760764,0.4862216778934476,1.7773487419244487,3.626949830329864,0.17656294072911694,-0.2684461190441814,-1.2860032382408753,-1.0342630477721184,-0.7515125014730869,-0.43599131527947416,-0.8224680675191469,0.37384247924183656,-1.1963105467609836,-1.8385143727182458,-0.6191530278660956,-1.2734578719155822,-1.359694669102068,2020,1625,1634,False,right,left,True,0,0.0,none
415847__488453,L. Martínez + C. Romero,488453,L. Martínez,415847,C. Romero,1.0,0.9805194805194806,0.30296266233766234,0.4719967532467532,1.6138791759887234,3.3043286363003537,0.17656294072911694,-1.6907100111638727,-1.24548513813733,-1.2264917270528206,-0.9714738933840161,-0.728946033407166,-1.0512485381504242,0.7457497486936658,-1.79699828684409,-2.3499216845201185,0.979657752931248,-2.400965416707886,-1.361256599722262,2021,1611,1624,False,left,right,True,0,0.0,none
288080__518805,C. Burgess + L. Woolfenden,288080,C. Burgess,518805,L. Woolfenden,1.0,1.0,0.3141821946169772,0.43944099378881984,1.6198993575547613,3.610103712149451,0.17656294072911694,0.53680623164123,-1.0769485330827877,-1.6664343488250228,-0.9633732569796664,-0.45128835680811374,-0.8285167633347069,0.37989117505739656,-1.2084079383921036,-1.8520354012326434,-0.5931499865866519,-1.2961650114595122,-1.3631956988842198,2022,1634,1634,True,left,right,True,4,314.0,medium
400549__504375,M. Lacroix + Pau Torres,504375,M. Lacroix,400549,Pau Torres,1.0,0.9964788732394366,0.3101386094343841,0.4589760786943885,1.6236162799867366,3.4493571064135446,0.17656294072911694,0.13418005629852428,-1.137690113209042,-1.4024467591328358,-0.9583718401894383,-0.5972535861384538,-0.8510877263892288,0.4093752950965112,-1.26046302148574,-1.902489688299375,-0.46639922677940054,-1.3938738458777826,-1.3699393813590643,2023,1628,1614,False,center,left,False,0,0.0,none
364003__488453,S. Bueno + L. Martínez,364003,S. Bueno,488453,L. Martínez,1.0,1.0,0.31395833333333334,0.4654166666666667,1.3429330282266616,2.8201609261278113,0.17656294072911694,0.53680623164123,-1.0803113132601798,-1.3154118010959999,-1.3360536330652284,-1.168592335897612,-0.8871216811727737,0.4643733571102959,-1.3514950382830695,-1.9830386438050358,-0.22996530441965207,-1.5647434656613468,-1.373457606360683,2024,1629,1611,False,center,left,False,0,0.0,none
412027__488453,E. Konsa + L. Martínez,412027,E. Konsa,488453,L. Martínez,1.0,1.0,0.3350694444444444,0.48726851851851855,0.9228100904942103,1.878827041834679,0.17656294072911694,0.53680623164123,-0.7631862400380399,-1.0201165552055285,-1.9013626900041434,-2.0233663180183123,-0.8873426131198378,0.46415242516323185,-1.3514950382830695,-1.9835325068206482,-0.23091507982820816,-1.5647434656613468,-1.3739894704910558,2025,1614,1611,False,right,left,True,0,0.0,none
518805__583655,L. Woolfenden + C. Okoli,518805,L. Woolfenden,583655,C. Okoli,1.0,0.9918032786885246,0.30230288836846214,0.43266978922716626,1.7903745096587966,3.999074827917992,0.17656294072911694,-0.4004547011237593,-1.255396074003825,-1.7579370978626851,-0.7339852878590115,-0.0980848919131086,-0.9332715038835026,0.5385180497235003,-1.471789553607003,-2.0862002323248223,0.08877902683158312,-1.7905396066082275,-1.3745743294345818,2026,1634,1631,False,right,left,True,0,0.0,none
50102__549884,F. Schär + T. Harwood-Bellis,50102,F. Schär,549884,T. Harwood-Bellis,1.0,1.0,0.29205753595997497,0.4851611802831315,2.0057035790047992,4.135376547486153,0.17656294072911694,0.53680623164123,-1.4092988276593672,-1.0485940941624967,-0.44424278110485,0.02568326893734657,-0.695704581548236,0.13144233334603939,-0.8271469148942754,-1.5551520148380573,-1.6612191512206609,-0.5805274982491325,-1.3920472524350536,2027,1613,1619,False,right,right,False,0,0.0,none
501419__549884,T. Harwood-Bellis + J. Todibo,549884,T. Harwood-Bellis,501419,J. Todibo,1.0,1.0,0.3048780487804878,0.4807445442875481,1.5986837436825665,3.316859479557253,0.17656294072911694,0.53680623164123,-1.216712750803817,-1.108278354387516,-0.991920564430202,-0.7175674577829881,-0.7967130468646336,0.28306939010631355,-1.0797824369709472,-1.7809425623185968,-1.0093820054552256,-1.0547313785956514,-1.4042321585149964,2028,1619,1633,False,right,right,False,0,0.0,none
288080__488453,L. Martínez + C. Burgess,488453,L. Martínez,288080,C. Burgess,1.0,1.0,0.30004528985507245,0.4796195652173913,1.426698892803495,2.87431378787537,0.17656294072911694,0.53680623164123,-1.2893090731868992,-1.1234807717110364,-1.2233399541521313,-1.1194190743678292,-0.9000603132801899,0.4514347250028796,-1.3514950382830695,-2.011961178347381,-0.28558783778018165,-1.5647434656613468,-1.4046056336400143,2029,1611,1634,False,left,left,False,0,0.0,none
7953__50102,F. Schär + C. Coady,50102,F. Schär,7953,C. Coady,1.0,1.0,0.316008316008316,0.4574749574749575,1.4705143429149043,3.1474871684151644,0.17656294072911694,0.53680623164123,-1.0495170598224322,-1.422732177623156,-1.1643827572051537,-0.8713652199496228,-0.8423344248011829,0.35122640974777075,-1.1935608345489541,-1.8829228851444486,-0.7163783813249576,-1.2682965858459816,-1.4100342741389078,2030,1613,1631,False,right,right,False,0,0.0,none
286380__549884,T. Harwood-Bellis + I. Diop,549884,T. Harwood-Bellis,286380,I. Diop,1.0,1.0,0.2826558265582656,0.521680216802168,1.78780543395396,3.455893332914168,0.17656294072911694,0.53680623164123,-1.550528617353438,-0.5550936832278464,-0.7374421849561912,-0.5913183951852714,-0.7521150027441936,0.18791014797315506,-0.9400251507173488,-1.6812497616511197,-1.418466835765875,-0.7924030769245888,-1.4246455469402401,2031,1619,1616,False,right,right,False,0,0.0,none
504375__518805,M. Lacroix + L. Woolfenden,504375,M. Lacroix,518805,L. Woolfenden,1.0,0.9964788732394366,0.30617035546613014,0.43913480885311873,1.6403688357449309,3.6517430384496175,0.17656294072911694,0.13418005629852428,-1.197300089378617,-1.6705719823990017,-0.9358299348412175,-0.4134779546242555,-0.9038174137481604,0.4203779991367402,-1.3241954128849005,-2.0203596602859513,-0.41909915151233446,-1.513501311789219,-1.4386098379545198,2032,1628,1634,False,center,right,False,0,0.0,none
50102__400549,F. Schär + Pau Torres,50102,F. Schär,400549,Pau Torres,1.0,1.0,0.3125763125763126,0.4396714396714396,1.6096107143635288,3.584368405968588,0.17656294072911694,0.53680623164123,-1.10107163380693,-1.6633202157971219,-0.977217450326997,-0.4746571853527592,-0.8407505338391406,0.3135543169965799,-1.1543048508357205,-1.879382314496743,-0.8783288269685126,-1.1946120158749165,-1.4421122085139084,2033,1613,1614,False,right,left,True,0,0.0,none
285382__501419,W. Faes + J. Todibo,285382,W. Faes,501419,J. Todibo,1.0,1.0,0.3112449799196787,0.5079264426125555,1.361343386988059,2.683538123509817,0.17656294072911694,0.53680623164123,-1.121070532206732,-0.7409554655050985,-1.311281021016275,-1.292652054761304,-0.7951862207649129,0.22664477394053958,-1.0218309947054525,-1.7775295523309325,-1.2519486128817472,-0.9459549145098337,-1.453540342931957,2034,1631,1633,False,right,right,False,0,0.0,none
7953__286380,C. Coady + I. Diop,7953,C. Coady,286380,I. Diop,1.0,1.0,0.3066066066066066,0.493993993993994,1.2526161978640653,2.468003953843178,0.17656294072911694,0.53680623164123,-1.190746849516503,-0.9292317666885058,-1.4575821610564947,-1.4883668840722408,-0.8987448459971407,0.3936768413376626,-1.2924216873348036,-2.0090206319575112,-0.5338860956122955,-1.4538611478682146,-1.4554483742360873,2035,1631,1616,False,right,right,False,0,0.0,none
297957__415847,M. Akanji + C. Romero,297957,M. Akanji,415847,C. Romero,1.0,0.9734772269983538,0.3031827327601976,0.47859886592280954,1.9645290251096772,4.056964678754848,0.17656294072911694,-2.4959623618492843,-1.242179303191306,-1.1372740031139026,-0.49964644070497183,-0.04551827431881095,-0.9736562923893812,0.5071070327955406,-1.4807633251849217,-2.1764748788909833,-0.046255366484395016,-1.8073836246964714,-1.4635907743301044,2036,1625,1624,False,right,right,False,0,0.0,none
258154__501419,Rúben Dias + J. Todibo,258154,Rúben Dias,501419,J. Todibo,1.0,0.9939024390243902,0.3434959349593496,0.46245186136071886,1.3788561094293796,2.9878077326774113,0.17656294072911694,-0.16042446224492046,-0.6366059095438052,-1.3554767309597375,-1.287716250520357,-1.0163614103829872,-0.787087145300212,0.19364381885089077,-0.9807309641511027,-1.75942518179592,-1.3938180709638874,-0.8688090174838478,-1.4716198156838958,2037,1625,1633,False,right,right,False,0,0.0,none
488453__583655,L. Martínez + C. Okoli,488453,L. Martínez,583655,C. Okoli,1.0,0.9918032786885246,0.2881659836065574,0.4728483606557377,1.5971740449075302,3.2632849036439113,0.17656294072911694,-0.4004547011237593,-1.4677566141079366,-1.2149835207486985,-0.9939519850314764,-0.7662156094728241,-1.0048150538289857,0.5341321710070817,-1.5389472248360672,-2.2461260094395605,0.06992435323131913,-1.9165964177410382,-1.4854049822985922,2038,1611,1631,False,left,left,False,0,0.0,none
286380__400549,Pau Torres + I. Diop,400549,Pau Torres,286380,I. Diop,1.0,1.0,0.30317460317460315,0.47619047619047616,1.3917125693126897,2.9048851913966027,0.17656294072911694,0.53680623164123,-1.2423014235010008,-1.1698198048624715,-1.270416854178338,-1.0916588494753772,-0.8971609550350982,0.3560047485864718,-1.2531657036215702,-2.0054800613098056,-0.6958365412558503,-1.3801765778971498,-1.487526308611088,2039,1614,1616,False,left,right,True,0,0.0,none
285382__549884,T. Harwood-Bellis + W. Faes,549884,T. Harwood-Bellis,285382,W. Faes,1.0,1.0,0.2827896953668332,0.5149867763737879,1.6654080576818138,3.2673128934240228,0.17656294072911694,0.53680623164123,-1.5485176783983197,-0.6455455657754692,-0.9021376565380562,-0.7625580115453122,-0.8113298329927107,0.21235188247120576,-1.0236817154639166,-1.8136163796261517,-1.3133930396164528,-0.9494287686926798,-1.4907118554365475,2040,1619,1631,False,right,right,False,0,0.0,none
50102__518805,F. Schär + L. Woolfenden,50102,F. Schär,518805,L. Woolfenden,1.0,1.0,0.3086080586080586,0.41983016983016985,1.6263632701217232,3.7867543380046618,0.17656294072911694,0.53680623164123,-1.160681609976505,-1.9314454390632878,-0.954675544978776,-0.29088155383856085,-0.893480221198072,0.32455702103680883,-1.218037242234881,-1.997252286483319,-0.8310287517014465,-1.314239481786353,-1.510782665109364,2041,1613,1634,False,right,right,False,0,0.0,none
488453__504375,M. Lacroix + L. Martínez,504375,M. Lacroix,488453,L. Martínez,1.0,0.9964788732394366,0.2920334507042254,0.4793133802816901,1.4471683709936645,2.9159531141755366,0.17656294072911694,0.13418005629852428,-1.4096606294827285,-1.1276184052850153,-1.1957966320136824,-1.081608672183971,-0.9753609636936434,0.45665930965796736,-1.4320202733516105,-2.1802854374006895,-0.2631276092289767,-1.7158915647941715,-1.5122593144278722,2042,1628,1611,False,center,left,False,0,0.0,none
50102__297957,F. Schär + M. Akanji,50102,F. Schär,297957,M. Akanji,1.0,0.9929577464788732,0.2946912242686891,0.4666108539347976,1.7838126544914106,3.803600456185075,0.17656294072911694,-0.2684461190441814,-1.3697363151345925,-1.2992741380103832,-0.7428147894721966,-0.27558451230992126,-0.887431525382512,0.30887902137847134,-1.1963105467609836,-1.9837312579689217,-0.898427689377586,-1.2734578719155822,-1.516085510180853,2043,1613,1625,False,right,right,False,0,0.0,none
285382__286380,W. Faes + I. Diop,285382,W. Faes,286380,I. Diop,1.0,1.0,0.28902275769745644,0.5488621151271753,1.5504650772594522,2.822571976866732,0.17656294072911694,0.53680623164123,-1.454886398756353,-0.18777079434542898,-1.056802641542264,-1.1664029921635872,-0.750588176644473,0.060622487517099755,-0.8112106641615727,-1.6778367516634554,-1.9656701321670822,-0.5506147137226193,-1.5387423582263762,2044,1631,1616,False,right,right,False,0,0.0,none
286380__518805,I. Diop + L. Woolfenden,286380,I. Diop,518805,L. Woolfenden,1.0,1.0,0.2992063492063492,0.4563492063492064,1.408465125070884,3.1072711234326755,0.17656294072911694,0.53680623164123,-1.3019113996705758,-1.4379450281286374,-1.2478749488301173,-0.9078832179611788,-0.9498906423940298,0.38446348419517434,-1.334354126589204,-2.123350033296382,-0.5734938579140604,-1.5325694991063143,-1.540237073843672,2045,1616,1634,False,right,right,False,0,0.0,none
297957__504375,M. Lacroix + M. Akanji,504375,M. Lacroix,297957,M. Akanji,1.0,0.9894366197183099,0.29225352112676056,0.4859154929577465,1.7978182201146182,3.6685891566300306,0.17656294072911694,-0.6710722943868871,-1.4063547945367045,-1.0384006813460973,-0.723969179334638,-0.39818091309561593,-0.8977687179326004,0.2985418288283832,-1.1963105467609836,-2.006838631771554,-0.9428667639797552,-1.2734578719155822,-1.5409709194628198,2046,1628,1625,False,center,right,False,0,0.0,none
7953__549884,T. Harwood-Bellis + C. Coady,549884,T. Harwood-Bellis,7953,C. Coady,1.0,1.0,0.3003735442759833,0.46011865524060647,1.3675591782864265,2.912744870400469,0.17656294072911694,0.53680623164123,-1.2843781291584695,-1.3870065381185461,-1.3029171760522869,-1.0845219034539657,-0.9594865023453784,0.39847708073880156,-1.3579635830841803,-2.1448002599202076,-0.5132501061188361,-1.5768851036213132,-1.5417521825200171,2047,1619,1631,False,right,right,False,0,0.0,none
50102__488453,F. Schär + L. Martínez,50102,F. Schär,488453,L. Martínez,1.0,1.0,0.29447115384615385,0.46000874125874125,1.4331628053704568,3.050964413730581,0.17656294072911694,0.53680623164123,-1.3730421500806165,-1.3884918619493014,-1.214642242151241,-0.9590122713982763,-0.9650237711435551,0.38647126713951446,-1.3514950382830695,-2.157178063598057,-0.5648624992916718,-1.5647434656613468,-1.5609964747187994,2048,1613,1611,False,right,left,True,0,0.0,none
400549__549884,T. Harwood-Bellis + Pau Torres,549884,T. Harwood-Bellis,400549,Pau Torres,1.0,1.0,0.29694154084397983,0.4423151374370886,1.5066555497350511,3.3496261079538936,0.17656294072911694,0.53680623164123,-1.3359327031429673,-1.6275945762925117,-1.1157518691741304,-0.687813868857102,-0.9579026113833359,0.36080498798761074,-1.3187075993709467,-2.141259689272502,-0.6752005517623908,-1.503200533650248,-1.573830116895018,2049,1619,1614,False,right,left,True,0,0.0,none
297957__583655,M. Akanji + C. Okoli,297957,M. Akanji,583655,C. Okoli,1.0,0.9847610251673978,0.28838605402909256,0.479450473331794,1.947823894028484,4.015920946098405,0.17656294072911694,-1.2057070518091706,-1.4644507791619126,-1.1257657968097807,-0.5221245323524321,-0.08278785038446901,-0.9272228080679425,0.2954894551089564,-1.2227122631768992,-2.0726792038104245,-0.9559887661843239,-1.323014625729624,-1.587739156906434,2050,1625,1631,False,right,left,True,0,0.0,none
7953__285382,W. Faes + C. Coady,285382,W. Faes,7953,C. Coady,1.0,1.0,0.30674047541517424,0.4873005535656138,1.1302188215919189,2.2794235143530335,0.17656294072911694,0.53680623164123,-1.1887359105613848,-1.0196836492361285,-1.62227763263836,-1.6596065004322815,-0.9579596762456578,0.3330543538205629,-1.291014030066221,-2.1413872499325435,-0.7944991423643846,-1.4512189361417207,-1.5992871549039311,2051,1631,1631,True,right,right,False,18,1111.0,very_high
285382__400549,W. Faes + Pau Torres,285382,W. Faes,400549,Pau Torres,1.0,1.0,0.3033084719831708,0.469497035762096,1.2693151930405433,2.716304751906457,0.17656294072911694,0.53680623164123,-1.2402904845458824,-1.2602716874100943,-1.4351123257602032,-1.262898465835418,-0.9563757852836153,0.310331089607014,-1.2667068748906292,-2.137846679284838,-0.892185320569713,-1.4055937318565037,-1.6176976821846336,2052,1631,1614,False,right,left,True,0,0.0,none
258154__400549,Rúben Dias + Pau Torres,258154,Rúben Dias,400549,Pau Torres,1.0,0.9939024390243902,0.33555942702284164,0.4240224545102594,1.2868279154818643,3.0205743610740514,0.17656294072911694,-0.16042446224492046,-0.7558258618829555,-1.8747929528647331,-1.4115475552642853,-0.9866078214571011,-0.9482767098189143,0.29411799263255634,-1.2423947024514708,-2.1197423087498253,-0.9618846148886512,-1.3599591100284472,-1.6204283608471974,2053,1625,1614,False,right,left,True,0,0.0,none
7953__258154,Rúben Dias + C. Coady,258154,Rúben Dias,7953,C. Coady,1.0,0.9939024390243902,0.3389914304548451,0.4418259723137772,1.1477315440332396,2.5836931235206273,0.17656294072911694,-0.16042446224492046,-0.7042712878984578,-1.6342049146907676,-1.598712862142442,-1.3833158560539647,-0.9498606007809569,0.29570188359459887,-1.245562484375556,-2.1232828793975314,-0.955075546731813,-1.3659051245403606,-1.6213451286263818,2054,1625,1631,False,right,right,False,0,0.0,none
286380__297957,M. Akanji + I. Diop,297957,M. Akanji,286380,I. Diop,1.0,0.9929577464788732,0.2852895148669796,0.5031298904538342,1.5659145094405713,3.1241172416130887,0.17656294072911694,-0.2684461190441814,-1.5109661048286633,-0.8057737270757329,-1.0360141933235378,-0.8925861764325391,-0.9438419465784698,0.2729840400567152,-1.2168259866351852,-2.109829004781984,-1.052738421723129,-1.3119659214384423,-1.6331292131956192,2055,1625,1616,False,right,right,False,0,0.0,none
518805__549884,T. Harwood-Bellis + L. Woolfenden,549884,T. Harwood-Bellis,518805,L. Woolfenden,1.0,1.0,0.2929732868757259,0.42247386759581884,1.5234081054932456,3.5520120399899664,0.17656294072911694,0.53680623164123,-1.3955426793125423,-1.8957197995586776,-1.0932099638259094,-0.5040382373429038,-1.0106322987422676,0.37180769202783964,-1.3824399907701073,-2.2591296612590783,-0.627900476495325,-1.6228279995616846,-1.6425005734904736,2056,1619,1634,False,right,right,False,0,0.0,none
258154__518805,Rúben Dias + L. Woolfenden,258154,Rúben Dias,518805,L. Woolfenden,1.0,0.9939024390243902,0.3315911730545877,0.40418118466898956,1.3035804712400585,3.2229602931101247,0.17656294072911694,-0.16042446224492046,-0.8154358380525305,-2.142918176130899,-1.3890056499160646,-0.8028321899429027,-1.0010063971778458,0.3468476799914878,-1.3478540771693337,-2.237612280736401,-0.73520232190257,-1.5579092806895267,-1.6509486930768769,2057,1625,1634,False,right,right,False,0,0.0,none
285382__518805,W. Faes + L. Woolfenden,285382,W. Faes,518805,L. Woolfenden,1.0,1.0,0.29934021801491684,0.4496557659208261,1.2860677487987378,2.918690683942531,0.17656294072911694,0.53680623164123,-1.2999004607154574,-1.5283969106762603,-1.4125704204119822,-1.0791228343212196,-1.0091054726425468,0.35808891995008263,-1.3671943925926293,-2.2557166512714137,-0.6868767926333467,-1.5942115890326467,-1.6527636812322402,2058,1631,1634,False,right,right,False,0,0.0,none
297957__501419,M. Akanji + J. Todibo,297957,M. Akanji,501419,J. Todibo,1.0,0.9929577464788732,0.3075117370892019,0.4621942179392142,1.376792819169178,2.9850833882561743,0.17656294072911694,-0.2684461190441814,-1.1771502382790422,-1.3589583982354025,-1.2904925727975487,-1.018835239030256,-0.9884399906989096,0.28680721528908026,-1.27524720598799,-2.2095218054494614,-0.9933132816366467,-1.421624170143735,-1.6870797212444717,2059,1625,1633,False,right,right,False,0,0.0,none
258154__488453,Rúben Dias + L. Martínez,258154,Rúben Dias,488453,L. Martínez,1.0,0.9939024390243902,0.3174542682926829,0.44435975609756095,1.110380006488792,2.487170368836044,0.17656294072911694,-0.16042446224492046,-1.0277963781566422,-1.5999645990169125,-1.6489723470885294,-1.4709629075026183,-1.0725499471233289,0.41839122993697087,-1.4909411770602996,-2.397538057851139,-0.42764017309609975,-1.8264877348913613,-1.6923586278326717,2060,1625,1611,False,right,left,True,0,0.0,none
286380__488453,L. Martínez + I. Diop,488453,L. Martínez,286380,I. Diop,1.0,1.0,0.28506944444444443,0.4965277777777778,1.2152646603196178,2.3714811991585947,0.17656294072911694,0.53680623164123,-1.5142719397746873,-0.8949914510146509,-1.507841646002582,-1.5760139355208942,-1.021434192339513,0.3300608459435568,-1.3514950382830695,-2.28327581041112,-0.8073680832517557,-1.5647434656613468,-1.6967970233133562,2061,1611,1616,False,left,right,True,0,0.0,none
501419__518805,J. Todibo + L. Woolfenden,501419,J. Todibo,518805,L. Woolfenden,1.0,1.0,0.3214285714285714,0.41541353383458646,1.2193434347994907,2.968237270075761,0.17656294072911694,0.53680623164123,-0.9680955331209546,-1.9911296992883072,-1.5023533283041282,-1.0341322805588955,-0.9944886865144698,0.25662509596565075,-1.2511137824801204,-2.223042833963859,-1.1230647055137246,-1.376325065016292,-1.7237058416393052,2062,1633,1634,False,right,right,False,0,0.0,none
400549__501419,Pau Torres + J. Todibo,400549,Pau Torres,501419,J. Todibo,1.0,1.0,0.32539682539682535,0.4352548036758563,1.2025908790412965,2.7658513380396874,0.17656294072911694,0.53680623164123,-0.9084855569513797,-1.7230044760221412,-1.524895233652349,-1.2179079120730938,-0.9417589991555381,0.16714028230387956,-1.1088992814594179,-2.1051728619772825,-1.5077554511691065,-1.1093845030905058,-1.7267899669574744,2063,1614,1633,False,left,right,True,0,0.0,none
7953__501419,J. Todibo + C. Coady,501419,J. Todibo,7953,C. Coady,1.0,1.0,0.3288288288288288,0.4530583214793741,1.0634945075926718,2.3289701004862637,0.17656294072911694,0.53680623164123,-0.8569309829668821,-1.4824164378481755,-1.7120605405305058,-1.6146159466699577,-0.9433428901175808,0.16277345548074498,-1.1061163455983258,-2.1087134326249886,-1.5265282216314675,-1.1041608553103461,-1.7331473538640039,2064,1633,1631,False,right,right,False,0,0.0,none
285382__297957,W. Faes + M. Akanji,285382,W. Faes,297957,M. Akanji,1.0,0.9929577464788732,0.28542338367554726,0.4964364500254539,1.4435171331684251,2.935536802122944,0.17656294072911694,-0.2684461190441814,-1.508955165873545,-0.8962256096233556,-1.200709664905403,-1.06382579279258,-1.0030567768269867,0.25425366754582424,-1.257310444372811,-2.2421956227570163,-1.1332593578771921,-1.387956371218028,-1.7386668929852713,2065,1631,1625,False,right,right,False,0,0.0,none
297957__549884,T. Harwood-Bellis + M. Akanji,549884,T. Harwood-Bellis,297957,M. Akanji,1.0,0.9929577464788732,0.27905645253635636,0.4692545517004466,1.680857489862933,3.5688581581703795,0.17656294072911694,-0.2684461190441814,-1.6045973844706298,-1.2635484985057732,-0.88134920831933,-0.4887411958142641,-1.0045836029267075,0.21942070260161842,-1.2240043055283258,-2.2456086327446805,-1.2830045348456827,-1.3254398250506942,-1.7727936418361838,2066,1619,1625,False,right,right,False,0,0.0,none
258154__297957,Rúben Dias + M. Akanji,258154,Rúben Dias,297957,M. Akanji,1.0,0.9868601855032635,0.3176743387152181,0.4509618687736173,1.4610298556097459,3.239806411290538,0.17656294072911694,-0.9656768129303319,-1.0244905432106182,-1.5107468750779947,-1.1771448944094849,-0.7875351484142632,-0.9949577013622859,0.20135284539869774,-1.1963105467609836,-2.2240912522220038,-1.3606773507723904,-1.2734578719155822,-1.7749404057258353,2067,1625,1625,True,right,right,False,14,1075.0,very_high
488453__501419,J. Todibo + L. Martínez,501419,J. Todibo,488453,L. Martínez,1.0,1.0,0.30729166666666663,0.45559210526315785,1.0261429700482243,2.2324473458016802,0.17656294072911694,0.53680623164123,-1.1804560732250662,-1.4481761221743206,-1.7623200254765932,-1.702262998118611,-1.0660322364599526,0.2854628018231169,-1.3514950382830695,-2.3829686110785966,-0.9990928479957543,-1.5647434656613468,-1.804160853070294,2068,1633,1611,False,right,left,True,0,0.0,none
488453__549884,T. Harwood-Bellis + L. Martínez,549884,T. Harwood-Bellis,488453,L. Martínez,1.0,1.0,0.2788363821138211,0.46265243902439024,1.3302076407419792,2.8162221157158855,0.17656294072911694,0.53680623164123,-1.6079032194166538,-1.352766222444691,-1.3531766609983742,-1.1721689549026193,-1.0821758486877504,0.2946988639004446,-1.376874712588195,-2.419055438373816,-0.9593874783128483,-1.6123818180929137,-1.8198203262993453,2069,1619,1611,False,right,left,True,0,0.0,none
285382__488453,W. Faes + L. Martínez,285382,W. Faes,488453,L. Martínez,1.0,1.0,0.28520331325301207,0.4898343373493976,1.0928672840474714,2.18290075966845,0.17656294072911694,0.53680623164123,-1.512261000819569,-0.9854433335622736,-1.6725371175844472,-1.7472535518809351,-1.0806490225880296,0.27084601569503974,-1.3514950382830695,-2.4156424283861515,-1.061929681695252,-1.5647434656613468,-1.8393488118339207,2070,1631,1611,False,right,left,True,0,0.0,none
7953__297957,M. Akanji + C. Coady,297957,M. Akanji,7953,C. Coady,1.0,0.9929577464788732,0.3030072325846974,0.4415683288922726,1.145668253773038,2.5809687790993903,0.17656294072911694,-0.2684461190441814,-1.2448156166336948,-1.6376865819664326,-1.6014891844196337,-1.3857896847012334,-1.1512134461796544,0.34010684827426546,-1.4913202944539203,-2.573379503051072,-0.7641808208625954,-1.827199348751851,-1.8813838675346848,2071,1625,1631,False,right,right,False,0,0.0,none
297957__400549,Pau Torres + M. Akanji,400549,Pau Torres,297957,M. Akanji,1.0,0.9929577464788732,0.29957522915269397,0.42376481108875474,1.2847646252216625,3.0178500166528144,0.17656294072911694,-0.2684461190441814,-1.2963701906181926,-1.8782746201403984,-1.4143238775414768,-0.9890816501043699,-1.1496295552176121,0.30243475552307464,-1.4520643107406865,-2.569838932403367,-0.9261312665061502,-1.7535147787807854,-1.9134618019096856,2072,1614,1625,False,left,right,True,0,0.0,none
297957__518805,M. Akanji + L. Woolfenden,297957,M. Akanji,518805,L. Woolfenden,1.0,0.9929577464788732,0.29560697518444,0.4039235412474849,1.301517180979857,3.2202359486888876,0.17656294072911694,-0.2684461190441814,-1.3559801667877676,-2.1463998434065643,-1.391781972193256,-0.8053060185901715,-1.2023592425765437,0.3134374595633036,-1.515796702139847,-2.687708904389943,-0.878831191239084,-1.873142244692222,-1.982132258505141,2073,1625,1634,False,right,right,False,0,0.0,none
7953__518805,C. Coady + L. Woolfenden,7953,C. Coady,518805,L. Woolfenden,1.0,1.0,0.31692406692406694,0.39478764478764483,0.9882188694033507,2.564122660918977,0.17656294072911694,0.53680623164123,-1.0357609114756072,-2.269857883019337,-1.813349939926213,-1.4010867262298732,-1.1572621419952147,0.2301546932870146,-1.3874168352822294,-2.5869005315654703,-1.2368596448732845,-1.6321696747154,-1.9909420941878004,2074,1631,1634,False,right,right,False,0,0.0,none
7953__400549,Pau Torres + C. Coady,400549,Pau Torres,7953,C. Coady,1.0,1.0,0.3208923208923209,0.4146289146289146,0.9714663136451563,2.361736728882904,0.17656294072911694,0.53680623164123,-0.9761509353060324,-2.0017326597531713,-1.835891845274434,-1.5848623577440715,-1.1045324546362834,0.13390730802077724,-1.2384397626570605,-2.4690305595788944,-1.6506223481784075,-1.3525355783665889,-2.000209099916287,2075,1614,1631,False,left,right,True,0,0.0,none
400549__488453,Pau Torres + L. Martínez,400549,Pau Torres,488453,L. Martínez,1.0,1.0,0.2993551587301587,0.4171626984126984,0.9341147761007089,2.2652139741983204,0.17656294072911694,0.53680623164123,-1.2996760255642166,-1.9674923440793162,-1.8861513302205213,-1.6725094091927248,-1.2272218009786553,0.23420457884354268,-1.4614263798221978,-2.7432857380325024,-1.2194493890901255,-1.7710876420504942,-2.0916952141533875,2076,1614,1611,False,left,left,False,0,0.0,none
400549__518805,Pau Torres + L. Woolfenden,400549,Pau Torres,518805,L. Woolfenden,1.0,1.0,0.3134920634920635,0.376984126984127,1.127315240851975,3.0010038984724012,0.17656294072911694,0.53680623164123,-1.087315485460105,-2.510445921193303,-1.6261846330480565,-1.0043786916330095,-1.1556782510331722,0.09624738526623743,-1.2519256362994096,-2.583359960917764,-1.8125204756140483,-1.3778489371472435,-2.1110059105725454,2077,1614,1634,False,left,right,True,0,0.0,none
488453__518805,L. Martínez + L. Woolfenden,488453,L. Martínez,518805,L. Woolfenden,1.0,1.0,0.29538690476190477,0.3973214285714286,0.9508673318589032,2.4675999062343936,0.17656294072911694,0.53680623164123,-1.3592860017337915,-2.235617567345482,-1.8636094248723003,-1.4887337776785265,-1.2799514883375864,0.28872498079107756,-1.568676469128664,-2.861155710019078,-0.9850689035040175,-1.9723990336496615,-2.1205783327906764,2078,1611,1634,False,left,right,True,0,0.0,none
297957__488453,M. Akanji + L. Martínez,297957,M. Akanji,488453,L. Martínez,1.0,0.9929577464788732,0.28147007042253525,0.44410211267605637,1.1083167162285905,2.4844460244148068,0.17656294072911694,-0.2684461190441814,-1.568340706891879,-1.6034462662925777,-1.651748669365721,-1.473436736149887,-1.2739027925220263,0.23864271589812536,-1.5125455084201518,-2.84763468150468,-1.200370059503528,-1.8670396639269968,-2.157336291388798,2079,1625,1611,False,right,left,True,0,0.0,none
7953__488453,C. Coady + L. Martínez,7953,C. Coady,488453,L. Martínez,1.0,1.0,0.30278716216216217,0.43496621621621623,0.7950184046520843,1.8283327366448963,0.17656294072911694,0.53680623164123,-1.2481214515797188,-1.7269043059053506,-2.073316637098678,-2.0692174437895887,-1.2288056919406976,0.13638547261191386,-1.3651911645526116,-2.7468263086802076,-1.6399688423441725,-1.5904514744534028,-2.183494101934036,2080,1631,1611,False,right,left,True,0,0.0,none
